:10000000C0A20520D93D000051C00000C53D000040
:10001000C53D0000C53D0000C53D0000C53D0000D8
:10002000000000000000000000000000353F00005C
:10003000C53D000000000000D53E0000C53D0000A9
:10004000C5400000C5400000C5400000C54000009C
:10005000C5400000C5400000C5400000C54000008C
:10006000C5400000C5400000C5400000C54000007C
:10007000C5400000C5400000C5400000C54000006C
:10008000C5400000C5400000C5400000C54000005C
:10009000C5400000C5400000C5400000C54000004C
:1000A000C5400000C5400000C5400000C54000003C
:1000B000C5400000C5400000C5400000C54000002C
:1000C000C5400000C5400000C5400000C54000001C
:1000D000C5400000C5400000C5400000C54000000C
:1000E000C5400000C5400000C5400000C5400000FC
:1000F000C5400000C5400000C5400000C5400000EC
:10010000C5400000C5400000C5400000C5400000DB
:10011000C5400000C5400000C5400000C5400000CB
:10012000C5400000C5400000C5400000C5400000BB
:10013000C5400000C5400000C5400000C5400000AB
:10014000C5400000C5400000C5400000C54000009B
:04015000C5400000A6
:1001540053B94AB9002908BF00281CBF4FF0FF312A
:100164004FF0FF3000F00CB8ADF1080C6DE904CE8F
:1001740000F010F8DDF804E0DDE9022304B0704774
:10018400704700BF034613F8012B002AFBD1181A4D
:10019400013870472DE9F04786468C460846089E8C
:1001A400154674461946002B40F0C1808542B2FAC8
:1001B40082F245D94AB1C2F1200300FA02FC95400B
:1001C40094402EFA03F343EA0C0C4FEA154EA8B2FE
:1001D400230CBCFBFEF80EFB18CC08FB00F943EA29
:1001E4000C43994528D9EB1808F1FF3704D29945F7
:1001F40002D9A8F102072B44A3EB0903A4B2B3FB71
:10020400FEFC0EFB1C330CFB00F044EA0344A0424A
:1002140014D92C190CF1FF3304D2A04202D9ACF149
:1002240002032C44241A43EA07401EB1D44000239D
:1002340034607360BDE8F0874746DDE76346F1E765
:1002440092BB431B01214FEA154EAFB2200CB3FB06
:10025400FEFC0EFB1C330CFB07F840EA03439845F5
:1002640061D9EB180CF1FF3004D2984502D9ACF1F6
:1002740002002B44A3EB0803A4B2B3FBFEFC0EFB69
:100284001C330CFB07F744EA0344A7424DD92C194D
:100294000CF1FF3304D2A74202D9ACF102032C447F
:1002A400E41B43EA0040C0E7C2F1200395409440B8
:1002B40020FA03F12EFA03F34FEA154E9040AFB241
:1002C4000343B1FBFEFC0EFB1C10190C0CFB07F8DE
:1002D40041EA0041884522D969180CF1FF3004D263
:1002E400884502D9ACF102002944A1EB08019BB274
:1002F400B1FBFEFC0EFB1C110CFB07F743EA0143A8
:100304009F420ED9EB180CF1FF3104D29F4202D95F
:10031400ACF102012B44DB1B41EA004193E7604648
:10032400E3E76146F7E76046A4E76346B8E783423C
:1003340006D916B9002108467CE7C6E900E0F9E7CA
:10034400B3FA83F78FB9834201D3724508D8BEEB61
:10035400020460EB030301209C461EB9002169E7F7
:100364003846FAE7C6E9004CF8E7C7F1200CBB4071
:100374000EFA07F522FA0CF42EFA0CF1BA401C43DB
:1003840020FA0CF3B8404FEA144901431FFA84FEE3
:10039400B3FBF9F809FB18300B0C08FB0EFA43EA1F
:1003A40000439A4540D9E31808F1FF3004D29A4536
:1003B40002D9A8F102002344A3EB0A0389B2B3FBD8
:1003C400F9F809FB183308FB0EFE41EA03418E4598
:1003D4002CD9611808F1FF3304D28E4502D9A8F153
:1003E4000203214443EA0040A1EB0E01A0FB029862
:1003F4004145CE46434602D306D14D4504D2013889
:10040400B9EB020E68EB0403002EA7D0B5EB0E0285
:1004140061EB030101FA0CFC22FA07F3F9404CEA00
:100424000303C6E9003199E74046C5E74346D9E7E7
:1004340030B53A4B3A4A85B0C2F80036C2F80436B1
:10044400C2F80836C2F80C36C2F81036C2F81436B0
:10045400C2F81836C2F81C3602F58052C2F80036CB
:10046400C2F80436C2F80836C2F80C36C2F81036A0
:10047400C2F81436C2F81836C2F81C3600F074F804
:1004840000F07AF858B14FF05023D3F800340BB190
:10049400DB0704D502F020FE224803F0ABFA01A8E2
:1004A40000F09EFF204B1B68834200D0FEE74FF410
:1004B4008031002006F0E8FD00B1FEE7012006F0DF
:1004C400C9FE69469DF808000AF0B9FC044608B163
:1004D4000BF029FE009A039B144D1344019A1289D0
:1004E40013442B6006F0B8FD01F0FCFD01F00CF89C
:1004F40000F0EEFF03F09EFC84F30B8884F30A887B
:100504002B681B6883F3088884F31488BFF36F8F08
:10051400BFF36F8F2B685B689847FEE73546526ED2
:100524000080015008F0000094270020902700204C
:1005340021B1012906D06FF015007047044B53F820
:1005440030007047024B03EBC0035868704700BF8C
:1005540010F0000004289ABF024B18566FF01500E3
:10056400704700BFC0F400004FF4C051014807F0C9
:10057400A3BB00BF0E47012073B50F4C20460DF0FE
:1005840007FFB8B12569A6682B680D2143F4005311
:100594002B6020463368094A98472046736801A9AE
:1005A400984720B92B6801985840C0F34030003870
:1005B40018BF012002B070BD84EB000011000100DF
:1005C4002DE9F04706460F4690461C46124DDFF8CB
:1005D4004CA0554511D30A2120460DF0C0FE02223D
:1005E40020460F490DF0AEFE082120460DF09DFE79
:1005F4000A2120460DF0BBFE0BE055F8049BB9F12F
:10060400000FE6D02346424639463046C8470828FC
:10061400DFD00020BDE8F08794FC000098FC0000C7
:10062400C5F4000037B51D4683883F2B2ED10378CF
:1006340003F00703022B29D1C4793CBB092001A98B
:1006440001F03CFA00281FDB0198214682680BF078
:100654009EFA044601980BF05AFA003C18BF012494
:100664000A2128460DF07BFE0222094928460DF096
:1006740069FE214628460DF058FE0A2128460DF051
:1006840076FE204603B030BD0124E9E70824F8E7EC
:10069400C5F400002DE9F04F9B46F7B0804B039062
:1006A40036A80E46DDE9817914461D680DF093F9EC
:1006B400002136A807F038FC3FB1B9F1000F04DD82
:1006C4004A46394636A80DF08FF94FF000083389B1
:1006D4007289D6F80CA013449A44C24563D80CA975
:1006E40036A80DF0C0F936A80DF079F9839B5BB1FB
:1006F4000CAF0DF1500C3A4603CA624518605960BC
:10070400174603F10803F6D100232246009331462D
:100714004FF6FF7306A80AF0B5FB8046002852D1B5
:10072400214603980B9E0AF06BFCB0424BD34FF06A
:10073400FF36DFF870A1DFF870910DF1120304AAFF
:1007440005A906A80AF0ECFB00283CDB40F0A180D8
:10075400059906A80AF030FC50B94FF6FF71BDF8B0
:100764001200524A32F8023B8B422CD09842F9D103
:10077400BDF81270102F30D0202F6CD0012FDCD197
:10078400BDF81030202B1ED82046059936AA0BF050
:10079400BFF90646B8B99DF810B0BBF1200F34D9A3
:1007A4004FF0FF36C9E7809BAAEB0809994528BF9B
:1007B40099465A464B46414620460BF0A9F928B1C2
:1007C40036A80DF00CF9364B1D6865E04A465946CB
:1007D40036A80DF009F9C8447FE7BDF81070202F42
:1007E400F1D13B462046059936AA0BF091F9002831
:1007F400E9D13A4636A90CA80AF0ECFBDAF8003045
:100804008342E0D14FF0010897E7D9F80030284F30
:100814000393039B9E42C3DA1CA80DF0DCF800216D
:100824001CA807F081FB7A681CA8126857F8081BFB
:100834000DF0DAF814A91CA80DF015F91CA80DF098
:10084400CEF85A4636A914A80EF005F900283FF44C
:1008540074AF0136DDE7731C3FF46FAFD9F8003095
:10086400B3429DDDBDF81030B3F5807FABD1204697
:10087400059936AA0BF04CF90028A4D1F6B23946F2
:10088400BDF81030009636AA0CA800F0A9F8054669
:1008940086E7B8F1000F96D0284677B0BDE8F08F10
:1008A400B82000209427002020F000006CF4000001
:1008B40024F000002DE9F04789461946464BADF572
:1008C400AE6D1E68DDF89035B3F5807F7ED1202AA9
:1008D4007CD15CAA07F0E0FA0446002876D19DF8A2
:1008E4006F32BC2B72D10DF19008DF274546019081
:1008F4000AA80DF070F800210AA807F015FB2022C1
:100904000DF24F210AA80DF06FF804220AA80DEB8E
:1009140002010DF069F802A90AA80DF0A4F80AA8CA
:100924000DF05DF8202FBA46A8BF4FF0200A9DF8BD
:10093400073040460133524602A9A7EB0A078DF857
:1009440007300EF059F8002FD044D1DCAC462946CC
:10095400DF225CAB087813F8017B013A80EA0700D8
:1009640001F8010BF6D12B7803F07F032B701CF8F0
:10097400017B5FBB0134BE2CF9D195F8BE30012B4D
:1009840024D10AA80DF027F839460AA807F0CCFAB2
:10099400082212490AA80DF027F8494620220AA87D
:1009A4000DF022F820220DF24F110AA80DF01CF8C8
:1009B40002A90AA80DF057F80AA80DF010F8202291
:1009C4000DF24F2102A80AF005FB064630460DF54C
:1009D400AE6DBDE8F08700BFB8200020C8F4000069
:1009E4002DE9F04F1F46A3B02F4B804604A89DF875
:1009F400B0501E68894692460CF0AEFF09220121D0
:100A040004A807F00BFA294B03AA53F8354003EB6B
:100A1400C5035B6802941B6802A81C44214630236A
:100A24000CF081F8002838D1DDE9023213449C42ED
:100A340033D1214606AA02A80CF089F868BB0DF14F
:100A4400200B5A46214602A80CF081F8054620BB2B
:100A540006A80CF02EFC029B05909C421DD12B464F
:100A64002A46CDE9005B06A904A80CF032FFA0B920
:100A740004A807F0EBF980B906A80CF01AFC05905D
:100A840004A80CF06DFF874207D153464A464146FD
:100A9400009704A8FFF70EFF064604A80CF062FFB7
:100AA400304623B0BDE8F08FB820002024F00000C9
:100AB4002DE9F74F98468368074699428A461446BB
:100AC40059D25B1A934256D3B8F1000F43D06A4609
:100AD4000AF0BDF9002850DB013CDDF80090A24487
:100AE400274D284C284E6A46514638460AF0AFF93D
:100AF400002842DBDDE900BA3846524659460BF07D
:100B040031F8002839DBC5F80046C5F80446C5F8B5
:100B14000846C5F80C46C5F81046C5F81446C5F88D
:100B24001846C5F81C46C6F80046C6F80446C6F87A
:100B34000846C6F80C46C6F81046C6F81446C6F869
:100B44001846C6F81C46B8F1000F0ED0D94514D289
:100B54000BF1FF3AC7E7511E51446A460AF077F990
:100B640000280ADBDDF80090BAE7DA44CA4504D865
:100B74000AF1010AB7E74FF0FF3003B0BDE8F08F88
:100B8400008001503546526E00900150034637B53F
:100B94004FF40062084693F8B8401349019262008A
:100BA40051F82250A8420ED1582101FB043201FB16
:100BB4000434526A283401A90BF029F808B9019BBE
:100BC400236003B030BD013251F82220904208D195
:100BD400582101FB043201FB0433126D03F1540468
:100BE400E9E70120EDE700BF2CF0000070B590F8B4
:100BF400B850104E6D0056F825100446FFF7C6FF96
:100C040098B9013556F825102046FFF7BFFF054671
:100C140068B9582294F8B83002FB0343186A0AF002
:100C2400C6FFC4F8B400284670BD0125FBE70925BA
:100C3400F9E700BF2CF000002DE9F04F4FF02C082D
:100C4400582508FB01F890F8B890044605FB098381
:100C540003441F6A0E4687B00FB90BF064FA384696
:100C64000AF0ACFF024694F8B80015FB0085254451
:100C74006B1E033513F8011F914241D19D42F9D1F6
:100C84003B4B1D68284607B0BDE8F08F394B1D6803
:100C9400394B1B68AB4206D0002EF1D001213846F7
:100CA4000AF06AFAECE7582294F8B8305343E21891
:100CB400D16C8F42E6D1D2F82080002205922C22FA
:100CC40002FB0633234419890423384605AA194430
:100CD4000AF01EFF0028D3D194F8B830012B0BD0B2
:100CE400002BCFD1D8E9012313440599914201D3B4
:100CF4009942C7D93146D2E74FF082731F4AF4E7CD
:100D04004FF0580B2C220BFB09F302FB0633E518BA
:100D14002969CA06B4D4E258194B9A42B6D1EB6891
:100D24002A89D218B2D26B899B18AFD2BA6893427F
:100D3400ACD240F60C6A11EA0A0AA7D1314606F091
:100D440093FA05460F4B1B689842A1D14FF4807368
:100D540009FB0B8100933A462046CDE902AA0A4BCF
:100D6400CDF804A02144FFF795FC054690E700BFA9
:100D7400B4200020B820002094270020008800011F
:100D84003DB8F396B02000200E5F01202DE9F84F06
:100D9400884691469A460026DFF88CB0234D244CB1
:100DA4000B9B9E4201D300200FE00B9B40469F1BF0
:100DB400B7F5806F28BF4FF480671B4A3B4606EBAC
:100DC4000A010AF0A5FE10B10120BDE8F88F0A99C6
:100DD4003B465A46484671180AF0AFFE0028F3D144
:100DE400144BC5F800463E44C5F80446C5F8084609
:100DF400C5F80C46C5F81046C5F81446C5F818469B
:100E0400C5F81C46C3F80046C3F80446C3F80846B0
:100E1400C3F80C46C3F81046C3F81446C3F8184682
:100E2400C3F81C46BCE700BF98270020008001508F
:100E34003546526E009001502DE9F04F00250446CE
:100E44000E46A8465827DFF81892DFF818A295B086
:100E5400012D84F8B8501DD90025834F17F8011BC4
:100E640001290CD12846FFF763FB0EA9C0B200F09C
:100E740025FE014618B90E9882680AF073FE002D0B
:100E840000F0E180B8F1000F00F0558100232C2719
:100E94005825E0E0631993F8B910002964D107FBE1
:100EA400054209EB8533536203F500432846136575
:100EB400FFF73EFB94F8B810C0B207FB01412031A4
:100EC40000F0FCFD60B901212846FFF731FB94F8DE
:100ED400B810C0B207FB01414C3100F0EFFD08B17E
:100EE4000BF021F92046FFF781FEA8BB0021204624
:100EF4000AF0FBF8002840F09F8020460AF085F9AC
:100F0400002807DD012294F8B8300AF833200AEBF0
:100F1400C303586020460AF034F9002800F08C809E
:100F24000AA80AF00BF90AF012F9054608BB94F86E
:100F3400B830002BD4D094F8B020042A04BF012286
:100F440084F8B020012BCBD094F8B130042BC7D156
:100F5400012384F8B130C3E7012294F8B8309042F9
:100F6400234483F8B020C1D194F8B8500135EDB2D0
:100F74006EE79DF82FB0BBF1010F36D1582294F8DB
:100F8400B83002FB03430022D96A0E92374AD86C68
:100F9400914213D1998E04230EAA19440AF0B8FD84
:100FA40038B14FF0050B94F8B830234483F8B0B04F
:100FB40029E0022194F8B8302B4AD15494F8B800AF
:100FC40006F0FEF9831E022B8346ECD8012120464D
:100FD400FFF732FE264B1B689842E4D0254B1B6872
:100FE4009842DED14FF0010BDDE701212046FFF7E7
:100FF40023FE1F4B1B68984294F8B8302344D5D085
:10100400052283F8B02094F8B8306BB1E21892F856
:10101400B020012AA8D0042A0CD094F8B020042AC5
:1010240002D1012284F8B020234493F8B030023B6B
:10103400022B99D8A84697E7012294F8B8302344A4
:1010440083F8B02090E7012508E7E21892F8B91078
:1010540091B10133DBB2012B84F8B830F5D96AE0E1
:10106400982B0020982B01200E6001203DB8F396A8
:1010740094270020B420002092F8B01001F0FB0166
:10108400013918BF0121794305FB03122244D2F828
:101094002080B8F1000F3FF423AF03FB05110123B7
:1010A40042460093214440230EA809F0EBFE002899
:1010B4005DD100230DF1160206A90EA809F030FF38
:1010C400002838DB50D1BDF816300C2B51D14046E6
:1010D400069907AA0AF01CFD68BB9DF81C30012B79
:1010E40029D8E21892F8B0206B43023A022A8CBF46
:1010F4000022012207FB02332344197D9DF820209E
:101104009142D6D80AD3597D9DF821209142D0D856
:1011140004D3DA8ABDF822309A42CAD294F8B8309D
:10112400234493F8B020012A1CD0023A012A02D8A1
:10113400012283F8B02000254FF0580A012D84F8CD
:10114400B8501BD90023DFF88C82A34DA34F0E9314
:10115400012B84F8B83040F2E7800E9A022A00F09E
:101164001881FEE70422E4E794F8B83071E7032815
:10117400E1D140F20113A4F8B030DCE7621992F82F
:10118400B970002F40F0C5800AA809F0D7FF92F883
:10119400B030042B8DF82F3008D8012B08D800F07C
:1011A400B0804FF0FF3382F8B030AAE0052BF6E7A9
:1011B4000AFB0543194628462C31DA6C0BF0F5FB83
:1011C4000128014640F0AD8020460EAA0E9709F092
:1011D4001AFF054600287FF483AE94F8B8300AFB62
:1011E40003431F6A002F3FF47BAED3F84C80B8F161
:1011F400000F3FF475AE81464FF0580B9B6A029383
:10120400029B4B451BD094F8B83029460BFB034393
:101214005B6A384603EBC9035A6800230392FFF75D
:1012240047FC00287FF45CAE039A0E9B15449D4254
:1012340074D3D4F8B450B3FBF5F305FB0355D4F8D9
:10124400B40009F0C9FE582394F8B82003FB024205
:10125400536A926A1968013A03EBC2030022D3F875
:1012640004E09C4672449042A3F10803F7D8DCF8EA
:1012740000000023411A3846FFF71AFC03460028F1
:101284007FF42EAECDE900053A4641462046FFF7ED
:101294007DFD00287FF424AE384606F019F80028B6
:1012A4007FF41EAE582794F8B8002A4607FB004383
:1012B400196A0BF088FB034600287FF411AE94F8FA
:1012C400B820014607FB0242126D4046526809F0FD
:1012D4004BFF034600287FF403AE94F8B82007FBC5
:1012E4000242D2E91402013A50F83250016800EB8C
:1012F400C2077A684046691A09F036FF00287FF46D
:10130400EFAD94F8B830234493F8B030FF2B3FF49A
:10131400E7AD94F8B8500135EDB20FE709F10109D2
:101324006EE70028EDD0DBE5234493F8B9208DF86F
:101334001C209DF81C2002F0FF013AB10E9B0133E2
:101344000E9394F8B8300133DBB201E793F8B03070
:10135400012B0CD0204609F0C8FE40B1D8F800504B
:10136400204609F0A4FE284615B0BDE8F08F002100
:101374002046FFF761FC2B688342EFD1D8F80020A8
:101384009A42EBD03A689A42D8D1E7E784F8B82079
:101394001CE094F8B93023B194F8BA30002BF5D19D
:1013A4000123582505FB034284F8B830106A09F07C
:1013B4004CFD307194F8B83005FB03431B6A5B683D
:1013C400B36094F8B83003FB05453560024B1D68E3
:1013D400C6E700BFB820002094270020B4200020D6
:1013E400054B10B5BC220446002118460DF02BFB1A
:1013F4002146FFF721FD10BDA82B01202DE9F8435C
:101404002F4F3B7883B93C7A74B92E4DDFF8B880FE
:10141400012C85F8B8400AD92A4809F048FEBC22B4
:10142400002128480DF00FFB2548BDE8F883582615
:1014340006FB045208EB843300215362204603F573
:1014440000431365FFF774F895F8B810C0B206FBB3
:101454000151203100F032FB08B10AF064FE012191
:101464002046FFF765F895F8B810C0B206FB0151A5
:101474004C3100F023FB0028EFD195F8B860DFF879
:101484004C907600284659F82610FFF77FFB88B960
:101494000136284659F82610FFF778FB50B928463C
:1014A40009F0B3FE0028C1BF012307F8343007EB6D
:1014B400C404606095F8B8400134E4B2A8E700BF02
:1014C400982B0120A82B0120982B00202CF0000041
:1014D400BFF36F8F72B600234FF0FF30094A03F158
:1014E40020010133102B42F82100F8D100234FF0E2
:1014F400FF30044A03F160010133102B42F821004C
:10150400F8D1704700E100E04FF0FF3301212DE9ED
:10151400F04300253D4A3E4E51603E4FC2F84833E9
:10152400DFF8F480C2F8083302F58052516085B0C8
:10153400C2F84833C2F808334FF0FF3956F8044B69
:1015440044F30730C4F8089302F012FD01236360EA
:1015540000236846C4F84C31D4F84C21C4F8103147
:10156400D4F81021C4F84431D4F84421C4F8003527
:10157400D4F80C25DFF8A4C00092D4F81425019205
:10158400D4F808250292D4F81025C4F80C950392D7
:10159400C4F81495C4F80895C4F8109550F8042BB1
:1015A400511C0FD002F01F01520928D0012A28D162
:1015B400624602EB8102D2F80012394041F0020186
:1015C400C2F800120133042BE8D180220021A018B4
:1015D4000DF039FA8022002104F5C0700DF033FAC1
:1015E4005DB14FF0FF330E4AC2F808354FF0502278
:1015F400C2F8083305B0BDE8F08301259CE74246F4
:10160400D7E70023803153F82130FFDE004001503A
:1016140040F00000F0F0FCFF0025845000288450C6
:101624000070015080B505460E461746984608F0EE
:1016340005FE03460DF042FA0446DFF818904246D0
:1016440049F8003039463046A84754F8090002F0FA
:1016540029FC00BF080000002DE9F043079D15B9DF
:101664001560002012E00324B5FBF4F404EB4407F6
:10167400BD4218BF0134B4F1804F09D2A400013433
:101684008C4200D838B96FF00B001460BDE8F083C9
:101694004FF0FF34F7E704460021DFF8B4E0B94225
:1016A40003F1030C04F104062BD3A942274623D2E9
:1016B40001F1010CAC451F7828BF002324494FEAEF
:1016C400A70E38BF5B7811F80EE0AC4584F800E053
:1016D40001EB131E2EBF3D239B0003F03C034FEA96
:1016E400071738BFCB5C07F030071EF80770A370EC
:1016F4003D2367703746E3700023381A10603B704F
:10170400AFE71CF8034C1CF8023C4FEAA4091EF88E
:10171400099024011CF8018C04F0300406F8049CA0
:101724000EEB131919F804409B0006F8034C03F060
:101734003C030EEB9814E35C08F03F0806F8023C07
:101744001EF80830344606F8013C03316346A6E728
:101754005EF600002DE9F04300273C463D46DDF8E7
:101764001CE0DFF8288175451FD3E4BB002014601A
:10177400BDE8F0830136764533D013F806C0BCF1DA
:10178400200FF7D0AEEB0609B9F1010FA6EB050562
:101794000DD0BCF10D0F0AD103EB060999F80190A5
:1017A400B9F10A0F6ED1751CDDE72E46E3E7BCF1F3
:1017B4000A0FF8D02DB9BCF13D0F05D10137022F26
:1017C4000DD96FF01500D3E71CF0800FF9D118F88C
:1017D4000C507F2DF5D03F2D01D8002FF1D10134CD
:1017E400E1E73546C1E74FF0060C04F00706E408CC
:1017F4000CFB06F60CFB04F40736E41B04EBD604DE
:1018040070B18C420CD80027014603263C46DFF811
:101814007CE0DFF87C801D449D4205D10C1AA5E7CD
:101824006FF00B001460A3E713F8019BA9F10A0CF5
:101834005FFA8CFCBCF1160F04D848FA0CFC1CF0BF
:10184400010FE9D01EF809C00134BCF1400F08BFF4
:10185400013E0CF03F0C042C4CEA8717DCD17EB11E
:101864003C0C012E0C7002D101310024D4E7022E6D
:101874004FEA17244C7016BF8F7002310331F4E71E
:101884003446C9E7002DA2D09BE700BFDEF5000077
:10189400F6FFBFFF2DE9F047058B04462807904665
:1018A40011D4022905F0070540F0CC80204609F048
:1018B40079FF78B10138218B042811D8DFE800F0D2
:1018C400C2106D85950001290CBF45F0100545F047
:1018D4002005258388F31188BFF36F8FBDE8F08757
:1018E40001F0070AAA4500F0A5800027B9463E4644
:1018F400A368002B00F0BC8041F00801218388F329
:101904001188BFF36F8FA168002900F0BA800D68B9
:10191400002900F0B680334652462046D1F80480B0
:10192400C047002D76D02B6829461D46F0E701F00C
:1019340007035A1F012A1BD8002221F00701062B96
:10194400276889B2C4E9002209D13B4603E0628BCF
:10195400013262831B68002BF9D141F00201204659
:10196400218309F01FFF00287AD041F0200176E09E
:10197400042B0AD121F0070189B22046218309F002
:1019840011FF10B141F020012183218B01F0070ADE
:10199400AA454FD00027B946AAE7236921F00701D9
:1019A40041F00601062DD3F8009021832DD1B9F121
:1019B400000F3FD041F00801218388F31188BFF361
:1019C4006F8F20463949C84729E021F00701236970
:1019D40041F0040189B2042DD3F804902183E6D0A8
:1019E40000274FF0040A3E4682E721F007012369ED
:1019F40041F0050189B2052DD3F808902183D6D092
:101A040000274FF0050A3E4672E700274FF0060A0A
:101A14003E466DE72B4687E7B9F1000FD1D1EFF3CE
:101A24001188202383F31288BFF36F8F238B23F055
:101A340008032383258BEA062ED525F01003238380
:101A440005F007056669218B002EBFF670AF0023F1
:101A54002768C4E9003321F0070141F00101218323
:101A6400218B4FF0000901F0070AAA457FF440AF2B
:101A7400002F9CD041F00801218388F31188BFF323
:101A84006F8F002FC8D03D683946334652462046F2
:101A940009F0B4FE2F46F4E7AB067FF51BAF25F043
:101AA4002003238305F0070500E700BF2DB80000DD
:101AB400014B03600020704748F0000070B5104BE4
:101AC4000D461C68B4B10F4B196800238B4202DB2E
:101AD4006FF0010070BD224612F8106B864202D0EE
:101AE40014460133F2E7E0680CF052FC28B1002000
:101AF4002C60EFE76FF00C00ECE76FF01200E9E701
:101B0400FC20002048F0000010B5436888B0029320
:101B140083680C46CDE9033200230A68C068CDE926
:101B24000623054901AA05930AF050FC079808B951
:101B3400059B236008B010BDCFBB0000F0B40D4B73
:101B44000D4E5F6A0D4BB34203D36FF08500F0BCBA
:101B540070475C68BC420AD31D6945B194F802C061
:101B64008488E4B2A44502D12B46F0BC1847243340
:101B7400E9E700BF642C012008240020E4230020AE
:101B84002DE9F04705460E461746134CDFF84C8006
:101B9400DFF84C90444503D36FF08500BDE8F0872F
:101BA4006268D9F824309A4213D3A3698BB1A98807
:101BB4009078C9B2884205D13A4631462846BDE8F4
:101BC400F04718475279012A03D13A46314628464C
:101BD40098472434DEE700BFE423002008240020D3
:101BE400642C01202DE9F04105460E4617460A4CA7
:101BF400DFF82880444502D36FF0850009E063696B
:101C04000BB92434F6E73A4631462846984700286B
:101C1400F7D1BDE8F08100BFE423002008240020B0
:101C240010B504460AF0CAFA10F1780F00D050B982
:101C340020460AF005F8044AD2F8C43023EA000327
:101C44000020C2F8C43010BD642C01200022024BD5
:101C54001A605A60704700BF1F2D012070B50B4BEE
:101C64000B4CA34201D3002070BD0022196A1E7FD1
:101C74000439D5B2AE4201D82433F2E7013211F867
:101C840032508542F5D10120EEE700BFE423002065
:101C94000824002073B584880D46E4B263068DF8E9
:101CA400074007D02046FFF7D9FF78B10D4B93F8D2
:101CB400BA0058B120460B4E55B103F02BF9F36925
:101CC4001BB108200DF107019847012002B070BD37
:101CD40003F048F9F369002BF7D009200DF107014F
:101CE400F2E700BF642C012008B509480378C3F368
:101CF40041130A3350F823303BB100F1080200F1DC
:101D040010019847C043C00F08BD1846FCE700BF48
:101D1400642C012004282DE9F14F04460F46DFF816
:101D2400949016D001282DD1DFF88C8098F8B93022
:101D340043B300F0DFFD214D4D4520D24FF0000AA2
:101D4400D5F820B02B7F5FFA8AF6B34204D8243545
:101D5400F2E7FFF77BFFE7E70BEBC60630790AF003
:101D64002DFA0246307909F06BFFD8F8C430002A06
:101D740023EA0003C8F8C4300AF1010AE2DA0023B6
:101D840088F8B9300D4D4D4508D30B4B1B6A6BB128
:101D94003946204601B0BDE8F04F1847EB681BB147
:101DA4003A462146284698472435ECE701B0BDE879
:101DB400F08F00BF08240020642C0120E4230020BD
:101DC40073B586781E4C8DF800600379427943EA36
:101DD4000223ADF80230C378304603F003038DF8D4
:101DE400043009F02DFFD4F8C430054618420BD056
:101DF400304600F061FD3046FFF712FF0CF071FC35
:101E040010B9962008F0D8F9684603F05FF810F18D
:101E1400780F03D010B1002002B070BD9DF800000F
:101E240003F0DCF810F1780F01D00028F3D1012081
:101E3400D4F8C43084F8B9002B43C4F8C430EBE7B9
:101E4400642C01202DE9F047A44D0446AB690E46ED
:101E54001746C3B9207800F01F00012877D0022864
:101E640000F0DE8000BB94F900103A680029637822
:101E74002EDA062B0CD0082B25D0ABB953700123D6
:101E84001370022306E198470028E3D100200DE0F7
:101E94006388190A0A1F012A8C4605D9072903D821
:101EA400DAB26B6A1C781CB96FF01500BDE8F087D4
:101EB4005D78654503D1824200F0E7800130234418
:101EC400F0E71B78E6E095F8BA3013700123E1E0FF
:101ED400052B11D0092BE7D163886E6A002B33D10F
:101EE400FFF7B4FE638885F8BA30EB69002BCDD0D8
:101EF40003207B499847C9E76088C0B202F0D4FF49
:101F04000028C3D0D0E77378042B10D0052B11D050
:101F1400022B04D177796388BB4208BF0120337850
:101F24001E443378002BEED10028BDD0D8E796F8B4
:101F34000380F4E76388BB42F1D1B8F1000FEED11E
:101F44003046FFF73DFFEAE7FF27B846E9E795F893
:101F5400BA30D7F800C0002BA6D06F6AA2883B46DF
:101F64005FFA82FE187800289ED05978022904D19D
:101F740093F80480F04500F28F800344F2E78CF874
:101F840000308CF80130316080E71F4490E00B2B67
:101F94008AD100264FF0FF08B246C14606E07B789E
:101FA400042B0FD0052B21D03B781F443B78002B0A
:101FB400F5D1EB6913B1514607209847002E7FF401
:101FC40065AF71E797F80280A38897F80390984566
:101FD400EAD163889945E7D1B8F1070F1DD805EB1D
:101FE4000803BA46012683F8BB90DDE7A38843457E
:101FF400DAD16388DBB24B450AD0BE78304600F0B4
:102004005BFC3046FFF70CFEB0FA80F67609CBE7AE
:102014003846FFF7D5FE0646C6E7BA460026C3E7AC
:1020240094F900206378002A19DA002B7FF43CAF7E
:10203400A3883F68DCB25B060AD02046FFF70EFE99
:1020440000283FF431AF95F8BA30002B3FF42CAFA1
:102054003946204602F0A6FF00237B7011E7012BCE
:1020640008D0032B7FF420AF6388002B7FF41CAFD0
:10207400012103E0618800297FF416AF2046FFF7B1
:1020840009FE00287FF402AF0EE702293B607FF4CB
:1020940018AF5B883360F9E694F900006378002890
:1020A400BFF675AF002B3FF46AAF0A2B7FF4FCAE8A
:1020B4003B78002B3FF4F8AE797804297FF465AFC0
:1020C400B9788A427FF461AF072A8EBF0023521980
:1020D40092F8BB308CF80030F8E600BF642C012085
:1020E4001E2D012070B5164D95F8B830FBB102F0E5
:1020F400BBFE002822DB00F0FDFB0024D5F8C43031
:10210400E6B2E340DA0714D4D5F8C43004F110027F
:10211400D340DB0705D546F08000FFF781FD00289A
:102124000CDB0134102CE9D1002385F8B8300020F1
:1021340004E03046FFF774FD0028E5DA70BD00BF07
:10214400642C012013B5164C237DF3B9E26801AB6E
:102154008020A168019209F082FD019AA3681344CA
:10216400A360E3689B1AE3606BB962B12369E288F8
:102174009A4208DD94F8C82093FBF2F102FB113374
:102184000BB90123237502B010BD002380201A4629
:102194001946237502B0BDE8104002F049BF00BFE4
:1021A400642C0120002330B585B002460D4601930E
:1021B400002858D1002935D108220B460DEB020125
:1021C4000AF015F8002804DA802002F0A3FE05B016
:1021D40030BD2A4C029AC4E903552260039ABDF823
:1021E4000E30626004F13802A2609DF90820257562
:1021F400002A0ADB802B04D9802002F08BFE002009
:10220400E3E713B1C4E90333E1E7FFF76DFD002809
:10221400DAD0E28823699A42D4BFE260E360FFF730
:1022240091FFD4E7154C01ABD4E90215002D04DC71
:1022340009F0DDFF0028CADAC6E72A4609F0D7FF0D
:102244000028D9DB019AA3681344A360E3689B1AAE
:10225400E360002BBBD104F13803A360FFF744FD16
:102264000028DCD1B0E78028B1D1044BDA68002A19
:10227400D5D11B7D002BD2D1A9E700BF642C01204E
:10228400054B064A58629A62054A0020DA62054AFA
:102294001A63054A9A617047642C0120491E0000A4
:1022A400411B0000E91B0000851B00002DE9F341E0
:1022B4000446474D4FF0FF334FF0FF32454807F0D7
:1022C4004BFA95F8B830002B7BD16B6A83B1424846
:1022D4002C62E8616E6A02F0C5FF02F093FD041EF1
:1022E40010DA3C4807F0B0FA204602B0BDE8F081AD
:1022F40000F0BEF8FFF7C4FF6B6A002BE7D14FF084
:10230400FF34EEE700F018FB041EEADB7378012BC0
:102314005AD1F379002B57D00026684685F8C83087
:10232400ADF802308DF804608DF8006002F0CEFD47
:10233400041ED6DB802768468DF8007002F0C6FDC7
:10234400041ECEDB3046254902F078FF041EC8DBAC
:102354003846224902F072FF041EC2DB204CDFF82B
:10236400848044451AD3002002F038FE041EB8DBF2
:10237400D5F8C430802043F00103C5F8C43002F01E
:102384002DFE041EADDBD5F8C430002443F48033A5
:10239400C5F8C430012385F8B830A2E70026276ABF
:1023A400227FF3B29A4201D82434DAE707EBC3025E
:1023B40057F83310107902F041FF01360028EFD0AE
:1023C4009DE76FF077048CE76FF0150489E700BF91
:1023D400642C0120CC220020191D0000A92100003A
:1023E400E42300200824002030B51F4B8BB005AA3D
:1023F40003F11005144618685968083303C4AB4246
:102404002246F7D11B7810222370002101A80CF07A
:102414001AFB1222002115480CF015FB102101A80B
:102424000AF000F900281BDD0828B8BF082001AB1A
:1024340009381A1800200D4912F8013F0AAC04EBC0
:10244400131403F00F0328336B4414F8144C13F8DB
:10245400143C013008280C704B7001F10201EBD1DF
:1024640002480BB030BD00BF9EF600001160012091
:102474002DE9F04F714B87B093F800B0BBF1000F1A
:1024840003D06F4807B0BDE8F08F6D4C00264FF0C5
:10249400011AB0463546B14623783BB9694B02343C
:1024A4009C42F3D10123654A1370EAE76378052B54
:1024B4001BD8DFE803F08C03C18C1D39402304A82A
:1024C4008DF810B0ADF812308DF814B009F061FE3B
:1024D40040B1082304A8ADF8123009F05AFE08B13F
:1024E400ADF812B0BDF81230E37123781C44D3E781
:1024F400E378002BF9D1A3786BB108F101085FFAF6
:1025040088F8F2E76B689C4207D024354E4B9D4215
:10251400F8D30020B6E74D4DF8E7AB68002BECD0BC
:10252400414620469847E8E7002DF2D000222B7F51
:102534009A42EED2296AA07801EBC2010B79984243
:1025440001D00132F3E70127E078FBB200F0030089
:102554008DF81400207994F805C040EA0C20ADF8F9
:10256400120094F90200002826DA4FF0010C07F15A
:1025740010000CFA00F010EA0A0F24D143F0800096
:102584008DF8100004A8CDE90213019209F001FEB0
:10259400DDE90121039BB0B99DF8102012F0800FF2
:1025A400A2700A714FF001021DBF1033DBB29A40D2
:1025B400BA404AEA020A98E70120B84010EA0A0F32
:1025C40001D11846DCE70137102FBDD1B9E7032E3E
:1025D4001AD1FFF709FF074650B1FDF7D3FD0246B4
:1025E40030B11028A8BF10223946A01C0CF004FA00
:1025F4006FF002012378091BE21804EB5303D14264
:1026040013D50136F6B270E7002EF1D1B9F1000FFF
:102614003FF47FAFA4EB090389F80230C3F3072327
:1026240089F8033089F80480EBE702F801BC13F859
:10263400010902F8020DE2E7A14656E71060012005
:1026440000230020E123002008240020E4230020AC
:10265400094B00211A4610B51C78844204D15C68E9
:1026640014B102EB811010BD0131042903F14003C0
:10267400F2D10020F7E700BF302D01202DE9F3410E
:1026840050F8283C0446103310F82C6C0AD1036926
:1026940050F8202C980736D5D2B9590715D5002300
:1026A40044F8283C54F8283C10330BD054E90775FF
:1026B40054F8148C0CF015F800284FD021462E48FD
:1026C4000BF0F3FF02B0BDE8F08143F00403236193
:1026D400304654F8241C01AB09F0C1FA10B16FF074
:1026E4001503DDE7019A54F8243C134444F8243CD0
:1026F40054F8203C9B1A44F8203C54F81C3C1344E6
:1027040044F81C3CCEE7304654F8241C01AB02F0DC
:102714000BFD0028E3D1019D54F8243C2B4444F8DC
:10272400243C54F8203C5B1B44F8203C54F81C3CEB
:102734002B4444F81C3C002DB1D0304602F098FDE7
:10274400B5FBF0F303FB1055002DA8D154F8203C41
:10275400002BA4D0304602F02FFDA3E744F8180C58
:10276400A4F1100007F0F2F8002DABD04246394630
:102774003046A847A6E700BF082400204B1E012BC3
:1027840073B506460D460FD8FFF762FF044668B9D5
:10279400012D09D101AB012230460DF1030102F0F4
:1027A400C3FC019B002BF5D102B070BD0BF099FF67
:1027B40004F12C0108B1012D05D1084602B0BDE891
:1027C4007040FFF75BBF034802B0BDE870400BF0F8
:1027D4006CBF00BF082400202DE9F74F06461546BC
:1027E4009846019109F081FA044600285BD1EFF381
:1027F400118A202383F31288BFF36F8FDFF8ACB004
:1028040000220023584607F0D5F870B9DFF8A090ED
:10281400A70109EB8414636813F1100F14D1019319
:10282400584607F093F8019B06E00134042C0BF1A1
:10283400400BE5D16FF00B038AF31188BFF36F8F60
:10284400184603B0BDE8F08F019B2061C4E902354E
:102854000C9B304663610D9B09F80760A3616FF020
:102864000F03C4F83C80636002F002FD58B13046A7
:1028740002F0FEFCB5FBF0F303FB10551DB1E36B56
:1028840043F00403E36318F0020F07D007F12C01AF
:10289400084849440BF009FF0023CDE7304602F015
:1028A4008BFC0346C8E76FF00F03C9E74C2D0120EA
:1028B400302D01200824002010B5EFF311842023CB
:1028C40083F31288BFF36F8FFFF7C2FE50B14368E2
:1028D400103307D16FF08B0300F12C0143600448DF
:1028E4000BF0E3FE84F31188BFF36F8F10BD00BFBC
:1028F40008240020F8B5042520270D4CEFF3118699
:1029040087F31288BFF36F8F6368103307D16FF0BA
:102914008B030848636004F12C010BF0C6FE86F3B8
:102924001188BFF36F8F013D04F14004E6D1F8BD77
:10293400302D01200824002070B50025094C0A4ED2
:10294400314620460BF095FE0122A4F110001146F9
:1029540001350BF052FE042D04F14004F0D10020A7
:1029640070BD00BF5C2D0120812600000123016998
:1029740081F84B300B6833B191F849301BB10248F0
:1029840008310BF092BE704708240020012301692E
:1029940081F84A300B6833B191F848301BB10248D2
:1029A40008310BF082BE70470824002070B5056919
:1029B400EFF31186202383F31288BFF36F8FD5F8CA
:1029C400900009F054F8044686F31188BFF36F8F22
:1029D40030B100220023034805F1180107F052F931
:1029E400204670BD08240020012370B582F84830C9
:1029F40013680D4614463BB192F84A3023B10E4891
:102A040002F108010BF051FED4F890305A89DB88AA
:102A14009A4205D17DB904F1180140F6CD4204E093
:102A240004F11801002DF8D00022BDE87040002305
:102A3400014807F027B970BD0824002070B50E4680
:102A440081880446C9B21548154609F02BF910B31C
:102A540094F900206378002A16DB202B04D0222B63
:102A64000ED06FF085000AE02B681A6840F8102C2D
:102A74009A8820F80C2C9B7900F80A3C002070BD41
:102A8400638800F8093CF9E7212BEAD107231038C1
:102A940028603360F2E76FF01200F0E7302E012077
:102AA400014608B5034809F00AF910B1012300F8FA
:102AB400073C08BD302E0120002103460C4AA0F833
:102AC4004810106883F89C10C3F894009088927999
:102AD400A3F8980083F89A2083F89B104022A3F867
:102AE4009E1083F8A01003F14C000BF0ACBF00BFA4
:102AF400F0EF0000002310B50469C4F8A8300C4BB3
:102B0400C4F8A400596804F1A80269B9C3E9002211
:102B140004F1080007490BF0ACFD04F11800064964
:102B24000BF0D3FD002010BD0A605A60F0E700BF2F
:102B3400302E012019BD0000F52B000030B54FF4F4
:102B440000334268056942F2A10085B0CDE9010372
:102B5400002385F89D30106AADF80C100A22007924
:102B640001A909F07CF8054C95F89D3023B90120A2
:102B74000BF009FC013CF7D105B030BDA186010082
:102B8400002373B5202504698DF8071084F84830B4
:102B9400EFF3118685F31288BFF36F8F0122D4F807
:102BA40090000DF1070108F062FF86F31188BFF36E
:102BB4006F8F01280AD00BF094FD10B994F8A1305E
:102BC4006BB9094B1A780AB901221A702122002321
:102BD40004F11801054807F055F802B070BD002152
:102BE40021200BF033FED3E72360012008240020CA
:102BF400F0B5D0F88C3005465B6885B01B6A1F7D44
:102C0400384609F072F8064650BB95F886303BB357
:102C1400A86F0146C38831F80A2F9B1A9BB2B3F5FB
:102C2400806F28BF4FF4806303AA08F0D1FE0446E6
:102C3400B0B18306A5F1180385F830600193094B00
:102C440008BF00F1FF34224603990093384602235B
:102C5400FFF7C2FDA86F224600F10A0108F0EEFE5C
:102C640005B0F0BDED29000037B514460A1E05462F
:102C740021DDD4F88C0004F14C0108F0F8FE0123A6
:102C840084F8493023683BB194F84B3023B11148A0
:102C940004F108010BF009FDD4F88C209388918984
:102CA40012695B1A9BB2D31A3F2B04D8012384F810
:102CB400A03003B030BD94F89E30002BF9D0064B01
:102CC4004022009328460123019404F14C01FFF7AC
:102CD40083FDEEE7082400206D2C0000F7B50D46B7
:102CE40001461D4808F0D3FF044610B3064656F8C3
:102CF400A439691E5F6805291BD8DFE801F01C1A96
:102D0400031C222610F8061C99B9012300F8063C7E
:102D14003B6A3246187BFFF7A7FF14F85C2C42B9D4
:102D24003B6A1146187D0D4B019600930223FFF771
:102D340053FD03B0F0BD304603B0BDE8F040FFF7EB
:102D4400BBBE012304F8053CF3E710F8053C002B57
:102D5400EFD00023F6E700BF302E0120ED2900005C
:102D640037B50024084D4FF0FF334FF480622846F6
:102D74000649009406F046FF054928460BF0B7FCC7
:102D8400204603B030BD00BF082400208069052020
:102D9400C2F60000014807F099BD00BFFCF0000036
:102DA40038B5044618B90F4B0F485B6898476168FB
:102DB400B1F5683F10D0B1F5680F0DD00B4DA942A5
:102DC4000AD011F46861206807D0014608480BF066
:102DD40038FB00232360656038BD14220BF033FEFA
:102DE400F9E700BF7C210020CBF600002C5F5CA932
:102DF4003833012008B560B34368B3F5683F0ED09B
:102E0400B3F5680F18D0144A934220D000684FF0ED
:102E1400FF324FF0FF3306F09FFC58B115E001225A
:102E24000368D3E8EF1F002903D1C3E8E02F00288B
:102E3400F7D10AD1002008BD0368084A1B7803F5BE
:102E4400807352F82330002BF4D00548F3E705488B
:102E5400F1E76FF4E040EEE72C5F5CA9000003505B
:102E6400E98FFFFFEA8FFFFF08B520B34368B3F58E
:102E7400683F09D0B3F5680F13D0114A93421DD0AF
:102E8400006806F0E1FC14E000220368D3E8EF1FB9
:102E9400012903D1C3E8E02F0028F7D109D009485C
:102EA40008BD00210368084A1B7803F5807342F8C3
:102EB40023100020F4E76FF4E040F1E70348EFE764
:102EC4002C5F5CA9E98FFFFF00000350EA8FFFFF2E
:102ED40010B5044618B91D4B1D485B6898476368D4
:102EE400B3F5683F2FD0B3F5680F2CD0194A93423D
:102EF40019D1236803BB4FF0FF324FF0FF33214653
:102F0400154806F0FBFB08B923681BB90F4B13489F
:102F14005B6898471422002120680BF094FD4FF45D
:102F24006863636008E0B3F5683F0DD83A2B03D0BB
:102F340040F6BA629342DED120680BF0CCFA6368A3
:102F440043F03A03636010BD054AF3E77C21002097
:102F5400CBF600002C5F5CA938330120F1F60000A9
:102F64003A00003A08B506494023142205480BF0FC
:102F74005AFABDE808400449044807F019BD00BFE7
:102F8400382E01203833012004F1000018F100002C
:102F9400F7B5224E30688368DB6B03B1984730681D
:102FA4008368DB6A002B31D11D4C1E4D3068836869
:102FB4001B69002B2DD001220DF107019847012830
:102FC40027D1236843B92B681BB369681A688B42FD
:102FD4002A6008BF6A602360134A9DF807001188BD
:102FE4007F2904D823684F1C0B44178018720A28C1
:102FF400DCD1002023681188186059600B494D68A2
:103004004DB9C1E9003310802060CEE7984700280D
:10301400CAD103B0F0BD2B604B60F4E7AC3701209C
:1030240054330120643301200C4701205C33012018
:1030340010B5044B044618688368E1B25B6898478E
:10304400204610BDAC370120F8B5054616460846A3
:10305400EFF31187202383F31288BFF36F8F1B498B
:103064000B684BB11A4C62689A4205D000221A6070
:10307400626862B9C4E90033164A136853B987F326
:103084001188BFF36F8F18460B603360F8BD13606F
:103094006360F1E7D2F804C01C686345146008BF9C
:1030A400546087F31188BFF36F8F5C680B60A04294
:1030B400D8BF00F1FF3403F10801224628460BF083
:1030C4009BFC0023601C2B550123DEE758330120B1
:1030D400643301205C330120002337B51C462349A7
:1030E400234AC1E90033C2E90033224A4868146024
:1030F40088B9C1E900220133082B02F18802F5D115
:103104001D4D1E4828600BF043F938B94FF0FF34C9
:10311400204603B030BD02604A60ECE70020FFF7B0
:10312400C5F804460028F1D12868836823B11B6CD4
:1031340013B122461249984728688368DB6A0BB1A9
:10314400984748B1286883681B69002BFAD001228C
:103154000DF107019847F4E700220A4B28681A800A
:1031640083681B6A002BD3D09847D1E764330120CE
:103174005C3301206C330120AC370120C4EB000028
:10318400952F00000C47012041F204432DE9F04F34
:10319400ADF54F7DADF80C3040F606130026DFF890
:1031A400D890ADF81030D9F80010344BDFF8D08047
:1031B4001D680B78A5EB08055A1C62F302030B701B
:1031C4006BBA4B808B8808225BBA8B804E7030467A
:1031D40008F06CF82A46414608F068F80746ACB295
:1031E40004F10A03D9F800201FFA83FB5BBAADF897
:1031F400183013680C34CDF81A30536841462A4607
:103204000DF1180A7FBA0DF12200A4B2CDF81E30D8
:103214000BF0F2FB2AF80B70534640F2C9110094EC
:1032240005AA5BA8FEF718FABDF8147007B3154D8C
:1032340002212B6804A85B6898473446DFF848806D
:103244003E1B7C2EA8BF7C262B685BAA1019314636
:103254005B6898472B68012140465B683444984773
:10326400A74205DD2B6802215B6803A89847E7E7BE
:103274000DF54F7DBDE8F08F10380120C8370120CF
:1032840024600120143801201EF700002DE9F04FBE
:103294004FF0FF34D5B00B460594069407940121F2
:1032A40000240DF128080246C8E9004430A8009122
:1032B400CDE901440421089409940AF0A3FF4022B3
:1032C400214620A80BF0BFFB8E4B03211C93052342
:1032D40004221D938C4B06AFCDE91E378B4B8C48D3
:1032E40021938C4B05ADCDE923388B4B07AE269348
:1032F4008A4BCDE92B01CDE92836CDE92D3527912F
:1033040009AB1CA930A8229208F03FFE20B3032485
:103314000A2183480BF023F88249022280480BF0EB
:1033240011F821467E480AF0F6FF4CB97849032289
:103334007B480BF007F87C4B794819680AF0F5FFD5
:103344000A2177480BF013F8FFF71EFF089808F0DE
:10335400DEFB55B0BDE8F08F2B68D8E900985A1C05
:10336400D5D0B9F1000FD2D0DFF8C0A133B93A6893
:10337400B2F1FF3F18BF1346CAF80030DAF8000074
:10338400FDF7E8F808A9C0B2FEF798FB0446002848
:10339400BDD12B68644D002B48D1089F2860384666
:1033A400D7F808B007F01DFE614A0146384607F019
:1033B4004EFD08B10124ABE733685B45A7D85D4AED
:1033C40014605D4A13602A685A4E42443168089872
:1033D400013A08F0BAFD0028306098DB089808F03C
:1033E400E6FBB8FBF0F303FB1086DFF84CB12B6867
:1033F400A8EB06079844DBF800300898984538BFD6
:10340400002608F0D4FB012806D9089808F0CFFB61
:10341400013819EA000F51D13B464A4629680898F9
:1034240008F08BFB00287FF472AF2DE02A689342EA
:103434007FF46EAF404A434412689342C3D966E7AF
:10344400B845089828BFB84608F0B8FB40220146A2
:103454000CA80BF0F8FA424649460CA80BF0CCFA3B
:103464004346296808980CAA08F067FB08B104468B
:103474004EE72B68C14443442B60A7EB0807089828
:1034840008F095FBB842DBD9DEB92B68DBF80020E5
:1034940033443B4493422B607FF43AAF244B089867
:1034A4001A68114608F051FD002883DBDBF8002080
:1034B4000899DAF8000009F08CFAD8E74FF04008D0
:1034C400DDE7089808F07AFB082201460CA80BF007
:1034D400BAFA324609EB07010CA80BF08DFADDF8B5
:1034E40020802968404607EB010908F060FB494643
:1034F40003460CAA404608F020FB00287FF407AFDF
:10350400C3E700BF20F700005BE0000026F70000DF
:103514002FF7000065E000002BF7000061E00000D9
:10352400C8370120C5F40000C0370120C43701208A
:10353400B8370120B4370120B037012038B505462B
:103544000A4C0A2120460AF00AFF022220460849B2
:103554000AF0F8FE294620460AF0DDFE20460A213C
:103564000AF005FFBDE83840FFF70EBEC83701205A
:10357400C5F40000F0B50C68164F85B002380D464E
:10358400C4F580610090144B381903AA0131FEF789
:10359400E1F80446D0B92B68039A1344022B2B603C
:1035A40011D93E88023B76BAB6B29E420BD132465E
:1035B400B91C07F07BFE30B9022E04D92B689A1E81
:1035C4002A60FC540124204605B0F0BD4FF0FF34BE
:1035D400F9E700BF6D61012070650120002307B584
:1035E40002210093044A4FF4A47304480AF0C1FE74
:1035F40003B05DF804FB00BF24600120C83701203C
:103604002DE9F04F072904469FB040F2BE810378AC
:1036140013F0050F40F0B9814388A1F108055BBAA6
:103624009BB2AB42C0F0B181AA4B00F1080718600D
:1036340083885BBA8380FFF7D1FFA688012E40F010
:10364400A781E379012B00F0B380062B00F0B7804B
:10365400002B40F0A381247814F0070440F0A480E8
:1036640031469D480AF07BFE06229C499A480AF09E
:1036740069FE052198480AF06EFEDFF86482DFF8DF
:1036840064920026984F00E0012631462046D8F87F
:103694000050FCF74DFF05A9C0B2FEF70FFA8246B1
:1036A40050BB3146204606AA09F050F9012805D13D
:1036B40020235146059806AA08F02AFA069B4B4592
:1036C40014D13146204603F0CFFD0546874B1B68D5
:1036D40098420BD100204023CDE902000093059AC3
:1036E40001900EAB06A9FCF7D5FF05463B6805988B
:1036F400AB4207D008F00BFA002EC5D0002C44D101
:103704003446BEE708F003FA142173480AF027FE92
:103714000522774970480AF015FE21466E480AF0E2
:1037240004FE042273496C480AF00CFE31466A48D0
:103734000AF0FBFD0722704967480AF003FEBDF852
:103744002E30402101939DF82D306C4A00930EA831
:103754009DF82C3007F0FCF90C9B4BB1421E3E2A1D
:1037640006D80EADC0F14001654A284407F0F0F9CF
:103774000EA8FCF707FD0EA9024657480AF0E2FD21
:10378400142155480AF0F3FDB6E7052152480AF022
:10379400EAFD012150480AF0EAFDFFF7F5FC1FB0ED
:1037A400BDE8F04FFFF71ABF0820FFF7C7FEF6E7A2
:1037B400294638461FB0BDE8F04FFFF767BD2378B0
:1037C4005B0702D00820FFF7B9FEFDF717FE0121C1
:1037D400074641480AF0C3FD062240493E480AF024
:1037E400B1FD02213C480AF0B6FD0025DFF8149132
:1037F400042139480AF0B3FD002847D005223C498A
:1038040035480AF09FFD002840D0294632480AF086
:103814008CFD00283AD005223B492F480AF092FD3E
:10382400A0B302212C480AF096FD78B300262A4C56
:10383400DFF8C0A0DFF8D4B022E0042251462046CD
:103844000AF080FD10B3314620460AF06EFDE8B15F
:1038540031462846FCF76CFE0EA9C0B2FEF72EF9DD
:103864008046C8B10222494620460AF06BFD68B181
:10387400414620460AF04FFD40B1002E64D1012696
:10388400032120460AF06BFD0028D6D1FFF7A6FEDF
:103894000220FFF753FE76E00422594620460AF040
:1038A40051FD90B10E9B204699680AF03EFD60B12F
:1038B4000F22204616490AF045FD30B106EB4501BA
:1038C400204601310AF031FD20BB0E9808F01FF9A3
:1038D400DCE700BF10380120C837012033F70000AF
:1038E400B82000203DB8F39694270020B020002093
:1038F40020F700003AF700003FF7000047F7000008
:1039040053F70000C5F4000057F7000077F70000F4
:103914005DF700000E9808F0FAF8032120460AF03B
:1039240026FD0028B2D0002EA9D002212F480AF08B
:103934001AFD0028AAD017F8353043B904212B48C2
:103944000AF015FD0028A1D08DB9012550E70E22FB
:10395400274926480AF0F6FC002897D03B1D53F867
:10396400351022480AF0E1FC0028E7D18EE7022155
:103974001E480AF0F8FC002888D001211B480AF0F0
:10398400F6FC002882D0FFF7FFFB1FB0BDE8F08FE4
:10399400F6B9E379012B07D0052B07D008201FB017
:1039A400BDE8F04FFFF7CABD3046F8E7304609F0EE
:1039B40017F801280AD03046FFF7C0FD4FF4005035
:1039C40000210AF043FF012007F0C0FE0A20E6E7C9
:1039D4002A4639462046054BFCF7F2FD0028D4D18F
:1039E4001FB0BDE8F04FFFF7CFBB00BFC8370120C1
:1039F4006DF7000001232DE9F34100250646DFF8A9
:103A0400C080304C88F800302F4B304F0095186040
:103A140098F8003013B902B0BDE8F0812C4BC5F51D
:103A24008061C3F80046C3F80446C3F80846C3F8E7
:103A34000C46C3F81046C3F81446C3F81846C3F836
:103A44001C4603F58053C3F80046C3F80446C3F884
:103A54000846C3F80C46C3F81046C3F81446C3F826
:103A64001846C3F81C46336801AA013178199847EF
:103A74000028019B01DC002BCAD005442BB940F27D
:103A840001439D42C4D10025C2E73B78062B09D1EE
:103A94007B78092B0BD1002300936946A81EFFF7FE
:103AA40069FD04E0042B02D17B78142BF5D00128A6
:103AB400E9D1009907480239FFF7A2FDE3E700BF07
:103AC4006C6101203546526E143801206E65012068
:103AD400008001506F61012030BFFFF7FDBF00BFC0
:103AE4002DE9F04105460B4EDFF82C80324606EBFB
:103AF4000807CC1B204609490AF07EFFA01942465C
:103B04000021083C0AF09FFF2C6707F10800BDE87C
:103B1400F08100BF0000000004000000BCEF0000C2
:103B2400054B5A699B689A421FBF044A536843F085
:103B340080535360704700BF0845012000ED00E04A
:103B4400154B9A6A12F0007F9A6A14BF1E201D203A
:103B540012F0807F9A6A18BF1F2012F4801F9A6A9D
:103B640018BF022012F4002F9A6A18BF212012F401
:103B7400802F9A6A18BF222012F4003F9A6A18BF55
:103B8400232012F4803F9A6A18BF24206FEA02426D
:103B94006FEA12429A62704700ED00E010B5184BCC
:103BA4000246986A9C6A10F4805F14BF172016209E
:103BB40014F4006F9C6A18BF1820A40508D5986AED
:103BC400000404D51AB19A6A22F400429A621920B8
:103BD4000B4B9A6A12F4806F9A6A18BF1A20D205A6
:103BE4000CD49B6A13F4005F18BF1C20044A936A28
:103BF40043F47F43936200230B7010BD1B20F5E751
:103C040000ED00E010B51C4B0246986A9C6A10F067
:103C1400100F14BF1120102014F0080F9C6A18BF55
:103C24001220A40709D5586B986A000604D51AB166
:103C34009A6A22F080029A6213200F4B9A6A12F059
:103C4400010F9A6A18BF142012F0200F9A6A18BF45
:103C54001520D40658BF9B6A074B9A6A920642BF46
:103C64005A6A22F400525A629A6A42F0FF029A6235
:103C740000230B7010BD00BF00ED00E0F0B5474B12
:103C840004465B6800258BB0C3F3080385F31188F1
:103C9400BFF36F8F02F07F40B0F17F4F11D102F07C
:103CA4000C0008280DD010074CBF0C46012500223B
:103CB400033B8DF80720032B05D8DFE803F02462CB
:103CC400665F2C46F3E700239DF80720CAB902AECD
:103CD40004F12007324620686168083403C2BC42FC
:103CE4001646F7D1099A002D53D0C2F3080121B921
:103CF4006FEA52226FEA42220992184602A908F09A
:103D04009BF90BB0F0BD254BDA6A9107DBD4DA6A74
:103D1400002AD8DBDA6A5200D5D55A69A16942F47F
:103D240080725A61BFF34F8FBFF36F8F5A6931F8B6
:103D3400021C22F480725A61BFF34F8FBFF36F8F5E
:103D44004DF60272914209D09A6AD2B242B1012070
:103D54000DF10701FFF756FF0346B5E72368B3E704
:103D64009A6A12F47F4F05D001200DF10701FFF785
:103D740015FFF1E79B6AB3F5803FA4D3FFF7E0FE9C
:103D8400EAE700200DF10701E4E700200DF1070147
:103D9400EDE722F4FF7222F00102ADE700ED00E04E
:103DA400064B5A6942F010025A615A6942F4806221
:103DB4005A615A6922F008025A61704700ED00E026
:103DC400EFF30880EFF3098101B57246FFF756FF60
:103DD40001BD00BF002080F31488BFF36F8F002063
:103DE40080F30A8880F30B880F4880F3088804F076
:103DF40075F900200D490860BFF34F8F00F02CF8CF
:103E0400202080F311880A484FF40061401880F3A1
:103E14000988EFF314800221084380F31488BFF368
:103E24006F8F00F0EBF80000C0A2052094ED00E0D5
:103E340080710520002318460649D1F89020C2F36A
:103E44000722934200DB7047C1F89830C1F8A00004
:103E54000133F6E700ED00E010B572B6002484F3F8
:103E64001388FFF7E7FF23464FF0FF300C4A03F1B6
:103E740020010133102B42F82100F8D100234FF028
:103E8400FF30074A03F160010133102B42F821008F
:103E9400F8D162B6BFF34F8FBFF36F8F10BD00BF71
:103EA40000E100E0084B9B6883420BD1EFF30583EC
:103EB40043B1064B5A6842F080525A605A6A22F45F
:103EC40000425A6206F0C0B90845012000ED00E046
:103ED40014498A684FF030001044EFF3098C80E8ED
:103EE400F01F202080F31288BFF36F8F0E4F4FF026
:103EF40000664A698A603E60106F0C4C2060506F07
:103F04000023536780F3118802F1300090E8F01F1A
:103F14008CF3098802F1000004B508F0A2F8BDE8AA
:103F2400044070470845012004ED00E018380120E2
:103F34001EF0040F0CBFEFF30880EFF309808169D2
:103F440011F8021C0229FFD001B5724608F07AF874
:103F540001BD00BF40B2002807DB01234109034A29
:103F640000F01F00834042F82130704700E100E078
:103F740040B200280CDB01220649430900F01F006F
:103F84008240203341F82320BFF34F8FBFF36F8F5C
:103F9400704700BF00E100E0054B420953F82220BE
:103FA400012300F01F0003FA00F01040704700BF27
:103FB40000E100E040B2002801F10101ACBF00F1D2
:103FC4006040064B4FEA4111C9B2ABBF00F56140F6
:103FD40000F00F0080F800131954704714ED00E04E
:103FE400044B054A23F07F039360BFF34F8FBFF365
:103FF4006F8F70470000000000ED00E008B5FFF788
:10400400EFFF074AD2F8883023F47003C2F88830EF
:1040140005F0B8FA06F0BAF900F046F805F0F2FA3D
:1040240000ED00E042F8203C009B0B4942F81C3CA8
:10403400019B21F0010142F8183C029B42F8081C44
:1040440042F8143C4FF0807342F8043C0023203AB9
:1040540002654367704700BF2916000000B50B4B8B
:1040640015469860026F0A4B0E461A60036E83F37E
:104074000B882C4686F309880020064B9847204677
:10408400002100220023044C204700BF08450120E2
:10409400183801206FC00000291600001022014BBF
:1040A4001A61704700ED00E0002320210348C21884
:1040B4000133452B82F80013F9D1704700E100E089
:1040C40008B5EFF30583064A103B02EBC30152F82F
:1040D400330049688847BDE80840FFF721BD00BFA9
:1040E40084EC00001FB5094C094A23460121094804
:1040F40000F0FAF800230393074B0121E41A01A806
:104104000193029400F0FAF804B010BD00000720F7
:104114000020002028F100000824002010B50C7AAB
:104124000B6804F01F0223F01F031A43CB686409D1
:1041340023F01F03054943EA440343F00103C1F894
:104144009800C1F89C20C1F8A03010BD00ED00E03B
:1041540010B5074BD3F89030C3F30723013B9842C3
:1041640002D8FFF7DBFF10BD6FF01500FBE700BFBF
:1041740000ED00E02DE9F04F0F46144606464FF0DF
:1041840000084D4D85B0B84580F29280D6F8049071
:10419400B9F1000F36D0B9F11F0F40F2878019F042
:1041A4001F0F40F08380D6F800A01AF01F0F7DD1B6
:1041B400504607F096FF834609EB0A00013807F0E2
:1041C40090FF834572D11BF1160F6FD05C456DDDF6
:1041D400C5F898B0D5F89C10C5F898B0D5F8A030BB
:1041E40021F01F0143F01F0AD6E900321A44994214
:1041F40002F1FF391ED1CA4508D131465FFA8BF06E
:1042040007F078FF08F101080C36BCE73146C5F821
:1042140098B0D5F89C3022F01F0203F01F0313431B
:10422400C5F89C30E0B207F065FF10F1160F3DD0E1
:10423400441CE7E7C5F898B0D5F8A020013B23F06B
:104244001F0302F01F021343CA453146E0B2C5F80A
:10425400A030E8D007F04EFF10F1160F26D0C5F8B5
:1042640098B0D5F89C209DF808300AF1FF3A62F323
:1042740004038DF80830D5F8A0309DF808205B08B9
:1042840063F347128DF80820D6E9003213440093F3
:1042940023F01F035344A3EB0903013023F01F034E
:1042A4006946C0B20393FFF753FFBEE76FF01504EE
:1042B400204605B0BDE8F08F00ED00E00522044B78
:1042C400C3F89420BFF34F8FBFF36F8F704700BFC5
:1042D40000ED00E0BFF35F8F0022024BC3F894208F
:1042E400704700BF00ED00E010B5034C2278FFF7E3
:1042F40041FF207010BD00BF6F6901202DE9F74F09
:10430400294D8A4606464FF00008AB46274FD04554
:104314001BDAD6F80490B9F1000F3FD03168084693
:10432400019107F0DEFE0199044609EB0100013812
:1043340007F0D7FE84424FF014021D4B08D002FB55
:1043440008F36FF015024BF8032003B0BDE8F08FBB
:1043540014F1160F2C60F8D01978A142F5DD02FB98
:1043640008B0C7F89840C7F89840D7F89C4000F1C7
:104374000801007B64F304000871D7F8A0000C79ED
:10438400400860F347140C71D7F89C1021F01F010A
:104394006960D7F8A01021F01F01296108F1010814
:1043A40014350C36B3E700BF1C38012000ED00E0E3
:1043B4006F690120F0B54149414CD1F8903025682E
:1043C400C3F307239D4287B075D80020FFF782FF0F
:1043D4003C4BC1F8C030854216D13B4C01A8257036
:1043E400FDF766FB00250646384FAE4213D1002088
:1043F40023783249D1F89020C2F30722934254DB48
:10440400FFF75CFF00202FE0616801EB0011FFF76C
:1044140085FE0130DFE70199280101EB0513DA6815
:104424003A40B2F5001F21D0B2F5800F2BD0B2F57F
:10443400801F38D15A689B680958013B22F01F003D
:1044440003440120844623F01F0340EA4C10CDE9C5
:1044540002218DF8100002A920780593FFF778FE59
:1044640000281DDA6FF0150007B0F0BD5A689B688C
:104474000958013B22F01F0003444FF0020C0120B5
:1044840023F01F03E1E75A689B680958013B22F0B7
:104494001F0003444FF0000C022023F01F03D4E755
:1044A40023780133237001359FE7C1F89830C1F8B0
:1044B400A00001339EE74FF0FF30D5E700ED00E0A8
:1044C40034F10000AAFF44006F6901200000F0FFEE
:1044D400054B03EB8000D0F8003223F0E04343F0B7
:1044E4004053C0F80032704700258450052370B54E
:1044F400144D154E2C780134B4FBF3F303EB830312
:10450400E41A08F01FFA114A137823B156F824303C
:10451400C01A072814D94FF05023D3F8141141B10D
:104524000021C3F81411D3F814312C700CB90123F1
:1045340013702C7808F006FA46F82400012070BDA8
:104544000020FCE7716901203038012070690120E6
:10455400012208B50B4B0C49C3F8002502230020A7
:10456400C1F8D036FFF7B4FF1046FFF7B1FFC1F82A
:104574000427C1F80429C1F8002BBDE8084000F065
:10458400A5B800BF001000500040005007B50DF161
:10459400070003F0C7FE0F4B984218D14FF4806216
:1045A4000D4B0E49C3F8B8254FF40062C3F83C25FF
:1045B4009DF8070009F0AFFA9DF80700084909F0D3
:1045C400A5FA01209DF80730984003F0A5FE03B03A
:1045D4005DF804FB0000AD0B00A002502CA00250BB
:1045E40028A1025048B1054B054A1B68B3FBF2F3FE
:1045F4005843044B43F001031847704758210020E7
:1046040040420F0000F00000002170B5104C114D25
:10461400114E000714F8013B03F01F025B090FD091
:10462400012B0FD1334603EB8203D3F8002201316F
:1046340022F0E04202430429C3F80022EAD170BD0B
:104644002B46F0E70023803253F82230FFDE00BF10
:104654008FF7000000258450002884502DE9F04194
:10466400064601200D46FFF7CFFF4FF47F03D3F832
:104674003021D3F83431072A20D1023B032B02D84E
:10468400114AD35CD3B14FF050244FF001080027F6
:104694000520C4F81886C4F8147609F035FA4046A3
:1046A400C4F8148609F030FAC4F81476C4F81876FD
:1046B40030462B46BDE8F041002118474FF0502307
:1046C4000022C3F81426F3E78BF7000001490248DF
:1046D40007F0B7B85CF1000044380120BFF34F8FF6
:1046E4000549064BCA6802F4E0621343CB60BFF38A
:1046F4004F8F00BFFDE700BF00ED00E00400FA05A6
:104704000146014809F06EBFF02200200149024829
:1047140009F0CBBF88380120A8240020020600F04D
:104724007F0312D5082B05D1010700F00F0306D52E
:104734000E48704710F0780F12D100F00F034C2090
:1047440000EB43100A4B18447047082B05D10207AD
:1047540000F00F0306D50748704710F0780FF6D025
:1047640000207047044800EB43107047AC39012027
:1047740060380120CC3A0120CC39012000220023EA
:10478400014805F0B1B800BFF022002013B50022A3
:1047940001213720FFF70EFC114800F023FE114BD6
:1047A40098421AD10024104804F0B4F90F4804F0D8
:1047B400EBFD4FF0FF334FF480620D490D48009438
:1047C40005F020FA0C490B4809F091FF0B480C49FD
:1047D40009F04FFF204602B010BD6FF00400FAE765
:1047E400154A00000000AD0B9EF7000068F10000C0
:1047F400806D0520A824002093F70000883801204C
:10480400314B0000002310B50B49D1E8EF2F012AEA
:1048140003D1C1E8E03F0028F7D10CD151F8044C92
:104824001439204607F09BF8783004D12046BDE8BF
:10483400104007F070B810BD8038012038B500244E
:1048440064F07F00C0B2FFF769FF013407F087FC12
:10485400082CF5D100240E4DE0B2FFF75FFF036989
:1048640003B90561013407F07AFC082C05F1400511
:10487400F2D1084807F073FC074BD3F87C2212B935
:10488400064AC3F87C22064807F069FC002038BDBC
:10489400F03E0120AC39012060380120F03A0120BB
:1048A400CC3A012010B5054CFFF768FF20B14168F0
:1048B400204609F0C6FDF7E710BD00BF60220020C6
:1048C40007B5002300220E4801A904F017FF90B198
:1048D400FFF7E8FF00220023094801A904F00EFFB6
:1048E40038B90423019840600374FFF709FFFFF708
:1048F4000DFF002001E00198406003B05DF804FB67
:104904006022002010B50446FFF7DAFF60B10022F0
:1049140004720274FFF7F4FE044B93F824301BB1C5
:10492400BDE81040FFF7F2BE10BD00BF60380120A3
:10493400012807B50FD002280ED048B90022002361
:104944000848CDE9002345F69A12002305F0DEFE5F
:1049540003B05DF804FB002003B05DF804EBFFF73F
:10496400D1BF00BFF0210020F8B58778064638464D
:10497400FFF7D4FE3B060446F57812D5002D43D14B
:10498400FFF79EFF034600283ED00122A57702745C
:10499400032202739C60FFF7B3FEBDE8F840FFF703
:1049A400B5BE4DB1012D2FD1FFF78AFF034658B391
:1049B400657705740573EDE7FFF782FF20B3B278DE
:1049C400124B12F0800F02F0080111D041B1D3F85C
:1049D400A836E36001230374022384600373DAE7D7
:1049E400142102F00F0201FB0233D3F80836F0E77A
:1049F40011B1D3F8A837ECE7142102F00F0201FB40
:104A04000233D3F80837E4E7F8BD00BF0060035071
:104A1400F0B5064689B01422002103A80AF013F861
:104A24003378013B052B21D8DFE803F07A03141413
:104A34006A16032300248DF81430FFF741FF034660
:104A4400A0B100F108020474DDE9050182E8030065
:104A540018461DE00423EDE7B7783846FFF75EFEFD
:104A6400837A044623B1013B022B43D909B0F0BD3C
:104A74003B06F57813D5002DF8D1FFF721FF034647
:104A84000028F3D00122A5770274032202739C60EC
:104A9400FFF736FE09B0BDE8F040FFF737BE55B169
:104AA400012DE3D1FFF70CFF03460028DED0657724
:104AB40005740573EBE7FFF703FF07460028D5D01D
:104AC4000123037402238460037304F10C01B0789E
:104AD40007F0A9FB134AE168B2F88C328B4206D97D
:104AE4005B1AA2F88C3200F0C9FF3846D0E7A2F86E
:104AF4008C52FAE7304609B0BDE8F040FFF734BF06
:104B040001A800F099FF9DF80530052B04D19DF80C
:104B1400043013F0600FA9D0034B012405938CE7F4
:104B240002248AE760380120CC3901202DE9F043C2
:104B34008046AC4CDFF8B09285B0FFF71FFE074605
:104B440010B905B0BDE8F08394F825303A7C3BB940
:104B5400002A00F087807968A34809F072FCECE72A
:104B6400042A43D8DFE812F07E000500FD0013019B
:104B74002E013B7BBD68032B38D8DFE803F0023EEF
:104B84005B6000226E69994B32607260D3F88014C6
:104B94003170D3F884147170D3F88814D3F88C046A
:104BA40041EA00217180D3F89014D3F8940441EAC7
:104BB4000021B180D3F89814D3F89C3441EA03233C
:104BC400F3800823EB6030687168894B03C3114696
:104BD4002B68687A984796F90030002B09DBF38834
:104BE4009AB232B1A4F88C3200F048FF4846796892
:104BF400B3E70023A4F88C32F8E76B7F002BF5D0E1
:104C04002B7F002BF2D000264FF0FF326E774FF04F
:104C1400FF3378482E7707F0B5FA6B6901A9019341
:104C24006B68CDE90236687A00F032FC714807F00F
:104C3400ABFADBE701212B68687A9847D6E7AB7AB1
:104C44006BB9EB7F5BB96B484FF0FF324FF0FF332A
:104C540007F098FA00F018FF664807F095FA022169
:104C64002B68E9E73A7A042AC0D8DFE802F0550352
:104C74001F636F0000F076FB05460028B6D100F0F4
:104C840023FB01235C49D1E8EF2F002A03D1C1E8BB
:104C9400E03F0028F7D1A9D141F8085C41F8105C45
:104CA400E0691439636106F0DFFD9FE7002565F0D4
:104CB4007F00C0B2FFF732FD037A13B1407A01F0EE
:104CC40045F80135082DF2D194F854311BB194F80C
:104CD400550101F03BF80025E8B2FFF71FFD037A08
:104CE40013B1407A01F032F80135082DF4D194F86B
:104CF40074321BB194F8750201F028F8002000F01A
:104D040015FB012384F825302368002B3FF46EAF94
:104D140000210220984769E7002584F8255000F017
:104D24007DFFFFF76FFD2368002B3FF45FAF29463B
:104D34000420EFE7002B3FF459AF00F01DFB23687C
:104D4400002B3FF453AF00210520E3E72268002A3B
:104D54003FF44CAF002B3FF449AF002106209047AD
:104D640044E708F110054FF0FF334FF0FF322846B7
:104D740007F008FAFFF762FD284607F005FA58F82D
:104D8400283C002B3FF432AF00210120C2E794F805
:104D940074327BB1012584F8895284F88852FFF774
:104DA4008FFD38B1154A057405738260FFF7A8FCBE
:104DB400FFF7ACFC58F8283C002B3FF417AF002158
:104DC4000A20A7E704F0C8FA00F028FF00F072FAFE
:104DD400FFF768FDFFF732FD04F0B6FA084800F06B
:104DE40001FB03E7603801206022002000600350CB
:104DF400643801209838012080380120CC3A012001
:104E0400154A000038B5154D95F8244024BB05F12A
:104E1400380009F060FB022001F0FCF82246012171
:104E2400E8613620FFF7C6F804F08EFAFFF706FDB6
:104E3400044610B9012385F82430094B1B680BB1D3
:104E4400FFF764FC074BD3F80034DB0702D50020DE
:104E5400FFF76EFD204638BD0024FBE760380120D3
:104E6400F02200200070035010B54FF0FF324FF0D5
:104E7400FF330B4807F086F9FFF714FD00F072FAD0
:104E840008B100F0CBFE0024FFF7BCFC04F064FA88
:104E9400044880F82440383007F076F9204610BDE5
:104EA4009838012060380120074B93F824203AB148
:104EB40093F82530002B14BF00206FF012007047C8
:104EC4006FF01200704700BF6038012038B5104BF6
:104ED400044693F82430C3B105782846FFF71EFC36
:104EE40010B96FF0150038BD457223798372638859
:104EF40043602078618810F0080F02D14B1E0B42EA
:104F0400EFD107F08BF90020EDE76FF01200EAE72C
:104F14006038012038B5124B054693F82420CAB1F5
:104F240093F82530B3B1FFF7F9FB0446A8B1837AAF
:104F3400012B12D007D9023B012B07D9002063694A
:104F4400E060A36138BD00F0A5FDF7E7284600F056
:104F540047FDF3E76FF01200F4E76FF01500F1E797
:104F64006038012038B50E4B054693F8242082B1F1
:104F740093F825306BB1FFF7D1FB68B115F0080445
:104F84000AD1284600F04EFD284600F017FF2046BF
:104F940038BD6FF01200FBE76FF01500F8E700BFB3
:104FA4006038012038B50C4B054693F824200C4694
:104FB40062B193F825304BB1FFF7B0FB48B144B16F
:104FC400284600F015FD2070002038BD6FF0120057
:104FD400FBE76FF01500F8E76038012070B5134E59
:104FE400044696F82430C3B1FFF798FB0546B8B1E0
:104FF400230705D4204600F015FD204600F0DEFE10
:105004002B7A83B901232B7296F825300BB9002033
:1050140070BD204600F09AFEF9E76FF01200F7E742
:105024006FF01500F4E76FF07700F1E760380120C6
:105034002DE9F043DFF8E4801E4698F82430074653
:105044008946154685B0002B61D098F82530002B91
:105054005DD003065ED5FFF761FB0446002859D0F6
:10506400037A002B56D04FF0FF334FF0FF3208F194
:10507400380007F087F8A37F4BB108F1380007F038
:1050840083F86FF00A04204605B0BDE8F083A37AE4
:10509400C5B13BB301234FF00008A377384601A9FB
:1050A400CDE90195CDF80C8000F0F2F91C4B984243
:1050B40029D084F81E801EBB6FF00404194807F041
:1050C40063F8E0E7E27F02B1E577002BE2D100F07C
:1050D400E7FC8742DED000F0D7FC124807F054F812
:1050E4000024D0E7B8F80A30AB42F0D96268B5FBC7
:1050F400F2F302FB1353002BE9D10123E377E6E734
:10510400C6F80080D8E706B135600024D6E76FF012
:105114001204B8E76FF01504B5E700BF603801204A
:105124000000AD0B983801202DE9F0411D46204BBD
:10513400174693F824200E46002A33D093F82530DE
:1051440083B3030631D401B97FBBFFF7E7FA044602
:1051540058B3037A4BB34FF0FF334FF0FF32154887
:1051640007F010F8E368BB42984628BFB84646B932
:105174003FB905B12B600F4807F006F80020BDE8E1
:10518400F08142463046A16909F036FCA3694344E4
:10519400A361E368A3EB0803E360002DEBD0C5F83B
:1051A4000080E8E76FF01200E9E76FF01500E6E72A
:1051B400603801209838012070B51E4D034695F8DB
:1051C400242082B395F825206AB31B062ED4FFF75A
:1051D400A5FA044650B3037A43B34FF0FF334FF0BC
:1051E400FF3205F1380006F0CDFFE368B3B90126BC
:1051F40063692677A361637F83B1FFF761FB30B9ED
:1052040005F1380006F0C0FF6FF00B0070BD0674A6
:1052140084600673FFF774FAFFF778FA064806F01D
:10522400B3FF0020F2E76FF01200EFE76FF0150014
:10523400ECE700BF603801209838012010B5084B16
:105244000C4693F824302BB1FFF768FA28B10460B8
:10525400002010BD6FF01200FBE76FF01500F8E7B7
:1052640060380120014B1860704700BF603801208E
:1052740008B5074B93F8243023B1FFF74FFA20B158
:10528400406808BD6FF01200FBE76FF01500F8E707
:1052940060380120064B10F0800FA3F1D80208BF3C
:1052A4001346182200F00F0002FB0030704700BFC5
:1052B400084201200023024A1360024A1370704717
:1052C400E8420120766901204FF40062114BC3F8D3
:1052D40000240122C3F80025D3F800241205FBD5CD
:1052E4004FF40062C3F800248022C3F81C25012275
:1052F400C3F8302540F2FF12074B1A600023074A17
:105304001360074A1370074A13700222064B1A707F
:10531400704700BF00600350E4420120E0420120D6
:105324007269012074690120766901200022094B09
:1053340010B51A70084A094B094C002808BF1346D7
:105344003620C4F80033FEF705FE0123C4F8043503
:1053540010BD00BF75690120FDFFDF01FDFFFF01E6
:1053640000600350034B1878012894BF00200120EB
:10537400704700BF7669012010B54FF0FF324FF03F
:10538400FF33154804F016FBEFF31181202383F358
:105394001288BFF36F8F114B1B7803F0FF0483B1A6
:1053A4000F4BD3F8002412F400720AD10120C3F881
:1053B4002C05D3F82C05D3F80004800502D5C3F8D6
:1053C4002C25002481F31188BFF36F8F024804F069
:1053D400BDFA204610BD00BFE022002075690120FF
:1053E40000600350F8B51C4B1C7894BB1B4A40F278
:1053F400FF171060012226461A7064F07F0514F02E
:10540400080FEDB214BF39464021284606F006FFC6
:105414002846FFF73FFF0134092C867506730661A1
:10542400EBD1002440F2FF17254614F0080FE6B232
:1054340014BF39464021304606F0F0FE3046FFF7EF
:1054440029FF0134092C857505730561EDD10448E4
:10545400F8BD0448FCE700BF76690120E84201205A
:105464000000AD0B0500AD0B084B10F0800F14BF0E
:10547400D3F81025D3F81425012300F00F018B4035
:10548400134214BF01200020704700BF0060035086
:1054940002462DE9F843EFF31187202383F31288A2
:1054A400BFF36F8F030703D1194B1B7883422AD1B3
:1054B400184B10461C684FF00109E44306F0A6FEA1
:1054C400154EA4B2356809FA00F82C4314EA08040E
:1054D4001BD11046FFF7DEFE034680F80C9007C987
:1054E40083E807004FF480021C619C750B4B45EA6E
:1054F40008050B483560C3F8042187F31188BFF30E
:105504006F8FBDE8F8830748F7E70748F5E700BF62
:1055140074690120E4420120E042012000E100E03E
:105524000000AD0B0A00AD0B0B00AD0B10F0080F23
:10553400074B06D0D3F8C00410F4803F18BF0020F6
:10554400704700F00F0000F5947053F82000704786
:10555400006003502DE9F04FAB4BAC4FD3F854210E
:1055640085B0DAB10022C3F85421D3F804138902B8
:1055740014D58DF80C20D3F8202503A8ADF80E20FF
:10558400D3F8C034002B14BF4FF001224FF48072C3
:105594003B6813433B609E4B1B6898479A4BD3F878
:1055A400604134B10022C3F86021D3F86C44C3F8DD
:1055B4006C44D3F828214AB10022C3F82821954B22
:1055C400187806F023FE012383401C43DFF8488249
:1055D400924E98F8005098F9009015F0080141D1C6
:1055E400B9F1000F05F00F032CDA8D4A52F82300AD
:1055F40010B342F823101422534303F1A04303F5DC
:105604005833D3F80836874A03F0010311784B4026
:105614001370854804F09AF92846FFF73BFE837D12
:10562400032B37D1284606F0F1FD012303FA00F0DD
:10563400336823EA0003336001254FF00609DFF8DD
:10564400D0A15DE0794A52F823000028F4D042F852
:1056540023101422534303F1A04303F55833D3F822
:105664000837D0E7B9F1000F674B09DBD3F85021B5
:10567400002AE1D00022C3F85021D3F8A837C2E7AA
:10568400D3F82C21002AD7D00022C3F82C21D3F838
:10569400A836B8E7037BDBB9284606F0B7FD01233B
:1056A40003FA00F03368B9F1000F23EA0003336012
:1056B40001DA882DC0D106238DF80C3000238DF833
:1056C4000F30534B8DF80E501B6803A89847B3E76F
:1056D400002DB1D101224C4BDA64ADE794FAA4F069
:1056E400B0FA80F03A6805FA00F31A430F283A60DA
:1056F40024EA0304326840F39D80134200F0AA8038
:10570400002CEBD1404BD3F800215AB1C3F800412F
:10571400474B03A81C703F4B1C70012303933C4B65
:105724001B689847384BD3F85821002A2ED0002202
:10573400C3F85821D3F80044C3F80044E30508D55E
:1057440001223B4B03A81A7002230393304B1B68BE
:105754009847A50508D50022354B03A81A700323E2
:1057640003932B4B1B68984760050FD5304B1A7871
:1057740062B100221A700122234B03A8C3F8082542
:105784009A6504230393224B1B6898471E4BD3F856
:105794005C3103B3244B9B681BB998F8003059065D
:1057A40019D00022184B03A8C3F85C21D3F8803425
:1057B400184A23F07F031370336823F00113336016
:1057C4003B6823F4803343F001033B6005230393D8
:1057D4000F4B1B68984732683B681A4200F093806D
:1057E40000220023104804F0E5F8002840F08B80E4
:1057F400054BD3F82C35002B00F0A8800A4805B0DF
:10580400BDE8F04F04F0A2B800600350E442012068
:10581400E84201207469012073690120E0420120FB
:105824000861035072690120E022002030610350B6
:105834007569012013407FF463AF60F07F018DF838
:105844000C908DF80E108DF80F30DAF8003003A8A4
:10585400984755E7A0F110018DF80C908DF80E10C3
:105864008DF80F50F1E749F080052846FFF712FD47
:105874004368B0F814B001689B4528BF9B4601F00B
:105884006043B3F1005F044604D05A46514809F01E
:10589400B3F85049226863685A442260A268A3EBB3
:1058A4000B03D20768B2636005D5BBF1000F04D1C6
:1058B4000023237301E0002BFAD0012202FA09F934
:1058C4002AEA09033B60236915F0080F5B4423614E
:1058D40088F80050404B6FD100284FF0140005F0B9
:1058E4000F0500FB0530B5BF03EB85030A35C0F88F
:1058F4000016C0F80017B5BFC0F804B6C0F804B766
:105904005A6043F8252005B0BDE8F08F61464FF09A
:10591400000B70454AD1003A18BF0122BCF1000FB8
:1059240046D0584544D9012202FA09F223EA020377
:105934003360062302218DF80C30284BA1751B68B7
:105944008DF80E508DF80F1003A898473368D7F8D8
:1059540000A013EA0A093FF451AF19F0012214BF61
:1059640092FAA2F999FAA9F9B9FA89F9B9F10F0FDA
:1059740001937FF678AFA9F11005EDB22846FFF741
:1059840089FC04462846FFF7D1FD6268B4F814E0A8
:105994009042D4F800C0019BB8D800EB0C0B121A4B
:1059A400C4F800B0614683466260B2E70022B5E7FE
:1059B40068B2002A81D17BE70028B5BFC3F8A016DE
:1059C400C3F8A017C3F8A4B6C3F8A4B7B4BF5A6207
:1059D4009A6498E7F040012000600350E8420120F7
:1059E400024B40F48070C3F8180570470060035000
:1059F400030713D400F00F0310F0800F084A0BBF05
:105A040003F5887303F5847302EB830252F82300D1
:105A140008BF5068003818BF012070470020704745
:105A240000600350034BC3F80C0540F48070C3F8C6
:105A34000C057047006003500023036043600E4B65
:105A4400D3F880240270D3F884244270D3F88824D5
:105A5400D3F88C1442EA01224280D3F89024D3F87C
:105A6400941442EA01228280D3F89824D3F89C3417
:105A740042EA0323C3807047006003500122014BB4
:105A8400DA647047006003500122014B1A657047C5
:105A9400006003500122014B5A65704700600350B7
:105AA400014B1878704700BF74690120024610B595
:105AB400EFF31184202383F31288BFF36F8F06F072
:105AC400A5FB01230A4903FA00F00B6823EA00034B
:105AD4000B6012F0080101BF02F00F02054B02F542
:105AE400947243F8221084F31188BFF36F8F10BDB2
:105AF400E442012000600350F7B50146EFF311853D
:105B0400202383F31288BFF36F8FFFF7C3FB06468E
:105B1400084606F07BFB012211F0800F02FA00F226
:105B24002D4818D1036832EA03040AD00846FFF767
:105B3400BDFF0323B37585F31188BFF36F8F03B0E3
:105B4400F0BD264923EA020303600B68347323EA99
:105B540002030B60EDE70B0715D48029204B2FD0EF
:105B640001F00F0404F2DA346400C3F80048D3F8F7
:105B74000448D3F80478E4B244F002043C43C3F884
:105B84000448D3F80438154F04683B6864EA030CEE
:105B94001CEA020FCFD013433B600023337303236B
:105BA40024EA02040622B3758DF807300D4B046015
:105BB4001B688DF804208DF8061001A89847BAE7F1
:105BC40040F2B474C3F80048D3F80448D3F8047816
:105BD400E4B244F00404D1E7E0420120E4420120AD
:105BE40000600350E842012038B50446094D4FF0E7
:105BF400FF324FF0FF33284603F0DCFE2046FFF768
:105C04007BFF284603F0A2FE4FF48002024BC3F848
:105C1400042138BDE022002000E100E0F8B54FF097
:105C2400FF324FF0FF332A4803F0C4FE4FF48002E2
:105C3400284B3620C3F88421FEF7AEF998B101272A
:105C4400254E264B34681B68240C24041C4354BB87
:105C540040F2FF13224D33603620C5F80445FEF7A9
:105C640087F9C5F800431F4A13788BB100211C4BF8
:105C7400C3F808110121C3F80026C3F804165960BB
:105C8400D3F808110029FBD00021C3F808111170C2
:105C94000022134BC3F800250D4803F057FE0122E0
:105CA400114B1A70F8BD94FAA4F5B5FA85F5284697
:105CB4000F2DC6BFA5F11000C0B240F0800003074D
:105CC40001D4FFF719FF07FA05F524EA0504BEE736
:105CD400E022002000E100E0E4420120E042012053
:105CE40000600350726901207669012010B50446F2
:105CF4004FF0FF324FF0FF33114803F05BFE2046B4
:105D0400FFF7FAFE012304F00F029340DB430D4A30
:105D140014F0800F15BFD2F81015D2F814150B40EB
:105D24000B4014BFC2F81035C2F81435044803F010
:105D34000DFE4FF48002044BC3F8042110BD00BFD4
:105D4400E02200200060035000E100E070B504464A
:105D5400FFF78AFB68B9012504F00F0214F0800FE5
:105D6400144B05FA02F205D0D3F810150A43C3F810
:105D7400102570BDD3F814150A43C3F81425631E07
:105D8400062BF6D8EFF31186202383F31288BFF392
:105D94006F8F2046FFF78AFE204606F037FA064A40
:105DA4008540136823EA0503136086F31188BFF363
:105DB4006F8FDEE700600350E0420120030610B558
:105DC400044605D4FFF714FE10B12046FFF76EFE1B
:105DD400014BC3F8184510BD00600350084B70B563
:105DE400C31A0D4607499B100446594340220648EE
:105DF40006F038FA2B4601462046BDE870401847A5
:105E040000430120B76DDBB664EB0000402373B59B
:105E14000B4C0093041B0B460D460A49A410614326
:105E24000646094A094806F049FA011E05DA3046D1
:105E34002B4602B0BDE87040184702B070BD00BFE9
:105E440000430120B76DDBB62BC3000064EB0000F8
:105E540010B5EFF31184202383F31288BFF36F8FFF
:105E6400074A136823F00201DB07116002D4012002
:105E740007F056FE84F31188BFF36F8F10BD00BF87
:105E8400A04301202DE9F843002201210646052004
:105E9400FEF790F8114802F0C5FA114B984219D157
:105EA40002F0D0FA00244FF01C090C27DFF83480EC
:105EB4003569414609FB045005F0C3FC002807DBA3
:105EC400012307FB04551C44042CAB67F0D10020CC
:105ED400BDE8F8836FF00400FAE700BFE55F000057
:105EE4000000AD0B70F100001FB500220123CDE9C5
:105EF40002236B46084ACDF800D0CDF804D006F052
:105F04000BFA002805DB4FF480420023684603F0B7
:105F140051FD05B05DF804FB61C300000C22104B79
:105F2400014602FB0033002030B4D3E91C52186749
:105F3400EFF31180202484F31288BFF36F8F9C6FDA
:105F440004F0C00444F002049C6780F31188BFF39A
:105F54006F8F1DB12B4630BC0248184730BC7047C8
:105F64000043012064EB000010B4EFF311822023FE
:105F740083F31288BFF36F8F1748016841F002045E
:105F84000460C80707D482F31188BFF36F8F012020
:105F940010BC02F073BA4FF05021D1F80C04D1F8C0
:105FA4000C14C907EFD5EFF3118083F31288BFF304
:105FB4006F8F0A498B6F03F0C00343F002038B67B2
:105FC40080F31188BFF36F8F82F31188BFF36F8F53
:105FD400002010BCFFF7A2BFA04301200043012012
:105FE400092813D8DFE800F0051012121212121259
:105FF4000E0C074B986F10F0070007D1FFF78EBF08
:106004000220FBE70320F9E70120F7E7704700BF10
:1060140000430120C3B21C20014A03FB0020704747
:10602400004301202DE9F041012207463649D1E819
:10603400EF3FC1E8E02F0028F9D133B933493448A0
:106044004B60CB608A6005F00FFC7B1E012B2BD8C4
:10605400012F07D14FF05023D3F81C3403F003036E
:10606400022B21D008F03DFB0546F8B9294B1B78DB
:10607400E3B14FF0502302220646C3F808234FF041
:106084005024DFF89480D4F81824D4F81834D203B8
:1060940015D503F00303022B01D0012F0FD16DB3EB
:1060A40086F31188BFF36F8FBDE8F081EFF311869B
:1060B400202383F31288BFF36F8F0125DFE7C5B177
:1060C400304605F0F2FFD4F81835DBB2012BDAD1F3
:1060D400D4F80421002AD6D00022C4F80421D4F82C
:1060E40004210222C4F818252022C8F88021A360C4
:1060F400C9E70021212008F0A9FBE4E74FF0502371
:106104000222C3F80423CFE7FC420120EC42012021
:106114001C4301207969052000E100E000F174408E
:1061240000F5A6000A289ABF024B33F910006FF05D
:106134000F0070478AF40000024B0B6001231360C8
:10614400704700BF00F20000004870479CF1000057
:106154000268154BFF2A08BF4FF0FF32C3F824250D
:106164004268FF2A08BF4FF0FF32C3F8282582682F
:10617400FF2A08BF4FF0FF32C3F83025C268FF2A58
:1061840008BF4FF0FF32C3F834250269FF2A08BF65
:106194004FF0FF32C3F838254269FF2A08BF4FF099
:1061A400FF32C3F83C25704700B00250054B9942BA
:1061B40006D14FF0FF324FF0FF33103003F0FABB3B
:1061C400704700BF0000AD0B2DE9FF470F460546A1
:1061D4001E4690464168002A77D0002B75D0042BC8
:1061E40001D9B30771D117F003046ED1002F6CDB12
:1061F400CA6ABB19934268D8284606F09CF920461F
:1062040006F069F9044648B1012006F064F928460D
:1062140006F076F9204604B0BDE8F087032E1CD8BA
:106224003A460421684607F02CFD044601462869D5
:10623400FFF7BCFF264B9C4234D1324641466846A8
:1062440008F0DAFB3A460421684607F017FD0446D5
:1062540001462869FFF7AAFF24E008F06043B3F180
:10626400005F02D118F0030F2BD0DFF864A0102ECA
:10627400B14628BF4FF0100941464A46684608F027
:10628400BBFB3A464946684607F0F8FC044601461B
:106294002869FFF78BFF544504D1B6EB0906C844BF
:1062A4004F44E4D12046FFF739FF0446012006F0AD
:1062B40012F90646284606F023F9002C08BF344696
:1062C400A8E73A4631464046BFE76FF01504A1E718
:1062D4000000AD0B2DE9F04F824688461C46174658
:1062E40085B0002A00F08F80002B00F08880002900
:1062F400C0F289804268CB18D26A934200F283804C
:10630400C8F1000505F0030506F015F9A54228BFFC
:1063140025467B4203F0030307F0030658BF5E42A1
:10632400764206F00306A64228BF2646631BA41B3A
:1063340024F0030423F00309A145C8BFA14603F0D8
:10634400030BC8BFA3EB040BB9F1000F18D0BB19A2
:1063540008EB050249461846019307F092FC0446EF
:106364000146DAF81000FFF721FF284A94423DD194
:10637400B54205D0019B4A461946781908F049FBF5
:10638400C5B1C5F104060421A8EB060202A807F072
:1063940078FC04460146DAF81000FFF707FF1B4BB0
:1063A4009C4223D106F108032A4638460DEB03012B
:1063B40008F022FBBBF1000F17D0082108EB0502FF
:1063C4004A440DEB010007F05CFC04460146DAF890
:1063D4001000FFF7EBFE0D4B9C4207D109EB0500C3
:1063E4005A4602A9384408F007FB084C504606F008
:1063F40087F8204605B0BDE8F04FFFF78FBE18467A
:1064040005B0BDE8F08F6FF01500F9E70000AD0BA3
:106414002DE9F047C1F30B0307460E461546D0F8A5
:1064240004C0002A6BD0C2F30B0252EA030466D103
:10643400002964DBDCF82C204B1993425FD806F06A
:106444007AF82046D7F8048006F045F80446002878
:106454004FD1DFF8B090D8F82C30AB4221D107F0FF
:1064640013FCAA46044621463869FFF79FFE4C45B3
:106474002CD15644A5EB0A0500214FF4A47008F072
:10648400E5F906F00DF8041E30DB14F00104F3D135
:10649400002DE0D1012006F01EF8002C08BF0446B0
:1064A40027E0B5F5803F09D3B3B2A3B93146012043
:1064B40002F0AAFE4FF4803A0446D4E7B5F5805FB3
:1064C40009D211493869FFF771FE0F4C2046FFF7D6
:1064D40025FE0446DEE7C6F30B000028F1D1314661
:1064E40002F092FE4FF4805A0446BCE7012005F006
:1064F400F2FF384606F004F82046BDE8F0876FF056
:106504001504F9E70000AD0B0400AD0B2DE9F047CD
:10651400436890B05D6B0746002128460AAA06F03E
:1065240097F8041E7BDB0A9B2A681979186800F027
:10653400B1FA041E73DB002201212B20FDF73AFD82
:1065440000264FF05023C3F8B865072007F01BFF5F
:10655400D7F804803A694046564902F0AFFDFFF788
:10656400DDFD041E51DB544D0AAC0FCD0FC495E87C
:106574000300AB230DF1040984E803000196C9E983
:1065840001668DF804304D4B0AA8D3F8242504ADD8
:10659400D2B20492D3F82825D2B20592D3F830258A
:1065A400D2B20692D3F83425D2B20792D3F8382562
:1065B400D2B20892D3F83C35DBB20993FFF7C8FD99
:1065C400012002F0F9FD01462846FFF7C1FD3C4BCE
:1065D400994228D13146484605F031FF041E14DBA8
:1065E400232007F0D0FE4FF0030A9F2331460AA868
:1065F400CDE90A66CDF81090CDF814A08DF82830B6
:106604000C9505F01CFF041E10DA4FF050230222F3
:10661400C3F8B82502F0EEFD08B102F0D9FD20461A
:1066240010B0BDE8F0876FF00404EEE75246494627
:1066340008F1300008F00FFA0446002834D17A68D3
:10664400537F023B012B2DD9167F023E022E8CBFB5
:106654000026012605F024FF002828DBC2B2C0F37F
:1066640080108642D1D00023012182F040020AA882
:10667400ADF800300A938DF80020CDF810D00591C4
:106684000C938DF828100B9505F0D9FE04460028CC
:10669400BBD105F005FF041E01DBE307F9D404EACE
:1066A400E474B2E70126D5E76FF01204ADE70446BF
:1066B400ABE700BF37C40000C0EF000000B00250D9
:1066C4000000AD0B024B0B6001231360704700BF49
:1066D400A44301200048704708F2000010B50122CD
:1066E4000648114607F089FF07F0AEFA044C206013
:1066F40007F0A7FA6060002010BD00BFAC43012082
:10670400A443012070B50C46154607F09AFA2946B1
:106714000646204605F036FF08B3B4FBF6F306FB45
:106724001343E3B9B5FBF6F306FB1353BBB9AE420F
:1067340001D9002070BD4FF0FF324FF0FF330948FC
:1067440003F038F907F07DFA0646204602F072F9A4
:10675400AD1B3444F9D1034803F0F8F8E9E76FF0CE
:106764001500E7E7AC4301202DE9F0410D46194639
:10677400284616461C4605F005FFC8B314B9002088
:10678400BDE8F0814FF0FF324FF0FF331A4803F0B9
:1067940011F915F003070CD0C7F10407A74228BF6D
:1067A4002746314628463A4602F072F93D443E44B3
:1067B400E41B002724F00308B84507EB050012D1B9
:1067C4006FF00302A30802FB03421AB106EB0801AF
:1067D40002F05EF9094AD2F80034DB07FBD506481B
:1067E40003F0B4F8CBE7F15902F042F90437E3E7D8
:1067F4006FF01500C4E700BFAC43012000900350C4
:10680400B1F5802F10B508D2C1F58020834204D899
:1068140041EA030010F0030003D06FF0150008E014
:1068240004309842FCD30748134401449A4201D1EE
:10683400002010BD087812F8014B204001F8010B2C
:10684400F4E700BF77690120024B0B60012313605A
:10685400704700BF10F200000048704718F20000B3
:10686400B1F5802F104608B51A4609D2C1F5802328
:106874009A4205D8044B194408F0BEF8002008BD1C
:106884006FF01500FBE700BF77690120B1F5802F99
:1068940038B51DD2C1F580239A4219D841EA0205C0
:1068A400C5F30B05A5B90C4B21F47F6121F00F0151
:1068B400140B0B44A54201D1002038BD18464FF4F7
:1068C4008052FF2108F0BFF8013500F58053F1E74D
:1068D4006FF01500F1E700BF7769012008B54FF4A8
:1068E4008022FF21024808F0AEF8002008BD00BF56
:1068F400776901204FF4802301480B60704700BF83
:1069040077690120F0B540680D46037B01F01F0153
:1069140041EA4311D30640F2063348BF032402EA96
:10692400030358BFC2F3401485B0B3F5837F8DF8D9
:10693400034043D00DD8062B16D005D8A3B1022BA3
:106944003ED06FF0150037E0B3F5807FF9D1012315
:106954000AE040F20226B34234D0B3F5407F33D08C
:10696400B3F5007FEDD1022317032FD50127466825
:1069740007FA05F5B560056995BB01F01F004909E3
:106984002CD0012952D12B4901EB800182F48035AE
:10699400D1F80002C5F30045C2F3404242EA450281
:1069A40020F4706042EA840220F00F0042EA0323DC
:1069B4000343C1F80032002005B0F0BD0723D3E73C
:1069C4000423D1E70523CFE70323CDE7560341BFD3
:1069D4000127466807FA05F5F560CCE71649D3E7C1
:1069E40012F4403F00F1100002D107F017F9E2E77A
:1069F40012F4003511D082F48032C2F300428DF8D3
:106A040004308DF80520002301AA8DF8064001F01A
:106A14004BFF0A4B9842CED093E70DF1030301AA32
:106A2400CDE90255019301F07FFEF2E7803055F87D
:106A34002030FFDE00288450002584500000AD0B78
:106A440010B5446823695BB11034204601F0D2FFCD
:106A5400014628B9204601F0A9FF044B984201D110
:106A6400002010BD6FF00400FBE700BF0000AD0B79
:106A7400036803F01F025B09026004D0012B034882
:106A840018BF002070470248704700BF0028845098
:106A9400002584502DE9F04F1546834640F2FF1837
:106AA400DFF87491DFF874A185B000EB81015945DA
:106AB40003D1002005B0BDE8F08FDBF80030C3F34C
:106AC400C322082AC3F3080400F2A0801B0E043B6F
:106AD400444508BF4FF0FF3419F802701E2B00F232
:106AE4009880DFE803F0101726969696962D5A960E
:106AF40096969696969696965D676A6D9696967015
:106B04007685888B8E00601CC5F808457CD10BF116
:106B1400040BCCE7621CC5F80C45F8D0012603A889
:106B24000394FFF7A5FF0122039B02FA03F3C3605A
:106B34000FE0C5F81045631CE9D00026002208E0E8
:106B4400C5F80845002FF6D1631CE0D000260627BF
:106B54003246DBF80030039403F40040002818BFE9
:106B6400002203A818BF012601930092FFF780FFBB
:106B7400039C019B00EB8400D0F80042C3F3412C3A
:106B8400009A3B0243EA8C03134304EA0A042343B6
:106B940043EA4603C0F80032B9E7C5F80C45D1E72B
:106BA400C5F86045661CDBF80030B0D0C3F3004381
:106BB4009BB9B3E7C5F86445F4E7C5F86845F1E760
:106BC400C5F86C45EEE7C5F82445601C9FD0012646
:106BD400B4E7C5F82845621C99D0012603A803949C
:106BE400FFF746FF039B324606FA03F38360B0E7E0
:106BF400C5F83045E9E7C5F83445E6E7C5F8384552
:106C0400E3E7C5F83C45E6E7002688E76FF01500A2
:106C140050E76FF085004DE704F80000F0F0FCFF4A
:106C240038B570B14FF400450021064C0023E0FB59
:106C34000541054A2046F9F78BFABDE8384007F0CC
:106C440005BE38BD3F420F0040420F000123834080
:106C540070B5DC430B4AD2E8EF1F01EA0405C2E831
:106C6400E65F002EF7D14FF4803282400648C0F828
:106C74000823BFF35F8FBFF36F8F0B4214BF012054
:106C8400002070BD084401200050015070B40E492A
:106C940022F07F46D1E90034D01AC31844F100042D
:106CA400C1E90034A6F50013B3F5400F09D2074B30
:106CB4001B681A0A1B069C19054B42F10005C3E91F
:106CC400004570BC03F03EBC582500200C44012054
:106CD40060250020D9B101230D4A8340D2E8EFCFCB
:106CE4004CEA030CC2E8E1CF0029F7D14FF480331A
:106CF400084A8340C2F80433074BD3E8AF3FC3408C
:106D0400DB0742BF4FF40012044BC3F80021704765
:106D140008440120005001500444012000E100E037
:106D24000D4B1868010A0006BFF35F8F0B4BD3F8B5
:106D34000435181841F10001B3F5801F0AD2084B3D
:106D4400D3E90023904271EB030303D210F1807066
:106D540041F10001704700BF0C4401200050015074
:106D6400602500202DE9F04F85B016461F460446E5
:106D74009DF840A0FFF76AFF0190FFF7D1FFB042F2
:106D840071EB070352D23B4B301A67EB0101984277
:106D940071F100014DD2384B03EB0413D3E9022304
:106DA4009F4208BF964258D04FF48038334908FABE
:106DB40004F8204626F07F4BC1F8488305F0B6FD61
:106DC4004FF00309584604F15005AD00ADB205F18A
:106DD400502504F5A87305F580350293029A20F036
:106DE4007F4341F82230C1F84483D1F80435244A62
:106DF400C01A033820F07F4090422ED9286868B129
:106E0400D1F80435A3EB0B0020F07F40B0F5000F60
:106E1400039322D9204605F089FD039BBAF1000FA4
:106E240007D109EB030009F10109D7E7BAF1000F13
:106E340009D06FF0150520460199FFF74BFF28464E
:106E440005B0BDE8F08F01230E4AA340D2E8EF0F4E
:106E54001843C2E8E10F0029F8D107490E9823012D
:106E6400C8500F9B01EB04120025C2E9026753606E
:106E7400E1E700BF010080004825002000500150D8
:106E8400FDFF7F000444012030B54FF0FF300024A3
:106E94004FF0FF31194D1A4B4FF40012C5F8083367
:106EA400C5F84833174BC5F80845C3E902014FF448
:106EB4008033C5F804330223C5F80433124B85B07C
:106EC4000121C3F8802115202246FDF773F815200F
:106ED400FDF740F801230D4AAB602B6013600C4BA7
:106EE4000C4A009320460023CDE90144FFF73AFF02
:106EF4002046FFF797F8204605B030BD00500150FA
:106F040003000F004825002000E100E008440120B0
:106F1400916C0000FFFF7F002DE9F7432E4BD3F85F
:106F2400042390070BD5D3F8042142B10022C3F8FF
:106F340004212A4AD3F80431136801331360264A22
:106F4400D2F80433D90326D5254BD3E8EF1F21F01B
:106F54000100C3E8E40F002CF7D1CB0702D4D2F828
:106F64004031C3B100251C4CC4F84051D4F8403121
:106F7400FFF7D6FEEFF31182202383F31288BFF3C9
:106F84006F8F184BD3E90267B042B94106D282F33E
:106F94001188BFF36F8F03B0BDE8F0834FF0FF3863
:106FA400D3E900104FF0FF391D60C3E902894FF4A3
:106FB4008033C4F84833C4F84051D4F8403182F3E4
:106FC4001188BFF36F8F0029E5D0009032463B460D
:106FD40028468847DFE700BF005001500C440120D9
:106FE400044401204825002030B5431C124C85B0D0
:106FF40005D08442A8BF0446012CB8BF0124FFF782
:107004008FFE0E4B0C4DD3E90013401AB0F5000F60
:107014000FD22218AA4228BF2A4600205218084933
:10702400CDE90100009143F10003FFF79BFE05B099
:1070340030BD2A46F1E700BFFFFF7F00582500203E
:10704400916C000008B5FFF76BFE024B1B68C01A79
:1070540008BD00BF58250020012310B5074C15209A
:107064006360FCF785FF4FF40012054BC4F8083346
:10707400C4F84833034BC3F8802110BD00500150BD
:1070840003000F0000E100E040EA0103C3F30D0335
:1070940030B58BB940F21515094C890BC0F3873014
:1070A400994201D1002030BDC218D2B202F5C0729B
:1070B40044F822500133F3E76FF01500F3E700BF03
:1070C400003000504FF0005318680D4B984210D018
:1070D40003F11C53A3F58B13A3F6CC5398420AD0A7
:1070E400084B984209D0084B98420CBF0420022058
:1070F400704700207047032070470120704700BF8D
:10710400B6B3B4B55DCE03F1EC49F2B608B5FFF7FA
:10711400D9FF30B1034807F027FC0022024BC3F823
:10712400402408BD28220020003000502DE9F04101
:107134004FF0502315460122C3F81426002858D0D6
:10714400002956D04FF0005302F13642A2F14B12FF
:10715400A2F59842C3E900204FF408429960DA602E
:10716400FFF7B0FF4FF47F03D3F830210646072A18
:10717400D3F834312DD1023B032B02D81E4AD35C01
:107184003BB34FF050244FF0010800270520C4F80A
:107194001886C4F8147606F0B7FC4046C4F8148682
:1071A40006F0B2FCC4F81476C4F81876FDB1134C9A
:1071B400204607F0E8F8FFF785FF8642F8D002285A
:1071C4000F4B0CD100226FF00D00C3F84024BDE832
:1071D400F0814FF050230022C3F81426E6E74FF065
:1071E40050220121C2F814160022C3F840240020C2
:1071F400EDE76FF01500EAE730F8000040420F00B9
:107204000030005010220B4B13B5C3F84024002269
:10721400FFF78CFF044650B94FF4004200230648A0
:10722400CDE9002303F072FA044807F0ACF82046D5
:1072340002B010BD003000502822002040420F0050
:107244001022034BC3F840240122FFF76FBF00BF95
:1072540000300050034B000240F00400C3F8000764
:10726400704700BF00300050012803D111B9024B10
:1072740018687047014BFBE794270020B0200020DA
:1072840013B50446104807F083F8B0B1002001A9F3
:10729400FFF730FB0D4B02689A4211D10389C16894
:1072A40018444368B3F1807F0AD91CB1FFF7C8FFC3
:1072B40002B010BDFFF7A6FFFAE76FF01200F7E780
:1072C4006FF03C00F4E700BF24EC00003DB8F396F7
:1072D400F0B585B06E4681680546103921F0070483
:1072E40004F06CFC32460A4B03F1100C3746186864
:1072F4005968083303C763453E46F7D11023214636
:10730400284604F01AFC003818BF012005B0F0BD6F
:10731400A0F4000030B50D46816887B0102302AA9E
:107324001039044604F0F4FB002802DA012007B007
:1073340030BD1022204602A905F078FB00283AD17E
:1073440010221E4902A807F086FB00280CBF012367
:1073540002232B70204605F055FB012301460DF155
:107364000702204604F0D4FB0028DFDB9DF8073039
:10737400204603F00F021B096A702B7101220DF1E4
:10738400070105F053FB10B96B78042B03D90123D3
:107394006B7000232B71A2682046183A22F0070272
:1073A400083AA91C05F055FB0028BFD12046E91C6A
:1073B40005F06BFBBBE70323CBE700BFA0F40000A1
:1073C4007FB56946044605F0F2FA012805D1264B3B
:1073D400694653F8340005F05EFB002836D1224B91
:1073E40002A903EBC403586805F055FB01282BD10F
:1073F40003238DF808308DF80B3000249DF80050DD
:107404009DF80860194A2946107805F001FB18B365
:107414003146507805F0FCFAF0B19378042B03D090
:107424009DF80310994217D1D378042B03D09DF80B
:107434000B10994210D11379042B09D15079831E72
:10744400022B03D804B070BD0028D6D0FF20F9E782
:107454009DF802109942F1D00134032C02F1060286
:10746400D1D10120EEE700BFB0F2000034F80000F3
:10747400044B1B68584043085B4240421843C01702
:10748400704700BF104401208842F0B504D00025A5
:10749400084F0438AA4200D1F0BD3E6850F8044FAA
:1074A4005E4024EA060451F8256001351E40344349
:1074B4000460EFE7104401202DE9F04F8DB01D4624
:1074C400189B8346B3F12A3F8A46179F1A9E05925A
:1074D40040F08D803946169805F04CFB012838BFE2
:1074E4000120470900F01F044FF001097B01502BD4
:1074F40034BF4B4603230A9309FA03F30B930A9B05
:10750400059805FA03F306EB8303069303EB85035F
:10751400079305F00BFD4FEA8508424600210890C9
:10752400304607F090FA079BC6F800900393089B37
:107534003146CDE90153059B3046199A009306EB79
:1075440008092B4605F003FD51464246484607F01C
:1075540053FA0223494609930B9B099A934248D153
:1075640042463146584607F047FA4FF00009CA46EA
:10757400079B5A460393089B5946CDE90153059B43
:10758400584600932B4605F0E2FC002C47D11F24FB
:10759400013F169B0AF1010A53F82730E34003F038
:1075A400010343EA49090A9B534503D0002CDFD168
:1075B400002FDDD1189BB3F12A3F32D1424609FB9B
:1075C4000861069807F018FA079B59460393089B2D
:1075D4005846CDE90153059B069A00932B4605F0C6
:1075E400B6FC002CC1D1BFB90DB0BDE8F08F0024AA
:1075F4007AE7079B01EB080A0393089B4A46CDE907
:107604000153059B504600932B4605F0A0FC099BB3
:107614005146013309939FE7A146A246A8E7013CDE
:10762400B7E731464FF0000A0A4B2A4618681B6830
:10763400584080EA090080EA0A00FFF719FFC343B3
:107644000698FFF721FF099B0AF1010A53454144BB
:10765400EAD1B9E710440120054B01311B6801321E
:10766400434022EA030208400243501E00B270471E
:10767400104401202DE9F04F834699B00F46184677
:1076840000211646039305F0D3FE002800F08981FB
:1076940000240125774B30461493039915ABCDE9AB
:1076A4000B45CDE90D45CDE90F45CDE911451393C2
:1076B40005F047FEA04228DABBF1000F05D1E7B977
:1076C4000024204619B0BDE8F08F2146584605F045
:1076D400C0FD04460028F2D00BA805F007FD0DA854
:1076E40005F004FD0FA805F001FD11A805F0FEFC4E
:1076F4000C2115A800F014FBE3E73146384605F0E9
:1077040073FD04460028E7D1DAE731460BA805F0FB
:107714006BFD04460028DFD103990DA805F064FD34
:1077240004460028D8D1F1880FA80231ADF83850AA
:10773400ADF8305005F0E8FC04460028CCD10146F1
:107744000FA805F086FD04460028C5D1F18811A8CC
:10775400023105F0D9FC04460028BDD10DA805F07E
:10776400A4FD00F01F001F2873D0C0F11F031946A9
:107774000BA8019305F0BFFD04460028ACD1019984
:107784000DA805F0B8FD04460028A5D1BDF8325077
:10779400BDF83A800DA8A5EB080A4FEA4A194946F4
:1077A40005F0A9FD0446002896D14FEA8A0A0DA9DE
:1077B4000BA805F0F5FD00284DDA49460DA805F0A3
:1077C400B7FD0446002887D108F1FF3305939B00D9
:1077D40005F1FF3A069305F1804508F18043023B29
:1077E400013D9B00A5EB08050893AB000293059BA4
:1077F4009A4541D8BBF1000F0DD058460FA905F0AA
:10780400F3FC002840F0C980039AB388928813FBE4
:1078140002F3ABF80430002F3FF45EAF01990BA8DC
:1078240005F086FD002840F0B880B3880BA93846DF
:10783400ADF8303005F0D8FC0146002840F0AF80A8
:10784400384605F0F5FD00287FF446AF0123BB80E0
:1078540042E701949AE70F9A0BA952F80A300846B6
:10786400013342F80A300DAA05F0C7FE0446002889
:107874009DD031E7010003000D9B069A0493134445
:10788400DDF82C900793049B4FEA8A089A5859F81C
:107894002A10A8F104030F9D0993029B91421D44F1
:1078A40076D2A8F10400002359F80000F8F750FC40
:1078B400002914BF4FF0FF330346BAF1010F2B60C8
:1078C4000EBF002309EB080353F8083C1593A8F1F5
:1078D400040359F80330169359F80830DDF8108082
:1078E40017932B6801332B60089B98442B68002165
:1078F400013B2B6011A805F0ACFC00284DD1059B81
:10790400002B48D0D8F80020119B11A91A60079ABF
:10791400084612685A602A6805F073FE00283CD1B4
:1079240013A911A805F03CFD0028DFDC2A680DA985
:1079340011A805F066FE80BB029B11A84FEAC3089C
:10794400414605F0D8FC40BB0BA9084611AA05F036
:1079540054FE014618BB0BA805F06AFD002812DA94
:107964000DA911A805F040FCB8B9414611A805F0CD
:10797400C2FC90B90BA9084611AA05F03BFE60B9F8
:107984002B68013B2B60029B0AF1FF3A043B2DE775
:107994004FF0FF3391E7059AB6E704469CE60C46A0
:1079A4009AE66FF00B048CE6F0B5114C002B14BF73
:1079B4009C468C46246800234440E443059F03F11D
:1079C400040E774502D2BB4209D3F0BDD5585CF80A
:1079D4000360054026403543CD507346EFE7D55C40
:1079E4001CF80360054026403543CD540133EAE7D3
:1079F400104401200928024818BF0020704700BF26
:107A040046F8000001680E4A0346914215D1C16947
:107A1400A2F11022A2F1EF1291420ED18268012A42
:107A24000BD8C26812B101698A4206D0586928B1DC
:107A34009B691B1A5842584170470120704700BF88
:107A440055AA00FF70B50D4B9E68A6B13046FFF7EE
:107A5400D9FF044678B9F3686BB935690DB9204686
:107A640070BD2846FFF7CEFF28B9EB68B34202D1B8
:107A74002E462D69F2E70124F1E700BF14440120EA
:107A84002DE9F8433F4F3C68D4B1BC68C4B1002829
:107A94004AD0002948D001FB00F5B5FBF0F088423C
:107AA40042D1281D40D8A9070DD025F0030604367D
:107AB400FC6803E06368B34238D2A469002CF9D1AE
:107AC4002046BDE8F8832E46F2E7FB6041E006F16C
:107AD40020016318203A5A600022C3E902242A488C
:107AE40022691A6160502949D96102B1D36062697F
:107AF4005A61A1699961AAB193619A6902B153610A
:107B04004FF0010923610023C4E90169C4E9053385
:107B14003B69DB072ED5FFF795FF58B31C4B48464E
:107B24001B6826E0FB60E8E70024C9E7A3681BB1F3
:107B3400174B01201B689847626804F12008921BC8
:107B4400232AC4D80123A360D4E90523002ABCD086
:107B54009361A3690BB162695A610023C4E90533D7
:107B64003B69DA0706D5FFF76DFF18B10120084B12
:107B74001B6898472A4600214046444606F063FFA6
:107B84009EE700BF1444012055AA00FF669911EE38
:107B94004C21002070B50546002800F08880444E32
:107BA4003368002B00F08380B268002A7FD08342C0
:107BB40003D872681344984203D33E4B01201B68D8
:107BC4009847A5F120042046FFF71CFF18B1394B54
:107BD40001201B68984755F8183C012B03D0354BFE
:107BE40001201B689847002345F8183C55F8143CBD
:107BF4003BB39A682ABB55F81C2C02F120015A6841
:107C04000A445A6055E905321A6155F8145C2B6927
:107C140003B1DD6020220021204606F014FF28690C
:107C240010B18368002B2ED033699B073FD5FFF733
:107C340009FF00283BD0BDE870401E4B01201B68A3
:107C4400184755F8100C00282AD0836843BB4268B3
:107C5400636813442033636003692361D4E9052313
:107C64009AB9CBB9436963618269A261B3B19C617A
:107C7400A36903B15C61236903B1DC6020220021A4
:107C840006F0E1FED0E72C46E1E79361A369002BFF
:107C9400E8D062695A61E5E7F360F7E7F460E7E783
:107CA400F36845F8083C03B15C61F460BCE770BD5F
:107CB400144401204C21002038B50C461422002124
:107CC4000546134806F0BFFE1249134800F040F879
:107CD400232C1CD915F003031FBF043CE418C3F183
:107CE4000403ED1822460021284606F0ACFE084B9A
:107CF4000A49C3E90054203C9D606C609A68116095
:107D04009A68A1F11021A1F1EF11D161DA6038BDB7
:107D140014440120997B0000857A000055AA00FFD5
:107D240010B50A46044619B1024B00211B68984756
:107D340010BD00BF48210020014B1B68184700BF3D
:107D440054210020014B1B68184700BF502100201C
:107D5400024B1860024B0020196070475421002028
:107D640050210020F8B500F1080647680446304663
:107D74000D4605F09EFA87424BD16368B3F5806FD8
:107D840047D80021304605F053FB002841DD00218F
:107D9400304605F07AFAE0B345B9294604F11000FB
:107DA40005F046FB002834DD0020F8BD04F1200571
:107DB4000021284605F03CFB00282ADD0021284646
:107DC40005F063FA28B304F128050021284605F0DC
:107DD4002FFB00281DDD0021284605F056FAC0B10E
:107DE400002104F1100005F023FB002811DD00211F
:107DF40004F1300005F01CFB00280ADD002104F129
:107E0400380005F015FB002803DD002104F14000D3
:107E1400C6E70148C9E700BF80BFFFFF012970B56D
:107E240005460E46144601D9074870BD03D000200C
:107E3400C5E91C64F9E7002AF9D01046FFF7DAFD1A
:107E44000028F4D1F0E700BF00BFFFFF70B50021A8
:107E54000446FFF787FF054610B10E4D284670BD56
:107E640004F10806304605F020FA7F28F5D91034CD
:107E74002946204605F009FA0028EED0204605F0F0
:107E840014FA0128E9D93146204605F089FA002878
:107E9400E4DBE2E700BEFFFFF0B50C4685B000214D
:107EA40005461646FFF75EFF002839D102A805F003
:107EB40018F921466A6802A805F001FA044618B1C7
:107EC40002A805F013F90CE005F10804214602A804
:107ED40005F066FA002807DB02A805F007F96FF041
:107EE4000304A4F5854418E005F1480302A96F686A
:107EF4000846009305F11002234605F0D2FC04461F
:107F04000028DDD13A46314602A805F0EEF90446D0
:107F140002A805F0EBF8002CE3D1204605B0F0BD33
:107F2400004CFAE780BFFFFF03460846C1B9C3E926
:107F340010110D4A0D49DFF838C0C3E912120D4A79
:107F44000D49C3E914C20D4AC3E916120C4A1A6654
:107F540002F17452A2F52302A2F692425A667047C5
:107F64006FF07300704700BF85AE67BB67E6096AB0
:107F740072F36E3C3AF54FA57F520E518C68059B07
:107F8400ABD9831F2DE9F04F0446CFB0039100F124
:107F9400480346AD00F168062A4618685968083354
:107FA40003C2B3421546F7D1DDE94883DDE94B96B8
:107FB400DDE946154FF0000C01933E4BDDF834B17A
:107FC4004A9804AA0293BCF10F0F5BD8039B53F8A1
:107FD4002C301BBA4FEAF02E86EA0907DDF808A018
:107FE4008EEAB01E07408EEA706E774077445AF8E6
:107FF40004EB936077443B4445EA010E4FEA713742
:10800400CDF808A087EAB1070EEA080E05EA010ACE
:108014004EEA0A0E87EAB15777440CF1010CDDF8F9
:1080240004E05B44BCF1400F9E44B3463B4402F180
:108034000402CDF804801ED1CDE94C96CDE94AE086
:10804400CDE94858CDE94631CDE9043745A904F1D5
:108054004403643453F8042F51F8040FA342024438
:108064001A60F7D104A84FF49471FFF759FE002069
:108074004FB0BDE8F08FA8464E460D4681461946DE
:108084007046A0E7136852F834AC4FEAF34E8EEA18
:10809400734E52F8387C8EEA932E52F8143C3B44CB
:1080A4004FEABA4787EAFA17734487EADA073B4488
:1080B40090E700BFC0F200004FF47F03D3F83021F3
:1080C400D3F83431072A05D1023B032B02D8024AE4
:1080D400D05C70470020704751F8000008B5FFF7E6
:1080E400EBFF58B1644BD3F8202A3AB90D21C3F8F9
:1080F400201A0121C3F81C19C3F81C290022D3003B
:1081040003F57F03D3F80013013107D0D3F800132C
:108114000132D3F80433202A0B60F0D1FFF7CCFFEF
:10812400002840F0A080FFF7C7FF40B1534B544AEA
:10813400C3F830254FF050230122C3F858254FF4DB
:108144007F03D3F83021D3F83431072A09D1023B15
:10815400032B06D84B4AD35C1BB100224A4BC3F80D
:108164004C25FFF7A9FF50B14FF05023D3F800245A
:10817400D10742BF0022C3F81421C3F818214FF4D9
:108184007F03D3F83021D3F83431072A09D14FF0D3
:108194005023D3F80024D20744BF6FF00102C3F880
:1081A4000024FFF789FF18B16522334BC3F80C276D
:1081B4004FF47F03D3F83021D3F83431072A16D192
:1081C400314BD3F82034002B11DA4FF05023032223
:1081D400C3F8182501229A60D3F80421002AFBD0A1
:1081E4000022C3F804210122DA60C3F818254FF4F1
:1081F4007F03D3F83021D3F83431072A23D1023B4B
:10820400032B02D8214AD35CEBB17E221A4B1B49C3
:10821400C3F80C27C3F83C297F231D4AC2F8183140
:108224000023C1F8043EC1F8083E01F54821C1F815
:108234001031C2F82431C2F82C3102F5FF1202F5D4
:108244008052C2F8A032134AD2F88C3043F440630F
:10825400C2F88C30104A114B1168C3F84415D26926
:10826400C3F84C2508BD2922034BC3F80C2703226D
:10827400C3F83C2757E700BF00400050009003506C
:108284004400EFBE4DF800000020035049F8000000
:108294000020005000ED00E00080FF00006000506E
:1082A40030B50468ACB1B4FA84F30122C3F11F03FE
:1082B400DBB29A4024EA0202D0E8EF5FA54204D17F
:1082C400C0E8EC2FBCF1000FF6D1EAD102480B70E4
:1082D40030BD0248FCE700BF0000AD0B0200AD0B4F
:1082E40010B50368CB40DB0710D401238B40026830
:1082F40043EA0201D0E8EF4F944204D1C0E8EC1FF6
:10830400BCF1000FF6D1F2D1014810BD0148FCE7E1
:108314000000AD0B0400AD0B014BC3F8040570471E
:10832400007001500146014800F048B95C2100206A
:108334000328F7B506462ED84FF05021364B374A5E
:1083440033F81000925DC1F8080300250A440121A6
:1083540042F210744FF05027314B116033F816304D
:108364008E4203F150231D601B688DF8071008BF6F
:108374000DF10705022E32D0032E40D0012E1CD061
:10838400D7F8183403F480333DB923B1012005F044
:10839400BBFB013CF0D103B0F0BDD7F8182402F0C8
:1083A40003022A70002BF6D09DF807000128F2D1B1
:1083B40005F0AAFB013CDDD1EDE7D7F80C3403F45A
:1083C40080333DB9002BE6D0012005F09DFB013C34
:1083D400F3D1E0E7D7F80C2402F00102E1E7D7F883
:1083E4005C3403F480333DB9002BD4D0012005F074
:1083F4008BFB013CF3D1CEE7D7F85C24ECE7D7F84C
:108404005434DB03C7D5002DCED1012005F07CFB0D
:10841400013CF4D1BFE700BFB8F4000055F80000F8
:10842400B0F40000044B1A7922B9012218601A71C1
:108434000248704702487047284401200000AD0BF1
:108444000C00AD0B08B50B4B1B6833B10520FBF7D3
:10845400A3FD10B90520FBF77DFD4FF05022012349
:10846400C2F81835C2F81435C2F88035024A1370C0
:1084740008BD00BF284401207769052010B50328F2
:1084840045D8DFE800F01802554F00224FF48073FE
:108494000121002003F1502318601C68012402F11B
:1084A40050221460284A1268002A47D04FF0502303
:1084B400C3F804132BE04FF05023D3F81814D3F867
:1084C4001824C90312D502F00303022B05D0012B93
:1084D40002D00020FFF72CFF01234FF0502202218D
:1084E400C2F8183508224FF48273D2E7D3F8142463
:1084F400D207F1D5D3F81C2402F00302013A012A71
:10850400E7D8114A12681AB10222C3F8042310BD35
:10851400D3F80421002AFBD00022C3F80421D3F8A5
:108524000431F4E718224FF490734FF48071B0E7EC
:1085340020224FF492734FF40071AAE71A68002ABC
:10854400FCD018601B68E2E728440120F8B54FF01E
:10855400502301250026D3F80443174F04B9F8BD6E
:10856400B4FA84F0C0F11F00830003F580739BB25A
:1085740003F1502305FA00F2196892B224EA0204C6
:108584000029EBD01E601B684FF05023022AC3F869
:1085940008230DD1D3F81814D3F8181401F00301EB
:1085A400012905D1C3F81825C3F804239960D5E738
:1085B4003B68C0B29847D1E7284401200079024BB8
:1085C40003EB0010FFF76CBE64210020036803F086
:1085D4001F025B09026004D0012B034818BF00206E
:1085E40070470248704700BF00288450002584501B
:1085F400034A4309D35C00F01F001844C0B270471B
:1086040059F8000008B5FFF7F3FF034B083033F8BF
:108614001000400B08BD00BF3044012008B5FFF72F
:10862400E7FF034B083033F81000C0F3400008BDE7
:108634003044012008B5FFF7DBFF034B083033F863
:108644001000C0F3401008BD3044012010B5FFF7FE
:10865400CFFF124A083032F81030D9051CD5C3F3C5
:10866400432123F4F85322F81030002002F10E04C1
:1086740034F8023F13F4807F03D0C3F343239942B9
:108684000AD001303028F3D1002342F831300448B5
:10869400BDE81040FFF724BE10BD00BF30440120E8
:1086A400A8440120F7B506460846FFF7A1FF1A4F74
:1086B40000F1080537F815300C46DB072AD530469B
:1086C40005F088FA2046FFF7B5FF58B12046FFF7BA
:1086D40099FF0022316800B201EB8003C3F8102532
:1086E400C3F810252046FFF7B1FF002301A827F89F
:1086F40015300194FFF76AFF019B00EB8300D0F86B
:108704000022064B134043F00203C0F80032044831
:1087140003B0F0BD0348FBE730440120F0F0FCFF58
:108724000000AD0B0400AD0B2DE9F0431646804666
:1087340085B00846FFF75CFF0C463168054609B36F
:108744002046FFF76BFF18B12046FFF773FF10BBFD
:1087540000230DF10F02CDE900338DF80E308DF8B2
:108764000F3020460B460DF10E0105F0DBF94A4AA5
:1087740005F1080132F8113023F0020343F001033C
:1087840022F8113073687BB320461F785968FFF7CD
:1087940045FF10B1E9B1414829E03F4A05F108001D
:1087A40032F8103023F02003DB04DB0C22F8103005
:1087B40079B1032FEFD87168D1F804E0D8F800102C
:1087C4009EF800C001EB8C01A7B9C1F81075C1F87F
:1087D4001075314A05F1080132F8113023F01C03F9
:1087E40043EA870322F81130B3685BBB2C4805B019
:1087F400BDE8F083D1F810E543EA4C332EF0030EC4
:10880400C1F810E5D8F8001043F0200301EB8C0EFA
:10881400DEF8101522F8103021F44F3121F44071A4
:10882400CEF810152102DEF8108501F47C5141EADE
:10883400074141EA0801CEF8101502EB4C01A1F8FA
:108844007C40C6E72046D3E90067FFF7FFFE002E11
:10885400CCD0114CD4E90023964203D19F4201D1DC
:10886400002209E00F480DF10F01FFF719FD0C4B31
:108874009842BCD19DF80F2004EBC20308355F6019
:1088840034F8153044F8326043EA422343F48073E9
:1088940024F81530AAE700BF304401200400AD0BD2
:1088A4000000AD0BA84401202DE9F0430C4680469E
:1088B40085B0204611461D46FFF79AFE064629B3A9
:1088C4002046FFF7ABFE18B92046FFF7B3FE18BBEE
:1088D400334F06F1080937F8193013F01C0F02D092
:1088E4004B78012B18D001238DF80F3000234A1C3C
:1088F400CDE9001320468B1C0DF10F0105F012F990
:1089040037F8193043F0030327F81930002D44D009
:108914002046FFF783FE18B9224805B0BDE8F0836E
:10892400002295F800C0D8F800301D4F03EB8C03EB
:10893400C3F81025C3F8102506F1080237F8121001
:108944004FEA8C0E21F02001C904C90C27F812103B
:108954006E7816B3D8F80000AD787044D0F81035AE
:10896400360423F4991323F4F853C0F81035230282
:1089740003F47C5306F440362D05D0F810E5334358
:1089840005F480152B4341EA4C3143EA0E0341F0D0
:108994002001C0F8103527F812100348BDE700BFC6
:1089A400304401200400AD0B0000AD0B70B50E4C3B
:1089B400064694F88C50A5B96022294604F11000AB
:1089C40006F041F83068C0F87C51D0F87C3140F3AF
:1089D4000730FBF7BFFA0123044884F88C30A367FF
:1089E40070BD0348FCE700BF304401200000AD0B1C
:1089F4000C00AD0B034B93F88C00003818BF01201A
:108A0400704700BF304401200022034BC3F8842583
:108A1400C3F80425704700BF00900350044AD2F8FD
:108A24000034DB07FBD50160BFF35F8F704700BFE5
:108A34000090035008B5C0F30B0383B90222094B1D
:108A4400C3F88425C3F804254FF0FF320260D3F83D
:108A54000024D207FBD5FFF7D7FF034808BD03481E
:108A6400FCE700BF009003500000AD0B0A00AD0B03
:108A7400012208B5054BC3F88425C3F80425FFF784
:108A8400CDFFBDE80840FFF7BFBF00BF0090035013
:108A94002DE9F843154601221D4B0446C3F88425ED
:108AA400C3F8042510F003030E4610D0C3F10407E5
:108AB400AF4228BF2F463A46A0EB030805F0B0F8B2
:108AC40001464046FFF7AAFFED1B3C443E443746AF
:108AD40025F00308B044A4EB0609B84511D115F0FC
:108AE40003020AD025F003052C447119204605F031
:108AF40097F801462046FFF791FFBDE8F843FFF7DA
:108B040083BF09EB070057F8041BFFF787FFE4E76F
:108B14000090035010B5174C23784BBB0378164ACA
:108B2400C3F34003C2F8003B037803F00103C2F827
:108B340004370378DB0710D54FF47F03D3F83011E3
:108B4400D3F83431072908D1023B032B05D80B494C
:108B5400CB5C13B10123C2F828370520FBF71CFABC
:108B640010B90520FBF7F6F901230548237010BD61
:108B74000448FCE7786905200040005069F80000CB
:108B84000000AD0B0C00AD0B4FF0502310B5D3F823
:108B9400044361070AD5D3F808213AB10022C3F887
:108BA4000821D3F80831124B1B689847A2060CD54C
:108BB4004FF05023D3F814213AB10020C3F8140124
:108BC400D3F814310B4B1B68984763060FD54FF04D
:108BD4005023D3F8182152B10022C3F81821D3F836
:108BE4001831044B0120BDE810401B68184710BD24
:108BF400C4440120C044012000220121054B83F814
:108C04003820054BC3F808131961C3F80025C3F8CD
:108C140000217047C844012000B0025070B5104DC7
:108C24006C6B9CB14FF47A735C430A23B4FBF3F48A
:108C34000C4ED6F8003163B995F839304BB90A2097
:108C440004F062FF013CF4D1074870BD4CF250348B
:108C5400EEE795F83930002BF6D10448F5E700BF6C
:108C6400C844012000B002500700AD0B0000AD0B5A
:108C740010B500220124084BC3F80045C3F80021B5
:108C84001C6038B1FFF7CAFF044B984203D1044B70
:108C940083F83840014810BD00B002500000AD0B0D
:108CA400C84401202DE9F04106461746984604F0D1
:108CB400D5FF002863D106F06043B3F1005F60D1B3
:108CC400B3075ED1314C94F83030012B05D04345C5
:108CD40059D194F83830002B55D000232C4AB8F1E0
:108CE400020F0BBFC2F81075C2F80475C2F8146500
:108CF400C2F808650CBFC2F81815C2F80C1584F840
:108D0400393023680CBF08250425C3B994F83830DA
:108D14006BB100221E4B05F1A045C3F800210123CD
:108D240005F52C352B60BDE8F041FFF777BF012036
:108D3400FFF79EFF174B9842EBD1BDE8F081A36883
:108D440023B1E6606161E7611348F6E7104AA66063
:108D54002161A76184F83080C2F800310123C2F890
:108D6400043394F8382002F0FF0012B9FFF780FFB3
:108D7400EAE705F1A04505F52C352B60E4E7074843
:108D8400DBE70748D9E70748D7E700BFC844012015
:108D940000B002500700AD0B0000AD0B0800AD0B96
:108DA4000A00AD0B0B00AD0B084B9A685A621A69A6
:108DB4009A629A69DA62DA689A6032B15A691A6117
:108DC400DA699A610022DA6070477047C84401206A
:108DD40000F01F0340090FD001280FD10A4A02EB0B
:108DE4008302D2F80002094B034043EA012343F013
:108DF4000203C2F800327047054AF0E700228033CC
:108E040052F82330FFDE00BF00288450F0F0FCFF4E
:108E14000025845010B50E4B0238D3F83C26D3F805
:108E24003836072813D8DFE800F0110F0D0B0A08B5
:108E34000604100EC871100C8871100A48710A716A
:108E44001A0ECA701A0C8A701A0A4A700B7010BD76
:108E540000B00250023807281FD8DFE800F02927A5
:108E6400251123211F04CB791B068A7943EA024387
:108E74004A7943EA02230A7913430E4AC2F83C367C
:108E8400CB781B068A7843EA02434A7843EA0223F2
:108E94000A781343074AC2F8383670470023E4E7D8
:108EA4000023E5E70023E6E70023EBE70023ECE7F4
:108EB4000023EDE700B002500268154BFF2A08BFFB
:108EC4004FF0FF32C3F824254268FF2A08BF4FF051
:108ED400FF32C3F828258268FF2A08BF4FF0FF320B
:108EE400C3F83025C268FF2A08BF4FF0FF32C3F829
:108EF40034250269FF2A08BF4FF0FF32C3F8382532
:108F04004269FF2A08BF4FF0FF32C3F83C2570477F
:108F140000B0025030B5194D8DB006AC0FCD0FC462
:108F240095E8030084E80300154906A8D1F8243520
:108F3400DBB20093D1F82835DBB20193D1F8303598
:108F4400DBB20293D1F83435DBB20393D1F8383570
:108F5400DBB20493D1F83C35DBB20593FFF7ACFFE9
:108F64000023C1F8003101230B60D1F80031002B3C
:108F7400FBD06846FFF7A0FF0DB030BDD8EF00006E
:108F840000B0025070B590F8293004461BB190F837
:108F94002A20002A3CD16068FF2800F08580A1685F
:108FA400FF2900F08180E268FF2A7DD025690E2D1B
:108FB4007AD1112878D1122976D10D2A74D1626917
:108FC400FF2A01D00F2A6FD1A269FF2A01D0102AEB
:108FD4006AD1BBB903211120FFF7FAFEA068FFF79D
:108FE400F7FEE068FFF7F4FE2069FFF7F1FE606921
:108FF400FF2801D0FFF7ECFEA069FF2802D003216F
:10900400FFF7E6FE94F82A3013B9201DFFF754FF4A
:10901400636A264E264D736394F8293086F83A30F5
:109024000123C5F80833FFF775FF2368C5F84035F9
:10903400A37F617F227F9B0143EAC1031343E27F45
:1090440043EAC213C5F8443594F82320D5F84435CF
:109054002ABB43F44033C5F844354FF4C063C5F824
:109064004036D5F8002694F8203022F07F4222F0D2
:10907400FF02134394F8212043EA026394F8222068
:1090840043EA426394F8232043EA0273C5F80036A6
:10909400336813B12B20FAF75DFF064870BD23F443
:1090A400003343F48033D6E70348F7E7C84401208C
:1090B40000B002500000AD0B0400AD0B38B50C4CF1
:1090C40094F8305095B9C4E9001248B9002301223C
:1090D400C4E90233074884F8302084F8383038BDB6
:1090E400FFF750FF034B9842F9D1EFE70248F6E748
:1090F400C84401200000AD0B0C00AD0B2DE9F84372
:1091040004468846154604F0A9FD002843D1DFF83B
:10911400909099F8300001283FD199F83830214FC8
:109124006BB30123204EC6F80833FFF7F3FEB8F102
:10913400000F2BD14FF0000889F83980C6F8008160
:10914400A37862781B0343EA022322781343E2786C
:1091540043EA4233227943EA8233627943EAC233EF
:10916400C6F83436FFF75AFDB8420CD0C6F8008171
:109174001DB129466078FFF74DFE0C4804E0FFF767
:1091840077FDB842CDD10748BDE8F8834146607801
:10919400FFF760FECEE70648F6E70648F4E700BFAF
:1091A400C84401200700AD0B00B002500000AD0B15
:1091B4000800AD0B0B00AD0B034B93F838300BB923
:1091C400FFF756BD01487047C84401200C00AD0BA1
:1091D40008B5054B93F83030012B03D1FFF70CFD94
:1091E400024808BD0248FCE7C84401200000AD0B5A
:1091F4000B00AD0B034B93F83000003818BF01206F
:10920400704700BFC844012070B5054604F026FD30
:1092140000283AD111F0030639D11F4B1A6892B9CC
:109224001E4CC4F81C15C4F8205583F8392093F853
:1092340038300BB30023C4F800310123E360BDE8E8
:109244007040FFF7EBBC93F83040012C21D1134A56
:10925400C2F81C150421C2F8205583F8396083F83C
:109264003010C2F80061C2F8044393F8383053B99F
:10927400FFF7FEFC0A4805E00120FFF7F9FC094B63
:109284009842D7D170BDD460F4E70748FAE707489D
:10929400F8E70748F6E700BFC844012000B00250D1
:1092A4000000AD0B0700AD0B0800AD0B0A00AD0BC1
:1092B4000B00AD0B10B5224BD3F8002192B1002264
:1092C400204CC3F8002194F8381094F8302071B978
:1092D4000121032A84F8381005D0042A05D0022A73
:1092E40000D1996010BD5960FCE7D960FAE7032A00
:1092F40019D0042A19D0022A04D1012384F8203079
:10930400FFF752FDA36813B9012384F8303094F8B1
:10931400393003F0FF0013B9D4E900319847002332
:1093240084F82030DEE70223E8E7032284F82020D3
:10933400D3F81C256262D3F8203584F82830E1E79D
:1093440000B00250C84401200722024BC3F8042392
:10935400704700BF007003500722024BC3F8082374
:10936400704700BF00700350072208B5044B372034
:10937400C3F80823FAF7FCFD0022024B1A6008BD6B
:10938400007003500445012010B50446FFF7ECFFBC
:109394002268054B37201A600022044BC3F80821C9
:1093A400BDE81040FAF7D6BD044501200070035013
:1093B40010B5114CD4F800312BB100200F4BC4F878
:1093C40000011B689847D4F8043133B10023C4F872
:1093D40004310A4B01201B689847074BD3F8082136
:1093E40042B10022C3F80821044B0220BDE810401A
:1093F4001B68184710BD00BF0070035004450120CE
:1094040070B516461D465A1C036804461344C268C8
:109414009A4205D20821006A04F0F6FE002070BDCD
:1094240032783DB1AB1E062B8EBF00230B4AD35CB2
:109434001833DAB2204604F0EAFE0028EED03544B0
:10944400B54203D1A3680133A360E8E723685A1C3B
:10945400226015F8012D1A70F2E700BF6DF80000C4
:1094640038B5EFF31185202383F31288BFF36F8F90
:10947400064B9C6804F09FFF85F31188BFF36F8F40
:109484002046BDE83840FAF70DBD00BF084501206D
:1094940038B50A4B53F82040013053F82050A54208
:1094A40000D838BD606830B1037FDB0701D404F015
:1094B40085FF0834F3E723689847FAE7C0F3000010
:1094C400012270B52A4B032086B01A70FFF7E0FF23
:1094D400FBF75CF805F06BFA0420FFF7D9FF254C85
:1094E400254D2646AE4204F1300410D300F0A4FD0D
:1094F400204C224EAC4226D300F0B2FDF6F798FF82
:109504001F4A137B23F00103137306B070BD54F894
:109514000C3C059354F8103C049354F8143C039306
:1095240054F8183C029354F81C3C019354F8203C22
:10953400009354E90A2354E90C0100F0CDFB54F8DC
:10954400303C5E65CDE7D4E90A23B3F1FF3F08BFA1
:10955400B2F1FF3F05D052EA0301206803D100F0C5
:1095640049FE3034C6E73146183000F059FFF8E7B9
:1095740079690520ACEE0000ACEE0000E7E70000DE
:10958400E825002008B50348034A0021121A04F014
:109594002CFF08BD082400207C690520002301223B
:1095A40070B586B0CDE904230F220193CDE90232D0
:1095B40014234FF4A0720E4D0E4E03FB00550E49BA
:1095C40006EBC016044602FB00110C4B3046009516
:1095D40000F082FB737B2C7423F004037373084B39
:1095E400013403EBC423EE606B6006B070BD00BFB2
:1095F400084501206825002080790520B5E4000095
:1096040080710520BFB50020FFF742FF2A4B03F508
:10961400006282F3088883F30A880024E023274D3C
:10962400274F85F82230EC772C766C76AC7685F86B
:1096340020406B6A43F4E0236B6285F82340FAF719
:10964400AFFBFAF72BFD4FF0FF33AB62EB62FAF797
:10965400B1FEFAF747FD1B4800F0A8FB04F097FEA3
:10966400FAF776FF0120FFF713FF0220164DFFF7EC
:109674000FFF00F025FD154B15495D61154B4FF4A7
:109684002052059301232846CDE90343CDE9014443
:109694003B46009400F020FB06466A7B284622F0F5
:1096A40004026A7305F060F82046FFF777FF3A4634
:1096B40031462846FAF7D2FC8071052000ED00E01F
:1096C400C594000068260020E825002008450120F4
:1096D400C07A052074F80000002038B5054C064D0A
:1096E400AC4200D338BD204604F083FE0028F9DBE9
:1096F4001C34F5E7602200207C22002073B50C4660
:10970400EFF31181202585F31288BFF36F8FC568AD
:109714005DB125602B68C3608369013383610020D8
:1097240081F31188BFF36F8F11E052EA030603D16E
:109734006FF00B002560F3E7CDE900230246083003
:1097440000F0CAFB18B9034B9B681B69236002B085
:1097540070BD00BF084501202DE9F34104461746BA
:109764001E46EFF31188202383F31288BFF36F8F13
:10977400C368334A7BB180689168884219D057EA3C
:10978400060318D188F31188BFF36F8F6FF00F00B1
:1097940002B0BDE8F081916891F90E100133E360E5
:1097A40093682161A36088F31188BFF36F8F002051
:1097B400EEE72169F2E791F90E1090F90E306FF09F
:1097C4007E029942A8BF19469142B8BF11468B4206
:1097D4002DDD04F078FE054622464146CDE90076AB
:1097E400184800F079FB0028E1D0EFF3118620231C
:1097F40083F31288BFF36F8FA068D0B12368216907
:109804009C420AD04BB193F90E309942A8BF194635
:109814006FF07E039942B8BF194604F054FE40B17C
:109824003146084800F0E2FB6FF00A00B0E700257B
:10983400D2E7002DF4D186F31188BFF36F8FF3E7DD
:10984400084501207A690520F8B583680546002B90
:109854003FD0234A926893423ED1C368012B03D977
:10986400013BC3600020F8BDEFF31187202383F38D
:109874001288BFF36F8F0169806804F024FE2C689E
:10988400A54207D10023C5E9023387F31188BFF34A
:109894006F8FE7E7002CF5D0D4E90032002613607F
:1098A4005A60637BC4E9006623F002036373A66015
:1098B40004F1180005F02AF8AC6094F90E30204643
:1098C4002B61A66704F050FF3946064800F08EFB72
:1098D400C8E76FF01500C6E74FF0FF30C3E700BFDD
:1098E400084501207A69052037B51146EFF3118543
:1098F400202282F31288BFF36F8F04689CB123681F
:10990400426823F003039442036008BF43600121CB
:10991400204604F05BFE044685F31188BFF36F8F85
:10992400204603B030BD51EA0302F5D000F108022D
:10993400CDE900131046294600F0CEFA0028EFD1F5
:10994400014B9B681C69EBE70845012070B5EFF3F8
:109954001186202383F31288BFF36F8F0468A0421B
:109964001AD0CCB1D4E90032002513605A60637B6D
:10997400C4E9005523F002036373A56004F11800E1
:1099840004F0C4FF2046A56704F0EEFE3146BDE8AE
:109994007040074800F02ABBD0E902329A4218BF4F
:1099A4000133836086F31188BFF36F8F70BD00BFEE
:1099B4007A69052013B5EFF31181202484F312880A
:1099C400BFF36F8F846844B1013C846081F31188D4
:1099D400BFF36F8F002002B010BD52EA030406D11A
:1099E40081F31188BFF36F8F6FF00F00F3E7CDE9B8
:1099F40000230246014800F06FFAECE77A6905207B
:109A04002DE9FF41044620274E4EEFF3118887F3DA
:109A14001288BFF36F8FD4F88450F5B9022104F192
:109A24009C0004F0F6FD002868D004F1940500229F
:109A34000121284604F031FF0028F8D100234FF01B
:109A4400FF3202934FF0FF334146CDE900233E48F5
:109A540004F18C0200F088FCD7E7D4F888202B6846
:109A64009542C4F8843008BFC4F88830D4F89C30D8
:109A740043F00203C4F89C30EB6823F0040343F082
:109A84000103EB606B6888F31188BFF36F8F28467E
:109A94009847EFF3118887F31288BFF36F8FEB6851
:109AA400D80623F0010236D4EA60EB689A0716D58B
:109AB400306823F00203EB6088B10021036870B1C1
:109AC4004268954235D1036869BB7268336082424B
:109AD40000D17360002340F8083BFFF737FFD4F848
:109AE4009C3023F00203C4F89C3088F31188BFF340
:109AF4006F8FDB0589D400F0EBFA86E7D4F89C304D
:109B0400D9069BD5C4F89C0088F31188BFF36F8FE6
:109B140004B0BDE8F08123F01103EB6005F11000FF
:109B2400FFF714FFC1E70B607368834208BF7160DD
:109B3400D0E723B11A68014618461346BFE71A4610
:109B4400F9E700BF284501207A690520F8B5C36804
:109B540004469A070F46C3F340062ED45B071CD471
:109B64000B680BB983680B60E368DD0742BFA36829
:109B740002263B603D6858BF0126002D3CD0204B97
:109B84009A68D5F880309A420AD0D5F89C30D80724
:109B9400C3F3800214D46FF0120600233B6025E067
:109BA40004F09FFDD5F89C300028F0D1D907C3F309
:109BB400C002F0D552B15B0708D46FF00F06ECE792
:109BC400002AFAD1C3F3C003002BF6D1002323608B
:109BD400D5F8883063B9C5E92144284604F024FD4A
:109BE400E36843F00403E3603B68A3603046F8BDD8
:109BF4001C60C5F88840F0E76FF01506CDE700BF9C
:109C040008450120F0B50446002089B0C4E92100CC
:109C14000E9D04F18C00C4E9230004F19400C4E90E
:109C2400250055B32879002840F2011008BF01200F
:109C3400C4F89C0000204FF0FF364FF0FF37CDE909
:109C44000330CDE90100CDE9066720460C4B0094B2
:109C540000F080F855B1296811B1204604F047FDA1
:109C64006B791BB1237B43F001032373204600F07F
:109C7400C1FAC4F8804009B0F0BD0120D8E700BFA4
:109C8400059A000037B501900846EFF311842021AE
:109C940081F31288BFF36F8FC16811F01E0F16D1C4
:109CA40053EA020508D101A9FFF750FF84F3118894
:109CB400BFF36F8F03B030BD41F00801C16001995B
:109CC40010308161034900F0ABFB0120EEE7002076
:109CD400ECE700BF3BE600002DE9F043984685B071
:109CE40000F15803C0E91633109B002603730423C4
:109CF400073222F0070543730F9B01EB05090F465A
:109D040083734946C0E906668660C6730446F9F75C
:109D1400E7FE0E9B073020F00700A066C4E9187523
:109D240002930D9BA9EB000901930C9B4A460093F7
:109D3400394643462046FAF775F9054B66659B6834
:109D440003B1DB6E4846E36605B0BDE8F08300BFAF
:109D540008450120F0B5002587B00595109DDDE983
:109D6400127604950F9D044603950E9D02950D9D54
:109D740001950C9D0095FFF7AFFFB6F1FF3F08BFBB
:109D8400B7F1FF3F05D056EA070305D1204600F09E
:109D940031FA204607B0F0BD3A46334604F11800C4
:109DA400014900F03DFBF4E7E7E7000040F201134E
:109DB40083810023C0E91833C366014B9860704760
:109DC400084501206FF00A01084A93689967084919
:109DD40058674B6843F080534B60002383F311882A
:109DE400BFF36F8F9368986F704700BF08450120D9
:109DF40000ED00E070B590F90D20437B002A31DBC3
:109E0400DC062FD1194A63F07F031146437351F8DE
:109E1400183FD4698B4207D1C0E900142060D06197
:109E240011E09C42F8D01B68002BF5D090F90E503D
:109E340093F90E60B542F4D0AE42F2DD5C68C0E93D
:109E440000342060586093698B4200D003B9D36812
:109E54009168487BC00604D1C8897F2801D99869D4
:109E640008B1536170BD5161FCE700BF0845012092
:109E740010B590F90D200146002A437B04DA03F063
:109E84007F03437304F036FC0B4A144654F8183F1E
:109E94009068A34200D003B9D368884209D0417BBB
:109EA400C90606D1C1897F2903D99969002908BF48
:109EB4000346536110BD00BF08450120B3F1FF3FC5
:109EC40008BFB2F1FF3F03D00249183000F0A8BA2E
:109ED400704700BFE7E70000F8B5DDE906670C4608
:109EE4001146EFF31183202383F31288BFF36F8F9E
:109EF400074B9D68284604F00FFC284632463B4633
:109F0400FFF7DCFF2046BDE8F840FFF75BBF00BF6A
:109F140008450120F8B50446EFF31187202383F3A5
:109F24001288BFF36F8F437B49B203F01F02002AEC
:109F34000CBF0126002633D103F07F03437304F0E2
:109F4400D9FB437B284A63F07F0381734373104634
:109F540050F8183F834221D1D569C4E900052C602B
:109F6400D4610FE09D42F8D01B68002BF5D093F923
:109F74000EC06145F6D08C45F4DD5968C4E9003162
:109F84000C605C609369834200D003B9D368536169
:109F940087F31188BFF36F8F3046F8BDD569E4E7C6
:109FA4009B071ED5856804F0A5FB81732B689D4231
:109FB40009D16B68C4E900531C606C60E8E76A6807
:109FC4009342F6D01B68002BF3D093F90E209142F4
:109FD400F5D08A42F3DD5A68C4E9003214605C604B
:109FE400D6E78173D4E700BF0845012049B9EFF3F0
:109FF400058030B9054B5A699B689A4201D0FFF736
:10A00400E1BE81F31188BFF36F8F704708450120CB
:10A01400034648B9EFF3058232B9064A516992689A
:10A02400914201D0FFF7CEBE83F31188BFF36F8F47
:10A03400704700BF08450120EFF31181202383F30B
:10A044001288BFF36F8F054B9A68D37B013BD373A0
:10A0540081F31188BFF36F8F704700BF084501205B
:10A0640010B4EFF31184202383F31288BFF36F8FAE
:10A07400124908468A68D37B0133D37350F8183FDA
:10A08400834200D003B9CB68507BC00606D1D08987
:10A094007F2803D99869002808BF13464B6184F3CD
:10A0A4001188BFF36F8FEFF31180202383F312889D
:10A0B400BFF36F8F10BCFFF7ABBF00BF0845012093
:10A0C400024B03F11802C3E9062270470845012038
:10A0D40070B4EFF31180202383F31288BFF36F8FE2
:10A0E400174A9468D5692368AC4214BF1946002105
:10A0F400646823605C609368D46929B91149C3E931
:10A1040000142360D3610CE093F90E5091F90E60B2
:10A11400B54210D0AE420EDD4C68C3E90014236092
:10A124004B60936907498B4200D003B9D3685361EC
:10A1340070BCFFF747BEA142E0D00968DDE700BF6D
:10A144000845012020450120F8B550EA01030646E0
:10A154000C4603D1FFF7BCFF0020F8BDEFF31187D5
:10A16400202383F31288BFF36F8F114DA868FFF784
:10A174007FFEA868234632460E49183000F050F995
:10A18400AA680446537B384643F004035373FFF72D
:10A1940019FEAB68D3E90A23B3F1004F08BF002AC4
:10A1A400DAD104F0DBFB201A20EAE070D5E700BF27
:10A1B40008450120E7E7000038B500240B494FF4B7
:10A1C40000458C462146C0FB05C100236046084A71
:10A1D400F5F7BEFFC117FFF7B7FF47F6FF73044A51
:10A1E400C0FB0234DB0B43EA444038BD3F420F005E
:10A1F40040420F0038B50446EFF31185202383F362
:10A204001288BFF36F8F437B5B070FD5183004F0C0
:10A214007DFB637B204623F004036373FFF7EAFDB1
:10A224002946BDE838400448FFF7E0BE85F31188AD
:10A23400BFF36F8F38BD00BF7A690520014B986862
:10A24400704700BF084501202DE9F8430446077B09
:10A25400EFF31185202383F31288BFF36F8F437BC1
:10A26400190705D585F31188BFF36F8FBDE8F8830F
:10A27400D90943F0080243D14273A36813B12046BD
:10A2840004F040FA04F1180004F040FBA66D04F158
:10A294005808B04511D04FF0000976B1304604F0AB
:10A2A40031FA06F1180004F031FB3046C6F8789014
:10A2B400FFF7A0FDA66DB045EFD1294EB268B36992
:10A2C400944206F1180226D0934221D1F3687361B7
:10A2D400B3689C423FD1EFF30583002B3BD1227B33
:10A2E400D20725D42846FFF76DFDFB07BED5002312
:10A2F40083F31188BFF36F8F0423184602DFB5E799
:10A3040003F07F0343F00803437304F0F3F9B4E765
:10A31400002BDCD1DAE7EFF305810029D4D0934296
:10A3240000D003B9F3680F487361FFF73FFDCFE72F
:10A3340085F31188BFF36F8F83F31188BFF36F8F99
:10A344000423184602DFEFF31180202383F31288DD
:10A35400BFF36F8FC7E785F31188BFF36F8FC4E72F
:10A364000845012068260020D3B5DDE90667089C6E
:10A37400CDE90067FFF7B0FD1CB1034B9B681B6977
:10A38400236002B0D0BD00BF08450120074808B5CE
:10A39400074A0849121A04F02AF8BDE8084006489A
:10A3A400064A0749121A04F022B800BF0020002010
:10A3B400082400208CF80000002000200020002049
:10A3C4008CF80000024B1868984208BF00207047C0
:10A3D40074210020034B1B680BB9FCF733BE00202B
:10A3E400704700BF3045012030B570B10B4B5B683E
:10A3F40098420AD0036843B1D3E90421D0E9044563
:10A40400121941EB0501C3E90421D0E900321360BC
:10A414005A600023C0E9003330BD00BF742100201E
:10A42400B3F1FF3F08BFB2F1FF3F2DE9F84F0446F7
:10A43400994615461F467BD08160EFF3118820238F
:10A4440083F31288BFF36F8F013279F1FF33DFF8A2
:10A45400E8A020DBFFF7BEFFDAE90027013549F168
:10A4640000092D1849EBE07306464FF00109C4E9D1
:10A474000453AD1843EB0707FFF7A4FF0346DFF8C7
:10A48400BCE0DEF804A0EBB9C4E900EACAF8004075
:10A49400CEF8044028E06FF00103DAE900125B1AF9
:10A4A4004FF0FF3161EB02025B1B62EB0902012BEF
:10A4B40072F10001BCBF012300224FF00009C0E982
:10A4C4000432D9E7D3E9041CD4E904208A4270EBAE
:10A4D4000C0B24DA891A5A686CEB0000C3E90410E7
:10A4E400C4E9003214605C60FFF76CFF84420ED153
:10A4F400134B1B685BB9B9F1000F02D1FFF76AFF78
:10A504000646304604F0EBF90021FCF76DFD88F3B4
:10A514001188BFF36F8F28463946BDE8F88F521A69
:10A5240060EB0C009A45C4E90420ADD01B68AAE78F
:10A5340000252F46EFE700BFE82600207421002005
:10A54400304501202DE9F047EFF31185202383F3F3
:10A554001288BFF36F8FDFF89C900026C9F80000C3
:10A564000027FFF72FFFDFF89080D9F80030D8E9F3
:10A5740000ECD91750B1D0E90442A34271EB020AAE
:10A5840019DAE41A62EB0102C0E90442002413EB75
:10A594000E034CEB01012046C8E90031C9F8004024
:10A5A40004F09DF92146FCF71FFD85F31188BFF3E4
:10A5B4006F8FBDE8F08714EB0E024CEBE473C0E937
:10A5C4000467C8E90023FFF70FFF85F31188BFF381
:10A5D4006F8F83689847EFF31185202383F31288E4
:10A5E400BFF36F8FD9F800301B1BC9F80030FFF799
:10A5F400E9FEBAE730450120E826002010B5EFF364
:10A604001184202383F31288BFF36F8FFFF7E2FED8
:10A614000346054AD2E90001181841EBE37184F3BB
:10A624001188BFF36F8F10BDE8260020F8B50446EB
:10A63400EFF31187202383F31288BFF36F8F02682F
:10A6440022B187F31188BFF36F8FF8BDD0E90A36C2
:10A65400581C46F10001022871F1000127D3012B97
:10A6640076F10001BCBF012316465D1E46F1FF369C
:10A6740004F078F9013041F10001401946EB010181
:10A68400012871F1000139DB04F06CF9013041F16A
:10A6940000016FF00102401946EB01034FF0FF3156
:10A6A400121A61EB030320461749FFF7B9FE236B27
:10A6B40001332363236A6BB187F31188BFF36F8F70
:10A6C4002046236A9847EFF31187202383F31288E7
:10A6D400BFF36F8F54F8185FA542B2D0002DB0D0ED
:10A6E400284604F050F80023AB6787F31188BFF3C2
:10A6F4006F8F2846BDE8F84004F036B86FF00102C9
:10A704004FF0FF33CFE700BF31A600002DE9F04141
:10A7140005461C4690461F46EFF31186202383F31B
:10A724001288BFF36F8FB4F1FF3F08BFB2F1FF3F50
:10A7340005D186F31188BFF36F8FBDE8F081531CF8
:10A7440074F1FF3309DB012A74F10003BCBF012259
:10A75400002412F1FF3844F1FF37284604F0D6F8FC
:10A76400DDE906010023C5E90A012B6342463B46A5
:10A7740028460249FFF754FEDBE700BF31A600007C
:10A78400F8B507460C46164603F0ABFF08B10020A7
:10A79400F8BD0D4B9B68DD6E002DF8D0221DF6D25E
:10A7A400EFF31184202383F31288BFF36F8F2846BD
:10A7B40047F00401B04784F31188BFF36F8F00287A
:10A7C400E5D040F8045BE3E7084501200146024A6E
:10A7D4000020FFF7D5BF00BF9BB6000038B5064C7C
:10A7E400064DAC4201D3002038BD2046D4E9011205
:10A7F40004F0DEF81434F4E77C2200207C220020EC
:10A8040007B5074B4FF48062009306494FF0FF33BE
:10A814000548FFF7F7F9002003B05DF804FB00BF1B
:10A82400D8F30000C0A20520F026002010B50A4C81
:10A8340023681BB101232360002010BD00F0F4F84D
:10A844000028F7D00138072803D8044B53F8200018
:10A8540010BD034810BD00BF34450120E0F30000E3
:10A86400FE8FFFFFBFF34F8F0549064BCA6802F402
:10A87400E0621343CB60BFF34F8F00BFFDE700BF1F
:10A8840000ED00E00400FA0530B44FF0FE3200257C
:10A894000B4B0C4C0C494968C3F80024C3F804243E
:10A8A400C3F80824C3F80C24C3F81024C3F81424F0
:10A8B400C3F81824C3F81C24C4F8005530BC084756
:10A8C40000508450004084507C210020024BD0E989
:10A8D4000012C3E9001270477C21002010B5044621
:10A8E40050B1636813F0685F05D0064A934202D002
:10A8F40000236260236010BD034B04485B689847E3
:10A90400EFE700BF2C5F5CA97C21002000F400006D
:10A91400C8B143680D4A934213D013F0685F0ED058
:10A92400012350E8002F194640E8001C9CF0000F5A
:10A93400F7D1012AF5D0BFF35F8F00207047044898
:10A944007047044870476FF4E04070472C5F5CA97F
:10A95400E98FFFFFEA8FFFFF034680B14268094990
:10A964008A420AD012F0685F05D0BFF35F8F0022DD
:10A9740010461A60704704487047044870476FF4E3
:10A98400E04070472C5F5CA9E98FFFFFEA8FFFFF6F
:10A9940010B5044620B10023034A2360626010BD51
:10A9A4000248FFF771FFF6E73A00003A28F4000086
:10A9B40070B5194CD0F804C00668C4F804C0D0F8C7
:10A9C40008C0C068C4F808C0E06026600868134B7B
:10A9D400134D18604868D5F818215860886812F03B
:10A9E400685F9860C8680969D860196112D000234B
:10A9F4000C4A05F58A70C5F81431C5F8B831C5F8A4
:10AA04001821C5F8BC21B047236805F5DC70BDE802
:10AA14007040184770BD00BF982100208421002099
:10AA24004C4501202C5F5CA908B500F011F830B941
:10AA340000F010F838B9054AC2F80C0A08BD00F055
:10AA440037F8032008BD042008BD00BF005084501F
:10AA54000020704710B5114800F048F800B110BD4F
:10AA64000F4800F043F80028F9D10E4C204600F0BE
:10AA74003DF80028F3D10C4B0C481C6000F036F86C
:10AA840001460028EBD100F02DF8044608B1204619
:10AA940010BD00F03FF82046FAE700BFD82100209F
:10AAA400D4210020D0210020C8210020CC21002066
:10AAB40008B5084800F024F8074800F021F80748D2
:10AAC40000F01EF8064800F01BF8BDE8084000F04E
:10AAD4000BB800BFD8210020D4210020D0210020B1
:10AAE400CC21002000207047704700BF08B5034BFD
:10AAF40002681B6810689847002008BD9821002050
:10AB040008B5034B02685B6810689847002008BDCD
:10AB14009821002070B5094C094D2069AB6898470D
:10AB240018B1084B08485B6898470021074AEB684E
:10AB340011602069BDE87040184700BF84210020DF
:10AB4400982100207C2100204CF40000484501207D
:10AB54000CB430B589B005460C461C22002101A86E
:10AB640003F071FF022305958DF806300D4B029317
:10AB740023462CB1B4F1004F28BF4FF00043013BF2
:10AB84001D440DAA0C9901A80695009200F00CF83A
:10AB940014B1059B00221A7009B0BDE8304002B020
:10ABA400704700BFAFEA00002DE9F04F83781546E7
:10ABB40085B007469A07D0F8048040F1B580002696
:10ABC40091F800B0BBF1000F00F0B080BBF1250F8D
:10ABD40005D001F1010A01363946584660E091F882
:10ABE40001B001F1020ABBF1250FF4D000240121C8
:10ABF4001F2C26D8ABF12002102A10D9ABF1300259
:10AC0400092A37D81AF801BBBBF1000FF0D1394635
:10AC14002520C0470028C0F283800236DCE701FA11
:10AC240002F0844B1842EDD1032A64D0ABF1300218
:10AC3400092AE7D9BBF12A0F11D1043544F02004C5
:10AC4400E0E77F2C16D8ABF13002092ADAD9BBF140
:10AC54002A0F0CD1630605F10405D3D4EEE7BBF14A
:10AC64002E0F0AD1600661D444F04004CAE7BBF158
:10AC74002E0FF7D0BBF16C0F2CD0BBF16C0F13D897
:10AC8400BBF1680F2DD0BBF16A0F31D0BBF14C0F73
:10AC94002ED0BBF1630F0DD10136394615F8040BE4
:10ACA400C047002836DA3BE0BBF1740FAAD0BBF1F1
:10ACB4007A0FA7D0ABF16402112A00F29080DFE88A
:10ACC40002F0398E8E8E8E398E8E8E8E8E98888E70
:10ACD4008E1C8E72220648BF44F4007444F0800433
:10ACE40090E7E30548BF44F4007444F4807489E7B2
:10ACF40044F4207486E7102484E72C684E4B002C1F
:10AD040008BF1C46A1464B4619F8010B20B9341B59
:10AD140004351E19514653E73946C0470028F2DA74
:10AD2400BB7843F00403BB704FF0FF36304605B0E8
:10AD3400BDE8F08F20062DD5A10549BF073555F88C
:10AD4400040B25F0070555F8080B00280DF104093C
:10AD54004FF00A02BCBF44F48064404224F0100463
:10AD6400A4B2494603F087FEE206A0EB09094DD5DB
:10AD740039463020C0470028D2DBBBF1000F57D042
:10AD8400023639465846C0470028C9DB4C460DF107
:10AD9400040B49E0E20555F8040BD6D5A3054CBFD6
:10ADA40040B200B2D1E724F010040A22A4B2200673
:10ADB40023D5A10549BF073555F8040B25F0070530
:10ADC40055F8080B10B924F01004A4B20DF10409CD
:10ADD400C7E744F0100410224FF0780BE7E74BF07C
:10ADE4002002782A7FF413AFCBF1780242F01002EC
:10ADF400DDE708224FF0000BD9E7E30555F8040B13
:10AE0400E0D5A1054CBFC0B280B2DBE76305BDD578
:10AE1400013639462D20B6E7013C39461BF80400BB
:10AE2400C0470028FFF67CAF002CF5D14E4471E7F3
:10AE34000136ABE78128010082F80000704708B9A9
:10AE4400086070476FF0150070470020704730B5F8
:10AE540000290446154685B011DB83688B420ED960
:10AE64006368C068194401AA01F0ACFA28B96268A1
:10AE7400019B9B1A2B60029B6B6005B030BD6FF089
:10AE84002100FAE72DE9F7430E4617469946044692
:10AE940028B94FF0FF38404603B0BDE8F0830029DD
:10AEA400F7D0002AF5D0CB680D8938461D44042319
:10AEB40029460DEB030200F02BFE80460028E8D162
:10AEC40046F60812BDF804107389914225D1BDF8E5
:10AED40006109942DDD1042338460DEB03022944C0
:10AEE40000F016FE0028D4D146F60713BDF804205E
:10AEF4009A42CED1C4E900679DF82830A4F808909E
:10AF0400A3727389BDF806202B44E360738913444C
:10AF14002B44043563612561BDE7002BE4D0B8E719
:10AF24002DE9F3410E4617461D46044620B94FF05D
:10AF3400FF3002B0BDE8F0810368002BF7D043680E
:10AF4400002BF4D04FF6FF78D4E904239A4216D2AA
:10AF540023685B8923B1E368934204BF043323610C
:10AF64000423216960680DEB030200F0D1FD002881
:10AF7400DDD1A37A2BB1D4E903329A4201D3012063
:10AF8400D7E72389BDF80610434501F1040203D035
:10AF9400BDF804C09C450BD115B1BDF804302B801D
:10AFA4002369043333603980236913442361C0E780
:10AFB400236913442361C7E748B103683BB143687D
:10AFC4002BB1C068884294BF0020012070474FF025
:10AFD400FF30704703F03FBD4FF4C0535843303047
:10AFE400704710B5044600F0E2FD4FF4C0534343EC
:10AFF400A0683033834201D901F095F8C01A10BD1E
:10B00400084601F0FFBC01292DE9F3470546174620
:10B0140001D901F088F82C224FF0580802FB01F402
:10B0240090F8B83008FB03430344D3F82090B9F1F7
:10B03400000FEED0B3F808A0DB6848469A44042316
:10B0440051460DEB030200F063FD064620B10126D4
:10B05400304602B0BDE8F08795F8B830BDF804205A
:10B0640008FB034446F6081325449A426C891BD115
:10B07400BDF806309C4201D00326E9E70423484684
:10B084000DEB030204EB0A0100F042FD0028DED1BF
:10B0940046F60713BDF804209A42EDD1BDF8061018
:10B0A400214451443960D3E7002CF1D0E4E738B5AA
:10B0B400044600235825012B84F8B83000D938BD44
:10B0C400E21892F8B9205AB905FB0343D86C00F092
:10B0D4001EFD94F8B83005FB0343186A00F017FD11
:10B0E40094F8B8300133DBB2E5E72DE9F8430446C0
:10B0F4000E4600254FF02C08582708FB05F994F854
:10B10400B800294617FB0092224401F01FFC0128D5
:10B1140009D194F8B820002317FB0292294620464F
:10B12400224400F0AEF828B115B1002E08BF00206B
:10B13400BDE8F883002DFBD10125DEE70123036080
:10B1440003F1012343600023C0E9023370474379CC
:10B15400012B07D10368012B04D10079431E584207
:10B16400584170470020704710B412B110BCF5F775
:10B174009FBC104610BC7047002382681946FFF735
:10B18400F3BF5822F0B590F8B83002FB0303D3F8AC
:10B1940028C0BCF5006F36D85E6DB6F5006F32D8A6
:10B1A400002108460A460D460C46624507D3B042C4
:10B1B40005D3624527D1831B58425841F0BDAC42A8
:10B1C4000CD15F6A07EBC2077F6801323C441F6DF4
:10B1D40007EBC0077F6801303D44E6E709D25F6AA8
:10B1E400022907EBC2077F683C440CD001210132DD
:10B1F400DBE71F6D012907EBC0077F683D4402D0E0
:10B2040002210130D1E70020D8E75822F0B590F8A8
:10B21400B83002FB030300221146144615461046BB
:10B22400D3F828C05F6D644505D3B94203D3A8425F
:10B2340028BF2846F0BDA8420CD15E6A06EBC406BE
:10B244007668013430441E6D06EBC1067668013120
:10B254003544E8E709D25E6A022A06EBC40676683A
:10B2640030440CD001220134DDE71E6D012A06EBC7
:10B27400C1067668354402D002220131D3E70020AA
:10B28400D8E710B5582490F8B83063432C2404FB55
:10B2940001331844006A08B900F045FF2023002157
:10B2A40000F036FC003818BF012010BD0A448A4261
:10B2B40000D1704711F8013B40BA80B25840C0F346
:10B2C40003134340180380B24340580100F4FF5075
:10B2D4005840ECE7836800EBC101B3F5004F2CBF85
:10B2E40051F8220031F81200704700EBC101806868
:10B2F400B0F5004F2CBF41F8223021F812307047CE
:10B30400012208B5FFF7E6FFD04008BD836800EBD3
:10B31400C101B3F5004F08D34B681AB143F00103E0
:10B324004B60704723F00103FAE74B881AB143F0EE
:10B3340001034B80704723F00103FAE75300012215
:10B34400FFF7D3BF8368B3F5004F34BF042308234A
:10B35400C91A081AC0087047B0F5004F34BF042357
:10B364000823481C0833A0EBD300B0FA80F0C0F1E6
:10B374001F0070472DE9F041174603220E4604468C
:10B38400FFF7A8FF8642054607F104080AD1012207
:10B39400E368BA4023EA0203E360002344F8283058
:10B3A400BDE8F081314602222046FFF793FF0646AE
:10B3B4002B4601460322204644F82850FFF795FF08
:10B3C400334629462046BDE8F0410222FFF78DBFEF
:10B3D40070B50D4686680446FFF792FFB6F5004F38
:10B3E400014601D3012809D03046FFF7B5FF2946AD
:10B3F40002462046BDE87040FFF7BCBF70BD2DE992
:10B40400F04705468068FFF7A7FF05EB800ADAF8E6
:10B41400109088460646B9F1000F1BD00327DAF8CE
:10B42400104028462146FFF76BFF404507D33246BC
:10B4340021462846FFF79EFF2046BDE8F0870322F9
:10B4440021462846FFF746FF013FCAF8100001D005
:10B454008145E4D14FF0FF34EB680136B4401C4021
:10B46400EAD094FAA4F2B2FA82F2131D55F82340FA
:10B47400DEE72DE9F04114460E460546FFF740FF8E
:10B48400A4EB0608371B0744424631462846FFF71B
:10B4940055FF3A4621462846FFF750FF434600220F
:10B4A40021462846FFF721FF21462846FFF728FFBB
:10B4B4003B46211800222846BDE8F041FFF715BF9E
:10B4C4002DE9F041164604460F46FFF719FF3146B1
:10B4D40005462046FFF714FF05442A463946204610
:10B4E400FFF72CFF31462046FFF70AFF2B463118A1
:10B4F40000222046BDE8F041FFF7F7BE2DE9F041F8
:10B504000D4686680446FFF7FBFEB6F5004F01467C
:10B5140001D3012832D03046FFF71EFF04EB80012F
:10B524000E6996B90122E36882401343E360022264
:10B534000D612B4629462046FFF7D7FE03222946F4
:10B544002046BDE8F041FFF7D0BE02223146204636
:10B55400FFF7C0FE0746034629462046FFF7C5FE0F
:10B564000322334629462046FFF7BFFE39462B46C1
:10B574002046FFF7BAFE02223146E1E7BDE8F0813A
:10B58400F8B50C460546FFF7BBFE261801223146E6
:10B594002846FFF79FFEC3070CD431462846FFF721
:10B5A40017FF21462846FFF7ABFE214622182846FE
:10B5B400FFF786FF002221462846FFF78BFE271A55
:10B5C400012239462846FFF785FE10EA020613D108
:10B5D40039462846FFF7FCFE214632462846FFF747
:10B5E40079FE2246211A2846FFF76AFF2146324691
:10B5F4002846FFF76FFE241A21462846BDE8F84086
:10B60400FFF77CBF38B571B1056800222846FFF703
:10B6140099FE044601462846FFF778FE2146BDE818
:10B624003840FFF7ADBF38BD70B5066809B90020D2
:10B6340070BDB368B3EBD10FF9D9B3F5004F34BF84
:10B6440004230823CC1D1C44E40821463046FFF79C
:10B65400D6FE05460028EAD001463046FFF750FEE4
:10B66400A04209D92C44294630462246FFF701FF5F
:10B6740021463046FFF742FF304601222946FFF7B4
:10B6840045FEB368B3F5004F34BF0423082303EB2E
:10B69400C5031844CCE71146FFF7C6BFB2F5802FA7
:10B6A4002CBF082304232DE9F0410026D21A8C185C
:10B6B400CD1D25F0070524F00704641BE40805608C
:10B6C40021462046AC60EE60FFF746FE421D920024
:10B6D400013002F107074FEAD7073146A2F1100201
:10B6E40005F11000B8BF324603F0ADF93A463146D1
:10B6F4002846FFF723FE3346324631462846FFF7F5
:10B70400F4FDA4EB0708284631460122FFF7FEFDAD
:10B7140042463946FFF712FE3B4632463946284632
:10B72400FFF7E3FD21462846FFF708FE434632466D
:10B7340021462846FFF7D9FD214628460122FFF776
:10B74400E5FD3946BDE8F041FFF7D8BE044608B52B
:10B75400EFF31183202383F31288BFF36F8FFBF77A
:10B764007BFC2046F8F7BAFF00F086FCFCE70022D9
:10B7740003680BB9184670478B4210D10B6842B965
:10B7840042680360914200D14360002301200B60B2
:10B79400704713604368994208BF4260F5E71A4650
:10B7A4001B68E6E7038B13F0070305D10368002B3E
:10B7B4000CBF002003207047022B05D1408BB0FA48
:10B7C40080F0400980007047012B05D10368002BED
:10B7D4000CBF0020052070470020704710B50C46B0
:10B7E40000B111B96FF0150010BD081D00F0D2F8BA
:10B7F4000028F9D1A368032BF6D9F3E72DE9F0412A
:10B804000D4607461946281D90461E4600F0D3F8FB
:10B81400044638B13346424629463846A446BDE874
:10B82400F0416047BDE8F08110B4EFF311822024A9
:10B8340084F31288BFF36F8F416110BC0121F6F7C6
:10B8440029B838B50C46054658B151B10B6843B117
:10B854004B6833B11C22002103F0F5F800202C6161
:10B8640038BD6FF01500FBE770B505460E46FFF7CF
:10B87400B5FF041E14DBEFF31182202383F3128837
:10B88400BFF36F8F4FF6FF716B8B2C8B8B4204F0E1
:10B89400070407D182F31188BFF36F8F6FF00A0496
:10B8A400204670BD022C0CD101336B8382F31188C6
:10B8B400BFF36F8F0023224631462846FFF79EFFD1
:10B8C400EEE7062C14D8DFE804F004131313041A6B
:10B8D4000400002333606B683BB9C5E90066ACB96A
:10B8E40002212846F5F7D6FFDAE71E606E60F6E718
:10B8F40082F31188BFF36F8F6FF00404D0E782F3F3
:10B904001188BFF36F8F6FF08504C9E782F3118844
:10B91400BFF36F8FC4E710B5EFF31182202383F3D5
:10B924001288BFF36F8F048B04F00704022C0AD033
:10B93400012C0CBF6FF004006FF0850082F31188B6
:10B94400BFF36F8F08E0438B013B9BB2438323B962
:10B954002146F5F79FFF204610BD2046EEE738B597
:10B96400A8B1A1B1EFF31185202282F31288BFF3AD
:10B974006F8F048BFFF7FBFE30B104F0070085F3F3
:10B984001188BFF36F8F38BD6FF07700F7E76FF062
:10B994001500F8E7034658B1426802F00302012A91
:10B9A40003D0032A04D1026812B1002098607047C2
:10B9B4006FF0150070474268034602F00302032A41
:10B9C4004FF00002816014BF104600685A6070474F
:10B9D40070B506460C888888241A3069A4B284425B
:10B9E40085B224BF641BA4B22D1BA8B2984228BF01
:10B9F40018463368234413600B8803440B8070BDDE
:10BA040070B4838985880669ED1AADB2731B9342BD
:10BA140028BF134670BC0A46011DFFF7D9BF70B496
:10BA24000E460146C58831F80A3FEC1AA3B2934288
:10BA340028BF1346324670BCFFF7CABF10B54B8807
:10BA44000C88E41AA4B294420ED31A4492B28B889E
:10BA54004A800A800069D21A92B2824201D200203E
:10BA640010BD03448B80FAE76FF01500F8E72DE969
:10BA7400F34106460F4615464FF000082A46304665
:10BA840001A9FFF7BDFF044640B1024639460198BB
:10BA940002F0B2FF2D1BA0442744EFD142463046AA
:10BAA400311DFFF7CBFF404602B0BDE8F0812DE920
:10BAB400F34107460E4615464FF000082A4638461D
:10BAC40001A9FFF7ACFF044648B12EB10246019923
:10BAD400304602F091FF26442D1BA044EED142468D
:10BAE400384607F10A01FFF7A9FF404602B0BDE856
:10BAF400F0817047002908DB8068884205D9401A24
:10BB0400904234BF002001207047002070477047E6
:10BB140070B516461A4605460C46FFF7EBFF48B1CA
:10BB24006968E8682144826814683246A446BDE81E
:10BB3400704060476FF0150070BD70B516461A4628
:10BB440005460C46FFF7D6FF48B16968E86821440A
:10BB5400826854683246A446BDE8704060476FF07E
:10BB6400150070BD10B50B460446FFF7C3FF40B186
:10BB74006168E068194483689B682BB1BDE8104094
:10BB840018476FF0150010BD6FF05700FBE710B5B4
:10BB94000B460446FFF7AEFF30B16168E068194414
:10BBA400BDE8104000F0ABB96FF0150010BD08B54A
:10BBB400C0688368DB689847006808BD08B5C0683A
:10BBC4008368DB689847407908BD70B54C680368A2
:10BBD400A34201D2012070BD8A682244934201D35A
:10BBE4000020F8E74E69D1E90325B54203D36FF08D
:10BBF4000B038B61F4E71B1B42F83530436808697B
:10BC040002EBC00253600B6901330B61E2E737B505
:10BC14000C46C0B201A91546F5F750FF00280CDB0D
:10BC2400019850B121462A46F5F76EFF0446019863
:10BC3400FFF76DFF204603B030BD6FF01504F9E740
:10BC440010F0700F09D100F07F0310F0800F4FF057
:10BC5400010018BF103398407047002070472DE949
:10BC6400F84306460F469046994604254B464246FD
:10BC740039463046F9F7DCF910F10B0F044603D1CD
:10BC8400FEF726FA013DF1D12046BDE8F8830068AD
:10BC940038B150F8043C04385B688B4201D04068EA
:10BCA400F6E77047006848B150F8043C04385B6814
:10BCB4005B689B788B4201D04068F4E7704730B5ED
:10BCC400006888B150F8043C04385B681A6A1D7F28
:10BCD4000023043ADCB2A54201D84068F1E70133FD
:10BCE40012F833408C42F5D130BD08B5F6F7B0FCFC
:10BCF40028B1406810F1100F14BF0020012008BDC6
:10BD04004B1CDBB28170817680F82530C37600F855
:10BD1400061C704750E90231D0F89C0018470022F5
:10BD2400036983F84A207047036993F84A0050B1C5
:10BD340093F8480038B1D3F890209388918910691A
:10BD44005B1A9BB2C01A70470022036983F84B2028
:10BD54007047036993F8490008B193F84B007047A2
:10BD640008B50246FFF7F5FF30B91046FFF7DCFFD0
:10BD7400003818BF012008BD0120FCE70369C3E9AE
:10BD8400001270470229036908D004290BD0012945
:10BD94000ED1D3F8943000201360704793F89B3091
:10BDA400C3F34003F7E793F89B3003F00103F2E792
:10BDB4006FF08500704708B5402903693FD013D858
:10BDC400102932D006D801291ED0082920D06FF0BE
:10BDD400120008BD2029FAD193F89C1001F0FB0150
:10BDE40052B341F0040127E0B1F5807F30D0B1F5C2
:10BDF400007F36D08029EAD193F89C1001F0EF013E
:10BE0400D2B141F0100117E0C3F894200020E0E71C
:10BE140093F89C1001F0FE010AB141F0010183F88E
:10BE24009C100121F6F78AFEF0E793F89C1001F0CC
:10BE3400FD010AB141F0020183F89C10F2E793F886
:10BE44009C1001F0F701002AF6D041F00801F3E755
:10BE540093F89C1001F0DF01002AEDD041F020019D
:10BE6400EAE793F89C1001F0BF01002AE4D041F006
:10BE74004001E1E770B504690546D4F88C00FFF78A
:10BE840016FE94F8A0300646B3B1D4F88C209388FB
:10BE9400918912695B1A9BB2D31A3F2B0CD994F87F
:10BEA4009E3033B16B6822461B6A0021187BF6F77B
:10BEB400DBFE002384F8A030304670BD012208B5B3
:10BEC400FFF7D8FF013818BF4FF0FF3008BD0269F3
:10BED400D2F8901088898B8809691B1A9BB2994201
:10BEE40004BF002382F84830D2F88C300120D9886E
:10BEF4005B89994204BF002382F8493070472DE9D9
:10BF0400F04187680446FB680D4616469847BB68AF
:10BF14002BB1324629462046BDE8F04118476FF060
:10BF24005700BDE8F081002008B5FFF70FFC70B59D
:10BF340006460D460024AC4200DB70BD305DF7F7C9
:10BF440077F80130F9D00134F5E773B583680C460E
:10BF54009A420646114604D36FF01504204602B0F7
:10BF640070BDA242FADB6A46FEF771FF0346002861
:10BF7400F2D1DDE900251544214630462A1BF4F7A9
:10BF840097FD0028E8D12C46E8E72DE9F04F85B06D
:10BF940005460E4690461F4602F068F820B96FF039
:10BFA4004C0005B0BDE8F08F4FF01409002334466F
:10BFB4004FF0010A09FB08693B60284602A902F018
:10BFC40052F8DDE90232009368BB284602F077F8A4
:10BFD4000028E4D00020E4E7A14598BF3446616816
:10BFE4008A4214D121680098019202F034FD019A2A
:10BFF40068B9237CD3B9D4E9023128469847C0B143
:10C0040084F810A03B68143401333B60D5E7143442
:10C014000BF1010BD845DFD10021284602F066F868
:10C024000028CAD1D1E74FF0000BF3E76FF06F009F
:10C03400B7E76FF02200B4E7012801D1EFF30583DD
:10C04400FDF70EBA01460068FFF7F6BF08B5F7F72B
:10C0540043FDBDE80840F7F763BD00210120FFF769
:10C06400EBBF036E83F30B88704761B662B680F34F
:10C074001188BFF36F8F704708B572B6002383F33E
:10C084001188BFF36F8FF8F731FA50B1BFF34F8FB8
:10C0940030BF00BF00BF00BF00BF00BF00BF00BF74
:10C0A40000BF62B6BFF36F8F08BD10B5044672B609
:10C0B400002383F31188BFF36F8FF8F717FA50B199
:10C0C400BFF34F8F20BF00BF00BF00BF00BF00BF42
:10C0D40000BF00BF00BF84F31188BFF36F8F62B647
:10C0E40010BD40E800F313F4803FD8B208BF6FF0EE
:10C0F4001500704730B50C684B6885B00A894D89C6
:10C104000094013B24F01F04234402F01F0242EA7E
:10C11400451223F01F0369468DF808200393F8F7AE
:10C1240017F805B030BD08B500F000F8002383F31C
:10C134001188BFF36F8F0423184602DF4FF050239A
:10C14400012270B50C460546C3F814260020F8F702
:10C154005BFA28462346BDE870400021184710B515
:10C1640003690446C0E905330023C360837F13B128
:10C17400407AF9F739FD0123237700236377E377C6
:10C18400A37710BDFDF7E8BAFDF75EBB0120F8F711
:10C19400B9BB0378027903F00F011AB959B14FF012
:10C1A400FF3070470829FAD8012A04D183F0080027
:10C1B40040F3C000704743F3C000704738B50446ED
:10C1C400F8F7ACFA054660B1037A6BB12046002457
:10C1D400F9F78CFD2846AC77FFF7C1FF20462C7297
:10C1E40038BD6FF01500FBE76FF07700F8E770B526
:10C1F40004460E461546F8F797FF30B906B925B13F
:10C204002046BDE87040F8F7D7BF70BDC34300F0C7
:10C214000F00C3F3C01300EB0310704708B5F9F720
:10C2240039F8818208BD08B5F9F734F8EFF31183C2
:10C23400202282F31288BFF36F8F02690A60027BA7
:10C244002AB9807D83F31188BFF36F8F08BD042062
:10C25400F8E70C220369C9B201FB0233986F00F0BE
:10C264000700704770B5C9B20369EFF31185202444
:10C2740084F31288BFF36F8F0C2606FB0134A46F7E
:10C2840014F0C00408D0A24206D085F31188BFF38D
:10C294006F8F4FF0FF3070BD012206FB01339A67A8
:10C2A40085F31188BFF36F8F436803EBC1035B68A9
:10C2B40098470020EFE78022FFF7D4BFF8B5069F28
:10C2C4000469C9B2EFF31186202585F31288BFF300
:10C2D4006F8F0C2505FB0144A56F05F0070CBCF11D
:10C2E400010F0CD1A76786F31188BFF36F8FC4E9E0
:10C2F4001C23436853F8313098470020F8BD05F0FB
:10C30400C005AF4286F31188BFF36F8F0CBF6FF087
:10C3140077004FF0FF30F1E713B580240094FFF766
:10C32400CDFF02B010BD10B41C240069CBB203FBD6
:10C334000400002110BC10470320FCF79FB8022022
:10C34400FCF79CB80020FCF799B8032001F0E8BB87
:10C35400022001F0E5BB002001F0E2BB1046FDF72E
:10C36400F5BAF7B51C460023164682682360A3601D
:10C374000D465369694601AA9847019B5A1E0192CA
:10C384001BB96FF0150003B0F0BD0098A2684768B0
:10C394002168676085B9B31AD0F800C0634528BF27
:10C3A400634603FB07111A442160A26002689A42A3
:10C3B40006D808300090E0E76B1AB3FBF7F3EBE71D
:10C3C4000020E0E713460022FFF7CBBF2DE9F0473A
:10C3D4000024836886B0884691465B6902AA01A955
:10C3E4009847A2462546029BAB4202D806B0BDE858
:10C3F400F0870026019F07EBC5077B6804933A6822
:10C404000AEB0603B24202D89A460135EBE74946E5
:10C414000394059303A8C0470028E7D0049B013682
:10C424001C44ECE74FF4000200230020C1E9002380
:10C43400704718B901F11000FDF788BA704737B595
:10C444000D46416811B3D1E90013846804B3D4E9FB
:10C454000024F4B1EBB19C421ED10133092B1BD84B
:10C464008DF8013040F20113ADF80230002300785A
:10C474008DF804308DF8000068468DF80550FCF7FF
:10C484003DFE03B0BDE83040F9F748BE0B46DCE79B
:10C49400224601332344E1E76FF0150003B030BDB9
:10C4A4007FB5FF238DF803300DF1030300210193C1
:10C4B4000123CDE90231052303A88DF80C3001AB2B
:10C4C40004910593FFF7BBFF0028A8BF9DF8030064
:10C4D40007B05DF804FB1FB5002188420CBF06239A
:10C4E400042301A8CDE9011103918DF80430FFF76D
:10C4F400A6FF002818BF6FF0040005B05DF804FB28
:10C5040010B50446026902F12003D3E8EF1F013994
:10C51400C3E8E01F0028F8D1536A3BB94FF0502319
:10C524000222C3F8B82509B9FCF752FE2069BDE818
:10C534001040FDF70BBA10B5046904F12003D3E8E9
:10C54400EF1F0131C3E8E21F002AF8D100694FF060
:10C55400FF334FF0FF32FDF72DFA636A43B94FF012
:10C564005022C2F8B8350720BDE8104001F00BBFD7
:10C5740010BD10B50C4601F061FB0023C4E90003B3
:10C58400184610BD38B505460C4601F057FB002D82
:10C5940007DBA84205D9401B84428CBF0020012040
:10C5A40038BD0020FCE770B50D46194628461646EE
:10C5B4001C46FFF7E7FF38B124B12246294630462E
:10C5C40002F01AFA002070BD6FF01500FBE74FF47B
:10C5D400802200230020C1E9002370474368002023
:10C5E4005B681B690B607047436802EA01005B6883
:10C5F40021EA020198600020D96070474368002056
:10C604005B6899607047436800205B68D960704735
:10C6140043685A68536821EA03000B409060002085
:10C62400D3607047082913B528BF08214FF47F024F
:10C634000C46D2F80432D2F808221BBA12BA00927D
:10C644000A466946019302F0D7F9204602B010BDAC
:10C6540030B543681360057A446804EBC504A3420B
:10C6640002D36FF0010030BD5C798C4201D00833F5
:10C67400F0E70020F7E710B50469204601F02BFF2E
:10C684000023636110BDF8B5876806467C689CB1D9
:10C69400436893F82630DB071DD405694FF0FF3358
:10C6A4004FF0FF322846FDF757F86B69002B05DC85
:10C6B40000242846FDF7C8F82046F8BD013B6B610D
:10C6C400002BF5D17B6830469847041EBEBF6B69CA
:10C6D40001336B61EDE70024EEE7F0B4D0E90163C8
:10C6E4001B693BB177688F4208DB3568954205DCEE
:10C6F400F0BC18476FF05700F0BC70476FF015009E
:10C70400FAE7F0B4D0E901631B6A3BB137698F42A1
:10C7140008DBF568954205DCF0BC18476FF057005C
:10C72400F0BC70476FF01500FAE770B4D0E901620D
:10C73400956A03460C46A5B196F8242012B92B46F7
:10C7440070BC1847306A024410F8011BA14202D1A0
:10C7540021461846F3E79042F6D16FF0850070BC8D
:10C7640070476FF05700FAE72DE9F3410E46D0E920
:10C77400014794F825108046FF2905690FD194F8E4
:10C784002610C1F38101022914D0D8F808300039E9
:10C794001B6B18BF01214BB96FF0570003E0FFF783
:10C7A400C4FF0028EBDA02B0BDE8F08140469847A8
:10C7B4000028F8DBA268B2F1004F05D011464046CC
:10C7C400FFF78BFF0028EEDB6269B2F1004F05D062
:10C7D40011464046FFF795FF0028E4DB2368B3F1D8
:10C7E400004F14D0D8F808305B69002BD4D04046F1
:10C7F40001A998470028D6DB2268019B9A421CDDD8
:10C8040011464046FFF769FF002805DACBE76FF0D1
:10C81400004362689A42E5D19EB994F826309B079A
:10C8240016D040463B6898470028BCDBA069FAF75D
:10C83400F7F96B6901336B610AE062689342EBDDDF
:10C84400DEE76B6901336B6194F82630DA0601D4B4
:10C854000020A8E74046FFF716FFA4E7012303FAE8
:10C8640001F103691B68194218BF82F0010212B179
:10C874008368DB68184783681B69FBE708B543686E
:10C88400986A38B1012293F82C10FFF7E7FF00EA09
:10C89400E07008BD6FF08500FBE743681868B0F1ED
:10C8A400004018BF012070470346084631B95B6851
:10C8B4001B68B3F1004F01D0136070476FF015008F
:10C8C4007047F8B545680446FFF7D5FEA86A28B94D
:10C8D4002046BDE8F8400021FFF746BF01F058FDAF
:10C8E400B0B1EB8DA86A95F82C1043F40032012501
:10C8F400066913F0010F336805FA01F514BF2B43E1
:10C90400AB43876833603B6898470028E0DAF8BD9A
:10C914006FF01200FBE74368986A20B1002293F895
:10C924002C10FFF79BBF6FF085007047002200F1C9
:10C9340050039B009BB203F1502303F580331A602C
:10C944001B68704708B5FAF7EBF908BD01282AD12E
:10C9540051BB3D2313706FF0470353706FF00C030A
:10C9640093706FF06903D370022353727823537367
:10C97400032308461172117151719171D1711173B0
:10C984009373D173117451749174D1741175517579
:10C994009175D175117651769176D176117751775B
:10C9A4009177D177704701207047012070470128A3
:10C9B40001BF0323487008710B7005BF00208B7002
:10C9C4000120CB707047012801D1FAF759BC00202F
:10C9D400704703284FF0000001D1FAF751BC7047AB
:10C9E40008B5FAF76FFBB0FA80F0400908BDFDF70F
:10C9F4001DBF08B5F6F7CEF9F6F7B4FABDE808405E
:10CA0400FDF714BF8068183820F00700103870470D
:10CA1400042809D0052803D1481E18BF01207047F7
:10CA2400431A5842584170470120704738B515469B
:10CA34000C4661B15AB1FFF7C1F82146254411F8FB
:10CA4400013B834203D1A942F9D1012038BD002022
:10CA5400FCE738B50C460123114622460546FFF78C
:10CA640057F800280FDB012221462846FFF7DEFF96
:10CA740038B92378012B14BF02230123002023702B
:10CA840038BD0323FAE70120FAE78268183A22F056
:10CA94000702FFF7DEBF13B50C46C0B201A9F5F7D4
:10CAA4000DF850B921460198FAF734FC0446019870
:10CAB400FFF72DF8204602B010BD0124FAE770B547
:10CAC40004680D1B002D02DC6FF05F0070BD94F94B
:10CAD40000602378002E0ADB631C03602378136054
:10CAE4000368C91A13688B42EED80020EEE703F0FE
:10CAF4007F035C1E032C13D89D42E5DD00241460E3
:10CB0400046801340460046815682478013B44EA2D
:10CB140005241460046804F101040460F3D1DFE720
:10CB24006FF06300D2E770B404680E1B002E07DDBB
:10CB340026789E4208D10134046070BCFFF7BFBF61
:10CB44006FF05F0070BC70476FF06100FAE773B577
:10CB54000223154601AA0446FFF7E5FF40B9019EEA
:10CB640028463246216800F0AAFB23683344236038
:10CB740002B070BD0139002901DA0020704750F875
:10CB84002130002BF6D0B3FA83F00131C0EB411011
:10CB9400704739B101F18041013900EB81018142D3
:10CBA400034600D270471B680A681BBA12BA40F8E1
:10CBB400042B41F80439F2E72DE9F0411C4613F047
:10CBC400030318BF012303EB94038B4206460D466F
:10CBD400904613D879B18F003A46002101F033FF13
:10CBE4002CB1381B22464146304401F005FF29464A
:10CBF4003046FFF7CEFF0020BDE8F0816FF007005C
:10CC0400FAE7B3EB810F70B504464FEA810510468D
:10CC140019D95A1B8618002101F015FF30462B46FE
:10CC24000021C2188B4210D1002070BD22F00301F4
:10CC3400615802F00306F600F140C9B281B901322D
:10CC4400AA42F3D1ECE71A46FAE721F00300205890
:10CC540001F00305ED00E84002F8010D0131E1E7C0
:10CC64006FF00700E1E7F8B50546500988420C4625
:10CC740002F01F0601D80AD136B12846A2000021CD
:10CC8400BDE8F84001F0DFBE1F2A02D8F8BD1F2A14
:10CC94000FD9820005EB8003291F05EB8407BB42F3
:10CCA4001AD1201A38BF0022002105EB800001F0C0
:10CCB400CAFE002EEAD0002205EB8404C6F120004F
:10CCC400AC42E3D054F8041C21FA06F3134344F8AD
:10CCD400043D01FA00F2F3E753F804CB41F804CF22
:10CCE400DDE71F2AF8B503460D464FEA521402F059
:10CCF4001F0613D96FF003000A4600FB0430944268
:10CD040002F1FF3113D3621BAC4288BF00222A44D4
:10CD140018460021920001F096FE034636B1002128
:10CD240003EB8403C6F12007AC4206D3F8BD50F8E8
:10CD3400212043F821200A46E1E71868013400FA6B
:10CD440006F20A4343F8042B20FA07F1ECE7F0B5A6
:10CD54000024844620469C4200D1F0BD51F8245062
:10CD640052F824702E182CBF01250025BF194CF849
:10CD7400247045F100000134EDE7F0B500240646C7
:10CD840020469C4200D1F0BD51F824C052F82470D2
:10CD9400ACEB0005AF4294BF4FF0000E4FF0010E14
:10CDA400ED1B46F8245084452CBF70460EF101005B
:10CDB4000134E6E78B4228BF0B462DE9F04796463F
:10CDC400DE080446C91A03F0070875460346B4464C
:10CDD4000020089A0CF1FF3CBCF1FF3F03F1200353
:10CDE40005F1200511D104EB461425460EEB461639
:10CDF4004FEA880C06EB880E764540F08180644447
:10CE0400013980F08B80BDE8F08755F8207CA2FBC7
:10CE1400079710EB090953F8200C47F1000710EBB2
:10CE2400090043F8200C55F81C0C47F10007A2FB3D
:10CE340000093F1853F81C0C49F10009C01943F8C4
:10CE44001C0C55F8180C49F10009A2FB000719EB5A
:10CE5400000953F8180C47F1000710EB090043F8D8
:10CE6400180C55F8140C47F10007A2FB00093F18F1
:10CE740053F8140C49F10009C01943F8140C55F87F
:10CE8400100C49F10009A2FB000719EB000953F843
:10CE9400100C47F1000710EB090043F8100C55F88B
:10CEA4000C0C47F10007A2FB00093F1853F80C0CC7
:10CEB40049F10009C01943F80C0C55F8080C49F164
:10CEC4000009A2FB000719EB000953F8080C47F10D
:10CED400000710EB090043F8080C55F8040C47F15F
:10CEE4000007A2FB000A17EB000953F8047C4AF17F
:10CEF400000017EB090740F1000043F8047C69E7E0
:10CF040056F8043BA2FB0337C318286847F100070F
:10CF1400C31847F1000045F8043B6DE723681B186C
:10CF24002CBF0120002044F8043B69E70323016877
:10CF3400881C400000F00800084400FB01F2013B9B
:10CF4400C2F1020202FB00F0F7D1404270472DE922
:10CF5400F04F87B0139D00242E460493109B9146F6
:10CF64000293DDE911834FEAC80283468A462846C4
:10CF740000210432059301F066FD08F102030393D6
:10CF8400444515D105EB84012346029A584651F8CD
:10CF94002450FFF7F2FE6840FAF76AFA0A460023C3
:10CFA4005946A600109607B0BDE8F04FFAF7FCBC4E
:10CFB4005AF82430D9F800203768304602FB03774A
:10CFC400059A0399574300934A46049BFFF7F2FEE0
:10CFD400DDE90221304643460097FFF7EBFE0436B5
:10CFE4000134CDE738B50D460121044600F031F98E
:10CFF40088B9E9882046890100F07DF958B92A46A4
:10D004002146204600F02EFB28B92046E988BDE8D9
:10D01400384000F0B8B838BD4901502934BF012266
:10D02400032201239340033358430130704710B562
:10D0340086B00B9C04940A9C039400240294099CDB
:10D044000194089C0094FAF737FA06B010BD10B5A5
:10D0540086B00B9C04940A9C03944FF02A340294E7
:10D06400099C0194089C0094FAF726FA06B010BDB6
:10D0740030B50546104600229A4200D130BD51F821
:10D084002240241A45F8224034BF012000200132F6
:10D09400F2E7034600EB810100208B4201D1FAF74D
:10D0A400E7B953F8042B1043F7E71FB5089C009227
:10D0B4000394069C079ACDE90134FFF748FF04B0B6
:10D0C40010BD30B51C46012387B00B9D009203951B
:10D0D4000A9D05AACDE901450593FFF738FF07B07E
:10D0E40030BD00220123C0E90023704710B5044677
:10D0F40048B1006818B1E188890000F0DCFB002227
:10D104000123C4E9002310BD42F21073994270B5A3
:10D1140004460D4602D96FF00F0070BDC3888B42E0
:10D1240001D30020F9E704212846FAF705FE064654
:10D134000028F0D0216841B1E288920001F05CFC43
:10D14400E1882068890000F0B6FBE5802660E8E706
:10D1540038B504460D4619B9FFF7C8FF002038BD9D
:10D16400C2888A4207D100210068920001F06BFC5A
:10D174000123A380F2E7FFF7B9FF29462046BDE863
:10D184003840FFF7C1BF42F21073994270B50A46A6
:10D19400054602D96FF00F0070BDC3888B4207D8D3
:10D1A400BDE87040FFF7B0BF296851F8231011B9EA
:10D1B400013B002BF8D15C1C944238BF1446042177
:10D1C4002046FAF7B9FD06460028E3D0296839B1AC
:10D1D400A20001F011FCE9882868890000F06BFBCB
:10D1E4000020EC802E60D7E7884270B505460E46D5
:10D1F40009D0C988C28841B92AB101239200838029
:10D20400006801F020FC002070BD4C1E8CB9B6F9FA
:10D2140004300134A242AB8012D221462846FFF7E3
:10D2240073FF0028F0D131682868A20001F0E4FB04
:10D23400E9E7336853F82430002BE8D1013CE5E7F3
:10D244002868121B0021920000EB840001F0FBFB14
:10D25400E9E770B50C4601210546FFF755FF064680
:10D2640088B9EA8801469200286801F0ECFB84EA58
:10D27400E472A2EBE472E40FC4EBC4342B686400E0
:10D2840001341A60AC80304670BDC388B1EB431FD3
:10D294003FBF03684A0953F8220001F01F013ABF57
:10D2A400C84000F0010000207047C1880068FFF703
:10D2B40061BC08B5FFF7F9FF0730C00808BD70B5B9
:10D2C4000E4612F0030118BF012101EB920105463D
:10D2D4001446FFF73DFF38B923463246E9882868EB
:10D2E400BDE87040FFF768BC70BD13460A46C188AC
:10D2F4000068FFF786BC38B504460D46FFF7D5FF36
:10D30400E3882844B0EB431F06D820682A46E18806
:10D31400FFF7E7FC002038BD10F01F0118BF012102
:10D3240001EB50112046FFF7EFFE0028EDD0F2E7A5
:10D3340008B50A46C18811B10068FFF794FC0020C3
:10D3440008BD10B5C38823B9CA885AB9ABB1012046
:10D3540017E0026802EB830252F8042C002AF3D18E
:10D36400013BF0E70C6804EB820454F8044C0CB95C
:10D37400013AEAE79342EAD80FD3013B5A1C01D1A0
:10D38400002010BD026852F823400A6852F8232096
:10D394009442DCD803F1FF33F0D24FF0FF30F0E7D2
:10D3A40030B5C38823B9CA885AB9002B3DD136E0B9
:10D3B400026802EB830252F8042C002AF3D1013BE9
:10D3C400F0E70C6804EB820555F8045C4DBB013AA8
:10D3D400EAE7B1F9045003D2B1F90400404226E06F
:10D3E400B0F90420002A03DD002D0CDA01201EE030
:10D3F400002D08DD3AB14FF0FF3018E003F1FF33A0
:10D404000BD2504213E0013B016851F8235054F809
:10D4140023108D42F2D9104609E0591CF4D10020A2
:10D4240005E0002BD8D09342D3D9B0F9040030BD25
:10D434001FB581EAE173A3EBE17301930123C90FE3
:10D44400C1EBC13149000131ADF80C10ADF80E301B
:10D4540002A901AB0293FFF7A3FF05B05DF804FB3B
:10D4640090422DE9F04105460F46144602D0884209
:10D4740006D127460123AB80FC883CB9002003E099
:10D48400FFF7B2FE0028F4D0BDE8F0813B684FEA14
:10D49400840803EB840353F8043C0BB9013CECE728
:10D4A40021462846FFF730FE0028EDD12E6823469A
:10D4B4003A6831463046FFF74AFC074606EB080354
:10D4C400002FDBD0EA88661CA24208D831462846E1
:10D4D400FFF71AFE0028D7D12B6803EB84031A68E0
:10D4E4003446D2192CBF0127002743F8042BE7E761
:10D4F4002DE9F04105460E469046D4883CB9F188A2
:10D50400A1420ED26FF009073846BDE8F081D8F881
:10D51400003003EB840353F8043C002BEFD1013CAF
:10D52400ECE72846FFF7F0FD07460028ECD1F28827
:10D5340094420BD2AE4209D028683168121B920083
:10D5440001EB840100EB840001F056FAEA88F088CC
:10D55400824207D92B68121A0021920003EB800043
:10D5640001F071FAD8F80020234631682868FFF7E3
:10D5740004FC024610B90123AB80C5E72968EB8897
:10D5840001EB840108461B1BFFF772FD0028F2D053
:10D59400B8E72DE9F843B1F90440B2F804C0814674
:10D5A4001CFB04FC664673430D4617461CD5114606
:10D5B4002846FFF7C6FEB0F100080DDB3A462946BF
:10D5C4004846FFF795FF98B9B8F1000F08BF01244A
:10D5D4000020A9F804400BE02A464846FFF788FFDC
:10D5E40030B9644224B2F3E7FFF73AFF0028EFD0E2
:10D5F400BDE8F8830123FFF7CCBF4FF0FF33FFF7FB
:10D60400C8BF2DE9F341054688461646CF883FB189
:10D61400D8F8003003EB870353F8043C3BB146B918
:10D624000021284602B0BDE8F041FFF712BE013FD9
:10D63400EDE72846791CFFF767FD044670B94146BB
:10D644002846FFF7D1FD044640B9013E00963B460B
:10D65400D8F80020E9882868FFF7ACFB204602B020
:10D66400BDE8F08170B504460D461046002116460B
:10D67400FFF7DEFE002824DB2A463346214600203D
:10D68400F9F7F8FF054638B1284670BD3246214601
:10D694002046FFF7AFFF90B900212046FFF7C8FEF0
:10D6A4000028F3DB31462046FFF77AFE0028EBDB47
:10D6B400324621462046FFF7A0FF0028F2D0054657
:10D6C400E2E76FF00905DFE72DE9F04F89B0064680
:10D6D400DDE912588B462846002191460593FFF751
:10D6E400A7FE002805DC6FF00304204609B0BDE85E
:10D6F400F08F2B681B68D907F5D500214846FFF742
:10D7040097FE0028EFDB4846FFF7CFFDB0F5005F3A
:10D71400E9D82846FFF7C9FDB0F5005FE3D8B9F8AA
:10D72400061031B90121304609B0BDE8F04FFFF7CA
:10D7340090BDE888FFF770FC04218246FAF7FCFAF2
:10D744000746002800F0AA80002201234FEA8A0A33
:10D75400CDE90623B8F1000F0DD1294606A8FFF73D
:10D7640041FC044600B35146384600F0A4F806A82C
:10D77400FFF7BCFCB9E7D8F80030002B6ED106AB3C
:10D7840018462946FFF72EFC06AB044640B1514625
:10D79400384600F090F8D8F80030002BA5D1E6E721
:10D7A40093E8030088E8030059463046FFF71CFD60
:10D7B4000446002867D1012329463046B380FFF789
:10D7C400EFFD002857DA3046E988FFF79DFC044650
:10D7D400002858D12868FFF7A9FB069B0090029700
:10D7E40001933168EB882A6804900846FFF75DFCD2
:10D7F400059B0698B9F806203168B3F12A3FEB88F7
:10D80400CDE902070192D9F80020084600922A685F
:10D8140041D1FFF71CFC049B019700933168EB880E
:10D8240008462A68FFF74DFCBBF904B0BBF1FF3F83
:10D8340029D1D9F800301B68DB0724D5F18830687A
:10D84400FFF727FC01225946F9F706FF3246B0805C
:10D8540029463046FFF7CEFE044614E04046E988E8
:10D86400FFF752FC0446002891D198E8030008AB66
:10D8740003E9030098E72A4631463046FFF7F2FEF3
:10D88400044600289FD05146384600F014F8B8F1F9
:10D89400000F80D16BE7FFF7CAFBBCE76FF00F0402
:10D8A40023E713B5049CCDE900344FF02A33FFF786
:10D8B4000BFF02B010BD10B5044608B1FAF730FAF8
:10D8C4002046BDE81040FAF73DBA00207047704783
:10D8D40070472DE9F8430446DDE9087691469846F9
:10D8E4000D4651B9B9F1000F10D1B8F1000F15D19F
:10D8F400E7B91EBB55BB002006E00830FFF774FCF7
:10D904000028EFD0A0F58140BDE8F883494604F132
:10D914002000FFF769FC0028E7D0F3E7414604F153
:10D924002800FFF761FC0028E2D0EBE7394604F158
:10D934001800FFF759FC0028DBD0E3E7314604F177
:10D944001000FFF751FC0028D4D0DBE704F10800F5
:10D95400FFF7AFFC6060CEE77822002101F073B8D6
:10D964004068704710B50446A0B36030FFF7BEFBB3
:10D9740004F16800FFF7BAFB04F14800FFF7B6FBB7
:10D9840004F11800FFF7B2FB04F12800FFF7AEFB27
:10D9940004F12000FFF7AAFB04F11000FFF7A6FB37
:10D9A40004F10800FFF7A2FB04F15800FFF79EFB07
:10D9B40004F15000FFF79AFB04F14000FFF796FBD7
:10D9C40004F13800FFF792FB04F13000BDE8104089
:10D9D400FFF78CBB10BD6822002101F034B810B1F0
:10D9E4006821FAF79DB970472DE9F04105460E46C6
:10D9F40014467AB3036C03F03F079B18036422BFF9
:10DA0400436C013343645FB3C7F1400842451CD300
:10DA14004246384400F0F0FF29462846FAF7B2FAA5
:10DA2400C8B92744A7F140043F2C46440BD900272A
:10DA34002846F119FAF7A6FA78B94037E31B3F2BC9
:10DA4400F6D81C463E442CB1002722463146E8193C
:10DA540000F0D2FF0020BDE8F0814FF0FF30FAE77C
:10DA64003F2AE4D8F1E770B50D468021036C0446E3
:10DA740003F03F035A1C382AC154104431D8002102
:10DA8400C2F1380200F0DFFFD4E910315A0F42EA44
:10DA9400C102DB0012BA1BBA21462046A263E3632B
:10DAA400FAF770FA0646B8B9A36C1BBA2B60E36C9C
:10DAB4001BBA6B60236D1BBAAB60636D1BBAEB6062
:10DAC400A36D1BBA2B61E36D1BBA6B61236E1BBA8A
:10DAD400AB61636E1BBAEB612046FFF780FF3046F3
:10DAE40070BD0021C2F1400200F0ADFF2146204686
:10DAF400FAF748FA06460028EED1014638222046B5
:10DB0400C0E700207047004700F03DBC40F00040F3
:10DB1400C1F88000704740F00040C1F880007047B1
:10DB2400FAF706BCF7B51646DDE90847019001A8E7
:10DB34001D46FAF74BFD019BB6F1000C18BF4FF0E0
:10DB4400010C00EB83000B1E18BF0123002D43EAD8
:10DB54004C0314BF4FF00C0C4FF0000C002C43EAA4
:10DB64000C0314BF4FF4706C4FF0000C002F43EA09
:10DB74000C0314BF4FF4403C4FF0000CD0F80022CB
:10DB840043EA0C0322EA030301B109780EB13678A3
:10DB9400760019430DB12D78AD0031430CB12478D2
:10DBA400240229430FB13F783F040C433C43C0F89F
:10DBB400004203B0F0BD1FB50DF10F030193002324
:10DBC4008DF80F101A4619460093FFF7ABFF05B006
:10DBD4005DF804FB38B5054608460C46FAF72AFDFD
:10DBE400B0B10846FAF71AFD90B90846FAF70AFDEB
:10DBF40001232A688340C2F808332A6803B202EB7F
:10DC04008303D3F8102522F00302C3F8102538BD8E
:10DC14002046BDE838400021FFF7CDBFFAF742BDEA
:10DC24004FF0FF3307B500F00300019301AB184434
:10DC340000F0E2FE019803B05DF804FB4FF480109D
:10DC440070474FF4805070474FF48070704708B5A8
:10DC5400FAF79AFFBDE80840FAF778BC4FF0502372
:10DC6400D3F8B825920707D1D3F8580500F003007C
:10DC7400013818BF01207047012070470223FBF7C9
:10DC840011B80323FBF70EB800210220FBF7BCBA3E
:10DC940030B5026A0346D2E9014084424FF00000E5
:10DCA40002D30123D36030BD187450682425013099
:10DCB4005060186A4268541E0268184605FB042224
:10DCC4005C1950F8045BA04242F8045BF9D10120CE
:10DCD4009960E8E7F0B5064604468BB001AD0F46FF
:10DCE40094460FCE0FC50FCE0FC5216A33684A681C
:10DCF4002B602068A56822B90223CB6000200BB0FA
:10DD0400F0BDFB0713D524260B68013A06FB02334A
:10DD14007E0703D41A7C0AB10F23EEE7224603F1EF
:10DD2400240153F8046B8B4242F8046BF9D1B90710
:10DD340041BF226A536803F1FF335360AC4505D2F7
:10DD4400236A002BDAD00422DA60D7E77A0748BFC7
:10DD540020603B0701D40120D1E7143406AB93E8DB
:10DD6400070084E80700F6E710B502601A44029B36
:10DD7400012983604FF00003C2600374037583615B
:10DD840001D8036210BD24224A43243A8418046251
:10DD94008350026A8C1E9460026A02295360026AEC
:10DDA400D360026A1374026A53741EBF036A243078
:10DDB4001860E7E7182871F100030ED3B0F5807FEF
:10DDC40071F100030BD3B0F5803F71F1000308D368
:10DDD400002914BF09200520704701207047022044
:10DDE40070470320704737B50024002508290A46E8
:10DDF400CDE900450AD80146684600F0FDFDDDE99D
:10DE0400000103B0BDE83040FFF7D4BF002003B0E9
:10DE140030BD00B1C160704743680360836801335B
:10DE24008360006AFFF7F5BF08B50268C3689A42C9
:10DE340005D3006A0821FFF7ECFF002008BD01208C
:10DE4400FCE738B504460D46FFF7EEFF40B1236802
:10DE54001B78B5EB531F04D00A21206AFFF7D9FFC2
:10DE6400002038BD10B50446FFF7DEFF38B1236843
:10DE74001A78FF2A05D00A21206AFFF7CAFF00207A
:10DE840010BD01332360FBE710B5027D044632B1B7
:10DE9400FFF7E8FF48B100234FF0FF322375204617
:10DEA400BDE810400721FFF715BF10BD2DE9F84F5D
:10DEB40004460E4691461D46FFF7B6FF804628B13C
:10DEC400A36843B90321206AFFF7A3FF4FF00008BA
:10DED4004046BDE8F88F2268177807F01F0BBBF1A6
:10DEE4001F0F12D12DB3206A18B1037C0BB1152179
:10DEF400EAE701232B7000252368013563602B4476
:10DF04002360A368013BA360E2E7BBF1170F14D9B8
:10DF1400ABF11803D9B203290BD801259D40A945BB
:10DF240009D3E36805F1010A5244934207D2082158
:10DF3400C9E70721C7E70521C5E70025F1E74A46F8
:10DF44000021304600F07FFD15B986F800B0D2E715
:10DF54002268711E531913F801099A4201F8010F3E
:10DF6400F9D1236A002BC7D01B7C002BC4D0073700
:10DF7400FFB2022FC0D949463046FFF734FF82452D
:10DF8400BAD015219FE738B50C4611460546FFF770
:10DF940058FF08B9002038BD042200232846A118E0
:10DFA400FFF784FF0028F5D02B682360F3E70023F4
:10DFB40037B504468DF80330FFF743FFA8B10422B8
:10DFC40020460DF103030DEB0201FFF76FFF60B173
:10DFD4009DF8035065B901992046FFF759FE50B9E1
:10DFE40063682360A3680133A360002003B030BDDD
:10DFF4006FF00F01F0E72575F8E738B504460D46D4
:10E00400FFF7C1FF48B12268E3689B1A6A689A4225
:10E0140004D908212046FFF7FFFE002038BD38B59B
:10E0240004460D46FFF7E9FF18B123686A681344F4
:10E03400236038BD70B50D46002104461646FFF72F
:10E0440000FF38B1324629462046BDE8704000231F
:10E05400FFF72CBF70BD0422FFF7ECBFFFF7FBBF37
:10E064000222FFF7DCBF0322FFF7D9BF10B5052159
:10E074000446FFF79CFF50B1237D4BB96FF000427B
:10E08400A368934205D305212046FFF7C5FE00206F
:10E0940010BD5B00A360FBE7037D23B98068B0FA81
:10E0A40080F0400970470368C268934205D218782B
:10E0B400A0F1FF0358425841704700207047FFF712
:10E0C400E3BE38B50D4606210446FFF7BAFE08B98B
:10E0D400002038BD0023042229462046FFF7E6FE2F
:10E0E4000028F5D0A3680133A360F2E7F0B58FB040
:10E0F4000446FFF799FE00285DD0236800221D78AE
:10E104000023CDE9022323466D0905AA04F1200763
:10E11400164618685968083303C6BB423246F7D11D
:10E1240018683060062D1CD02A1F0023012A4FF0E6
:10E1340008028DF804300DEB020198BF01AB05A86D
:10E14400FFF7B4FE0646002835D0042D3BD019D87D
:10E15400023D012D21D9059B2360A368013BA360E7
:10E164002AE001A905A8FFF7ACFF20B3059B089A94
:10E17400934204D30821206AFFF74BFE1BE01D786D
:10E184006D09CFE7052DE6D1DDE90232B3F1004F89
:10E1940072F1000113D32946EDE7E3682168029A7E
:10E1A4005B1A9A4203D8059B13440593D3E70821CD
:10E1B4002046FFF731FE002630460FB0F0BDDB18D5
:10E1C4005241CDE902329DF8045025B16FF00F029F
:10E1D4000023CDE90223029B8DF82850079305A85C
:10E1E400FFF75AFF014638B1002DB4D005A8FFF758
:10E1F40039FE0028AFD1DEE705A8FFF777FF002836
:10E20400EDD1D8E7FFF7B0BD00B1C160704710B5DC
:10E214000368C468A34205D3006A0821FFF7F4FF2A
:10E22400002010BD02F01F0242EA41111970036878
:10E23400013303600120F4E770B505460E4610462D
:10E2440019461446FFF7CFFD22463146431E2846A1
:10E25400BDE87040FBF7D4B8F8B51746C368026848
:10E2640004469A420D4606D30821206AFFF7CCFFE4
:10E2740000263046F8BD9B1A4A689A42F4D80E46E6
:10E2840056F8043B53B104213046FFF7ACFD6A68ED
:10E2940023681344E26803449A42E5D332460423D4
:10E2A40039462046FFF7C8FF06460028E0D020681C
:10E2B4002968884202D06A6800F0ABFB23686A6868
:10E2C40013442360D5E7082A73B513460C4606D9D0
:10E2D400006A0521FFF798FF002002B070BD8E1878
:10E2E40016F9012C002A0FDA0A4669460C46B24296
:10E2F40004D101212246FFF79FFFEEE712F8015BEC
:10E30400ED4301F8015BF2E70021F3E713460A4607
:10E314000021FFF791BF07B5042201910DEB020123
:10E32400FFF7D1FF03B05DF804FB07B504220191A8
:10E334000DEB0201FFF7EAFF03B05DF804FB0322D3
:10E34400FFF78ABF07B5CDE900126946FFF7F7FF6B
:10E3540003B05DF804FB1F220421FFF758BF1F22FE
:10E364000521FFF754BF1F220721FFF750BFFFF716
:10E37400FABF1FB50024CDE90144069C0094FFF7C1
:10E38400F3FC04B010BD08B1F6F72CB97047704720
:10E3940040B1C368587810F001001EBF1878B0FA75
:10E3A40080F040097047EFF31183202383F3128830
:10E3B400BFF36F8FFEE708B5FFF7F5FF10B54369AC
:10E3C400044633B90020E268537843F001035370E4
:10E3D40010BD98470028F5D00028B8BF4042FF2858
:10E3E400A8BFFF20E3681870EDE700F02CBB00F035
:10E3F40003BB4169836843EA010212F003020FD1AF
:10E40400C2600269013A01FB023382689A4201D96F
:10E4140000207047C2681A604269C3609B1AF4E71F
:10E424006FF01500704710B5C0E904320023816015
:10E4340083610446FFF7DDFF0028A8BFC4E9004458
:10E4440010BD2DE9F04105460F46EFF31188202356
:10E4540083F31288BFF36F8FC668F6B90468A042CD
:10E464001BD0D4B1D4E9003213605A60637BC4E991
:10E47400006623F002036373A66004F1180000F041
:10E4840045FA2046A667276100F06EF9414605F17A
:10E494000800BDE8F041FBF7A9BD3E60AB69EF6041
:10E4A400013BAB6188F31188BFF36F8FBDE8F08146
:10E4B400202408B5EFF3118384F31288BFF36F8F20
:10E4C400FDF7DAFDF6E790F90E308B4201D0FBF749
:10E4D40021BD0020704703460020C3E90033C3E98F
:10E4E40002007047D0E9003213605A600023427B77
:10E4F400C0E9003322F002024273836070472DE9C1
:10E50400F843904604460D469DF8202000F1080982
:10E51400EFF31187202181F31288BFF36F8F02B1CB
:10E524004568A668B14515D0A6B100243046FFF76A
:10E53400D9FF06F1180000F0E9F93046B467C6F8CF
:10E54400108000F011F948463946FBF74FFD20468C
:10E55400BDE8F883A3B10820FCF738F9002832D0CD
:10E564000122C0F804800260016801F003015DB972
:10E5740022680A430260626820606AB960600BE046
:10E584004046C8F80030EFE72A68032A10D8016033
:10E59400616839B9C4E90000002087F31188BFF32A
:10E5A4006F8FD5E70A6802F0030202430A60E5E7C9
:10E5B40022F003020A4302602A6802F0030240EADE
:10E5C40002032B60E8E76FF00B00E6E710B50446A2
:10E5D40030B10268930703D0446809B100F0E0F950
:10E5E400204610BD012307B5009300230A461946AF
:10E5F400FFF785FF03B05DF804FB3AB18A4205D307
:10E60400C0E90212C0E90000002070476FF0150055
:10E614007047012302688B4022EA0303036022FA55
:10E6240001F000F00100704720B100228C30114647
:10E6340000F033B9704773B50446EFF31185202316
:10E6440083F31288BFF36F8F0023A0F11006032118
:10E6540004380193FFF7DDFF28B1A369304601A90F
:10E664000193FBF773FA85F31188BFF36F8F02B040
:10E6740070BD38B504460D461022002100F0E3F9C0
:10E68400656038BD13B501900846EFF3118420236B
:10E6940083F31288BFF36F8F01A9FBF757FA84F352
:10E6A4001188BFF36F8F02B010BD10B5FFF7EAFFFA
:10E6B400041E08DDEFF31180202383F31288BFF3D7
:10E6C4006F8FFBF7A5FC204610BD38B530220D46F0
:10E6D4000021044600F0B7F94FF480736560E360ED
:10E6E40038BDEFF30580003818BF012070476FF084
:10E6F40057007047D0E9003213605A600023C0E924
:10E704000033704708B5FFF7F5FF437B23F002039E
:10E7140043730023836008BD38B504460D46FBF7F8
:10E72400A7FB637B43F002036373E5B1A5602B6829
:10E734009D4209D16B68C4E900531C606C6012E00F
:10E744006A689A42F6D01B68002BF3D094F90E2025
:10E7540093F90E108A42F3D09142F1DD5A68C4E96C
:10E76400003214605C6038BD10B5EFF311842023CF
:10E7740083F31288BFF36F8FFBF73CFB84F311889C
:10E78400BFF36F8F10BD08B5EFF31181202282F320
:10E794001288BFF36F8F83680BB1FFF7B3FF81F368
:10E7A4001188BFF36F8F08BD014610B5EFF31184D4
:10E7B400202383F31288BFF36F8F437B13F0280F5A
:10E7C4000AD183680BB1FFF79DFF4B7B084623F00A
:10E7D40004034B73FBF70EFB84F31188BFF36F8FB5
:10E7E40010BD01211838FFF7DFBF08B50346EFF36A
:10E7F4001181202282F31288BFF36F8F0068834255
:10E8040007D008B1FFF77EFF81F31188BFF36F8F44
:10E8140008BD0020F8E710B5FFF7B5FFBDE81040CC
:10E82400183000F073B838B5054604680020AC42CF
:10E8340000D138BD002CFCD02046FFF7ECFF204669
:10E84400FFF792FF2C680120A542F1E738B5044692
:10E854000D46FBF779FCB5F1FF3F08BFB4F1FF3F6C
:10E864000246204618D000204FF47A7447F6FF730E
:10E874000146C2FB0431B3F5004F71F100020BD322
:10E884006FF400429A4243F6FF728A4132BF6FF03E
:10E894000040D80B40EA414038BD38B5EFF311854C
:10E8A400202383F31288BFF36F8F0468A04212D031
:10E8B4009CB1A16722612046FFF724FF04F11800F0
:10E8C40000F024F82046FBF795FA012085F311881F
:10E8D400BFF36F8F38BD0020F8E72046F6E708B590
:10E8E4000246FBF76FFD70B1D0E904319B1A61EB6E
:10E8F400E272B3F1004F72F1000104DA002AACBFF6
:10E904001846002008BD6FF00040FBE7024638B50A
:10E91400EFF31185202383F31288BFF36F8F03680D
:10E92400CBB1FBF74FFD04461046FBF75DFD00221B
:10E934004FF000438442C0E9042306D1FBF74AFDAB
:10E94400FFF7CDFF0021F8F74FFB002085F3118876
:10E95400BFF36F8F38BD6FF01500F7E708B5FBF70D
:10E964004DFE08BDFBF74ABE10B50446FFF7CEFFC7
:10E97400A8B9636A0BB12046984704F11800FFF761
:10E9840034FF60B1FFF7F0FEEFF31180202383F32F
:10E994001288BFF36F8FBDE81040FBF739BB10BD81
:10E9A40020B1011F50F8040C00F00AB870477047FA
:10E9B40010B400F10C04C0E9034410BCFCF76EBEB3
:10E9C40038B50446EFF31185202383F31288BFF38F
:10E9D4006F8FFCF717FE04F10C00FFF724FF30B132
:10E9E400294604F11400BDE83840FBF7FFBA85F36B
:10E9F4001188BFF36F8F38BD0A44431E914200D182
:10EA0400704710B511F8014B914203F8014FF9D149
:10EA140010BD884210B501EB020402D9844223469A
:10EA240007D8431EA14208D011F8012B03F8012F87
:10EA3400F8E7024401468A4200D110BD13F8014DA3
:10EA440002F8014DF7E702440346934200D17047B0
:10EA540003F8011BF9E70139024410B5904201D1D2
:10EA6400002005E0037811F8014FA34201D0181BE0
:10EA740010BD0130F2E7F0B5C2F13705044602F0EB
:10EA84001F020846EDB22746B4FBF2F602FB16411C
:10EA94003446CBB2092984BF5B19DBB2BA4203F115
:10EAA400300300F8013BEED9F0BDD1E904329342C2
:10EAB4001EBF5A1C0A6118707047000001480068A4
:08EAC400704700001838012022
:08EACC00BC16FF7F01000000F1
:10EAD4000000000064EB0000DD9600000000000070
:10EAE400E1A700000000000000000000A4EB00000B
:10EAF4000000000084EB0000F3C9000000000000E7
:10EB040000000000C4EB00008D6E00000000000057
:10EB1400652D000000000000F7C90000000000009F
:10EB240007DB00000000000005A800000000000052
:10EB340000000000E4EB00000000000024EC0000F2
:10EB44000000000004EC00009147000000000000F9
:10EB54000000000064EC00000000000044EC000031
:10EB64009FF700007CF1000018EF0000DE21002078
:10EB740000430120895E0000000000000000000046
:10EB8400ECF7000020F20000F4EE0000E621002083
:10EB9400BC430120456A00000000000000000000A2
:10EBA400F8F7000038F20000F4EE0000E82100203D
:10EBB400C8430120456A0000000000000000000076
:10EBC400AFF60000E423002070EF0000DC210020F9
:10EBD40000200020F92A00000000000000000000CE
:10EBE400AAF70000A4F10000DCEE0000E021002000
:10EBF400202100201165000000000000000000003A
:10EC0400B7F7000000000000ACEE0000E221002095
:10EC140000000000E16600000000000000000000A9
:10EC2400CEF7000000000000C4EE0000E421002044
:10EC340000000000E1680000000000000000000087
:10EC44000DF8000050F2000034EF0000EA2100202B
:10EC5400D4430120C7C800000000000000000000E9
:10EC64001DF8000080F2000034EF0000EC210020C9
:10EC7400EC430120C7C800000000000000000000B1
:10EC8400000000005FC00000000000005FC0000042
:10EC9400000000005FC00000000000005FC0000032
:10ECA400000000005FC0000053DC00000BDB00002C
:10ECB400000000005FC00000000000005FC0000012
:10ECC400000000005FC00000000000005FC0000002
:10ECD400000000005FC00000000000005FC00000F2
:10ECE400000000005FC00000000000005FC00000E2
:10ECF400000000005FC00000000000005FC00000D2
:10ED0400000000005FC00000000000005FC00000C1
:10ED1400000000005FC00000000000005FC00000B1
:10ED2400000000005FC00000000000001D6F000034
:10ED3400000000005FC00000000000005FC0000091
:10ED4400000000005FC00000000000005FC0000081
:10ED5400000000005FC00000000000005FC0000071
:10ED6400000000005FC00000000000005FC0000061
:10ED7400000000005FC00000000000005FC0000051
:10ED8400000000005FC00000000000005FC0000041
:10ED9400000000005FC00000000000005FC0000031
:10EDA400000000005FC00000000000005FC0000021
:10EDB400000000005FC00000000000005FC0000011
:10EDC400000000005FC00000000000005FC0000001
:10EDD400000000005FC00000B99200000BDB0000DF
:10EDE400000000005FC00000000000005FC00000E1
:10EDF400000000005FC00000000000005FC00000D1
:10EE0400000000005FC00000000000005FC00000C0
:10EE1400000000005FC00000000000005FC00000B0
:10EE2400000000005FC00000000000005FC00000A0
:10EE3400595500000BDB0000B59300000BDB00000C
:10EE4400000000005FC00000000000005FC0000080
:10EE5400000000005FC00000000000005FC0000070
:10EE6400000000005FC00000000000005FC0000060
:10EE7400000000005FC00000000000005FC0000050
:10EE8400000000005FC00000000000005FC0000040
:10EE9400000000005FC00000000000005FC0000030
:08EEA400000000005FC0000047
:10EEAC00ABC500006D67000009670000D966000063
:10EEBC0077C50000C96600006568000005680000A1
:10EECC00916800005D680000D3C500004D6800002B
:10EEDC00D9620000CD610000156400004D61000096
:08EEEC0029C400003D61000093
:10EEF40009690000E1C50000EDC5000001C600007D
:10EF04000BC6000015C60000000000000000000051
:04EF140000000000F9
:10EF1800ED5E0000BBC200001DC300000000000041
:0CEF280057C200000000000000000000C4
:10EF340081C800001BC900009FC80000ADC80000C4
:10EF440000000000000000000000000000000000BD
:10EF540000000000000000000000000000000000AD
:0CEF6400000000000000000000000000A1
:10EF7000C1BE0000852B000000000000B129000088
:10EF800079BE00009129000023BD00002DBD0000C6
:10EF9000712900004DBD00000000000057BD0000B9
:10EFA000000000000000000065BD0000D3BE0000AE
:0CEFB00081BD0000BBBD000089BD000059
:10EFC000FF000000FF000000FF000000FF00000045
:10EFD000FF000000FF000000FF000000FF00000035
:10EFE000FF000000FF000000FF000000FF00000025
:10EFF00000C2010000000800000000000000000046
:10F000000338FDD8704700004D30000033BF0000CA
:10F0100004000000020000000100000008000000E1
:10F0200001000000D0F400003CF0000004000000EB
:10F030000200000001000000080000000E010000B6
:10F0400000800050009000500B0000000000000005
:10F05000000000000000010004EC000001000000BE
:10F06000000000000000040024EC0000020000008A
:10F070000000000000000E00E4EB000003000000B0
:10F08000000001000002000004EC00000400000089
:10F090000000010000000E0004EC0000050000006C
:10F0A0000002010000FE0D0004EC0000060000005C
:10F0B0000002010000FE0D0004EC0000070000004B
:10F0C000000004000000000024EC00000800000024
:10F0D00000000E0000000400E4EB00000900000046
:10F0E00000000F000000010004EC00000A00000016
:10F0F0000000120000006E00E4EB000000000000C1
:10F100002BBF000018210020102100200821002022
:10F110000000000000210020D52E0000A52D0000D9
:10F12000F92D00006D2E00000020002000000000DE
:10F1300006000100020000003CF100000000000099
:10F140007CF7000002000000E0FF0F00002000201C
:10F1500084F7000021000000E0FF06206146000067
:10F1600041C100000000000035490000000000001F
:10F17000115E0000E15D0000000000006D5F000016
:10F18000555E000049C300005BC3000043C300009C
:10F1900055C300003DC300004FC300000400000041
:10F1A00000FF000000000000000000000000000060
:10F1B000000000000000000000000000000000004F
:10F1C000020000000000000BF4010000000101003B
:10F1D00000008000C2281700DCF1000000B00250DF
:10F1E000E8F1000001000000F0F100000400000060
:10F1F0001100001D0D00001F0E0000201200001E57
:10F2000000080000001000000100000000FF0000E6
:10F2100040000000001000000400000000FF00009B
:10F22000FFFF0000002884500000000001000000E3
:10F2300000D0005000000000FFFFFFFF00258450B9
:10F24000000000000000000000D00050000000009E
:10F2500000000080FFFFFF7F0000008000000080B2
:10F26000FFFFFF7F000000800000000000000000A2
:10F2700030F8000000FF0A00A4EB00001F000000AF
:10F2800000000080FFFFFF7F000000800000008082
:10F29000FFFFFF7F00000080000000000000000072
:10F2A00030F8000000FF0A00A4EB00000F0001008E
:10F2B000040000000200000001000000080000003F
:10F2C000982F8A4291443771CFFBC0B5A5DBB5E9D1
:10F2D0005BC25639F111F159A4823F92D55E1CAB45
:10F2E00098AA07D8015B8312BE853124C37D0C55D3
:10F2F000745DBE72FEB1DE80A706DC9B74F19BC11B
:10F30000C1699BE48647BEEFC69DC10FCCA10C240A
:10F310006F2CE92DAA84744ADCA9B05CDA88F976EE
:10F3200052513E986DC631A8C82703B0C77F59BF58
:10F33000F30BE0C64791A7D55163CA066729291484
:10F34000850AB72738211B2EFC6D2C4D130D385321
:10F3500054730A65BB0A6A762EC9C281852C7292E3
:10F36000A1E8BFA24B661AA8708B4BC2A3516CC711
:10F3700019E892D1240699D685350EF470A06A104A
:10F3800016C1A419086C371E4C774827B5BCB03499
:10F39000B30C1C394AAAD84E4FCA9C5BF36F2E6837
:10F3A000EE828F746F63A5781478C8840802C78CC6
:10F3B000FAFFBE90EB6C50A4F7A3F9BEF27871C6C9
:10F3C000D4EA0000D4EA00000CEB000014EB0000CB
:10F3D00064EB000064EB000079F80000000100001D
:10F3E000FF8FFFFFFF8FFFFFFE8FFFFFFE8FFFFFEF
:10F3F000FD8FFFFFFC8FFFFFFC8FFFFFFB8FFFFFE9
:10F400006D757465785F667265652063616C6C65A7
:10F41000642077697468204E554C4C20706172618D
:10F420006D6574657200000043616E277420696E1B
:10F43000697469616C697A65206D757465782C20D2
:10F44000776173204E554C4C0D0A0000436F756C6C
:10F4500064206E6F74206C6F636B20706F776572C1
:10F460002073617665206D75746578000100020077
:10F4700010001100120020002100220023002400AF
:10F480003000310032003300FFFF0000F0FFF0FFDA
:10F49000F0FFEAFF74FFF0FFF0FF74FFF0FFEAFFF8
:10F4A00077C295F360D2EF7F3552500F2CB679803A
:10F4B00004010001240120010200010000020001FA
:10F4C0000404020108726300000000000000000054
:10F4D0003082010A0282010100D106081A18442C68
:10F4E00018E8FBFDF70DA34F1FBBEE5EF9AAD24B48
:10F4F00018D35AE96D188019F9F09C341BCBF3BC72
:10F5000074DB42E78C7F10537E435E0D572C44D151
:10F5100067080F0DBB5CEEECB399DFE04D840BAADE
:10F52000774160ED152849A701B43C10E6698C2F9E
:10F530005FAC414D9E5C14DFF2F8CF3D1E6FE75B80
:10F54000BAB4A9C8887E473C94C37767544BAA8D48
:10F550003835CA62617EB7E115DB7773D4BE7B7242
:10F5600021896924FBF8656E643EC80ED785D55C99
:10F570004AE4530D2FFFB7FDF31339833FA3AED2F7
:10F580000FA76A9DF9FEB8CEFA2ABEAFB8E0FA829C
:10F590003754F43EE12BD0D3085818F65E4CC88897
:10F5A0008131AD5FB08217F28A692723F3AB873EC2
:10F5B000931A1DFEE8F81A246659F81CABDCCE68D5
:10F5C0001B666435ECFA0D119DAF5C3AA7D167C696
:10F5D00047EFB14B2C62E1D1C902030100017F7FEB
:10F5E0007F7F7F7F7F7F7F7F7F7F7F7F7F7F7F7F2B
:10F5F0007F7F7F7F7F7F7F7F7F7F7F7F7F7F7F7F1B
:10F600007F7F7F7F7F7F7F7F7F3E7F7F7F3F343520
:10F61000363738393A3B3C3D7F7F7F407F7F7F00E4
:10F620000102030405060708090A0B0C0D0E0F1052
:10F630001112131415161718197F7F7F7F7F7F1AF9
:10F640001B1C1D1E1F202122232425262728292A92
:10F650002B2C2D2E2F303132337F7F7F7F7F414205
:10F66000434445464748494A4B4C4D4E4F505152F2
:10F67000535455565758595A6162636465666768B2
:10F68000696A6B6C6D6E6F70717273747576777872
:10F69000797A303132333435363738392B2F3031AF
:10F6A00032333435363738394142434445460062B7
:10F6B0006F6172645F6364635F61636D5F756172E4
:10F6C0007400757362776F726B71006D7574657815
:10F6D0005F696E69742063616C6C6564207769741E
:10F6E00068204E554C4C20706172616D6574657276
:10F6F00000436F756C64206E6F7420616C6C6F6377
:10F70000617465206D75746578206265666F7265D9
:10F7100020696E697469616C697A696E67000A00B4
:10F72000696D6167650064617461006C656E006F8E
:10F73000666600696D6167657300736C6F7400764F
:10F74000657273696F6E002568752E2568752E25A4
:10F750006875002E257500736C6F74730075706C7E
:10F760006F61645F696D6167655F6964006D617891
:10F770005F696D6167655F73697A6500464C4153E7
:10F78000485F30005352414D5F3000000000012BB4
:10F790002C2A1E757362645F776F726B710003634E
:10F7A0006C6F636B4035303030006D7832357236B7
:10F7B00034333566403000666C6173682D636F6E5C
:10F7C00074726F6C6C6572403339303030006E6F1C
:10F7D000726469635F72616D2D666C6173682D631D
:10F7E0006F6E74726F6C6C65724030006770696F19
:10F7F00040383432383030006770696F4038343206
:10F800003530300000010203040506070B73656EF6
:10F81000736F722D7077722D6374726C00726567EE
:10F82000756C61746F722D3376332D6374726C0056
:10F8300000000001040104030402040104010403A4
:10F84000010403040104092040000000010101003B
:10F8500000010000000C04241C0020303030303047
:10F8600030303030303030303001000000010202E2
:10F87000030303036D61696E00737973776F726BB5
:0CF880007100286E756C6C2900000000FF
:10F88C00000000000000000000000000000000006C
:10F89C00000000000000000000000000000000005C
:10F8AC00000000000000000000000000000000004C
:10F8BC00000000000000000000000000000000003C
:10F8CC00000000000000000000000000000000002C
:10F8DC00000000000000000000000000000000001C
:10F8EC00000000000000000000000000000000000C
:10F8FC0000000000000000000000000000000000FC
:10F90C00000000000000000000000000D0200020DB
:10F91C00BC20002000C20100000008000000000014
:10F92C0000000000000000000000000000000000CB
:10F93C000100000001000000FFFFFFFF40A90520AF
:10F94C0000000000000000000000000000040000A7
:10F95C0040AD052000000000000000000000000089
:10F96C0000040000A52A0000800000008127000090
:10F97C000000000081270000800000004CF0000017
:10F98C00902200203A000000A42200203A0000003F
:10F99C007C2200203A000000B82200203A0000002F
:10F9AC002021002020210020010000000100000087
:10F9BC003021002030210020000000000100000058
:10F9CC0000000000000000004BEA0000D3D800004B
:10F9DC00D5D80000CFD800000090D00300700150A3
:10F9EC0000000000FFFFFFFF3F000000FFFFFFFFD4
:10F9FC003F00000074210020742100200000000052
:10FA0C0069A80000C0210020B8210020B0210020EE
:10FA1C0000000000A821002095A90000E1A800002A
:10FA2C0015A900005DA90000384501203A00003AF4
:10FA3C003C4501203A00003A404501203A00003A8A
:10FA4C00444501203A00003AD021002094210020A6
:0CFA5C008C210020882100208421002043
:10FA6800000000000000000000000000000000008E
:04FA7800000000008A
:10FA7C00000000000000000031A6000000000000A3
:10FA8C0000000000000000000822002008220020D6
:10FA9C0091C1000000000000000000000000000008
:10FAAC00000000000000000000000000000000004A
:10FABC0031A6000000000000000000000000000063
:10FACC0040220020402200201171000000000000A4
:10FADC00000000000000000000000000000000001A
:10FAEC006022002060220020C0A60520000000003B
:0CFAFC00200000001400000000000000CA
:10FB08007C2200207C220020000000000000000071
:10FB18000E0000009022002090220020000000002B
:10FB2800000000000E000000A4220020A4220020F3
:10FB380000000000000000000E000000B8220020B5
:10FB4800B822002000000000000000000E000000A5
:10FB5800CC220020CC220020000000000000000081
:04FB68000E0000008B
:10FB6C00E0220020E0220020010000000100000043
:10FB7C000000000000000000F8220020F822002005
:10FB8C0012010002EF020140151900530104010299
:10FB9C00030109020000000100C032080B00020240
:10FBAC0002000009040000010202000005240010FC
:10FBBC0001052401020104240202052406000107A8
:10FBCC0005800310000A09040100020A0000000766
:10FBDC0005800240000007050002400000040309F4
:10FBEC000432034E6F726469632053656D69636FF1
:10FBFC006E647563746F7220415341000000000005
:10FC0C0000000000000000000000000000000000E8
:10FC1C000000002A03426F6F746C6F616465722080
:10FC2C005468696E67793A353300000000000000B3
:10FC3C000000000000000000000000000022033063
:10FC4C003132333435363738394142434445460036
:10FC5C000000000000000000000000000000000098
:01FC6C000097
:10FC7000000000002323002005BD0000E12C00004F
:10FC8000412A000000000000000000000300000006
:04FC9000E42000204C
:04FC9400290600003D
:04FC980015E015E07E
:0400000300003DD9E3
:00000001FF
