:020000021000EC
:10020000B0E2002049BC0100B50B040035BC010080
:1002100035BC010035BC010035BC010035BC010016
:10022000000000000000000000000000A5BD01006B
:1002300035BC01000000000045BD010035BC0100D7
:100240006DBF01006DBF01006DBF01006DBF0100FA
:100250006DBF01006DBF01006DBF01006DBF0100EA
:100260006DBF01006DBF01006DBF01006DBF0100DA
:100270006DBF01006DBF01006DBF01006DBF0100CA
:100280006DBF01006DBF01006DBF01006DBF0100BA
:100290006DBF01006DBF01006DBF01006DBF0100AA
:1002A0006DBF01006DBF01006DBF01006DBF01009A
:1002B0006DBF01006DBF01006DBF01006DBF01008A
:1002C0006DBF01006DBF01006DBF01006DBF01007A
:1002D0006DBF01006DBF01006DBF01006DBF01006A
:1002E0006DBF01006DBF01006DBF01006DBF01005A
:1002F0006DBF01006DBF01006DBF01006DBF01004A
:100300006DBF01006DBF01006DBF01006DBF010039
:100310006DBF01006DBF01006DBF01006DBF010029
:100320006DBF01006DBF01006DBF01006DBF010019
:100330006DBF01006DBF01006DBF01006DBF010009
:100340006DBF01006DBF01006DBF01006DBF0100F9
:040350006DBF01007C
:1003580080EA101404F0F01480EA0410604081EA86
:10036800111404F0F01481EA0411614082EA1214B5
:1003780004F0F01482EA0412624083EA131404F0D1
:10038800F01483EA0413634080EA102404F47F44E1
:1003980080EA0420604081EA112404F47F4481EA61
:1003A8000421614082EA122404F47F4482EA042290
:1003B800624083EA132404F47F4483EA04236340FD
:1003C80081EA500404F0553480EA4400614083EA2D
:1003D800520404F0553482EA4402634082EA9004ED
:1003E80004F0333480EA8400624083EA910404F024
:1003F800333481EA84016340704700BF82EA900485
:1004080004F0333480EA8400624083EA910404F003
:10041800333481EA8401634081EA500404F055349E
:1004280080EA4400614083EA520404F0553482EAC9
:100438004402634080EA102404F47F4480EA0420E4
:10044800604081EA112404F47F4481EA0421614078
:1004580082EA122404F47F4482EA0422624083EA96
:10046800132404F47F4483EA0423634080EA1014CD
:1004780004F0F01480EA0410604081EA111404F0DA
:10048800F01481EA0411614082EA121404F0F014B5
:1004980082EA0412624083EA131404F0F01483EA37
:1004A80004136340704700BF2DE9F14F94464FEAAB
:1004B800930B8A68CB6808684968FFF749FF0BF116
:1004C800060E33E083EA134480EA134582EA1347B1
:1004D80046BA96EA3444604000F00F1684EA0634BF
:1004E80020F00F1684EA161054BA94EA01067240F6
:1004F80002F00F1486EA043622F00F1486EA14126A
:100508004CBA6540694001F00F1485EA043521F0C2
:100518000F1485EA14115CBA67407B4003F00F148E
:1005280087EA043723F00F1487EA1413BCE8F000B5
:100538006040694072407B4000F0E03400F01035C4
:1005480000F00F3040EA540040EAC50080EA900409
:1005580004F0332480EA8400604001F0E03401F0C4
:10056800103501F00F3141EA540141EAC50181EA31
:10057800910404F0332481EA8401614002F0E034FC
:1005880002F0103502F00F3242EA540242EAC50284
:1005980082EA920404F0332482EA8402624003F07F
:1005A800E03403F0103503F00F3343EA540343EA11
:1005B800C50383EA930404F0332483EA8403634085
:1005C80081EA324787EA134581EA354690EA06040C
:1005D80084EA034B82EA1B4280EA044484EA054425
:1005E80083EA144A85EA14448BEA044B84EA3744C4
:1005F80081EA0B4181EA164104EA0A00454082EA91
:1006080004082BEA080041408AEA0B0602EA0600C1
:1006180084EA34438AEA3A4603EA060778404540C2
:10062800414088EA38478BEA3B4007EA000985EAF7
:10063800090583EA0709464006EA0906714085EA82
:10064800010005EA3546464006EA314181EA304173
:1006580081EA364606EA304686EA3546344008EAF4
:10066800010886EA01052A4086EA364003405A40D6
:1006780081EA31431F407C4080EA030709EA070901
:1006880088EA0908544088EA020806EA0A0601EAE4
:100698000B018AEA0B0215408AEA3A4210404540AB
:1006A8008BEA3B4003405E404240174079404D4052
:1006B8004E40E443F64386EA18435D4085EA054028
:1006C80083EA134386EA034183EA384284EA114302
:1006D80083EA04435FEA3343BEF1010E3FF6F2AE0C
:1006E8001ED4BCE8F0006040694072407B4020BCEA
:1006F800FFF784FE28606960AA60EB60BDE8F08FB0
:100708002DE9E0414FF2F00280EA1031114080EA11
:100718000130484041088208C3084FF0000E4FE7F7
:1007280000F0113001F0113102F0113203F01133F1
:1007380040EA410040EA820040EAC3004FF2F0027A
:1007480080EA1031114080EA01304840BDE8E0817C
:100758002DE9F04F02F11C050646074600EB850817
:1007680051F8040B043A46F8040BF9D14FF0010C88
:10077800FFF7C6FF5FEA302080EA0C001ECF414039
:100788004A4053405C401EC62000464517D04FEAF9
:100798004C0C1CF4807F18BFACF1E50C2C2DE7D075
:1007A8003C2D06D1FFF7ACFF06CF41404A4006C6B4
:1007B800100006CF41404A4006C61000D8E736E987
:1007C8000F00FFF7C5FD043D86E80F00F7D1BDE82F
:1007D800F08F00BF2DE9F14F03F11C0402EB840CEC
:1007E8004FEA930B8A68CB6808684968FFF7B0FD41
:1007F8003CE9F0006040694072407B400BF1060E16
:100808004EE083EA134480EA134582EA134746BA66
:1008180096EA3444604000F00F1684EA063420F06B
:100828000F1684EA161054BA94EA0106724002F0D0
:100838000F1486EA043622F00F1486EA14124CBA12
:100848006540694001F00F1485EA043521F00F1462
:1008580085EA14115CBA67407B4003F00F1487EAFD
:10086800043723F00F1487EA141344BA44404DBAEE
:100878004D4056BA56405FBA5F4087EA174886EA45
:10088800174B84EA17464FEA38488BEA1B4485EA37
:100898001B4788EA1B4580EA3440694072407B4028
:1008A80000F0703400F0803500F00F3040EA44006A
:1008B80040EAD50080EA900404F0332480EA8400FA
:1008C800604001F0703401F0803501F00F3141EAE9
:1008D800440141EAD50181EA910404F0332481EA14
:1008E8008401614002F0703402F0803502F00F326A
:1008F80042EA440242EAD50282EA920404F033242E
:1009080082EA8402624003F0703403F0803503F019
:100918000F3343EA440343EAD50383EA930404F01C
:10092800332483EA84036340C943DB4381EA000438
:1009380083EA044686EA020183EA014382EA3345F0
:1009480083EA14435C4084EA00077FEA040A8AEADF
:10095800024A8AEA010B87EA11488AEA374A80EA9A
:10096800060181EA1A418AEA030A04EA0A004540B4
:1009780088EA040707EA0B0041408AEA0B0608EAFE
:10098800060084EA34428AEA3A4602EA06035840F4
:100998004540414087EA37438BEA3B4003EA000978
:1009A80085EA090582EA0309464006EA0906714014
:1009B80085EA010005EA3546464006EA314181EA02
:1009C800304181EA364606EA304686EA3546344002
:1009D8000F4086EA010508EA050886EA3640024023
:1009E80088EA020881EA314213405C4080EA020347
:1009F80009EA030987EA0907674088EA040806EA5A
:100A08000A0601EA0B018AEA0B0425408AEA3A44FD
:100A1800204045408BEA3B4B02EA0B02564084EAF1
:100A28000B04234059406E40694087EA364080EA0B
:100A3800384080EA060380EA104481EA134585EAD3
:100A4800344585EA17427D4082EA354180EA05400F
:100A58003CE9F0006040694072407B40BEF1010E05
:100A68003FF6CFAE20BCFFF7C9FC28606960AA60DA
:100A7800EB60BDE8F08F00BFFFF76ABE2DE9F00715
:100A880091E8F807B2E802105B1854EB0C04B2E8DE
:100A980002104D4156EB0C06B2E802104F4158EBDC
:100AA8000C08B2E8021059EB01095AEB0C0A80E86D
:100AB800F80780410130BDE8F00770472DE9F007DD
:100AC80091E8F807B2E802105B1A74EB0C04B2E87C
:100AD80002108D4176EB0C06B2E802108F4178EBDC
:100AE8000C08B2E8021079EB01097AEB0C0A80E8ED
:100AF800F80780414042BDE8F00770472DE9F0074C
:100B0800524290E87800B1E880071740DB1918EAEC
:100B1800020854EB080419EA020955EB09051AEA18
:100B2800020A56EB0A0678C090E87800B1E8800718
:100B380017407B4118EA020854EB080419EA020935
:100B480055EB09051AEA020A56EB0A0678C08041F5
:100B58000130BDE8F00770472DE9F007524290E8F0
:100B68007800B1E880071740DB1B18EA020874EB2D
:100B7800080419EA020975EB09051AEA020A76EB74
:100B88000A0678C090E87800B1E880071740BB41B2
:100B980018EA020874EB080419EA020975EB09055A
:100BA8001AEA020A76EB0A0678C080414042BDE89C
:100BB800F00770472DE9F00152424FF0040890E821
:100BC800300091E8C000A31B1340E41AF618EB1B91
:100BD8001340ED1AFF1830C0C0C1B8F10108EED1BA
:100BE800BDE8F001704700BF00B592E8DC072DE9C9
:100BF800DC07B1E8805702B4A7FB02510A95A8FBAD
:100C0800020BE7FB6310E9FB62B00B91A8FB0351F1
:100C1800EAFB6201E7FB64B5E7FB6605E8FB6615DE
:100C2800CDF830B0A9FB03B6EAFB6316ECFB6356BC
:100C3800E8FB640BE9FB641BEAFB645BECFB646B9D
:100C48000D90ACFB0230059CEEFB6250E9FB646042
:100C5800EAFB64B0E7FB6431E8FB6451069CE8FBFF
:100C68006461E9FB64B1EAFB64010E93A7FB0432FB
:100C7800079CE7FB6462E8FB64B2E9FB6402EAFBF9
:100C88006412049CE9FB6453EAFB6463089CE7FB79
:100C980064B3E8FB6403E9FB6413EAFB64230F9580
:100CA8005DF8049B99E80006DDF80080A9FB08546C
:100CB800EAFB68B4DDF81080ECFB6804EEFB68140E
:100CC800E9FB6824EAFB6834DDF80480EEFB68651C
:100CD800E9FB68B5EAFB6805DDF81480ECFB6815EC
:100CE800EEFB6825E9FB6835EAFB68450F96DDF8F9
:100CF8000880AEFB0876E9FB6806EAFB6816DDF8B3
:100D08001880ECFB6826EEFB6836E9FB6846EAFBD0
:100D18006856DDF80C80ECFB68B7EEFB6807E9FB6A
:100D28006817EAFB6827DDF81C80ECFB6837EEFBE8
:100D38006847E9FB6857EAFB686708B000BD00BF71
:100D48002DE9F14F87B0FFF74FFFDDF81C8008F160
:100D5800200888E8FF00FFBC87E87F08BDE8F08F1F
:100D680000B591E89857A3FB03520195A3FB040132
:100D7800E3FB6420E3FB67100292A3FB0752E3FB4B
:100D88006802E4FB6415E3FB6805E3FB692503914E
:100D9800A4FB07B6E3FB6926E3FB6A56E4FB670B93
:100DA800E4FB682BE3FB6A5BE3FB6C6B0490A4FB3E
:100DB8000810E4FB6950E3FB6C60E3FB6EB0E7FBF3
:100DC8006721E4FB6951E4FB6A61E3FB6EB1E4FB74
:100DD8006E010592A7FB0832E4FB6A62E4FB6CB281
:100DE800E4FB6E02E7FB6E12E7FB6853E7FB6963FF
:100DF800E4FB6CB3E7FB6C03E7FB6E13E8FB6E23C5
:100E08000695A7FB0954E7FB6AB4E7FB6C04E8FB0B
:100E18006C14E8FB6E24E9FB6E34E8FB6865E7FBBD
:100E28006AB5E8FB6A05E8FB6C15E9FB6C25E9FB8C
:100E38006E35EAFB6E450796A8FB0976E8FB6A065D
:100E4800E9FB6A16E9FB6C26EAFB6C36EAFB6E46A0
:100E5800ECFB6E56E8FB69B7E9FB6907E9FB6A1723
:100E6800EAFB6A27EAFB6C37ECFB6C47ECFB6E5736
:100E7800EEFB6E6700BD00BF2DE9F14F87B0FFF7AD
:100E88006FFFDDF81C8008F1200888E8FF00FFBC30
:100E980087E87F08BDE8F08F30B44FF0000310F802
:100EA800014B11F8015B013A84EA050443EA0403A3
:100EB800F5D1A3F101034FEAD37030BC704700BFEE
:100EC8004FF0000310F8012B013943EA0203F9D16E
:100ED800A3F101034FEAD370704700BF30B411F893
:100EE800014B12F8015B6C4000F8014B013BF6D155
:100EF80030BC70472DE9F04F90E8F00F00F140004A
:100F08004FF0040E59E0F0B4826BC36B04680525FA
:100F1800242687593C444FEA724787EAF24787EA12
:100F280092273C4442684FEAF21787EAB24787EAB9
:100F3800D2073C4440F8044B032D08BF6FF01B0652
:100F480087593A444FEA734787EAF34787EA932772
:100F58003A4443684FEAF31787EAB34787EAD30767
:100F68003A4440F8042B87593B444FEA744787EAD0
:100F7800F44787EA94273B4444684FEAF41787EA22
:100F8800B44787EAD4073B4440F8043B013DC0D14D
:100F9800A0F13C00076A3C444FEA724787EAF247EF
:100FA80087EA92273C4402684FEAF21787EAB24779
:100FB80087EAD2073C44C463F0BC4FF0020288EAD7
:100FC800781C8CEAF84C0BEBBC1C8AEA090303EA90
:100FD800080383EA0A039C4450F8043B9C4451F8F4
:100FE800043B9C44674444EA050B0BEA060B04EAFD
:100FF80005034BEA030BE34484EAF42383EA3453FE
:101008000BEBB30B87EA771C8CEAF74C0AEBBC1C9A
:1010180089EA080303EA070383EA09039C4450F8B2
:10102800043B9C4451F8043B9C4466444BEA040A44
:101038000AEA050A0BEA04034AEA030AE2448BEACD
:10104800FB2383EA3B530AEBB30A86EA761C8CEA55
:10105800F64C09EBBC1C88EA070303EA060383EA9B
:1010680008039C4450F8043B9C4451F8043B9C44BE
:1010780065444AEA0B0909EA04090AEA0B0349EA42
:101088000309E1448AEAFA2383EA3A5309EBB309EC
:1010980085EA751C8CEAF54C08EBBC1C87EA06034C
:1010A80003EA050383EA07039C4450F8043B9C4485
:1010B80051F8043B9C44644449EA0A0808EA0B08CE
:1010C80009EA0A0348EA0308E04489EAF92383EABB
:1010D800395308EBB30884EA741C8CEAF44C07EB28
:1010E800BC1C86EA050303EA040383EA06039C445E
:1010F80050F8043B9C4451F8043B9C44E34448EAC0
:10110800090707EA0A0708EA090347EA03076744E1
:1011180088EAF82383EA385307EBB3078BEA7B1C8A
:101128008CEAFB4C06EBBC1C85EA040303EA0B03C0
:1011380083EA05039C4450F8043B9C4451F8043B63
:101148009C44E24447EA080606EA090607EA080357
:1011580046EA0306664487EAF72383EA375306EB31
:10116800B3068AEA7A1C8CEAFA4C05EBBC1C84EAC2
:101178000B0303EA0A0383EA04039C4450F8043B84
:101188009C4451F8043B9C44E14446EA070505EABF
:10119800080506EA070345EA0305654486EAF623D7
:1011A80083EA365305EBB30589EA791C8CEAF94CD6
:1011B80004EBBC1C8BEA0A0303EA090383EA0B036A
:1011C8009C4450F8043B9C4451F8043B9C44E04444
:1011D80045EA060404EA070405EA060344EA0304A8
:1011E800644485EAF52383EA355304EBB304013AF2
:1011F8007FF4E5AEA0F14000BEF1010E7FF483AEAE
:10120800A0F1400C9CE80F00001949199219DB194C
:10121800ACE80F009CE80F004044494452445B444A
:10122800ACE80F00BDE8F08F2DE9F00791E8F8076A
:10123800B2E802105B1854EB0C04B2E802104D41FE
:1012480056EB0C06B2E802104F4158EB0C08B2E816
:10125800021059EB01095AEB0C0A8941B3F1FF332B
:1012680074F1FF3475F1FF3576F1000677F1000768
:1012780078F1000879F101097AF1FF3A51F100019A
:101288005B184C414D4156F1000657F1000758F1E3
:10129800000859EBD1795AEB010A80E8F807BDE854
:1012A800F00770472DE9F00791E8F807B2E8021057
:1012B8005B1A74EB0C04B2E802108D4176EB0C0655
:1012C800B2E802108F4178EB0C08B2E8021079EB13
:1012D80001097AEB0C0A89415B184C414D4156F1E2
:1012E800000657F1000758F1000859EBD1795AEB7D
:1012F800010A80E8F807BDE8F007704718EB040812
:1013080059EB05095AEB060A5BEB070B5FF0000C7B
:101318004CF1000C18EB050859EB06095AEB070AC3
:101328005BEB070B50EB0C005FF0000C51EB0C0172
:1013380052EB0C0263414CF1000CB8EB070879F151
:1013480000097AF1000A7BEB040BA841B141A241E4
:10135800B3416CF1000CBBEB050BB041B941AA419C
:10136800BB416CF1000C4CF001068CF0020718EB45
:10137800060859EB6C095AEB6C0A7BEB6C0B70EBAB
:101388006C0471EB6C0572EB670653EB6C076CEB46
:101398006C0C18EB0C0059EB0C015AEB0C025BF1CE
:1013A800000354F1000455F1000556EBDC7657EBC9
:1013B8000C0770472DE9F14F87B0FFF715FCDDF8F2
:1013C8001080DDF81490DDF818A0FFF797FFBDE84E
:1013D800000FFFF793FF03B05DF8048B88E8FF0068
:1013E800BDE8F08F2DE9F14F87B0FFF7B9FCDDF8C4
:1013F8001080DDF81490DDF818A0FFF77FFFBDE836
:10140800000FFFF77BFF03B05DF8048B88E8FF004F
:10141800BDE8F08F81F0004102E000BF83F0004397
:1014280030B54FEA41044FEA430594EA050F08BF77
:1014380090EA020F1FBF54EA000C55EA020C7FEA3B
:10144800645C7FEA655C00F0E2804FEA5454D4EBB8
:101458005555B8BF6D420CDD2C4480EA020281EA82
:10146800030382EA000083EA010180EA020281EABA
:101478000303362D88BF30BD11F0004F4FEA01310C
:101488004FF4801C4CEA113102D0404261EB41011B
:1014980013F0004F4FEA03334CEA133302D05242A1
:1014A80063EB430394EA050F00F0A780A4F101045D
:1014B800D5F1200E0DDB02FA0EFC22FA05F2801897
:1014C80041F1000103FA0EF2801843FA05F359417D
:1014D8000EE0A5F120050EF1200E012A03FA0EFCFC
:1014E80028BF4CF0020C43FA05F3C01851EBE37126
:1014F80001F0004507D54FF0000EDCF1000C7EEB43
:1015080000006EEB0101B1F5801F1BD3B1F5001F80
:101518000CD349085FEA30004FEA3C0C04F101049F
:101528004FEA445212F5800F80F09A80BCF1004FC8
:1015380008BF5FEA500C50F1000041EB045141EA4A
:10154800050130BD5FEA4C0C404141EB0101013C13
:1015580028BFB1F5801FE9D291F0000F04BF014602
:101568000020B1FA81F308BF2033A3F10B03B3F1D4
:1015780020020CDA0C3208DD02F1140CC2F10C0264
:1015880001FA0CF021FA02F10CE002F11402D8BFC2
:10159800C2F1200C01FA02F120FA0CFCDCBF41EA8E
:1015A8000C019040E41AA2BF01EB0451294330BD5D
:1015B8006FEA04041F3C1CDA0C340EDC04F114043A
:1015C800C4F1200220FA04F001FA02F340EA030011
:1015D80021FA04F345EA030130BDC4F10C04C4F157
:1015E800200220FA02F001FA04F340EA0300294637
:1015F80030BD21FA04F0294630BD94F0000F83F481
:10160800801306BF81F480110134013D4EE77FEA63
:10161800645C18BF7FEA655C29D094EA050F08BFAF
:1016280090EA020F05D054EA000C04BF1946104690
:1016380030BD91EA030F1EBF0021002030BD5FEAD4
:10164800545C05D14000494128BF41F0004130BDFC
:1016580014F580043CBF01F5801130BD01F0004550
:1016680045F0FE4141F470014FF0000030BD7FEAC3
:10167800645C1ABF194610467FEA655C1CBF0B46BE
:10168800024650EA013406BF52EA033591EA030FD5
:1016980041F4002130BD00BF90F0000F04BF0021CD
:1016A800704730B54FF4806404F132044FF0000500
:1016B8004FF0000150E700BF90F0000F04BF002179
:1016C800704730B54FF4806404F1320410F00045DF
:1016D80048BF40424FF000013EE700BF42004FEADA
:1016E800E2014FEA31014FEA02701FBF12F07F4357
:1016F80093F07F4F81F06051704732F07F4208BF0E
:10170800704793F07F4F04BF41F40021704730B514
:101718004FF4607401F0004521F000411CE700BF60
:1017280050EA010208BF704730B54FF000050AE0E3
:1017380050EA010208BF704730B511F0004502D5E4
:10174800404261EB41014FF4806404F132045FEAE6
:10175800915C3FF4D8AE4FF003025FEADC0C18BF8F
:1017680003325FEADC0C18BF033202EBDC02C2F181
:10177800200300FA03FC20FA02F001FA03FE40EA13
:101788000E0021FA02F11444BDE600BF70B54FF017
:10179800FF0C4CF4E06C1CEA11541DBF1CEA1355F5
:1017A80094EA0C0F95EA0C0F00F0DEF82C4481EA5D
:1017B800030621EA4C5123EA4C5350EA013518BF7D
:1017C80052EA033541F4801143F4801338D0A0FB6A
:1017D80002CE4FF00005E1FB02E506F00042E0FB17
:1017E80003E54FF00006E1FB03569CF0000F18BF1D
:1017F8004EF0010EA4F1FF04B6F5007F64F54074C5
:1018080004D25FEA4E0E6D4146EB060642EAC62157
:1018180041EA55514FEAC52040EA5E504FEACE2EC4
:10182800B4F1FD0C88BFBCF5E06F1ED8BEF1004FC7
:1018380008BF5FEA500E50F1000041EB045170BD43
:1018480006F0004646EA010140EA020081EA030187
:10185800B4EB5C04C2BFD4EB0C0541EA045170BD83
:1018680041F480114FF0000E013C00F3AB8014F1FD
:10187800360FDEBF002001F0004170BDC4F1000446
:10188800203C35DA0C341BDC04F11404C4F12005C7
:1018980000FA05F320FA04F001FA05F240EA020022
:1018A80001F0004221F0004110EBD37021FA04F658
:1018B80042EB06015EEA430E08BF20EAD37070BD12
:1018C800C4F10C04C4F1200500FA04F320FA05F071
:1018D80001FA04F240EA020001F0004110EBD37073
:1018E80041F100015EEA430E08BF20EAD37070BDE3
:1018F800C4F1200500FA05F24EEA020E20FA04F3BC
:1019080001FA05F243EA020321FA04F001F000416A
:1019180021FA04F220EA020000EBD3705EEA430EDB
:1019280008BF20EAD37070BD94F0000F0FD101F00A
:101938000046400041EB010111F4801F08BF013C43
:10194800F7D041EA060195F0000F18BF704703F081
:101958000046520043EB030313F4801F08BF013D08
:10196800F7D043EA0603704794EA0C0F0CEA1355C4
:1019780018BF95EA0C0F0CD050EA410618BF52EA7E
:101988004306D1D181EA030101F000414FF0000084
:1019980070BD50EA410606BF1046194652EA430692
:1019A80019D094EA0C0F02D150EA013613D195EA06
:1019B8000C0F05D152EA03361CBF104619460AD14E
:1019C80081EA030101F0004141F0FE4141F4700158
:1019D8004FF0000070BD41F0FE4141F4780170BD48
:1019E80070B54FF0FF0C4CF4E06C1CEA11541DBFAD
:1019F8001CEA135594EA0C0F95EA0C0F00F0A7F8AF
:101A0800A4EB050481EA030E52EA03354FEA0131DB
:101A180000F088804FEA03334FF0805545EA1313EE
:101A280043EA12634FEA022245EA111545EA1065B6
:101A38004FEA00260EF000419D4208BF964244F14D
:101A4800FD0404F5407402D25B084FEA3202B61A6C
:101A580065EB03055B084FEA32024FF480104FF440
:101A6800002CB6EB020E75EB030E22BFB61A7546B4
:101A780040EA0C005B084FEA3202B6EB020E75EB47
:101A8800030E22BFB61A754640EA5C005B084FEAAF
:101A98003202B6EB020E75EB030E22BFB61A75467C
:101AA80040EA9C005B084FEA3202B6EB020E75EB87
:101AB800030E22BFB61A754640EADC0055EA060E48
:101AC80018D04FEA051545EA16754FEA06164FEA8B
:101AD800C30343EA52734FEAC2025FEA1C1CC0D137
:101AE80011F4801F0BD141EA00014FF000004FF0C4
:101AF800004CB6E711F4801F04BF01430020B4F185
:101B0800FD0C88BFBCF5E06F3FF6AFAEB5EB030C3C
:101B180004BFB6EB020C5FEA500C50F1000041EB39
:101B2800045170BD0EF0004E4EEA113114EB5C0406
:101B3800C2BFD4EB0C0541EA045170BD41F48011D9
:101B48004FF0000E013C90E645EA060E8DE60CEAE1
:101B5800135594EA0C0F08BF95EA0C0F3FF43BAFFE
:101B680094EA0C0F0AD150EA01347FF434AF95EAB5
:101B78000C0F7FF425AF104619462CE795EA0C0F99
:101B880006D152EA03353FF4FDAE1046194622E766
:101B980050EA410618BF52EA43067FF4C5AE50EA40
:101BA80041047FF40DAF52EA43057FF4EBAE12E730
:101BB8004FF0FF3C06E000BF4FF0010C02E000BF11
:101BC8004FF0010C4DF804CD4FEA410C7FEA6C5CF4
:101BD8004FEA430C18BF7FEA6C5C1BD001B050EA97
:101BE800410C0CBF52EA430C91EA030F02BF90EA82
:101BF800020F0020704710F1000F91EA030F58BF41
:101C0800994208BF90422CBFD8176FEAE37040F0A2
:101C1800010070474FEA410C7FEA6C5C02D150EA40
:101C2800013C07D14FEA430C7FEA6C5CD6D152EAFB
:101C3800033CD3D05DF8040B704700BF84461046C0
:101C480062468C461946634600E000BF01B5FFF7BF
:101C5800B7FF002848BF10F1000F01BD4DF808ED8F
:101C6800FFF7F4FF0CBF012000205DF808FB00BF60
:101C78004DF808EDFFF7EAFF34BF012000205DF8BA
:101C880008FB00BF4DF808EDFFF7E0FF94BF012007
:101C980000205DF808FB00BF4DF808EDFFF7CEFF08
:101CA80094BF012000205DF808FB00BF4DF808ED47
:101CB800FFF7C4FF34BF012000205DF808FB00BF18
:101CC8007BB972B90029BEBF00204FF0004106E081
:101CD80008BF00281CBF6FF000414FF0FF3000F034
:101CE80057B8ADF1080C6DE904CE002909DB002BCB
:101CF8001ADB00F069F8DDF804E0DDE9022304B03E
:101D08007047404261EB4101002B1BDB00F05CF89F
:101D1800DDF804E0DDE9022304B0404261EB410153
:101D2800524263EB43037047524263EB430300F0B4
:101D38004BF8DDF804E0DDE9022304B0404261EB32
:101D480041017047524263EB430300F03DF8DDF870
:101D580004E0DDE9022304B0524263EB4303704719
:101D680053B94AB9002908BF00281CBF4FF0FF31FA
:101D78004FF0FF3000F00CB8ADF1080C6DE904CE5F
:101D880000F022F8DDF804E0DDE9022304B0704732
:101D9800704700BF10F8012B11F8013B012A28BF3A
:101DA8009A42F7D0D01A7047034611F8012B03F86E
:101DB800012B002AF9D17047034613F8012B002A9A
:101DC800FBD1181A013870472DE9F04786468C4632
:101DD8000846089E154674461946002B40F0C180F7
:101DE8008542B2FA82F245D94AB1C2F1200300FA1B
:101DF80002FC954094402EFA03F343EA0C0C4FEA98
:101E0800154EA8B2230CBCFBFEF80EFB18CC08FB41
:101E180000F943EA0C43994528D9EB1808F1FF3734
:101E280004D2994502D9A8F102072B44A3EB090370
:101E3800A4B2B3FBFEFC0EFB1C330CFB00F044EA1F
:101E48000344A04214D92C190CF1FF3304D2A04248
:101E580002D9ACF102032C44241A43EA07401EB10C
:101E6800D440002334607360BDE8F0874746DDE75F
:101E78006346F1E792BB431B01214FEA154EAFB20F
:101E8800200CB3FBFEFC0EFB1C330CFB07F840EAEE
:101E98000343984561D9EB180CF1FF3004D29845FB
:101EA80002D9ACF102002B44A3EB0803A4B2B3FBA4
:101EB800FEFC0EFB1C330CFB07F744EA0344A74265
:101EC8004DD92C190CF1FF3304D2A74202D9ACF139
:101ED80002032C44E41B43EA0040C0E7C2F120039C
:101EE8009540944020FA03F12EFA03F34FEA154E79
:101EF8009040AFB20343B1FBFEFC0EFB1C10190C63
:101F08000CFB07F841EA0041884522D969180CF111
:101F1800FF3004D2884502D9ACF102002944A1EB74
:101F280008019BB2B1FBFEFC0EFB1C110CFB07F772
:101F380043EA01439F420ED9EB180CF1FF3104D25A
:101F48009F4202D9ACF102012B44DB1B41EA00415C
:101F580093E76046E3E76146F7E76046A4E7634630
:101F6800B8E7834206D916B9002108467CE7C6E9D6
:101F780000E0F9E7B3FA83F78FB9834201D37245DA
:101F880008D8BEEB020460EB030301209C461EB98F
:101F9800002169E73846FAE7C6E9004CF8E7C7F1D7
:101FA800200CBB400EFA07F522FA0CF42EFA0CF1BD
:101FB800BA401C4320FA0CF3B8404FEA14490143D5
:101FC8001FFA84FEB3FBF9F809FB18300B0C08FB69
:101FD8000EFA43EA00439A4540D9E31808F1FF3066
:101FE80004D29A4502D9A8F102002344A3EB0A03BC
:101FF80089B2B3FBF9F809FB183308FB0EFE41EA76
:1020080003418E452CD9611808F1FF3304D28E455F
:1020180002D9A8F10203214443EA0040A1EB0E01D2
:10202800A0FB02984145CE46434602D306D14D4512
:1020380004D20138B9EB020E68EB0403002EA7D0D6
:10204800B5EB0E0261EB030101FA0CFC22FA07F36F
:10205800F9404CEA0303C6E9003199E74046C5E771
:102068004346D9E70000000000222DE9F04184B082
:10207800114640F6034002AF0EF0FAF90446002874
:1020880040F0A8800DF0A0FD214641F203003A1D62
:102098000EF0EEF90446002840F09C807A68504D16
:1020A800D16805F17803D1F80100D1F8051003C310
:1020B80010460AF055FC214641F201003A1D0EF087
:1020C800D7F90446002840F085807868C3685A78B4
:1020D80085F870205A88A5F872201A7985F8712039
:1020E800B3F80720A5F87420B3F80530A5F87630C2
:1020F8000AF036FC214641F202003A1D0EF0B8F90A
:102108000446002866D1D7F804C005F18006DCF83B
:102118000C20531C4132344618685968083303C4EC
:1021280093422646F7D160460AF01AFC0FF016FCD7
:10213800044600284ED195F88A30990610D4022119
:10214800284A29482FF0D4F995F87C305A064FD4FC
:102158000121264A24482FF0CBF96FF0120439E008
:102168004FF0FF304FF0FF310DF04EFD06460028CE
:1021780000F04E8107210C300AF020FD6FF00903B2
:102188004FF0010803700A23C0F8024084710471FB
:10219800224680F80180C370314640F633400EF085
:1021A80067F90446B0B94FF0FF304FF0FF310DF03A
:1021B8002BFD0646002800F02B8141460C302EF0FE
:1021C800ACFD2246314640F631400EF051F9044646
:1021D8000028B9D020460837BD46BDE8F08100BFC9
:1021E800502600206CDB0400208004009ADB0400E9
:1021F800002142F203003A1D0EF03AF90446002885
:10220800E8D17A68A84BD168D1F80100D1F8051057
:1022180003C310460AF0A4FB214642F202003A1D0D
:102228000EF026F904460028D4D17E68F468B4F884
:1022380001309AB292B1E27882B1A5F80431E3781C
:10224800032B06D00322022100929848984A2EF0C8
:102258005FF8E2789748114633F0EFFE30460AF00F
:102268007FFB1F2395F87C60A5F8203116F0200627
:1022780019D14FF0FF304FF0FF310DF0C5FC044687
:10228800002800F0C58002210C300AF097FC0123D9
:10229800214603704670324640F66D400EF0E8F86D
:1022A8000446002896D195F89C301B0712D50021CA
:1022B80042F21C003A1D0EF0DBF80446002889D1D2
:1022C8007868C368D3F80120D3F80530C5E9382306
:1022D8000AF046FB95F8D8309E0623D53846B91C37
:1022E8000EF0D2F9044600287FF474AF4FF0FF30A7
:1022F8004FF0FF310DF088FC0646002800F088807A
:1023080004210C300AF05AFC3B88224603807B8863
:102318003146438042F224000EF0AAF80446002811
:102328007FF458AF95F8D8305C0610D5002142F2FA
:102338002A003A1D0EF09CF8044600287FF44AAFA4
:102348007868C3685B7885F822310AF009FB4FF09A
:10235800FF304FF0FF310DF057FC0446002857D0EE
:1023680008210C300AF02AFC95F8D81040F2022314
:1023780011F0400F08BF0323024688074CBF43F003
:102388002C0043F00C008B0695F8D93048BF40F07C
:10239800400013F0090F18BF40F40060CE0748BF93
:1023A80040F0100000212FF0BDF82146002242F233
:1023B80001000EF05DF8044600287FF40BAF95F895
:1023C8007C30B5F80411980625D4C9B941F2050046
:1023D8003A1D0EF04DF8044600287FF4FBAEB5F820
:1023E80004317C684BB9E368B3F80120A5F80421EF
:1023F8009A883048114633F020FE20460AF0B0FA99
:102408004FF0FF304FF0FF310DF0FEFB044660B98E
:102418006FF06804DEE60029F2D10121264A23483C
:102428002FF066F86FF00404D4E608210C300AF0A7
:10243800C5FB95F8D8300246D9072AD44FF0005189
:102448001E482FF06FF82146002240F601400EF09A
:102458000FF8044600287FF4BDAE01463A1D4FF63A
:1024680001400EF005F868B3154A02210F482FF015
:102478003FF82FF049FA044600287FF4ABAE10F07D
:10248800A9FF044600287FF4A5AE0DF0E3FD04463D
:10249800A0E603A1D1E90001D3E700BFAFF30080B4
:1024A8009088000200800020282700202080040057
:1024B800BEDB04005827002004DC0400108800025A
:1024C80027DC04007B686E46DC688AB0B4F801300B
:1024D800032B96BF424A434952F8231002AAD361FC
:1024E8004FF4007340481384404BC2E9050142F899
:1024F800103F4FF413513E482FF009F8B4F801206B
:10250800B546022AB4F8033049D1052B47D8394AD1
:1025180052F823106E468AB002AAD3614FF40073B2
:1025280035481384314BC2E9050142F8103F4FF496
:1025380013512F482EF0EBFFB546637994F806C087
:10254800032B98BF2D4AB4F80760D4F809006C46ED
:102558008CB094BF52F82310224902AAC2E9073C62
:102568004FF40073DFF898E09385264BC2E905E144
:10257800C2E909604FF4735142F8103F1C482EF02D
:10258800C6FFA54678680AF0EBF900214FF602402D
:102598003A1D0DF06DFF044618B11B4A65E7114955
:1025A800B8E77868C368B3F80130A5F8C1300AF015
:1025B800D7F995F8C1305B077FF55BAF21464FF639
:1025C80003403A1D0DF054FF08B1104A4DE77868F2
:1025D800C3685B7885F8C0300AF0C2F949E700BFE4
:1025E800F087040069D804004BDC040004000001F3
:1025F80020800400D887040064DC0400C887040035
:102608007CDC040007000001A9DC0400D2DC040023
:10261800022A70B504460E461D4603D87ABB6FF0F1
:1026280085004EE0052A3AD00329F8D8072AF6D1C2
:102638005B682D682648D917C5FB0031012B71F15D
:10264800000230DB00F56E1000F65D70181841F1DD
:1026580000011DA3D3E90023FFF732FB83B2022B4D
:1026680029D9042B29D9082BD9D80222194B20465D
:10267800BDE8704003EB8203997831F004BA022E6A
:1026880019881CD8B1F5006F19D2022A4FF002033D
:1026980014BF23222022BDE8704031F0E8B902239C
:1026A80025222988F7E70C48181861F1000106A3CC
:1026B800D3E90023D0E70022D8E70122D6E76FF05C
:1026C800150070BDAFF300803AA39500000000002C
:1026D80040420F00BA940400632EB5FF00000000CA
:1026E8002DE9F04114460569B9B9B5F90000297B0F
:1026F800714D80FB0101A0FB050647F6FF72002320
:1027080005FB0161FFF7DCFA00236C4AFFF7D8FAF2
:10271800206062600020BDE8F0810139062900F2DE
:10272800C280DFE801F004070A4865686B00B5F964
:102738000200DCE7B5F90400D9E7B5F90000297B08
:102748005D4E80FB0101A0FB060747F6FF720023E0
:1027580006FB0171FFF7B4FA0023584AFFF7B0FAF5
:10276800C4E90002B5F90200297B47F6FF7280FB35
:102778000101A0FB0607002306FB0171FFF7A0FA81
:1027880000234E4AFFF79CFAC4E90202B5F9040097
:10279800297B47F6FF7280FB0101A0FB0605002399
:1027A80006FB0151FFF78CFA0023444AFFF788FA29
:1027B80020616261AEE7B5F906302A8A83FB0252CE
:1027C8003F4BA5FB035603FB026639A3D3E900235D
:1027D80028463146FFF774FA002320603146284620
:1027E800384AFFF76DFA0023344AFFF769FA90E791
:1027F800B5F90830E1E7B5F90A30DEE7B5F9067052
:102808002B8A2F4E87FB0373A7FB067806FB0388EA
:1028180027A3D3E9002338464146FFF751FA00239E
:10282800206041463846274AFFF74AFA0023234AE0
:10283800FFF746FA6260B5F908702B8A87FB0373C5
:10284800A7FB067806FB038819A3D3E900233846BB
:102858004146FFF735FA0023A06041463846194A39
:10286800FFF72EFA0023154AFFF72AFAE260B5F9B6
:102878000A302A8A83FB0252A5FB065306FB02365E
:102888000BA3D3E9002328463146FFF719FA0023A2
:102898002061314628460B4AFFF712FA0023074AFF
:1028A800FFF70EFA85E76FF0850034E7AFF3008095
:1028B800006BC53F5D0500003AA3950040420F003C
:1028C800D8EF2F004CFF59002DE9FF4705469046E9
:1028D8000C46D0F8109021B91AB9002004B0BDE810
:1028E800F0870123402128460DF10E0231F012FB3A
:1028F8000028F3D101237D2128460DF10F0231F084
:1029080009FB0028EAD1FCB9B8F1000FE5D099F825
:102918000D20D8F80030072A00F25881102B00F05B
:10292800768100F36881013B072B00F27881072B41
:1029380000F27581DFE813F06901670173015D0139
:102948007301730173016D016068FEF7B5FEB6A3EC
:10295800D3E90023FFF744F8064620680F46FEF740
:10296800ABFE02460B4630463946FEF759FD9DF848
:102978000E400022AE4B06460F469DF80FA004F00D
:10298800F004FFF789F940B1002230463946A94BD7
:10299800FFF76EF9002840F01381002230463946CF
:1029A800A44BFFF779F940B1002230463946A24BD3
:1029B800FFF75EF9002840F0FD80002230463946D6
:1029C8009D4BFFF769F940B10022304639469B4BD1
:1029D800FFF74EF9002840F0E780002230463946DC
:1029E800964BFFF759F940B1002230463946944BCF
:1029F800FFF73EF9002840F0D180002230463946E2
:102A08008F4BFFF749F940B10022304639468D4BCC
:102A1800FFF72EF9002840F0BB80002230463946E7
:102A2800884BFFF739F940B1002230463946864BCA
:102A3800FFF71EF9002840F0A580002230463946ED
:102A4800814BFFF729F940B10022304639467F4BC8
:102A5800FFF70EF9002840F08F80002230463946F3
:102A68007A4BFFF719F938B1002230463946784BCE
:102A7800FFF7FEF8002879D1002230463946744B1A
:102A8800FFF70AF938B1002230463946714BFFF793
:102A9800EFF8002864D10022304639466D4BFFF725
:102AA800FBF838B10022304639466B4BFFF7E0F8A7
:102AB80000284FD1002230463946674BFFF7ECF823
:102AC80030B1002230463946644BFFF7D1F8D8BB05
:102AD800002230463946614BFFF7DEF878B30C2008
:102AE80044F00C044AF0040A44F080048DF80FA066
:102AF8008DF80E4089F80D00B8F1000F7FF407AF8C
:102B08000123402128460DF10E0231F032FA002847
:102B18007FF4E4AE4FF4E17031F0FAF99DF80F302C
:102B28007D2103F00F038DF80F304FF47A73284698
:102B380000930DF10F02012331F022FACEE60AF0DC
:102B4800FB0A04F07F04D1E70B2044F00B044AF0A1
:102B5800040AC9E70A2044F00A044AF0040AC3E751
:102B6800092044F009044AF0040ABDE7082044F0AB
:102B780008044AF0040AB7E7072044F007044AF0BB
:102B8800040ADEE7062044F006044AF0040AD8E7FF
:102B9800052044F005044AF0040AD2E7042044F072
:102BA80004044AF0040ACCE7032044F003044AF082
:102BB800040AC6E7022044F002044AF0040AC0E707
:102BC800012044F001044AF0040ABAE7022B1AD0A3
:102BD800042B1AD0012B0CBF022303239DF80E20CF
:102BE8001B0122F0300203F0300313438DF80E303E
:102BF80086E70223F2E7402B0DD0802B0DD0202B47
:102C08000DD10523EAE70123E8E70023E6E70423DB
:102C1800E4E70323E2E70623E0E70723DEE76FF0B4
:102C280085005BE6AFF300800000000080842E4141
:102C38000000E93F0000F93F00000940000019408A
:102C48000000294000003940000049400000594078
:102C58000000694000007940000089400000994068
:102C68002DE9FF47054690460C46D0F8109021B94B
:102C78001AB9002004B0BDE8F08701234221284694
:102C88000DF10E0231F046F90028F3D101237D2120
:102C980028460DF10F0231F03DF90028EAD1A4B918
:102CA800B8F1000FE5D0D8F80030022B00F0F7801B
:102CB800043B18BF01235B009DF80E2022F0300270
:102CC80042EA03138DF80E309BE06068FEF7F4FCCF
:102CD80075A3D3E90023FEF783FE064620680F4656
:102CE800FEF7EAFC02460B4630463946FEF798FBEB
:102CF8009DF80E4000226E4B06460F469DF80FA029
:102D080004F0F004FEF7C8FF40B10022304639460F
:102D1800684BFEF7ADFF002840F0BB80002230462C
:102D28003946644BFEF7B8FF40B1002230463946B9
:102D3800614BFEF79DFF002840F0A5800022304639
:102D480039465D4BFEF7A8FF40B1002230463946B0
:102D58005A4BFEF78DFF002840F08F800022304646
:102D68003946564BFEF798FF38B1002230463946AF
:102D7800534BFEF77DFF002879D1002230463946B3
:102D88004F4BFEF789FF38B10022304639464D4B8C
:102D9800FEF76EFF002864D1002230463946494BC1
:102DA800FEF77AFF38B1002230463946464BFEF727
:102DB8005FFF00284FD1002230463946424BFEF7CC
:102DC8006BFF30B1002230463946404BFEF750FFCA
:102DD800D8BB0022304639463C4BFEF75DFF78B33E
:102DE8000D2044F00D044AF0020A44F0C0048DF8A6
:102DF8000FA08DF80E4089F80E00B8F1000F7FF48F
:102E080052AF0123422128460DF10E0231F0B1F8EC
:102E180000287FF42FAF4FF4E17031F079F89DF876
:102E28000F307D2103F00F038DF80F304FF47A73C4
:102E3800284600930DF10F02012331F0A1F819E79C
:102E48000AF0FD0A04F03F04D1E70C2044F00C041A
:102E58004AF0020AC9E70B2044F00B044AF0020AC0
:102E6800C3E70A2044F00A044AF0020ABDE7092031
:102E780044F009044AF0020AB7E7082044F00804BD
:102E88004AF0020AB1E7072044F007044AF0020AB0
:102E9800D8E7062044F006044AF0020AD2E70123E4
:102EA8000AE700BFAFF300800000000080842E41D5
:102EB80000003940000049400000594000006940C6
:102EC8000000794000008940000099400000A940B6
:102ED80030B50F4D89B003AC0FCD0FC42B6802225B
:102EE800236001240B4B0C49009403A80EF01AFC34
:102EF800034630B12146094A09482BF0C4FE09B0FF
:102F080030BD0321074A06482BF0BBFEF7E700BF98
:102F18008082040098830400A0830400E6940400DF
:102F2800488104000B95040010B5064A06480221A2
:102F38002BF0A7FEBDE8104040F26762002303486B
:102F480023F02EBF2C950400488104000839002086
:102F580010B510482CF0F8F80F4801F001F90F48A7
:102F68002CF0F2F801F044F9044670B1034601214F
:102F78000B480C4A2BF087FE21460B482CF0E4F84E
:102F8800BDE8104009482CF0DFB809482CF0DCF8FF
:102F9800F6E700BF559504006D310100ED96040079
:102FA80048810400789504009A950400D895040097
:102FB800B795040010B510482CF0C6F80F4801F07A
:102FC800E5F90F482CF0C0F801F03AFA044670B160
:102FD800034601210B480C4A2BF055FE21460B48AD
:102FE8002CF0B2F8BDE8104009482CF0ADB80948FB
:102FF8002CF0AAF8F6E700BFF3950400213201008F
:103008001996040048810400399604005E9604006D
:10301800A29604007E96040010B510482CF094F88F
:103028000F4801F011FB0F482CF08EF801F09EFBC1
:10303800044670B1034601210B480C4A2BF023FECD
:1030480021460B482CF080F8BDE8104009482CF0C8
:103058007BB809482CF078F8F6E700BFC096040062
:1030680071320100E69604004881040006970400C6
:103078002B9704006F9704004B97040010B5104875
:103088002CF062F80F4801F06BFC0F482CF05CF84C
:1030980001F0E6FC044670B1034601210B480C4AD6
:1030A8002BF0F1FD21460B482CF04EF8BDE81040FE
:1030B80009482CF049B809482CF046F8F6E700BF53
:1030C8008D9704003D330100B49704004881040043
:1030D800D5970400FB970400419804001C9804004D
:1030E80008B50B482CF030F80A482CF02DF84FF4AE
:1030F80070220023084822F0E1FE014620B1BDE815
:10310800084006482CF020B8BDE80840FFF7B6BFD5
:10311800609804007F980400D0300020989804003C
:1031280008B5302025F07CFF40B100238385054B8E
:10313800011D1868BDE808402BF0AABDBDE808408D
:10314800FFF7F2BE1C29002002460B46014822F078
:103158001DBB00BF50300020014822F0E7BB00BF74
:103168005030002010B58EB00DAB04930CAB039318
:103178000BAB02930AAB019309AB0093224908AB4E
:1031880007AA04462BF0D6F8072838D14FF0FF30AD
:103198004FF0FF31FFF7D8FF01231C4A089913703D
:1031A800079B03EB830303EB830301EB8301099B79
:1031B800518003EB83030A9903EB830301EB83013B
:1031C8000B9B918003EB83030C9903EB830301EBC7
:1031D80083010D9BD1809360FFF7BEFF0D9B07997C
:1031E80003930C9B0A4802930B9B01930A9B009341
:1031F800DDE908232BF0A8FF00200EB010BD214602
:1032080004482BF0A1FFF7E7BA980400D04E00203D
:10321800EA980400229904007FB505AB019304AB3A
:1032280000930F4903AB02AA2BF084F8042812D1AB
:103238004FF0FF304FF0FF31FFF786FF0122094BB7
:103248001A73029ADA81039A1A82049A5A82059AA0
:103258009A82FFF781FF002007B05DF804FB00BFEA
:1032680038990400D04E002000B597B015AB0993EB
:1032780014AB089313AB079312AB069311AB0593EA
:1032880010AB04930FAB03930EAB02930DAB0193FA
:103298000CAB009325490BAB0AAA2BF04BF80C2872
:1032A80040D14FF0FF314FF0FF30FFF74DFF0122C3
:1032B8001F4B0B999A750A9A02EB820202EB820263
:1032C80001EB82010C9A198302EB82020D9902EB41
:1032D800820201EB82010E9A598302EB82020F9956
:1032E80002EB820201EB8201109A998302EB8202BF
:1032F800119902EB820201EB8201129AD98302EB47
:103308008202139902EB820201EB8201149A19845A
:1033180002EB8202159902EB820201EB82015984C9
:10332800FFF71AFF002017B05DF804FB4D99040061
:10333800D04E002000B58BB009AB039308AB0293C5
:1033480007AB019306AB0093184905AB04AA2AF012
:10335800F1FF062826D14FF0FF314FF0FF30FFF77D
:10336800F3FE0123124A059982F82430049B03EBEB
:10337800830303EB830301EB8301069BD18403EBF7
:103388008303079903EB830301EB8301089B1185F2
:1033980003EB8303099903EB830301EB8301518555
:1033A800FFF7DAFE00200BB05DF804FB639E040013
:1033B800D04E002070B503788AB004460E4607AD9B
:1033C800032B20D8DFE803F002191B1D11492846FA
:1033D800FEF7EAFC059563781E210493A37830462E
:1033E8000393E3780C4A029323790193637900935A
:1033F800A3792AF073FF0AB070BD0849E7E70849C6
:10340800E5E70849E3E70A212846074A2AF066FF64
:10341800E0E700BF8F990400B19904009699040071
:103428009D990400A7990400FAFC0400F0B514461D
:1034380089B000AF0D462EF055FC3946FFF7BAFFAC
:10344800ACB96C468AB06A46144BD561C2E90537F7
:103458004FF400731384124B4FF41351114842F880
:10346800103F2BF012FCA5462437BD46F0BD6E4632
:103478008CB06B460C4AC3E90754C3E905270B4ACD
:103488004FF462515A620A4A06489A621A46094B30
:1034980042F8103F2BF0F9FBB546E5E7D499040054
:1034A8000400000148810400F299040037B20400C6
:1034B800000203050600000290B589B000AF0C4673
:1034C8002EF010FC3946FFF775FF8AB06A46094BA3
:1034D800D461C2E90537084B4FF443511362074BD7
:1034E80007485362074B42F8103F2BF0CEFB2437B6
:1034F800BD4690BD199A040037B2040000020204C8
:10350800488104000500000290B589B000AF0C4660
:103518002EF0E8FB3946FFF74DFF8AB06A46094BA3
:10352800D461C2E905374FF400731384064B4FF496
:103538001351064842F8103F2BF0A7FB2437BD462D
:1035480090BD00BF3F9A04000400000148810400B8
:1035580090B589B000AF0C462EF0C4FB3946FFF792
:1035680029FF8AB06A46094BD461C2E905374FF48E
:1035780000731384064B4FF41351064842F8103F6A
:103588002BF083FB2437BD4690BD00BF619A040031
:103598000400000148810400B0B588B000AF0C46B3
:1035A8002EF0A0FB3946FFF705FF6D468AB06A4644
:1035B800124BD461C2E90537114B124C1362124BFE
:1035C80012485362124B4FF4435142F8103F2BF00C
:1035D8005CFB2068AD4618B10EF0E8FF00232360BD
:1035E8000C4C206830B10EF0E1FF0023012023606D
:1035F80030F005FF2037BD46B0BD00BF769A040005
:1036080037B20400C84E00200002020448810400BA
:1036180005000002CC4E0020B0B588B000AF0C46C3
:1036280005460EF0DBFE124B186028462EF05AFBBA
:103638003946FFF7BFFE6D468AB06A460D4BD46126
:10364800C2E905374FF400730B4C13840B4B20462B
:1036580042F8103F4FF413512BF017FB0321AD46EE
:103668002046074A2BF00DFB2037BD46B0BD00BFF2
:10367800C84E0020619A040048810400040000013B
:10368800999A0400B0B588B0044600AFB1B16C4651
:103698008AB06A46194B1A48C2E90531194B4FF4EA
:1036A8001151D36140F201331384174B42F8103F94
:1036B8002BF0EBFAA5462037BD46B0BD2EF012FB25
:1036C8003946FFF777FE6D4688B06A460F4B4FF4D0
:1036D800E651C2E905374FF4007393830C4B084851
:1036E80042F8103F2BF0D1FA2046AD460EF076FE98
:1036F800084B1860012030F07FFEDCE7C89A040010
:103708004881040037B2040004000001E99A04006B
:1037180003000001CC4E002080B588B000AF2EF029
:10372800E1FA3946FFF746FE88B06A46084B4FF47F
:10373800E651C2E905374FF400739383054B0648F9
:1037480042F8103F2BF0A1FA2037BD4680BD00BFDC
:10375800F69A040003000001488104002DE9F041B5
:1037680014460D46C6B02EF0BDFA01A9FFF722FE99
:10377800224601A915482AF07FFD15482AF07CFD4C
:103788002E46DFF850806719BE4218D112482AF039
:1037980085FDF02C28BFF0242946224609A833F0DD
:1037A80052FD04F58C730DEB0304002309A90B48A3
:1037B80004F8F43C2AF060FD46B0BDE8F0814046CC
:1037C80016F8011B2AF058FDDEE700BF0C9B040029
:1037D800219B0400279B04005D9D04002D9B040091
:1037E80070B50B780C46052B00F2B480DFE803F0C7
:1037F800039E2F7486558B68002B00F0AB804868B9
:10380800002800F0A780544A1368F3B1181F00235A
:103818001360524A136032F0B3FD0022002350486F
:1038280022F03CFA002800F095804E4B828D011D55
:1038380018682BF036FA002800F08C804A4A0221DA
:10384800BDE8704049482BF01CBA0438E3E7C96862
:1038580047482AF011FD6568E1682B8D454E1944EB
:1038680089B2454829852AF007FD3378002B71D1A4
:103878002A8D6368134413F8013C0A2B01D00D2BE1
:1038880068D13E482AF00AFD01233370354B186889
:103898008368BDE870405B691847002438482AF0FF
:1038A800FDFC344B30201C7025F0BAFB38B12D4B91
:1038B8008485011DBDE8704018682BF0E9B9314ACC
:1038C8002A4802212BF0DDF9BDE8704040F267621A
:1038D80000232D4823F064BA302025F0A1FB0146CF
:1038E80050B1002383851F4B2822BDE8704018681B
:1038F800043183681B691847224AA0E723482AF045
:10390800CDFC6368198D1C1F41B121482AF0B4FC15
:103918002146BDE870401F4832F076BB1E482AF0A9
:10392800BDFC2046BDE8704032F02ABD0A4A136843
:103938000BB94B6813600949A368086803440B6016
:103948001168BDE870400A8D1944D21A054B1868F1
:103958002BF0A7B970BD00BFB44E0020B04E0020B8
:103968004C3100201C290020379B040048810400AA
:10397800559B04004E7D00207A9B0400A39B040005
:10398800CD9B04002C95040008390020FC9B040002
:10399800179C040030310020389C040008B5054805
:1039A8000321054A2BF06DF9BDE80840034822F0D1
:1039B800ABBE00BF48810400599C0400B84E0020EB
:1039C800F8B51E4C0546206800AF002833D00D40DE
:1039D800EA0716D52EF0E3F96E4688B023686A46E2
:1039E80017491848C2E9051303234FF4C65142F892
:1039F800103F2BF04AF9B54620680EF0D7FD00239A
:103A08002360AB0717D520682EF0DAF96D4688B029
:103A180023686A460C490B48C2E9051303234FF48F
:103A2800C65142F8103F2BF030F9AD4620680EF031
:103A3800BDFD00232360BD46F8BD00BFC84E002071
:103A4800A19C040048810400B89C04002DE9F04FB3
:103A58008DB04FF0FF324FF0FF33384822F02EFA86
:103A680030220021684633F015FC354FDFF8D4804A
:103A7800DFF8D4904FF0FF334FF0FF32384622F092
:103A88000DF90546818D40462AF0F6FBBDF82C401D
:103A9800AB8DC4F128049C4228BF1C4600261CB9E3
:103AA800284632F06DFCE5E7BDF82C00311D0430E6
:103AB80029442246684433F0C6FBBDF82C1026443E
:103AC800214489B22729ADF82C1008D801F1300318
:103AD8006B4413F82D3C0A2B01D00D2B1DD1484601
:103AE8002AF0CAFB0024DFF864B00DF1030ABDF820
:103AF8002C30A34217DC16482AF0D0FB0020BDF872
:103B08002C2001A906F060FEA0B10221114A12483A
:103B18002BF0B7F80023ADF82C30AC8DA41B282C63
:103B280028BF2824BBE758461AF8011F2AF0A4FB2F
:103B38000134DCE709482AF0B1FBEBE7D03000207C
:103B480030310020D09C0400F99C0400279B04001D
:103B58005D9D0400159D0400488104003D9D0400FE
:103B680008B50B482BF0F0FA0A482BF0EDFA4FF4A1
:103B780070220023084822F0A1F9014620B1BDE8CF
:103B8800084006482BF0E0BABDE80840FFF7E0B966
:103B98005F9D04007F980400D030002098980400AE
:103BA8002DE9F0438348ADF50D7D2BF0CDFA4FF0AC
:103BB800FF324FF0FF33804822F080F97F482BF026
:103BC800C3FA7F4E7F4C4FF4C030002124F0DCF95B
:103BD8003368002BF7D04FF0FF304FF0FF31FFF77D
:103BE800B3FA25781DB36421B4F90650A768B4F96F
:103BF8000220059795FBF1F701FB1755B4F904006E
:103C08002DB292FBF1F3CDE9037590FBF1F501FBC1
:103C1800132201FB150012B200B2CDE90150009247
:103C28004FF40071684A0CA82AF058FB0546237B1C
:103C380093B1B4F914300CA80293B4F91230C5F555
:103C480000710193B4F91030284400935F4AB4F925
:103C58000E302AF043FB0544A37D002B61D064227B
:103C6800B4F92280B4F920E098FBF2F902FB198834
:103C78000FFA88F8B8F1000FB8BFC8F100081FFAAA
:103C880088F8CDE909989EFBF2F802FB18EE0FFAC6
:103C98008EFEBEF1000FB4F91EC0B8BFCEF1000E03
:103CA8001FFA8EFECDE9078E9CFBF2FE02FB1ECCAE
:103CB8000FFA8CFCBCF1000FB4F91C70B8BFCCF142
:103CC800000C1FFA8CFCCDE905EC97FBF2FC02FB1B
:103CD8001C773FB2002FB4F91A00B8BF7F42B4F97D
:103CE8001810BFB2CDE903C790FBF2F791FBF2F3CE
:103CF80002FB170002FB131100B2002809B2B8BF7B
:103D08004042002980B2B8BF4942CDE9017089B26A
:103D18000CA800912844C5F500712D4A2AF0DEFA56
:103D2800054494F8243073B36427B4F92A00B4F92D
:103D3800281090FBF7FC07FB1C0000B20028B8BF56
:103D48004042B4F9262080B2CDE903C091FBF7F0D8
:103D580092FBF7F307FB101107FB132209B20029A6
:103D680012B2B8BF4942002A89B2B8BF5242CDE95F
:103D7800010192B20CA80092C5F500712844154AB9
:103D88002AF0ACFA0544FFF7E7F9002D7FF71BAFDF
:103D98000A236F1C0CA93068BAB24B5506F014FD03
:103DA800014618B10C482BF0CFF90CE739460B48FF
:103DB800F9E700BF7A9D0400D03000209D9D0400E3
:103DC800CC4E0020D04E0020C49D0400FA9D040073
:103DD800159E04005E9E0400819E0400A39E0400BC
:103DE80008B50B482BF0B0F90A482BF0ADF94FF4A1
:103DF80070220023084822F061F8014620B1BDE88E
:103E0800084006482BF0A0B9BDE80840FFF7D2B833
:103E1800C29E04007F980400D030002098980400C7
:103E280008B50B482BF090F90A482BF08DF94FF4A0
:103E380070220023084822F041F8014620B1BDE86D
:103E4800084006482BF080B9BDE80840FFF7E4B801
:103E5800E09E04007F980400D03000209898040069
:103E6800F8B57E481BF0ECFE034620B101217C4AE0
:103E78007C482AF008FF1BF0B1FE034620B101215F
:103E8800794A78482AF0FFFE784D286832F033F8EE
:103E980050B1002005F048FC40B1783006D0744A93
:103EA800012170482AF0EDFE2AF003FF302025F0AA
:103EB800B7F804460028F7D000236E4983856E487A
:103EC80022F036FE29688B681B6823B96B4E304692
:103ED80007F044FB2E60286883681B6823B92046D6
:103EE80032F04EFA664ADBE7002266499847002816
:103EF800F5D1302025F094F8064680B3031D184606
:103F08006149FDF751FF25220146B28528682AF04C
:103F1800C8FE074660B1204632F032FA304632F029
:103F28002FFA3B460121594A4E482AF0ACFEBBE71E
:103F38002868211D2AF0ACFE034658B954480FF0F2
:103F48000FFA034678B1534A012146482AF09BFEEE
:103F58000020F8BD0121504A42482AF094FE20462C
:103F680032F00EFAA0E74D480FF014FA034608B1F4
:103F78004B4AE9E70CF0D2FB002895D10321494AC6
:103F880038482AF07EFE00F013F9034600283AD09C
:103F98000221454A33482AF076FE00F0FDF903462F
:103FA800002836D00221414A2E482AF06CFE00F043
:103FB80051FB0346002832D002213D4A29482AF005
:103FC80062FE00F0D3FC034678B30221394A254843
:103FD8002AF059FE384821F0EDFE374821F0EAFE74
:103FE800354821F0E7FE344821F0E4FE324821F05C
:103FF800E1FE2CF07CFC314806F0DAFB0446D0B137
:1040080003462F4AA0E703212E4A16482AF039FE14
:10401800C3E703212C4A13482AF033FEC7E70321DC
:104028002A4A10482AF02DFECBE70321284A0D48DA
:104038002AF027FECEE72748274922F03DFA2548EF
:1040480022F062FB013404F0010100201BF07AFE2B
:1040580000214FF4004023F097FFF3E7C93901002E
:10406800FE9E0400488104001C9F04001C290020B7
:10407800379F0400293101000839002078830400A3
:104088004C9F0400E93701006C9F0400929F0400D4
:1040980004290020E29F0400BB9F0400F4280020AC
:1040A80018A0040053A0040069A00400E8A00400BC
:1040B80073A10400FCA10400D0300020E8280020EF
:1040C80090A20400AFA0040031A10400BCA1040028
:1040D80046A20400B84E0020D92E01001FB542F2B6
:1040E8001072836A41680393436993FBF2F3029366
:1040F80003690193C36893FBF2F3009391FBF2F217
:104108008368016802482AF0B7F805B05DF804FB37
:1041180063A3040070B504460025104E02460D2125
:1041280030682AF0D1FD306804F108020E212AF027
:10413800CBFD306804F1100210212AF0C5FD30686B
:104148001E21C4E90655C4E90855C4E90A5504F115
:1041580028022AF0B9FD284670BD00BF004F002094
:10416800014B1860704700BFFC4E002038B505466B
:10417800A8B10C4B186890B183684021DB68984758
:10418800044638B101210346074A08482CF0B6F81E
:10419800204638BD2846BDE83840FFF7BBBF6FF062
:1041A8001504F5E7004F00209EA30400C87F040013
:1041B80008B50A480A4B186031F09DFE38B909481D
:1041C8000121094A2CF091F86FF0120008BD05484A
:1041D8000321064A2CF089F80020F7E70879040043
:1041E800004F0020C87F0400B9A30400D4A3040032
:1041F800F0B5384BB5B01B68002B5FD00321364AA9
:1042080036482CF072F836482AF048F800214FF466
:10421800203023F0B9FE33482AF040F80321324A0F
:104228002E482CF062F831482AF038F8304D314EDB
:10423800314F28462AF032F806A8FFF797FF0028E2
:1042480038D138462D4C2AF029F806A8FFF746FF42
:1042580023684BB342F21072129B802105930B9B8B
:1042680014A893FBF2F3002BB8BF5B4204930A9B9C
:104278000393099B93FBF2F3002BB8BF5B420293B5
:10428800089B0193079B93FBF2F3002BB8BF5B429B
:1042980000931B4A069B2AF021F8431E7E2B03D865
:1042A80081B2236814A8984700214FF4A02023F076
:1042B8006BFEBEE7304629F0F1FFF5E70121114A10
:1042C80006482CF012F8104829F0E8FF6FF01500A6
:1042D80035B0F0BD004F00202DA40400C87F0400B5
:1042E80041A404005FA4040081A40400A4A4040061
:1042F800D6A404004DA50400F1A40400FC4E00203F
:104308001CA50400FBA3040012A4040070B5194EF8
:1043180002460546132130682AF0D9FC044638B114
:104328000346154A012115482BF0E8FF204670BDC9
:104338001421306805F108022AF0C9FC044610B1BE
:104348000F4A0346EEE71521306805F110022AF0FE
:10435800BEFC044610B10B4A0346E3E7122130685D
:1043680005F118022AF0B3FC04460028DED0064AFC
:104378000346D7E7084F00206BA50400B87F040068
:1043880089A50400A9A50400C8A50400014B18606C
:10439800704700BF044F002010B50E480E4C206037
:1043A80031F0A9FD50B901210C4A0D482BF09DFFB1
:1043B8000C482AF0C9FE6FF0120010BD03210A4A0A
:1043C80007482BF092FF2368084819682AF0BCFEBA
:1043D8000020F2E788790400084F0020E5A50400D2
:1043E800B87F0400FDA5040016A6040043A6040037
:1043F80038B50F4B0546186830B90E482AF0A4FEA8
:104408006FF01504204638BD002DF9D0836840218F
:10441800DB689847044630B101210346064A07483D
:104428002BF06CFFEEE72846BDE83840FFF76EBF7B
:10443800084F002062A6040081A60400B87F04008B
:10444800F0B52C4BADB01B68002B4CD003212A4A89
:104458002A482BF04AFF2A482AF076FE00214FF41A
:10446800803023F091FD27482AF06EFE0321264A6A
:1044780022482BF03AFF25482AF066FE244D254EA7
:10448800254F28462AF060FE04A8FFF7B1FF30BB8D
:1044980038462AF059FE0A9B204C0093069A089B3E
:1044A80004991F482AF050FE236893B10A9B802183
:1044B8000293089B1B4A0193069B0CA80093049B3C
:1044C80029F00CFF431E7E2B03D881B223680CA869
:1044D800984700214FF4E02023F056FDD1E73046FD
:1044E8002AF032FEF5E710482AF02EFE6FF015008C
:1044F8002DB0F0BD084F0020C2A60400B87F04000C
:10450800D9A6040001A7040027A704004DA70400AA
:1045180083A70400EAA70400A8A70400044F00200A
:10452800A1A60400D4A7040062A6040042F21073F6
:1045380000B5C16A8BB091FBF3F10029B8BF4942BD
:1045480042680891816A92FBF3F20791416A91FBF4
:10455800F3F10029B8BF49420691016A0591C16982
:1045680091FBF3F10029B8BF494204918169039195
:10457800416991FBF3F10029B8BF494202910169F1
:104588000191C16891FBF3F10029B8BF494200913C
:10459800002A83680168B8BF524203482AF0D4FD54
:1045A8000BB05DF804FB00BF0CA80400F0B5224E68
:1045B80004468DB030686F4683683A4603211B690C
:1045C8009847054640B103461C4A01211C482BF078
:1045D80095FE28460DB0F0BD3068836806AE3246B9
:1045E80007211B699847054610B1164A0346ECE7B0
:1045F80004F1080397E8030084E80300DDE90201F9
:1046080083E80300DDE9040104F1100383E80300F3
:1046180096E8030004F1180383E80300DDE90801C4
:1046280004F1200383E8030028340CAB13E90300EA
:1046380084E80300CDE700BF104F002057A804000E
:10464800D87F040074A80400014B1860704700BFAD
:104658000C4F0020F0B52A482A4D87B0286031F069
:104668004AFC58B90121284A28482BF03EFE284820
:104678002AF06AFD6FF0120007B0F0BD0024022393
:1046880064270126CDE9003428686B4607220321F8
:10469800CDE90274CDE904642AF01CFB286804AB58
:1046A800062203212AF016FB2246286802AB0321C2
:1046B8002AF010FB07224FF4FA731146CDE90034B3
:1046C80028686B46CDE90274CDE904642AF002FB40
:1046D800286804AB062207212AF0FCFA22460721A3
:1046E800286802AB2AF0F6FA03210A4A07482BF099
:1046F800FCFD2B68084819682AF026FD2046BBE710
:1047080028790400104F002090A80400D87F0400E6
:10471800A8A80400C1A80400ECA8040038B50F4BF1
:104728000546186830B90E482AF00EFD6FF01504DA
:10473800204638BD002DF9D083684021DB689847B2
:10474800044630B101210346064A07482BF0D6FD3E
:10475800EEE72846BDE83840FFF728BF104F002095
:104768000BA9040081A60400D87F0400F0B5434BD0
:10477800D9B01B68002B7AD00321414A41482BF05D
:10478800B4FD41482AF0E0FC00214FF4803023F0CA
:10479800FBFB3E482AF0D8FC03213D4A39482BF060
:1047A800A4FD3C482AF0D0FC3B4D3C4E3C4F2846EB
:1047B8002AF0CAFC0CA8FFF7B1FF002853D13846ED
:1047C800384C2AF0C1FC0CA8FFF7B0FE2368002B78
:1047D80043D042F21073179A4FF4807192FBF3F2B0
:1047E800002AB8BF52420A92169A18A80992159A36
:1047F80092FBF3F2002AB8BF52420892149A079229
:10480800139A92FBF3F2002AB8BF52420692129A08
:104818000592119A92FBF3F2002AB8BF5242049211
:10482800109A03920F9A92FBF3F2002AB8BF5242F1
:1048380002920E9A01920D9A92FBF3F2002AB8BFE7
:1048480052420C9B0092184A29F048FD431EFE2B49
:1048580003D881B2236818A8984700214FF4403044
:1048680023F092FBA3E730462AF06EFCF5E70F48E9
:104878002AF06AFC6FF0150059B0F0BD104F002007
:104888002AA90400D87F040041A9040067A90400EC
:104898008DA90400B3A90400E9A90400EAA704004B
:1048A800A8A704000C4F00200CAA04000BA90400C0
:1048B8001FB542F210714369426893FBF1F3002B74
:1048C800B8BF5B420293036992FBF1F20193C3689C
:1048D80093FBF1F3002BB8BF5B420093002A836877
:1048E8000168B8BF524203482AF02EFC05B05DF8B3
:1048F80004FB00BF5DAA040070B5144E02460546CD
:10490800002130682AF0EFF9044638B10346104A0E
:10491800012110482BF0F2FC204670BD01213068BF
:1049280005F108022AF0DFF9044610B10A4A0346E5
:10493800EEE70221306805F110022AF0D4F90446A6
:104948000028E9D0054A0346E2E700BF184F0020D7
:104958008BAA0400B07F0400A5AA0400BFAA040023
:10496800014B1860704700BF144F002037B5204C2A
:104978002048206031F0BFFA58B901211E4A1F486B
:104988002BF0B3FC1E482AF0DFFB6FF0120003B0D7
:1049980030BD206883685D686DB964230022206893
:1049A800CDE9003283681D68DDB90221154A134834
:1049B8002BF09BFC09E06B4600220321A847002846
:1049C800EBD1DDE900321343E7D003210E4A0B484F
:1049D8002BF08BFC23680D4819682AF0B5FB0020E2
:1049E800D5E76B460321A8470028EED0DDE700BFD6
:1049F800184F0020C8780400D9AA0400B07F04002A
:104A0800F2AA04000CAB04002DAB040063AB040055
:104A180038B50F4B0546186830B90E482AF094FB94
:104A28006FF01504204638BD002DF9D08368402169
:104A3800DB689847044630B101210346064A074817
:104A48002BF05CFCEEE72846BDE83840FFF754BF82
:104A5800184F002083AB040081A60400B07F040037
:104A6800F0B5354BADB01B68002B5DD00321334A40
:104A780033482BF03AFC33482AF066FB00214FF408
:104A8800803023F081FA30482AF05EFB03212F4A58
:104A98002B482BF02AFC2E482AF056FB2D4D2E4E83
:104AA8002E4F28462AF050FB06A8FFF7B1FF002832
:104AB80036D138462A4C2AF047FB06A8FFF7F8FEFD
:104AC80023683BB342F210720B9B802193FBF2F3F5
:104AD800002BB8BF5B4204930A9B0CA80393099B65
:104AE80093FBF2F3002BB8BF5B420293089B019340
:104AF800079B93FBF2F3002BB8BF5B420093194A64
:104B0800069B29F0EBFB431E7E2B03D881B223685A
:104B18000CA8984700214FF4802023F035FAC0E70D
:104B280030462AF011FBF5E70F482AF00DFB6FF02D
:104B380015002DB0F0BD00BF184F0020A7AB040032
:104B4800B07F0400BFAB0400F0AB040017AC040056
:104B58003EAC040074AC0400EAA70400A8A7040053
:104B6800144F00209BAC040087AB040010B5094C1F
:104B78000A44914200D110BD11F8013B5840030985
:104B8800E35C0001C0B243401809205C1B01DBB2A2
:104B98005840EEE7CFAC0400F8B50F4600293BD0EB
:104BA8000668012230462AF0D9F801460446304604
:104BB8002AF09CF8C3070DD4AF23184A184919489E
:104BC8002AF0D8FA394618482AF0D4FAAF211348FF
:104BD8002AF0C7FA214630462AF09EF825182946B9
:104BE800002230462AF082F82D1AAC420BD0B723A7
:104BF8000A4A0E490B482AF0BDFA39460C482AF0F1
:104C0800B9FAB721E3E7214630462AF08BF8214666
:104C1800BDE8F8402AF0C7B9F8BD00BFDFAC040012
:104C280002AD040013AD040030AD040068AD04000B
:104C38008EAD0400B2F5802F2DE9F04110D2042A80
:104C480028D843494FF40773424A43482AF092FA56
:104C580042482AF08FFA4FF407713E482AF081FA49
:104C68000823D21ACC1D114424F0070421F00701AF
:104C7800091B17294FEAD1060ED8394940F22523D6
:104C8800344A35482AF076FA34482AF073FA40F262
:104C98002521E2E70423E4E7002704603146304693
:104CA800A660E7602AF06DF80121421D8046304673
:104CB8002AF05EF89200D51DED082844B0423AD893
:104CC800B8F1FF3F3946A2F1100204F11000B8BF55
:104CD8003A4632F0DFFA2A46394620462AF03AF8B0
:104CE8003B463A46394620462AF00BF8A6EB05081B
:104CF8002046394601222AF015F8424629462AF06C
:104D080029F82B463A462946204629F0FAFF31462B
:104D180020462AF01FF843463A463146204629F0F5
:104D2800F0FF31462046012229F0FCFF2946BDE864
:104D3800F0412AF0F6B80B4940F23A23054A0648F2
:104D48002AF018FA05482AF015FA40F23A2184E7C1
:104D5800CAAD0400DFAC040013AD0400EBAD0400E1
:104D680004AE04002DAE040037B50B4615460446C4
:104D780048B914495E23144A14482AF0FBF95E2105
:104D880011482AF0EEF93AB911495F230E4A0F4843
:104D98002AF0F0F95F21F3E789B102688A4204D367
:104DA800C06801AA01F0C6FB18B16FF00B0003B090
:104DB80030BD2379019A9A40A3689B18F5D000204A
:104DC8002B60F4E787AE040058AE040013AD04006E
:104DD800A0AE040038B50B460446114658B91D4923
:104DE8004FF497731C4A1D482AF0C4F94FF4977181
:104DF80019482AF0B6F9C06848B9194940F22F1382
:104E0800154A16482AF0B6F940F22F11F0E7A268C1
:104E18004AB914494FF498730F4A10482AF0AAF96E
:104E28004FF49871E4E769B125688D420CD39A4232
:104E38000DD89A1A23791A41954208D9BDE8384005
:104E480001F020BC084638BD6FF01500FBE76FF095
:104E58000D00F8E787AE040058AE040013AD040057
:104E6800B9AE0400DAAE04002DE9F04F91B000931A
:104E780002F004030193C2F3C203013304938307CE
:104E880005460E46DDF86890029240F0FC81041D4C
:104E980030B1072909D86FF01B0011B0BDE8F08FB9
:104EA80001F007063444C6F108064FF000084FF039
:104EB800040B009B4746591E4FF0FF324346DA4623
:104EC800CDF80C800DB1009820600498002800F3FC
:104ED800DF809B48DDF800C0844503D399488445AA
:104EE800C0F0D680DDF808C0A4EB050E1CF0020F58
:104EF8004FEA9E0000F0E7804FF0000CD1E07A28DE
:104F080062D84B280FD847285ED829282DD82528BD
:104F180059D059D820287DD0A0F12309D9F1000310
:104F280043EB090376E04C382E284DD8DFE800F033
:104F3800724C4C4C4C4C4C4C4C4C4C4C4E4C4C4C81
:104F48004C4C4C4C4C5C4C4E4E5C5C5C724E6F4C0A
:104F5800724C184E184C4C817E4E4C4C4E4C7E0078
:104F6800002000234FF0040B3CE04FF0010E2A38DC
:104F7800C0B20EFA00F04FF6DA7E10EA0E0F49D1F1
:104F880010F0625E30D110F0010343D07046013C4E
:104F98005C44B4FBFBF40BFB04F4002D5ED0AAEBDD
:104FA800050EA644B6453FF676AF002868D1BAF19B
:104FB800040F43D1E14659F8040B2060CC464FF06A
:104FC800040A043426E0013A002323E011F8013CE6
:104FD8006C2B30D1002011F8023C6C2B0346C1D158
:104FE8004FF0080BDA46D2E70CF1070929F0070C55
:104FF800073424F00704FCE802AB35B105982044D7
:10500800B0423FF648AFC4E900AB002308344FF084
:10501800080BDA4611F8010F002800F0BC80002BBD
:105028007FF46DAF2528F5D1012301324FF0040B31
:10503800EFE7184695E700200346A8E7BAF1080FFE
:1050480040F09B800CF1070929F0070CFCE8029A54
:10505800C4E9009A4FF0080A0834DBE780B9BAF1CE
:10506800040F02D10CF10409A8E7BAF1080F40F0C7
:1050780084800CF1070929F0070909F1080CE9E710
:10508800E14604980138049059F8040B009019E798
:105098000298800748D54FF0010CA4EB050E4FEAA3
:1050A8009E00BEF5007F1DD327494FF41F73274A82
:1050B80027482AF05FF827482AF05CF84FF41F7158
:1050C80022482AF04EF80F2F0ED8002D46D007F1AF
:1050D800400CEC440CF8200C0CF8102C0398013010
:1050E800039020E00F2F0CD9174940F28123174A6B
:1050F80017482AF03FF818482AF03CF840F2812176
:10510800DEE7BDB107F1400EEE44C0B20EF8200C48
:105118000EF8102CBCF1000FE0D060F07F000EF804
:10512800200C08F101080137C5F10800CC46043409
:1051380005906FE7BCF1000F10D00136F3E700BF10
:1051480000750400BC450500821E050028AF040058
:1051580013AD040056AF040077AF0400019802367F
:105168000028E0D10098CDE906310592FCF724FE2D
:10517800DDE90631059A0644D5E740F2C623434ADD
:105188004349444829F0F6FF5146434829F0F2FFC5
:1051980040F2C62194E7631BB3F5806F0CD33C49FA
:1051A80040F2D223394A3B4829F0E4FF3B4829F032
:1051B800E1FF40F2D22183E71DB9A6F10804E01807
:1051C8006BE6019A9B0828602B709DF80C30C2B1E1
:1051D800EB7085F80280B8F1000F05D0002208A80E
:1051E800C5F1010C97420ED14FF0000AC5F1010339
:1051F8000DF1200902930DF1300B574512D1601BB8
:105208004BE66B70E5E710F8013B190608D50CEB87
:10521800040EB64503F07F033FF63DAE04F8013BAC
:105228000132DFE7B8F1000F03D099F90020002A16
:1052380017DB019BD3B11AF80B2004F8012B0022CD
:10524800029B18191044B0423FF625AE99F80000A9
:10525800009904F8010B2046039231F0F4FF039AF9
:1052680014440AF1010A09F10109C6E799F8002076
:1052780055F822300093019B009845F82230FCF73E
:105288009BFD421CDCE76FF00D0006E628AF04002A
:10529800821E050013AD040091AF0400A6AF040000
:1052A8002DE9F04F97B000AF89460446D7F880B093
:1052B800FA623B6258B9A94940F29933A84AA94809
:1052C80029F058FF40F29931A54829F04AFFCBF35D
:1052D800C00390F802A07B6141B9457800780AEBD9
:1052E800800020444D4517D8A0EB0409E378FB6102
:1052F800BAF1000F02D01BF0010F16D1FB6953BBA6
:10530800FB6A1BB1494620463A6A98474D462846EB
:105318005C37BD46BDE8F08F461C3046FCF74CFDB7
:105328000130304409F10109DCE7626823787A62C8
:10533800FA6A9900B96104EB8301002A40F00281FE
:105348000E464FF000084D4601EB0A094E454CD178
:1053580001EB0A0610E01BF0020FD1D023789A0067
:10536800BA61626804EB83017A62FA6A002A77D12B
:105378004D46904601EB0A061BF0050F0CBF0223B1
:105388000123FB62FB6906EB430A0BF00203BB62D5
:105398005645BCD016F8021B16F8013C54F8239069
:1053A800714B994502D3714B994536D37B69002BD4
:1053B80040D0786A29F09FFE00283BD0E9468AB0A1
:1053C8006A466B4B53617B6AC2E906314FF400733E
:1053D8001384684B42F8103F00234FF4125166487B
:1053E80003F034F8023DCD46D2E716F8013BF962E6
:1053F80054F82300FCF7E0FCD7F88430F96A013050
:105408004BB1D7F8883098453EBFD7F8843023F899
:10541800180008F10108054498E77B6923B1786A08
:1054280029F069FE0028C9D11BF0010F05D1FB6ADC
:10543800ED1AADE7BB6A002BAAD04846FCF7BCFCC6
:10544800D7F8843053B1D7F8883098453FBFD7F89C
:105458008420431C22F8183008F10108054497E716
:10546800BAF1000F74D01BF0040674D0D0460026A1
:1054780007F1480052463B61B96231F0E4FEB96A6F
:105488003B6901EB0A02BA62FA69F9695200FA60EB
:10549800BA6A02EB41023A610BF00202BA60BA6AD8
:1054A80039698A426AD162781BF0020F18BF00215D
:1054B8007A6208BF4FEA5801B2181BF0010FD2B246
:1054C80040F0E5801BF0040F14BF404600207B61CC
:1054D8006270A070E17020463A6AB969FB6A984721
:1054E800051EFFF614AF7B69414623707B6A3A6A52
:1054F8006370FB6984F802A0E37007F14800FB6A57
:105508009847B0F10008C0F2F680BB69A9EB0A0120
:10551800C91AFB683A6AC91AD7E90A0398470028E2
:10552800C0F2EB804FF0000BA84408EB000507F130
:10553800380AB345C0F0AD8000213A6A0846FB6AD4
:105548009847E4E656464FF0000807F1380091E71F
:105558005646D04695E7B04693E700BFBDAF040076
:1055680028AF040013AD040000750400BC45050015
:10557800D8AF04000400000178800400BA6A12F869
:10558800021B12F8015CBA6254F825005C4A90428A
:1055980002D35C4A904218D37A693AB1786A7B6040
:1055A80029F0A9FD7B6800287FF479AFBA68002A42
:1055B8004CD00F2E40D9544940F24D43534A5448D9
:1055C80029F0D8FD40F24D417EE67A693AB1786A11
:1055D8007B6029F090FD7B6800287FF460AF1BF0AA
:1055E800010F0BD00F2E27D9474940F24343474AB2
:1055F800474829F0BFFD40F2434165E61BF0040F20
:105608003FF44DAFB8F10F0F09D9424940F2464374
:105618003E4A3F4829F0AEFD40F2464154E608F1C3
:10562800280207F1300008F1010102EB000808F830
:10563800105C5FFA81F832E706F1280207F13000C2
:10564800711C161806F8205CCEB228E7B8F10F0FC7
:1056580009D930494FF48A632C4A2D4829F08AFD2C
:105668004FF48A6130E608F1280207F1300C08F19E
:105678000100944407F1580208F1020852FA80F038
:105688000CF8101C5FFA88F800F8105C07E7002097
:105698001DE71BF80A3054F8239087F83730D7F8FD
:1056A80084302BB3D7F888309B4521D2D7F8843083
:1056B80033F81B8001213A6AFB6A07F137009847E3
:1056C80000281ADB0544B8F1000F06D14846FCF75C
:1056D80073FB00F101081FFA88F8414648463A6A08
:1056E800FB6A9847002808DB05440BF1010B20E70B
:1056F8004FF00008DEE7454609E6054607E600BF25
:1057080000750400BC4505007BB0040028AF040008
:1057180013AD04009AB00400014B1860704700BF35
:105728002029002080B505460E461746984622F0E7
:10573800E5FC034631F0D6FE0446DFF818904246F1
:1057480049F8003039463046A84754F8090006F0B1
:10575800DFFA00BF0800000038B50D4604462022D5
:10576800002131F097FD0022EB68E361AB68A3618B
:105778002B6823626B68A26263622A6923B1591E8F
:10578800194208BF42F0010222610122002104F1FE
:105798002C0030F052FC48B1054906482F23064A30
:1057A80029F0E8FC2F21044829F0DBFC38BD00BFB4
:1057B80026F8040013AD0400CBB004002DE9F04F27
:1057C800002789B0CDE90123436A04468B42884605
:1057D800BA460597079754D300F11406EFF31185DD
:1057E800202383F31288BFF36F8F3046A94622F037
:1057F800F7FE58B988234D4A4D494E4829F0BAFC5E
:1058080031464D4829F0B6FC882163E0304622F045
:105818000BFF079A2AB13946204629F095FD002347
:10582800079306A9204629F0B2FC0699834641450C
:1058380030D32268236A204613F8221003EB820A29
:1058480021F0030103F822102168424629F0C3FC25
:10585800E3682060984218D04FF0000B304622F0E1
:10586800CDFE50B389F31188BFF36F8F059929B125
:10587800A2690AB12046904700230593BBF1000FA7
:10588800ACD1504609B0BDE8F08F236943F0080356
:105898002361E1E718B1204629F0B7FCDEE7DDE92E
:1058A8000132134339D0039130F03CFC0399A0BB7B
:1058B8009DBB304622F0A2FE78B940F231131B4A54
:1058C8001E491C4829F056FC31461D4829F052FC57
:1058D80040F23111154829F044FC85F31188BFF3D3
:1058E8006F8F04F12C00DDE9012320F0E7FA8346ED
:1058F800EFF31189202383F31288BFF36F8F3046AB
:1059080022F06EFE00283FF475AFBBFA8BFB3046E1
:1059180022F08AFE4FEA5B1BA0E7204607AB05AAE8
:10592800276829F091FC834698E700BFF1B004008E
:105938001EB1040013AD040033B1040049B10400E2
:1059480060B104002DE9F0410446C36908460E46DB
:10595800984704F114050746EFF31188202383F3D1
:105968001288BFF36F8F284622F03AFE68B9882361
:105978001A4A1B491B4829F0FDFB29461A4829F0F9
:10598800F9FB8821154829F0ECFB284622F04CFE4B
:1059980033783A4643F0010333706168204629F0B2
:1059A8001AFC6060204629F0EAFC284622F026FE10
:1059B80068B940F23113094A0C490A4829F0DAFB60
:1059C80029460B4829F0D6FB40F23111DAE788F373
:1059D8001188BFF36F8FBDE8F08100BFF1B00400FC
:1059E8001EB1040013AD040033B1040049B1040032
:1059F80060B104002DE9F843044600F11407EFF301
:105A08001188202383F31288BFF36F8F384622F062
:105A1800E7FD054668B98823344A3549354829F0F1
:105A2800A9FB3946344829F0A5FB88212F4829F0DD
:105A380098FB384622F0F8FD2369A26813F0080F96
:105A480002D163689A4200D9636A9B1A002B3FD03F
:105A5800216A11F8223001EB820913F003003AD0D1
:105A6800022803D151F82260B60805D1D8071FD4FF
:105A78004846E36998470646A1683246204629F019
:105A8800AAFB3146A060204629F0B3FB384622F035
:105A9800B5FD10BB40F23113144A1849154829F0D6
:105AA80069FB3946164829F065FB40F23111BDE71C
:105AB80043F0020301F82230E3694846A568984795
:105AC80029460246204629F086FB0025A060DDE72E
:105AD8001D46A946DAE70546FBE788F31188BFF3B8
:105AE8006F8F002D8BD14846BDE8F883F1B00400D4
:105AF8001EB1040013AD040033B1040049B1040021
:105B080060B104002DE9F0410446C36908460D461A
:105B1800984704F114060746EFF31188202383F30E
:105B28001288BFF36F8F304622F05AFD68B9882378
:105B3800274A2849284829F01DFB3146274829F0DB
:105B480019FB8821224829F00CFB304622F06CFD15
:105B58002B786FF300032B7023699B0705D5E26848
:105B6800236A03EB82039D4222D12B786FF3410312
:105B78002B70D4E90231994204D13A46204629F0E3
:105B88002AFBA0603946204629F033FB304622F034
:105B980035FD90B940F231130D4A11490E4829F0EC
:105BA800E9FA31460F4829F0E5FA40F23111C9E720
:105BB8002B6867F39F032B60E8E788F31188BFF32E
:105BC8006F8F04F12C00BDE8F04120F0F3B800BF5E
:105BD800F1B004001EB1040013AD040033B1040099
:105BE80049B1040060B1040070B5044600F1140521
:105BF800EFF31186202383F31288BFF36F8F2846B3
:105C080022F0EEFC68B988231A4A1B491B4829F080
:105C1800B1FA29461A4829F0ADFA8821154829F021
:105C2800A0FA284622F000FD2369A06813F0080FA7
:105C380002D16368984213D9646A241A284622F06C
:105C4800DDFC78B940F231130A4A0E490B4829F0B5
:105C580091FA29460C4829F08DFA40F23111DDE716
:105C68001C1AEBE786F31188BFF36F8F201E18BF4D
:105C7800012070BDF1B004001EB1040013AD040092
:105C880033B1040049B1040060B104002DE99F4814
:105C98000446EFF31185202383F31288BFF36F8F37
:105CA80022F09EFC58B988234F4A5049504829F0A1
:105CB80061FA21464F4829F05DFA88213CE04FF00F
:105CC800FF384FF0FF39204622F0AEFC4A4E04F16F
:105CD8000C0303930121039829F066FC074600286A
:105CE80074D00146A0F1280B039800F013FAB368AA
:105CF80004F11802BB60E3692046C7E900231F606E
:105D0800E761B36857F8282C9A7357F8242C1A615E
:105D18001A7B22F010021A7322F070FC78B940F254
:105D28003113314A3549324829F024FA214634489A
:105D380029F020FA40F231112B4829F012FA85F3A4
:105D48001188BFF36F8F584657F8203C9847EFF3F8
:105D580011854FF0200A8AF31288BFF36F8F20460F
:105D680022F03EFC00289ED0204622F05DFCB3685D
:105D78001B7B13F01003ADD1D7E9002002605060FF
:105D8800C7E90033BB60636ADBB1204622F036FC0A
:105D98000028C4D085F31188BFF36F8F5846636A13
:105DA8009847EFF311858AF31288BFF36F8F204667
:105DB80022F016FC00283FF476AF204622F034FC8F
:105DC80088E7A7F118001FF0F5FF83E7294620466A
:105DD800CDE90089221D21F0A7FCEFF311852023CE
:105DE80083F31288E1E700BFF1B004001EB104009C
:105DF80013AD040033B10400586C002049B104000D
:105E080060B1040010B504462822002131F042FA9E
:105E1800231DC4E90133034B236104F11803C4E9CA
:105E2800063310BDA1F3030070B50446256A88B097
:105E3800084645F3400611461A4600236FF00F0541
:105E4800CDE90043CDE902350493CDE90666024B5E
:105E580021F0BCF908B070BD955C01002DE9F8434C
:105E68004FF028081F4C204FBC4236D91F499A23AF
:105E78001F4A204829F07EF91F4829F07BF99A210A
:105E88001B4829F06EF96368A668073323F00709F1
:105E98006369D90707D508FB05663046FFF7B2FFE7
:105EA800A369736201E0002DF7D0636930465A0791
:105EB80048BF43F002033362D4E90312636805FB69
:105EC800092201EBC511FFF7AFFF01352368AB428B
:105ED800D9D81C34C8E70025F8E7FCD30020BDE872
:105EE800F88300BFD07B0400EC7B040096B104006B
:105EF80075B1040013AD0400B7B104002DE9F041F9
:105F080006460C46EFF31187202383F31288BFF36C
:105F18006F8F22F065FB60B98823644A644965483D
:105F280029F028F93146644829F024F988215F4886
:105F380055E0304622F078FB2EF04DFA63685F4A50
:105F480003446360216B9368994237D1D4E90A31DD
:105F58000B6059600023C4E90A3391680A7B42F058
:105F680010020A73236306F10C0504F12808414660
:105F7800284629F026FB01212846666329F014FBF0
:105F880080457AD1324652F8183F93422BD053B30A
:105F98000022283B1946206851F8285B854206DC18
:105FA80004D15D686068854200D000DC0132F06988
:105FB800814216D09B6AA3B1283BEBE7012200215E
:105FC80004F1100030F039F8236B002BCBD03C499A
:105FD8003848F5233B4A29F0CDF8F521394829F00E
:105FE800C0F8002A49D1EFF31183202282F31288E6
:105FF800BFF36F8F83F31188BFF36F8F5BB932499B
:10600800B023324A2B4829F0B5F8314829F0B2F8C4
:10601800B0212E48E3E7334653F8045F9D4227D06A
:1060280035B3AB683BB92B499923284A214829F055
:10603800A1F89921EDE7D5E9003213605A600023F1
:106048006A7BC5E9003322F002026A73AB6005F18E
:10605800180022F01FFC23682846AB7363682B6185
:1060680021F080FA39463046BDE8F04121F00EBDF6
:106078000221194A19482AF038F9304622F0BEFAA6
:1060880068B940F23113094A15490A4829F072F8EB
:106098003146144829F06EF840F2311147E787F38A
:1060A8001188BFF36F8FBDE8F08100BFF1B0040025
:1060B8001EB1040013AD040033B10400586C002075
:1060C800D6B1040075B104001DB20400F2B1040099
:1060D80035B2040038B204004FB204004081040015
:1060E80049B1040060B10400044608B5EFF3118318
:1060F800202383F31288BFF36F8F19F011FA20461B
:1061080006F016FF024829F01FF82AF069FDFCE79F
:1061180087B204002DE9F04F87B0836800AF9B0079
:106128000B3323F00703C7F80CD0ADEB030DE9469A
:106138006B464A469B080E463B61834629F0BAF9EE
:1061480009EB800858F8042C0446B2424FEA800351
:106158005DD13568012D4DD97268002A4AD00128D1
:10616800D8BF00203A6925F00105C8BF58F8080CC7
:10617800013443F822506B68002B4ED109EB840A96
:106188005AF8083C00284DD041682A46A1EB060C75
:10619800DCF1000141EB0C017B6129F0A8F97B6976
:1061A8009E4242D12A68336822F0010203F00103BB
:1061B800134333602B6803F0010333432B60736888
:1061C8005AF8042C6B600023736058F8043C48F8B4
:1061D800042C32684AF8043C2B6822F0010103F0D1
:1061E80001030B4333602B6802F0010223F0010323
:1061F80013432B603268012A2ED9012C22F00105A5
:1062080034DCCBF800502B6843F001032B60D7F83F
:106218000CD01C37BD46BDE8F08F49F824301D4628
:106228000134A8E7CBF80050BAE759683246481B52
:1062380041424141184629F05AF932682B6802F068
:10624800010123F001030B4333602B6822F00102A4
:1062580003F001031343B1E7012C756828DCCBF880
:106268000050002DCFD1CBF80850D0E7023C59F8A8
:10627800240041682A468C1B6142614129F037F9A4
:1062880032682B6812F0010F40F0F280D80700F155
:10629800ED807A4940F2ED13794A7A4828F06AFF8E
:1062A800794828F067FF40F2ED11754828F059FF4A
:1062B800A31E59F82300002DDBD112F0010200F0D3
:1062C800D08004F18043013B09EB830252F804AC0F
:1062D80059F82310DAF804507961A94202BFDAF8B4
:1062E80000504FF0010825F00105296818BF4FF04C
:1062F8000008C9071FD4214649F8235048467A6048
:10630800BB6029F0FDF8DAF800107B6921F0010183
:10631800CAF800107A6829685360BB6841F0010127
:1063280059F823A029600134B8F1000F28D0DAF811
:10633800005025F0010528686B68012820F001014C
:1063480002D90A68D20750D513B11A68D2071FD5E7
:106358007B699E4204D100224146504629F0C7F885
:106368002B6823F001032B60DAF80030D9070AD52F
:10637800013C012CA5D1D9F80030CBF8003046E714
:10638800DAF80450D7E743F00103CAF80030F2E71F
:10639800B8F1000F57D001282AD804F18041386994
:1063A80001398A0009EB810142F820504B604846C8
:1063B800611C7A60BB6029F0A3F82968BB6821F0EA
:1063C8000101296019687A6841F0010119603B6987
:1063D80052F82350B8F1000F3DD0296821F001018F
:1063E800D7E9043042F8230007E0B8F1000F29D0BC
:1063F8000A684FF00108D207CFD42B68DAF80020DA
:1064080023F0010302F0010213432B60DAF8003095
:10641800484643F00103CAF800300B6843F0010313
:106428000B6004F18043013B49F82350214629F0D1
:1064380067F87B699E429ED100224146504629F06A
:1064480056F898E72BB11A686FEA020818F00108A5
:1064580003D10B46A1E76968C2E719464FF0000867
:10646800CBE741688D1B69426941E8E7D10701D54F
:10647800DA0780D443F001032B607CE7D2B2040032
:10648800B0B2040013AD0400F4B20400F8B5064637
:10649800DDE906051C4629F02EF9D0E900139942DA
:1064A800B668026914D156F8213004B9DB4332EAE0
:1064B80003002BD022EA03025DB362BB1A491B48D2
:1064C80096231B4A28F056FE9621194828F049FEC3
:1064D80056F8217004B9FF4332EA070C02D022EAC9
:1064E8000702E9E756F8237004B9FF43426932EA24
:1064F800070008D0194622EA0702DDE756F82120EE
:1065080004B1D24322B901318B42F7D8012001E00E
:106518000DB90020F8BD92FAA2F2B2FA82F202EBAB
:1065280041122A60F5E700BF2FB3040013AD040041
:1065380007B304002DE9F04F0D46914604468BB091
:1065480058B9474940F2F513464A474828F012FE21
:1065580040F2F511434828F004FE03684BB943495B
:106568004FF4FB733F4A404828F004FE4FF4FB7198
:10657800F0E700F10C06EFF3118A202383F3128869
:10658800BFF36F8F304622F02BF860B98823384A62
:106598003849354828F0EEFD3146374828F0EAFDFD
:1065A80088213348D7E7304622F03EF8B9F1000F8A
:1065B8004AD0002D48D02068A84245D300226768F9
:1065C80097424FEA421B0DD0A36853F82230591C5A
:1065D80001D10132F4E72BB1DB4393FAA3F3B3FA09
:1065E80083F39B44A0EB050804AFC34502D96FF0C1
:1065F8001B0413E003ABCDE900732A460023594678
:106608002046FFF743FFD8B12046002401232A463D
:106618005946009729F08CF8C9F800B0304621F0A7
:10662800EDFFA0B940F23113114A14490E4828F081
:10663800A1FD3146124828F09DFD40F23111B0E726
:10664800039901F1010BD0E76FF01504E6E78AF32F
:106658001188BFF36F8F20460BB0BDE8F08F00BFE5
:1066680044B3040007B3040013AD04005CB3040092
:10667800F1B004001EB1040033B1040049B10400B4
:1066880060B104002DE9F0474C1E0E4690460546C1
:1066980088B0144458B9374940F28623364A3748F7
:1066A80028F068FD40F28621334828F05AFD036837
:1066B8004BB9334940F287232F4A304828F05AFD16
:1066C80040F28721F0E700F10C09EFF3118A20234B
:1066D80083F31288BFF36F8F484621F081FF60B9BA
:1066E8008823284A2849254828F044FD4946274850
:1066F80028F040FD88212348D7E7484621F094FF39
:1067080056B32B68B34227D3434525D9A34223D98F
:10671800002402AF012332464146284601940097DF
:10672800FFF7B4FED8B123463246414628460097C3
:1067380028F0FEFF484621F061FF98B940F2311376
:10674800104A13490D4828F015FD4946114828F00C
:1067580011FD40F23111CEE76FF01504EAE76FF052
:106768000D04E7E78AF31188BFF36F8F204608B05E
:10677800BDE8F08744B3040007B3040013AD040078
:106788005CB30400F1B004001EB1040033B104008E
:1067980049B1040060B104002DE9F84F0446A38B09
:1067A80008461907154612D4022803F0070165D1D7
:1067B800204629F020F888B10138042800F23781F2
:1067C800DFE810F05C0035018200D40004010128E4
:1067D8000CBF43F0100143F02001A183143420467C
:1067E80021F00CFF002840F09D819A4940F23113B6
:1067F800994A9A4828F0BEFC2146B1E003F0070206
:10680800501F01281ED80020062A2768C4E9000066
:1068180014D13A4603E0E08B0130E0831268002A85
:10682800F9D123F0070343F002022046A28328F09F
:10683800E2FF90B342F02002A2832EE023F0070388
:106848009AB2F2E7042A33D123F007039AB220461A
:10685800A28328F0D0FF10B142F02002A283A38BBC
:1068680003F00709894540F0EC80A18BCA0640F186
:10687800508121F01003A38301F00701D4F8188098
:10688800A38BB8F1000FB9DA0022276823F00703B9
:10689800C4E9002243F00103A383A38B03F0070993
:1068A800894540F0CF80002FDFD00026B24644E073
:1068B8006B4940F21B136B4A684828F05BFC40F2B6
:1068C8001B11684828F04DFC49B167494FF4AB7378
:1068D800644A624828F04EFC4FF4AB71F1E7236834
:1068E8004BB9624940F257135E4A5C4828F042FCB3
:1068F80040F25711E5E723691E684EB95C494FF429
:10690800AD73584A554828F035FC4FF4AD71D8E7B7
:106918000F4688464FF00609A38B23F0070343F080
:1069280006039BB2A383A268002A40F08D80002F43
:1069380040F08D80002E98D0BA4643F0080304F149
:10694800140B5846A38321F059FE002840F09A8082
:10695800404940F23113404A404828F00BFC594660
:10696800444828F007FC40F23111ADE0022909D073
:10697800414940F25D133B4A384828F0FBFB40F29E
:106988005D119EE7E78B4FB13C494FF4AF73354A31
:10699800324828F0EFFB4FF4AF7192E723695E6845
:1069A8004EB9334940F261132E4A2C4828F0E2FBD5
:1069B80040F2611185E7A38BB84623F0070343F043
:1069C80004039BB24FF00409A383ACE7012909D063
:1069D8002B494FF4B273234A204828F0CBFB4FF4DD
:1069E800B2716EE723684BB9204940F265131D4A1E
:1069F8001A4828F0BFFB40F2651162E723699E68D8
:106A08004EB91B494FF4B473164A144828F0B2FB28
:106A18004FF4B47155E70027A38BB84623F007035A
:106A280043F005039BB24FF00509A3837BE70C49AC
:106A380040F26B130B4A094828F09CFB40F26B119B
:106A48003FE7002700266EE74FF0010A75E79246F8
:106A580073E700BF49B10400F1B0040013AD0400AE
:106A6800821E050073B3040098B30400A4B30400A5
:106A7800C7B3040060B10400DEB30400F4B304003B
:106A880003B4040085F31188BFF36F8FBAF1000FC8
:106A98001CD177BB16B120462549B047EFF31185C5
:106AA800202383F31288BFF36F8F584621F098FD97
:106AB80038BB88231F4A2049204828F05BFB5946E9
:106AC8001F4828F057FB88211A48FBE6A1680029CF
:106AD800DFD00D680029DCD043464A462046D1F86D
:106AE80004A0D0471DB12B6829461D46F2E72B4666
:106AF800FAE7394643464A4620463F6828F0A7FE4B
:106B0800C7E7584621F090FDA38B23F00803A38321
:106B1800ABE68B067FF562AE21F02003A38301F07C
:106B2800070145E685F31188BFF36F8FBDE8F88F3D
:106B38004D6B0100F1B004001EB1040013AD040058
:106B480033B10400F8B504460D4600F11406EFF31E
:106B58001187202383F31288BFF36F8F304621F00B
:106B68003FFD68B988230C4A0C490D4828F002FB00
:106B780031460C4828F0FEFA8821074828F0F1FA37
:106B8800304621F051FDA5613A462046BDE8F8405F
:106B98000121FFF701BE00BFF1B004001EB10400DF
:106BA80013AD040033B104002DE9F04704460F4645
:106BB80028F03DFE051E68DB04F11409EFF3118A85
:106BC800202383F31288BFF36F8F484621F008FD16
:106BD800804660B98823384A3849394828F0CAFAC3
:106BE8004946384828F0C6FA8821334842E04846E2
:106BF80021F01AFD4FF6FF72E38BA68B934206F045
:106C0800070645D0022E15D135460133E3834846A1
:106C180021F0F4FC002841D140F23113264A2A49D8
:106C2800274828F0A7FA4946284828F0A3FA40F24E
:106C38003111DAE7062E13D8DFE806F0092D121213
:106C4800090409006FF085054FF00008DFE700230D
:106C58003B60636883B9C4E9007786B13546F3E7DA
:106C68001B4917484FF4E4731A4A28F083FA4FF483
:106C7800E471184828F075FA1F606760EDE752461E
:106C880002212046FFF788FD35462846BDE8F087F3
:106C98006FF00A05D8E76FF00405D5E78AF3118885
:106CA800BFF36F8FB8F1000FEFD00023324639469B
:106CB800204628F0CCFDE8E7F1B004001EB104003E
:106CC80013AD040033B1040049B1040060B10400FD
:106CD80003B4040073B30400F8B5054600F11406C4
:106CE800EFF31187202383F31288BFF36F8F3046A9
:106CF80021F076FC60B98823254A2649264828F0E1
:106D080039FA3146254828F035FA882120482BE001
:106D1800304621F089FCAC8B04F00704022C17D014
:106D2800012C0CBF6FF004046FF08504304621F08D
:106D380065FC38BB40F23113154A1949164828F04A
:106D480019FA3146174828F015FA40F23111DDE7F3
:106D5800EB8B5BB91449104840F2EF13134A28F043
:106D680009FA40F2EF11114828F0FBF9013B9BB2F8
:106D7800EB83002BDAD13A4621462846FFF70CFD73
:106D88002046F8BD87F31188BFF36F8FF8E700BF7F
:106D9800F1B004001EB1040013AD040033B10400C7
:106DA80049B1040060B1040019B4040073B30400CD
:106DB8002DE9F0410F460546002850D000294ED055
:106DC80000F11406EFF31188202383F31288BFF330
:106DD8006F8F304621F004FC60B98823214A22498C
:106DE800224828F0C7F93146214828F0C3F98821FC
:106DF8001C4817E0304621F017FC39462846AC8B72
:106E080028F0DEFC80B104F00704231F022B0DD903
:106E18001849164840F22D23174A28F0ABF940F2DA
:106E28002D21154828F09DF96FF07704304621F0A0
:106E3800E5FB68B940F231130A4A10490B4828F0BB
:106E480099F931460E4828F095F940F23111CFE70B
:106E580088F31188BFF36F8F2046BDE8F0816FF08B
:106E68001504F9E7F1B004001EB1040013AD0400E5
:106E780033B1040027B4040073B3040049B104001B
:106E880060B1040008B54268034602F00302022A12
:106E980081600AD0032A4FF0000103D0012A0AD1E9
:106EA800596006E01868596008BD186800225A60E1
:106EB80058B90020F8E7064906484523064A28F04D
:106EC80059F94521044828F04CF921F0B3FFF0E7BF
:106ED800821E050013AD04009EB404002DE9F341A1
:106EE80006460F4615464FF000082A46304601A9C7
:106EF80028F002FD044640B102463946019830F0B8
:106F0800A2F92D1BA0442744EFD142463046311D3B
:106F180028F010FD48B1074907484823074A28F0D8
:106F280029F94821054828F01CF9404602B0BDE877
:106F3800F08100BF26F8040013AD0400C4B40400B7
:106F48002DE9F34107460E4615464FF000082A463C
:106F5800384601A928F0DFFC044648B12EB10246A4
:106F68000199304630F06FF926442D1BA044EED12C
:106F78004246384607F10A0128F0DCFC48B10749C7
:106F880007486323074A28F0F5F86321054828F0E5
:106F9800E8F8404602B0BDE8F08100BF26F80400DA
:106FA80013AD0400C4B404002DE9F7430F460646A8
:106FB8000821C06A28F042FD80463C68DFF8489006
:106FC800241A3C6004EA0905AC4203D8002003B047
:106FD800BDE8F08308236A462146304628F0C4FC01
:106FE8000028F4D16946304628F032FD40B1BDF89A
:106FF8000230BDF8042005EA090513441D443C602D
:10700800A4EB0804E0E700BF0000FFFF73B50446E7
:107018004FF6FF72C06A082128F010FD002563684A
:107028000F4EADF800208DF80620A28919183340BC
:107038001344181A60606846ADF80210ADF80450A1
:1070480028F0F3FC6946204628F0C2FD2046211DA1
:1070580028F0C3FC284663683340A36002B070BDC3
:107068000000FFFF2DE9F04704468AB000F114073D
:1070780038462EF0A9FFA06A8368DB689847E0626B
:1070880050B9864A0121864828F0B4FC6FF01505EE
:1070980028460AB0BDE8F087A06A8368DB6898478D
:1070A8000368013B1F2B01D97E4AEBE7A06A2168E0
:1070B80007AA2CF007FA08B17B4AE3E7A5892DB1A6
:1070C800089BB5FBF3F203FB12550DB1774AD9E7DC
:1070D800E389012B01D8764AD4E7E36A029593F84D
:1070E80005904FF0FF334FF0FF3238461EF04EFB4D
:1070F8000821E06A28F0A2FCA8460646E3891FFAA0
:1071080085FA534508D8E389434523D138461EF00C
:107118000DFC6FF02C05BBE7A1892B04891B13FA22
:1071280081F14A4608232046029128F02BFC78B1C9
:10713800204602A928F051FC08F1010808234A4614
:10714800204602991FFA88F828F01CFC0028DAD09B
:107158000135D3E753450BD1029908234A46204607
:10716800891B28F00FFC18B9204602A928F035FC25
:10717800204602A9FFF718FF054618B138461EF049
:10718800D5FB85E7029B4FEA13484FEA084863603E
:10719800C4F80880D4E9011399420FD30823204684
:1071A80003AA28F0E1FB05460028E7D103AB13F852
:1071B800012B91453DD10135082DF8D16368204652
:1071C8001B0C1B0402A9029328F007FC4A46204620
:1071D800A389029928F0D6FB051ECFDB63687BD014
:1071E8004FF6FF7906EB0308A3891FFA88F29B1B69
:1071F8009A42CDF8088038D303212E4A284828F02F
:10720800F9FB2046616828F0F7FB05460028B5D150
:107218006368294AA18913400B44A3EB46036360C2
:1072280013402046A36028F0FBFC0546002D6FD0D4
:10723800A4E7204603A928F00BFC626810B9921B4A
:107248006260A7E7BDF81050BDF80E10E06AC4F8F8
:107258000880294428F0F2FB40449042A060EED117
:10726800002DECD06FF01C057DE008234146204638
:1072780005AA28F079FB054600287FF47FAF204651
:1072880005A928F0E5FB38B1BDF814304B4503D10A
:10729800BDF81830002B6CD0B044A5E703B5040046
:1072A800A880040025B5040042B504005AB50400BE
:1072B8006EB50400CBB504000000FFFF4A46204627
:1072C8005B1A28F05FFB051EFFF658AF08D0E26A8C
:1072D800A36812681344A360D4E901318B42EDD846
:1072E8006168A38901EB46029A429FD1DFF8A88022
:1072F800A26801EA08039A4298D0204628F07CFB4D
:10730800054600287FF43AAF636803EA0803A360E0
:10731800A389A288A3EB46039A4220D038461EF0E0
:1073280005FB0123A2892374E389032100921B48EA
:107338001B4A28F0EDFF63689AB200920321194AAC
:1073480016481B0C28F0E4FFA3689AB200920321A8
:10735800154A12481B0C28F0DBFF002598E620464A
:1073680028F047FC054638461EF0E0FA002DD8D034
:107378008EE60E4A0321094828F03CFB6368204644
:107388001B0C1B0402A9029328F027FB2046029934
:1073980028F032FB49E700BF0000FFFFA880040087
:1073A80091B50400A8B50400BAB50400F2B504000C
:1073B8002DE9F04F1D46037C91B0044602910092DE
:1073C80053B90121634A644828F014FB6FF00C0696
:1073D800304611B0BDE8F08FC26A0821104628F087
:1073E8002DFB29460190104628F028FBA389019A15
:1073F8000746A3EB8203AB42C0F0A9801DB1009BF6
:10740800002B00F0A48063680593204606AA05A90E
:10741800DDF814A028F059FB06460028D8D1BDF89D
:107428001830029A934206D06268059B9A42ECD1C2
:10743800002D36D1CCE7204606A928F009FB002804
:10744800F2D0BDF81A80BDF81C3045B39D4228D152
:107458004FEA1A4A4FEA0A4AD044AA46E36ADDF8D4
:1074680000B01B685B4203F020030393DDF80C9027
:107478004146D14528BFD14620464B4608AA28F0A8
:1074880073FA00284AD14A46584608A92FF00AFF3D
:1074980038B9BAEB090AC844CB44E7D198E7002BBE
:1074A80096D0002F3DD1B84604F1140A4FF0FF32B0
:1074B8004FF0FF3350461EF069F9E3899E4243D0EE
:1074C800A168626808EB01039A422FD3029B204609
:1074D800ADF82030FF23009A8DF826302B46ADF802
:1074E8002210ADF8245028F03AFB29460746E06AF6
:1074F80028F0A4FAA3680344A36057B908A828F0A1
:1075080094FA204608A928F063FB002814BF074610
:107518002F4650461EF00AFA3E4659E7C1DC064699
:1075280056E7019B1F441FFA87F8BDE72046FFF77F
:107538006DFD07460028ECD1204628F071FB074670
:107548000028E6D10136B8E76FF01B07E1E76FF0D6
:1075580015063DE7EFB40400A88004002DE9FF47B5
:107568001E46037C04460F469046BDF830904BB942
:107578002C4801212C4A28F03DFA6FF00C0004B089
:10758800BDE8F0870821C06A28F058FAA389A3EB60
:107598004003B34243D30025D4F804A0CDF804A097
:1075A8004D455146DDF804A009D9636853451ED1FD
:1075B800BDF80830BB421AD06FF00100DFE7204663
:1075C80002AA01A928F081FA0028D8D1BDF808300C
:1075D800BB4206D1204602A928F03AFA08B1013583
:1075E800ADB26268019B9A42DAD15146E0E7BDF834
:1075F8000C30002BE0D0A945DED8BDF80A00090CF4
:10760800B3424FEA014128BF33460144424620466F
:1076180028F0AAF90028B2D1BDF80C00AFE76FF046
:107628001500ACE7A8800400EFB4040010B530B929
:107638000B480C4928F0CCFB6FF0150010BD83688F
:1076480033B90748084928F0C3FB6FF00400F5E791
:107658001B6813B1BDE8104018471846EEE700BF95
:10766800C08004000EB604001FB6040010B530B97F
:107678000B480C4928F0ACFB6FF0150010BD83686F
:1076880033B90748084928F0A3FB6FF00400F5E771
:107698005B6813B1BDE8104018471846EEE700BF15
:1076A800C08004000EB604001FB6040070B508B10F
:1076B80001B132B90B480C4928F08AFB6FF015006C
:1076C80070BD84680CB1E56835B90648074928F0EB
:1076D8007FFB6FF00400F3E741F8040BE368BDE8B3
:1076E80070401847C08004003DB604001FB604006F
:1076F80010B5044630B91048104928F069FB6FF0FE
:10770800150010BD006830B90B480D4928F060FB22
:107718006FF00100F5E783680BB11B6933B90648C0
:10772800084928F055FB6FF00400EAE761689847BC
:107738000028E6D12060E4E7C080040069B60400B0
:107748007AB604001FB6040070B51346044630B973
:107758001048114928F03CFB6FF0150070BD006817
:1077680030B90C480D4928F033FB6FF00100F5E7FC
:1077780082680AB1956835B90648094928F028FB96
:107788006FF00400EAE70A46AC466168BDE870405D
:10779800604700BFC080040069B604007AB60400E0
:1077A8001FB60400034A13680BB95268136000201F
:1077B800704700BF2429002030B50C460E4985B01B
:1077C8000291D0F8D4110546CDE9003100F1F0015D
:1077D8004FF0FF3320461CF035FF50B9012384F8E1
:1077E8006C30D5F8D03123B1204605B0BDE8304023
:1077F800184705B030BD00BFD1FE030038B50C46B0
:107808001146054628F062FB034638B92846044964
:1078180028F05CFB03460020236038BD0120FBE70D
:1078280037B204002DE9F04F012381460569466807
:1078380087B005F55D77D7E8EF2F002A03D1C7E8B1
:10784800E13F0029F7D10CBF1A46002240F0B08072
:10785800B368B16A05F5F8781C1F104628F0BDFB1F
:1078680084426ED8013A00F09D80B2FA82F24FF05D
:107878000044D44072682046073222F00302C5F85B
:107888003C22B16A28F0A9FBC5F84002B36A404619
:107898006343033323F0030302EB4302230103EBA7
:1078A8004403093323F0030303EBC403C5F834226C
:1078B8001A440832C5F830227368C5F83842C5F84A
:1078C8002C323D4BC5E9AD63316800F0E5F904465B
:1078D800002834D1D9F810B0D9F804A0D9F800306C
:1078E8000BF53479059004934846DAE90734012BFF
:1078F80008BF103C1FF004F8DAF824002F4904AB45
:1079080001EB80214FF480624846009323461FF024
:1079180011F82B490BF530701EF0CEFDDAE90501A0
:1079280083685C684CB15B46264AA047044630B978
:10793800DAE9050183681B692BB96FF05704002148
:1079480029E0013289E70122984704460028F6D148
:107958001D4B2846C5F8D0311C4BC5F8D4311C4BFB
:107968000393D5F840320293D5F83C32CDE9008331
:1079780005F51173B26AD5F8701300F055F904468D
:107988000028DCD105F1F0001CF002FF0028C5F842
:1079980078030ADB0221384628F0CCFA204607B0E3
:1079A800BDE8F08F6FF00B04C9E76FF01504C6E768
:1079B8006FF07704F2E700BF27FF0300009900206B
:1079C8000DFF030001FF0300DD790100B900040089
:1079D8006DFF030013B5044640B100230122CDE931
:1079E8000032074BD0E909121CF000FE236F1B6818
:1079F80023B1606F02B0BDE81040184702B010BD57
:107A080037B2040013B504460846216901F55D71D3
:107A1800D1E8AF1F022910D193B1A0B10121CDE95E
:107A280000311346D0E909121CF0E0FD074B9842DB
:107A380008BF6FF00B0002B010BD6FF00F00FAE73F
:107A48006FF04C00F7E76FF00100F4E72EF8FFFF46
:107A58002DE9F34789461546066906F55D73D3E8AF
:107A6800AF3F022B64D1136823B96FF0150002B041
:107A7800BDE8F0871B78002BF7D0D6F870A3BAF1D1
:107A8800000F36D106F5EC774FF0FF324FF0FF3399
:107A980038461DF07BFE30462A6801A9FFF7AEFE86
:107AA800019C80461CB9384628F042FADDE705F10A
:107AB80008032367AB6984F86CA06367646460B1EA
:107AC800384628F035FA21463046A36E2A68FFF773
:107AD80073FE0020C9F80040C9E71F22296804F195
:107AE80048002FF001FC384684F8678028F020FA17
:107AF800EFE73046104928F0E9F904460028B4D0E9
:107B0800002705F108030367AB6980F86C704367C9
:107B180040641F22296848302FF0E6FB22460121E5
:107B2800304684F8677000F061F80028D1D09CE7EF
:107B38006FF00F009BE700BF37B2040010B50C468A
:107B4800006900F55D73D3E8AF3F022B0FD189B10F
:107B58000A4900F530701EF0DDFD20462DF0AEFB21
:107B68007822002120462FF095FB002010BD6FF0F1
:107B78000F00FBE76FF00100F8E700BF1C4F002083
:107B88002DE9F04F05460E4690460027D0F8C4A0D0
:107B980085B0AAF5BE7421463046FAF7FBF8E0B97D
:107BA800114BA4F1480B0293DAF810303246CDE9B4
:107BB800008329464FF0FF335846AAF5E2791CF0B6
:107BC80041FD60B97823012203FB079383F86C20F9
:107BD800DAF80C300BB158469847783417B105B02D
:107BE800BDE8F08F0127D6E7E70004001FB514466B
:107BF80090B18AB1012912D10A4B00F1F001029328
:107C0800D0F8D431483201934FF0FF332046009327
:107C18001CF018FD04B010BD6FF01500FAE7002045
:107C2800F8E700BFE70004002DE9F04387B00E46EF
:107C3800DDE90E811446DDE910251F4630B329B36E
:107C4800DFF850C000F1F009002D08BF65469EB965
:107C5800CDE9034400F5E274204605962DF0E6FCD4
:107C680003ABCDE900432A463B46414648461CF053
:107C78004BFF07B0BDE8F083002241460E9248460C
:107C88002A4607B0BDE8F0431DF08EB86FF0150026
:107C9800EFE700BF897B0100F0B504462B4A87B0A7
:107CA80004AB0E4692E8030083E80300002C49D099
:107CB80018461CF0A1FB0546B0B94FF0FF33E16C44
:107CC80004F15407A163CDE9010000933846236D00
:107CD80004F138022CF0A4FFA06C28F02FFAC4F8A5
:107CE800BC0020B96FF00B05284607B0F0BDA06CAA
:107CF80028F024FAC4F8C0000028F3D0236CD4F884
:107D0800BC10C4F890300423C4F89430C4F8AC30E4
:107D18000223E3620E4BB4F84820C4F88C10616C5F
:107D2800236204F18C03C4F8A070A4F89820C4F866
:107D3800B870C4F8A810A4F8B020C4F8A400A661CC
:107D48002363D1E76FF01505CEE700BF94820400E6
:107D5800DC83040030B5002289B00F490F482EF0AB
:107D6800A4FA4FF4003200230024CDE906230E23A1
:107D78000B4DCDE903344FF400622846CDE90144A8
:107D8800084B094900941FF021FA084928462EF0AB
:107D9800CFF9204609B030BD017F010040410020E5
:107DA800B83C00203D820100009D00209FB60400E1
:107DB8002DE9F047044607464FF00109DFF85080E7
:107DC80014B93846BDE8F08794FAA4F5B5FA85F5F4
:107DD80009FA05F32E0108EB05156FEA030A24EAF0
:107DE80003042B7B002BEBD058F806301B694BB9EA
:107DF8004644736804222846196807EA0A0728F0E7
:107E080005FADDE7284698470028D9D1F0E700BFF2
:107E1800A88104002DE9F047DFF8BC902F4C80467C
:107E2800A9EB04038F2B0F460BD92D494FF4A773E9
:107E38002C4A2D4827F09EF94FF4A771294827F0BE
:107E480090F92A4828F0C6F9064678B3002528464E
:107E5800BDE8F087237B83B12368DB680BB120463C
:107E68009847636883F806A023681B69B3B96368F9
:107E780004222046196828F0C9F9013610344C4507
:107E880018D91B494FF4AD73164A174827F072F9F1
:107E9800184827F06FF94FF4AD71CFE7204698479F
:107EA8000028E4D00AFA06F31D43E6E705464FF03A
:107EB800010AE4E7CED3B8F1000FC8D0002DC5D031
:107EC8002846FFF775FF0546002FF7D000214FF42D
:107ED800A47020F059F8F1E7C8810400A8810400D3
:107EE800D4B60400A7B6040013AD0400584F002010
:107EF80004B70400B7B1040001481DF05BBF00BF20
:107F080000310020014B53F8200070471C84040006
:107F180008B5034608462BB1044A136000F0AEFDCD
:107F2800002008BD6FF01500FBE700BF50290020B6
:107F380010B5044C237813B903481DF03BFF012307
:107F4800237010BD517D00200031002010B504467B
:107F5800094828F03FF93CB1084BD3E8EF1F013935
:107F6800C3E8E21F002AF8D105482EF0AAF9BDE8B7
:107F7800104004481DF01EBF504F0020544F0020F1
:107F8800404100200031002000200146034BD3E887
:107F9800EF0FC3E8E21F002AF9D17047504F0020C5
:107FA80070B5FFF7F1FF05460F4C104EB44219D9D2
:107FB8000F4940F20E230F4A0F4827F0DBF80F480D
:107FC80027F0D8F840F20E210A4827F0CAF863686B
:107FD8005B792BB123685B6813B129462046984723
:107FE8001034E3E7F3D370BDA8810400C88104000E
:107FF80004B70400A7B6040013AD0400B7B1040029
:1080080010B5044C04492046FDF7A6FB034B1C6041
:1080180010BD00BFA02E002008840400444F00209B
:108028000023154A10B51370144A4FF40041136029
:10803800134A14481360FFF76BFFFFF7E1FF124B79
:10804800124918468B4215D9114940F22913114A91
:10805800114827F08FF8114827F08CF840F22911C1
:108068000C4827F07EF81A1A5C6812110132227146
:108078001033E7E7F7D310BD527D0020504F0020A2
:10808800544F0020D9010400A8810400C8810400CD
:1080980004B70400A7B6040013AD0400B7B1040088
:1080A8000146002200230148FDF788BBA02E0020CE
:1080B8000148FDF79FBC00BFA02E0020024B0146DF
:1080C8001868FDF71FBD00BF444F00200148FDF7A9
:1080D8008BBD00BFA02E002070B52F4B187800284C
:1080E80059D0FFF7E5FF0546002844D12B4B2C4C0F
:1080F8001B68002B19DD2EF091F84FF47A72A0FB63
:10810800020302FB0131C30B43EA4143D4E90020D7
:108118009B1A40F2E9324FEAD13161EB00019342F8
:1081280071F1000101D3FFF73BFFD4E9003213F5E9
:108138007A7342F10002C4E90032BDE87040FFF7EB
:10814800C5BF63685B7923B12368294620461B684D
:1081580098471034B44211D9124940F20223124A06
:10816800124827F007F8124827F004F840F20221D5
:108178000D4826F0F6FF0F4C0F4EEBE7E1D32846EB
:10818800FFF79CFF0D4BD3E8EF1F0139C3E8E21F4F
:10819800002AABD0F7E770BD517D0020504F00207A
:1081A8003841002004B70400A7B6040013AD04004A
:1081B800B7B10400A8810400C8810400544F00200E
:1081C80070B5154D297829BB0120FFF723FE134C04
:1081D800134EB44217D9134940F2C713124A134831
:1081E80026F0C8FF124826F0C5FF40F2C7110E4816
:1081F80026F0B7FF63685B791BB1236820469B684C
:1082080098471034E5E7F5D3FFF766FF0028FBD160
:1082180001232B7070BD00BF527D0020A88104008F
:10822800C881040004B70400A7B6040013AD040015
:10823800B7B104002DE9F047304B314FFB1A1B0949
:108248000BD1304940F2AB332F4A304826F092FF29
:1082580040F2AB312C4826F084FF00210846FFF796
:10826800D9FD044650B340F267684FF000092FF07B
:1082780039F9274B274A1B58136033B1264B1B6823
:10828800092B02DD25481DF095FD0025DFF88CA09F
:1082980044B12046FFF78CFD044618B94FF0FF386B
:1082A8004FF0FF39FFF718FF064628B95DB9424677
:1082B8004B4650461DF002FE3546E9E74FF0FF38C1
:1082C8004FF0FF39D3E70D4D08E0F0D22B689B69DA
:1082D8001BB100222846114698471035BD42F4D9F3
:1082E8000F4940F29F33084A084826F043FF0D48DB
:1082F80026F040FF40F29F31ACE700BFA8810400A0
:10830800C881040025B70400A7B6040013AD040013
:10831800080000004C4F0020544F0020003100207E
:1083280004B70400B7B1040013B52C4827F052FF76
:108338002B4B1B78002B35D0EFF31184202383F3CC
:108348001288BFF36F8F274820F04AF968B988234D
:10835800254A2649264826F00DFF2249254826F0B9
:1083680009FF8821204826F0FCFE1E4820F05CF911
:10837800FFF7B2FE1B4820F041F968B940F231130B
:10838800194A1D491A4826F0F5FE16491B4826F0D9
:10839800F1FE40F23111E5E784F31188BFF36F8FE6
:1083A80002B010BD164B1B68002BF9D050B9002243
:1083B80000231448CDE900234FF40042002320F0A5
:1083C80071FCEDE70928EBD10E482DF07AFF0E4835
:1083D80002B0BDE810401DF0EDBC00BF544F0020B6
:1083E800527D0020484F0020F1B004001EB1040067
:1083F80013AD040033B1040049B1040060B10400B6
:108408004C4F0020404100200031002010B5064BA1
:1084180004461B6898472146A0600448FDF792FA75
:10842800BDE81040FFF780BF50290020A02E002093
:10843800044A054B9B1AB1EBD30F34BF52F83100F5
:1084480000207047807F0400A88104002DE9F04FC8
:108458008FB0C1F34A2804AF0D469146B8607B60DF
:108468000C0DB8F1000F68D000264FF0040B4FF048
:108478000A0A07F11403C7F80C80C7E907667E6289
:108488000193CDF808B0CDF800A007F11C033246DF
:108498004846F968FCF704FFB0F5006F03461CD3A3
:1084A8006C468AB0D9F8041004AB2C481A46C3E9C4
:1084B800050140F2FF71D9614FF400711984284B0E
:1084C80042F8103F4FF4125133462648FFF7BEFFDB
:1084D800A5462C37BD46BDE8F08FC0F30A0804F165
:1084E8001700184420F0070080083B60FFF7D8FD0C
:1084F80068F35325044640B33B6800F11001C7E90F
:10850800083607F11403F961CDE900A3CDF808B0E6
:108518004846154AF96807F11C03FCF7C1FE002814
:1085280013DA124912484FF4A373124A26F022FEB6
:108538004FF4A3710F4826F014FE04F1170020F041
:1085480007008008FFF7ACFD044668F353252A4668
:1085580020467B68B96827F078FEBAE74EB7040072
:1085680004000001C880040027020400BAB7040010
:1085780013AD04008DB704002DE9F04F87B0044611
:10858800DDE9106ADDE9127993469846039127B32D
:108598003B46524610210020CDF80090CDF81490AB
:1085A800FCF762FC051E0BDA264940F26513264AE1
:1085B800264826F0DFFD40F26511234826F0D1FD5C
:1085C800B5F5006F0ADB40F2FF730221204A21480B
:1085D80007B0BDE8F04F27F091BE3D4606F1170001
:1085E800284420F007008008FFF75AFD04F007042C
:1085F8000BF0070BE40044EA8B1444EA452444EAF0
:1086080006540646A0B19FB13B4652462946CDF8CE
:1086180000901030FCF728FC002809DA09494FF4CB
:10862800C473094A094826F0A5FD4FF4C471C4E78C
:10863800434622463046039907B0BDE8F04F27F07D
:1086480004BE00BFB9B704008DB7040013AD040021
:10865800C3B70400C8800400406820B1034BC01AA7
:1086680040F3CF0070474FF0FF307047807F040021
:108678000EB403B503AB53F8042B01460448019329
:1086880003F010FF02B05DF804EB03B0704700BFC1
:10869800B9860100CA0605D48B064CBF02490349B6
:1086A800FFF7E6BF704700BF36B20400359C0400F0
:1086B80038B54B6805461A68CB680C469A4202D111
:1086C800084627F03FFE6368D3E8EF2F511CC3E844
:1086D800E01F0028F8D1A3689D5463681A68E3680E
:1086E8009A4209D9054906487223064A26F042FDEE
:1086F8007221044826F035FD002038BD2AB8040050
:1087080013AD0400FBB704002DE9F04F89B09B4678
:10871800149B9DF84CA00693159B04460593169B45
:108728000D469046179E0493BAF1000F00F0AD80F5
:10873800BAF1040F0BD9A34940F24623A24AA34831
:1087480026F018FD40F246219F4826F00AFD06F45F
:108758008073079327F058FD06F0020902460028A7
:108768003FD020469A49FFF783FF0746B9F1000F2B
:1087780008D016F0440F36D12A4620469549FFF70F
:1087880077FF074406F0010353B1934B204653F893
:108798002A20924B9249002A08BF1A46FFF768FF21
:1087A80006F48073002B4AD006F00803002B64D12E
:1087B800B8F1000F67D0424620468A49FFF758FFB4
:1087C8000546069B3D44002B6ED1049B002B40F0D0
:1087D8008380F30700F1F08031462046FFF75AFF07
:1087E800E4E00746C2E7804B18680028C9D07F4BF1
:1087F8004FF47A791B684FF03C0CB5FBF3F5B5FBE9
:10880800F0F14FF4616300FB115509FB05F5B1FB6D
:10881800F3F2B5FBF0FE03FB121100FB1E55B1FB92
:10882800FCF309FB05F5B5FBF0F50CFB131120462D
:108838000091CDE901E56E49FFF71AFFA1E706F0BF
:108848000803EBB16B4B204653F82A206A49FFF71F
:108858000FFF0546B8F1000F05D042462046614992
:10886800FFF706FF0544BBF1000FAAD05A46204681
:108878006249FFF7FDFE0544A3E74FF0000BE1E76F
:1088880006F00805E6E745469BE7BBF1010F069BA6
:1088980006D1DBB9049B002B00F0888000251BE083
:1088A800002BF7D0564812E056482246069B5649F8
:1088B80026F0F0FB00280CDA54494FF42873424A9A
:1088C800424826F057FC4FF428713DE74D4855467D
:1088D800EBE7049B002B65D0DFF83481DFF8349197
:1088E800049F3146102F204628BF10274FF0000B59
:1088F800FFF7D0FE5D4542DC059B494620461A78C5
:10890800FFF7B6FE4FF0010B1BF0070F03D14146EE
:108918002046FFF7ADFE5F4538D9059B49462046FE
:1089280013F80B20FFF7A4FE0BF1010BBBF1100F9E
:10893800EAD14FF0000B20463749FFF799FE5A4617
:10894800059B20469A5CA2F120015F2928BF2E22B0
:108958003249FFF78DFE0BF1010BBBF1100F1AD056
:108968001BF0070F03D141462046FFF781FE5F4504
:108978005A46E5D841462046FFF77AFEEBE74146DE
:108988002046FFF775FE0BF1010BB3E7204624499B
:10899800FFF76EFEC8E7059B3B440593049BDB1B72
:1089A80004939DD1BAF1000F7FF413AF204609B0AC
:1089B800BDE8F04F27F0C6BC2046084A0849FFF733
:1089C80057FE09E75FB80400FBB7040013AD0400C5
:1089D8006AB804006EB804002C8404005AB8040075
:1089E800D5D8040093B80400604F00205C4F0020E5
:1089F80077B804004084040097B804009DB80400C8
:108A080067030400B9860100ADC40100A2B80400E0
:108A180063380500ABB80400B1B80400B3B804006B
:108A28006138050042F20F7373B58B4228BF0B46BD
:108A380005680446052168460D4A25F04FFC0646A0
:108A4800636828460B225B680A4927F06DFC636857
:108A58003246694628465B6827F066FC63681B2235
:108A680028465B68044927F05FFC02B070BD00BF70
:108A780016030500D2B80400B6B80400002101238B
:108A8800064A904206D8064A01B901231360054BED
:108A980018607047012140085B00F2E740420F0070
:108AA8005C4F0020604F00200122014B1A70704774
:108AB800537D0020014B002019607047784F00203B
:108AC8000148FFF7AFBF00BF7084040010B5064B24
:108AD8000C461868FFF716FA2146BDE81040034611
:108AE8000F220248184700BF784F00207084040006
:108AF8000122F8B5084B094D094E1A70D5E900470F
:108B08000CB92C60F8BD214630463A4600F01EF8F4
:108B1800241A0644F4E700BF547D00206C4F00205F
:108B2800557D002010B9074B18707047064B1B780D
:108B38001BB141F288302DF0DAB9A42000211FF0D2
:108B480023BA00BF537D0020547D00202DE9F04753
:108B580080460E460424DFF874901D4F99F80050A3
:108B6800A5B92CF0A1FD32468246414628461CF0A4
:108B780061F9054650462CF09FFDE5B101233B7095
:108B880099F8003073B93046BDE8F087324641465F
:108B980000201CF04FF90546EFE72046651EFFF759
:108BA800C1FF2C4600201CF089F90028EBD03B7847
:108BB800002BF2D1E7E73B78002BE4D0013C2046BC
:108BC800FFF7B0FF3B78002BC8D1DCE7547D0020CD
:108BD800537D0020F8B50D460446064F4618B442AA
:108BE80001D12846F8BD14F8011BBB680148DB69B0
:108BF8009847F4E70877040010B543681C680948EB
:108C08002DF079F948B9084908489923084A26F007
:108C1800B1FA9921064826F0A4FA23685B685C60DB
:108C280010BD00BF087704004CB9040013AD040060
:108C38000EB90400014B036000207047B48404009F
:108C480070B5104B0D461C68B4B10F4B1968002362
:108C58008B4202DB6FF0010070BD224612F8106BE8
:108C6800864202D014460133F2E7E0682DF043F95A
:108C780028B100202C60EFE76FF00C00ECE76FF0F4
:108C88001200E9E7582A00205885040010B5436807
:108C980088B0029383680C46CDE9033200230A6842
:108CA800C068CDE90623054901AA05932AF00EFC00
:108CB800079808B9059B236008B010BD4505040056
:108CC80010B504460121034A034827F00EFB002093
:108CD800606010BD80B90400A07F0400F0B583680F
:108CE800054687B0002B65D0D0E90467016A334494
:108CF8008B4211D98269934251D8C06803AA39447A
:108D08002AF0E0FB044628B303463C4A01213C48CC
:108D180027F0F4FA002C2CDB6A6AAB68B3FBF2F498
:108D280002FB14343CB12868141B224695F828101D
:108D380018442EF0AFFAAB68E8682A683E4423442A
:108D480081684C683146A047044658B32D4A03460B
:108D5800009612E0E868DDE9031283689B689BB916
:108D68006FF057030121284A254827F0C7FA6FF00A
:108D78005704AB6800932346244A0121204827F072
:108D8800C7FA204607B0F0BD9847044610B11E4AFE
:108D98000346BBE72B6A049A13442B62BCE76FF0C7
:108DA8002104E6E7EB695BB92B69AA6813442B61D8
:108DB8000023AB600024E4E7135DDB431355013463
:108DC800AB682A68A342F7D8E86881680C6831461E
:108DD800A047044630B103460D4A0121084827F050
:108DE8008DFACEE73246EB69A968286898470446A9
:108DF8000028D9D0074A0346EFE700BFA0B904000E
:108E0800A07F040009BA0400C1B90400DDB9040058
:108E18002DBA040043BA04002DE9F3470E46DDE9F4
:108E28000AA891461F46044680B179B172B18B6891
:108E38000846DB6898470368B7FBF3F203FB127236
:108E48004AB11F4A01211F4827F04FFA6FF00D0061
:108E580002B0BDE8F087BAFBF3F203FB12A20AB135
:108E6800194AEFE7B8F1000F04D0B8FBF3F503FB9C
:108E780015850DB1154AE5E7C4E90097C4E905A8C9
:108E8800E6602561A56003686A4663620C9B104929
:108E9800C4E907354379304684F82830CDE90075B0
:108EA8002AF014FB019A0AB90A4ACBE7D4E905313A
:108EB8000B449A4201D2084AC4E72846C8E700BFD3
:108EC80057BA0400A07F04008EBA0400A2BA0400B6
:108ED800BB050400B4BA0400D0BA040010B50446B7
:108EE8002AF00AFA10F1780F00D050B9204627F07E
:108EF800B2FB044AD2F8C43023EA00030020C2F8C7
:108F0800C43010BDA84F00202DE9F04705460E4695
:108F180017461B4CDFF86C80DFF86C90444529D964
:108F28001A494FF4BB631A4A1A4826F023F91A481B
:108F380026F020F94FF4BB61154826F012F9626853
:108F4800D9F824309A4213D3A3698BB1A9889078B1
:108F5800C9B2884205D13A4631462846BDE8F047AD
:108F680018475279012A03D13A463146284698478C
:108F78002434D3E7E3D36FF08500BDE8F08700BF62
:108F880094340020DC340020A84F002035BB0400B6
:108F980003BB040013AD0400B7B104002DE9F04190
:108FA800154B164F5E6A164BBB421FD9154940F246
:108FB800BB53154A154826F0DDF8154826F0DAF8AF
:108FC80040F2BB51104826F0CCF85C68B4420BD391
:108FD8001D694DB194F802C08488E4B2A44503D158
:108FE8002B46BDE8F04118472433DDE7EDD36FF099
:108FF8008500BDE8F08100BFA84F0020DC340020C8
:109008009434002035BB040003BB040013AD0400F6
:10901800B7B104000022024B1A605A60704700BFC3
:10902800635000202DE9F04105460E461746124CC4
:10903800DFF8488044451AD911494FF4C163114AF1
:10904800114826F097F8114826F094F84FF4C161BA
:109058000C4826F086F863690BB92434EAE73A46E7
:109068003146284698470028F7D1BDE8F081F2D369
:109078006FF08500F9E700BF94340020DC3400204D
:1090880035BB040003BB040013AD0400B7B10400F2
:10909800430670B520D0134B134CA3421ED9134975
:1090A8004FF47D73124A134826F064F8124826F0EC
:1090B80061F84FF47D710E4826F053F80022196AC2
:1090C8001E7F0439D5B2AE4201D82433E5E7013218
:1090D80011F832508542F5D1012001E0EED300208D
:1090E80070BD00BF94340020DC34002035BB040080
:1090F80003BB040013AD0400B7B10400F7B58488BE
:109108000F46E4B220468DF80740FFF7C1FF054639
:1091180080B114F07F0F0E4E02D096F8BA30ABB182
:10912800204657B10FF0E8FEF3691BB108200DF196
:1091380007019847284603B0F0BD0FF00FFFF36909
:10914800002BF7D009200DF10701F2E71D46F1E7E2
:10915800A84F002008B509480378C3F341130A3320
:1091680050F823303BB100F1080200F11001984794
:10917800C043C00F08BD1846FCE700BFA84F002039
:1091880004282DE9F14F04460F46DFF8D0901AD095
:10919800012831D1DFF8C88098F8B93063B300F0FE
:1091A8003FFE304D4D4537D92F4940F2C2432F4A33
:1091B8002F4825F0DFFF2F4825F0DCFF40F2C241A1
:1091C8002A4825F0CEFFFFF725FFE3E70BEBC6069D
:1091D80030792AF091F80246307927F03CFAD8F82D
:1091E800C430002A23EA0003C8F8C4300AF1010A8F
:1091F80017DA002388F8B9301A4D4D4520D91A4995
:1092080040F2EE43194A1A4825F0B4FF194825F0F0
:10921800B1FF40F2EE41D3E7EBD24FF0000AD5F8A8
:1092280020B02B7F5FFA8AF6B342CFD82435B9E74E
:10923800EB681BB13A462146284698472435DCE7B7
:10924800F6D3074B1B6A2BB13946204601B0BDE85F
:10925800F04F184701B0BDE8F08F00BFDC340020A4
:10926800A84F00209434002035BB040003BB040041
:1092780013AD0400B7B1040073B586781E4C8DF8A1
:1092880000600379427943EA0223ADF80230C378DB
:10929800304603F003038DF8043027F0DCF9D4F8E6
:1092A800C430054618420BD0304600F09BFD3046CE
:1092B800FFF714FE2CF036FF10B996201EF0A8FE1A
:1092C80068460FF0EBFD10F1780F03D010B10020C5
:1092D80002B070BD9DF800000FF07CFE10F1780F11
:1092E80001D00028F3D10120D4F8C43084F8B900A3
:1092F8002B43C4F8C430EBE7A84F00202DE9F04712
:10930800A44D0446AB690E461746C3B9207800F051
:109318001F00012877D0022800F0DE8000BB94F9F6
:1093280000103A68002963782EDA062B0CD0082B37
:1093380025D0ABB9537001231370022306E1984777
:109348000028E3D100200DE06388190A0A1F012ACA
:109358008C4605D9072903D8DAB26B6A1C781CB980
:109368006FF01500BDE8F0875D78654503D182424E
:1093780000F0E78001302344F0E71B78E6E095F839
:10938800BA3013700123E1E0052B11D0092BE7D186
:1093980063886E6A002B33D1FFF73CFE638885F83B
:1093A800BA30EB69002BCDD003207B499847C9E739
:1093B8006088C0B20FF018FD0028C3D0D0E77378DA
:1093C800042B10D0052B11D0022B04D17779638898
:1093D800BB4208BF012033781E443378002BEED1FE
:1093E8000028BDD0D8E796F80380F4E76388BB422D
:1093F800F1D1B8F1000FEED13046FFF73DFFEAE7B3
:10940800FF27B846E9E795F8BA30D7F800C0002B2F
:10941800A6D06F6AA2883B465FFA82FE18780028B9
:109428009ED05978022904D193F80480F04500F2BF
:109438008F800344F2E78CF800308CF801303160FB
:1094480080E71F4490E00B2B8AD100264FF0FF08DD
:10945800B246C14606E07B78042B0FD0052B21D0FD
:109468003B781F443B78002BF5D1EB6913B151468B
:1094780007209847002E7FF465AF71E797F80280C0
:10948800A38897F803909845EAD163889945E7D16E
:10949800B8F1070F1DD805EB0803BA46012683F873
:1094A800BB90DDE7A3884345DAD16388DBB24B453F
:1094B8000AD0BE78304600F095FC3046FFF70EFD26
:1094C800B0FA80F67609CBE73846FFF7D5FE0646B0
:1094D800C6E7BA460026C3E794F900206378002A55
:1094E80019DA002B7FF43CAFA4883F68E4B2204629
:1094F800FFF7CEFD00283FF433AF630604D095F89C
:10950800BA30002B3FF42CAF394620460FF046FD09
:1095180000237B7011E7012B08D0032B7FF420AFC9
:109528006388002B7FF41CAF012103E061880029C8
:109538007FF416AF2046FFF7E1FD00287FF402AF65
:109548000EE702293B607FF418AF5B883360F9E6C9
:1095580094F9000063780028BFF675AF002B3FF43C
:109568006AAF0A2B7FF4FCAE3B78002B3FF4F8AED1
:10957800797804297FF465AFB9788A427FF461AFBE
:10958800072A8EBF0023521992F8BB308CF800309E
:10959800F8E600BFA84F00206250002013B5164C13
:1095A800237DF3B9E26801AB8020A168019227F01E
:1095B80061F8019AA3681344A360E3689B1AE36007
:1095C8006BB962B12369E2889A4208DD94F8C82031
:1095D80093FBF2F102FB11330BB90123237502B09F
:1095E80010BD002380201A461946237502B0BDE835
:1095F80010400FF019BD00BFA84F0020002330B560
:1096080085B002460D460193002858D1002935D16E
:1096180008220B460DEB020129F087FE002804DA28
:1096280080200FF069FC05B030BD304C029AC4E9C7
:1096380003552260039ABDF80E30626004F13802C7
:10964800A2609DF908202575002A0ADB802B04D921
:1096580080200FF051FC0020E3E713B1C4E9033385
:10966800E1E7FFF777FD0028DAD0E28823699A421C
:10967800D4BFE260E360FFF791FFD4E71B4C01AB76
:10968800D4E90215002D04DC29F04FFE0028CADABF
:10969800C6E72A4629F049FE0028D9DB019AA368C3
:1096A8001344A360E3689B1AE360002BBBD104F169
:1096B8003803A360FFF74EFD0028DCD1B0E780280F
:1096C80007D10A4BDA68002AD5D11B7D002BD2D1ED
:1096D800A9E7074907484FF4C573074A25F04AFD2B
:1096E8004FF4C571044825F03CFD00BFA84F002089
:1096F800821E050013AD040003BB0400054B064A97
:1097080058629A62054A0020DA62054A1A63054AD5
:109718009A617047A84F002005930100A58F0100AA
:109728002D900100118F01002DE9F34104464F4DA2
:109738004FF0FF334FF0FF324D481CF027F895F8F3
:10974800B830002B40F08C806B6A83B149482C629A
:10975800E8616E6A0FF0AAFD0FF014FB041E10DA20
:1097680043481CF0E3F8204602B0BDE8F08100F061
:10977800D5F8FFF7C3FF6B6A002BE7D14FF0FF3432
:10978800EEE700F06FFB041EEADB7378012B6AD169
:10979800F379002B67D00026684685F8C830ADF805
:1097A80002308DF804608DF800600FF077FB041E1E
:1097B800D6DB802768468DF800700FF06FFB041E1B
:1097C800CEDB30462C490FF05DFD041EC8DB384661
:1097D80029490FF057FD041EC2DB284CDFF8A08092
:1097E800444521D927494FF4C363274A274825F020
:1097F800C1FC274825F0BEFC4FF4C361224825F080
:10980800B0FC0026276A227FF3B29A4201D824349A
:10981800E6E707EBC30257F8331010790FF032FD73
:1098280001360028EFD0A9E7EBD300200FF0D2FBD8
:10983800041E95DBD5F8C430802043F00103C5F839
:10984800C4300FF0C7FB041E8ADBD5F8C4300024EF
:1098580043F48033C5F8C430012385F8B8307FE776
:109868006FF077047CE76FF0150479E7A84F0020C4
:109878008C30002089910100059601009434002065
:10988800DC34002035BB040003BB040013AD040026
:10989800B7B1040030B51F4B8BB005AA03F1100512
:1098A800144618685968083303C4AB422246F7D1F6
:1098B8001B7810222370002101A82DF0EBFC122246
:1098C800002115482DF0E6FC102101A829F0F5FE2D
:1098D80000281BDD0828B8BF082001AB09381A1872
:1098E80000200D4912F8013F0AAC04EB131403F0F1
:1098F8000F0328336B4414F8144C13F8143C01304C
:1099080008280C704B7001F10201EBD102480BB032
:1099180030BD00BF58BB0400677D00202DE9F04F23
:10992800884B87B093F800B0BBF1000F03D086488E
:1099380007B0BDE8F08F844C00264FF0011AB046FE
:109948003546B14623783BB9804B02349C42F3D16B
:1099580001237C4A1370EAE76378052B2DD8DFE8EA
:1099680013F0AA000600EE00AA002F0057004023BB
:1099780004A88DF810B0ADF812308DF814B00FF0BF
:1099880061FAB8B1082304A8ADF812300FF05AFAFA
:1099980080B16F4940F28F136E4A6F48ADF812B02C
:1099A80025F0E8FB6D4825F0E5FB40F28F1169488A
:1099B80025F0D7FBBDF81230E37123781C44C1E7CA
:1099C800E378002BF9D1A378EBB9654D03E06B6818
:1099D8009C4213D02435634B9D420CD962494FF405
:1099E8009B735C4A5C4825F0C5FB604825F0C2FBC8
:1099F8004FF49B71DBE7EAD3002099E7AB6813B11A
:109A080041462046984708F101085FFA88F8D4E7EC
:109A1800002DF1D000222B7F9A42EDD2296AA0783E
:109A280001EBC2010B79984201D00132F3E701271B
:109A3800E078FBB200F003008DF81400207994F868
:109A480005C040EA0C20ADF8120094F90200002885
:109A580026DA4FF0010C07F110000CFA00F010EABA
:109A68000A0F24D143F080008DF8100004A8CDE936
:109A7800021301920FF0E6F9DDE90121039BB0B969
:109A88009DF8102012F0800FA2700A714FF00102A9
:109A98001DBF1033DBB29A40BA404AEA020A8CE78B
:109AA8000120B84010EA0A0F01D11846DCE7013757
:109AB800102FBDD1B9E7032E1AD1FFF7EBFE0746E9
:109AC80050B1F8F779F9024630B11028A8BF102232
:109AD8003946A01C2DF0B7FB6FF002002378001B5D
:109AE800E11804EB5303C84213D50136F6B264E714
:109AF800002EF1D1B9F1000F3FF47EAFA4EB0903BA
:109B080089F80230C3F3072389F8033089F8048001
:109B1800EBE71A78203A5E2A0AD91549CB230D4A71
:109B28000D4825F027FB134825F024FBCB213EE701
:109B380001F801BC13F8012901F8022DD3E7A14669
:109B48003BE700BF667D002074330020933400207B
:109B58009FBB040069BB040013AD0400A8BB04004C
:109B680094340020DC34002035BB0400B7B1040075
:109B7800CFBB040006BC0400094B00211A4610B5EF
:109B88001C78844205D15C681CB1482303FB012082
:109B980010BD0131042903F14803F1D10020F7E792
:109BA800745000202DE9F34150F8303C044610333E
:109BB80010F8346C0AD1036950F8282C980736D568
:109BC800D2B9590715D5002344F8303C54F8303C35
:109BD80010330BD054E9097554F81C8C2CF0A2FAF8
:109BE80000284FD021462E482CF08CFA02B0BDE850
:109BF800F08143F004032361304654F82C1C01AB78
:109C080026F038FD10B16FF01503DDE7019A54F81E
:109C18002C3C134444F82C3C54F8283C9B1A44F838
:109C2800283C54F8243C134444F8243CCEE73046FE
:109C380054F82C1C01AB0FF081FA0028E3D1019DE8
:109C480054F82C3C2B4444F82C3C54F8283C5B1B1F
:109C580044F8283C54F8243C2B4444F8243C002D78
:109C6800B1D030460FF028FBB5FBF0F303FB1055DD
:109C7800002DA8D154F8283C002BA4D030460FF072
:109C8800B3FAA3E744F8200CA4F118001CF092F8EA
:109C9800002DABD0424639463046A847A6E700BF5C
:109CA800784100204B1E012B73B506460D460FD890
:109CB800FFF762FF044668B9012D09D101AB012203
:109CC80030460DF103010FF039FA019B002BF5D155
:109CD80002B070BD2CF026FA04F1340108B1012D50
:109CE80005D1084602B0BDE87040FFF75BBF0348E6
:109CF80002B0BDE870402CF005BA00BF78410020E2
:109D08002DE9F74F804617469946009126F0FBFC4F
:109D1800044600285CD1EFF3118B202383F31288CB
:109D2800BFF36F8F2C4900220846002301911CF0D5
:109D3800C5F8019968B948226243DFF8A0A00AEB88
:109D480002056E6816F1100F12D108461CF032F8A1
:109D580006E00134042C01F14801E4D16FF00B0650
:109D68008BF31188BFF36F8F304603B0BDE8F08FD7
:109D78000AF802800C9A009B6A610D9A2861AA6110
:109D88006FF00F024046C5E90237C5F844906A6093
:109D98000FF092FA58B140460FF08EFAB7FBF0F286
:109DA80002FB10771FB16A6C42F004026A6419F072
:109DB800020F08D0482202FB04A1094834312CF0D4
:109DC800A1F90026CCE740460FF00EFA0646C7E791
:109DD8006FF00F06C8E700BF9050002074500020B5
:109DE8007841002010B5EFF31184202383F3128803
:109DF800BFF36F8FFFF7C0FE50B14368103307D130
:109E08006FF08B0300F13401436004482CF07AF9B9
:109E180084F31188BFF36F8F10BD00BF7841002015
:109E2800F8B5042520270D4CEFF3118687F3128827
:109E3800BFF36F8F6368103307D16FF08B03084847
:109E4800636004F134012CF05DF986F31188BFF3E7
:109E58006F8F013D04F14804E6D1F8BD745000202D
:109E68007841002070B50025094C0A4E314620463D
:109E78001CF022FB0122A4F11800114601352CF038
:109E8800DCF8042D04F14804F0D1002070BD00BFB7
:109E9800A8500020AD9B01000123016981F84B30D7
:109EA8000B6833B191F849301BB1024808312CF0E6
:109EB80029B97047784100200123016981F84A30A7
:109EC8000B6833B191F848301BB1024808312CF0C7
:109ED80019B970477841002070B50569EFF311860C
:109EE800202383F31288BFF36F8FD5F89000FCF717
:109EF800F5FF044686F31188BFF36F8F30B1002257
:109F08000023034805F118011CF03EFE204670BDF1
:109F180078410020012370B582F8483013680D4657
:109F280014463BB192F84A3023B10E4802F10801B9
:109F38002CF0E8F8D4F89030DA885B899A4205D199
:109F48007DB904F1180140F6CD4204E004F118018E
:109F5800002DF8D00022BDE87040002301481CF015
:109F680013BE70BD7841002070B50E468188044646
:109F7800C9B21548154626F0A3FB10B394F9002082
:109F88006378002A16DB202B04D0222B0ED06FF02A
:109F980085000AE02B681A6840F8102C9A8820F887
:109FA8000C2C9B7900F80A3C002070BD638800F8EF
:109FB800093CF9E7212BEAD10723103828603360E0
:109FC800F2E76FF01200F0E794510020014608B55F
:109FD800034826F082FB10B1012300F8073C08BDB6
:109FE80094510020002103460C4AA0F8481010683C
:109FF80083F89C10C3F8940090889279A3F898008D
:10A0080083F89A2083F89B104022A3F89E1083F8C7
:10A01800A01003F14C002DF03DB900BF28830400C7
:10A02800002310B50469C4F8A8300C4BC4F8A40088
:10A03800596804F1A80269B9C3E9002204F10800CB
:10A0480007491CF039FA04F1180006491CF070FDA4
:10A05800002010BD0A605A60F0E700BF945100204C
:10A0680039070400E1A00100002373B52025046925
:10A078008DF8071084F84830EFF3118685F31288BD
:10A08800BFF36F8F0122D4F890000DF10701FCF7A0
:10A0980025FF86F31188BFF36F8F01280AD02CF0B3
:10A0A80041F810B994F8A1306BB9094B1A780AB97C
:10A0B80001221A702122002304F1180105481CF01E
:10A0C80063FD02B070BD002121201DF05DFFD3E7C4
:10A0D800797D002078410020F0B5D0F88C30054615
:10A0E8005B6885B01B6A1F7D384626F00CFB064668
:10A0F80050BB95F886303BB3A86F0146C38831F84A
:10A108000A2F9B1A9BB2B3F5806F28BF4FF4806368
:10A1180003AA25F0D9FB0446B0B18306A5F11803BC
:10A1280085F830600193094B08BF00F1FF342246DF
:10A138000399009338460223FFF7E2FDA86F2246F1
:10A1480000F10A0125F0F6FB05B0F0BD1D9F0100E6
:10A1580037B514460A1E054621DDD4F88C0004F1F3
:10A168004C01FCF7BBFE012384F8493023683BB15E
:10A1780094F84B3023B1114804F108012BF0C2FFC9
:10A18800D4F88C209388918912695B1A9BB2D31AF0
:10A198003F2B04D8012384F8A03003B030BD94F8D5
:10A1A8009E30002BF9D0064B40220093284601230D
:10A1B800019404F14C01FFF7A3FDEEE7784100207C
:10A1C80059A10100F7B50D4601461D4826F06DFA64
:10A1D800044610B3064656F8A439691E5F68052977
:10A1E8001BD8DFE801F01C1A031C222610F8061CF5
:10A1F80099B9012300F8063C3B6A3246187BFFF701
:10A20800A7FF14F85C2C42B93B6A1146187D0D4B28
:10A21800019600930223FFF773FD03B0F0BD3046AB
:10A2280003B0BDE8F040FFF7DDBE012304F8053CAC
:10A23800F3E710F8053C002BEFD00023F6E700BF4A
:10A24800945100201D9F010037B50024084D4FF0A0
:10A25800FF334FF480622846064900941CF06AFBDD
:10A26800054928462BF064FF204603B030BD00BFE7
:10A278007841002000A5002071BC04002DE9F041C0
:10A288000C4B05461C680E4617467CB100F09AF93F
:10A2980063682046D3F8108032463B462946C047BB
:10A2A800044600F099F92046BDE8F0816FF00104FA
:10A2B800F9E700BF9C51002000230360044B5A6853
:10A2C80012B9C3E90000704710605860704700BFBA
:10A2D800A0510020014B1860704700BF9C5100201E
:10A2E800002330B585B0CDE902330546019000F072
:10A2F80069F9094B1C6844B9284600F0EBF8044694
:10A3080000F06AF9204605B030BD636820461B6836
:10A3180001A998472468EEE7A05100201FB5CDE9B0
:10A328000101039200F04EF9074B1C6824B900F0B4
:10A3380053F9204604B010BD636820461B6801A984
:10A3480098472468F2E700BFA05100200022024B82
:10A35800C3E90022704700BFA05100200022024B31
:10A36800C3E90022FFF7F2BFA85100202DE9F74307
:10A3780007460C4609B100230B600026254DDFF87F
:10A3880098904D4524D925499D23254A254824F0F0
:10A39800F1FE254824F0EEFE9D21214824F0E1FE3F
:10A3A800D5F800803846414601AA26F0A7FA50B1F0
:10A3B80016B954B92E4606E000224046316826F008
:10A3C8009DFA0028F5D11835DBE7019B2360F1E7FA
:10A3D800E6D3164B1D68C5B155F8188C384641466A
:10A3E80001AA183D26F08AFA50B116B954B92E467A
:10A3F80006E000224046316826F080FA0028F5D1B0
:10A40800AD69E8E7019B2360F1E7304603B0BDE89A
:10A41800F08300BFC881040058820400B6BC040061
:10A4280084BC040013AD0400B7B10400A851002097
:10A438002DE9F04784B002AFD7F8289004460D46BE
:10A44800164698467860B9F1000F07D0D9F8001081
:10A4580031BBD9F804A0BAF1000F28D12046391D24
:10A46800FFF784FF08B3D0F80C90434632462946DC
:10A478007868C847C8B16D468AB002AA124BD06145
:10A48800C2E905344FF400731384104B42F8103FAF
:10A4980000234FF411510E48FDF7D8FFAD4604E0F4
:10A4A8003A1D26F02BFA0028D3D1002007E0D9F86E
:10A4B800083032460093294643467868D047083723
:10A4C800BD46BDE8F08700BFDEBC04000400000103
:10A4D800708104002DE9F04780464FF000470026C0
:10A4E800DFF8C490DFF8C4A03D46314C4C4530D964
:10A4F80030494FF48973304A304824F03BFE3048E5
:10A5080024F038FE4FF489712B4824F02AFE2F4698
:10A51800EAE7B8F1000F03D122694AB91834E5E730
:10A5280000224146206826F0E9F90028F4D1F5E731
:10A538006368BB4205DDAF4209D09D42A8BF1D46F6
:10A54800ECE7EBD19047002E08BF0646E6E71D462C
:10A55800E4E7DED3DAF8004004B3183CB8F1000FA2
:10A5680003D122694AB9A469F6E700224146206866
:10A5780026F0C4F90028F4D1F5E76368BB4205DD8D
:10A58800BD4209D09D42A8BF1D46ECE7EBD19047DC
:10A59800002E08BF0646E6E71D46E4E7AF42B6D1FF
:10A5A8003046BDE8F08700BF58820400A85100205B
:10A5B800C8810400B6BC040084BC040013AD0400C8
:10A5C800B7B104004FF0FF324FF0FF3301481BF0E2
:10A5D800DDB800BF6430002001481BF0A7B900BFF8
:10A5E8006430002038B5094DFFF7ECFF2B783BB9F4
:10A5F800FFF7B4FE00F06AF8044610B901232B7087
:10A608000024FFF7E9FF204638BD00BF7A7D00200F
:10A618002DE9F04706468946048FDFF8ACA00134DF
:10A6280098B0A4B200F10807651EADB2B5F5004FA9
:10A6380047D04A23294605AA384625F0C2FB04F527
:10A648007F543F34A4B280462146012338460DF199
:10A658000B0225F0B6FBB8F1000F014610DC00280C
:10A6680010DC338FAB4209D132466B1E22F8383FDB
:10A678004FF4004102233846FCF79AFE2C46D3E7F4
:10A68800002808DC2946384625F097FB214638463D
:10A6980025F093FBE5E708F160030DEB03080023C1
:10A6A800524608F84C3C05A8CDF8009003AB039738
:10A6B800ADF81040FFF7BCFE0028DFD018B0BDE8A9
:10A6C800F0870020FAE700BF750904007FB5012371
:10A6D800694609200193FEF7B3FA044660BB0920D6
:10A6E80002AA01A925F04CFF044610B110F10C0F85
:10A6F80022D10399B1F5803F23D200231846009A4E
:10A708009468084484421AD30133082BF9D10E4DBA
:10A71800A982EB8253682846AB60D368EB6326F0C6
:10A72800BDF9044640B9094E28466E60FFF7C4FDDE
:10A7380028466E60FFF7CEFD204604B070BD9BB280
:10A74800E5E76FF02004F7E7B0510020DC2900208E
:10A7580008B5054824F0F8FC044824F0F5FCBDE8E9
:10A768000840034824F0F0BC03BD040037BD0400D2
:10A778006ABD0400034B9B681BB1481E18BF01202B
:10A7880018477047F051002010B51C46034B11467E
:10A798001B680BB122469847204610BDF051002097
:10A7A800024B5B6803B11847704700BFF0510020A7
:10A7B80030B1044B02681A6042685A6082689A6035
:10A7C80000207047F051002070B50E46154604462B
:10A7D80086B00021182268462CF05CFD0B490C4B12
:10A7E800CDE90116ADF80C5004932CB96946204602
:10A7F8000BF0A0FD06B070BD012220460BF05EFAFA
:10A808000028F3D16FF01500F4E700BFDC840400E2
:10A81800A9A70100014821F029B800BF2C85040030
:10A8280038B5044618B90F4B0F485B6898476168FC
:10A83800B1F5683F10D0B1F5680F0DD00B4DA942A6
:10A848000AD011F46861206807D0014608481AF058
:10A85800BDFE00232360656038BD14222CF01AFD6C
:10A86800F9E700BFF42D0020F4BD04002C5F5CA9BB
:10A87800FC56002008B560B34368B3F5683F0ED0B6
:10A88800B3F5680F18D0144A934220D000684FF0EF
:10A89800FF324FF0FF331AF079FF58B115E001226B
:10A8A8000368D3E8EF1F002903D1C3E8E02F00288D
:10A8B800F7D10AD1002008BD0368084A1B7803F5C0
:10A8C800807352F82330002BF4D00548F3E705488D
:10A8D800F1E76FF4E040EEE72C5F5CA9000003505D
:10A8E800E98FFFFFEA8FFFFF08B520B34368B3F590
:10A8F800683F09D0B3F5680F13D0114A93421DD0B1
:10A9080000681BF013F814E000220368D3E8EF1F77
:10A91800012903D1C3E8E02F0028F7D109D009485D
:10A9280008BD00210368084A1B7803F5807342F8C4
:10A9380023100020F4E76FF4E040F1E70348EFE765
:10A948002C5F5CA9E98FFFFF00000350EA8FFFFF2F
:10A9580010B5044618B91D4B1D485B6898476368D5
:10A96800B3F5683F2FD0B3F5680F2CD0194A93423E
:10A9780019D1236803BB4FF0FF324FF0FF33214654
:10A9880015481AF097FD08B923681BB90F4B1348EF
:10A998005B6898471422002120682CF07BFC4FF458
:10A9A8006863636008E0B3F5683F0DD83A2B03D0BD
:10A9B80040F6BA629342DED120682BF005FB63684B
:10A9C80043F03A03636010BD054AF3E7F42D002015
:10A9D800F4BD04002C5F5CA9FC5600201ABE0400DC
:10A9E8003A00003A08B506494023142205482BF0DE
:10A9F800D4FABDE808400449044820F0FBBF00BF72
:10AA0800FC510020FC5600203485040048850400D1
:10AA180010B558B9144940F22113144A144824F0C7
:10AA2800A9FB40F22111114824F09BFB03694BB9A3
:10AA3800104940F225130D4A0D4824F09BFB40F2C3
:10AA48002511F0E7186848B90B494FF49373074A82
:10AA5800074824F08FFB4FF49371E4E78368BDE85F
:10AA68001040DB69184700BF86BE040047BE0400DB
:10AA780013AD0400C6E6040009BF040010B558B9B8
:10AA8800164940F21513164A164824F073FB40F293
:10AA98001511134824F065FB03694BB9124940F2BC
:10AAA80019130F4A0F4824F065FB40F21911F0E71B
:10AAB800186848B90D494FF48D73094A094824F0BC
:10AAC80059FB4FF48D71E4E783689B6913B1BDE8C6
:10AAD800104018476FF0570010BD00BF86BE040035
:10AAE80047BE040013AD0400C6E6040009BF040015
:10AAF80008B548B90A4925230A4A0B4824F03AFB05
:10AB08002521084824F02DFB006938B90749262378
:10AB1800044A054824F02EFB2621F2E708BD00BFB1
:10AB280086BE040047BE040013AD04008ABE0400BC
:10AB38002DE9F04786B006460F46FFF7D9FF0446D1
:10AB480000F10C05EFF3118A202383F31288BFF379
:10AB58006F8F28461DF044FD68B98823294A2A4981
:10AB68002A4824F007FB2946294824F003FB8821BA
:10AB7800244824F0F6FA4FF0000828461DF054FD4A
:10AB8800236FD4F86090A366C4E91833636F28462E
:10AB9800C4E91C88E3661DF031FD68B940F2311341
:10ABA800184A1C49194824F0E5FA29461A4824F09D
:10ABB800E1FA40F23111DBE78AF31188BFF36F8FB6
:10ABC800B9F1000F0ED04146142201A82CF062FB07
:10ABD800042330460DEB03018DF80430CDF80890BE
:10ABE80025F09AFF5FB10021142201A82CF052FB36
:10ABF8000323304601A98DF8043025F08DFF06B0F7
:10AC0800BDE8F087F1B004001EB1040013AD0400E4
:10AC180033B1040049B1040060B104002DE9F047E4
:10AC2800884617461E46FFF763FF044600F10C05E9
:10AC3800EFF3118A202383F31288BFF36F8F28461E
:10AC48001DF0CEFC68B98823244A2549254824F0FC
:10AC580091FA2946244824F08DFA88211F4824F0C7
:10AC680080FA28461DF0E0FC236F13BB236E002BEF
:10AC78000CBF4FF000096FF00F090023C4E9183327
:10AC8800C4E91B3801232846C4E91D7684F8B83086
:10AC98001DF0B4FC80B940F23113104A1349114831
:10ACA80024F068FA2946124824F064FA40F2311177
:10ACB800D4E76FF00F09E0E78AF31188BFF36F8FCD
:10ACC800206883689B6B03B19847206883689B6CF6
:10ACD80003B198474846BDE8F08700BFF1B00400CB
:10ACE8001EB1040013AD040033B1040049B10400DF
:10ACF80060B104002DE9F0410F461646FFF7F8FE53
:10AD0800044600F10C05EFF31188202383F3128821
:10AD1800BFF36F8F28461DF063FC60B988231E4A75
:10AD28001E491F4824F026FA29461E4824F022FA14
:10AD3800882119480EE028461DF076FC236F03BBD6
:10AD4800636F4BB118491648F523184A24F012FAD4
:10AD5800F521164824F005FAC4E91C761C46284655
:10AD68001DF04CFC80B940F231130B4A10490C48D5
:10AD780024F000FA29460F4824F0FCF940F231117A
:10AD8800D7E76FF00F04EAE788F31188BFF36F8FF6
:10AD98002046BDE8F08100BFF1B004001EB10400F8
:10ADA80013AD040033B1040094BE040047BE040090
:10ADB80049B1040060B104002DE9F04186B00746AE
:10ADC8001422002101A82CF065FA01233846002539
:10ADD8008DF80430FFF78CFE044680F8585026465C
:10ADE80020302BF06EFA56F80C0B25F090FEEFF39E
:10ADF8001188202383F31288BFF36F8F30461DF02C
:10AE0800EFFB68B98823214A2149224824F0B2F986
:10AE18003146214824F0AEF988211C4824F0A1F9D4
:10AE280030461DF001FC226962B930461DF0E6FB90
:10AE3800E8B188F31188BFF36F8F6FF00D0006B08B
:10AE4800BDE8F081636930469B1AC4E90455A561E1
:10AE5800029203931DF0D2FB48B188F31188BFF327
:10AE68006F8F384601A925F057FE2846E7E740F2DC
:10AE78003113064A0949074824F07CF93146084845
:10AE880024F078F940F23111C7E700BFF1B00400AF
:10AE98001EB1040013AD040033B1040049B104002D
:10AEA80060B10400F0B587B006461422002101A85D
:10AEB8002CF0F0F9022330468DF80430FFF718FE25
:10AEC800054600F10C04EFF31187202383F3128861
:10AED800BFF36F8F20461DF083FB60B988232B4A90
:10AEE8002B492C4824F046F921462B4824F042F9F6
:10AEF800882126481AE020461DF096FB296E51B994
:10AF080020461DF07BFB002831D087F31188BFF362
:10AF18006F8F07B0F0BD6A6E914209D91F494D2362
:10AF28001F4A1C4824F026F94D211D4824F019F920
:10AF3800AB6E9A4207D21B494E23194A154824F092
:10AF480019F94E21F1E7DBD9D01A04905B1A204693
:10AF5800AA66029103931DF051FB40B187F3118853
:10AF6800BFF36F8F304601A925F0D6FDD1E740F237
:10AF78003113064A0C49074824F0FCF821460B48CF
:10AF880024F0F8F840F23111B3E700BFF1B0040043
:10AF98001EB1040013AD040033B10400ABBE0400BD
:10AFA80047BE0400CDBE040049B1040060B10400EE
:10AFB8002DE9F3478A4617461D46FFF799FD0446D3
:10AFC80000F10C08EFF31189202383F31288BFF3F3
:10AFD8006F8F40461DF004FB064668B988232C4A4B
:10AFE8002C492D4824F0C6F841462C4824F0C2F8D4
:10AFF8008821274824F0B5F840461DF015FBD7B145
:10B008002369D3B90122A7611F46C4E904AA84F8B9
:10B01800582040461DF0F2FA98B940F231131C4A04
:10B028001F491D4824F0A6F841461E4824F0A2F8FE
:10B0380040F23111DDE73E46EBE700266FF00F07DF
:10B04800E7E789F31188BFF36F8FE6B1206883685B
:10B05800DB6A03B198476B1C15D04FF400460021FA
:10B06800114825EAE5750023C5FB06010F4AF6F7E6
:10B0780077FE02460B4600200021CDE9000104F1CD
:10B0880020001DF00FFE384602B0BDE8F08700BF73
:10B09800F1B004001EB1040013AD040033B1040084
:10B0A80049B1040060B104003F420F0040420F0064
:10B0B8002DE9F04F05468BB008460F46FFF718FDFF
:10B0C80003680446AB420DD0B34940F20A23B34AA1
:10B0D800B34824F04FF8B34824F04CF840F20A2162
:10B0E800AE4827E0AB685B6D33BBAB681B6D53BBE9
:10B0F80094F85830002B00F0AD80AB685B6B3BBB1D
:10B1080004F10C06EFF31188202383F31288BFF3B0
:10B118006F8F30461DF064FA002858D18823A24A60
:10B12800A2499F4824F026F83146A14824F022F885
:10B1380088219D4824F015F8284698470028D4D13E
:10B148000BB0BDE8F08F284698470028F8D0CFE725
:10B15800284698470028D3D194F85830002B79D046
:10B16800AB681B6C002B71D1D4F81880B8F1000FB4
:10B1780070D11422264641460DEB02002CF08AF8C5
:10B1880084F8588056F80C0B25F0C1FCEFF31189B0
:10B19800202383F31288BFF36F8F30461DF020FA07
:10B1A8000028BBD030461DF03FFA2269002A00F083
:10B1B8001C816369002B40F0E3807E494FF4D17312
:10B1C800764A774823F0D6FF4FF4D17188E73046A6
:10B1D8001DF02AFAA369C3B1616949B975494FF4E9
:10B1E800C2736E4A6E4823F0C5FF4FF4C27177E709
:10B1F8002068A26983685B6ACBB19847031E19DC93
:10B2080001216D4A6D4825F079F830461DF0F6F9B0
:10B21800B8B940F23113644A6949614823F0AAFF7A
:10B228003146684823F0A6FF40F2311181E76FF0FC
:10B238005703E5E762691A446261A269D21AA261FA
:10B24800E3E788F31188BFF36F8F85E728469847AF
:10B25800002889D194F8B830002B00F0E280AB6860
:10B268005B6C002B40F0D880A66F731C15D04FF490
:10B27800004C0021544826EAE6760023C6FB0C0160
:10B28800524AF6F76DFD02460B4600200021CDE933
:10B29800000104F180001DF005FD4FF00008DFF803
:10B2A8001CA104F10C06EFF3118B4FF0200989F370
:10B2B8001288BFF36F8F30461DF092F90290002874
:10B2C8003FF42CAF30461DF0AFF9E36E03930BBB90
:10B2D80030461DF093F900289BD08BF31188BFF3FB
:10B2E8006F8F3846FFF7DEFD01213846FFF720FC57
:10B2F800EFF3118389F31288BFF36F8F30469B46B3
:10B308001DF06EF900283FF409AF30461DF08CF9A6
:10B31800DDF80C802068D4F86C9083689B6AB9F1DA
:10B32800000F40F0A880206883689B6A002B00F01B
:10B338009B80012205A99847031E80F2988001216D
:10B348005046234A24F0DAFF01214B465046214A51
:10B3580024F0D4FF4FF0000930461DF04FF90028C3
:10B368003FF457AF8BF31188BFF36F8FB9F1000F1C
:10B3780097D1B8F1000F54D03846FFF793FD50E04D
:10B388009A422BD9144940F2A313044A044823F0E3
:10B39800F1FE40F2A311A3E6FBBE040047BE040081
:10B3A80013AD040016BF0400F1B004001EB1040080
:10B3B80033B1040054BF040066BF04009081040048
:10B3C80049B1040060B104003F420F0040420F0041
:10B3D800C3BF0400E9BF040083BF04009B1A0692A0
:10B3E8000793C4E90488C4F8188030461DF006F9AC
:10B3F80000283FF40EAF89F31188BFF36F8F069BC7
:10B4080023B1384605A925F087FB23E70121304AF7
:10B41800304824F06AFF1DE72846984700287FF443
:10B4280023AFAB681B6A002B3FF48AAE28469847C7
:10B4380094F8B8300546002B3FF482AE00287FF719
:10B448007FAE142200210DEB02002BF023FF062310
:10B458008DF818508DF81430206825F06BFB3846AD
:10B4680005A925F059FB6BE66FF0570367E7994488
:10B478007FF459AF68E7616ECBB14A469847B0F19F
:10B48800000917DA4B464FF00009134A01215046CC
:10B4980024F034FF4A46E36E616E9B1A1144E3665A
:10B4A800029AA36F6166002B08BF904654E76FF0BD
:10B4B8005709E7E7E36E4A464B45EDD2074940F2A4
:10B4C800E513074A074823F055FE40F2E51107E661
:10B4D800A5BF04009081040021C0040043C00400FB
:10B4E80047BE040013AD040010B558B9164940F220
:10B4F8002D13164A164823F03DFE40F22D1113482D
:10B5080023F02FFE03694BB9124940F231130F4A59
:10B518000F4823F02FFE40F23111F0E7186848B9C0
:10B528000D494FF49973094A094823F023FE4FF453
:10B538009971E4E783681B6A13B1BDE810401847A6
:10B548006FF0570010BD00BF86BE040047BE040060
:10B5580013AD0400C6E6040009BF040070B50E462A
:10B56800044658B9244940F25223244A244823F077
:10B5780001FE40F25221214823F0F3FD83684BB9C4
:10B58800204940F253231D4A1D4823F0F3FD40F2A1
:10B598005321F0E71C4A93420CD01C494FF4157311
:10B5A800164A174823F0E6FD194823F0E3FD4FF447
:10B5B8001571E0E7FFF79CFA0660B36805462BB102
:10B5C8009B6D1BB12246304612499847002212490A
:10B5D80005F120002AF069FE002210496C6505F18A
:10B5E80080002AF062FEC5F8B440E268537843F060
:10B5F8000103537070BD00BF86BE040047BE04003F
:10B6080013AD04005DC00400EC85040066C00400AE
:10B6180091C00400B9B00100A10B0400A70B0400FD
:10B628002DE9F04706460C4600AF002936D0D1E98F
:10B638000012E9468AB06D46A3684FF0050AA8468D
:10B648001F48C5E90723C5E9050148F810AF0023DD
:10B6580042464FF421511B48FCF7F8FED4E9031287
:10B66800CD466369AD461848C5E90723C5E9050114
:10B67800C5F810A0002342464FF421511148FCF7A9
:10B68800E5FECD46E3690121104A0E4824F036FE56
:10B69800A36901210E4A0B4824F030FE012E07D180
:10B6A800EFF305830B4A31460648103B24F026FE8B
:10B6B8002146304619F084FCBD46BDE8F08700BF3E
:10B6C800CCC0040038810400FBC004002AC1040077
:10B6D80039C1040067C1040030BFFFF7FDBF00BFD8
:10B6E8002DE9F04105460B4EDFF82C80324606EB7B
:10B6F8000807CC1B204609492BF0A5FDA019424696
:10B708000021083C2BF0C6FD6C6707F10800BDE876
:10B71800F08100BF000000000800000078820400EB
:10B72800054B5A699B689A421FBF044A536843F005
:10B7380080535360704700BF586C002000ED00E054
:10B7480070B5344C06460D463348344925F035FA71
:10B75800A36AD9064DD53048314925F02EFA112073
:10B76800A36A1A0704D52C482E4925F026FA122078
:10B77800284CA36A9B0712D52B49274825F01DFAA8
:10B78800636BA26A110609D50121284A224824F0D0
:10B79800B5FD1EB1A36A23F08003A36213201D4CDC
:10B7A800A36ADA0704D51C48214925F006FA1420B3
:10B7B800A36A9B0604D518481E4925F0FEF91520F2
:10B7C800144B9A6AD60602D49A6A940713D59B6AD0
:10B7D800D90610D518494FF49573184A184823F01C
:10B7E800C9FC184823F0C6FC4FF49571134823F0A0
:10B7F800B8FC1020B4E7074B9A6A920642BF5A6A0F
:10B8080022F400525A629A6A42F0FF029A620023B6
:10B818002B7070BD00ED00E0388104007AC104008F
:10B8280090C10400C3C10400D6C10400EEC10400E5
:10B8380004C2040023C2040084C2040052C20400EB
:10B8480013AD0400CEC2040010B5244C2449254889
:10B8580025F0B3F9A36A99013ED52248224925F07B
:10B86800ACF91E20A36ADA0104D51E481F4925F049
:10B87800A4F91F20194CA36ADB0204D519481C49F6
:10B8880025F09BF90220A36A1C0304D51548194921
:10B8980025F093F92120114CA36A590304D51148C6
:10B8A800154925F08AF92220A36A9A0304D50D4880
:10B8B800124925F082F92320084CA36ADB0304D53A
:10B8C80008480F4925F079F92420A36A6FEA034351
:10B8D8006FEA1343A36210BD1D20C3E700ED00E02B
:10B8E80032C30400388104004AC304005DC3040065
:10B8F80077C30400A1C30400BFC30400E4C3040069
:10B90800FEC3040070B5294C06460D46284829494F
:10B9180025F053F9A36AD9043CD52548264925F0D2
:10B928004CF91720A36A1A0504D52148234925F0A4
:10B9380044F918201D4CA36A9B0512D51C482049C0
:10B9480025F03BF9A36BA26A100409D501211D4A11
:10B95800174824F0D3FC1EB1A36A23F40043A36262
:10B968001920124CA36A590504D51148164925F027
:10B9780024F91A20A36ADA050ED50D48134925F0D3
:10B988001CF91B20094A936A43F47F4393620023FE
:10B998002B7070BD1620C5E7A36A9B04F2D5044836
:10B9A8000B4925F00AF91C20ECE700BF00ED00E088
:10B9B8003881040029C404003FC40400C3C1040042
:10B9C80050C4040069C404007EC4040099C404007F
:10B9D80023C20400F0B58BB0784B044658680026A3
:10B9E80000AFC0F3080386F31188BFF36F8F02F02E
:10B9F8007F45B5F17F4F07D102F00C05082D12D114
:10BA08006F49704825F0D9F86F4940F211436F4AE1
:10BA18006F4823F0AFFB6F4823F0ACFB40F21141B5
:10BA28006A4823F09EFB15074CBF0C460126002CE4
:10BA3800EAD00022FA71DA1E092A00F29D80DFE8B6
:10BA480002F0059396769B9B9B9B9B9962495D4868
:10BA580025F0B3F80023594DFB71EB6A9A0705D519
:10BA68005E49584825F0A9F8002329E0EB6A002B25
:10BA780001DA5B49F5E7EB6A5B0068D5594951483B
:10BA880025F09BF86B69A26943F480736B61BFF37F
:10BA98004F8FBFF36F8F6B6932F8022C23F48073DA
:10BAA8006B61BFF34F8FBFF36F8F4DF602739A42EE
:10BAB80027D1236801214C4A424824F01FFC2368FF
:10BAC800FA79DAB907F1080504F1200C2A4620684A
:10BAD8006168083403C264451546F7D17A6A002EB6
:10BAE80066D0C2F3080121B96FEA52226FEA4222F6
:10BAF8007A62184607F10801FFF792FD2C37BD4618
:10BB0800F0BDAB6ADBB22BB10120F91DFFF718FEBF
:10BB18000346D5E7AB6A13F47F4F04D00120F91D23
:10BB2800FFF7F0FEF4E7AB6AB3F5803F02D3FFF707
:10BB38008BFEEDE72D4940F2EA23244A244823F0FE
:10BB480019FB2B4823F016FB40F2EA2168E7274946
:10BB580040F2ED231D4A1E4823F00CFB254823F034
:10BB680009FB40F2ED215BE70020F91DCEE700203C
:10BB7800F91DD5E7204974E7204A6D4610F4F87F8F
:10BB88008AB01F4918BF11466A46103BD3614FF46B
:10BB980000731C4813841C4BC2E9050142F8103F8E
:10BBA80000234FF411510748FCF750FCAD465BE702
:10BBB80022F4FF7222F001029AE700BF00ED00E0D4
:10BBC800DFC40400388104000AC5040052C204001E
:10BBD80013AD04001DC504005BC5040072C5040054
:10BBE80093C50400A1C50400C0C50400821E050059
:10BBF800DCC5040000C6040030C60400C6C4040046
:10BC0800B1C4040054C6040004000001064B5A697C
:10BC180042F010025A615A6942F480625A615A69C4
:10BC280022F008025A61704700ED00E0EFF3088047
:10BC3800EFF3098101B57246FFF7CCFE01BD00BFE5
:10BC4800002080F31488BFF36F8F002080F30A88E8
:10BC580080F30B880F4880F3088814F0DFFD00207C
:10BC68000D490860BFF34F8F00F02CF8202080F3B7
:10BC780011880A484FF40061401880F30988EFF3EF
:10BC880014800221084380F31488BFF36F8F00F0FB
:10BC980007F90000B0E2002094ED00E070D1002028
:10BCA800002318460649D1F89020C2F30722934290
:10BCB80000DB7047C1F89830C1F8A0000133F6E7FF
:10BCC80000ED00E010B572B6002484F31388FFF786
:10BCD800E7FF23464FF0FF300C4A03F12001013300
:10BCE800102B42F82100F8D100234FF0FF30074A0B
:10BCF80003F160010133102B42F82100F8D162B63C
:10BD0800BFF34F8FBFF36F8F10BD00BF00E100E09E
:10BD1800084B9B6883420BD1EFF3058343B1064B75
:10BD28005A6842F080525A605A6A22F400425A62B3
:10BD38001CF0EAB9586C002000ED00E014498A684C
:10BD48004FF030001044EFF3098C80E8F01F2020FA
:10BD580080F31288BFF36F8F0E4F4FF000664A6969
:10BD68008A603E60506F0C4C2060906F0023936790
:10BD780080F3118802F1300090E8F01F8CF30988F5
:10BD880002F1000004B524F020FFBDE8044070472C
:10BD9800586C002004ED00E01C5700201EF0040F32
:10BDA8000CBFEFF30880EFF30980816911F8021CDA
:10BDB8000229FFD001B5724624F0F4FE01BD00BF90
:10BDC80040B2002807DB01234109034A00F01F00A5
:10BDD800834042F82130704700E100E040B200287B
:10BDE8000CDB01220649430900F01F008240203382
:10BDF80041F82320BFF34F8FBFF36F8F704700BF09
:10BE080000E100E0054B420953F82220012300F02D
:10BE18001F0003FA00F01040704700BF00E100E087
:10BE280038B54B1C072B04460D460FD96B23104A17
:10BE38001049114823F09EF9294610480723224645
:10BE480023F098F96B210A4823F08BF940B20028B7
:10BE5800ACBF00F160400A4A4FEA4313DBB2ABBF04
:10BE680000F5614000F00F0080F80033135438BD2E
:10BE780067C604009EC6040013AD0400B9C60400DA
:10BE880014ED00E0044B054A23F07F039360BFF3F1
:10BE98004F8FBFF36F8F70470002010000ED00E085
:10BEA80008B5FFF7EFFF074AD2F8883023F470038C
:10BEB800C2F8883019F0AEF91CF0BEFB00F046F865
:10BEC80019F0E8F900ED00E042F8203C009B0B492E
:10BED80042F81C3C019B21F0010142F8183C029BEE
:10BEE80042F8081C42F8143C4FF0807342F8043CB6
:10BEF8000023203A02658367704700BF2D57010071
:10BF080000B50B4B15469860426F0A4B0E461A60F7
:10BF1800436E83F30B882C4686F309880020064B72
:10BF280098472046002100220023044C204700BFE8
:10BF3800586C00201C570020DB0B04002D57010013
:10BF48001022014B1A61704700ED00E00023202108
:10BF58000348C2180133452B82F80013F9D1704702
:10BF680000E100E008B5EFF30583064A103B02EB59
:10BF7800C30152F8330049688847BDE80840FFF715
:10BF8800CFBB00BFA87904001FB5094C094A234656
:10BF98000121094800F012F900230393074B0121FE
:10BFA800E41A01A80193029400F02CF904B010BD22
:10BFB80000000720002000204886040048350020A3
:10BFC80010B50C7A0B6804F01F0223F01F031A4304
:10BFD800CB68640923F01F03054943EA440343F08F
:10BFE8000103C1F89800C1F89C20C1F8A03010BD29
:10BFF80000ED00E010B50A4BD3F89030C3F30723E7
:10C00800013B984208D901210346064A064824F014
:10C0180075F96FF0150010BDFFF7D2FFFBE700BF01
:10C0280000ED00E0FDC60400188104002DE9F04F82
:10C038008946144606464FF00008514D85B0C8455C
:10C0480027DAD6F804A0BAF1000F44D0BAF11F0FCE
:10C0580017D91AF01F0F14D1D6F800B01BF01F0F14
:10C068000FD1584624F0F1FD07460AEB0B000138C2
:10C0780024F0EBFD874210D06FF01507414A3B468C
:10C0880001E04346404A0121404824F037F96FF067
:10C098001504204605B0BDE8F08F17F1160FEDD056
:10C0A800BC42EBDDC5F89870D5F89C10C5F89870BF
:10C0B800D5F8A03021F01F0143F01F0BD6E900325C
:10C0C8001A44994202F1FF3A1DD1D34507D13146AE
:10C0D800F8B224F0C3FD08F101080C36AFE7314689
:10C0E800C5F89870D5F89C3022F01F0203F01F03A2
:10C0F8001343C5F89C30E0B224F0B0FD10F1160FE0
:10C10800C5D0441CE7E7C5F89870D5F8A020013BD6
:10C1180023F01F0302F01F021343D3453146E0B258
:10C12800C5F8A030E8D024F099FD10F1160FAED074
:10C13800C5F89870D5F89C209DF808300BF1FF3BA6
:10C1480062F304038DF80830D5F8A0309DF8082074
:10C158005B0863F347128DF80820D6E900321344D0
:10C16800009323F01F035B44A3EB0A03013023F081
:10C178001F036946C0B20393FFF73CFFBEE700BF49
:10C1880000ED00E046C7040023C70400188104003E
:10C198000522044BC3F89420BFF34F8FBFF36F8F72
:10C1A800704700BF00ED00E0BFF35F8F0022024B35
:10C1B800C3F89420704700BF00ED00E038B50C4D7F
:10C1C8000C462A78FFF732FF287016300FD14FF44B
:10C1D800BB73084A0849094822F0CCFF21460848A1
:10C1E80022F0C8FF4FF4BB71024822F0BAFF38BDF5
:10C1F8007B7D002069C70400821E050013AD040082
:10C2080098C704002DE9F74F314E894605464FF08F
:10C218000008B3462F4FC84502DB03B0BDE8F08FD6
:10C22800D5F804A0BAF1000F4CD02968084601914E
:10C2380024F00BFD019904460AEB0100013824F0B3
:10C2480004FD84424FF01402234B15D002FB08F37F
:10C258006FF015024BF803204FF4C3731F4A2049AF
:10C26800204822F087FF49461F4822F083FF4FF4F9
:10C27800C3711A4822F075FF14F1160F3460EBD021
:10C288001978A142E8DD02FB08B0C7F89840C7F862
:10C298009840D7F89C4000F10801007B64F3040043
:10C2A8000871D7F8A0000C79400860F347140C71A6
:10C2B800D7F89C1021F01F017160D7F8A01021F069
:10C2C8001F01316108F1010814360C35A3E700BFDE
:10C2D8002057002000ED00E07B7D002069C70400A6
:10C2E800821E050013AD0400C4C704002DE9F04107
:10C2F800574C584ED4F890303568C3F307239D4205
:10C3080086B013D940F2AD13534A5449544822F029
:10C3180031FFD4F8902029465248C2F3072222F070
:10C3280029FF40F2AD114C4822F01BFF0020FFF717
:10C338003BFF4D4BC4F8C03085421AD14B4C01A885
:10C348002570FCF777FC002506464FF04108484F5A
:10C35800AE4215D1002023783D49D1F89020C2F390
:10C36800072293426DDB0020FFF712FF06B0BDE8FD
:10C37800F081716801EB0011FFF722FE0130DBE765
:10C38800019A290102EB0513D3F80CC00CEA070047
:10C39800B0F5001F27D0B0F5800F40D0B0F5801F52
:10C3A8004DD1586852589B68CDE902022122013BC1
:10C3B80020F01F010B4423F01F038DF81020059374
:10C3C800207802A9FFF716FE002835DA234940F243
:10C3D800D713214A224822F0CDFE264822F0CAFE71
:10C3E80040F2D7119FE758689B685258013B20F0EC
:10C3F8001F010B4423F01F031CF0010FCDE90202BB
:10C408008DF810800593DBD01B497B23124A144812
:10C4180022F0B0FE194822F0ADFE7B2183E7586870
:10C428009B685258013B20F01F010B44CDE90202E2
:10C4380023F01F030222C0E723780133237001355C
:10C4480086E7C1F89830C1F8A000013385E700BF3E
:10C4580000ED00E05486040069C70400821E050050
:10C4680013AD0400F3C70400AAFF44007B7D00203D
:10C478000000F0FF7CC8040027C804004DC8040071
:10C48800054C08B5054906481B23224622F072FED2
:10C498001B21204622F065FEB5C80400821E050057
:10C4A80013AD0400F0B587B007460E4614460021C8
:10C4B800102268461D462AF0EDFE02238DF8023050
:10C4C800054B2A4621466846CDE90476019321F0BA
:10C4D800B7FF07B0F0BD00BF970C040008B50248CD
:10C4E80021F0DCFEFEE700BFE3C8040008B5024BFC
:10C4F8001B689847002008BD34570020034B044AA6
:10C508001860937843F00203937070473457002003
:10C518005C2A002008B50649064821F00701C1F148
:10C52800005202F5E022F8F785FB002008BD00BFA5
:10C53800676C01203857002070B541690446867A37
:10C548000A4D59B1437ADB0706D4342303FB06535B
:10C55800DB6A1B689B689847002363613420214687
:10C5680006FB0050BDE8704029F059BDA0310020FD
:10C578003422024B02FB0030704700BFA03100207C
:10C588003421827A064B01FB02331A6B93F824306C
:10C59800801A1B3323F00303B0FBF3F0704700BF8E
:10C5A800A031002038B53424827A064B04FB0233CC
:10C5B800DB6AD3E901240C601568FFF7E1FF04FB8F
:10C5C800005038BDA031002008B5437A4BB10C4962
:10C5D8005A230C4A0C4822F0CDFD5A21094822F072
:10C5E800C0FD43683BB109495B23064A064822F06F
:10C5F800C1FD5B21F2E703824369C36008BD00BF48
:10C608000DC90400E8C8040013AD04001EC90400E5
:10C618002DE9FF470546684617461C46039129F051
:10C62800FFFDDDE9008945B95E49EE235E4A5F48B2
:10C6380022F0A0FDEE215C4818E005F11C06EFF39E
:10C64800118A202383F31288BFF36F8F30461BF0C3
:10C65800C7FF68B98823564A5649544822F08AFDCC
:10C668003146554822F086FD8821514822F079FD4F
:10C6780030461BF0D9FF6B8C002B5CD02A8C9A4279
:10C6880039D900220023284619F008FB044600285F
:10C6980031D030461BF0B2FF68B940F23113444A3A
:10C6A8004649424822F066FD3146454822F062FD7F
:10C6B80040F23111D9E78AF31188BFF36F8F039DD8
:10C6C800002D5ED042464B46684629F0CDFD342108
:10C6D800A27A3C4B204601FB0233DB6A03A91B68A4
:10C6E8001E68DDE90023B0476061002839D1204683
:10C6F800FFF722FF30E06C8C3046631E6B841BF022
:10C708007DFF0028C9D08AF31188BFF36F8F95F891
:10C7180024302A8C1B33121B2C6B23F0030302FBDF
:10C728000344284B284AEB1A9B105343A37295F8ED
:10C738002430E372C3E730461BF060FF0028ACD01A
:10C748008AF31188BFF36F8F23463A46284619F0BB
:10C75800A5FA04460028B2D10024204604B0BDE85A
:10C76800F087039B9D420DD9184940F245130E4AA4
:10C778000E4822F0FFFC164822F0FCFC40F245115E
:10C7880059E76561012300212381039BE27A6160F7
:10C79800638204F118002AF07DFD2046FFF714FF9C
:10C7A800DBE700BFAFEE0400E8C8040013AD0400E7
:10C7B800F1B004001EB1040033B1040049B1040013
:10C7C80060B10400A0310020C54EECC438C9040093
:10C7D80035B2040070B50C46054658B9284940F2F0
:10C7E8008D13284A284822F0C5FC40F28D112548AF
:10C7F80022F0B7FC49B925494FF4C773214A2248AA
:10C8080022F0B8FC4FF4C771F1E7EFF3118620234B
:10C8180083F31288BFF36F8F1D481BF0E1FE60B9E8
:10C8280088231C4A1C49184822F0A4FC18491B48B4
:10C8380022F0A0FC88211748DAE715481BF0F4FE1F
:10C84800002323606B689BB9C5E9004410481BF0BE
:10C85800D5FE80B940F231130E4A11490A4822F038
:10C8680089FC0B490F4822F085FC40F23111E2E7C0
:10C878001C606C60EAE786F31188BFF36F8F70BDA8
:10C8880015E00400E8C8040013AD040005D6040050
:10C8980044570020F1B004001EB1040033B1040075
:10C8A80049B1040060B1040070B5044658B9234981
:10C8B80023484FF4CD73234A22F05CFC4FF4CD712A
:10C8C800204822F04EFCEFF31186202383F31288D0
:10C8D800BFF36F8F1C481BF083FE60B988231B4A87
:10C8E8001B49174822F046FC17491A4822F042FC17
:10C8F80088211648E5E714481BF096FE25682DB1F7
:10C9080062682B689542236008BF63600E481BF07D
:10C9180075FE68B940F231130C4A0F49084822F0F5
:10C9280029FC09490D4822F025FC40F23111E0E7C5
:10C9380086F31188BFF36F8F284670BD15E0040099
:10C9480013AD0400E8C8040044570020F1B0040007
:10C958001EB1040033B1040049B1040060B1040001
:10C9680070B5044698B13426104D2046037A6468A1
:10C97800013BDBB203724BB9C3604360837A06FBA9
:10C9880003539B6A7BB19847002CEED170BD0849D0
:10C99800084840F2AB13084A22F0ECFB40F2AB1116
:10C9A800054822F0DEFBFFF7C7FDEDE7A0310020C8
:10C9B80005D6040013AD0400E8C8040008B558B94A
:10C9C8000749084840F2D513074A22F0D3FB40F242
:10C9D800D511054822F0C5FB027A0132027208BD62
:10C9E80005D6040013AD0400E8C8040008B50346E2
:10C9F80058B9084908484FF40873084A22F0BAFBA6
:10CA08004FF40871054822F0ACFB18465B68002B10
:10CA1800FBD108BD05D6040013AD0400E8C8040026
:10CA280070B50D46044658B90F4940F22B230F4AFA
:10CA38000F4822F09FFB40F22B210C4822F091FB7B
:10CA480049B90C494FF40B73084A094822F092FB84
:10CA58004FF40B71F1E746681EB10846FFF7C6FFB1
:10CA68004660656070BD00BFFAD30400E8C80400E2
:10CA780013AD040049C9040038B505460C4659B938
:10CA88000C490D4840F237230C4A22F073FB40F260
:10CA980037210A4822F065FB20B9BDE8384008462E
:10CAA800FFF78CBFFFF7A2FF2146FFF7B9FF284623
:10CAB80038BD00BF49C9040013AD0400E8C804002C
:10CAC80008B548B90B492B230B4A0C4822F052FBF6
:10CAD8002B21094822F045FB83883BB108492C23C8
:10CAE800054A064822F046FB2C21F2E783680B44EE
:10CAF800036008BD05D6040056C9040013AD040040
:10CB080082C9040008B5034600689A68821A9142EF
:10CB18000BD90949094840F25513094A22F02AFB62
:10CB280040F25511064822F01CFB9A88401A11441D
:10CB38001860998008BD00BFA1C9040013AD0400A6
:10CB480056C9040008B5828803468A420BD20949AF
:10CB5800094840F2C313094A22F00CFB40F2C31102
:10CB6800064822F0FEFA521A8280006808441860CB
:10CB780008BD00BF91C9040013AD040056C90400E4
:10CB880008B503469A8800688A420BD208490948C2
:10CB980040F2CF13084A22F0EDFA40F2CF110648CE
:10CBA80022F0DFFA521A01449A80196008BD00BFCA
:10CBB80091C9040013AD040056C90400F8B585886E
:10CBC80003680E4604465F1924F093F8B04209D270
:10CBD800064907483E23074A22F0CCFA3E21054879
:10CBE80022F0BFFA3544A5803846F8BDC5C904000F
:10CBF80013AD040056C90400054B03EB8000D0F8C0
:10CC0800003223F0E04343F04053C0F8003270474D
:10CC180000258450052370B5144D154E2C78013429
:10CC2800B4FBF3F303EB8303E41A27F0D4FB114AB4
:10CC3800137823B156F82430C01A072814D94FF0B6
:10CC48005023D3F8141141B10021C3F81411D3F8BB
:10CC580014312C700CB9012313702C7827F0BBFB0E
:10CC680046F82400012070BD0020FCE77D7D0020EF
:10CC7800485700207C7D0020012208B5114B12493D
:10CC8800C3F8002502230020C1F8D036FFF7B4FF0F
:10CC98001046FFF7B1FFC1F80427C1F80429C1F80D
:10CCA800002B00F0E7F858B1084909484FF40C7315
:10CCB800084A22F05FFA4FF40C71064822F051FA44
:10CCC80008BD00BF001000500040005026F80400C6
:10CCD80013AD0400F8C9040007B50DF1070013F0FF
:10CCE800F1FE164B98420BD01549164840F23A23EC
:10CCF800154A22F03FFA40F23A21134822F031FA5D
:10CD08004FF48062114B1249C3F8B8254FF4006202
:10CD1800C3F83C259DF8070013F0BCFE0D499DF8AB
:10CD2800070013F09FFE01209DF80730984013F08C
:10CD380093FE03B05DF804EB00F0D8B80000AD0B2B
:10CD480026F8040013AD0400F8C9040000A002503E
:10CD58002CA0025028A1025048B1054B054A1B6877
:10CD6800B3FBF2F35843044B43F0010318477047F1
:10CD7800842D002040420F0070830400F8B5002184
:10CD88004FF0FF354FF6FF77184C194EDFF864C0A7
:10CD9800000714F8013B5A090DD0012A1DD0164985
:10CDA800164840F2CA33164A22F0E4F940F2CA3172
:10CDB800134822F0D6F925FA03F2D207EFD5324606
:10CDC80002EB8303D3F80022013122F0E042024350
:10CDD8000429C3F80022DCD1F8BD03F01F0327FAA9
:10CDE80003F2D207DBD56246EAE700BF2ACB04008C
:10CDF800002584500028845059CA040013AD04004B
:10CE080026CA04002DE9F041064601200D46FFF729
:10CE1800B5FF4FF47F03D3F83021D3F83431072A14
:10CE280020D1023B032B02D8114AD35CD3B14FF077
:10CE380050244FF0010800270520C4F81886C4F8CC
:10CE4800147627F006FD4046C4F8148627F001FD45
:10CE5800C4F81476C4F8187630462B46BDE8F0417D
:10CE6800002118474FF050230022C3F81426F3E797
:10CE780026CB04000149024822F0FFBC8C8604003E
:10CE88005C5700201FB518B30023019303930123B7
:10CE9800694612480293F9F787FE002809DA104913
:10CEA8005A23104A104822F065F95A210D4822F0F9
:10CEB80058F9029B9B0707D009496223094A0A4887
:10CEC80022F058F96221F1E7039B05B05DF804FBF5
:10CED8000248F9F701FF0028F7DAEDE75C57002070
:10CEE800B4CA04007CCA040013AD040008B50C4B96
:10CEF800D3F84024D2050BD50A490B4840F2F63343
:10CF08000A4A22F037F940F2F631084822F029F9A6
:10CF18001022C3F840240120BDE80840FFF7B2BF43
:10CF280000300050EFCA040013AD0400BDCA04006D
:10CF3800BFF34F8F0549064BCA6802F4E0621343FA
:10CF4800CB60BFF34F8F00BFFDE700BF00ED00E0EF
:10CF58000400FA0538B50D4C0D4DAC4212D90D49F7
:10CF6800F9230D4A0D4822F005F90D4822F002F97F
:10CF7800F921094822F0F5F854F8043B002BECD0CD
:10CF88009847EAE7F8D3002038BD00BF688204005C
:10CF98007882040064CB04002ECB040013AD040097
:10CFA800B7B10400084B0246186808B1036800B915
:10CFB800704741899142FBD01BB1196818460B464E
:10CFC800F5E71946FAE700BF7C5700200A4B1B68B3
:10CFD8001BB11A681BB9184670471A46FAE75989EF
:10CFE800814206D01AB1116813460A46F2E7114683
:10CFF800FAE7D868704700BF7C5700200023036019
:10D00800044B5A6812B9C3E90000704710605860B1
:10D01800704700BF7C57002000232DE9F04F0446DD
:10D028000D468BB0CDE9063301F10C092B8A3BB9CB
:10D0380098462846216824F01FF80020216881E0DE
:10D04800072B40F20481EA6806AB1068516803C3F5
:10D05800BDF81A3008215BBA1FFA83FAADF81A3006
:10D06800BDF81C3048465BBA9AB2ADF81C30059240
:10D07800FFF768FD2B8A5345C0F0EF809DF81870C4
:10D0880017F0050840F0EE802846216823F0E0FFFD
:10D098000646002800F0E98001226068042140F873
:10D0A800045B2B8ACDE901880092EA6828F01FFE0C
:10D0B8003146A06823F07FFE9DF81820D4F808B008
:10D0C800C2F3C102012ACBF84C8000F2C380059854
:10D0D800FFF768FF002800F093809DF81F1023F0E9
:10D0E8003BFE002800F08C809DF8182012F0070203
:10D0F8002ED0022A47D04FF003083146A06823F00B
:10D108005AFED4F80890022109F10407384628F09D
:10D11800BDFE00287AD002223846554928F09BFEE9
:10D12800002873D04146384628F079FE02210028AD
:10D138006ED1384628F0B2FE2846216823F09CFFBD
:10D148003046216823F098FF40460BB0BDE8F08FC9
:10D15800D0F80080A068B8F1000F51D00F2104303A
:10D1680028F094FE00284ED02046C0478046A0688C
:10D178000F21043028F092FE40B9B8F1000F08BF23
:10D188004FF00708B9E7D0F80480E3E7B8F1000FDB
:10D19800B3D1BBF84E80B8F1000F12D017F0180FBA
:10D1A8000FD1BBF84C00FFF711FF034610B94FF041
:10D1B8000108A2E7404698478046B0B1002E4ED0FD
:10D1C8009BE7DBE90012C868121A0A82DBF8003014
:10D1D80008A91A8A06A8083A23F0CEFDA3681B6896
:10D1E800DA680B4603CB1060516023683046DB6A6F
:10D1F8009847804698BB51464846FFF7A3FC15E779
:10D208004FF0080879E74FF0070876E7022190E722
:10D21800384628F043FE00288ED0D9E900A7DAF86E
:10D228000C3008A9FF1AA7F1080206A823F0A4FDEC
:10D23800AAF81070A3681B68DA680B4603CB106065
:10D24800516023683046DB6A9847002674E74FF040
:10D258000908EEE64FF00D084FE74FF009082E4693
:10D2680000254AE74FF00808F9E74FF00208F6E70B
:10D2780088CB040070B504460E4615468AB3A0F85C
:10D288004810A0F84A201849032228F0E4FD18B9EC
:10D29800002000F0010070BD0221204628F0F6FDB4
:10D2A8000028F5D005222046104928F0D4FD002892
:10D2B800EED03146204628F0BCFD0028E8D00222F6
:10D2C80020460B4928F0C7FD0028E1D02946204612
:10D2D80028F0AFFD0028DBD00221204628F0DEFD33
:10D2E800D7E70120D7E700BFEEB804008BCB0400D6
:10D2F80088CB040003289ABF014B185CFF207047B5
:10D30800B9CC04002DE9F04194B0FFF7F3FF041EF7
:10D318005BDB03A9E0B2FBF793FC00280BDA0121E1
:10D32800234600902A4A2B4822F0F2FF0A2420467E
:10D3380014B0BDE8F081039EB46814F0030401D072
:10D34800FFF79EF8304623F0F2F84FF0013303FB65
:10D3580000F7D6F80880A04504DC0121039839B30A
:10D36800002419E0A8EB0405402DA8BF402521465C
:10D378002B46304604AA23F082F8031E06DB00235E
:10D38800AD1004AAAB420BD14034E4E70121124AA4
:10D39800104822F0B3FF0B24039823F06FF8C6E778
:10D3A80052F8041BB94201D10133EBE70021D5E75C
:10D3B800826823F0A3F803460028D1D00121074A48
:10D3C800044822F09BFF0D24E6E70E24AFE700BFD8
:10D3D8002BCC0400F88004004FCC040077CC040068
:10D3E800F0B585B01F46FFF785FF041E0D461646AB
:10D3F80023DB03A9E0B2FBF723FC50B1012123464C
:10D4080000900F4A0F4822F083FF0A24204605B0F7
:10D41800F0BD3B4632462946039823F030F80446CF
:10D42800039823F02BF8002CF0D001212346064A5C
:10D43800044822F063FF0B24E8E70E24E6E700BF68
:10D448002BCC0400F880040096CC040070B50C4680
:10D4580015461E4648B133462A462146074823F05A
:10D46800E4F9002818BF0C2070BD054B0348197853
:10D4780023F01CFA0028EED00A20F5E78457002094
:10D48800B4590020F0B50D4604461822002128465C
:10D4980087B029F0FFFE6368581C00F08A80002BD3
:10D4A80072D122691F2A65D9A268511C64D0C5E9C6
:10D4B8000023E768414B3A689A425FD1A269202A63
:10D4C8005ED85AB13E480368013307D0037B9A42BD
:10D4D80004D161690D3029F0E5FED8B1206823F048
:10D4E8005CFD03280CD937497923374A374821F09E
:10D4F80041FE374821F03EFE7921334821F031FEC4
:10D5080080F00106304623F026FD28B14FF0FF33A6
:10D51800EB60092007B0F0BD3046FFF7EBFE0028AE
:10D52800E860F6DB03A9C0B2FBF78AFB40B1EB6801
:10D5380001210090274A284822F0EAFE0A20E9E75C
:10D548000398A26883689A4203D922F097FF1E20A5
:10D55800E0E722F093FF237F2BB304A823F03BFDE1
:10D5680080B907F1140104A823F0BBFC00281ADBDA
:10D578001B20CFE71620CDE71520CBE71720C9E7FA
:10D588001820C7E71A20C5E70D4A13689168EB60B1
:10D59800002329606B6063685268934207D122694F
:10D5A8001344994207D32369AB6001232B740020ED
:10D5B800B0E71420AEE71F20ACE700BF3DB8F396F4
:10D5C800B4590020F5CB040091CB040013AD04003E
:10D5D80012CC04002BCC0400F88004007FB5FFF7C0
:10D5E80089FE051E0E4618DB03A9E8B2FBF728FBE7
:10D5F800044650B1012100902B46094A094822F0FF
:10D6080087FE0A24204604B070BD039822F08FFFDD
:10D618003070039822F032FFF4E70E24F2E700BFDF
:10D628002BCC0400F8800400074C08B5074979237F
:10D638002246074821F09EFD064821F09BFD7921EE
:10D64800204621F08EFD00BF91CB0400F5CB0400ED
:10D6580013AD040012CC0400074C08B507496A232F
:10D668002246074821F086FD064821F083FD6A21FD
:10D67800204621F076FD00BF91CB0400F5CB0400D5
:10D6880013AD040012CC0400F0B520230E4695B06B
:10D698000293044615466B460CAA304603A901922C
:10D6A80000F05EFB0746002840F09D8004340F21FF
:10D6B800204628F0EBFB10B9002015B0F0BD05227C
:10D6C80020464A4928F0C7FB0028F5D020467108B3
:10D6D80028F0AFFB0028EFD004222046444928F068
:10D6E800BAFB0028E8D0204606F0010128F0A1FB8B
:10D6F8000028E1D0072220463E4928F0ACFB00284C
:10D70800DAD005A903A800F0FDF9002863DA05229C
:10D718002046394928F09FFB0028CDD00422204616
:10D72800364928F098FB0028C6D0204601A928F0E1
:10D738008CFB0028C0D008222046314928F08BFBFA
:10D748000028B9D00099204681F01001C1F30011DA
:10D7580028F0B8FB0028AFD007222046294928F036
:10D768007AFB0028A8D02046C5F3400128F0AAFB80
:10D778000028A1D009222046234928F06CFB002864
:10D788009AD02046C5F3800128F09CFB002893D04E
:10D79800062220461D4928F05EFB00288CD0204632
:10D7A80005F0010128F08EFB002885D009222046CB
:10D7B800174928F050FB00283FF47EAF2046C5F3F8
:10D7C800C00128F07FFB00283FF476AF0F212046E8
:10D7D80028F064FB71E71922204605A98DF82C7002
:10D7E80028F042FB98E7012067E700BF65DE0400E8
:10D7F800BDCC0400C2CC0400CACC040036F6040038
:10D80800D0CC0400D9CC0400E1CC0400EBCC04005B
:10D81800F2CC04002DE9F74F856806460435062248
:10D828002846364928F017FB18B10421284628F065
:10D8380029FB002700F00104B84623F0ACFB6CB1CB
:10D84800022F11D10421284628F024FB30B10B22E5
:10D8580028462B4928F0FFFA002845D123F09CFBE5
:10D86800072003B0BDE8F08F0DF1070138468DF8A9
:10D87800078023F04DFB8146384623F08EFB0328B2
:10D88800044601D9FFF7D0FE9DF8073080F0010B60
:10D89800022B06D181454FF0010908D14FF0000A4B
:10D8A80008E081454FF00509F8D0022BF6D8154A53
:10D8B80012F903A05C45B0680DDA4A462146FFF725
:10D8C800E3FE0028CAD052465946B068FFF7DCFE8E
:10D8D80001370446B3E752465946FFF7D5FE0028FC
:10D8E800BCD04A462146F0E70021284628F097FA9E
:10D8F8000028B3D023F050FB0020B2E7FCCC040092
:10D9080003CD040069CD04002DE9F047032882B057
:10D918000546884600AF01D9FFF79EFE4FEA600929
:10D92800484623F03AFB00230646F91C4846FB709C
:10D9380023F0EEFA0446B8F1000F1CD023F02FFBB9
:10D94800484504D1FB78012B26D11C241FE0AE42A8
:10D9580057D0FB78012BF8D0002B56D0022B54D08F
:10D968002846FFF7C7FC391DC0B2FBF769F98246A4
:10D97800D0B10A240BE0AE4245D0FB78012B03D08E
:10D9880083B1022BE1D0EBE7A842DED10024204688
:10D998000837BD46BDE8F087002BDFD1AC42F5D093
:10D9A800AE42EFE7A842EDE7731B5942424678685A
:10D9B800594126F003FF0446D8B1E9468AB06A46C1
:10D9C800134BC2E90756C2E905300623C2F8248082
:10D9D80042F8103F4FF4415153460E48FAF736FDCE
:10D9E800012CCD4609D0042C09D0032C14BF0124E6
:10D9F8001724786822F042FDC9E70C24F9E71D24B2
:10DA0800F7E72024C3E72124C1E7AC42A8D1BDE74A
:10DA18000FCD0400F8800400F0B5364997B00C919A
:10DA280004210D91344902AACDE90E12334A00238C
:10DA3800119207221292324A0546D0E90104139244
:10DA48000DF10302CDE902338DF8033001938DF80F
:10DA5800403014928DF85430022201AB0CA90430E6
:10DA680023F0C3F9002841D123F095FA039B04342D
:10DA78006BB99DF8033063B123F091FA23F08DFA66
:10DA88009DF80310FFF740FF18B382B202E0202B85
:10DA98000AD0182220460121FFF7ECFB044623F0A8
:10DAA8007BFA2CB300241BE004AA1746029B03F15F
:10DAB800200C164618685968083303C66345324671
:10DAC800F7D10021384623F06CFA0028D8DA08226A
:10DAD800E0E72846FFF79EFE044620B123F05CFAF3
:10DAE800204617B0F0BD23F057FADBE70324F7E729
:10DAF8000724F5E736F60400C95A040061CD04008E
:10DB0800755B040073B50E46438805460193437858
:10DB18001921009303780B4A304620F0DFFB041EDE
:10DB280003DA4FF0FF3002B070BD6B683BB1064AB4
:10DB3800C4F11901301920F0D1FB031EF1DBE01804
:10DB4800F1E700BF6CCD040078CD0400033880B243
:10DB580019289ABF014B18560120704722CE04009D
:10DB680008B5054B2C220021184629F093FB4FF0ED
:10DB7800FF3240F8042C08BDB85900200148FFF7CF
:10DB88003DBA00BF6C2A00202DE9F04F846887B0A9
:10DB98000434062220465D4928F05DF918B10A21AF
:10DBA800204628F06FF90027DFF864B13846FFF700
:10DBB800A1FBFEB216F00108824608D004212046D7
:10DBC80028F064F930BB072007B0BDE8F08F0421C6
:10DBD8002046CDE9048828F059F90028F3D0052219
:10DBE80020464C4928F037F90028ECD02046710827
:10DBF80028F01FF90028E6D005222046464928F0DB
:10DC08002AF90028DFD00421204628F03BF9002813
:10DC1800D4D1D8E704222046404928F01CF900282E
:10DC2800D1D04146204628F004F90028CBD003A9DA
:10DC38005FFA8AF0FBF704F8814648B302222046CF
:10DC4800374928F008F918B14946204628F0E7F87E
:10DC580000F0010501215346324A3348CDF80090BF
:10DC680022F056FB0421204628F018F9002DAAD0EE
:10DC78000028A8D0B8F1000F3AD10137042F95D168
:10DC88000A21204628F006F900289CD000209BE7AE
:10DC980004225946204628F0DEF8002893D0039B3A
:10DCA8002046996828F0C5F8054600288BD0039AC5
:10DCB80006AB926803EB8803760843F8082C14BF78
:10DCC80001230023B7EB430F03D1039822F0D6FBBF
:10DCD800C8E70F222046154928F0BDF800283FF470
:10DCE80072AF3146204628F0A4F80028EDD16AE743
:10DCF8000421204628F0CEF800283FF464AF042120
:10DD0800204628F0CBF80028B7D15CE7FCCC04000B
:10DD1800CBBA040065DE04007CCD0400BDCC040051
:10DD280088CB040082CD0400F8800400B6CD04003E
:10DD380010B5041D03222046074928F08CF808B9BD
:10DD4800072010BD054B2046596828F07CF80028AC
:10DD5800F6D00020F5E700BFC6CD0400B459002076
:10DD68002DE9F0438BB00C460DF10301054616462C
:10DD78001F46FFF733FC0146002840F08D80202322
:10DD8800284602AAFFF72CFB002850D19DF80380F3
:10DD9800DFF81091B4BB0298484540D10FB1069BFB
:10DDA8003B60059BBDF8104028461C4404232146CF
:10DDB8000DEB0302FFF714FB40B946F60813BDF854
:10DDC80004209A4204BFBDF80630E4180423214613
:10DDD80028460DEB0302FFF703FB58BB46F6071373
:10DDE800BDF804209A4225D18146BDF80670043456
:10DDF800274404F10408B8451ED989F001094FEAFF
:10DE0800C90014E008224146204629F043FA029846
:10DE1800484504D107AB03CB20606160BEE74FF0F3
:10DE2800013303FB08F8404514BF172003200BB04B
:10DE3800BDE8F0830420FAE70423214628460DEBC9
:10DE48000302FFF7CDFA0028F1D1BDF80420BDF890
:10DE58000630FF2A05D14FF6FF72934205D10520FF
:10DE6800E5E7102A01D1202B04D0043303EB040882
:10DE78004446BEE7B9F1000F10D116B94FF00109B9
:10DE8800F6E72434BC420BD8324641462846FFF711
:10DE9800A7FA0028F2D0CAE70220C8E70620C6E79A
:10DEA8000720C4E73DB8F39670B51C4A8AB00592BE
:10DEB8000422D0E90105002301260692184ACDE97B
:10DEC8000163079201AA08928DF82430324602AB0A
:10DED80005A9043022F089FF0446E8B90346024642
:10DEE80003A901980435FFF73BFF58B9019823F0BF
:10DEF80032F838B1092201212846FFF7BBF920463C
:10DF08000AB070BD0198FFF7FDF90646FFF728FE35
:10DF1800002EF4D0B2B2EEE70324F0E7BDCC040043
:10DF2800BF5A04002DE9F0430024D0E90158B7B0E6
:10DF38000DF120092022214606464846019429F081
:10DF4800A9F94FF0FF33CDE909335F4B0327189345
:10DF5800052319935D4B0BAACDE91A395C4B209226
:10DF68001D9304231E935B4B5B4A1F932E930DABAB
:10DF78002F935A4B229231930723594A0AA9249284
:10DF88002992329309AA574B25912A925649574A02
:10DF9800043533930FAB2846CDE92717CDE92C2755
:10DFA8003493062201AB18A98DF870408DF884408F
:10DFB80023978DF898408DF8AC408DF8C0408DF8C7
:10DFC800D44022F012FF054600287AD1484602A91B
:10DFD800FFF758FA08F104080446B8B1444A034662
:10DFE8000121444822F08AF9A2B201214046FFF7F4
:10DFF80041F900230446194610AA0120FFF7B0FE94
:10E00800FFF7AEFD002C08BF072506E09DF8183085
:10E018003BB9B068FFF78CFE0546284637B0BDE827
:10E02800F083354C059B099F2360029BA36097B939
:10E03800DDF838900D994A4604F10D00676084F8C0
:10E048000C9029F000F909F10D003946C9F12002B8
:10E05800204429F01FF9D4E901120C9B2BB98A42FC
:10E0680029D0B068FFF764FED7E70B449A1A5342E9
:10E07800384653410B99049AFFF7E8F9074690B9D7
:10E088006368049A1344A26863609342E9D1034623
:10E09800014610AA0120FFF763FEB068FFF748FEAB
:10E0A800FFF75EFDB9E7154A03460121114822F042
:10E0B80025F9BAB299E7194610AA0120FFF750FED0
:10E0C800CFE73D46A9E700BF65DE0400BF5A04005C
:10E0D800C6E60400C95A040039390500CECD04004B
:10E0E800C55A0400755B0400C6CD0400CACD0400FF
:10E0F800D6CD0400F8800400B4590020F6CD040001
:10E108000148FEF77BBF00BF7C2A002005210023C1
:10E1180070B588B0846804914068254901AA254EE5
:10E12800CDE90512CDE901338DF81C3001226B468B
:10E1380003A90430039622F058FE0434054600284B
:10E1480034D1009B8BB90A2220461B4927F083FE55
:10E1580018B90725284608B070BD07222046174978
:10E1680027F079FE0028F5D1F3E73246012103A80C
:10E1780022F092FEA0B1029E042E11D132460199DE
:10E188000F4829F08FF858B9324620460C4927F035
:10E1980062FE0028DDD00221204627F040FEE1E79C
:10E1A800032200212046FFF765F8DBE70325D1E7C6
:10E1B800CF5A04004BCE040051CE04005CCE0400BC
:10E1C800AEA9040010B584680822043420460D491D
:10E1D80027F041FE28B140F6AB11204627F029FE72
:10E1E80008B9072010BD09222046074927F033FE49
:10E1F8000028F6D00421204627F01BFE0028F0D086
:10E208000020EFE764CE04006DCE040008B54FF49B
:10E2180000520023024818F03BFD002008BD00BF53
:10E2280020260020F0B50023D0E901450127134A34
:10E2380089B00392124A01AECDE90133CDE9052632
:10E248008DF81C30201D6B463A4603A9049722F02E
:10E25800CCFD044678B904353A462846094927F0E2
:10E26800FAFD20B13146284627F0F2FD00B907240F
:10E27800204609B0F0BD0324FAE700BF17030500E4
:10E28800CF5A0400B90905000148FEF7B7BE00BF20
:10E298008C2A002037B5856801A90920FAF7D0FC37
:10E2A80000280DDA01211A4A1A4822F01EF8022421
:10E2B8003F21A2B2281DFEF7DDFF28BB072024E07E
:10E2C800019822F032F948B90121134A114822F085
:10E2D8000CF8019822F0D2F80324E9E7019800210C
:10E2E800826822F00BF9041E09DA01210B4A094859
:10E2F80021F0FBFF019822F0C1F80424D8E7019827
:10E3080022F0BCF8002CD3D1002003B030BD00BFF0
:10E3180085CE0400108104009FCE0400BFCE040007
:10E3280013B5084C204618F0EBFA074B204600932B
:10E338004FF400620323054918F0FCFA002002B0EC
:10E3480010BD00BF184200203087040000A900203B
:10E3580000220023014822F0A6BC00BF0C33002095
:10E3680010B5C36A044663B90C4992230C4A0D4898
:10E3780020F000FF0C4820F0FDFE9221084820F014
:10E38800F0FE22F086FE2046084918F095F804F1C0
:10E39800100027F02CFE002010BD00BF26CF04007F
:10E3A800ECCE040013AD04004ECF04002710040087
:10E3B80010B50446103027F027FE2146BDE810406E
:10E3C800014827F09FBE00BF18420020F0B5C36B7C
:10E3D80004460E4689B003B318F0E4F810F0050FB0
:10E3E80002D0204618F024FA01A827F000FE04F114
:10E3F800100700220023384617F050FC054670B974
:10E408000022002301A817F049FC0146A8B9236996
:10E418001BB121460B4827F075FE09B0F0BD314607
:10E42800E36B984720B92146284622F025FEE0E70D
:10E43800294601A827F0E8FDDBE7384627F0E4FD88
:10E44800DEE700BF18420020034B1A6882420CBF67
:10E4580018460020704700BFB84200201FB590F84A
:10E468003020034612F0010F09490BD06A460868AC
:10E47800496803C2694653F8380C22F099FE05B082
:10E488005DF804FB8868C96802AA03C202A9F2E71A
:10E498001883040013B504466B46084A9068D1688F
:10E4A80003C3694654F8080C22F082FE94F86030E1
:10E4B80023F0010384F8603002B010BD1883040013
:10E4C80010B509480C4622F0E9FD00280ADB4CB9D2
:10E4D800054822F049FE04600471BDE81040024876
:10E4E80022F034BE10BD00BFE45900202DE9F047EA
:10E4F80082B000AF804616461C46FFF7A5FF81464E
:10E50800A8B96C4688B06A46304BC2E9053803237F
:10E5180042F8103F4FF4C25103462D48F9F796FFD1
:10E52800A5466FF010000837BD46BDE8F0872948BA
:10E5380022F0B4FD314605462246264822F0B6FDB3
:10E5480010F10C0F0646ECD000280CDA214822F016
:10E558000BFE10B10023036003711E4822F0F6FD84
:10E568006FF01200DFE7002D28DA1A4822F0FCFDD0
:10E5780082464046FFF768FF0546C8B190F8683004
:10E58800D9070ED44FF42813134A39464046C7E931
:10E59800002322F00DFE95F8683043F0010385F85A
:10E5A80068304FF42032002305F1080018F0F8FB1A
:10E5B800CAF8008099F869308AF804301EB93146E3
:10E5C800044822F0ABFD2046ADE700BFA0CF040011
:10E5D80008810400E45900200600090010B5012450
:10E5E800124B134913481C7018F0A2FA1249134829
:10E5F80018F09EFA00212246114827F01EFD114806
:10E60800114BC362114B0363114B4363114B83637B
:10E61800114BC363FFF7A4FE034630B10F4A2146EE
:10E62800BDE810400E4821F069BE10BD7E7D002077
:10E638009DE40100C042002065E40100F042002092
:10E6480024430020E45900206DE60100EF11040086
:10E65800851104007911040093110400C2CF04004D
:10E66800088104002DE9F04F04468FB018220021DC
:10E67800684628F00FFE3B4BD4F818900193E368E6
:10E688000293394B0493B9F1000F0BD1052604F11D
:10E69800180022F06DFD204622F0D8FC30460FB05D
:10E6A800BDE8F08F484606A904F026FD0646002876
:10E6B800ECD19DF83430022BE8D1204622F093FDAE
:10E6C800054608B90126E2E74846FFF7BDFE0746BA
:10E6D8000028DBD090F86930002BD7D0227F9A42EF
:10E6E800D4D100F16C0A504617F062FCB346B0462C
:10E6F800238A4345CBD997F86920002AC6D0217FC1
:10E708009142C3D108EB05029A42C4BFA3EB0803A8
:10E718009DB269464846ADF80C5007F00BFE10F163
:10E728000C0F09D1BBF1000F03D1132D18D9C5F374
:10E738004F0519F00BFBDBE70028C3D1E26808EBB3
:10E7480005031FFA83F812FA83F302934FF0FF329E
:10E758004FF0FF33504617F0B1FB4FF0010BC7E7FE
:10E76800022694E760870400FF11040080B500AF1B
:10E7780088B06A46064BC2E90530032342F8103FC9
:10E7880000234FF4C2510348F9F760FEBD4680BD2F
:10E79800A0CF04000881040038B50546FFF754FEF1
:10E7A800044629460E48FFF711FE9CB10025204675
:10E7B80084F8695040F8085B18F0F8FA04F138005A
:10E7C80018F0F4FA84F8685004F16C00BDE8384099
:10E7D80017F0F0BA2846BDE83840FFF7C7BF00BFBA
:10E7E800E459002008B5E9B90F4A13684BB10F493D
:10E7F8000F48A1230F4A20F0BDFCA1210D4820F0AD
:10E80800B0FC0D4910600B7882F869300133DBB237
:10E81800012B38BF01230B7002F16C00BDE80840E2
:10E8280017F0C6BB08BD00BFB8420020821E050015
:10E8380013AD0400F3CF04007E7D002008B5044822
:10E8480027F059FB00280CBF6FF01200002008BD0C
:10E85800487704002DE9F041054600F120073846C5
:10E8680022F0D3FC044608B9BDE8F081A4F13008D1
:10E87800464634F82E3CA5601A0744BF43F02803E7
:10E8880024F82E3C738813F0030305D14046C6E9EB
:10E898000D3522F0E3FCE2E734F82E3CC3F34002E6
:10E8A80003F001039A420CD115495823154A16481A
:10E8B80020F060FC154820F05DFC5821114820F03C
:10E8C80050FCA068203022F0A0FC50B910495D230C
:10E8D8000C4A0D4820F04EFC0E4820F04BFC5D2100
:10E8E800ECE77388A0F130021B0742BF30F82E3CDA
:10E8F80043F0280320F82E3C726316468560C1E772
:10E9080092D0040063D0040013AD0400A9D0040021
:10E91800DAD00400EED004002DE9F04F064689460F
:10E9280082464788846B87B007F0100304920293ED
:10E9380007F0080704F10C0BDAF80C30BAF802807B
:10E9480003933378012B40F08980758815F004050E
:10E9580012D07369002B7FD0B26BD1690A798968AC
:10E968005B1A43FA02F53369D340684A02EA05257F
:10E9780045EA035545F00105DAF834300093029B67
:10E98800002B77D09AF80030012B40F0AE8018F0B9
:10E99800040F00F0AA80002F62D1CAE90477002290
:10E9A8000AF13003CAF83020EFF31182202181F3F5
:10E9B8001288BFF36F8F216A23620B6082F311887C
:10E9C800BFF36F8F2046FFF745FF18F02003019330
:10E9D80069D1D4F818A0504622F017FC05900028F9
:10E9E80000F086801022019928F054FCBAF80E2015
:10E9F800059B013AAAF80E20039AC3F80490C3E9CC
:10EA08000225019A1A60EFF31182202181F31288FE
:10EA1800BFF36F8FE16AE3620B6082F31188BFF383
:10EA28006F8FDBE8AF3F5A1CDBE8EF1F994203D139
:10EA3800CBE8E02F0028F7D1F3D163682BB1013B75
:10EA4800636013B9206817F0B5F9A06817F0B2F938
:10EA580029E0DDF800A06FE71D4686E700258BE773
:10EA6800DAE90431002C3AD000293BD0E06958BBE0
:10EA7800CAE90400002163690AF13002CAF83010BB
:10EA8800EFF31181202080F31288BFF36F8F18688D
:10EA98001A60026081F31188BFF36F8FDA8901323F
:10EAA800DA81002F91D0049B002B08BF6FF08B09EF
:10EAB80018F0020FCDD118F0010F23D0009807B03D
:10EAC800BDE8F04F22F0CABB13B9CAE90433D1E755
:10EAD800027923FA02F2F6F77DF90023F5E7CAE98D
:10EAE8000444C7E7CAE90411C4E7002FC2D156E7B6
:10EAF80004F11003D3E8EF1F0131C3E8E21F002A35
:10EB08008FD0F7E707B0BDE8F08F00BF00FF0F0018
:10EB1800F8B5002520262D4B2D4CA34227D92D4989
:10EB280013232D4A2D4820F025FB2D4820F022FBE9
:10EB38001321294820F015FB196901EB821101F115
:10EB480030000D63EFF3118186F31288BFF36F8FE6
:10EB58001F681860386081F31188BFF36F8F013226
:10EB680099899142E8DC1433D7E70022F8E7FCD30F
:10EB7800002520261B4B1C4CA34224D91B491923D2
:10EB8800154A164820F0F6FA154820F0F3FA19212C
:10EB9800CFE71869170100EB0211C551EFF3118097
:10EBA80086F31288BFF36F8F1F681960396080F38E
:10EBB8001188BFF36F8F013299899142E9DC1433D0
:10EBC800DAE70022F8E7FCD30020F8BD1C35002066
:10EBD8003035002072D1040047D1040013AD040081
:10EBE800B7B10400303500204435002096D1040028
:10EBF8000021C0E906110249183019F067BD00BFAD
:10EC0800C11204000146014816F0E0BCA02F002004
:10EC180007B500230022094801A916F04BFC58B992
:10EC2800019B1863012203F11000114627F005FA31
:10EC3800019803B05DF804FB0020FAE7A02F00203C
:10EC48000B460146B8B103B112B90B4816F0BEBC69
:10EC5800C0E90E32094A8260002242605B7843B103
:10EC6800FF2B4FF0FF3318BF002305480B60F7F761
:10EC780045B90123F9E77047A02F0020C912040005
:10EC88002C5A00200E4B402928BF402170B51D4644
:10EC98000C4C4618B04203F1020304D1002305F8D6
:10ECA8001130074870BD02781209A25C03F8022CE3
:10ECB80010F8012B02F00F02A25C03F8012CE9E71F
:10ECC8009D7D0020D4D1040030B503788BB0044674
:10ECD80007AD032B21D8DFE803F0021A1C1E1249E6
:10ECE8002846F3F761F8059563781E210493A37805
:10ECF8000E4A0393E3780E480293237901936379CC
:10ED08000093A3791FF0EAFA09480BB030BD09490E
:10ED1800E6E70949E4E70949E2E70A212846084AFB
:10ED28001FF0DCFADFE700BF8F990400B1990400F7
:10ED38007F7D0020969904009D990400A7990400FE
:10ED4800FAFC04002DE9F3410446174698461F4D86
:10ED5800D5E8AF3FDA071DD538B901211C4A1D484F
:10ED680021F0C3FA6FF0010015E001A921F0EAFDD6
:10ED780019490246204628F0A5FA0028F2D1D5E81C
:10ED8800AF3FC3F3C0061B0708D50221134A114839
:10ED980021F0ABFA002002B0BDE8F081A5F1D4045F
:10EDA800072221464046B84706280AD801210C4ABE
:10EDB800084821F09AFA45F8D46CE671C4F8036063
:10EDC800E8E70723B0FBF3F0E071E3E7242700202E
:10EDD800ECD1040068800400381805000DD2040046
:10EDE80031D204002DE9F04188B0DDF838809C79F3
:10EDF8005D791E79DF7893F802C093F801E01B78FB
:10EE0800B8F1000F0ED0CDE90638CDE904CE13468F
:10EE1800CDE90267CDE90045084A1FF05FFA08B05E
:10EE2800BDE8F081CDE905E3CDE9037C1346CDE9E2
:10EE38000156034A00941FF051FAF0E756D2040035
:10EE48007AD2040010B5FBF7CDFB044628B10121A6
:10EE58000346034A034821F051FA204610BD00BF7B
:10EE68009BD204006880040070B504461E4615460F
:10EE78008CB0A2B129B10A4602A8042120F0A1FA57
:10EE880002A900912B462246242103A8FFF7AAFFD6
:10EE98003146109A03A8FBF7F1F90CB070BD034690
:10EEA8002421044A03A81FF019FA0028F0DA6FF0A9
:10EEB8001500F2E7C0D2040007B50B4B0B48DA790E
:10EEC800C2EBC202009200221146FFF7CDFF0346B3
:10EED80038B10121064A074803B05DF804EB21F078
:10EEE8000DBA03B05DF804FB502600203818050061
:10EEF800C6D204006880040030B5044615468DB0BB
:10EF080092B129B10A4602A8042120F05AFA02A9AE
:10EF180000912B462246242103A8FFF763FF03A88C
:10EF280021F0E8FC0DB030BD03462421044A03A8B3
:10EF38001FF0D4F90028F2DA6FF01500F2E700BFED
:10EF4800C0D2040007B5009313460A460146034899
:10EF5800FFF78AFF03B05DF804FB00BF44F6040026
:10EF68000A4601460148FFF7C7BF00BF44F6040040
:10EF780007B5009313460A4601460348FFF774FF96
:10EF880003B05DF804FB00BF3EF6040007B500932C
:10EF980013460A4601460348FFF766FF03B05DF8CB
:10EFA80004FB00BF1AF4040007B5002203460091D1
:10EFB80003481146FFF758FF03B05DF804FB00BF94
:10EFC80036F6040008B5024817F09EFB002008BD7D
:10EFD800BC2A0020F8B5194DD5E8AF3F13F0010F52
:10EFE8002E4628D015F8CD3CA5F1D4078BB902F0F0
:10EFF8007BF8044630B10121114A124821F075F915
:10F008002046F8BDFB7923B902F07EF804460028B3
:10F01800F1D1D5E8AF3F5A0701D400F069FFD6E82F
:10F02800EF3F23F40062C6E8E12F0029F7D11B0562
:10F0380001D5FFF7C7FF0024E2E700BF242700201F
:10F04800E1D204006880040007B5009313460A461D
:10F0580001460348FFF708FF03B05DF804FB00BF53
:10F068008CFB04000A4601460148FFF745BF00BF74
:10F078008CFB040030B50024094D0A4B85B02846A6
:10F088000293039417F03CFC02AB284600934FF41C
:10F09800E1620A23044917F04DFC204605B030BD53
:10F0A8004044002014D3040000C100200146014858
:10F0B80017F06ABD404400200146014827F022B8F5
:10F0C80040440020037830B5012B13D0022B27D001
:10F0D8007BB90A46184B03F1100453F8045BA342AA
:10F0E80042F8045BF9D11B78137043884B731B0AF1
:10F0F8008B7330BD0A46104B03F1100453F8045BC0
:10F10800A34242F8045BF9D11B7813704368C3F338
:10F1180007224B731B0CCB731B0A8A730B74E8E72B
:10F1280000F1100350F8042B984241F8042BF9D150
:10F1380003780B70DDE700BF1DD3040010B504464B
:10F1480018F0FEFC044B1B680BB120469847BDE83D
:10F15800104018F063BD00BF545A002038B504466B
:10F16800022C1046194610D0082C16D0202C14D08A
:10F178001D4970231D4A1E481FF0FCFF1D481FF043
:10F18800F9FF702119481FF0ECFF1B4821F08BFD97
:10F19800054600BB0025284638BD02460B461748E1
:10F1A80021F081FD05460028F4D0082C1AD00CD88F
:10F1B800012C11D0042C15D011490D485223114AA5
:10F1C8001FF0D8FF52210F48DDE7102C01D0202C6A
:10F1D800F2D1052400E00424214605F10C0021F0B9
:10F1E8009CFDD8E70224F7E75DD304002ED3040082
:10F1F80013AD0400A2D3040070320020A031002017
:10F20800821E0500C2D304000F2810B50CD80D28A3
:10F218000CD90A4821F047FD044618B104210C30E6
:10F2280021F07BFD204610BD1328F2D009B1044817
:10F23800F0E70220BDE81040FFF790BF4033002000
:10F248003C32002038B50B6805460C464BB90E49D0
:10F258000E48FA230E4A1FF08DFFFA210C481FF0C2
:10F2680080FF4A68DA600B684A895A820868FDF7A5
:10F2780077FB20461022002128F00CF82846BDE82C
:10F28800384022F0E2B800BFF4D3040013AD040004
:10F298002ED304002DE9F84305460C461F461646B2
:10F2A8004AB92649D623264A26481FF063FFD621A5
:10F2B80023481FF056FF38B92349D723204A21484D
:10F2C8001FF058FFD721F3E701F10C09484621F058
:10F2D8000CFD38B91D49DB23194A1A481FF04AFFAB
:10F2E800DB21E5E7204622F0D0F8804638B11849FE
:10F2F800DD23134A13481FF03DFFDD21D8E705F150
:10F308000C01484621F0D3FC484621F0EEFC0123CD
:10F3180010FA86F068826B72314648462E82FDF7F5
:10F3280011FCE36828467B60638AC4F80C807B8103
:10F33800A4F812803C60BDE8F88300BF39390500A5
:10F348002ED3040013AD040001D4040006D4040035
:10F3580023D40400C36802211B78024A024822F021
:10F36800D4B800BF4BD404002080040070B5C66830
:10F378003378B6F8014083B90F21204603F048FAE4
:10F38800F378054650B90A4A118831B96FEA045032
:10F398006FEA10501080074A137070BD0373012183
:10F3A80003F054F92846BDE8704003F0FFB800BFE9
:10F3B8001C7D00201E7E002070B5C3681D78BDB975
:10F3C800B3F801600F21304603F022FA044638B939
:10F3D8003346BDE870400121064A074822F095B837
:10F3E800294603F033F92046BDE8704003F0DEB843
:10F3F80070BD00BF73D404002080040010B5C3683A
:10F408000121B3F80140204603F002FA38B9234637
:10F41800BDE810400121044A044822F076B8BDE84E
:10F42800104003F0C3B800BF99D404002080040042
:10F4380010B5C36801211C88204603F0E9F938B9E2
:10F448002346BDE810400121034A044822F05DB874
:10F45800BDE8104003F0AAB899D404002080040045
:10F46800012110B50C30FDF78BFBBDE81040037887
:10F478000121024A024822F048B800BFBDD4040066
:10F4880020800400014610B50848FDF7A3F9084993
:10F49800084826F037FE031E06DABDE810400121B1
:10F4A800054A064822F031B810BD00BF9C2700204D
:10F4B800DC2A0020E0440020DFD40400208004007F
:10F4C80010B5084C0146062294F86F0003F0F2FDCF
:10F4D80038B994F86F000522BDE81040024903F0DE
:10F4E800E9BD10BD50260020BAD104000121024A0E
:10F4F800024821F0FDBF00BFFCD4040020800400B6
:10F508000B46B0B50D8A00AF04462946D868FFF708
:10F51800B9FB8AB06A46094BC2E90750C2E905340B
:10F5280040F202439384064B4FF43251054842F8A7
:10F53800103F21F0ECFFBD46B0BD00BF16D504005A
:10F54800050000012080040070B5C5680121B5F8E8
:10F558000160304603F05CF9044638B93346BDE82B
:10F56800704001210B4A0C4821F0CFBF2B783BB9E2
:10F57800D5F80330C0F89530D5F80730C0F8993081
:10F58800201D4FF4803121F0B5FF2046BDE87040C2
:10F5980003F00CB899D4040020800400B0B53C28CE
:10F5A800044600AF1AD101F07BFF6FF080011030E4
:10F5B80021F0B0FF0020FFF783FF054630B9012195
:10F5C800114A124821F094FFBD46B0BD04730021D2
:10F5D80003F03CF8284602F0E9FFF5E76D468AB0EB
:10F5E8006A460B4B4FF41251C2E90530094B0748E4
:10F5F800D36140F201331384074B42F8103F21F0E6
:10F6080086FFAD46E0E700BF38D50400208004003F
:10F6180059D5040037B20400040000012DE9F3476E
:10F628000023074688461646DFF81491D9E8EF4FBD
:10F63800C9E8E23F002AF9D144B93B460121414AD1
:10F64800414802B0BDE8F04721F05FBF2046FCF713
:10F6580097FF4FF00C0A3D4D0AFB00504388BB4210
:10F6680020D02046FCF78CFF0AFB0050438801217C
:10F678000093374A3B46344820F04AFED9E8EF3F2A
:10F68800C9E8E24F002AF9D1002B56D03149324857
:10F6980040F6C413314A1FF06DFD40F6C4112F48DF
:10F6A8001FF05FFDA64208D02046FCF78DFF328A86
:10F6B800F16804F10C0021F024FB2046FCF760FF00
:10F6C8000C2606FB00504368ABB1B8F1000F12D10D
:10F6D8002046FCF755FF012106FB00504268D2E99D
:10F6E8000003127A03F01F06B1405B09FAB100EB80
:10F6F800830021F0FFFE2046FCF742FF0C2606FBA4
:10F70800005083686BB12046FCF73AFF704305F858
:10F7180000802046FCF734FF06FB0055A86816F069
:10F7280049FB204602B0BDE8F047FDF719B9C943C7
:10F7380000EB830021F0EEFEDDE702B0BDE8F087C4
:10F748009827002075D5040020800400585A00200E
:10F758009DD5040004D6040013AD0400D0D50400E0
:10F7680037B50446084602EBC3039A4202D16FF04C
:10F778005E0010E0114611F8085BA54211D1038A1A
:10F788005178994209D908480121084A009420F083
:10F79800BFFD6FF0150003B030BD536898470020D7
:10F7A800F9E70A46E1E700BF2080040009D6040013
:10F7B80073B54048FDF778F80446002877D000F183
:10F7C8000C05284621F081FA0228034603D00428B4
:10F7D80048D0394A03E0238A032B05D8374A012148
:10F7E800374821F092FE13E004212846FDF7C8F9B6
:10F7F800FF23428806882376238AC6F30B009A42A1
:10F80800608309D0012100922D482E4A20F080FD06
:10F818002046FDF7A5F812E00F2102F0F9FF054692
:10F8280010B9638B284ADAE703F032F821462076CC
:10F83800320B284602F054FD284602F0B7FE234B4F
:10F84800D3F84C31002B32D02149224826F05AFCFB
:10F85800031E2CDA0121204A194802B0BDE8704085
:10F8680021F053BE238A012B01D81C4AB7E728464A
:10F878000221FDF785F90546007821F027FE10F0F2
:10F8880002060DD140F60C43154A164916481FF0DA
:10F8980071FC86F31188BFF36F8F0323184602DFCC
:10F8A80006232146114A287821F04CFEB0E702B021
:10F8B80070BD00BF9C270020DCD604002BD60400B6
:10F8C800208004004CD6040070D604005026002086
:10F8D800DC2A0020E0440020DFD4040092D6040093
:10F8E800D0D50400AED6040013AD04002888040067
:10F8F80010B5012104460C30FDF742F92146BDE858
:10F9080010400823014A007821F01CBE58880400E2
:10F91800F8B50121044600AF0C30FDF731F906783F
:10F92800002321463046104AFFF71AFF5F3018D1EE
:10F93800258AE0682946FFF7A5F96C468AB06A4629
:10F948000A4BC2E90750C2E9053640F202439384E4
:10F95800074B4FF43251074842F8103F21F0D7FDCA
:10F96800A546BD46F8BD00BF98880400F0D604003F
:10F97800050000012080040073B5C5680121B5F8B1
:10F988000160304602F044FF044640B93346012185
:10F998003A4A3B4802B0BDE8704021F0B6BD2B782A
:10F9A800061D1A2B19D1C378012B4ED14FF4804173
:10F9B800304621F09FFD42040FD4D4F888306946C0
:10F9C8000093D4F890302046019303F079FF204645
:10F9D80002B0BDE8704002F0E9BD2B78ABBB40F641
:10F9E8007A41B5F80320A4F8862093B2B5F805202B
:10F9F800A4F88C20B5F80720A4F88E209A1F92B29C
:10FA08008A4204D902211F4A1D4821F07EFDB4F81C
:10FA18008C30B3F5FA7F04D302211B4A184821F031
:10FA280074FD40F67641B4F88E30A3F10A0292B222
:10FA38008A4204D90221154A114821F066FD6FF463
:10FA48008051304621F066FD14E0D6E8AF3FDB0474
:10FA5800F5D52B78202BF2D194F89430002BEED0EA
:10FA6800013B84F894304FF42032002304F1400025
:10FA780017F00EF9204603F051F9A8E799D40400CD
:10FA88002080040022D704004AD7040071D704005C
:10FA98002DE9F04F83B00123D0F80C80018A98F843
:10FAA800004000AF03EB84038B4277D96D468AB0E0
:10FAB8006A46C2E9073105233B484FF42151C2E9A0
:10FAC80005043A4842F8103F21F021FDAD460C37B5
:10FAD800BD46BDE8F08F4B465A460121334821F018
:10FAE80014FD013598F800309D42F0DA08EB8503E3
:10FAF800B3F801900F214846B3F8036002F088FE7E
:10FB080004460028E7D000F1C0091EB9204602F0DB
:10FB18004DFDE6E7636983B90121254A234821F0B1
:10FB2800E7FC244940F29D23234A24481FF022FB86
:10FB380040F29D2120481FF014FBA1691A688B42EE
:10FB48002046626108BFA2617B6002F051FB16F09B
:10FB580031F97B68C3F800A0226A82B9C4E9073387
:10FB6800D9E8AF3F013EB6B263B9154940F2A623C2
:10FB7800114A12481FF0FEFA40F2A621DAE7136094
:10FB88002362EDE7D9E8EF3F013BC9E8E23F002AED
:10FB9800F8D10021204602F037FBB6E70025DFF850
:10FBA80024B0AA469EE700BF9DD704002080040029
:10FBB800E4D70400821E0500D0D5040013AD04006C
:10FBC800FBD70400C8D70400054BD3E8AF2F02F0D9
:10FBD8000B02D3E8EF1FC3E8E02F0028F9D17047E4
:10FBE8002427002010B5C1E900239DF808300C46F1
:10FBF8000B72FCF7C5FC0C22024B02FB00335C6065
:10FC080010BD00BF585A0020F8B502460B461048F0
:10FC180021F049F80446C0B104210C30FCF750FF2C
:10FC28002046FCF7ADFC0C2700260A4D07FB0050C8
:10FC380046802046FCF7A4FC07FB0050866020465F
:10FC4800FCF79EFC07FB00556E602046F8BD00BF20
:10FC5800D8320020585A002029289ABF014B185C36
:10FC680009207047AADD040070B5C3680F21B3F8F6
:10FC780001601D78304602F0CBFD044638B93346A2
:10FC8800BDE870400121174A174821F03EBC65B114
:10FC98002846FFF7E1FF29460246204603F038F9D7
:10FCA8002046BDE8704002F081BC8678012EEFD175
:10FCB80007F074FF204621F0F1FB0028E8D1052069
:10FCC800FFF7CAFF05210246204603F021F9314615
:10FCD800064A054821F00CFC0521204602F062FE88
:10FCE800DEE700BF73D404002080040014D80400A9
:10FCF8002DE9F041C6680F21B6F80170357838460D
:10FD080002F086FD044638B93B46BDE8F0410121C2
:10FD18001F4A204821F0F9BB45B12846FFF79CFF50
:10FD280029460246204603F0F3F808E0F278C37A41
:10FD3800934209D10221184A164821F0E6FB2046D1
:10FD4800BDE8F04102F032BC8378C272012B05D0C5
:10FD58000020FFF781FF00210246E3E70AB107F020
:10FD68001DFF204621F09AFB0028F1D10520FFF75E
:10FD780073FF05210246204603F0CAF80121074A0D
:10FD8800044821F0B5FB0521204602F00BFED6E71A
:10FD980073D40400208004003AD8040014D8040066
:10FDA80070B590B06C4606460A4D0F2E0FCD0FC4A5
:10FDB8000FCD0FC40FCD0FC495E80F0084E80F00D6
:10FDC8009DBF10AB03EB860656F8400C024810B0F6
:10FDD80070BD00BF9C82040069D80400034B014633
:10FDE800D3F8700182689268104700BF502600203F
:10FDF8002DE9F84300F10C060446304620F075FF63
:10FE0800012105463046B4F81080FCF79BFE238A92
:10FE1800012B09D80121194A194821F076FB2046FF
:10FE2800BDE8F843FCF79CBD30460221FCF7A8FE6C
:10FE38000746007821F04AFB10F0010906460DD16B
:10FE480041F236030F4A104910481FF093F989F31D
:10FE58001188BFF36F8F0323184602DF052321465D
:10FE68000B4A387821F06EFBB307D8D56369A4F83C
:10FE7800108013FA85F5E560BDE8F88392D6040092
:10FE880020800400D0D5040071D8040013AD04000C
:10FE98000088040038B50C4617F052FEE268137863
:10FEA800022B1CD0042B0AD001210F4A0F4821F045
:10FEB8002CFB2046FCF754FD6FF015040BE050783E
:10FEC80021F004FBC207054602D52046FFF790FF44
:10FED800AB0704D4002417F0A1FE204638BD204605
:10FEE800FFF7D0FAF6E700BF8AD8040020800400A4
:10FEF8002DE9F84F042100AF454821F0FBFA6D4683
:10FF080088B06A46434B4FF4E6515361424B43482D
:10FF180093614FF400739383414B424C42F8103F76
:10FF280021F0F5FAAD46E2793F4B404E2046012AD2
:10FF380088BF1E46FEF7C8FE8AB06A463C4BD061B1
:10FF4800C2E905363B4B4FF4235113623A4B334811
:10FF580042F8103F21F0DBFAA346AD460125374EA3
:10FF6800DFF8DC80DFF8B490E3790BF1070B9D42F2
:10FF780038DB94F870506E462846FFF711FF8CB0B6
:10FF88006A46B4F87210B4F87630C2E907514FF4F3
:10FF980000755362DFF8ACC02B4BC2E905C015856C
:10FFA8004FF4535142F8103F1C4821F0B0FAB546BF
:10FFB80094F871603046FFF7F3FE8AB06A46B4F8E9
:10FFC80074302249C2E90763214BC2E905109584C0
:10FFD8004FF43351114842F8103F21F098FABD46CA
:10FFE800BDE8F88F5846FEF76FFEEA468AB06A46C3
:08FFF80040F20133C2E9056586
:020000022000DC
:10000000D06113844FF41351484642F8108F21F009
:1000100082FA0135D546ABE724270020A2D8040098
:10002000B4D8040020800400030000015026002002
:100030009ED8040037B20400B8D8040000020103BF
:1000400004000002C7D8040004000001D8D804004E
:100050000600000116D904000500000108B5084893
:10006000C37933B90321074A074821F045FA002034
:1000700008BD0821D43021F041FAFFF73DFFF6E733
:10008000502600203DD9040020800400004870471D
:1000900047A30400014816F03BBB00BFCC2A002058
:1000A00070B505460C4659B94FF0FF304FF0FF319F
:1000B000FFF7AEFD044618B96FF06805284670BD1D
:1000C0002046FCF761FA0C22184BA61802FB0033FD
:1000D00030465D8020F00DFE03280BD90321304609
:1000E000FCF714FD0580238A0121033B8370304611
:1000F00020F0E8FD40F635439D420FD12046FFF742
:1001000071FE05460028D9D003460121084A094856
:1001100021F0FFF92046FCF727FCCFE721460648EF
:1001200025F076FF0025FFF7B5FFC7E7585A0020F6
:100130006AD9040020800400A42700202DE9F041A2
:100140000446458B077E807AFCF716FA61690646FD
:1001500049B1637ADA0704D4C36A20461B689B68F6
:100160009847002363612146304625F05CFF254B0C
:1001700093F88A309B0642D5384603F027F90446A7
:1001800038B93B46BDE8F04102211F4A1F4821F023
:10019000C0B9437B073B012B09D91C4802211C4AEB
:1001A00021F0AAF92046BDE8F04102F003BA02F0BE
:1001B00001FA4FF0FF304FF0FF31FFF729FD044601
:1001C00030B9BDE8F0410121124A104821F094B93C
:1001D00000F10C0701213846FCF7F4FC012604214C
:1001E00006703846FCF7EEFC002305808670C3706D
:1001F0002146BDE8F04140F63540FFF751BFBDE86C
:10020000F08100BF50260020CED9040020800400D9
:10021000F7D9040023DA0400F0B5C56801212F885E
:1002200087B0BCB2204602F0F7FA064640B9234632
:100230000121274A274807B0BDE8F04021F069B9FD
:1002400002ACD5F80220D5F80630019469890091F6
:1002500022F092FE48B34FF0FF304FF0FF31FFF72E
:10026000D7FC054648B901211B4A1A4821F044F938
:10027000304602F09FF907B0F0BD12210C30FCF7B8
:10028000A1FC0346224623F8027B06AF144603CCAA
:10029000BC4218605960224603F10803F6D1294692
:1002A00042F21A00FFF7FCFEE2E74FF0FF304FF09A
:1002B000FF31FFF7ADFC04460028D4D002210C30FA
:1002C000FCF780FC2146078042F21B00EAE700BFF2
:1002D00099D404002080040046DA040073B5C36892
:1002E000D9789A781E8842EA0122ADF8002059791F
:1002F0001A79B4B242EA0122ADF80220D9799A798A
:10030000204642EA0122ADF804201A7A5B7A0121E4
:1003100042EA0323ADF8063002F07EFA054658B9EA
:1003200001211D4823461D4A21F0F3F802212046F1
:1003300021F048F902B070BD694602F051FD38B9AC
:100340001E21204621F03EF9284602F033F9F1E75C
:100350004FF0FF304FF0FF31FFF75AFC0446002802
:10036000F2D00E210C30FCF72DFC00230680C0F8E3
:100370000A30BDF8003021464380BDF8023083804A
:10038000BDF80430C380BDF80630038142F220007E
:10039000FFF786FED8E700BF2080040099D4040050
:1003A00038B502460B462B4DD5F8541109B900203B
:1003B00038BD05F5987015F085FD0028F7D10022AD
:1003C000002305F5AA7015F06DFC044668B940F6E7
:1003D0001B43214A214922481EF0D0FE84F3118894
:1003E000BFF36F8F0323184602DFD5F848315BB1A6
:1003F00001211C4A1C4821F07FF8D5F84801FCF780
:10040000B3FA0023C5F848312046FCF7DBFAC5F8FB
:1004100048012046FFF7E6FC0346C8B10121134A14
:10042000114821F076F8124815F0C8FC2046FCF778
:10043000ABF80C220F4B02FB0033588818B1224650
:100440001F21FFF7EFF82046FCF78EFAFFF722FE98
:100450000120ADE750260020D0D5040005D60400C9
:1004600013AD04005DDA0400208004006AD90400A2
:1004700080270020585A00202DE9F04F87B006460B
:1004800090460C4600AF71B94FF0FF304FF0FF318E
:10049000FFF7BEFB0446C0B96FF0680528461C375D
:1004A000BD46BDE8F08F887AFCF766F8514B834271
:1004B0000BD05149514840F2C513514A1EF05EFE1F
:1004C00040F2C5114E481EF050FE01220021384670
:1004D00025F0B7FD2046FCF757F80C23DFF824B1D0
:1004E00003FB00B087602046FCF76CFA01463046FB
:1004F000FFF7D6FD054618B12046FCF735FACDE7E3
:1005000026F0F4FF404B1A58404B9A421ED1404807
:1005100025F093FD002182464FF4A020FFF740FF15
:10052000814688B94FF4F973354A3A4933481EF089
:1005300025FE314638481EF021FE89F31188BFF3AD
:100540006F8F0323184602DF5445E0D14FF4A022F9
:100550000023384615F0B6FC814698B14FF4FC7381
:10056000274A2E4925481EF009FE4A4631462C48A6
:100570001EF004FE002383F31188BFF36F8F032363
:10058000184602DF2046FBF7FFFF0C2358431BF8F9
:100590000090B9F1000F23D06D468AB06A46214B16
:1005A000C2F81C90C2E905361F4B4FF4325113625A
:1005B00040F2024393841D4B1D4842F8103FA9F1BD
:1005C000090920F0A8FF2046AD465FFA89F9FCF73B
:1005D000CBF9B9F1090F09D8164B13F909505DE7AA
:1005E000B8F1000F88D0C8F8004057E76FF0040555
:1005F00054E700BFD8320020821E050013AD04006E
:10060000D0D50400585A002008000000704D00208A
:10061000A427002078DA040080DA040026F8040019
:10062000A0DA0400E5DA040037B204000500000196
:1006300020800400A0DD0400F7B5144B054693F9B3
:100640009B300C46002B1DDA14B9204603B0F0BDD8
:10065000082C4FF0000142F2180001AA264628BFDC
:100660000826FFF709FF0028F0D1019F3246F968FC
:100670002846013126F0EBFD3846FCF775F9354484
:10068000A41BE1E76FF08500E0E700BF50260020E3
:1006900073B506460D4642F22F00002101AAFFF76E
:1006A000EBFE044638B10121144A154820F024FF1E
:1006B000204602B070BD0198C368B3F801203280B3
:1006C000B3F803302B80FCF74FF93388A3F11B02FA
:1006D000E02A04D902210B4A094820F01AFF44F20B
:1006E00048112B88A3F5A47292B28A42E0D9022164
:1006F000054A034820F00DFFDAE700BF04DB0400E1
:100700002080040024DB040049DB040010B5F1F76D
:10071000AFFC034B1B6813B1BDE81040184710BD78
:10072000F45A002073B52D4D0646D5F8700125F01A
:10073000E6FB48B901212A4A2A4820F0DDFE6FF085
:100740001204204602B070BD6FF0020105F1D40022
:1007500020F0E4FE012120F0D1FEC3073AD4FEF7D9
:1007600075FB04460028ECD11F4B1E60012205F5E5
:100770009870114625F065FC05F5AA7025F03BFC44
:100780001A4816F0C1F86FF007034FF49662184943
:100790001648009416F0D2F81649144825F0CCFCFF
:1007A000D5F87001144983681B689847044630B136
:1007B00003460121114A0B4820F0ABFEC1E726B9E0
:1007C00002B0BDE87040F1F753BC05F1C40015F06C
:1007D0009FFFB6E76FF07704B3E700BF5026002015
:1007E000FBDC040020800400F45A0020E0440020D8
:1007F00008C8002013DD04009DFE01001CDD04007C
:100800002DE9F04F85B00478054600AF5CB1694929
:10081000694840F27E53694A1EF0B0FC40F27E51B6
:1008200066481EF0A2FC664BB0F80190198849F4A6
:100830007042914205BF1C80624BA04693F8008035
:1008400000F0E6FAEB782E1D012B08BF5E4B304618
:1008500008BF93F86F4020F0F0FD314668B34FF0C9
:10086000010A07F1080020F0DDFDD5F81130C7F8C6
:100870000130B5F81530A7F80530EB78012B2FD0F3
:100880003046FEF725FA6C4688B06A464F4B4FF467
:10089000E251C2E905304FF4007393834C4B4D484D
:1008A00042F8103F20F037FE1321A546484620F0BD
:1008B000A5FE1437BD46BDE8F08F204620F0E9FFC5
:1008C0000346006895F804A0B8609A889B79686828
:1008D000BA81BB73B288B3793860BA80BB71CCE798
:1008E00007F10800FEF7F0FDEB780446012B0AD172
:1008F00000F0DAFD83466FF08001103020F00EFE2C
:10090000584621F0E1F8002CBAD02346B5F8012072
:1009100023F8702BBA7BB868B98920679A710022D6
:100920009980B5F81730A4F88630B5F81930A4F8D6
:100930008C30B5F81B30A4F88E30EB782273012B85
:10094000E37022D187F800A0BA88BB793868A4F890
:100950007B2084F87D30C4F8770000F0A5FD237A71
:10096000194AC3EBC3039918D358C4F87E308B8857
:10097000A4F882308B7984F88430D2E9381303F0FC
:100980003F03194301D000F051FF0721204601F039
:1009900061FEB8F1000F05D00121204684F80C80DB
:1009A00001F058FE204601F0F1FF204601F002FE62
:1009B0007FE700BF38DD040013AD0400D0D504008C
:1009C0001C7D00201E7E0020502600204CDD0400EF
:1009D000030000012080040000B5C36889B01878C6
:1009E00020B109B05DF804EBFEF7DCBDB3F80120DF
:1009F0008DF80000ADF80120DA788DF80320B3F807
:100A00000B20ADF81720B3F80D20ADF81920B3F87E
:100A10000F20ADF81B205A7C8DF81D2058680190DE
:100A20001A899B7AADF808208DF80A30084B684681
:100A30001A689B88CDF80B20ADF80F30CDF8112047
:100A4000ADF81530FFF7DCFE09B05DF804FB00BF20
:100A5000CED1040038B5042104460C30FCF794F8DC
:100A6000034640885D7818B122461978FEF7DAFD12
:100A700035B1044815F0A2F9BDE83840FFF70ABBCC
:100A800038BD00BF80270020B0B50446032100AF69
:100A90000C30FCF779F8E3680578197840F63543AF
:100AA000B0F80100984215D16C468AB06A460F4BE7
:100AB0000F48C2E905310F4B4FF41251D36140F298
:100AC000013313840C4B42F8103F20F024FDA5465F
:100AD000BD46B0BD10B12246FEF7A4FD002DF7D0F3
:100AE000064815F06BF9FFF7D5FAF1E768DD040069
:100AF0002080040037B20400040000018027002099
:100B0000F8B506460024094DEF79E3B29F4202D8BA
:100B10006FF0010007E02946304620F004FE07355B
:100B2000631C08B12046F8BD1C46EEE750260020A5
:100B300037B504460D46B9B12846164920F0F3FDF5
:100B400090B929461448C4EBC404204420F0F5FDB4
:100B5000124820F0F9FD430703D5FEF737FA20F0DD
:100B600003FC002003B030BD684620F04DFC002897
:100B7000F8D16846FFF7C4FF0028F5DA064BC4EB4E
:100B8000C4006946184420F0D8FD002DE0D001468D
:100B90002846DBE7C1D1040050260020242700208E
:100BA00070B51A4E06223146054626F07FFB38B353
:100BB0004FF0FF304FF0FF31FFF72AF8044608B33B
:100BC000062229460C3020F0A0F82146002242F2ED
:100BD0000500FFF751FC044648B110F10D0F04D198
:100BE00002210B4A0B4820F0A6FD204670BD33467B
:100BF0002A6843F86929AA88B280012283F868200C
:100C00000024F2E76FF06804EFE700BFB926002088
:100C1000DFDE04004080040038B505460C4659B9B3
:100C200020494FF47673204A20481EF0A7FA4FF46B
:100C300076711D481EF099FA086848B91C4940F2BF
:100C4000D933194A19481EF099FA40F2D931F0E720
:100C50004DB9184940F2DA33134A14481EF08EFA9F
:100C600040F2DA31E5E7037A5A0709D512494FF421
:100C700077730D4A0D481EF081FA4FF47771D8E76B
:100C80004B686BB90B7A13B92B7A5B0708D52A78B6
:100C900003789A4204D0294620F0C2FD00B1656075
:100CA00038BD00BF1CDF0400EEDE040013AD0400FD
:100CB00034DF040057DF04006FDF0400064BD3E885
:100CC000EFCF4CF4806CC3E8E2CF002AF7D1037A6F
:100CD00019430172704700BF24270020F7B5002197
:100CE00004460222084602F0E9F9064648B12046C9
:100CF0000121FFF7E3FF304603B0BDE8F04001F00B
:100D000059BC394D0146394800F0C8FB95F82331EC
:100D10004BB1304620F058FD28B1354A0221354804
:100D200020F009FD1DE095F8232195F822319A4223
:100D300021D10221304A2F4820F0FDFC002242F24E
:100D400029001146FFF798FB10B12C4A0121E6E774
:100D500095F82331013385F82331237A43F00403D6
:100D60002372012020F030FD0021254803B0BDE8AA
:100D7000F04000F093BB2246671C394612F82A0B5C
:100D800020F0E5FC064608B11E4ADFE795F823315E
:100D9000013385F82331237A43F00403237295F855
:100DA000A7305B0701D4184AB8E73946684620F0F7
:100DB000C4FC01234FF0FF304FF0FF318DF80730B6
:100DC000FEF726FF044660B1082269460C301FF08A
:100DD0009CFF3246214642F24E00FFF74DFB0028B1
:100DE000BFD00A4AB2E700BF5026002063180400B3
:100DF000A4DF040040800400C9DF0400FADF04001F
:100E0000FB1704001AE004003AE0040064E0040068
:100E1000084BD3E8EF2F22F48061C3E8E01F0028DD
:100E2000F7D1530504D500220220034906F0CEBFB6
:100E3000704700BF24270020F11804001FB50023CD
:100E40000190CDE9023302208DF80C1001AA03496C
:100E500006F0BCFF029805B05DF804FB190C020017
:100E6000034610B470B10A4991F8224191F8232148
:100E70000CB1944208D2013281F823211A7A42F04F
:100E800004021A7210BC704710BCFFF727BF00BFE6
:100E9000502600202DE9F041044660B3424D95F8FC
:100EA000222195F8233192B1013293421CDC0021BA
:100EB0000222084602F002F90646F0B1204602215D
:100EC000FFF7FCFE3046BDE8F04101F073BB5BB9B3
:100ED0003649374840F2D543364A1EF04FF940F2C2
:100EE000D54134481EF041F9013B85F82331237A7E
:100EF00023F004032372BDE8F08101462E4800F080
:100F0000CDFA304620F060FC064688B10121034648
:100F10002A4A2B481FF0F6F995F8233113B1012026
:100F200020F052FCBDE8F0410021264800F0B6BA9E
:100F300095F8233195F822219A420CD2013B85F88D
:100F40002331237A024623F0040302201E49237230
:100F500006F03CFFE0E74FF0FF304FF0FF31FEF7C7
:100F600057FE04F10108074668B107210C30FBF772
:100F700029FE414620F0E1FB3246394642F2280084
:100F8000FFF77AFA28B10121104A0D4820F0D3FB6F
:100F9000C2E795F82331013B85F82331237A23F00A
:100FA00004032372B8E700BF502600207FE004004E
:100FB00013AD0400EEDE04006318040098E00400A2
:100FC00040800400FB170400B3170400C5E00400D0
:100FD00070B50446B1B9C0B11F4920F0A4FBA0B957
:100FE0002046FFF78DFD00282FDA2378012B04D14E
:100FF000A37903F0C003C02B07D00121174A18487A
:1010000020F099FB6FF0150070BD164DEB79012BA8
:101010001ED005F1D40020F097FBC30707D4002CA5
:10102000F0D020460C4920F07EFB0028EAD1EE7972
:101030002146731C3046EB71FFF77AFD08B9304644
:10104000E2E7EB79013BEB71DEE76FF07700DBE77E
:101050006FF00B00D8E700BFC1D10400EAE0040044
:1010600040800400502600202DE9F341044640B999
:101070001A4A02211A4820F05EFB002002B0BDE8A7
:10108000F081002141F2090001AAFFF7F5F90546B8
:1010900008B1144AEDE7019E0622D6F80C801249E9
:1010A00008F10107384626F001F928B10622384632
:1010B0000E4926F0FBF818B93046FBF755FCDCE783
:1010C000D8F801303046C4F80130BB882570A4F848
:1010D0000530FBF749FC0120D0E700BF18E1040010
:1010E0004080040031E10400CED10400C8D10400E6
:1010F00007B56846FFF7B8FF044BD87118B16946C9
:101100000020FFF715FD03B05DF804FB502600201A
:10111000F0B5304D89B0EC79002C53D195F8C26010
:1011200016F0010610D12C4A02212C4820F003FBB6
:10113000EC71162600240127EB79E0B298422CD3FB
:10114000002B3FD000203BE06A4621464FF6094085
:10115000FFF792F908B1224AE6E7DDF800C0DCF8B3
:101160000C104B7823B96046FBF7FEFB1D4ADBE70A
:101170008B1C02AA01F1120417461868596808333B
:1011800003C7A3423A46F7D11868344638609B88B3
:101190006046BB80FBF7E8FBCAE708AB06FB003301
:1011A00053F8182C33F8143C6946CDF80120ADF8FB
:1011B00005308DF80070FFF7BBFC01340028BBD070
:1011C00009B0F0BD0021084609B0BDE8F040FFF7C6
:1011D000FFBE00BF502600204FE104004080040005
:1011E0007BE104009BE104002DE9F0410D46174628
:1011F0001C46064650B14BB10A03037811D56D0762
:1012000008D501212D4A2E4820F095FA6FF01500DF
:10121000BDE8F08120F051FB0028F9D101232370B3
:10122000F6E7E9072ED527480FB1AA0608D4C3EB85
:10123000C302825C012A13D002B922700020E7E7C2
:1012400090F8D820510635D5C3EBC302825C012A41
:1012500006D002B92270237843F002032370EDE731
:101260004FF00108072111FB03810144304620F0B3
:101270001CFB0028CCD184F80080002FDED0AB0608
:10128000DCD5E8E76A0712D50E49C3EBC3028E5CD2
:10129000012E09D1072212FB0363194420F005FB3C
:1012A0000028B5D12670EAE7002EE8D1FAE720F051
:1012B00004FBB3E76FF08500AAE700BFC4E10400B8
:1012C00040800400502600202DE9F74F0C46009086
:1012D0004FF0FF314FF0FF309246FEF799FC054684
:1012E000002855D020210C30FBF76CFC20228146D1
:1012F000002125F0D3FF002609F1010B04EBCA0AF7
:101300000023D4F80080626893420CD30834A245CD
:10131000F6D100222946009889F8006003B0BDE8A4
:10132000F04FFFF7A9B898F80120B01C81181F29C9
:1013300098F800C015D9BCF1090FC0F11F0201D106
:10134000002A0CDC0121144A14481EF0D2FF284662
:10135000FBF70AFB6FF0150003B0BDE8F08F4FF00C
:10136000080CD7B2791C0BF80610711CC9B20BF827
:1013700001C0D8F804105BFA80F00193023725F021
:1013800066FF019B3744FEB2013308F10808BAE753
:101390006FF06800E0E700BFE9E10400E07F0400CF
:1013A000072208B50349093025F080FF003818BF2F
:1013B000012008BDC1D10400F8B5154B06780446DC
:1013C0000D4683F86F60FFF7EBFF70B930461149A7
:1013D00001F0F6FD044610B96FF00B00F8BD0521D1
:1013E00001F038F900202C60F8E704F109073946CC
:1013F000304601F02BFE40B92078394601F0E0FD7F
:1014000004460028E8D00621EAE76FF01500E5E77A
:1014100050260020BAD10400F8B545680646690593
:1014200035D4046914B115F0010330D0194F307868
:10143000FB7983422BD9C0EBC00007221649384400
:1014400025F034FFA8B115F0010306D197F87020FC
:10145000082A02D8B2689F2A19D915F0300F09D08E
:10146000ACB1EA060AD405F46035B5F5603018BFB2
:101470000120F8BDEB0601D4002CF4D1D6E90223FB
:101480009A4204D81F2A02D9B3F5804FEBD9002025
:10149000EFE700BF50260020C1D1040003460148F9
:1014A000184700BF682600200048704768260020C3
:1014B0002DE9F04F9A460023D1F810908DB0B9EB8A
:1014C00003060546944818BF01260592079320F0AD
:1014D00030FA0C46410740F113812046FFF79CFF8C
:1014E00028B96FF0150B58460DB0BDE8F08F2046B7
:1014F00020F0FAF980460028F3D005F110073846AD
:1015000020F017FA0206C0F3C01300F1FC80CDE909
:101510000933CDF82B30A3686068ADF82030E3685C
:101520006FF48071ADF8223020F0F4F98DF82D00C1
:10153000794820F001FA2378784A2B7082F86F30CE
:101540002846324661680DF12503FFF74DFE8346BC
:101550000028C8D105F10902B9F1000F18D021699E
:101560000868C5F8090088889080897920469171BB
:1015700020F072FA62680646D0071BD4920503D4A5
:10158000169B0BB9022E5DD102238DF8243023E087
:10159000634B20461968C5F8091099889B7991809A
:1015A000937120F059FA62680646D107E6D58DF8A6
:1015B000249011E012F0100F0CBF01220422D84633
:1015C0008DF8242022691168CDF826109188ADF895
:1015D0002A1092798DF82C204FF0FF304FF0FF3118
:1015E000FEF716FB8346002800F090800F2208A922
:1015F0000C301FF08AFB0022594642F20600FEF72B
:101600003BFF002840F08580B9F1000F20D06368CF
:10161000DB072BD40121284620F02EFA8346002830
:1016200066D001213F4A40481EF063FE079C002C13
:101630003FF459AF2046002101F00CF8204600F09D
:10164000B9FF50E70323DDF858808DF82430C3E755
:10165000179B524600932846CDE90186169B0599B3
:1016600020F088F983460028D1D03CE7284607A916
:10167000FFF7A2FE83460028CCD010F10C0F7FF4B8
:1016800032AFB9F1000F7FF42EAF626890073FF5DB
:101690002AAF636883F00203C3F3400B0BF001022F
:1016A0000E21384620F053F9731E5A425A41082140
:1016B000384620F04CF9B11E4A424A4138460921C9
:1016C00020F045F962680A21384602F0010220F054
:1016D0003EF942460B21384620F039F962680D2167
:1016E0003846C2F3800220F032F94FF0000BFAE6E0
:1016F000079808B100F05EFFB9F1000FCED1C8E73E
:101700006FF00A0BEFE66FF0770BECE66FF0680B0B
:10171000E9E68346E7E600BF2427002050260020A4
:10172000C1D1040002E20400E07F040073B5154655
:10173000069A0C46CDE900322B460A46014611486E
:10174000FFF7B6FE21460646002340F201109D42F7
:1017500002D1304602B070BD0A88824204D14A6884
:1017600012B11278D20702D401330831EFE70649EB
:10177000064815F0E1F94FF470220023034815F0F4
:1017800013FBE6E7682600200918020080260020E7
:1017900010B5194820F098F96FF48041174820F0EF
:1017A000CBF8164820F0C5F803461A06C0F3C0105F
:1017B00021D5124820F0BDF8430513D50E48FFF798
:1017C000EFFD03460E49087E93B905220D4901F04D
:1017D00075FC044630B10021017300F03BFF204648
:1017E00000F0E8FEBDE810400021034820F044B9B5
:1017F00006222131EBE710BD682600207826002064
:1018000050260020BAD1040010B5FFF7C1FF0346EF
:1018100030B1BDE810400221024A03481EF072BDFB
:1018200010BD00BF1DE20400E07F040073B5334823
:1018300020F07FF810F4804F304C38D0204620F054
:1018400078F8030633D4204620F073F846052ED5E9
:1018500001A9A4F11000FFF7AFFD40BBA4F11000F7
:10186000FFF79EFD0246204620F063F8C0F380316A
:10187000204620F05EF881F0010145054FEA410164
:101880001E4848BF41F0010120F053F8800448BFD2
:1018900041F004011A480DF10303FFF7A5FC0546CA
:1018A00038B101210346174A17481EF02BFD02B03C
:1018B00070BD0121124820F0DFF8019E28B93046A2
:1018C00002B0BDE8704000F075BE2946304600F019
:1018D000C1FE6FF48041094820F02EF805463046DD
:1018E00000F068FE6B04E2D5D4E8EF3F43F4804398
:1018F000C4E8E23F002ADAD0F6E700BF78260020ED
:10190000682600203CE20400E07F0400884208B51D
:1019100001F1100310D9984213D20E4940F2B323BB
:101920000D4A0E481DF02AFC0D481DF027FC40F220
:10193000B32109481DF019FCEFD000F110029142CB
:10194000EAE7013813F8012D8B4200F8012FF9D195
:1019500008BD00BFABE2040079E2040013AD04004F
:1019600002E3040008B518F013FA38B10121034668
:10197000034A04481EF0C6FC6FF0040008BD00BF17
:1019800034E304003880040008B518F003F938B1D6
:1019900001210346034A04481EF0B4FC6FF0040022
:1019A00008BD00BF50E304003880040070B592B059
:1019B00006460D46144600211C220BA825F06EFC9D
:1019C00000230493F6B1EDB1E4B1314607A8FFF767
:1019D0009DFF294B06A80B934FF48073069320F0CC
:1019E00076F8069B254E0D93102204AB07A90BA891
:1019F0000E9618F019F8034640B10121204A2148FB
:101A00001EF080FC6FF0150012B070BD294607A8CB
:101A1000FFF77CFF05AB029310233146CDE900436D
:101A2000049807AA18F0C8F8034650B9049817F0AC
:101A3000B9FF98B101210346134A12481EF062FC17
:101A400009E010480121114A1EF05CFC049817F0CF
:101A5000A9FF0028EED16FF00400D5E7631E04F162
:101A60001002073413F8011F12F8015DA3421D7024
:101A70001170F7D1C8E700BF002480000044400483
:101A800070E3040038800400A5E304008CE3040044
:101A9000884208B501F1200310D9984213D20E49AB
:101AA00040F2B3230D4A0E481DF068FB0D481DF0AF
:101AB00065FB40F2B32109481DF057FBEFD000F160
:101AC00020029142EAE7013813F8012D8B4200F819
:101AD000012FF9D108BD00BFABE2040079E2040098
:101AE00013AD040002E3040070B53D4B9AB0182218
:101AF000002103A8029325F0D1FB44F2010309A8B9
:101B000009931FF0F1FF099B69460493354B02A826
:101B1000059324F041FF034610B3334A01213348B3
:101B20001EF0F0FB1F25324BD3E8EF1F21F001011F
:101B3000C3E8E21F002AF7D12E4E16F005F83468EC
:101B4000002C46D0002D2C4D18BF0025043C2368E6
:101B50000BB1284698476468002C3AD0043CF6E75D
:101B600001AB4122009809A924F0E8FD034608B121
:101B7000224AD3E7224A0DF125030DF1650153F8FE
:101B8000040B8B4242F8040BF9D101AB20221D4912
:101B9000009824F081FD034608B11B4ABEE7009877
:101BA00017F000FF054610B1184A0346B6E714497E
:101BB0001148FFF76DFF16491648FFF769FF164BEE
:101BC000D3E8EF1F41F01001C3E8E21F002AAAD0BA
:101BD000F6E70023C6E9003316F024F81AB070BD0A
:101BE0001271000100000209D1E30400108004001A
:101BF000F85A0020005B00207F7E0020EFE3040005
:101C00003F7E00201F7E002012E4040036E4040022
:101C10005F7E00209F7E002024270020042330B513
:101C2000A7B03D22002116A8159325F037FB304BB5
:101C30001822002107A8069325F030FB44F2010387
:101C40000DA80D931FF050FF0D9B20220893294BE8
:101C50002949099306A804AB17F0E6FE0346E0B154
:101C6000264A012126481EF04DFB6FF0040415F0B2
:101C70006BFF244B1D6865B100201860224BD3E830
:101C8000EF1F21F00201C3E8E21F002AF7D144B39D
:101C9000A84715F0C7FF27B030BD1C4B0DF155020A
:101CA000194603F1400053F8044B834242F8044BB9
:101CB000F9D105AB029320230E48CDE9001315AAF4
:101CC0004123049924F01AFE034608B1104AC8E7DC
:101CD000049817F067FE04460028C8D00D4A034652
:101CE000BFE70DA80949FFF7D3FE0DA8D0E700BF55
:101CF00012710001000002091F7E002056E404005A
:101D000010800400FC5A0020F85A00203F7E00207A
:101D10008CE40400A8E40400402208B5034925F03F
:101D2000C5FAB0FA80F0400908BD00BF10E5040014
:101D300010B51D4B9AB018220446002103A8029347
:101D400025F0ACFA4FF4804309A809931FF0CCFEAC
:101D5000099B21460493154B0DF12500059304239F
:101D60008DF82430FFF794FE04F120010DF14500B9
:101D7000FFF78EFE412201AB09A902A817F054FE1D
:101D8000044602A824F080FE2CB9019817F00AFE40
:101D900001201AB010BD064823460121054A1EF055
:101DA000B1FA0020F5E700BF12410001000002096E
:101DB00010800400C5E4040010B5002834D01D4A8A
:101DC000136823B1043B984231D05B68F9E71A4BA2
:101DD000D3E8AF1F890707D518480221184A1EF01B
:101DE00088FA6FF00F0010BD1468011D4460506840
:101DF000116000B95160D3E8EF2F42F00101C3E850
:101E0000E01F0028F7D1D30701D50020EBE70D4BE9
:101E1000D3E8EF1F21F01001C3E8E21F002AF7D139
:101E20000948FDF74DF9F0E76FF01500DBE76FF0BB
:101E30007700D8E7005B0020F85A002010800400EB
:101E4000E9E4040024270020FC2A0020044BD3E806
:101E5000AF3F13F0100F034808BF0020704700BFCA
:101E6000242700207F7E002070B5054619480368AE
:101E70008B4228D0184BD3E8AF3FDA0626D503684B
:101E800013B16FF00F0070BD144AD2E8AF3FDB070B
:101E9000F7D4D2E8EF3F43F00204C2E8E64F002E49
:101EA000F7D113F00204ECD1016029460C48FFF78A
:101EB000EFFD0C4805F12001FFF7EAFD0A48FDF7A8
:101EC000FFF82046DFE76FF07700DCE76FF07C007B
:101ED000D9E700BFFC5A002024270020F85A002030
:101EE0003F7E00205F7E0020EC2A002010B50446D3
:101EF000FAF74AFB044901EB00112046FDF7A6F969
:101F0000BDE81040FEF7C6B8085B002070B5054676
:101F1000134B1C6844B154F81C3C1C3C13B12846BC
:101F2000297B9847E469F5E70E4C0F4EB44215D96A
:101F30000E4940F26D730E4A0E481DF01FF90E480F
:101F40001DF01CF940F26D7109481DF00EF923686F
:101F500013B12846297B98472034E7E7F7D370BDB3
:101F60003C5B0020207F0400607F040087E50400C4
:101F700057E5040013AD0400B7B1040070B5044682
:101F800049B90E490E484D230E4A1DF0F7F84D2170
:101F90000C481DF0EAF80022D1E901560A48C1E9CF
:101FA000012224F035F83DB1314620462B46BDE8EC
:101FB00070406FF06D02184770BD00BF37FC040021
:101FC00013AD040057E504006831002010B50C463D
:101FD000817801290BD00C490C4840F2F1330C4AAE
:101FE0001DF0CCF840F2F13109481DF0BEF8A169AE
:101FF00004F118001160E26900211A60E27ABDE87C
:10200000104025F04BB900BFA2E5040013AD040059
:1020100057E5040030B5051D04464FF4806128469D
:1020200085B01FF083FD400548D428461FF079FD98
:1020300010F4803F224D30D095F8D930D90710D513
:10204000022300211A46204600911FF035FB03466B
:1020500020B101211B4A1C481FF066FD637B072B42
:102060002CD195F8D8309B0628D51FF07DFA28B3DF
:102070000DF10E0103A8FEF70BFBF8B92046BDF8E1
:102080000E20BDF80C101FF0F8FA0346B0B1012184
:102090000E4A0D481FF048FD10E095F8D8301A0799
:1020A000CAD520461FF0CEFA034620B10121084AC6
:1020B00005481FF039FD637B072BBDD005B030BD4F
:1020C00050260020D5E50400F87F0400ECE504006C
:1020D000B4E5040070B5054600220023164813F04D
:1020E000F1FE38BB154B1C6834B154F8143C1C3C51
:1020F00003B19847E469F7E7114C124EB44213D983
:10210000114940F27D63114A11481DF037F811481A
:102110001DF034F840F27D610C481DF026F8A368EC
:1021200003B198472034E9E7F9D32846BDE8704069
:1021300014F0EEBA70BD00BF183100203C5B0020E7
:10214000207F0400607F040087E5040057E5040059
:1021500013AD0400B7B104002DE9F843044625F09F
:10216000C5F91F4BD3F880201E4B1B589A4211D142
:1021700020270025DFF87080EFF3118387F31288A2
:10218000BFF36F8FE16989B983F31188BFF36F8F54
:10219000BDE8F8831549164840F21D13154A1CF096
:1021A000EDFF40F21D1113481CF0DFFF206A0A68A2
:1021B000814208BF2262E26183F31188BFF36F8F0F
:1021C000D1E901694046C1E9015523F021FF1EB163
:1021D000002249462046B047FDF75CFFCCE700BF30
:1021E000704D0020080000006831002008E604005F
:1021F00013AD040057E504000448B0F8043100F5BD
:102200008470002B08BF0020704700BF50260020BC
:1022100070B5044625F06AF90E46164A16498AB08A
:102220000858D2F88010884205D120460AB0BDE88F
:102230007040FFF791BF24342146104623F066FF1B
:10224000051E0FDA40F255130C4A0D490D481CF0DB
:1022500095FF29460C481CF091FF40F255110748A4
:102260001CF083FF1EB16946204614F057FA0AB0ED
:1022700070BD00BF704D00200800000057E504004D
:10228000A2B8040013AD04004EE6040038B50022E5
:1022900004468A4202D10024204638BD012004F1C0
:1022A000C803D3E8EF5F002D04D1C3E8EC0FBCF105
:1022B000000FF6D102D0D0340244EAE7002CEAD075
:1022C000C8220021204624F0E9FF04F1400004491F
:1022D00014F032FC034904F1240014F0F1F8DBE7B8
:1022E000413202004F1B0400F7B516460D4601218E
:1022F0000446FFF78DFF012E27D0022E54D123690B
:102300003BB132480121324A1DF0F3FF20461FF055
:102310003CFC256121690B8A012B55D9CA681288BA
:10232000043292B293424FD3A078022843D0934212
:1023300041D9012100922548264A1DF0EDFF204693
:1023400003B0BDE8F0401FF020BC206940B9224A2C
:1023500031461E481DF0CDFF20461FF016FC01E05F
:102360002F8A2FB9284603B0BDE8F040FAF7FCBA2F
:102370000C301EF0C2FC87420CD9184A3146134873
:102380001DF0B7FF00222046216901F071FA0023F9
:102390002361E7E720692A8AE9680C301EF0B5FC62
:1023A0002846FAF7E1FAB5E7334601210C4A074817
:1023B0001FF0BAFBD0E7002301222046236103B0BF
:1023C000BDE8F04001F054BA03B0F0BDF87F04005E
:1023D00069E60400E9E6040086E60400A4E60400D9
:1023E000CBE60400034610B590B100F1C8021046D8
:1023F0001FF097FBC0B1411CD2E8EF4F844204D1DB
:10240000C2E8EC1FBCF1000FF6D1F0D1184610BDA8
:102410000649074840F2BC53064A1CF0AFFE40F2A2
:10242000BC5104481CF0A1FE0346EFE70BE7040093
:1024300013AD040057E5040038B50121044600F14E
:10244000BC03D3E8EF2FC3E8E51F002DF9D152B943
:10245000FFF7C8FF15F078FB054804F1B8011FF03D
:1024600050FB15F0DFFBBDE83840FDF713BE00BFA1
:102470007427002070B5484B5A8C32B1474DD5F8BF
:10248000244134B90024204670BD1B68002BF5D1CF
:10249000F8E754F8B83903B1B83B0026404912E0D8
:1024A0001346B5F80421002A74D0D5F81021C2B91A
:1024B00004F1B806002BE5D0D3F8B8201C46002A5A
:1024C000EED0A2F1B803A342EBD1364940F2BB33C0
:1024D000354A36481CF052FE40F2BB3132481CF0FF
:1024E00044FE0A68002AE3D0D4F8A420002ADFD0F2
:1024F000D4F8A820002ADBD0D4F8AC20002AD7D00A
:10250000637B072B0DD12046904750B104F1C000EA
:102510001FF007FB022804DC2046BDE87040FFF7EF
:1025200061BF04F1B803B34209D121494FF4767376
:102530001D4A1E481CF022FE4FF47671CEE7D4F8F7
:10254000B820FEB9D5F82811C5F824218B4201D155
:10255000C5F82821002204F1BC03C4F8B820D3E850
:10256000EF1FC3E8E02F0028F9D12046D4F8AC30A3
:102570009847002887D0637B072B84D12046FFF73C
:102580005BFF80E73260D5F82821934208BFC5F889
:102590002861DFE79368FFDEA43200205026002088
:1025A0006831002004E7040057E5040013AD04007F
:1025B00010E7040037B570B91E4940F2E4531E4AD3
:1025C0001E481CF0DBFD1E481CF0D8FD40F2E45113
:1025D00019481CF0CAFD8578C478C830D0E8EF3FB0
:1025E0005A1EC0E8E12F0029F8D101A801931FF07D
:1025F00098FA019B002B0CDC124940F2F4530E4A6E
:102600000E481CF0BBFD10481CF0B8FD40F2F45120
:10261000DEE701280BD10D4813F0D0FB0C4814F075
:1026200077F8012D03D1012C01D1FFF7FFF803B09A
:1026300030BD00BF0BE7040057E5040013AD0400F4
:102640002BE704004AE7040052E704001831002099
:102650001C2B0020F8B5467B04468E420D4600AF89
:102660001BD1082E98BF624B6C4688B094BF53F8BC
:102670002630604B6A466049C2E905134FF4007387
:1026800093835E4B42F8103F00234FF4E4515C48C3
:10269000F5F7E0FEA546BD46F8BD417326B983783F
:1026A000082B01D0FFF79EFE637B082B00F29D8074
:1026B00001A252F823F000BF152702009127020063
:1026C000972602009726020097260200972602000E
:1026D00097260200DD26020097260200A378042B2D
:1026E000D9D00021474816F0A9FB0023C4E90D33D7
:1026F000E378012BCFD1A3784FF42032012B08BF10
:10270000032304F1400008BF84F89430002314F040
:10271000C3FAC0E7A378042B03D12046FFF74AFF92
:10272000B9E7082EB7D801A353F826F08327020093
:1027300051270200752702001B2702001B270200F9
:102740001B2702007527020083270200832702004F
:1027500004F14005284614F02DFB01212046FFF727
:1027600057FD20461FF011FA00220023284614F0DE
:102770001BFB90E7237B002BCFD02046FFF7C6FB47
:10278000CBE72B46204A02211D481FF0CDF982E7F6
:10279000237B3E2B0FD16D4688B06A461B4BC2E9A6
:1027A0000534032342F8103F00234FF4C45114486A
:1027B000F5F750FEAD46164D05F58476616911B901
:1027C000FDF768FC67E7A2690B68914208BFA36147
:1027D00020466361FFF7D2FBB5F80431002B14BF2C
:1027E0003046002013F0EAFAE8E72B46094ACAE728
:1027F000A888040070E704007AE7040003000001E1
:10280000F87F04002C2B00208BE70400A2E70400D3
:1028100050260020C9E7040070B5024605460E4662
:102820000A4801211FF0BAF9044610B900242046D5
:1028300070BD83781E42FAD12B460221044A054816
:102840001FF072F92046FFF7B5FEEFE78045002044
:10285000E5E70400F87F0400F8B5074609480D468F
:102860001646FFF7BFFD044650B183781F4203D1DF
:10287000BDE8F840FFF79EBE3146A8472046F7E77F
:10288000F8BD00BF80450020002201200149FFF76C
:10289000E3BF00BF431B04000C4A08B50C49831A70
:1028A0001B11904201FB03F30ED00A4940F21A6358
:1028B000094A0A481CF062FC09481CF05FFC40F21F
:1028C0001A6105481CF051FCD8B208BD80450020B3
:1028D000C54EECC4FCE7040057E5040013AD04004A
:1028E000C5E804002DE9F84305460F4616461C4688
:1028F0009046994623F01AFC58B11B491B4840F2F8
:1029000036631B4A1CF03AFC40F2366118481CF052
:102910002CFC34430DD024F0E9FD164BD3F8802075
:10292000154B1B589A4207D10221144A14481DF036
:10293000E0FC4FF00008C146124942464B46002DCC
:1029400014BF284608461EF0B2F9044638B90221E1
:102950000D4A0B481DF0CDFC2046BDE8F883791DDB
:102960000C30FAF7B1F8F7E7DFE8040013AD040024
:1029700057E50400704D002008000000EEE8040058
:10298000F87F0400D431002017E9040010B5044694
:10299000054813F0BDFE204600F0B0FD2046BDE81E
:1029A0001040FFF7B3BA00BF0C2B002010B5437BDB
:1029B0000446023B062B29D8DFE803F00B04282845
:1029C000281E0900017300212046FFF743FE002066
:1029D00010BD8378012BFAD040F254730D4A0E4992
:1029E0000E481CF0CBFBA1780D481CF0C7FB40F251
:1029F000547108481CF0B9FB00881EF0FFFD002848
:102A0000E6D1637B072BE2D10821DDE76FF07F0081
:102A1000DEE700BF57E50400821E050013AD040089
:102A200040E904002DE9F04F002587B000AFFD60BC
:102A30007D61FFF71FFD0446002800F04B81437BBA
:102A4000072B12D06E4688B06A46A44BC2E9053007
:102A5000032342F8103F4FF4C4512B46A048F5F72A
:102A6000F9FCB546FDF716FB31E1DFF87882D0F8C6
:102A7000A430B8F8041107F1100298470546002861
:102A800000F02581B8F804213B699A4208D3014639
:102A9000D4F8A860204607F1140307F10C02B047F0
:102AA0003B69D7F80CA07B602B8AD7F814905BB9F0
:102AB0008D494FF425738D4A8D481CF05FFB4FF410
:102AC00025718A481CF051FB28461EF0E2FC48B1F3
:102AD000854940F29B23854A85481CF04FFB40F214
:102AE0009B21EEE7B8F804318248002B08BF002094
:102AF0000022002313F0E6F960B17B4940F2AB23DA
:102B00007A4A7B481CF03AFB7B481CF037FB40F2CA
:102B1000AB21D6E700220023784813F0C3F806461D
:102B200060B9714940F2B623704A71481CF026FB27
:102B300073481CF023FB40F2B621C2E7C0E901A9AB
:102B40007B68B8F804B15B452B7A98BFB7F804B03E
:102B5000013B012B09D96B494FF43573634A644833
:102B60001CF00CFB4FF43571ABE728461EF091FCCE
:102B7000814638B16449A3235C4A5D481CF0FEFAE3
:102B8000A3219EE70146002200236048F9F744FD97
:102B9000824658B1F9F7F8FC5D4B294603EB001368
:102BA0005A465046FCF77AFB054648B9594940F267
:102BB000DD234E4A4E481CF0E1FA40F2DD2180E769
:102BC0007B68B8F8042194F8C4B093428CBF4FF0EE
:102BD00001090BF1020384F8C49098BF5FFA83FBEC
:102BE00004F1C009D9E8EF2F0132C9E8E12F00292B
:102BF000F8D104F11403314618467B601EF081FFC2
:102C000094F802A0BAF1010F0DD040F20133374A17
:102C1000354937481CF0B2FAA1783F481CF0AEFAAB
:102C200040F201314DE705F10C02042110467A60B3
:102C3000F9F76CFF21880BF0FD0341EA03330380B1
:102C40002B8A7A68043B4380022110461EF03AF832
:102C50002846FDF7C7F800283FF404AF7860D9E8AC
:102C6000EF2F013AC9E8E12F0029F8D1314604F1EC
:102C700014001EF06FFF7B685146284A18481EF06A
:102C800053FF2846F9F770FE20463146FFF776F9E4
:102C9000B8F804311748002B08BF002013F08EF855
:102CA0006D4688B06A461E4B53616FF00403C2E95B
:102CB0000634042342F8103F4FF401510848002322
:102CC000F5F7C8FB1321AD462046FFF76FFE2046FF
:102CD000FFF770FC1C37BD46BDE8F08F57E90400D4
:102CE000F87F040050260020821E050057E50400EE
:102CF00013AD0400582700206EE90400683100205D
:102D000083E9040093E90400BBE90400A432002035
:102D1000085B0020D5E90400E9E904006AD9040051
:102D200006EA0400F8B5031D044618461EF0F9FE35
:102D3000820415D5B4F88620B4F8881091420FD8D3
:102D4000B4F88A1091420BD3D4E92312914207D1EF
:102D5000D3E8EF1F21F40051C3E8E21F002AF7D1A6
:102D6000184B1D686DB155F80C6C1C3D3EB12046EA
:102D7000B4F88E30B4F88C20B4F88610B047ED6902
:102D8000F0E7114D114FBD421AD911494FF4F763C5
:102D9000104A11481CF0F2F910481CF0EFF94FF4FA
:102DA000F7610C481CF0E1F92E693EB12046B4F8F9
:102DB0008E30B4F88C20B4F88610B0472035E2E7A6
:102DC000F2D3F8BD3C5B0020207F0400607F04004C
:102DD00087E5040057E5040013AD0400B7B1040013
:102DE0002DE9F041074608460D461EF0BFFB06469A
:102DF00018B900263046BDE8F0811C4B1C6884B130
:102E000054F8103C1C3C0BB9E469F8E729463846F5
:102E100098470028EDD028461EF0A8FB0028F3D1E3
:102E2000E7E7134CDFF84C80444518D912494FF4BA
:102E30000063124A12481CF0A1F912481CF09EF9D6
:102E40004FF400610D481CF090F929463846984728
:102E50000028CED028461EF089FB20B9C9E7C9D288
:102E6000E368002BF1D12034DEE700BF3C5B00209B
:102E7000207F0400607F040087E5040057E504001C
:102E800013AD0400B7B104002DE9F041C378044646
:102E90008BB900F17E06194B1D687DB11C3D04F114
:102EA00070076B691BB13A46314620469847ED6979
:102EB00025B11C3DF5E700F17706ECE7104D114F09
:102EC00004F17008BD4216D90F4940F688130F4A25
:102ED0000F481CF053F90F481CF050F940F68811C8
:102EE0000A481CF042F96B691BB142463146204644
:102EF00098472035E6E7F6D3BDE8F0813C5B00203B
:102F0000207F0400607F040087E5040057E504008B
:102F100013AD0400B7B10400F8B5437A05468372D7
:102F200016461EF0E0FF154B1C684CB154F8043CEB
:102F30001C3C1BB132462846697A9847E469F4E79D
:102F40000F4C104FBC4216D90F4940F6FE130F4AE2
:102F50000F481CF013F90F481CF010F940F6FE1151
:102F60000A481CF002F9A3691BB132462846697A67
:102F700098472034E6E7F6D3F8BD00BF3C5B00205D
:102F8000207F0400607F040087E5040057E504000B
:102F900013AD0400B7B1040008B5084B00F11C01E3
:102FA0001A6822B905481EF0ACFD104608BD9142D2
:102FB00001D01268F5E76FF01000F7E73C5B0020E6
:102FC00038B505460C460F480121FFF75FF9C0B13F
:102FD000057223680367A388A0F87430A37980F88A
:102FE00076300123437283728370074BC0F8A4309C
:102FF000064BC0F8A830064BC0F8AC30054BC0F803
:10300000883038BD8045002055360200CD1F0200B3
:10301000171B04001800280070B505460A480E4624
:10302000FFF7E0F9044620B18378012B04D0FFF7C5
:10303000C1FA0024204670BD324629461EF0E7FD45
:103040000028F7D12046F2E780450020B0B500AF58
:103050000D46FFF7E1FF044610B32846FBF738FEA4
:10306000637B6D46082B98BF0E4A8AB094BF52F816
:1030700023300D4B6A46C2E907030C4B0C495362DF
:103080000C4BC2E9051442F8103F00234FF44251A3
:103090000948F5F7DFF92046AD46FFF78BFA012026
:1030A000BD46B0BDA888040070E704000103020417
:1030B00029EA040005000002F87F0400F8B505467F
:1030C0000E480E461746FFF78DF9044620B1837867
:1030D000012B03D0FFF76EFA00240DE036B1324623
:1030E00029461EF094FD08B92046F3E7637BBB42F6
:1030F000FAD1237AAB42F7D12046F8BD80450020B3
:1031000070B5837805460B70C3780C464B70037A14
:103110008B70467B082E11D8294B9B5D0B770023C3
:10312000CB771EF0DBFD607728461EF097FDA07779
:10313000AB78012B12D06FF0150070BD40F60C3348
:10314000204A214921481CF019F8314620481CF03A
:1031500015F840F60C311B481CF007F805F1700318
:10316000A3602B7A1B4AC3EBC30313446360E97863
:1031700005F17E0305F1770211B1194613460A469F
:10318000C4E90323B5F88630A382B5F88C30E38216
:10319000B5F88E302383D5F8A03023B15B7BDA06F7
:1031A00044BF0123E377D5F8A03013B15B7B9B06C6
:1031B00001D40020C1E7E37F43F00203E377F8E79F
:1031C000C9EA040057E50400821E050013AD04009F
:1031D00062EA04005026002038B5044608460D4631
:1031E0001EF0C4F938B3154B93F8D830990707D4BB
:1031F000E37873B129462046BDE8384000F064BB4F
:1032000094F895309A07F3D5201D1EF08AFC4304EC
:10321000EED4294620461EF072FD58B92B88A4F83A
:1032200088306B88A4F88A30AB88A4F89030EB889B
:10323000A4F8923038BD6FF01500FBE7502600204F
:10324000F7B510F8333C0446A0F140068BBB30467E
:103250001EF031FE394B1D684DB155F8183C1C3D30
:103260001BB1304614F8341C9847ED69F4E7344D2F
:10327000344FBD4216D9344940F27E73334A344844
:103280001BF07CFF33481BF079FF40F27E712F4822
:103290001BF06BFF6B681BB1304614F8341C984769
:1032A0002035E6E7F6D3304603B0BDE8F040FFF73F
:1032B00081B910F83E3C012B3ED1A0F13C05D5E888
:1032C000EF3F23F40052C5E8E12F0029F7D199041C
:1032D0001FD5A36C69460093236D30460193FFF719
:1032E0007BFF034678B9D5E8EF3F23F48053C5E868
:1032F000E23F002AF7D14FF40061284603B0BDE851
:10330000F0401EF013BC144A022114481EF00CFCBD
:10331000F1E74FF42813124A69463046CDE90023FD
:10332000FFF75AFF034628B94FF4805128461EF094
:10333000FDFBE0E70B4AE7E703B0F0BD3C5B002094
:10334000207F0400607F040087E5040057E5040047
:1033500013AD0400B7B104007AEA0400F87F04005A
:10336000180028009FEA04000B4B58B11A6862B994
:1033700002693AB902685AB942684AB982683AB9E8
:1033800042692AB91860002070476FF077007047D3
:103390006FF01500704700BF4C5B002008B568B1A6
:1033A000094B00F10C011A6822B907481EF0A9FB6D
:1033B000104608BD914204D01268F5E76FF0150081
:1033C000F7E76FF07700F4E7445B002010B902489C
:1033D000FFF708B8002070478045002010B50C4862
:1033E00022F009FE0B490A4822F012FE0A49084859
:1033F00022F00EFE0949064822F00AFE1FF05AF993
:1034000004F070FC044608B91EF0D5FD204610BD3E
:1034100068310020185B0020245B0020305B002016
:1034200008B503460121034A03481CF06BFF002046
:1034300008BD00BF5BEB04005080040080B500AF06
:1034400088B06A46074BC2E90530032342F8103FB3
:1034500000234FF4C2510448F4F7FCFF6FF00B0057
:10346000BD4680BD83EB040050800400044B1A6805
:103470000AB1FFF7E3BF0348586010460B6070477E
:10348000505B0020EC88040010B50268D2F8B03020
:103490005BB9164940F2D223154A16481BF06EFE5E
:1034A00040F2D22112481BF060FED2F8B4401968F5
:1034B000A34208BFC2F8B410C2F8B01000F14C0229
:1034C0009342E6D100225030D0E8EF3FC0E8E12F30
:1034D0000029F9D14BB9084940F2D623044A0548DE
:1034E0001BF04CFE40F2D621DCE710BDDBEB040004
:1034F000AAEB040013AD0400F5EB0400F7B5044695
:1035000000262A4D2A4FBD424DD92A494FF4CD738A
:10351000294A2A481BF032FE29481BF02FFE4FF49F
:10352000CD7125481BF021FE20466B6801A9984704
:10353000002833DB019B2A889A829A84A86803F1C9
:103540001002D2E8EF1FC2E8EC6FBCF1000FF8D117
:10355000C3E91466DE649E60A16B03F10802F9B949
:10356000C4E90D221C60D86003F1300022F043FD55
:10357000019843681B6803B19847019B1033D3E857
:10358000EF1F41F00101C3E8E21F002AF7D10198C3
:103590004368DB6913B100F1100198470C35B2E7BD
:1035A0000A60A263DEE7BFD303B0F0BDFC7E040077
:1035B000207F0400F9EB0400AAEB040013AD040023
:1035C000B7B1040070B5044652EA03000AD023F0F4
:1035D0008DFF074D074ED5F880503058854204BF07
:1035E000002213462046BDE870400431FFF77AB947
:1035F000704D00200800000073B5054618462B6882
:103600000BB35B7B072B1ED1002A14BF02230123BF
:103610000E7A9E4209DD01210C4A0D4800961CF0ED
:103620007BFE6FF0150002B070BDCB7A072BF8D986
:10363000C8618A6105F1300022F0EAFC28461EF0DC
:10364000D6FB0020EFE76FF07F00ECE720EC0400F2
:10365000508004002DE9F04780460E469146D0F890
:10366000B04000AF4CB14C3C236B6BB104F1300A5D
:10367000504622F0E2FC054658B9FCF70BFD002548
:103680002846BD46BDE8F0872046FFF7FDFEE46C06
:10369000E8E798F80D30072B0BD03C4940F2B333E4
:1036A0003B4A3C481BF06AFD40F2B33138481BF0FE
:1036B0005CFD1DF0EEFE80B16C4688B06A46364B6C
:1036C000C2E90535032342F8103F00234FF4C251ED
:1036D0003248F4F7BFFEA546D1E72846F9F772F95C
:1036E000636D0546B3B9A38CB0F81080403B9BB224
:1036F0003F2B03D8238D984528BF9846042105F118
:103700000C00F9F703FAA0F80080A38C438008F1BD
:1037100004036365636D2A8AB3420ED8934215D0C1
:10372000A38C403B9BB23F2B2CD92046FFF7ACFE2D
:10373000236B13B120461EF05AFB636D9E422CBFD3
:1037400000269E1BC9F80030666599E70022002319
:10375000504612F0A7FA854209D0114940F2E533EC
:103760000B4A0C481BF00AFD40F2E5319EE7F9F7E1
:10377000FBF8A38CA3F140023F2AD6D8094AAA61DC
:10378000EB61D2E700221346F9E700BF40EC0400EA
:10379000AAEB040013AD040061EC040050800400A7
:1037A00079EC0400691F040073B50D460646042138
:1037B00005F10C00F9F7E8F92B8A428804469A4291
:1037C00007D000921C4A01211C481CF0A5FD02B044
:1037D00070BD43783BB90121194A184802B0BDE8D1
:1037E00070401CF086BD0378012BF0D0132B06D15E
:1037F000022AECD0022300931346124AE3E7022187
:10380000114A0E481CF07EFD6178022201203568C5
:103810001EF086FB04460028D9D002210C30F9F7AF
:10382000D1F90023214603704370284602B0BDE859
:1038300070401EF0A6BB00BF89EC0400508004005D
:10384000AAEC0400CBEC0400F6EC040008B50B8AEB
:10385000032B06D80121044A04481CF04AFD00202D
:1038600008BDFFF7A1FFFAE71EED04005080040039
:1038700038B50B8A0546032B0C4609D801210F4A9F
:103880000F481CF036FD2046BDE83840F9F76CB80B
:10389000042104F10C00F9F777F9418828461EF05D
:1038A00081FB30B9074A0B46054802211CF02AFD6E
:1038B000E9E7436821465B699847E4E73CED04008B
:1038C0005080040059ED040070B5124B0C46197875
:1038D00005460131C9B2012938BF01210822122051
:1038E00019701EF01DFB064688B108210C30F9F74F
:1038F00069F922883146028062884280A2888280EB
:10390000E288C2802846BDE870401EF03ABB6FF0E6
:103910000B0070BDBF7E002023281FD81A2804D8B2
:10392000431E182B0ED906207047A0F11B03082B4D
:103930001ED8DFE803F0051D1B231D19251D0500FA
:103940000320704701230F4A83401A40C2B90E4A30
:103950001A40002A14BF01200620704700F07F03A0
:10396000522B05D100207047012070470520704779
:1039700010F0400F0CBF0620002070470420704755
:1039800002207047AAAA8A0254554501011F014826
:1039900011F020BE402F002010B5044600F158035E
:1039A000D3E8EF1F41F00101C3E8E21F002AF7D17D
:1039B000201F1EF0BFFB04F17C00044913F0BCF88B
:1039C0002068BDE8104002F0EDBD00BFD14A020002
:1039D00070B503788AB004460E4607AD032B20D895
:1039E000DFE803F002191B1D11492846EEF7E0F944
:1039F000059563781E210493A37830460393E378FA
:103A00000C4A02932379019363790093A3791AF006
:103A100069FC0AB070BD0849E7E70849E5E70849CD
:103A2000E3E70A212846074A1AF05CFCE0E700BFFA
:103A30008F990400B1990400969904009D9904009F
:103A4000A7990400FAFC04002DE9FF414FF000089B
:103A50004FF4205305460E46006802A91446176825
:103A60008DF80880ADF80A301DF080FCA0B142F658
:103A70000103286803A98DF80C80ADF80E301DF005
:103A800075FC48B123691BB15A88B24200D25E80EE
:103A9000012004B0BDE8F081616828681DF066FC73
:103AA00010B100232361F3E7E368A0681A786AB1D4
:103AB000B7F81AC0798D038A8C4594BFC3EB0C0309
:103AC000C3EB0103934201DA0020E2E704210C304A
:103AD000F9F778F820610680236929465E80074B54
:103AE0000194009338460023A2681EF066FB00286C
:103AF000EADB2069003818BF0120CAE79B210400D7
:103B00002DE9F04182B000AF044688460022002330
:103B100039463B4811F0D2FC0546B0B16D4688B03D
:103B20006A46384BC2E90534032342F8103F0023AC
:103B30004FF4C2513448F4F78DFCAD466FF00B06DC
:103B400030460837BD46BDE8F08123F0CFFC2F4B4F
:103B50003E681A582E4B29461A60301D2C2223F03D
:103B60009DFB34603C6800220023C4E90155C4E990
:103B70000A552848391D7D6011F0A0FC064688B121
:103B800023686C4688B06A462349C2E905130323BB
:103B900042F8103F4FF4C4512B461B48F4F75AFC2F
:103BA000A546CBE77B680146B822184623F076FB92
:103BB0001A4A8260643022F01EFA7B685C33D3E8D4
:103BC000EF2FC3E8E16F0029F9D17B681C60A36A7D
:103BD0007D681BB904F10C0022F00DFAA26A05F110
:103BE000B003C5F8B020E26AA36202B9E36217220B
:103BF0007B685A855A830433C8F80030A0E700BFB9
:103C0000202F00208EED0400E87F04000800000053
:103C1000F05B0020402F0020B3ED04003C2B00207F
:103C20002DE9F74317680546884600685168144631
:103C30007E681DF09BFB8146002842D130469522CC
:103C400029461EF0C7FF0646207540B1E3681B7881
:103C50000BB184F81490002003B0BDE8F083A06895
:103C6000F8F7C8FE02210C30F8F7ACFF164B2061C4
:103C7000A0F8008000930194334629463846A26894
:103C80001EF09BFA002807DA10F1FF0F32BF0E205A
:103C90004042C0B22075DEE72369002BDBD0A0686C
:103CA0001EF094F97B8B7A8D9A4294BFC0EB020090
:103CB000C0EB0300E3681B78984294BF002001200A
:103CC000CAE70120C8E700BFDD1F04002DE9F04F5F
:103CD00042F60103002591B0166880460F46006841
:103CE0000BA9D6F8049014468DF82C50ADF82E3060
:103CF0001DF03CFB002870D04FF42053D8F8000092
:103D00000BA98DF82C50ADF82E301DF02FFB38B1DB
:103D1000A3681BB15A88BA4200D25F8001200EE02E
:103D2000616808461EF052F9728D738B9A4294BFF7
:103D3000C0EB0200C0EB0300032803D8002011B041
:103D4000BDE8F08F0846F8F755FE054660681EF09E
:103D50003DF9728B738D05F10C0B9A4294BFC0EB49
:103D6000020AC0EB030A58461CF0C7FF824537D24F
:103D700060681EF02BF9728D738B9A4294BFC0EB72
:103D80000200C0EB030070B96368987AF8F7F4FB9F
:103D9000002200231CF08BFF05460028CED00146F0
:103DA0006068F8F76DFE00230093D8F804601023D4
:103DB0004146484602AAB047061E0EDB227CE06858
:103DC000B2422BD001460BA81DF0FEFA60B9237C4D
:103DD000144A022114481CF095FA0023A3609DE7C1
:103DE00058461CF08AFFCEE7F2B202A906A81DF0E1
:103DF000EBFA10B90D4A3346EBE706A90BA81DF004
:103E0000B5FA0028E9D100230421637405F10C0000
:103E1000F8F7D8FEA0600780A3687EE702A923F028
:103E200045FAEEE7D8ED0400E87F0400F7ED040062
:103E300008B5437B072B06D002210C4A0C481EF024
:103E4000DFF8002008BD04211EF0ACF810B9094AC3
:103E50000121F3E700F15803D3E8AF3FDB0701D4BA
:103E6000054AF5E750F8040CECE700BF16EE040035
:103E7000E87F040024EE04003FEE040010B5044681
:103E8000807AF8F779FB0B4B83420BD00A490B4839
:103E90004FF493730A4A1BF071F94FF49371084879
:103EA0001BF063F92046F8F76FFB1822054B02FB65
:103EB000003010BD0832002088EE040013AD04006D
:103EC00059EE0400A85B00202DE9F047074608469C
:103ED0000C46FFF7D3FFE3680646D0F8089007F1D9
:103EE0005C02D2E8AF2FD20709D40121284A294821
:103EF0001EF086F86FF015052846BDE8F087228A87
:103F00005AB9254925484FF4B973254A1BF036F9AB
:103F10004FF4B97122481BF028F9E2681278027157
:103F2000002202601B78D22B0FD13B682146186813
:103F30001FF094F8054640B101211A4A15481EF0B9
:103F40005FF82046F8F710FDD6E704F10C001CF0EE
:103F5000D0FE0023B4F810A080461A462146B76070
:103F6000381DFFF749FB05460028C5D010F1690F41
:103F700004D101210C4A07481EF042F86369A4F8F5
:103F800010A013FA88F3E360C6F808903560B3E731
:103F90003FEE0400E87F0400B4EE040013AD04001B
:103FA00059EE0400DAEE0400EDEE04002DE9F14FC5
:103FB0000446FFF763FF0021D0E902561822D0F82B
:103FC00000A090F80490C788D0F8108023F066F91C
:103FD000A07AF8F7D1FA6169834651B1637AD807BC
:103FE00005D4DBF82C3020461B689B6898470023DB
:103FF00063612146584622F016F8B9F1000F48D007
:10400000002D46D02B68002B43D01B68002B40D0DE
:10401000BAF1000F08D0012153462C4A2C4801B0B8
:10402000BDE8F04F1CF06EB94846FFF775FC04463A
:10403000281D1EF07FFA052C38D80123A34013F069
:10404000140926D113F0090F05F15C021AD113F0FF
:10405000220F2BD0D2E8AF3FDA0707D401211D4A47
:104060001B4801B0BDE8F04F1DF0CABF2B6E83B1F5
:104070004FF47022002305F1800001B0BDE8F04F3D
:1040800012F092BE2B681C68D2E8AF3FDB07E5D583
:104090003EB901B0BDE8F08F41462046B04709F176
:1040A00001091FFA89F3BB42F6D3F2E74FF43573E7
:1040B000094A0A490A481BF061F8214609481BF0E1
:1040C0005DF84FF4357104481BF04FF810EF040011
:1040D000E87F04003FEE040059EE0400821E050054
:1040E00013AD04002FEF040073B50D46438D418BD3
:1040F00001328B4228BF0B469A42064609D902215B
:1041000000921E481E4A1CF007F90024204602B007
:1041100070BD2846FFF700FC022812D0042810D0FA
:1041200023F0E4F9174B1958174BD3F880308B4222
:1041300017D0164B1B685A1A18BF4FF0FF321346A0
:1041400002E04FF47022002300211148FFF73AFAF1
:10415000044640B901212B460E4A08481CF0D2F80B
:10416000D3E70022EBE7FFF789FE0121866004F127
:104170000C00F8F727FD0570C8E700BFE87F0400D2
:1041800048EF040008000000704D0020F05B0020A4
:10419000083200205BEB0400F7B50B8A04460D469D
:1041A00007683BB90121294A29481DF029FF002051
:1041B00003B0F0BD012105F10C00F8F7E5FC7B7BB5
:1041C0000646072BF3D154F8043C002BEFD0002215
:1041D00003782048043C10F8327000EBC2019F4283
:1041E0000FD12A8A48788F78904222D901210093F2
:1041F00017481346184A1CF08FF8012FD7D1042313
:1042000020E001320E2AE6D102211148134A1CF0A7
:1042100079F831780846FFF77FFB0028C7D00528DA
:10422000C5D00029C3D00623002220461EF0C1F9C4
:10423000BDE74B68204629469847012F0346B6D173
:104240000028B4D031780029B1D0EDE76DEF04003B
:10425000E87F040014890400A2EF040088EF040042
:10426000F0B51E4603680D460039044618BF01210B
:1042700087B0186817461EF0E8FC40B904F15C00EE
:104280001EF05DF8002844D0002007B0F0BD002EDD
:1042900041D018220021684623F000F847BB23686C
:1042A00031461B68304600930023ADF812300C9B5A
:1042B0001A4A0393BDF834308DF80850ADF8103029
:1042C00001238DF814306B461DF0CDFE9DF814309F
:1042D000C3B1002FD8D00198F8F746FB9DF81430F1
:1042E000002DD1D03246294620461EF062F9CBE798
:1042F000002239462046FFF7F7FE01900028CED174
:104300001120C2E701990029BED020461EF043F9D2
:10431000BAE71220B9E70120B7E700BF0520040083
:10432000F8B50F461646FFF783FDB0B1846A204604
:104330001CB150F8B04904B1B03C731C194638B1F7
:10434000428D458BAA4228BF2A469A4207D264B9B9
:1043500002210A4A0A481BF0D5FF0020F8BD324668
:104360003946BDE8F840FFF7BFBED4F8B05005B1FC
:10437000B03D20460B462C46E2E700BFC1EF0400EB
:10438000E87F0400F8B54FF47022074600230F4879
:104390000D461CF08CFC044638B901212B460C4A12
:1043A0000C481BF0AFFF2046F8BD00F10C060921B8
:1043B0003046F8F789FB2046FFF760FD0121876052
:1043C0003046F8F7FFFB0570EDE700BF083200202C
:1043D0005BEB0400E87F04002DE9F0410E8A0446FF
:1043E000043EF6B2022E08468CB001D0102E64D1E5
:1043F00004210C30F8F7C8FB0DF108080588478840
:10440000011D324640461CF0DFFF002857D09DB307
:10441000002687B3AF422FD34FF42053404601A963
:104420008DF80460ADF806301CF0A0FF40BB1422EC
:10443000002107A822F032FF11212046FFF7A2FF3A
:104440000990002837D001210C30CDE90748F8F752
:10445000B9FB00230A90394603701A4A0B93284689
:1044600007AB1DF000FE0A9B1B78FBB90998F8F713
:104470007BFA0A2301E03D4601232A4610210EE083
:1044800042F60103404607A98DF81C60ADF81E30C6
:104490001CF06CFF0028CAD010232A46194620467B
:1044A0001EF087F800200CB0BDE8F0812046099985
:1044B0001EF071F8F6E71120F5E70420F3E70E206F
:1044C000F1E700BF493A02002DE9F04303680446D2
:1044D0000D4685B0012118681EF0B7FB40B904F104
:1044E0005C001DF02CFFB0BB122005B0BDE8F083CE
:1044F00010220021684622F0D1FE21212046FFF73C
:1045000041FF029048B34FF00108DFF85490009447
:1045100005F10C072B8A012B04D8204602991EF0C6
:104520003AF818E038461CF0DCFB6B464A46014678
:1045300006468DF80C801DF096FD9DF80C30002B82
:10454000E8D00298F8F710FA3246202120469DF86C
:104550000C301EF02EF80020C7E71120C5E700BF81
:104560009B2304002DE9F043036804460D4685B003
:10457000012118681EF069FB40B904F15C001DF0D0
:10458000DEFEB0BB122005B0BDE8F0831022002192
:10459000684622F083FE0F212046FFF7F3FE0290CB
:1045A00048B34FF00108DFF85490009405F10C0770
:1045B0002B8A012B04D8204602991DF0ECFF18E04D
:1045C00038461CF08EFB6B464A46014606468DF87F
:1045D0000C801DF048FD9DF80C30002BE8D00298AF
:1045E000F8F7C2F932460E2120469DF80C301DF036
:1045F000E0FF0020C7E71120C5E700BF55230400F6
:10460000F0B51D46036804460E4685B001211868C2
:1046100017461EF01AFB38B904F15C001DF08FFE3E
:1046200048BB122005B0F0BD65B3102200216846DA
:1046300022F034FE39462046FFF7A4FE029018B35C
:10464000BDF828302946ADF80430012328468DF8FE
:104650000C300E4A6B4600941DF005FD9DF80C30A1
:104660005BB10298F8F780F92A46314620469DF85A
:104670000C301DF09EFF0020D4E7204602991DF06B
:104680008AFFF8E70120CDE71120CBE7552304008E
:104690002DE9F0410E8A0446043EF6B2022E084689
:1046A0008CB001D0102E76D104210C30F8F76CFAC2
:1046B0000DF1040805884788011D324640461CF06C
:1046C00083FE002869D085B377B3BD422DD8012180
:1046D00060681EF0BAFA064678BB42F602038DF80F
:1046E000000069464046ADF802301CF03FFE20B3A2
:1046F00042F60303404606A98DF81860ADF81A305B
:104700001CF034FEC8B1012D03D14FF6FF739F4258
:1047100013D004F15C001DF012FE002814BF00202D
:1047200012200CB0BDE8F0813D4601232A46082145
:1047300020461DF03EFF0020F3E7182200210DEB7C
:10474000020022F0ABFD09212046FFF71BFE089076
:10475000F8B101210C30CDE90648F8F733FA00230F
:10476000099003700A2339468DF82C30284606AB91
:104770000B4A1DF078FC9DF82C302BB10898F8F707
:10478000F3F89DF82C30D1E7204608991DF003FF7F
:10479000D1E71120C5E70420C3E70E20C1E700BF21
:1047A000213C02002DE9F0430F460446062187B064
:1047B00007F10C00F8F7E8F90588B0F80280828864
:1047C000D7F80C90C5B10023B8F1000F13D04545C0
:1047D00012D88DF800308DF804304FF4205368461D
:1047E00001A9ADF80220ADF806301CF0BFFD064669
:1047F00060B10A2301E0454601232A4606212046EE
:104800001DF0D7FE002007B0BDE8F083014614225A
:1048100001A83F7C22F042FD07212046FFF7B2FDB0
:104820000290D8B10A2341468DF81530284601ABD5
:104830000B4ACDE9036901948DF814701DF013FC47
:104840009DF815302BB10298F8F78EF89DF81530C9
:10485000D3E7204602991DF09EFED3E71120D2E750
:10486000CD3C02007FB5CB6804461D885E8885B1CB
:1048700076B1B5420DD810220021684622F00EFD17
:1048800005212046FFF77EFD019058B9112007E071
:10489000354601232A46042120461DF08AFE0020C9
:1048A00004B070BD6B4631462846084A00941DF09E
:1048B000DAFB029B23B90198F8F756F80A23E9E7D7
:1048C000204601991DF067FEE9E700BF7D20040046
:1048D00007B50B460021024622F008FE01910F4960
:1048E00009580F480068884204D00E48D0F880006C
:1048F000884201D10022134601A90B4810F0DEFDC9
:10490000014648B9019B1C22184622F0C7FC034609
:10491000184603B05DF804FB0023F9E70800000027
:10492000F05B0020704D0020802F002010B5044661
:10493000806818B1F8F718F80023A3602146BDE895
:104940001040014810F046BE802F00202DE9F347AB
:10495000044680300E4617461D4612F02BFA206E94
:1049600058B918480221184A1DF04AFB204600F0A9
:104970008FF8002002B0BDE8F087144B4FF000081C
:10498000984205D12068C4F860801DF08CFDF0E7E6
:10499000D0F80490C0F80480206ED0F818A0FFF77B
:1049A000C5FF2068C4F860801DF07DFDB9F1000FDF
:1049B000DFD02068CDF800A03B463246294600688B
:1049C000C847D6E7E87F0400DCEF0400F45B002072
:1049D000F7B550F8044C0546002C55D000F1AC0159
:1049E00004F128001DF090FC2E1F05F16007002245
:1049F0000023384611F056F9024658BBEB6D2BB137
:104A000001466FF067033046FFF7A0FF002345F82B
:104A1000043C05F15803D3E8EF1F21F00101C3E87E
:104A2000E21F002AF7D1A36A73BB04F10C0600222F
:104A30000023304611F036F978B9666886B9214608
:104A40001248266010F0C6FD286803B0BDE8F040AB
:104A500001F076BEF7F788FFC9E7F7F785FFE6E7CD
:104A6000A26833689642636008BFA36077683FB16D
:104A7000B3696FF067010093002320681A46B847B6
:104A80003046FFF753FFD8E703B0F0BD202F0020DA
:104A900030B50546044655F8043B89B018681DF04A
:104AA00025F96946FEF794FF2846FFF791FF132189
:104AB0006068FDF77BFF034620B10121024A0348ED
:104AC0001BF020FC09B030BDF3EF0400E87F0400C8
:104AD000B0B588B0044654F8803D00AF18681DF0AA
:104AE00005F93946FEF774FF6D4688B06A460B4BF0
:104AF000C2E905374FF400739383094B42F8103F26
:104B000000234FF4E2510748F3F7A4FC2046AD46DA
:104B1000FFF7BEFF2037BD46B0BD00BF11F0040057
:104B200003000001E87F040070B50E4658B9214922
:104B300040F6A273204A21481AF020FB40F6A271E9
:104B40001D481AF012FB49B91D4940F6A3731A4AD1
:104B50001A481AF013FB40F6A371F1E7FFF768F962
:104B6000044628B93046F7F7FFFE6FF07F0070BDAE
:104B700000F10C052846314621F04AFAA06A38B106
:104B800050F8B04904B1B03C29461DF0BAFC20B938
:104B90000020ECE71C466FF00100002CF8D0D4F8A0
:104BA000B03023B90230F5D020461C46ECE7B03BCC
:104BB000F8E700BF0BE7040059EE040013AD040052
:104BC00005D6040038B50C46054658B9184940F6D4
:104BD000B773184A18481AF0D1FA40F6B771154859
:104BE0001AF0C3FA49B9154940F6B873114A124888
:104BF0001AF0C4FA40F6B871F1E712F0A5FF2846A2
:104C0000FFF716F920B913F00DF86FF07F0038BDEB
:104C10000023236083683BB9C0E901441DF043FCD5
:104C200013F000F80020F2E71C608460F6E700BF94
:104C30000BE7040059EE040013AD04003DF004003E
:104C400008B521F003FE38B1034601210348044AA8
:104C50001DF0EBFD6FF0040008BD00BF18800400DC
:104C600048F0040010B51846144607491022A04722
:104C7000041E07DA23460121044A05481DF0D5FD2C
:104C8000204610BD0024FBE7A84600205EF004008B
:104C90001880040070B50D4C064623780D468342FB
:104CA00004D12846611C1DF015FE58B9237CB3427F
:104CB0000AD1284606491DF00DFE10B1012004EB73
:104CC000001070BD0020FAE70020FAE7285C002001
:104CD000395C002070B50D4C064623780D468342A2
:104CE00004D12846611C1DF0F5FD58B9237BB34261
:104CF0000AD1284606491DF0EDFD0028054808BFE9
:104D0000002070BD2046FCE70020FAE75046002056
:104D10005D4600205C46002070B50D4C05462378AA
:104D20000E46834203D1601C1DF0D4FD60B9237B85
:104D3000AB420BD1314607481DF0CCFD18B1012024
:104D40000C2303FB004070BD0020F9E70020FAE7C8
:104D5000227D00202F7D002070B5204B14468268F4
:104D60009A420FD1A568C66875B922793046216884
:104D70001DF0B8FD024628B1194901301DF0D7FDDC
:104D800015701581012070BDE0680028FBD02B88CC
:104D90008B420AD0F6D2E068A36801380433E060A1
:104DA000003818BF0120A360EDE725682279294665
:104DB00030461DF097FD024660B9304608491DF0A7
:104DC00091FD02460028E6D0294601301DF0AFFDD6
:104DD00023791370A3685B881381DCE78153020099
:104DE000C1D10400102110B50648FAF7E1F80346D6
:104DF00030B1BDE810400121034A04481DF015BD43
:104E000010BD00BF984600207FF004001880040009
:104E100070B50646134D40B12A4615F8011C6C1EAC
:104E20001CF0F5FE98B120460CE028460E491DF016
:104E300051FD40B90C4905F110001DF04BFD20B1AA
:104E400005F10F0070BD681EFCE70020FAE7304650
:104E5000217C04F111021CF0DAFE0028F5D004F1E7
:104E60001000EFE7295C0020C1D1040010B54A1CF6
:104E70000C4638B109781CF0CAFE08B1204610BDB6
:104E80000020FCE7104602491DF024FDF5E700BFB5
:104E9000C1D104002DE9F04106460F4690461CF0B2
:104EA00088FB394604463046FFF714FF0546B4B385
:104EB000A8B91C481DF042FD1B4A0446F0B102F19E
:104EC00014001DF03BFDD8B9012402F10C050C23A0
:104ED0005C43601C394610441DF029FD1655012124
:104EE00005F1080001FA08F11DF00BFDBDE8F041E5
:104EF0004FF4004200230D4811F056BF1546E6E777
:104F00000B4940F2BC530B4A0B481AF037F90B48D7
:104F10001AF034F940F2BC5106481AF026F9BDE8FF
:104F2000F08100BF5846002050460020684600200F
:104F3000D5F00400A5F0040013AD0400E7F0040070
:104F40000246014610B5042311F8010B0832F9F7A7
:104F5000FDFF034630B1BDE810400121024A03487D
:104F60001DF063BC10BD00BF06F1040018800400F2
:104F70002DE9F04180460F4616461D46FFF7CCFE50
:104F8000044680B91549FFF7C7FE044630B9BDE8AD
:104F9000F0410121124A13481DF0D3BC394600F8F4
:104FA000018B1DF0C4FC228963896AB973B926811B
:104FB0006581214611F8010B1CF0FBFA40B1204637
:104FC000BDE8F041FFF7BCBF964203D39D42EFD846
:104FD000BDE8F0819D422681EBD9E9E7C1D104000B
:104FE00022F104001880040008B50121024A034898
:104FF0001DF0A7FC002008BD41F10400188004004A
:1050000038B514460E4B82680D469A4215D1227966
:105010002168C0681DF066FC78B1D4F8C8302F2B29
:1050200003D9BDE83840FFF7DFBF04EB83021581E9
:10503000018901335181C4F8C830012038BD00BF57
:105040008153020008B502210346034A03481DF0BC
:10505000ECFB6FF00D0008BD95F104001880040012
:1050600008B50121034A04481DF06BFC6FF01500E0
:1050700008BD00BFBDF10400188004001FB519462B
:105080004FF428131046064ACDE902230823BDF841
:10509000182000936B441DF06EFC05B05DF804FB16
:1050A0001800280038B51546084B82689A420AD184
:1050B000C4682968013420461DF00CFC18B1204654
:1050C00069681DF034FC012038BD00BF8153020027
:1050D00008B513468168074A914209D11A791968BF
:1050E000C0681DF0FFFB18B100230360436003811B
:1050F000012008BD815302004FF4A472002301482F
:1051000011F052BE3047002008B5042108481DF0B8
:10511000F8FB6FF0020106481DF0FEFB04481DF08D
:105120000DFCC30701D5FFF7E7FF002008BD00BF56
:1051300060470020024608B5074901301DF0F7FB23
:1051400000230C3202F8043CD2E8EF1FC2E8E03F33
:105150000028F9D108BD00BFC1D1040010B5FFF788
:10516000DBFD044678B1014611F8010BF9F7FCFEAE
:10517000034620B10121054A05481DF056FB0023D6
:1051800023606360A360002010BD00BFC9F104006C
:105190001880040070B500F1700605463146007AAB
:1051A0001CF007FA04463146287A54B1FFF7D6FFBF
:1051B000034660B1BDE870400121054A05481DF075
:1051C00034BBFFF7A9FD10B104604460846070BD7A
:1051D000E6F10400188004002DE9F04385B00E4686
:1051E00090469946044600AF58B90121344A3548E3
:1051F0001DF0A7FB6FF0150528461437BD46BDE826
:10520000F08307F108011CF08BF8054698B16D4654
:1052100088B06A462C4BC2E905344FF4007393837F
:105220002A4B42F8103F00234FF4E2512548F3F790
:1052300011F9AD46DEE72046391D1BF087FB786883
:1052400058B10A22294619F099F8034628B10121DC
:105250001F4A1C481DF0E9FACCE7002007F10801BD
:10526000FFF75AFD044620BB002EC5D01949FFF7B1
:1052700053FD044638B90121174A12481DF061FB5D
:105280006FF00B05B8E7002307F1080100F8013BB8
:105290001DF04DFB04F1080104224846C047041EDE
:1052A000AADA234601210D4A06481DF0BEFA25461A
:1052B000A2E7002EEED10660466086609CE700BF44
:1052C000ECD1040018800400FCF10400030000018C
:1052D00018F20400C1D1040033F204005EF00400AF
:1052E0002DE9F041234B1546826807469A4202D1C8
:1052F000C468638933BB0120BDE8F081FDF75AF92A
:105300000021E3686181002BF5D038469847F2E729
:1053100005F170084146287A1CF04BF968B9164B24
:105320009C4202D12846FFF735FF304613491DF055
:10533000FEFA002323702381E2E7414630461DF048
:10534000F6FADDE72389002BDAD0264616F8011B92
:10535000284632461CF05BFC0028D9D13146207823
:10536000FDF75AFE0028CBD0437B072BC6D1FDF7B3
:1053700021F9C0E781530200AC2B0020C1D1040009
:105380002DE9F0471F46BDF8203006468846D1F883
:105390000C90002B4ED17B1E012B4ED8012F49467D
:1053A000157818BF1588FFF761FD0446B8B915B91F
:1053B0003846BDE8F0874946FFF758FD044638B93E
:1053C0001F4802211F4A1DF0BCFA6FF01000F0E7E1
:1053D00006F1700101301DF0AAFA337A2370D9F872
:1053E0001030DBB9B4F808A02581B9F80A30AB4217
:1053F00003D0494640461DF0A6FAAA4505D0002232
:10540000307A06F17001FFF745FD002DD0D10E492D
:10541000601C1DF08CFA25702581C9E72A4641469B
:10542000304698470028C4DB01380128DAD96FF0EC
:105430000D00BEE76FF00600BBE76FF00C00B8E7A9
:105440001880040055F20400C1D1040008B5012100
:1054500011481DF056FA10F0010F104B0AD1104AF6
:105460009A610D481DF06AFA830713D4BDE808401D
:10547000FFF742BE1A8B588B012A4FF6FF7205D8F0
:10548000904207D04FF6FF725A83EAE790421983A1
:10549000E7D0F7E708BD00BF6047002010470020B5
:1054A0000100FFFF2DE9F0411F46BDF81830064608
:1054B000012B904635D83B44012B3D4634DCFFF7A9
:1054C000A7FC044668B9FFF7A3FC044648B90221CB
:1054D000184A19481DF035FA6FF010052846BDE846
:1054E000F08197B10023217A98F8002021FA03F087
:1054F000C70703D522FA03F0C00718D50133032BE1
:10550000F4D102F007021143217206F17001601C10
:105510001DF00DFA337A0121204623701DF0D9FACF
:10552000DCE76FF00605D9E76FF00C05D6E76FF002
:105530001205D3E76FF204001880040010B56FF075
:10554000020104460E481DF0E7F90D481DF0F6F97A
:10555000C20704D5002200230A4811F025FC20468A
:105560001DF015F958B12046FFF752FC38B1037A07
:10557000DB0704D5BDE8104001211DF0AABA10BD1B
:1055800060470020304700202DE9F04385B0894670
:1055900016469846044600AF58B90121414A424890
:1055A0001DF0CFF96FF0150528461437BD46BDE84C
:1055B000F08307F108011BF0B3FE054698B16D4674
:1055C00088B06A46394BC2E905344FF400739383BF
:1055D000374B42F8103F00234FF4E2513248F2F7C4
:1055E00039FFAD46DEE72046391D1BF0AFF978687C
:1055F00058B10A22294618F0C1FE034628B10121FC
:105600002C4A29481DF011F9CCE7002007F10801C8
:10561000FFF740FB044690B9FFF7FAFB044638B9A0
:105620000121254A20481DF08CF96FF00B05BBE7DE
:10563000002307F1080100F8013B1DF078F9B9F1EA
:10564000000F2AD0022239464046B047061E07DA2C
:1056500033460121194A14481DF0E7F83546A3E7FF
:105660003B78022E237209D00221154A0E481DF004
:1056700068F9002120461DF02CFA95E77B78012B74
:1056800005D931460F4A08481DF0CFF8F1E720460A
:1056900003F001011DF00DFA86E72046FFF74AFDF1
:1056A00082E700BFECD1040018800400FCF1040084
:1056B0000300000118F204009BF204005EF00400F5
:1056C000BDF2040011F3040037B504460D46FFF7A0
:1056D000E1FA0246C0B1037A0C308DF804301DF0B7
:1056E0002DF9022300F001008DF8050001AA2946DA
:1056F0002046F9F741FC034620B10121034A044842
:105700001DF093F803B030BD0346F0E762F30400E8
:105710001880040010B5104C104920461DF0DAF82E
:10572000014638B9601E1DF0C4F9214614F8010C79
:10573000FFF7CAFF09490A481DF0CCF8014650B9E5
:1057400008481DF0B6F9BDE81040074B187C03F17E
:105750001101FFF7B9BF10BD295C0020C1D10400C1
:10576000395C0020385C0020285C0020012110B545
:1057700024481DF0C6F8C30743D4022121481DF078
:10578000C0F808401FD12049204A0B88204CA24273
:1057900016D900B10B801F4940F2F2531E4A1F4830
:1057A00019F0ECFC1E4819F0E9FC40F2F2511A48DD
:1057B00019F0DBFC5068083203449BB20120E6E795
:1057C000F8D300B10B801749174811F0B5F94FF421
:1057D000A47200231448F9F76DFC1449144811F021
:1057E000ABF9022113481DF08CF81349134811F04E
:1057F000A3F91348FDF7D2FDBDE810401148FDF7AD
:10580000CBBB10BD485C00203A7D0020607F0400C7
:10581000807F040092F30400A5F0040013AD04009F
:10582000B7B10400CD2B0400B8460020E9600200A7
:105830003047002060470020292D040068460020E2
:10584000842B0020642B002003462DE9F04198B3FF
:10585000008A88BB01244FF0140C1949DFF864E07A
:10586000714528D9184940F26C73184A184819F044
:1058700085FC184819F082FC40F26C71134819F04D
:1058800074FCD1E90076BB4204D30CFB0672143AD7
:1058900093420ED93444A2B214460831E0E70CFB1F
:1058A000057843450AD001356219B54292B2F6D166
:1058B000F2E70025F8E7E4D3BDE8F0811046FBE706
:1058C000607F0400807F04008BF30400A5F00400D7
:1058D00013AD0400B7B104002DE9F74F99464FF618
:1058E000FF73BDF830500746002D08BF1D462B4BF7
:1058F00090461B880091834232D203B0BDE8F08FFE
:105900004046895801931BF031FD019B90B1013451
:105910000AF1010AA4B2736853452CD9009B31687F
:105920009C42EAD8BC42F2D30BFB0AF28B18B8F1C6
:10593000000FE5D1B9F1000F0BD1013D1846ADB212
:1059400021460E9A0D9B9847002DD6D00028DED117
:10595000D3E7DA689145DAD1EFE74FF0000ADAE7EA
:1059600001244FF0140B0E4E06E0C6D27368234498
:10597000BB42F2D29CB208360A4B9E42F5D90A4984
:1059800040F63403094A0A4819F0F8FB094819F0AF
:10599000F5FB40F63401054819F0E7FB3A7D00209D
:1059A000607F0400807F04008BF30400A5F00400F6
:1059B00013AD0400B7B104001822002110B5E6B001
:1059C0000DEB0200CDE90111CDE9031121F066FCD8
:1059D0004FF41053ADF814308023ADF816304FF467
:1059E0008063234C1022CDE9073401A964AB05A8DC
:1059F00014F01AF8034630B11E4A01211E481CF06B
:105A000014FF66B010BD01464FF4B0720CA821F02F
:105A100045FC224664990CA820F015FF034608B106
:105A2000164AEAE74FF6FF710120154A0CAB1DF04C
:105A3000C2F81022134905AB0CA820F01BFF044646
:105A4000649813F0AFFF14B123460F4AD5E72146FF
:105A50000C4B03F11002187812F8014D013108299E
:105A600003F8014B1070F6D108481CF04AFFC8E754
:105A70000002C003BAF3040018800400E3F304003A
:105A80002F2804009846002001F4040060470020FD
:105A90002DE9F04118490446A1F1300015461E4693
:105AA000BDF8187011F0E2F914481CF047FF010727
:105AB00005D4FFF781FFFFF72DFEFFF793F920468E
:105AC000FFF7A6F968B1037ADA070AD500F10C04EA
:105AD00020461CF033FFC30703D4022120461CF0EC
:105AE00010FF10233A46069331462846BDE8F041A0
:105AF000034B1CF040BF00BFE84600206047002079
:105B00009846002010B51A481CF018FFC0F3C000DA
:105B100080F0010408B9FFF74FFF15481CF00EFF95
:105B2000034613481CF00AFFDA061FD5830606D584
:105B3000E4B1FFF7EFFDBDE81040FFF753B92021B6
:105B40000B481CF0DEFE10220A49881821F0AEFB3B
:105B500048B9094811F02EF9BDE810406FF0010175
:105B600003481CF0D9BEFFF771FCE2E710BD00BF8F
:105B700060470020984600203047002008B51021DB
:105B800003481CF0BEFEFFF7BDFF002008BD00BFAC
:105B9000604700202DE9F04FB9B000AF0C469046A9
:105BA00037493A46D7F8080199461AF0ABFE38B99A
:105BB000FFF756FA05462846E437BD46BDE8F08FA4
:105BC0003E68391D30461AF0C1FE3EB901212D4A0A
:105BD0002D481CF0B6FE6FF015043EE07868F8B969
:105BE0004FF0000B07F1080A5146304687F814B011
:105BF0001BF096FB054600B36C4688B06A46234B03
:105C0000C2E905364FF400739383214B42F8103FED
:105C10004FF4E2515B461C48F2F71CFCA546DAE75C
:105C20000A22002118F0AAFB03460028D8D001213F
:105C3000184A15481CF0F9FDCDE7C7F810A0E4B1EB
:105C4000C022484607F12001C047041E07DA234658
:105C50000121114A0C481CF0E8FD2546ABE7A408D9
:105C600007F12003C7E906344FF6FF7101200B4A04
:105C700007F110031CF09FFF9DE72346F2E700BFEA
:105C800017F40400ECD1040018800400FCF10400B7
:105C90000300000118F204005EF00400594D0200F8
:105CA000002307B50193FFF7CFFD411C89B20846D9
:105CB000034A01AB1CF07FFF019803B05DF804FBC1
:105CC000EB2704002DE9F04387B00C4616468046CA
:105CD00002AF70B9734940F69353734A734819F091
:105CE0004DFA734819F04AFA40F693516E4819F08C
:105CF0003CFA61B96F4940F694536B4A6B4819F00E
:105D00003DFA6B4819F03AFA40F69451EEE7437BBE
:105D1000072B40F0C28000233B7342F60303206848
:105D2000FB8107F10C011BF021FB0546002843D144
:105D3000D4F80490B9F1000F05D101215E4A5F4803
:105D40001CF0FFFDA9E001232146009007F10802A5
:105D5000C847031E11DA6E4688B002AAD361042335
:105D60005749C2E9051442F8103F4FF401512B4640
:105D70005248F2F76FFBB5468FE0012B05D00121A9
:105D8000504A4E481CF051FD87E03B7A13F0300F2B
:105D900000F083802046FFF783FF044660B9454941
:105DA00040F6B253404A414819F0E8F9464819F024
:105DB000E5F940F6B25199E7002320683B7342F6BB
:105DC000021307F10C01FB811BF0D0FA88B12046C9
:105DD000FFF766FF044660B9364940F6B853324AC9
:105DE000324819F0CBF9384819F0C8F940F6B851E3
:105DF0007CE7002542F60219206839463D70A7F875
:105E000002901BF0B3FA10BB002320683B7342F6EC
:105E1000021307F10C01FB811BF0A8FA05460028CC
:105E20003BD1D4F80490B9F1000F86D00223009042
:105E30002146404607F10C02C847031E8BDB022BAC
:105E40009DD1BB891E4214BF0120002026E042F6EE
:105E500003032068391D3D71FB801BF087FA002881
:105E6000D2D04FF42053206807F108013D727B81A6
:105E70001BF07CFA0028C7D042F60103206807F126
:105E80000C013D73FB811BF071FA0028BCD0204649
:105E9000FFF706FF04460028AED100201437BD46A8
:105EA000BDE8F0830BE70400A5F0040013AD040087
:105EB0001EF4040033F4040038F4040018800400D5
:105EC0004CF4040072F404008BF404002DE9F84350
:105ED000154689469422696806461CF07BFE80467A
:105EE00048B102212A4A2B481CF02BFD4FF0FF3508
:105EF0002846BDE8F883022230466968FFF7E2FED3
:105F000038B90221244A23481CF01BFD6FF0150507
:105F1000EEE74FF470200021AF8AFEF7D9FC02377C
:105F20000446A8B11D211D4B47613A464174C0F893
:105F30000C80436085613046FEF7F2F9074650B9A0
:105F400014480221164A1CF0FCFC2046FEF7EEFC29
:105F50006FF00B05CCE70123424641461CF039FCAB
:105F6000A98A07F10C000231F6F72CFE20F8029BFB
:105F7000AA8A296921F06BF921463046A760FEF70D
:105F800021FE05460028B3D02046FEF7CFFCAFE740
:105F9000A1F4040018800400B7F40400F127040001
:105FA000E2F4040030B505460C468BB071B94649A1
:105FB00040F63843454A464819F0E0F8454819F09C
:105FC000DDF840F63841414819F0CFF84B6873B915
:105FD0000B6863B9404940F639433C4A3C4819F0E4
:105FE000CDF83C4819F0CAF840F63941EBE73B4898
:105FF0001CF0A4FC420761D515B16B7B072B60D167
:1060000060680590FFF720FC2268ADF818003AB3ED
:1060100005A90291324900230191012100914FF617
:10602000FF710593FFF758FC059B1BB96FF001004A
:106030000BB030BD6360059B04A9186800238DF880
:10604000103042F60303ADF812301BF08FF970B92F
:106050000598C3689B799B0605D46FF01500E7E7A8
:106060000028E8D1E2E71CF05FFDADF81800BDF8AC
:1060700018003DB10123014622462846A375FFF7CB
:1060800025FFD5E76FF07F0307930223ADF820309B
:1060900042F60213ADF8123005ABA5750293114B11
:1060A0004FF6FF710193012304AA00932B46099434
:1060B0008DF81050FFF710FC0798B9E76FF00A0051
:1060C000B6E76FF07F00B3E709F50400A5F0040020
:1060D00013AD040010F5040026F504002427002069
:1060E0001F28040079640200F7B500F1300504466A
:1060F000A0F1200728461CF021FC8307C0F34006CE
:106100000ED5194940F24C53184A194819F036F87F
:10611000184819F033F840F24C51144819F025F89A
:1061200054F8083C6FF00101284601931CF0F4FB81
:10613000114B394644F81C3C104B304644F8183C8F
:1061400001AB44F8103C042324F8086C24F8066CD6
:1061500024F80C3CFFF726FF18B9022128461CF052
:10616000D0FB03B0F0BD00BF43F50400A5F0040070
:1061700013AD040074F50400BC8904003D55020011
:106180002DE9F843904614683C4B826805469A42D4
:1061900000AF20D1C6683389721CE3B12046317844
:1061A0001BF035FDB8B14FF49572294620461CF01E
:1061B00011FD30B3032812D16C4688B06A46304BCB
:1061C000C2E9053542F8100F00234FF4C4512D48A1
:1061D000F2F740F9A5460120BD46BDE8F883052841
:1061E00020460CBF4FF003094FF002091BF076FD6B
:1061F000814506D998F804304B45ECD288F80490D4
:10620000E9E7314628461CF09EFB1F4B9E42E2D137
:10621000207A04F17001FEF77FFD05460028DAD0F0
:10622000038913B94389002BD5D02046FCF734FBF2
:106230002B89164A698922F8203002EB80035980A5
:1062400018231349134D03FB001300B202EB800225
:106250001A61042200EB40005D600F4D01EBC001AC
:1062600020469D609A82FFF79DFE0028B3D0012151
:106270000A4A04481CF065FBADE700BF81530200E9
:106280008FF5040018800400AC2B00201E7D002038
:10629000105C0020BC890400EF2A0400A3F5040070
:1062A000F8B514460F469422616806461CF092FC2D
:1062B00038B11E4802211E4A1CF043FB4FF0FF304C
:1062C000F8BD012230466168FFF7FCFC38B9174879
:1062D0000221184A1CF035FB6FF01500F0E7A28987
:1062E0001B2130460232FEF71BF8054638B90F482D
:1062F0000221114A1CF025FB6FF00B00E0E7A18999
:106300000C300231F6F75EFC20F8027BA289A1680E
:1063100020F09DFFD4E90412284601231CF059FA0D
:1063200029463046BDE8F840FEF7FEBB1880040061
:10633000A1F40400B7F40400C0F5040030B505462C
:106340000C468BB071B9444940F65733434A444830
:1063500018F014FF434818F011FF40F657313F483A
:1063600018F003FF4B6873B90B6863B93E4940F6F8
:1063700058333A4A3A4818F001FF3A4818F0FEFEFE
:1063800040F65831EBE739481CF0D8FA42075DD5A2
:1063900015B16B7B072B5CD160680590FFF754FA51
:1063A0002268ADF818003AB305A9029130490023DC
:1063B0000191012100914FF6FF710593FFF78CFACF
:1063C000059B1BB96FF001000BB030BD6360059BEE
:1063D00004A9186800238DF8103042F60303ADF8C5
:1063E00012301AF0C3FF70B90598C3689B79DB06B9
:1063F00005D46FF01500E7E70028E8D1E2E71CF0CC
:1064000093FBADF81800BDF818002DB101462246E7
:106410002846FFF745FFD7E76FF07F0342F60212E9
:1064200007930123ADF8122005AA0292114AADF894
:106430002030CDE900324FF6FF712B4604AA0994B3
:106440008DF81050FFF748FA0798BDE76FF00A0083
:10645000BAE76FF07F00B7E709F50400A5F0040084
:1064600013AD040010F5040026F5040024270020D5
:106470001F280400796402002DE9F8431446434BB9
:10648000826807469A4203D001273846BDE8F88360
:10649000C6683F4B9E4210D03289A389711C9A4234
:1064A000F2D13078FCF7B8FD05460028ECD0437BEC
:1064B000072B26D0FCF77EF8E6E74FF00008354DB5
:1064C000DFF8D490494628461CF004FA78B9072230
:1064D000294615F8010CFCF7F1FD78B92369294626
:1064E0001A6915F8010C53881288FEF741FD0C3526
:1064F000B8F1000FD0D14FF00108E3E7FCF75AF8EC
:10650000F5E7736923B13946984708B92846D1E7BA
:106510003946942228461CF05DFB074628B102212B
:106520001E4A1F481CF00DFAF0E7A389022B14D174
:10653000338913F0020604D12846FCF73BF8A66025
:10654000A2E728462269A188FFF7C0FC0646A8B941
:106550002269937D01339375EEE7012B04D0284621
:10656000FCF728F8A7608FE7338913F00106E3D022
:1065700028462269A188FFF793FE06462846FCF7C5
:1065800019F8002EA66080DB7EE700BF8153020071
:10659000AC2B0020237D0020C1D10400A1F4040015
:1065A00018800400012370B500F170058EB0044618
:1065B00003902946007A8DF810301AF0FAFF90B156
:1065C000227A52B302AE0421304618F0FEFE009645
:1065D0002421134A05A82B46F8F708FC05AA104603
:1065E0001049F3F79FFE4FF6FF7101200E4A03ABEF
:1065F0001CF0E1FA20461BF071FB9DF81010884258
:1066000009D220461BF037FB034620B10221074A7E
:1066100007481CF00AF90EB070BD0092D8E700BF21
:106620001AF40400955B020081610200E9F50400A0
:1066300018800400F8B505460E461746064B1C6840
:106640004CB154F8043C043C1BB13A463146284650
:1066500098476468F4E7F8BD4C5C002013B5044625
:10666000009001204FF6FF716B46074A8DF8040039
:106670001CF0A1FA002120461CF0E7FA08B9FEF749
:10668000E5FE02B010BD00BF81610200002330B5FD
:10669000B5B001918DF808003393044601AB0D4667
:1066A00001204FF6FF710C4A1CF085FA339B83B131
:1066B0009B0003AA20462946F8F76CFC044628B143
:1066C00003460121054A06481CF0AFF8204635B0C4
:1066D00030BD1A46EEE700BF0150020015F6040077
:1066E000188004002DE9F34100F17008CDE9001293
:1066F00004460F46007A414616461AF05AFF0546F0
:106700006B464FF6FF7101200C4A1CF054FA1DB184
:106710004146207AFFF7BAFF3946207AFEF7BAFAE7
:1067200040B1314601301CF002F91DB14146207ADA
:10673000FEF7CAFF02B0BDE8F08100BFA55002001D
:1067400073B5044603464FF6FF710120184A04F161
:1067500070061CF030FA3146207A1CF0AFFA314650
:10676000207A1AF026FF50B1237A4FF6FF718DF888
:10677000043001206B460F4A00961CF01CFA20469C
:10678000FEF746FB054688B13146207A1AF011FF24
:1067900028B9284602B0BDE87040FEF7CBBC3146B0
:1067A000681C02B0BDE870401CF0C1B802B070BDFA
:1067B000E1520200D150020008B5054B01461846CF
:1067C0001CF0D7FA043B002814BF1846002008BD6F
:1067D0006C470020084B00F5BC701A68074BD0E8E6
:1067E000EF1F994204D1C0E8EC2FBCF1000FF6D1A5
:1067F000D0E8AF0F704700BF4C5B00206847002017
:1068000008B5FFF7E7FF0346C8B1D0E9001221B988
:10681000002A0CBF0320022010E032B1836813B9B4
:10682000094B1B7833B9042008E00749087828B1E0
:106830009B6833B9003A18BF0122500008BD0320FD
:10684000FCE70120FAE700BFC07E002008B5012167
:10685000024A03481CF08BFA002008BD4FF60400E2
:10686000708004000221024A02481CF080BA00BF76
:106870006AF6040070800400002370B51A460446CE
:10688000EC300D46FCF7B8FE58B1693004D1012157
:10689000084A09481CF06BFA2846BDE87040F6F734
:1068A00063B804F5A4704FF47022BDE87040002373
:1068B00010F07ABAEDEE04007080040038B504469A
:1068C000051D082128461CF095FA084904F15700D7
:1068D000FBF7CAFA48B1082128461CF071FA0448AF
:1068E0000121044A1CF043FA082038BDC3300400DB
:1068F0007080040083F6040038B50546EC220021C0
:1069000020F0CCFC102105F12700FBF73DF80446F0
:1069100048B9052128461CF06DFAFBF797FA034B9E
:106920001860204638BD0824FBE700BF545C0020F7
:1069300070B504460E4686B0FFF74CFF04F13702EF
:106940001146F368054603F1100053F8046B8342C7
:1069500041F8046BF9D1237A052B00F29580DFE82A
:1069600003F017232303936A02AB4B490093096892
:1069700004F1270304F1570001F0D2FC58BB0A21AF
:10698000201D1CF037FAAB680299D4F8EC00984748
:1069900020460D211CF02EFA201D10211CF02AFA91
:1069A00020461CF056FA20E094F8DC10D4F8D830D9
:1069B00002ADCB40384903F001030095096843F06C
:1069C000800304F157001CF006FC30B10121334A6A
:1069D00033481CF0CCF9082007E01022294604F1C6
:1069E000170020F063FC10B1042006B070BD032135
:1069F00020461CF0FFF91CF02CFA0028F5D194F881
:106A0000DC300133DBB2142B84F8DC3009D10D21EA
:106A100020461CF0EFF91021201D1CF0EBF900209E
:106A2000E3E7102104F12700FAF7AEFF003818BFA2
:106A30000120C000D9E7102104F12700FAF7A4FFD4
:106A40000028C8D135B3EB6823B3164BE27A1B8814
:106A5000D207ADF80830A37C03F0010312D4002B59
:106A600014BF012303238DF809300023201DC4E93E
:106A700038330C211CF0BEF9EB68D4F8EC0002A905
:106A80009847CCE75B00EEE70121074A04481CF079
:106A9000A2F9A0E70220A8E7545C00209CF60400BD
:106AA000708004002F830400B5F604002DE9F04740
:106AB000044690B00CAD10220021284620F0EEFBD9
:106AC000237A052B34D8DFE803F0060303063323CB
:106AD000D4F8D8300C93D4F8EC3004F1470204F128
:106AE000C707CDE9017204F1370803F17E0204F112
:106AF0002709009241464A46773304F1970001F096
:106B0000A7FBF0B1454A012145481CF030F914E0DB
:106B1000D4F8E430002BDED02E4603F110073246C5
:106B200018685968083303C2BB421646F7D1D2E74A
:106B300001213C4A3A481CF04EF9082010B0BDE84B
:106B4000F087D4F8EC3008AE03F177027E3301937E
:106B500004F111030292009342462B4649463846FF
:106B600003961CF05DFB08B12F4ACCE7237A052B76
:106B70000ED1D4F8E01011B30B46AC4601F1100E63
:106B8000624618685968083303C273459446F7D1C2
:106B9000D4F8EC300DF1100A03F17E027733019343
:106BA00004F10A03029200934A462B4641463846B6
:106BB000CDF80CA01CF034FB30B11C4AA3E7102226
:106BC000284620F06BFBE3E71022514604F1B700A2
:106BD00020F06CFBF8B90D2120461CF01BF907468C
:106BE0000028AAD010210C30F5F7ECFF32460346FE
:106BF000164603CEAE4218605960324603F10803D0
:106C0000F6D139462046FFF737FE201D01211CF042
:106C1000F1F8002092E70B2090E700BFD1F60400C6
:106C200070800400B5F60400E6F6040009F70400DD
:106C300073B5047A0546022C23D844B190F8DC30B1
:106C4000D0F8D840DC4004F0010444F08004032173
:106C500028461CF0DFF80646D8B110210C30F5F7B5
:106C6000B1FF009012482346006805F1270205F1A4
:106C700057011CF0B0FA044680B13046F5F774FEB7
:106C800007E0032C08D0234601210A4A0A481CF0D9
:106C9000A2F8082002B070BD0024D8E7314628468B
:106CA000FFF7EAFD281D21461CF08AF82046F1E78F
:106CB000545C0020B5F604007080040070B5061D19
:106CC000CD6804460B2130461CF07AF82B4604F1BF
:106CD000170205F1100153F8040B8B4242F8040B24
:106CE000F9D1237A012B09D0022B13D1204604219C
:106CF0001CF080F8BDE87040FFF79ABF0A213046CB
:106D00001CF037F80028F1D0304600211CF072F852
:106D1000002070BD03480121034A1CF05CF80820E4
:106D2000F7E700BF70800400B5F60400F8B504462C
:106D3000FFF750FD251D06460E2128461CF019F8C8
:106D400070B94B4B2022196804F1570020F0AEFABD
:106D500030B90221474A48481CF009F8082033E0BE
:106D60000C2120461CF056F807460028F6D040219A
:106D70000C30F5F727FF3E4B02461B68014603F136
:106D8000200053F804CB834241F804CBF9D12032E0
:106D900003F1200153F8040B8B4242F8040BF9D1A4
:106DA00039462046FFF768FD237A052B58D8DFE8DF
:106DB00003F003380C035754042120461CF01AF842
:106DC000FFF736FF00283BD0F8BD2046D4F8EC7022
:106DD000FFF700FD0421064604F1D800FAF7D4FDC0
:106DE0000028BBD1D4F8D830244A84F8DC00B3FBA7
:106DF000F2F102FB1133C4F8D83056B1336843B115
:106E00000B2128461BF0F6FF38463368D4F8D8101B
:106E10009847032120461BF0EDFF0E211BF0EAFFEF
:106E20000EE0204603211BF0E5FF0E211BF0E2FFE0
:106E300028460A211BF0DEFF7368D4F8EC0098475F
:106E4000284607211BF0D6FF0820FFF7B5FC68B9DC
:106E50002046BDE8F840FFF731BD04212046DDE7BC
:106E60000121074A04481BF0B6FF77E70020ABE793
:106E7000545C00202DF704007080040040420F0095
:106E8000B5F6040070B504460E4604F15705FFF749
:106E9000A1FC2A46F36803F1200153F8040B8B424E
:106EA00042F8040BF9D104F1770203F1200153F801
:106EB000040B8B4242F8040BF9D12846FAF72CFF59
:106EC00000B303211C4A1D481BF051FF0E21201D59
:106ED0001BF090FFD4F8EC50D5F8A03033B9287AE5
:106EE00005F1700100F05CFFC5F8A000D5F8A030F6
:106EF0009BB1DA8902F024027AB15B7B9B070CD448
:106F0000032070BD2846FAF713FF30B90B48022161
:106F10000B4A1BF02CFF0B20F3E70A4B1D682DB921
:106F2000201D06211BF066FF2846EAE72046BDE843
:106F30007040FFF7FBBE00BF48F7040070800400FC
:106F400069F70400545C002038B504460D49A0F1EF
:106F5000EC055C300FF0F0FD28461BF0F2FF0A4A0A
:106F600004F18C03D3E8EF1FC3E8E02F0028F9D128
:106F70004FF0FF339034D4E8EF2FC4E8E13F00290D
:106F8000F9D138BD757B02006847002080B500AF9D
:106F900088B06A46074BC2E90530032342F8103F28
:106FA00000234FF4C2510448F1F754FA6FF00B007C
:106FB000BD4680BD85F7040070800400054BD3F802
:106FC000EC200AB1FFF7E2BF0348EC3358601046EB
:106FD0000B60704768470020C08A04002DE9F0412B
:106FE0000B46064600AF0D2104301BF0C2FE78B3FD
:106FF000DD68D6F8EC30022003F170084246197AB9
:1070000000F0CAFF0446C8B94046F7F761FE6D4676
:1070100088B06A46114BC2E905304FF40073938380
:107020000F4B42F8103F0F4823464FF4E251F1F75F
:1070300011FA0820AD46BD46BDE8F0812B462A3442
:1070400005F1100253F8041B934244F8041BF9D1D4
:10705000304609211BF0CEFE0020ECE7AAF7040021
:10706000030000017080040038B5134B05461B78FF
:10707000E3B101F00F042846FFF7C2FB0F4B0328D2
:107080001B780CBF04F00B0444F0040405F5BE703B
:10709000D0E8EF2F013203D1C0E8E13F0029F7D15A
:1070A000D0E8AF3F2BB144F0010038BD01F0070438
:1070B000E1E704F0FE00F8E7C07E0020692E002022
:1070C000F8B50D460446D0F8EC60FFF783FBEF6897
:1070D000FB78102B01D00620F8BDD6F8A0305BB1AC
:1070E000251D0F2128461BF044FE80B92046FFF7DE
:1070F00003FC60B1C0B2EFE7307A06F1700100F036
:107100004FFEC6F8A0000028EAD10820E4E70123DA
:1071100063723B682046C4F80A30BB88E3810223CF
:107120002374B978FFF7A0FFE0742046FFF768FBEF
:107130001023607423753B7903F0030363757B7937
:1071400003F00103A375E37C1A070CD5BB781B077A
:1071500009D5052128461BF04DFE637D03F002038F
:1071600063750023A375052128461BF002FE002845
:1071700043D0474B1B78A374E37C980606D5BB78B5
:10718000990603D5142128461BF034FEE37CDA0768
:1071900035D5BB78DB0732D50D2128461BF02AFEFA
:1071A000A37D032184F8E830637D284684F8E93024
:1071B0001BF020FE237BE17C3F7803EA01021007ED
:1071C00004D5E27AA07C0243D2071CD4042F1CD839
:1071D0000B4313F0040307D02046FFF711FB2D4BA0
:1071E00007EB87073B441B5C23722046D6F8A010B0
:1071F0001BF0C5FD58B903206EE7274BBAE7002303
:107200006375A375CCE70523EEE70023ECE7D4F81C
:10721000EC309B7A032B36D024D8013B012B3FF670
:1072200074AF052128461BF0A4FD0028E3D00C21F3
:1072300020461BF0DFFD02211BF0ECFD0546002877
:107240003FF463AF06210C30F5F7BCFCD4F81130E5
:1072500029460360B4F8153083802046FFF70CFB05
:10726000002039E7042B7FF450AF237D627B9342EB
:1072700028BF1346102B7FF42EAF052128461BF0A4
:1072800078FD0028B7D0237A002BCAD1B3E700BF1E
:10729000C27E002061FA0400C17E00202DE9F04189
:1072A000C6780446012E04D06FF015042046BDE8D0
:1072B000F0811BF092FD0546002800F0AB80071D11
:1072C000042138461BF055FD002840F0A68003211C
:1072D00038461BF04EFD10B16FF00F04E6E7314663
:1072E00038461BF046FD0028F6D12846FFF772FA13
:1072F000D5F8EC3006469B7A032B42D032D8013BBE
:10730000012B48D90F21201D1BF033FD0028CBD1C4
:10731000D4F8A03083B904F1700632462020217AD7
:1073200000F07EFDC4F8A00030B932460420217A76
:1073300000F076FDC4F8A000D4F8A030002BB3D044
:10734000DA8912F0240FAFD0A17A022923D9587B11
:10735000C007A9D503291ED09206A5D51B7B102BEB
:10736000A2D118E0042BCDD12846FFF749FA032813
:1073700004D1002EC6D0F368002BC3D0284B1B7855
:1073800007E02846FFF73CFA032804D1002EB9D0C5
:10739000F368002BB6D0D4F8A0303BB12846FFF7F5
:1073A000ABFA044670B16FF068047FE7207A04F10D
:1073B000700100F0F5FCC4F8A0000028EED16FF0D9
:1073C0000B0473E70B2128461BF024FD064600281A
:1073D000E9D001210C30F5F7F5FB0921804628465C
:1073E000FFF742FE2346224688F80000314605F1A9
:1073F000EC00FCF701F9044618B13046F5F7B4FA91
:1074000054E738460F211BF0F5FC012128461BF0FC
:10741000F1FC4BE76FF07F0448E76FF0040445E7A9
:10742000C07E0020F8B5D0F8EC400646D4F8A03075
:10743000051D002B33D10221404A41481BF097FC27
:107440000721404B5F5CD4F8A0304BB11B7B002B75
:107450005DD1D4F8A00000F0C3FD0023C4F8A03033
:10746000022128461BF085FC48B9072F94BF364BF4
:107470001F213A46204698BFD95DFBF74DFD0321F9
:1074800028461BF076FC68B3304B1B6853B31D686D
:1074900005B10C3D53F8083C002B41D143E081BBC2
:1074A0000D2128461BF065FC074620B1D4F8A0004A
:1074B00008B100F077FE254B1B689BB11D6805B134
:1074C0000C3D53F80C3C13B13946204698474DB15A
:1074D0002B46ED681B681DB10C3D002BF4D1F7E77E
:1074E000002BF1D130461BF02CFD637B072B24D100
:1074F000627AA37A9A4220D02046BDE8F840FFF78E
:10750000CDBE0139C9B20E299BD909279BE70221BB
:1075100028461BF02EFC00289BD1A1E70C3D23B18F
:10752000394620469847002DDCD02B46ED685B6835
:10753000002DF3D1002BF3D1D4E7F8BD4DF80400B2
:107540007080040052FA040041FA0400445B0020F9
:10755000F8B5031D06460F46184602211BF009FC2C
:10756000044620B1B6F8E840B4FA84F46409032173
:1075700018461BF0FEFB80B139463046FFF752FF3C
:10758000C4B1022119481A4A1BF0F1FB0521D6F8B3
:10759000EC00FBF70BFA0020F8BD012118461BF0A8
:1075A000E8FB0028E8D10F2118461BF0E2FB002879
:1075B000E2D1E5E7052130461BF02CFC054688B1F9
:1075C00001210C30F5F7FEFA2346077022462946C2
:1075D00006F1EC00FCF710F80028DCD02846F5F79F
:1075E000C3F9D8E76FF06800D6E700BF70800400E9
:1075F00077F804001E4B10B5044618604FF0FF32B8
:107600004FF0FF331B480EF0C5F858B11A4941F24C
:10761000DD231A4A1A4817F0B1FD41F2DD2117485F
:1076200017F0A3FD17480FF0D9FC12480EF082F9AD
:1076300048B1114941F2E223104A114817F09EFD6A
:1076400041F2E221EBE774B10F4B1C1FD3E8AF3FCF
:107650005B0607D52046FFF769FB014610B12046BF
:10766000FFF776FF10BDBDE81040FFF7FBB800BF85
:10767000545C0020DC2B002026F80400C4F7040032
:1076800013AD0400F02B00206C47002010B51BF058
:10769000A4FB044610B96FF0150010BD0A21043098
:1076A0001BF028FC0028F6D0237A062B11D8DFE83F
:1076B00003F00E04040A100C0C0001212046BDE862
:1076C0001040FFF745BF0421F8E70221F6E7082143
:1076D000F4E703480121034A1BF07DFB0020DCE7AF
:1076E00070800400B5F604002DE9F3410B8A0446CE
:1076F0000E4643B901212D4A2D481BF038FB0020CE
:1077000002B0BDE8F081012106F10C00F5F73CFA6A
:10771000A4F1EC05E83C0746042120461BF029FBB8
:107720003B7828B1234A022121481BF054FBE6E7AD
:107730000E2B01D9204AF6E7DFF8808058F8332075
:107740004AB902211E4A1A481BF045FB0721284668
:10775000FFF7FEFED3E7194628461BF0CBFB3B782C
:1077600060B902211248174A1BF035FB032120465D
:107770001BF0FFFA0028C2D00821E8E708EBC3019C
:10778000328A0979914208D00121009308481346B2
:107790000D4A18F0C1FD0A21D9E73146284658F8AC
:1077A0003330984701460028A9D0D0E7CFF804002D
:1077B00070800400EAF804001BF90400E88A040061
:1077C0003DF9040057F90400A2EF04002DE9F04749
:1077D00082B090F8E930D1F80C8023F0020380F8F1
:1077E000E930D0F8EC6098F80030044600AF06F1BC
:1077F0007009BBB398F8063003F0C003C02B31D03A
:107800004046F7F765FA6E4688B06C464FF4007A4A
:1078100025466B4BDFF8AC81C4E90530A4F81CA009
:1078200045F8108F00232A464FF4E2516648F0F7DE
:1078300011FE4846B546F7F74BFAA546634BA4F848
:107840001CA0C4E90530C4F810805F4800232A4614
:107850004FF4E251F0F7FEFD0A20B5460837BD4669
:10786000BDE8F0870722414648461FF01FFD68B17A
:107870004146307A00F052FB054638B101462046B9
:107880001BF07DFA30B3284600F0AAFB0D21201D25
:107890001BF06FFA002800F081804A460220317AFE
:1078A00000F07AFB0546B8B94846F7F711FA6C467E
:1078B00088B06A46464BC2E905304FF400739383A3
:1078C000404B42F8103F4FF4E2512B463E48F0F750
:1078D000C1FDA5460820C1E7F378002B3ED106F193
:1078E0007E031878012828D19A7902F0C002402A34
:1078F00023D1D3F80120C5F83A20B3F80530EB873F
:1079000096F87030CBB196F8763003F0C003C02BF8
:1079100013D03A462F49C7E90098FAF79DFFD8F8E7
:1079200000303046C5F80130B8F80430A5F805300D
:1079300098F80630EB71FBF7A7FA94F8E91011F00C
:1079400002010ED0244940F6DE73244A244817F081
:1079500015FC40F6DE71214817F007FC06F17703AD
:10796000BFE72846F9F76AFA014630B11648022106
:107970001C4A1BF0FCF9032070E72846F9F75EFA71
:1079800048B1194941F20203144A154817F0F6FBB1
:1079900041F20201DFE72846F9F762FA94F8E9308C
:1079A0005B0703D50A2120461BF024FAB4F8E8103F
:1079B00009B1002052E72046FFF734FDF9E700BF88
:1079C00072F9040003000001708004002DFA040025
:1079D000AAF70400192F040086F90400C4F7040074
:1079E00013AD0400A1F90400DCF904002DE9F04115
:1079F0000E460446D0F8EC80FEF7ECFEF668012156
:107A0000054633780F48104A271D1BF0E4F90A2178
:107A100038461BF06FFA38B16DB920463178FFF760
:107A200001FD0020BDE8F0810B2138461BF062FA11
:107A30000028F1D1F1E72B69002BEED040469847A2
:107A4000EBE700BF70800400FEF904002DE9F84365
:107A50000546A0F1E8060446884600AF01213046FD
:107A600055F8EC991BF046FA38B3B8F1000F19D06D
:107A7000032130461BF07DF9F8B14046F8F7F0F8E5
:107A80000138C0B208288CBF0024364B4FF00201E9
:107A900098BF1C5C30461BF0ADF921462846FFF725
:107AA000C1FC0AE099F80B303BB1032130461BF0D2
:107AB00060F928B928461BF044FABD46BDE8F883B2
:107AC000052130461BF055F9B8B114F8043C1B07EA
:107AD00007D514F8033C180703D5112130461BF0D5
:107AE00089F914F8043C23F0080304F8043C14F862
:107AF000033C23F0080304F8033C14F8033CD907C3
:107B000010D5062128461BF075F9304602211BF0DE
:107B100071F92068D0F8A06066B134F8041C00291F
:107B2000CBD1BBE79A0701D50821EBE75B07ECD582
:107B30000A21E7E77030F7F7CBF86C4688B06A4661
:107B4000094BC2E905304FF400739383074B42F8A9
:107B5000103F4FF4E25133460548F0F77BFCA54651
:107B6000ABE700BF49FA040020FA0400030000015B
:107B70007080040010B504460121084A08481BF033
:107B8000F6F8A4F5A4700821FFF74CFCA4F5A27048
:107B90000421BDE810401BF02DB900BF35FA0400E8
:107BA000708004002DE9F84300AF04461BF015F97E
:107BB000054670B3061D032130461BF0DAF840B3CA
:107BC000D4F8A00008B100F00BFA04F1700949469E
:107BD000207A00F0E5F88046C4F8A000E0B94846F5
:107BE000F7F776F86C4688B06A463B4BC2E9053039
:107BF0004FF400739383394B42F8103F4FF4E25136
:107C000037484346F0F726FC0821A5462846FFF7EB
:107C10009FFCBD46BDE8F8830E2130461BF0A9F855
:107C200028B1D4F8A020537B43F0020353732A7A7F
:107C3000D4F8A010032A4B7B3AD8002A3FD0D4F8BE
:107C4000A020537B43F0010353732B7D697BD4F851
:107C5000A0208B4228BF0B463046137305211BF032
:107C600088F8D4F8A0305A7B90B342F010020D216E
:107C700030465A731BF07DF80028CAD02021D4F872
:107C8000A00000F071F9D4F8A03005F147021A33D2
:107C9000573552F8041BAA4243F8041BF9D10023BC
:107CA000D4F8A02013615361D4F8A0201383B0E767
:107CB000053A012A03D843F020034B73BFE723F0B2
:107CC00020034B73D4F8A020537B23F00103BBE7C0
:107CD00022F010025A739CE7AAF704000300000187
:107CE00070800400012208B5034B04481A70FAF7AB
:107CF00063F8002008BD00BFC07E0020F82B0020E4
:107D000008B558B90B490C484FF4FD730B4A17F0EE
:107D100035FA4FF4FD71094817F027FA437B5B06EB
:107D200007D40121F8F7CAFFBDE8084004480EF067
:107D3000EFBC08BDB1FA040013AD040081FA0400E1
:107D4000002C00202DE9F041124F05463E4616F862
:107D5000013B0C4683424FF0010804D10722304614
:107D60001FF0A4FA88B1B8F1000F05D00722304601
:107D700009491FF09BFA58B93D702268074BC7F8B4
:107D80000120A2889A80A2799A710248BDE8F08108
:107D90000020FBE7585C0020C1D10400595C0020A2
:107DA00008B549B9064907486323074A17F0E6F9B9
:107DB0006321054817F0D9F9BDE80840FFF7C2BFB5
:107DC000C5FA040013AD040081FA04000B4610B597
:107DD0001146044663B909490948BD23094A17F009
:107DE000CDF9BD21074817F0C0F9BDE8104018478C
:107DF0000548C2892242F8D110BD00BFD9FA04005B
:107E000013AD040081FA0400585C002008B500227C
:107E100002200249FFF7DAFF002008BD017D0200C1
:107E2000F8B50E46054611464AB10F4C00272046CC
:107E3000E38910F8012B2B400BD11846F8BD0B49F4
:107E40000B48CA230B4A17F099F9CA21094817F0C1
:107E50008CF9964203D107221FF028FA08B1384660
:107E6000ECE72046EAE700BF585C0020C5FA0400B2
:107E700013AD040081FA0400F8B506460C4649B972
:107E800020492148F323214A17F078F9F3211F48AC
:107E900017F06BF90B78012B01D00020F8BD8B791E
:107EA00003F0C003402BF8D1194D00232946EF8978
:107EB00011F83A2BBF0704F1010006D5B24204D1F4
:107EC00006221FF0F3F9D0B10023EA89297802F0E5
:107ED0000202002BE1D1002ADFD0B142DDD1671CC4
:107EE00039460C4819F0F3F901230028EDD0D4F8F5
:107EF0000130C5F83A30B4F80520074B9A800448A1
:107F0000CCE700BFC5FA040013AD040081FA0400F9
:107F1000585C0020825C0020925C002010B529B1E2
:107F20000D4C237883420DD0002010BD0B490C4826
:107F30004FF492730B4A17F021F94FF492710948EC
:107F400017F013F90722601C1FF0B0F900280CBFCE
:107F500020460020E9E700BF585C0020C5FA040075
:107F600013AD040081FA040008B558B90749084860
:107F70004FF49A73074A17F001F94FF49A710548C4
:107F800017F0F3F8C3891943C18108BDB1FA0400A1
:107F900013AD040081FA0400F8B506460F461546F5
:107FA0004AB90C490C48DC230C4A17F0E7F8DC21ED
:107FB0000A4817F0DAF8FFF733FF044640B92946BC
:107FC0003846FFF7EDFE044610B13146FFF7CCFF0F
:107FD0002046F8BDC5FA040013AD040081FA040080
:107FE00010B5044658B90E490E484FF4A2730E4A14
:107FF00017F0C4F84FF4A2710B4817F0B6F8037AE3
:108000005B0701D5F8F746FF214611F8010BF7F79A
:108010002DF82046BDE81040402200211FF03EB957
:10802000B1FA040013AD040081FA0400F0B593B076
:108030001546044602AF50B90121514A514818F083
:1080400058F96FF0150630464437BD46F0BD34226E
:10805000184607F10C01A847051E06DA2B464A4AC6
:108060000121484818F04EF9EBE72046391D19F078
:1080700057F9064698B16D4688B002AA434BC2E94B
:1080800005344FF400739383414B42F8103F0023B3
:108090004FF4E2513B48F0F7DDF9AD46D1E7394600
:1080A000204618F053FC386838B10A22314616F0E1
:1080B00065F9034608B1374AD2E70DBB29463F2090
:1080C0003A1DFFF7ADFE20B1402229461FF0E6F829
:1080D000B9E7381DF6F7FCFD6C4688B002AA2E4BB6
:1080E000C2E905304FF400739383294B42F8103FE7
:1080F0004FF4E4512B462348F0F7ACF9A546A2E72C
:108100000020391DFFF71EFE0446C0B9381DF6F7E2
:10811000DFFD6D4688B002AA204BC2E905304FF45E
:10812000007393831A4B42F8103F4FF4E2512346F9
:108130001448F0F78FF96FF00B06AD4683E7342D46
:108140000BD0342301210093154A2B460D4818F01B
:10815000E3F82046FFF744FF73E707F10C0200F154
:108160000C0307F13C05144603CCAC42186059607F
:10817000224603F10803F6D12068186063E700BFC8
:10818000ECD1040048800400EDFA0400FCF1040086
:108190000300000118F204000CFB04002FFB040094
:1081A0004EFB0400024610B558B90E490E4840F285
:1081B00079130E4A16F0E2FF40F279110B4816F0DF
:1081C000D4FF0146342311F8010B0C32F6F740FFBF
:1081D000044628B101210346054A064818F092F8E2
:1081E000204610BDB1FA040013AD040081FA04006A
:1081F0006CFB040048800400884210B500EB0203C9
:1082000011D98C18A04211D20D4940F2B3230D4A66
:108210000D4816F0B3FF0D4816F0B0FF40F2B32141
:10822000084816F0A2FFEFD09942ECE7013A11445A
:1082300011F8012900F8012B8342F9D110BD00BFCC
:10824000ABE2040079E2040013AD040002E3040091
:108250002DE9F0479AB01646DDE923970CAA84462B
:108260008A4690461D462C4B03F1300E1446186882
:108270005968083303C473452246F7D118681B793F
:10828000614620602371202204A8FFF7B5FF6B46EA
:108290002022224804A900F071F80446C0BB102235
:1082A00051460DF13500FFF7A7FF102231460DF1C1
:1082B0004500FFF7A1FF294611F8013B06220DF109
:1082C00056008DF85530FFF797FF2299062211F8D6
:1082D000013B0DF15D008DF85C30FFF78DFF4B46E3
:1082E00035224146684600F049F8044680B94846C0
:1082F0001AF063FF012335228DF8303041463B46AA
:10830000684600F03BF8044610B938461AF055FFAD
:1083100020461AB0BDE8F0873183040099FB0400C1
:1083200070B50E461D46144698B00146202204A89A
:10833000FFF762FF202231460CA8FFF75DFF1022F5
:10834000294614A8FFF758FF102221466846FFF778
:1083500053FF6B465022184604A900F00FF840B9AD
:10836000039B054A1BBAB3FBF2F102FB11331C9AC3
:10837000136018B070BD00BF40420F002DE9F041FE
:108380008EB007460C4615460021182208A81E4646
:108390001EF084FF4FF41053ADF81C308023ADF86D
:1083A0001E304FF44063DFF854801022CDE90938C5
:1083B000394605AB07A811F037FB034648B1104A10
:1083C0001048012117F09EFF6FF004000EB0BDE8C9
:1083D000F08106AB0293102322464146CDE90063AB
:1083E00005982B461EF07DFA0446059811F0DAFA3E
:1083F0002043EBD0044A2346E2E700BF0002C0035B
:1084000070E3040000800400B3FB0400014601484F
:108410001DF0FEBD84310020014902481DF076BEEA
:10842000C05C0020E8480020020600F07F0312D55F
:10843000082B05D1010700F00F0306D50E48704741
:1084400010F0780F12D100F00F034C2000EB431016
:108450000A4B18447047082B05D1020700F00F03A0
:1084600006D50748704710F0780FF6D00020704707
:10847000044800EB43107047E45D0020985C002046
:10848000045F0020045E0020094C08B50121094A60
:1084900009481AF019FF094909484FF4E3732246C5
:1084A00016F06CFE4FF4E371204616F05EFE00BF3E
:1084B000F4FB0400D8FB040098810400821E050030
:1084C00013AD0400002310B50D49D1E8EF2F012AA8
:1084D00003D1C1E8E03F0028F7D10CBF01201846C6
:1084E0000DD151F8044C14392046EEF765FC10F11B
:1084F000780F04D12046BDE81040EEF7F1BB10BD67
:10850000B85C00200022002301480DF0CBBB00BF67
:108510008431002013B5002201213720F3F784FCB9
:10852000114801F05DF8114B98421AD1002410480F
:1085300009F0DEFA0F480BF0E7FD4FF0FF334FF480
:1085400080620D490D4800940EF0F8F90C490B4873
:108550001DF0F2FD0B480C490DF0B2FF204602B0B1
:1085600010BD6FF00400FAE71D8C02000000AD0B97
:10857000D6FE0400608B040070CD0020E848002087
:1085800028FC0400C05C00202587020038B50024C8
:1085900064F07F00C0B2FFF747FF58B91C4940F2B2
:1085A0007A231C4A1C4816F0E9FD40F27A2119484A
:1085B00016F0DBFD01341AF089FE082CE8D1002406
:1085C000164DE0B2FFF730FF48B911494FF4207360
:1085D000104A114816F0D2FD4FF42071E7E7036905
:1085E00003B9056101341AF071FE082C05F140054C
:1085F000E7D10B481AF06AFE0A4BD3F87C2212B975
:10860000094AC3F87C2209481AF060FE002038BDF0
:1086100033FC0400F4FB040013AD040028630020C5
:10862000E45D0020985C0020285F0020045F0020AB
:1086300010B5054CFFF766FF20B1416820460CF0ED
:10864000C9FFF7E710BD00BF602F002013B500225F
:108650000023124801A90CF031FFD8B10121104AC2
:1086600010481AF031FEFFF7E3FF002200230B4809
:1086700001A90CF023FF044608B1FFF705FF04230E
:10868000019840600374FFF7C1FEFFF7C5FE204666
:1086900002B010BD01984060FAE700BF602F0020D3
:1086A0003AFC04009881040010B50446FFF7CEFFA1
:1086B00060B1002204720274FFF7A8FE044B93F825
:1086C00024301BB1BDE81040FFF7A6BE10BD00BFAF
:1086D000985C0020012807B518D0022817D060B98F
:1086E000002200230C48CDE9002345F69A1200230E
:1086F00010F0DCFA03B05DF804FB01210346074AE1
:10870000074803B05DF804EB17F0FCBD002003B090
:108710005DF804EBFFF7C8BFE82E002058FC04000A
:10872000988104002DE9F0438046A14DDFF8849242
:1087300085B0FFF7E7FE074610B905B0BDE8F08346
:1087400095F825203B7C3AB9002B00F0B68079687B
:1087500098480CF03FFFECE7042B00F2DD81DFE8E6
:1087600013F0AC00050077018D01AE0118F8043C50
:1087700033B9BB685B7A01218F4A904817F0C2FD7C
:10878000BC685CB98E494FF44B738E4A8E4816F024
:10879000F5FC4FF44B718B4816F0E7FC3B7B032B49
:1087A00046D8DFE803F0024C7277A27A62B18749BB
:1087B0004FF43973834A844816F0E0FC844816F07D
:1087C000DDFC4FF43971E6E76669824B3260726016
:1087D000D3F880143170D3F884147170D3F88814EE
:1087E000D3F88C0441EA00217180D3F89014D3F8B7
:1087F000940441EA0021B180D3F89814D3F89C3452
:1088000041EA0323F3800823E36030687168724B08
:1088100003C311462368607A984796F90030002B0D
:1088200009DBF3889AB232B1A5F88C3201F034FB3F
:10883000484679688DE70023A5F88C32F8E7637F16
:10884000002BF5D0237F002BF2D000264FF0FF3213
:108850004FF0FF336148667726771AF04AFD636967
:1088600001A901936368CDE90236607A00F034FF14
:108870005B4A0346904204D001215A4A4F4817F000
:1088800041FD56481AF037FDD2E701212368607A8E
:108890009847CDE7A37A6BB9E37F5BB94F484FF0B8
:1088A000FF324FF0FF331AF024FD01F0FBFA4B4882
:1088B0001AF021FD02212368E9E73B7A042BB7D89F
:1088C000DFE803F096032AB0BC0000F0F9FD04468F
:1088D0000028ADD100F068FD01234349D1E8EF2F16
:1088E000002A03D1C1E8E03F0028F7D1A0D141F828
:1088F000084C41F8104CE86914396B61EEF758F9EF
:10890000002895DA394940F2AA232E4A2E4816F05B
:1089100035FC40F2AA213EE7002464F07F00C0B29B
:10892000FFF782FD48B9264940F23123254A2648FF
:1089300016F024FC40F231212DE7037A13B1407A7E
:1089400001F06EFC0134082CE7D195F854311BB1CD
:1089500095F8550101F064FC0024E0B2FFF764FDD6
:1089600048B9174940F24323164A174816F006FC47
:1089700040F243210FE7037A13B1407A01F050FC33
:108980000134082CE9D195F874321BB195F87502C1
:1089900001F046FC002000F05FFD012385F8253042
:1089A0002B68002B3FF444AF0021022098473FE79B
:1089B000985C0020602F002073FC04009881040064
:1089C00033FC0400F4FB040013AD040099FC040024
:1089D000BFFC0400006003509C5C0020D05C0020C1
:1089E0000000AD0BDBFC0400B85C0020A2B8040062
:1089F000002485F8254001F055FBFFF763FDA042F8
:108A000009DA484940F2C223474A484816F0B6FB03
:108A100040F2C221BFE62B68002B3FF409AF21468C
:108A20000420C3E7002A3FF403AF00F053FD2B6896
:108A3000002B3FF4FDAE00210520B7E72B68002B8B
:108A40003FF4F6AE002A3FF4F3AE00210620ADE776
:108A500008F110044FF0FF334FF0FF3220461AF0B8
:108A600048FCFFF793FD20461AF045FC58F8283CD7
:108A7000002B3FF4DDAE0021012097E795F874321A
:108A800063B1012485F8894285F88842FFF7DEFD4D
:108A900060B92146264A27481AF016FC58F8283CA7
:108AA000002B3FF4C5AE00210A207FE7224A047460
:108AB00004738260FFF7AAFCFFF7AEFCEEE701212A
:108AC0001E4A1C481AF000FC0BF006FB01F0EAFA03
:108AD00000F04AFCFFF7ACFDFFF758FD48B118491C
:108AE00040F28643104A114816F048FB40F2864196
:108AF00051E60BF0E9FA134800F072FD124B984270
:108B00003FF496AE114940F28D43074A074816F0EC
:108B100035FB40F28D413EE601210D4A054817F034
:108B2000F1FB85E6A2B80400F4FB040013AD0400D9
:108B300001FD040098810400045F002015FD04007D
:108B40009FBB04001D8C02000000AD0B821E0500BF
:108B50002CFD0400F7B5877806463846FFF764FC1D
:108B60003B060546F4781DD554B1032C06D00121EF
:108B70002346274A2748009717F0CEFB03B0F0BDE5
:108B8000FFF764FD03460028F8D00122AC77027499
:108B9000032202739D60FFF739FC03B0BDE8F0408B
:108BA000FFF73ABC54B1012CE1D1FFF74FFD03466A
:108BB0000028E3D06C7704740473EBE7FFF746FDFD
:108BC0000028DBD0B278144B12F0800F02F00801BD
:108BD00011D041B1D3F8A836EB600123037402230E
:108BE00085600373D7E7142102F00F0201FB023303
:108BF000D3F80836F0E711B1D3F8A837ECE7142121
:108C000002F00F0201FB0233D3F80837E4E700BF9C
:108C100044FD040098810400006003501422F0B564
:108C200006468BB000210DEB02001EF037FB3378B7
:108C3000013B052B21D8DFE803F0960314148616B8
:108C4000032300248DF81C30FFF700FD0346A0B17C
:108C500000F108020474DDE9070182E80300184608
:108C600026E00423EDE7B7783846FFF7DDFB837A8B
:108C7000054623B1013B022B5FD90BB0F0BD3B068B
:108C8000F4781CD54CB1032CF7D001212346374A88
:108C90003748009717F040FBEFE7FFF7D7FC034694
:108CA0000028EAD00122AC770274032202739D608F
:108CB000FFF7ACFB0BB0BDE8F040FFF7ADBB54B124
:108CC000012CE2D1FFF7C2FC03460028D5D06C7717
:108CD00004740473EBE7FFF7B9FC04460028CCD01A
:108CE00002230127037307748560B07805F10C0136
:108CF0001AF02EFB034680B11E4A39461C4817F075
:108D000001FB1D491D4840F29D331D4A16F036FAFD
:108D100040F29D311A4816F028FA1A49E868B1F86D
:108D20008C22824206D9121AA1F88C2201F0B4F8E2
:108D30002046BDE7A1F88C32FAE730460BB0BDE81B
:108D4000F040FFF707BF03A801F084F89DF80D304D
:108D5000052B04D19DF80C3013F0600F8DD00A4B19
:108D60000124079370E702246EE700BF44FD04006E
:108D70009881040070FD0400821E050013AD0400FC
:108D8000F4FB0400985C0020045E002038B5154D0B
:108D900095F8244024BB05F138001DF019F9022094
:108DA00002F048F922460121E8613620F3F73CF849
:108DB0000BF08AF9FFF7EAFB044610B9012385F8A6
:108DC0002430094B1B680BB1FFF726FB074BD3F888
:108DD0000034DB0702D50020FFF77CFC204638BDBD
:108DE0000024FBE7985C00208431002000700350D1
:108DF00008B5104B93F82420BAB193F82530A3B1ED
:108E00000D4BD3F87034DBB2834211D00B4940F2E2
:108E100059530B4A0B4816F0B1F90B4816F0AEF94E
:108E200040F25951064816F0A0F96FF0120008BD43
:108E30000020FCE7985C00200060035090FD0400D7
:108E4000F4FB040013AD0400CAFD040008B5037868
:108E5000027903F00F0142B991B10D4A01210D4889
:108E60001AF032FA4FF0FF3008BD082901D90A4A3A
:108E7000F4E7012A04D11B0707D4084A0221EEE7D0
:108E800013F00800F0D0064AF8E70020ECE700BF36
:108E9000E3FD04009881040002FE040021FE0400AA
:108EA00037FE040038B5134B044693F82430EBB179
:108EB00005782846FFF7B8FA88B14572237983729E
:108EC000638843602078618810F0080F0AD14B1E38
:108ED0000B4207D00121084A08481AF0F5F96FF053
:108EE000150038BD00F02CFB0020FAE76FF01200EF
:108EF000F7E700BF985C002054FE0400988104004E
:108F000038B5154B054693F824200AB393F825305D
:108F1000F3B1FFF789FA044610B96FF0150038BDB8
:108F2000817A01290FD007D90239012907D90020F8
:108F30006369E060A361F2E700F0BAFFF7E7284653
:108F400000F030FFF3E7054A05481AF0BDF9E4E701
:108F50006FF01200E3E700BF985C00207CFE040085
:108F60009881040038B50E4B054693F8242082B151
:108F700093F825306BB1FFF757FA68B115F0080484
:108F80000AD1284600F046FF284601F081F9204624
:108F900038BD6FF01200FBE76FF01500F8E700BF77
:108FA000985C002038B50C4B054693F824200C46FD
:108FB00062B193F825304BB1FFF736FA48B144B1AE
:108FC000284600F00DFF2070002038BD6FF0120021
:108FD000FBE76FF01500F8E7985C002070B5134EC2
:108FE000044696F82430C3B1FFF71EFA0546B8B11F
:108FF000230705D4204600F00DFF204601F048F974
:109000002B7A83B901232B7296F825300BB90020F7
:1090100070BD204601F004F9F9E76FF01200F7E7A0
:109020006FF01500F4E76FF07700F1E7985C00202F
:109030002DE9F043DFF8F4801E4698F82430074607
:109040008946154685B0002B6DD098F82530002B49
:1090500069D003060BD5FFF7E7F9044638B1037A68
:109060005BB901213B46324A324817F04BF96FF0A9
:109070001504204605B0BDE8F0834FF0FF334FF0F4
:10908000FF3208F138001AF034F9A37F33B108F148
:1090900038001AF030F96FF00A04EAE7A37A05B352
:1090A0007BB301234FF00008A377384601A9CDE92F
:1090B0000195CDF80C8000F00FFB1F4A034690424B
:1090C0002DD084F81E800EB1C6F8008001211B4A05
:1090D000184817F017F96FF0040419481AF00BF943
:1090E000C7E7E27F02B1E577002BDAD100F0E6FEB8
:1090F0008742D6D000F0D6FE11481AF0FCF80024C2
:10910000B7E7B8F80A309D42F0D26268B5FBF2F3D7
:1091100002FB1353002BE9D10123E377E6E706B105
:1091200035600024D9E76FF01204A2E7985C0020B4
:109130009EFE0400988104000000AD0BBDFE0400FB
:10914000D05C00202DE9F0411D46254B174693F8D1
:10915000242080460E46002A3FD093F82530002B6D
:109160003BD010F0800F0ED101B967B94046FFF730
:109170005BF9044638B1037A43B901214346194AE1
:10918000194817F0BFF86FF0150013E04FF0FF33E8
:109190004FF0FF3215481AF0ACF8E368B8469F422A
:1091A00028BF984646B93FB905B12B600F481AF061
:1091B000A2F80020BDE8F08142463046A1691EF0C9
:1091C00046F8A3694344A361E368A3EB0803E360A3
:1091D000002DEBD0C5F80080E8E76FF01200E9E75A
:1091E000985C00209EFE040098810400D05C002062
:1091F00070B5224D064695F82430002B3AD095F8EC
:109200002530002B36D003060BD4FFF70DF90446AA
:1092100038B1037A43B901213346194A194817F086
:1092200071F86FF0150070BD4FF0FF334FF0FF3253
:1092300005F138001AF05DF8E368B3B901266369F7
:109240002677A361637F83B1FFF700FA30B905F198
:1092500038001AF050F86FF00B00E4E706748460F1
:109260000673FFF7D3F8FFF7D7F807481AF043F86B
:109270000020D8E76FF01200D5E700BF985C00200F
:109280009EFE040098810400D05C002010B5084BBD
:109290000C4693F824302BB1FFF7C6F828B10460D0
:1092A000002010BD6FF01200FBE76FF01500F8E72B
:1092B000985C0020014B1860704700BF985C00204C
:1092C00008B5074B93F8243023B1FFF7ADF820B170
:1092D000406808BD6FF01200FBE76FF01500F8E77B
:1092E000985C002000F00F02082A08B50BD90B4942
:1092F0000B484FF4D7730B4A15F040FF4FF4D7716A
:10930000084815F032FF084B10F0800F03F1D80128
:1093100018BF0B46182000FB023008BD28FF0400D0
:1093200013AD0400E0FE04006865002008B500F0FD
:109330000F03082B0BD90949094840F2C113094A08
:1093400015F01CFF40F2C111064815F00EFFC04396
:10935000C0F3C01003EB001008BD00BF28FF0400DD
:1093600013AD0400E0FE040008B50A4B1A78012A88
:109370000BD00949094840F27443094A15F0FEFE32
:1093800040F27441064815F0F0FE002205491A70BB
:109390000A6008BDC77E002082FF040013AD0400F0
:1093A000E0FE04002067002008B5204A117801295A
:1093B0000BD01F4940F27C431E4A1F4815F0DEFEC9
:1093C00040F27C411B4815F0D0FE4FF400601B4B6F
:1093D000C3F80004C3F80015D3F800140905FBD541
:1093E0004FF40061C3F800148021C3F81C1501215B
:1093F000C3F8301540F2FF11114B196000231149D9
:109400000B6011490B7011498968012909D0104975
:109410004FF49563074A084815F0B0FE4FF4956184
:10942000D0E70C490B700223137008BDC77E0020E3
:1094300082FF0400E0FE040013AD0400006003504E
:109440001C67002018670020C37E0020E830002041
:10945000ACFF0400C57E002010B5114B1B78022B19
:109460000BD01049104840F2DC43104A15F086FE3C
:1094700040F2DC410D4815F078FE00220C4B0D4CFB
:109480001A700D4A0D4B002808BF13463620C4F849
:109490000033F2F799FC0123C4F8043510BD00BF76
:1094A000C77E0020D1FF040013AD0400E0FE0400DD
:1094B000C67E002000600350FDFFDF01FDFFFF01BD
:1094C000034B1878012894BF00200120704700BF8B
:1094D000C77E002010B54FF0FF324FF0FF33154824
:1094E0000CF0F0FCEFF31181202383F31288BFF31B
:1094F0006F8F114B1B7803F0FF0483B10F4BD3F830
:10950000002412F400720AD10120C3F82C05D3F80C
:109510002C05D3F80004800502D5C3F82C250024BF
:1095200081F31188BFF36F8F02480CF047FC20468F
:1095300010BD00BFE8300020C67E00200060035050
:109540004B1E0B4210B500F008030C460DD001076E
:1095500020D11D4940F269531C4A1D4815F00EFEEA
:1095600040F26951194815F000FE99B9020709D176
:10957000184940F26B53154A154815F0FFFD40F2AB
:109580006B51EFE713B1144BD3F81C35FFF7AAFE6C
:10959000848210BDABB1104B40F2FF32D3F81C15E2
:1095A00040F2FF13802918BF13469C42EED90B49A5
:1095B00040F26D53054A064815F0E0FD40F26D514A
:1095C000D0E7402CF2E700BFFAFF0400E0FE040001
:1095D00013AD04002C000500006003504D00050091
:1095E000F8B558B92149224840F24D43214A15F0B7
:1095F000C5FD40F24D411F4815F0B7FD1E4B1C78CC
:1096000094BB1E4A40F2FF171060012226461A70D2
:1096100064F07F0514F0080FEDB214BF3946402105
:109620002846FFF78DFF2846FFF75CFE0134092C22
:10963000867506730661EBD1002440F2FF172546BC
:1096400014F0080FE6B214BF394640213046FFF748
:1096500077FF3046FFF746FE0134092C8575057308
:109660000561EDD10648F8BD0648FCE7AF000500EE
:1096700013AD0400E0FE0400C77E00202067002038
:109680000000AD0B0500AD0B08B543B200F00F00B4
:1096900008280BD90C490D4840F281530C4A15F0AB
:1096A0006DFD40F281510A4815F05FFD002B094B1A
:1096B000B4BFD3F81025D3F81425012383401342F7
:1096C00014BF0120002008BD28FF040013AD0400D2
:1096D000E0FE0400006003502DE9F84381460C468B
:1096E000FFF724FEEFF31188202383F31288BFF3E2
:1096F0006F8F5CB9284940F2BC53284A284815F0BE
:109700003DFD40F2BC51254815F02FFD19F00F0F1B
:1097100003D1244B1B784B4539D1234B01261B68C1
:10972000224FDB433D689BB286402B43334230D10E
:109730004846FFF7D7FD19F0800F034610D1226885
:1097400072B102F06042B2F1005F09D018494FF4E3
:10975000BA63124A124815F011FD4FF4BA61D2E70C
:1097600001221A7394E8070083E8070000221A61B7
:109770009A754FF480020F4B35430F483D60C3F894
:10978000042188F31188BFF36F8FBDE8F8830B487D
:10979000F7E70B48F5E700BFBD000500E0FE040059
:1097A00013AD0400C57E00201C6700201867002050
:1097B000D700050000E100E00000AD0B0A00AD0B92
:1097C0000B00AD0B10F0080F074B06D0D3F8C00408
:1097D00010F4803F18BF0020704700F00F0000F524
:1097E000947053F820007047006003502DE9F04F4B
:1097F000A14BA24ED3F8542185B0DAB10022C3F8B0
:109800005421D3F80413890214D58DF80C20D3F811
:10981000202503A8ADF80E20D3F8C034002B14BFC8
:109820004FF001224FF48072336813433360944B3E
:109830001B689847904BD3F8604134B10022C3F8BD
:109840006021D3F86C44C3F86C44D3F828214AB1A2
:109850000022C3F828218B4B1878FFF767FD0123FE
:1098600083401C43884F97F8008097F9009008F0D8
:109870000F03082B0BD985494FF49173844A85480F
:1098800015F07CFC4FF49171814815F06EFC18F0D6
:109890000801814D40D1B9F1000F2DDA7F4A52F80D
:1098A000230010B342F823101422534303F1A043C2
:1098B00003F55833D3F80836794A03F001031178D9
:1098C0004B40137077480CF079FA4046FFF70AFDD9
:1098D000837D032B38D14046FFF728FD012303FA8F
:1098E00000F02B6823EA00032B604FF001084FF0D3
:1098F0000609DFF88CA15DE06B4A52F823000028CE
:10990000F3D042F823101422534303F1A04303F58C
:109910005833D3F80837CFE7B9F1000F564B09DBBE
:10992000D3F85021002AE0D00022C3F85021D3F808
:10993000A837C1E7D3F82C21002AD6D00022C3F8DB
:109940002C21D3F8A836B7E7037BE3B94046FFF7ED
:10995000EDFC012303FA00F02B68B9F1000F23EAB4
:1099600000032B6002DAB8F1880FBED106238DF810
:109970000C3000238DF80F30414B8DF80E801B68A2
:1099800003A89847B1E7B8F1000FAED101223A4BD6
:10999000DA64AAE794FAA4F0B0FA80F0326808FA20
:1099A00000F31A430F28326024EA03042A684ADDD0
:1099B000134257D0002CEDD12F4BD3F800215AB1D0
:1099C000C3F80041394B03A81C702E4B1C700123B7
:1099D00003932B4B1B689847274BD3F85821002A39
:1099E00073D00022C3F85821D3F80044C3F80044D0
:1099F000E30508D501222D4B03A81A700223039317
:109A00001F4B1B689847A00508D50022274B03A8C9
:109A10001A70032303931A4B1B689847610554D5AA
:109A2000224A1378002B50D0134BD3F82C15002961
:109A300040D01F4940F2F523154A164815F09EFB09
:109A400040F2F52120E71340B4D160F07F018DF89A
:109A50000C908DF80E108DF80F30DAF8003003A856
:109A60009847A7E7A0F110018DF80C908DF80E1023
:109A70008DF80F80F1E700BF006003501C670020E5
:109A800020670020C57E0020C47E002028FF04003F
:109A9000E0FE040013AD04001867002008610350C5
:109AA000C37E0020E830002030610350C67E0020D5
:109AB0004201050011700122C3F808259A650423AC
:109AC0000393AA4B03A81B689847A94BD3F85C31B2
:109AD000FBB1A84B9B6813B93B785A0619D00022FA
:109AE000A34B03A8C3F85C21D3F88034A24A23F027
:109AF0007F0313702B6823F001132B60336823F46A
:109B0000803343F00103336005230393974B1B68B5
:109B100098472A6833681A4200F017810022002310
:109B200094480CF0CFF9002840F00F81904BD3F807
:109B30002C35002B00F095808E4805B0BDE8F04F25
:109B40000CF03CB949F0800A5046FFF7CBFB027B92
:109B50000446FAB14268B0F814800168904528BF05
:109B6000904601F06042B2F1005F1DD1206862684A
:109B700040442060A068A2EB0802C3074FFA8AF5B0
:109B8000626040F1AD80B8F1000F40F0AC8000227F
:109B90002273A8E0794940F25733794A794815F0A1
:109BA000EDFA40F257316FE6B8F1400F09D9764926
:109BB0004FF4C173724A734815F0E0FA4FF4C17163
:109BC00062E6424671481DF042FB7049CEE72268CA
:109BD00072B102F06042B2F1005F09D06C494FF4FB
:109BE000B273674A674815F0C9FA4FF4B2714BE691
:109BF0006268236890429DBF03EB0008121AC4F804
:109C000000804FF000089CBF804662607045194696
:109C100010D1003A18BF012273B9B8F1000F5DD01E
:109C20005C494FF45A73564A564815F0A7FA4FF458
:109C30005A7129E60022EFE7404544D9012202FA91
:109C400009F22BEA020202212A600622474BA17583
:109C50001B688DF80C208DF80EA08DF80F1003A84E
:109C600098473368D5F800B001931BEA03093FF425
:109C700063AF19F0012314BF93FAA3F999FAA9F974
:109C8000B9FA89F9B9F10F0F7FF65CAFA9F11003AA
:109C90005FFA83FA5046FFF725FB027B0446002A51
:109CA0003FF478AF5046FFF78DFDB4F814E07045EF
:109CB0008DD9394940F26313314A324815F05EFAC2
:109CC00040F26311E0E509D0344940F279332C4A7F
:109CD0002C4815F053FA40F27931D5E54FFA8AF560
:109CE000002A3FF454AF0120019B00FA09F923EA4E
:109CF00009023260226987F800A0424422610AF01A
:109D00000F04082C09D926494FF4A4731C4A1D4896
:109D100015F034FA4FF4A471B6E51AF0080F144B9D
:109D200016D1142202FB0432002DB5BF03EB8403CD
:109D30000A34C2F80016C2F80017B5BFC2F804868C
:109D4000C2F80487586043F8240005B0BDE8F08FDE
:109D5000002DB5BFC3F8A016C3F8A017C3F8A4869A
:109D6000C3F8A487B4BF58629864EEE72067002068
:109D700000600350E8300020C57E0020630105002C
:109D8000E0FE040013AD04007E01050028650020FC
:109D9000A1010500F10105008C0105000402050088
:109DA00028FF040008B503070BD50949094840F20C
:109DB0000763094A15F0E2F940F20761064815F019
:109DC000D4F9064B40F48070C3F8180508BD00BFF5
:109DD0001D02050013AD0400E0FE04000060035006
:109DE000030713D400F00F0310F0800F084A0BBFD5
:109DF00003F5887303F5847302EB830252F82300A2
:109E000008BF5068003818BF012070470020704715
:109E10000060035008B503070BD50A490A4840F211
:109E200029630A4A15F0AAF940F22961074815F09A
:109E30009CF9074BC3F80C0540F48070C3F80C057F
:109E400008BD00BF1D02050013AD0400E0FE0400C4
:109E5000006003500023036043600E4BD3F880245E
:109E60000270D3F884244270D3F88824D3F88C1479
:109E700042EA01224280D3F89024D3F8941442EAB3
:109E800001228280D3F89824D3F89C3442EA032339
:109E9000C3807047006003500122014BDA647047B1
:109EA000006003500122014B1A65704700600350A7
:109EB0000122014B5A65704700600350014B18782E
:109EC000704700BFC57E002038B50446EFF311850A
:109ED000202383F31288BFF36F8F03060BD512493B
:109EE000124840F25363124A15F048F940F25361A8
:109EF0000F4815F03AF9FFF719FA01230D4A03FA52
:109F000000F0136823EA0003136014F0080201BF95
:109F100004F00F04084B04F5947443F8242085F3EF
:109F20001188BFF36F8F38BD3002050013AD0400F8
:109F3000E0FE04001C670020006003502DE9F04F94
:109F4000044685B0EFF31187202383F31288BFF313
:109F50006F8FFFF7C7F914F0800F0546404E2BD1E5
:109F60002046FFF7E3F94FF00109D6F8008009FA1F
:109F700000F030EA08000BD02046FFF7A5FF0323CE
:109F8000AB7587F31188BFF36F8F05B0BDE8F08F15
:109F900028732046FFF7CAF909FA00F028EA000002
:109FA00030602046FFF7C2F92E4A09FA00F913681B
:109FB00023EA09031360E2E7230715D4802C2A4B18
:109FC00041D004F00F0202F2DA325200C3F8002846
:109FD000D3F80428D3F80418D2B242F002020A439C
:109FE000C3F80428D3F80438DFF87890D6F800B026
:109FF000D9F800A020466BEA0A0301934FF001084C
:10A00000FFF794F9019B08FA00F00342B9D02BEA5C
:10A01000000030602046FFF789F900232B730323EB
:10A02000062208FA00F8AB758DF80F300F4B48EA9E
:10A030000A00C9F800001B688DF80C208DF80E404E
:10A0400003A898479DE740F2B472C3F80028D3F8FC
:10A050000428D3F80418D2B242F00402BFE700BFCC
:10A06000186700201C670020006003502067002054
:10A0700038B50446094D4FF0FF324FF0FF33284604
:10A080000BF020FF2046FFF759FF28460BF096FE05
:10A090004FF48002024BC3F8042138BDE8300020A1
:10A0A00000E100E02DE9F0413A4D2B785BB93A49E7
:10A0B00040F2BA43394A3A4815F060F840F2BA41E2
:10A0C000364815F052F84FF0FF334FF0FF32354865
:10A0D0000BF0F8FE2B78022B09D0334940F2FC43F9
:10A0E0002E4A2F4815F04AF840F2FC41E8E74FF4B9
:10A0F00080022E4B3620C3F88421F1F787FEA0B1F1
:10A100004FF001082A4F2B4B3C681B68240C240499
:10A110001C4354BB40F2FF13274E3B603620C6F869
:10A120000445F1F75FFEC6F80043244A13788BB16B
:10A130000021214BC3F808110121C3F80026C3F800
:10A1400004165960D3F808110029FBD00021C3F888
:10A15000081111700022184BC3F8002511480BF0AC
:10A160002DFE01232B70BDE8F08194FAA4F6B6FA17
:10A1700086F630460F2EC6BFA6F11000C0B240F0E2
:10A180008000030701D4FFF7D9FE08FA06F624EA97
:10A190000604BEE7C77E002043020500E0FE04007F
:10A1A00013AD0400E8300020D1FF040000E100E01E
:10A1B0001C6700201867002000600350C37E002049
:10A1C00010B504464FF0FF324FF0FF3311480BF04B
:10A1D00079FE2046FFF7B2FE012304F00F02934000
:10A1E000DB430D4A14F0800F15BFD2F81015D2F8DA
:10A1F00014150B400B4014BFC2F81035C2F81435CB
:10A2000004480BF0DBFD4FF48002044BC3F804213B
:10A2100010BD00BFE83000200060035000E100E006
:10A2200070B50446FFF730FA68B9012504F00F0253
:10A2300014F0800F144B05FA02F205D0D3F8101574
:10A240000A43C3F8102570BDD3F814150A43C3F8A8
:10A250001425631E062BF6D8EFF31186202383F313
:10A260001288BFF36F8F2046FFF72EFE2046FFF7C0
:10A270005DF8064A8540136823EA0503136086F3F8
:10A280001188BFF36F8FDEE700600350186700206E
:10A29000020710B504460BD50B490C4840F20F637A
:10A2A0000B4A14F06BFF40F20F61094814F05DFF98
:10A2B000030605D4FFF794FD10B12046FFF704FE16
:10A2C000044BC3F8184510BD1D02050013AD040072
:10A2D000E0FE04000060035014280ED8084A12F86B
:10A2E000103053B102EB4002527832B10868434358
:10A2F00093FBF2F300200B6070476FF0150070477E
:10A300007F02050008B508F069FC094A034690423F
:10A310000DD008480121084A15F0F4FF6FF004033E
:10A3200006484363BDE808401C3019F028B808BD52
:10A330000000AD0BA87F0400A9020500C82700207B
:10A34000044B93F84A3013B1034808F019BDFFF7E6
:10A35000D9BF00BFC82700200DA40200074BD3E8D7
:10A36000EF2F511CC3E8E01F0028F8D10AB9FFF70E
:10A37000E7BF6FF00F025A63704700BFC827002085
:10A3800080B500AF88B06A46094BC2E905304FF48A
:10A3900000739383074B42F8103F00234FF4E251C0
:10A3A0000548EEF757F86FF00400BD4680BD00BFCA
:10A3B000C702050003000001A87F040010B50022B9
:10A3C0000E4904460E481BF074FF002008F042FAC4
:10A3D0000C4B984204D02068BDE81040FFF7D0BF76
:10A3E000002201210E20F1F71FFD0748C36813B9B1
:10A3F000043018F0C4FF002010BD00BF5DA30200B0
:10A40000382800200000AD0BC82700202DE9F041BE
:10A410000778002F40F08E80514CE26B94F860C0BA
:10A4200025461CEA020F0AD100224E4BC3F8002534
:10A43000A36B6BBB4C48BDE8F04118F0A0BF0123F3
:10A44000B0F808E0A66E4FEA4E0ED0B218420AD01D
:10A4500094F8A8200CEA030192B121B132460EEB28
:10A460000601914204D15B009BB26345EED9DBE764
:10A4700032F9028BB8F1000FB8BF22F8027CF0E786
:10A4800021B1B6F900100029B8BF32800236EAE7E0
:10A49000236DB4F85C2033B134493548984701281E
:10A4A00028D002283BD0B4F85C30B4F858209A4247
:10A4B00035D90133A4F85C3094F8A830F3B9A36E11
:10A4C00094F8612003EB4203A36694F86110A06E38
:10A4D00008F02AFB274A034690420FD00121264A62
:10A4E000264815F00FFF6FF004031F48636318F050
:10A4F00046FF03E094F8A830002BE6D0E36C1BB9CC
:10A50000BDE8F041FFF71CBFD5E8EF3F5A1EC5E894
:10A51000E12F0029F8D1012BF2DCBDE8F081E36CDA
:10A52000002B87D094F8A830002B83D114481BF05F
:10A53000CCFE7FE7022F10D108F050FB0D4A0346F6
:10A540009042EAD00D4801210E4A15F0DBFE6FF073
:10A550000403034843631C306DE7052FDDD169E731
:10A56000C827002000E00050E42700200028002039
:10A57000C87704000000AD0BE7020500A87F0400C7
:10A5800038280020A9020500002330B50A7987B0D9
:10A59000CDE903338DF8143002F01F030C46072B6E
:10A5A000C2F304018DF8151008D90121524A53480D
:10A5B00015F0A8FE6FF0150007B030BD61798DF879
:10A5C000131012F020010CBF0A46A2798DF8142056
:10A5D00022780C2A1ED8DFE802F00A07111D131D8D
:10A5E000151D1D17191D1B0001228DF80E20627804
:10A5F000032A15D0042A16D0414A0CE00222F4E7BF
:10A600000322F2E70422F0E70522EEE70622ECE758
:10A610000722EAE73B4A0121384815F06AFEC9E7FC
:10A6200001228DF80F2044F20A006288824227D866
:10A6300043F6FE70824203D8002A52D0324AEAE73B
:10A64000A2F57F523F3A0B2AF8D801A050F822F029
:10A65000EBA602003DA602003DA602003DA60200B8
:10A66000A3A602003DA602009DA602003DA6020090
:10A670003DA602003DA602003DA60200E3A60200A0
:10A6800044F2140082422ED044F2280082422CD0A0
:10A6900044F20F008242D1D1032200E001228DF862
:10A6A00010200125194A05FA03F392F86000DBB285
:10A6B000E9B1A17909B18DF8115020EA030303A88B
:10A6C00082F8603008F010F9114B984211D02379CC
:10A6D00003F01F03012100900E4A084815F01CFEEC
:10A6E00068E70222DBE70422D9E70522D7E7034324
:10A6F000E5E7002060E700BF02030500A87F040033
:10A7000038030500190305005C030500C827002075
:10A710000000AD0B870305002DE9F0430E4685B020
:10A720004FF0FF334FF0FF3284480BF0CBFB7768DC
:10A730007B1EFE2B05D9824A0121824815F0D9FDE6
:10A7400010E000252C4627FA05F3DA0715D508F0A6
:10A7500001F9E840C3070ED42B467B4A0121794812
:10A7600015F0D0FD6FF01504744818F008FE20466F
:10A7700005B0BDE8F0830134E4B20135082DE2D123
:10A780000CB9724AD8E7337CA3F10802062A0FD825
:10A79000DFE802F0100E120E040E0C000221012C54
:10A7A000727C0BD0002A55D0694AC5E70321F6E731
:10A7B000684AD3E70021F2E70121F0E7082A06D82A
:10A7C000DFE802F00808080808080808080013462F
:10A7D000614AC3E73368002B3CD0186801387F28F2
:10A7E00038D88DF8082000228DF809201B885A1EC1
:10A7F0007F2A0BD959495A4840F25523594A14F037
:10A80000BDFC40F25521574814F0AFFC1B01013B41
:10A81000ADF80A300123544A8DF80C3082F8A83084
:10A820003846524B02AA08F0F7F8514B984299D19A
:10A830003368620013B19B8903FB0222F3689342E1
:10A8400011D2012100923F484A4A15F065FD6FF090
:10A850000B0489E70020444B83F8A8003846434B9B
:10A8600008F094F8E1E7404D214685F86140B06872
:10A8700095F8A830A946A8662BB133689B890133A7
:10A8800013FB04F4A1B208F04FF9394B804698420B
:10A8900002D0394A034661E73746384C0FCF0FC420
:10A8A0003B68002723606F633368002B42D00FCBD7
:10A8B000261D86E80F00EB6CAE63A5F85C70002BDC
:10A8C00038D0D9E8EF3FC9E8E27F002AF9D195F8FE
:10A8D000A810E9B94FF40047E86C294E0023E0FBCB
:10A8E0000761284A3046E7F73FFA0022CDE9000128
:10A8F000002304F128000EF0D9F94FF0FF324FF099
:10A90000FF3321480BF0DEFA00B168636C6B2BE774
:10A9100008F064F940450346EFD001211B4A09487D
:10A9200015F0F0FC6FF00403A4F12C006B6318F039
:10A9300026FDE2E7FFF704FDDFE700BFCC2700209C
:10A94000A7030500A87F0400C5030500DF03050079
:10A950001A040500F50305004C0405009F040500DA
:10A9600013AD04006F040500C82700200DA40200E9
:10A970000000AD0BCA040500E70205000028002016
:10A980003F420F0040420F00E4270020EF04050083
:10A99000F8B504260D460769374438462A8AE9681F
:10A9A000ECF7D6FE10F10C0F04460ED14B201BF035
:10A9B000A2FA013EF1D122460649074818F0E5FC0B
:10A9C0002846F1F7D1FF2046F8BD0028F3DB00242C
:10A9D000F6E700BF21050500288004002DE9F04FAF
:10A9E0001746D2F8109002780546042A884687B0A8
:10A9F00001F1FF330BD0052A00F09580022A40F0C8
:10AA0000D480032B61D8042200926B4A04E0012B0E
:10AA100009D802220092694A0121694815F07CFC9C
:10AA200007B0BDE8F08F43783E2B30D1C678B31E17
:10AA30005E425E41B5F80120A8F10303B3EB122F8B
:10AA4000ADF814204FEA122826D116B300230024B3
:10AA5000CDE90234DFF86CB1DFF864A13146DDE9FD
:10AA600002239DF81400F4F7D3FB0446C0B100F1B3
:10AA70000C06022205A9304616F047F9304616F0BA
:10AA80003CF9804514D9434600904F4A37E00026F0
:10AA9000D0E74FF4A023DAE74C4ACDF80080BBE7BB
:10AAA000002EBDD102215A46504615F022FCD5E7B2
:10AAB00042463046E91C16F028F921463846D9F8B6
:10AAC000003007B0BDE8F04F1847002200230820EF
:10AAD000F4F748FB0446D0B1D5F80130A8F10506DB
:10AAE00000F10C080422404605A9059316F00DF963
:10AAF000BDF816309E4250D000933346344A0121AF
:10AB00002F4815F009FC2046F1F72EFF88E70121B8
:10AB1000304A2B4807B0BDE8F04F15F0EABB32468B
:10AB20004046691DC7E7032B03D8042200922A4A36
:10AB300072E7002200232020F4F714FBDFF89CA02A
:10AB40000446C0B1D5F80130A8F1050600F10C08A3
:10AB50000422404605A9059316F0D7F80023CAF849
:10AB60000030BDF81630C3F30D039E4215D01C4AC9
:10AB700000933346C3E76421DAF80020B2FBF1F317
:10AB800001FB13231BB917490D4818F0FEFBDAF837
:10AB900000300133CAF8003042E7404616F0ADF805
:10ABA0008642BCD9334600906FE70F49044807B08E
:10ABB000BDE8F04F18F0E9BBEC05050039050500CC
:10ABC0002880040094050500C905050065050500F9
:10ABD00030060500160605005D0605002467002006
:10ABE000A706050087060500D506050070B50569AE
:10ABF00000200E4600F060F8044630B102461549C8
:10AC0000154818F0C2FB204670BD286CECF712FD09
:10AC1000044628B110F1780F02D002460F49EFE741
:10AC2000286C05F10C02291DECF744FD044610B117
:10AC300002460B49E4E74FF48032002305F1280077
:10AC40000BF040F9044610B102460649D8E72E60E1
:10AC5000D9E700BFE9060500288004000E070500BB
:10AC60003E0705006207050038B50569281DECF7A9
:10AC700043FD044630B102460B490C4818F085FBF1
:10AC8000204638BD286CECF7F5FC044610B10246AE
:10AC90000749F2E718F07EFB044610B10246054969
:10ACA000EBE72860ECE700BF82070500288004007E
:10ACB000AD070500D107050010B50D4BD3F8404492
:10ACC00014F480740BD00B490B4840F2F6330B4A56
:10ACD00014F054FA40F2F631084814F046FA102203
:10ACE0000120C3F84024F2F7D1F8204610BD00BF80
:10ACF00000300050EFCA040013AD0400BDCA0400C8
:10AD000037B540230C460A490093411A49110546BC
:10AD10002346084A084818F043FB011E05DA284676
:10AD2000234603B0BDE83040184703B030BD00BF34
:10AD30003C6700200D34040088760400C9B2032962
:10AD400008B509D909490A487F230A4A14F016FAB6
:10AD50007F21084814F009FA0C22036901FB023331
:10AD6000D3F8880000F0070008BD00BF6F08050099
:10AD700013AD04003208050070B5C9B20329036998
:10AD80000BD91949194840F2D113194A14F0F6F9B0
:10AD900040F2D111164814F0E8F9EFF311852024A0
:10ADA00084F31288BFF36F8F0C2606FB0134D4F8AE
:10ADB000884014F0C00408D0A24206D085F3118860
:10ADC000BFF36F8F4FF0FF3070BD012271430B4412
:10ADD000C3F8882085F31188BFF36F8F43680B4455
:10ADE0005B6898470020EFE76F08050013AD04008B
:10ADF0003208050070B50D4606490446411A49114E
:10AE000040220548FFF7B8FF2B4601462046BDE823
:10AE1000704018473C670020887604002DE9F8430D
:10AE20000022012106460520F0F7FEFF114805F03B
:10AE3000E1FE114B984219D105F0ECFE00244FF0D1
:10AE40000C080127DFF834903569494605EB4410BA
:10AE500014F017FD002807DB08FB04550134042C0F
:10AE6000C5F88870F0D10020BDE8F8836FF00400C9
:10AE7000FAE700BF45AF02000000AD0B688B04008D
:10AE80007FB500220123CDE9022304ABCDE90433D1
:10AE9000094A6B46CDF800D0CDF804D018F0AFFACF
:10AEA000002805DB4FF48042002368460BF00AF8C7
:10AEB00007B05DF804FB00BF3D34040010B5EFF3AC
:10AEC0001184202383F31288BFF36F8F074A13681E
:10AED00023F00201DB07116002D4012005F052FFCC
:10AEE00084F31188BFF36F8F10BD00BFEC670020A3
:10AEF0000C22124B014602FB0033002030B4D3E990
:10AF00002052C3F88000EFF31180202484F31288CC
:10AF1000BFF36F8FD3F8884004F0C00444F00204FC
:10AF2000C3F8884080F31188BFF36F8F1DB12B46A3
:10AF300030BC0348184730BC704700BF3C67002056
:10AF40008876040008B5092822D8DFE800F0051348
:10AF5000212121212115110F134BD3F8880010F066
:10AF600007001FD1BDE80840FFF7C2BF0220F9E784
:10AF70000320F7E70120F5E70C494FF43D730C4A35
:10AF80000C4814F0FBF84FF43D71094814F0EDF84B
:10AF900006494FF44173064A064814F0EFF84FF49F
:10AFA0004171F2E708BD00BF3C670020821E05002A
:10AFB0003208050013AD040010B4EFF31182202312
:10AFC00083F31288BFF36F8F1848016841F00204C1
:10AFD0000460C80707D482F31188BFF36F8F012084
:10AFE00010BC05F047BE4FF05021D1F80C04D1F849
:10AFF0000C14C907EFD5EFF3118083F31288BFF368
:10B000006F8F0B49D1F8883003F0C00343F002037F
:10B01000C1F8883080F31188BFF36F8F82F31188F5
:10B02000BFF36F8F002010BCFFF762BFEC670020FA
:10B030003C670020024BC0B203EB4010704700BFDA
:10B040003C6700202DE9F041012206464349D1E842
:10B05000EF3FC1E8E02F0028F9D1A3B940494148AA
:10B060004B60CB608A60EBF7A3FD00280BDA3E490A
:10B070004FF429733D4A3E4814F080F84FF429718B
:10B080003A4814F072F876B3731E012B5BD8012E88
:10B0900007D14FF05023D3F81C3403F00303022BE5
:10B0A00021D01BF043F80546F8B9324B1B78E3B1C9
:10B0B0004FF0502302220746C3F808234FF05024D4
:10B0C000DFF8B480D4F81824D4F81834D20315D596
:10B0D00003F00303022B01D0012E0FD16DB387F3D0
:10B0E0001188BFF36F8FBDE8F081EFF31187202344
:10B0F00083F31288BFF36F8F0125DFE7C5B13846B0
:10B1000015F08BFDD4F81835DBB2012BDAD1D4F869
:10B110000421002AD6D00022C4F80421D4F8042146
:10B120000222C4F818252022C8F88021A360C9E7AC
:10B13000002121200CF02CFFE4E74FF050230222E5
:10B14000C3F80423CFE70D4940F2B623074A084865
:10B1500014F014F840F2B62192E700BF38670020DF
:10B16000286700205C670020A2B8040032080500B0
:10B1700013AD0400FC80002000E100E0821E050009
:10B1800008B507481AF0BBFE38B10648F1F7BAF91E
:10B190000448EAF7C5FA002008BD6FF01200FBE78B
:10B1A00008770400A9B102000A2838B50446074D03
:10B1B00004D1AB680D212846DB699847AB6803488A
:10B1C000DB69E1B29847204638BD00BF087704002C
:10B1D000F7B50F46164648B918491823184A1948B2
:10B1E00013F0CCFF1821164813F0BFFFE9B9164938
:10B1F0001923134A134813F0C1FF1921F3E7331B36
:10B20000B3F5806F38BF1D4600202A4601AB3919BF
:10B2100010F068FB68B9019BAB420AD12C44A642EE
:10B22000EDD809D0162003B0F0BD4FF4806500249E
:10B23000F5E76FF01500F6E70020F4E70C090500CC
:10B24000DC08050013AD0400E5AE0400024B0B6002
:10B2500001231360704700BF108C04000048704742
:10B26000AC8B04000268154BFF2A08BF4FF0FF3279
:10B27000C3F824254268FF2A08BF4FF0FF32C3F805
:10B2800028258268FF2A08BF4FF0FF32C3F8302517
:10B29000C268FF2A08BF4FF0FF32C3F834250269A5
:10B2A000FF2A08BF4FF0FF32C3F838254269FF2A52
:10B2B00008BF4FF0FF32C3F83C25704700B0025082
:10B2C000054B994206D14FF0FF324FF0FF33183053
:10B2D0000AF0F8BD704700BF0000AD0B00F17440EC
:10B2E00000F5A60008B50A2816D8DFE800F0061514
:10B2F00015151812151508151800002008BD012194
:10B30000084A094814F0F5FF0121084A064814F0DC
:10B31000F0FF6FF08B00F1E76FF00F00EEE76FF0DA
:10B320001500EBE72F0905005081040057090500BF
:10B3300030B50D46416885B069B1D1E90013846824
:10B34000B4B1D4E90024A4B19BB19C4205D06FF004
:10B35000150005B030BD0B46F1E75C1C092C0378E5
:10B360000AD902210E4A0F48009414F0D5FFEEE7E7
:10B37000224601331C44F1E78DF8083040F20113F6
:10B38000ADF80A30002302A88DF80C308DF8094082
:10B390008DF80D5006F02AFFFFF7A0FFD9E700BF98
:10B3A00092090500508104002DE9F04F91B04368E7
:10B3B00000AF5D6B80460021284607F1280218F097
:10B3C000F6F9041E7FDBBB6A2A681979186801F058
:10B3D000AFF8041E77DB002201212B20F0F724FDBB
:10B3E00000254FF05023C3F8B85507201AF083FD0D
:10B3F000D8F80490D8F810207B49484606F0C6FEDD
:10B40000FFF76CFF041E54DB784E07F128040FCEC3
:10B410000FC496E80300AB2307F1040A84E8030095
:10B420007D60CAE901553B71714B07F12800D3F8E3
:10B43000242507F11006D2B23A61D3F82825D2B2FA
:10B440007A61D3F83025D2B2BA61D3F83425D2B2BA
:10B45000FA61D3F83825D2B23A62D3F83C35DBB280
:10B460007B62FFF7FFFE012006F040FF01463046F9
:10B47000FFF7F8FE5F4B99422AD129465046FFF765
:10B4800057FF041E15DB23201AF035FD4FF0030B88
:10B490009F23C7E90A552946C7F810A0C7F814B07A
:10B4A00087F828303E6307F12800FFF741FF041EAC
:10B4B00011DA4FF050230222C3F8B82506F060FFDE
:10B4C00008B106F037FF20464437BD46BDE8F08F8F
:10B4D0006FF00404EDE75A46514609F130001BF0C5
:10B4E000E5FE044618B36C468CB06A4697F804E053
:10B4F00097F805C0BE7999F8300099F8311099F89D
:10B500003230D3620823DFF8F080C2E907C6C2E90F
:10B51000058EC2E9090142F8103F44F240012B4672
:10B520003648ECF797FFA5466FF01204C1E7D8F84C
:10B530000420537F023B012B16D992F81C80A8F1FE
:10B540000208B8F1020F8CBF4FF000084FF001085D
:10B5500018F032F8051E0ADA01212B46284A27483E
:10B5600014F0D0FE2C46A4E74FF00108F0E7EAB251
:10B57000C5F38015A8459CD00023012182F040022C
:10B58000BB623F6179613B6387F82810FE6207F177
:10B5900028003B803A70FFF7CBFE041E07D118F05D
:10B5A0000BF8041E04DB14F00104F8D181E780DA03
:10B5B000144A154B6D468AB0B8F1000F18BF1346F8
:10B5C0006A461249D461C2E905134FF4007313842B
:10B5D0000F4B42F8103F00234FF411510748ECF78E
:10B5E00039FFAD4665E700BF3B350400DC8204004F
:10B5F00000B002500000AD0BBB09050050810400F3
:10B60000ED090500E1E70400B5090500FD090500A5
:10B61000040000012DE9F04F82460E461C4690467C
:10B6200087B082B1002B00F08F800029426803DBD5
:10B63000D26A0B4493420BD901213346434A444812
:10B64000009414F069FE6FF0150007B0BDE8F08FAC
:10B65000754205F0030517F091FFA54228BF254666
:10B66000D8F1000303F0030308F0030758BF5F425B
:10B670007F4207F00307A74228BF2746631BE41B4E
:10B6800024F0030423F00309A145C8BFA14603F039
:10B69000030BC8BFA3EB040BB9F1000F19D008EBE3
:10B6A0000703721949461846039319F09FF9044697
:10B6B0000146DAF81000FFF703FE264A944238D11B
:10B6C000BD4206D0039B4A46194608EB05001BF015
:10B6D000CBFDADB1C5F104070421F21B04A819F09C
:10B6E00085F904460146DAF81000FFF7E9FD194B29
:10B6F0009C421ED104AB2A464046D9191BF0A7FD37
:10B70000BBF1000F1ED0721908214A4404A819F099
:10B710006DF904460146DAF81000FFF7D1FD0D4B34
:10B720009C4206D109EB05005A4604A940441BF08F
:10B730008EFD504617F007FF204607B0BDE8F04FDA
:10B74000FFF7CCBD034CF4E718467EE70E0A050070
:10B75000508104000000AD0B2DE9F0470E4607466E
:10B760001D469046416886B0A2B19BB1042B01D919
:10B77000AB070FD116F003040CD1002E03DBCA6A0D
:10B78000731993420CD901213346384A3848009541
:10B7900014F0C2FD6FF01504204606B0BDE8F08736
:10B7A000384617F0EBFE204617F021FF044630B173
:10B7B000012017F01CFF384617F0C5FEECE7032DFB
:10B7C0001CD83246042102A819F010F9044601469B
:10B7D0003869FFF775FD274B9C4234D12A46414614
:10B7E00002A81BF034FD3246042102A819F0FBF830
:10B7F000044601463869FFF763FD24E008F0604322
:10B80000B3F1005F02D118F0030F2BD0DFF864A072
:10B81000102DA94628BF4FF0100941464A4602A8FC
:10B820001BF015FD3246494602A819F0DCF8044623
:10B8300001463869FFF744FD544504D1B5EB0905CD
:10B84000C8444E44E4D12046FFF748FD0446012099
:10B8500017F0CDFE0546384617F075FE002C08BFE0
:10B860002C4699E7324629464046BFE7570A05006D
:10B87000508104000000AD0B2DE9F3470B460E4646
:10B8800007461546D0F804C0C1F30B012AB96FF082
:10B890001504204602B0BDE8F087C2F30B0252EA5D
:10B8A0000104F4D1002B04DBDCF82C105A198A4275
:10B8B00006D901213B4A3C48009514F02DFDE6E7EE
:10B8C00017F05CFE2046D7F8048017F090FE04467F
:10B8D000002863D1DFF8D490D8F82C309D4221D1D4
:10B8E00006F0C0FDAA46044621463869FFF7E8FC89
:10B8F0004C453DD15644A5EB0A0500214FF4A470F8
:10B900000CF046FB17F058FE041E3DDB14F001045A
:10B91000F3D1002DE0D1012017F069FE002C08BF03
:10B9200004463BE0B5F5803F09D3B3B253B9314685
:10B93000012006F02FFD4FF4803A0446D4E7B5F518
:10B94000805F09D3C6F30B0030B9314606F022FD03
:10B950004FF4805A0446C7E701213346144A12487F
:10B96000009514F0D9FC13493869FFF7A9FC114C74
:10B9700001213346104A0C48009514F0CDFC2046B6
:10B98000FFF7ACFC0446C6E70748334601210B4AE3
:10B99000009514F0C1FC012017F029FE384617F07D
:10B9A000D2FD76E7A10A0500508104000000AD0B2E
:10B9B000EB0A05000400AD0B260B0500090B050082
:10B9C000024B0B6001231360704700BFF06700203B
:10B9D00000487047188C040007B50346054A0091DB
:10B9E0000548012114F098FC6FF0150003B05DF8D4
:10B9F00004FB00BF5A0B0500A080040010B5012213
:10BA0000064811461AF01DFB18F0D3FF044C2060C5
:10BA100018F0CCFF6060002010BD00BFF867002068
:10BA2000F0670020F7B50E46144618F0BFFF214618
:10BA30000546304617F0F9FD374660B3B6FBF5F31F
:10BA400005FB136323B9B4FBF5F305FB13434BB1BB
:10BA50003346134A00941348012114F05DFC6FF043
:10BA6000150002E0A54202D9002003B0F0BD4FF05E
:10BA7000FF324FF0FF330C480AF024FA18F096FF1B
:10BA80000546384605F0C8FF641B2F44F9D1064827
:10BA90000AF094F9E8E7054A33460094DBE700BF73
:10BAA000770B0500A0800400F86700205A0B050002
:10BAB000F7B50E461946304617461C4617F0B5FD39
:10BAC00050B93346174A00941748012114F024FC5A
:10BAD0006FF0150003B0F0BD46EA040515F003054C
:10BAE00003D0124A33460094EEE7A4B14FF0FF3280
:10BAF0004FF0FF330E480AF0E5F924F00304A542A5
:10BB000005EB060009D10B4AD2F80034DB07FBD560
:10BB100007480AF053F90020DCE7795905F0AEFF39
:10BB20000435ECE75A0B0500A0800400960B0500D5
:10BB3000F86700200090035010B5036961B92049EF
:10BB40003F23204A204813F019FB204813F016FB2E
:10BB50003F211C4813F009FB486850B91C49402399
:10BB6000184A194813F00AFB1A4813F007FB402142
:10BB7000EFE75868F8B1884219D19C680868A1427B
:10BB8000586000D19860002008602AB15A680A60A5
:10BB90009A68596002B99960002010E0814206D18C
:10BBA0000868206098688142EDD19C60EBE704460C
:10BBB00000680028F2D1002AE8D16FF0150010BD0E
:10BBC000639F0400D50B050013AD0400110C0500A4
:10BBD000200C0500320C050008B50368024659091F
:10BBE00014D0012906D14FF6FF7103F01F03D9408D
:10BBF000C80712D40A490B4840F2CA330A4A13F064
:10BC0000BDFA40F2CA31084813F0AFFA4FF0FF31E5
:10BC1000D940C907EED5054800E00548136008BDC6
:10BC200059CA040013AD040026CA0400002584503C
:10BC300000288450F0B5406801F01F04057B87B0F0
:10BC400044EA45140569002D77D0B2F5001F00F1D4
:10BC5000100506D12146284618F0A0FE002007B0A6
:10BC6000F0BD0027B2F5800F01AE0197776033D1A8
:10BC7000B3F1007F14BF052304238DF804300023A3
:10BC8000CDE9046303938368CB40D90739D4B2F17B
:10BC9000A07F36D168460094FFF79EFF009B80335B
:10BCA00050F82330DB072CD46A462146284605F09D
:10BCB000E3FB254B98421AD0CDF808D02146284600
:10BCC00003AA05F099FA214B984239D10122214665
:10BCD000284605F063FCC1E7B3F1C06F05D0B3F1AE
:10BCE000007F14BF01230223C7E70323C5E769468A
:10BCF000284605F04BFC154B9842DDD06FF00B0049
:10BD0000ADE76A462146284605F0B6FB0F4B0646CE
:10BD10009842D3D128469DF8001005F02FFCB04280
:10BD2000CCD00B490B4840F2E1130B4A13F026FA32
:10BD300040F2E111084813F018FA6FF085008EE721
:10BD40006FF015008BE700BF0400AD0B0000AD0BDA
:10BD5000750C050013AD0400490C05002DE9F043F6
:10BD6000466840F20635337BD00601F01F0747EAEC
:10BD7000431748BF032302EA050558BFC2F3401327
:10BD800087B0B5F5837F14468DF8033043D00FD8C4
:10BD9000062D18D007D8B5B1022D3ED06FF0150092
:10BDA00007B0BDE8F083B5F5807FF7D101250AE043
:10BDB00040F20222954232D0B5F5407F31D0B5F540
:10BDC000007FEBD1022522032DD5012372688B4021
:10BDD0009360336973BB03A80397FFF7FDFE039BD2
:10BDE00000EB830084F48033C3F30043C4F3404486
:10BDF000D0F8002244EA43049DF8033022F4706234
:10BE000044EA830422F00F0244EA05231343C0F8F6
:10BE100000320020C4E70725D5E70425D3E7052530
:10BE2000D1E70325CFE7630341BF012372688B404D
:10BE3000D360CEE71036394630460DF1020205F0E8
:10BE40001BFB14F4403F804617D13946304618F0AA
:10BE5000A3FD254B9845DCD130469DF8021005F036
:10BE60008DFB4045D5D021492148DE23214A13F0DE
:10BE700085F9DE211F4813F078F94FF0000901AB76
:10BE80003946304603AACDE90439CDE90199CDF808
:10BE90000C9005F0B1F9144B98427FF47FAF14F485
:10BEA000003315D09DF8033084F48034C4F300448B
:10BEB0008DF80E3039464B46304603AA8DF80C50AB
:10BEC0008DF80D4005F052FA074B9842C1D065E756
:10BED000CDE9043339460DF10303304603AA039339
:10BEE00005F08AF9F0E700BF0000AD0B750C050006
:10BEF00013AD0400490C05004209034670B502D099
:10BF0000012A1ED070BD144E326951680029F9D043
:10BF1000012503F01F030C689D400029F2D08A68B8
:10BF20002A4012D04B6873B90C4964230C4A0D485F
:10BF300013F024F90C4813F021F96421084813F098
:10BF400014F90A4EE0E7304698471CB123682146B1
:10BF50001C46E2E72346FAE7C87604004A2C0500AF
:10BF6000D50B050013AD0400320C0500A8760400C3
:10BF700038B545682B69B3B11035284605F0F4FA99
:10BF8000044680B90146284605F0A2FA084B9842BB
:10BF90000BD122462846074905F068FA22460521BA
:10BFA0000D20EFF741FF002038BD6FF00400FBE7E4
:10BFB0000000AD0BF9BE020002780B69012A08D01F
:10BFC000022A08D04AB9064A1A6303F1180009F098
:10BFD000F5BE044AF8E7044AF6E7044AF4E700BF6E
:10BFE0000000AD0B0100AE0B0200AE0B0100AD0B6B
:10BFF0002DE9F04F89B002AFBB60036993463B6106
:10C0000043684FF0FF32D3F828A09B8B0546FB60B6
:10C010004FF0FF330C4617F084FB3B6918337B610C
:10C02000002600230022786909F04CFF33465E4564
:10C0300001D3002340E0207A010700F1938001360C
:10C040005E4521680BD2820709D4227D80EA020C6A
:10C050000CF0010C02F004025CEA020C08D023B9D7
:10C0600001F06042B2F1005F3FD04FF0000801E004
:10C070004FF001086268D7F80CE003EB020CF445BE
:10C0800024D96C468CB0286802A9384ECA61C1E92F
:10C090000563FB680A46C1E9083040F203530B858B
:10C0A000334B42F8103F00234FF451513148ECF725
:10C0B000D1F96FF01B03A54628467B6117F034FBCE
:10C0C0007B691C371846BD46BDE8F08FC00705D414
:10C0D0000AEB03007B601BF0BAF87B6862681A44C5
:10C0E00093B2B8F1000F27D1D3B94FF00008D4F8BC
:10C0F0000090A388BA68217A284600924A4600F048
:10C1000085F8031ED8DB4FF480420023786909F0DC
:10C11000D9FE40B1284600F031F86FF00403CBE7B8
:10C120009846D146E6E73B69134A1B6B9342F4D12C
:10C13000237ADB0702D400230C3478E7CA45FAD10E
:10C1400023460AE0A8EB0201D8681FFA81F819FA21
:10C1500081F17B601BF07BF87B685A680C3B904553
:10C16000F0D2E8E76FF08503A6E700BFA50C050055
:10C1700006000001B88004000000AD0B70B54468F3
:10C1800023682046D3F80855D3F80C6507F058FC0F
:10C190003146284608F040F805460021606A17F04D
:10C1A000C6FA204607F026FC034B9D4214BF6FF0F1
:10C1B0000F00002070BD00BF0000AD0B08B5CA071E
:10C1C00043681BD4C1F3420102290AD003290CD0D1
:10C1D00001290ED14FF0CC721B680020C3F8242532
:10C1E00008BD4FF0C8621B68F7E74FF07F621B681D
:10C1F000F3E70121034A044814F07BF86FF01500BF
:10C20000EEE700BF870D0500B8800400F0B50C46CE
:10C210001D46164689B04768122200210DF10E0016
:10C220001BF03CF804F001038DF80C30BDF83830F9
:10C2300004958DF80D30BB8D0696AB420AD210489E
:10C24000009301212B460F4A14F066F86FF01B0093
:10C2500009B0F0BD84F00202C2F340023846520138
:10C2600003A907F065FC084B984207D00B339842AE
:10C2700014BF6FF004006FF00F00E9E70020E7E75C
:10C28000B8800400990D05000000AD0BB0B5044660
:10C29000456800AF2B6A98470121686A17F047FA92
:10C2A00023462846AA6905F1080107F05FFB104BF9
:10C2B000984217D023686C4688B06A460D49C2E997
:10C2C00005134FF4007393830B4B42F8103F0B4858
:10C2D00000234FF4E251ECF7BDF86FF00400A546DF
:10C2E000BD46B0BD204617F031FA0020F8E700BF88
:10C2F0000000AD0BC702050003000001B880040078
:10C3000010B504460269A2B0C2F880001F4900209F
:10C3100005F092FA002201212A20EFF785FD6468DA
:10C320008422002101A81AF0B9FF6368B3F5803FA9
:10C3300004D30221164A174813F0DBFF2368B3F534
:10C34000803F04D30221144A124813F0D2FF002385
:10C350000120219301AA61680432D940C90744BF72
:10C3600000FA03F142F8041C2168D940C90748BF0C
:10C3700000FA03F103F1010348BFD163102BEAD1A6
:10C3800001A805F081FA002022B010BD75C402009A
:10C39000E00D0500E08004000C0E050038B50F2903
:10C3A0000C4605693CD843681B68CB40DB0737D592
:10C3B000D5F88430CB4003F001031AB9EBB96FF024
:10C3C00077002CE0002BFAD155F8213023B9022157
:10C3D000154A164813F08DFFD5F8843013B92A207A
:10C3E000EFF7F2FC0122D5F88430A2401343C5F8E0
:10C3F0008430E0B205F08AFA0AE0C8B205F0A4FA87
:10C400000122D5F88430A24023EA0203C5F8843023
:10C41000D5F8843013B92A20EFF7E4FC002038BDAA
:10C420006FF01500FBE700BF380E0500E080040048
:10C4300038B505460C4622B102210C4A0C4813F0CF
:10C4400058FF0F2C0ED86B685B68E340DB0709D5FB
:10C4500001230020A400E4B204F1A04404F5283430
:10C46000236038BD6FF01500FBE700BF680E0500C4
:10C47000E080040070B5D1F880600F2804460D46B6
:10C48000736803D81B68C340DA0704D402210E4A3C
:10C490000E4813F02EFFD5F88430E340DB0704D4B8
:10C4A00002210B4A094813F024FF05EB840255F8DA
:10C4B00024503DB121463046AC46BDE870400023D3
:10C4C000126C604770BD00BF830E0500E080040061
:10C4D0009F0E050008B503680246590914D00129CA
:10C4E00006D14FF6FF7103F01F03D940C80712D4DD
:10C4F0000A490B4840F2CA330A4A12F03FFE40F2A2
:10C50000CA31084812F031FE4FF0FF31D940C90757
:10C51000EED5054800E00548136008BD59CA04007F
:10C5200013AD040026CA040000258450002884505E
:10C530002DE9F04F1546824640F2FF19DFF870B141
:10C5400085B000EB8108D04503D1002005B0BDE8DF
:10C55000F08FDAF80030C3F3C3210829C3F30804CD
:10C5600000F2A080534A1B0E043B4C4508BF4FF01D
:10C57000FF34575C1E2B00F29880DFE803F01017A1
:10C5800026969696962D5A96969696969696969660
:10C590005D676A6D969696707685888B8E00621CB4
:10C5A000C5F808457CD10AF1040ACCE7631CC5F83C
:10C5B0000C45F8D0012603A80394FFF78BFF012157
:10C5C000039B01FA03F3C3600FE0C5F81045661C36
:10C5D000E9D00026002108E0C5F80845002FF6D173
:10C5E000631CE0D0002606273146DAF800300394B9
:10C5F00003F40040002818BF002103A818BF01263B
:10C6000001930091FFF766FF039C019B00EB840000
:10C61000D0F80042C3F3412C00993B0243EA8C035B
:10C620000B4304EA0B04234343EA4603C0F80032F9
:10C63000B9E7C5F80C45D1E7C5F86045601CDAF8E4
:10C640000030B0D0C3F300439BB9B3E7C5F86445ED
:10C65000F4E7C5F86845F1E7C5F86C45EEE7C5F8BD
:10C660002445611C9FD00126B4E7C5F82845621C0B
:10C6700099D0012603A80394FFF72CFF039B3146B2
:10C6800006FA03F38360B0E7C5F83045E9E7C5F87B
:10C690003445E6E7C5F83845E3E7C5F83C45E6E745
:10C6A000002688E76FF0150050E76FF085004DE732
:10C6B000F0F0FCFFD50E050038B570B14FF4004521
:10C6C0000021064C0023E0FB0541054A2046E5F722
:10C6D0004BFBBDE838400BF05BBC38BD3F420F0060
:10C6E00040420F00012310B503FA01F143680469C9
:10C6F0001B6819420ED10E4940F28D630D4A0E4857
:10C7000012F03CFD0D4812F039FD40F28D610948F0
:10C7100012F02BFD2368194218BF82F0010222B1EA
:10C720008368DB68BDE81040184783681B69F9E738
:10C730000F0F0500DE0E050013AD04004D0F0500C0
:10C74000F8B5446800AF054617F044F8A06A28B968
:10C750000021284617F0B7F8BD46F8BD19F0CFFB09
:10C760000346B0B9A26A6C4688B011686A462E4882
:10C77000C2E905014FF4007191832C4942F8101F62
:10C780002B484FF4E251EBF765FE6FF01200A5461F
:10C79000E2E7E68DA06A94F82C1046F4003206F029
:10C7A0003004302CD0F810C0D0E9013E0ED1214920
:10C7B00040F2E233204A214812F0E0FC204812F017
:10C7C000DDFC40F2E2311C4812F0CFFC06F006041A
:10C7D000042C09D11B4940F2E933174A174812F0DB
:10C7E000CDFC40F2E931EEE701241B688C401C428D
:10C7F0000CD115494FF47F730F4A104812F0BEFC5C
:10C80000124812F0BBFC4FF47F71DCE7DCF800301B
:10C81000F6074CBF2343A343CCF80030DEF80030CA
:10C820009847002894DA97E75F0F0500030000019E
:10C8300058810400770F0500DE0E050013AD0400DB
:10C84000B00F0500ED0F05000F0F05004D0F05009F
:10C8500013B5402904690BD00F4910484FF40673F3
:10C860000F4A12F08BFC4FF406710D4812F07DFC5C
:10C8700008230E22694617F0F5F858B9BDF90030C3
:10C880002380BDF902306380BDF90430A380BDF977
:10C890000630E38002B010BD8B10050013AD04001C
:10C8A000531005002DE9FF410023466804468DF82A
:10C8B0000D30306819F023FB28B96FF015052846B4
:10C8C00004B0BDE8F081F06880B901231F22522135
:10C8D000204617F0D0F8054668B10346644A0121A6
:10C8E000644813F00FFD6FF01205E8E719F007FB3D
:10C8F0000028EAD1E1E70021A4200BF049FB012345
:10C90000022220460DF10D0117F0ACF89DF80D3014
:10C91000F22B01D0584AE2E7022320224FF47A7129
:10C920002046676817F0A7F800286DD1012322225E
:10C930001946204617F09FF8002865D101232722C9
:10C9400020460DF10F0117F08DF800285CD101236E
:10C950009DF80F10272201F0FD012046194317F022
:10C960008AF8002850D1022323226421204617F0A0
:10C9700082F8002848D1022325220121204617F001
:10C980007AF8002840D10123272220460DF10F011B
:10C9900017F068F8C0BB9DF80F10012301F0F701F4
:10C9A0002722204641F0040117F065F860BB002300
:10C9B0002046BA8C97F8231017F0B3F820BB014635
:10C9C000204617F064F8F8B901232C2220460DF117
:10C9D0000F01D4F8108017F045F8A8B905239DF889
:10C9E0000F102C2221F0070188F80930204601237E
:10C9F00041F0050117F03FF830B901232D22204600
:10CA000097F8221017F037F80028FFF66CAFB369DB
:10CA1000002B3FF454AF204600F0F2F8002807DA6C
:10CA2000164A0121134813F064FC6FF0040546E731
:10CA300096F8202096F8213001268DF80E208DF8EA
:10CA40000F302A220A21204600960DF10E0316F01F
:10CA5000E2FF38B92B220A21204600960DF10F0380
:10CA600016F0D9FF0028BFF62AAF054AD9E700BF64
:10CA7000A3100500807F0400CB100500DD10050029
:10CA8000FD100500012937B505460C460AD90329D2
:10CA900008D00F4801210F4A13F02BFC6FF015004E
:10CAA00003B030BD0123272228460DF1070116F0FF
:10CAB000D9FF0028F4D19DF80710240104F03004B8
:10CAC000012327222846214316F0D5FFE8E700BFBF
:10CAD000807F04001B110500022A38B504460BD8DC
:10CAE0000F4B104833F9125081FB00012A46EB1717
:10CAF000E5F7EAF816350BD10B490C4840F25E23F6
:10CB00000B4A12F03BFB40F25E21094812F02DFB6C
:10CB1000084A90FBF2F3236002FB1303636038BD05
:10CB2000B49404003AA395002611050013AD040047
:10CB30005310050040420F002DE9F74343680646B5
:10CB40009B69884617460569002B50D00C88082C35
:10CB500016D0092C31D0012C44D105F120094FF019
:10CB6000FF324FF0FF33484608F014FEC5E9117854
:10CB7000484608F0DFFE304616F0C9FF224613E0B3
:10CB800005F120044FF0FF324FF0FF33204608F04C
:10CB900001FEC5E90F78204608F0CCFE30460DF1C5
:10CBA000070116F0B0FF1022002F14BF1346002318
:10CBB0002A21304616F086FF1BE005F120044FF0D5
:10CBC000FF324FF0FF33204608F0E4FDC5E90D7851
:10CBD000204608F0AFFE30460DF1070116F093FF36
:10CBE0002022E1E70121044A044813F082FB6FF0A0
:10CBF000850003B0BDE8F0834D110500807F04007F
:10CC00002DE9F84305464468066900AF06F12000A7
:10CC100019F0DEF9A06919F072F90346C0B9A269EA
:10CC20006C4688B011686A466048C2E905014FF455
:10CC3000007191835E4942F8101F5E484FF4E25143
:10CC4000EBF708FC6FF01200A546BD46BDE8F8837F
:10CC500000212846FFF716FF0028F6DBB4F81EE097
:10CC6000A069217F4EF480320EF0300CBCF1300F01
:10CC7000D0F81080D0E901390ED14F4940F2E233AB
:10CC80004E4A4F4812F07AFA4E4812F077FA40F2C4
:10CC9000E2314A4812F069FA0EF0020CBCF1000FC2
:10CCA0000CD0494940F2E633444A454812F066FA4E
:10CCB000464812F063FA40F2E631EAE70EF0060C5D
:10CCC000BCF1040F09D1424940F2E9333B4A3C48E8
:10CCD00012F054FA40F2E931DBE74FF0010C1B6827
:10CCE0000CFA01FC1CEA030F0CD13A494FF47F7394
:10CCF000324A334812F042FA374812F03FFA4FF402
:10CD00007F71C6E7D8F800301EF0010F14BF4CEA5F
:10CD1000030323EA0C03C8F80030D9F80030984721
:10CD2000002892DB4FF00108237F2C4A08FA03F316
:10CD3000C6E90623A06906F114018368DB69002BAC
:10CD400030D0424698470028FFF67FAF3561A06992
:10CD5000217F84684268A469036904B3126808FAF1
:10CD600001F818EA020F0CD11A4940F29333134A22
:10CD7000134812F003FA184812F000FA40F2933107
:10CD800087E71B684FF0A07218EA030F14BF4FF03B
:10CD900000734FF08063A04700EAE07055E76FF042
:10CDA0005700F9E76FF057004FE700BF6811050023
:10CDB00003000001807F0400770F0500DE0E0500F0
:10CDC00013AD0400B00F05007F110500C61105006A
:10CDD000ED0F05000F0F05004D0F05001D3C040071
:10CDE000F7B5836805785B68012D04461F6827D175
:10CDF00043885B0724D54269836B82B10369092BA1
:10CE000024D901923846019916F0A9FE054650B37F
:10CE10000121174A174813F06CFA29461EE0ABB1FE
:10CE2000D86998B1067901AAB5400935F540294677
:10CE3000E7F79EFF50B9019BB54063612561E1E7CB
:10CE40002369092B02D963690193DBE701210A23D6
:10CE5000094A084813F056FA6FF00B01204614F007
:10CE6000FEF903B0F0BD0146204614F026FAF8E7BB
:10CE700042120500807F04001512050010B58B6872
:10CE80000C465B681B7993B9F1F7C6FE48B90A49AD
:10CE90000A4834230A4A12F071F93421084812F082
:10CEA00064F92146BDE81040064AF1F7CDBEBDE861
:10CEB000104000F025BC00BF3DF0040013AD04009D
:10CEC0005A120500E1CD0200C1F30B03090544BF6E
:10CED0006FEA03536FEA1353024951F82220534378
:10CEE000036070473C8D04002DE9F04F91460278B5
:10CEF00085B0039102938BB2D107009304460E9D37
:10CF0000D9F8003040F1DC8041880C314118994259
:10CF1000019140F2EC80BDF80E70002F40F0E780E8
:10CF200012F0020F854900F10C0614BF4FF0080BF8
:10CF30004FF0060B52099E4251F822A003D89B1BCA
:10CF4000B3FBFBF3DFB24FF00008029B984502DA17
:10CF5000019BB34203D8404605B0BDE8F08FD9F835
:10CF60000020B24234D8009B0C2B33D12278920798
:10CF700028D52822002128461AF090F96168A26875
:10CF8000C5E9001201222A8108222A740AFB07F24D
:10CF900005EBC8014A61B6F90600C0F38132032AE5
:10CFA00010D1C0F30B02030544BF6FEA02526FEACF
:10CFB00012520F20A2F5AF7212B292FBF0F21932A8
:10CFC000D2058A610BEB0602C9F8002008F10108BE
:10CFD0005E44BAE72822002128461AF05FF9A268C9
:10CFE0006168574BC5E9001201222A812278C2F3F9
:10CFF000820253F82220009B2A74032B00F29B80AC
:10D00000DFE803F00217283B0AFB07F108F10102F1
:10D01000100105EB02125160B6F9001011F4404FF7
:10D02000D0D122780830C2F382022844FFF74CFFA7
:10D03000C8E70AFB07F108F10102100105EB021233
:10D040005160B6F90210C1F38132012ABAD12278B7
:10D050000C30E8E70AFB07F105EB08125161B6F95D
:10D060000410C1F38132022AACD1227808F1020007
:10D07000C2F3820205EB0010D8E70AFB07F108F1C2
:10D080000102100105EB02125160B6F9001011F413
:10D09000404F06D122780830C2F382022844FFF7BD
:10D0A00013FFB6F90210C1F38132012AD7D12278D9
:10D0B00005EB0810C2F382021C30FFF705FFCEE734
:10D0C000002B38D1009A0C2A35D8DFE802F007137C
:10D0D000171B34343434343434342E004278B0F9ED
:10D0E00002102846FFF7F8FC0123C9F800304FF082
:10D0F000000830E74278B0F90410F2E74278B0F95E
:10D100000610EEE74278B0F902102846FFF7E4FC7B
:10D110006278B4F9041005F10800FFF7DDFC6278CD
:10D12000B4F9061005F11000DCE7B0F90810284644
:10D1300016F032FDD8E76FF085080CE7548D040037
:10D14000488D0400014B00200B607047588204009A
:10D15000034670B50A4600681979836846689C6979
:10D160000569002C54D002F4C003B3F5C00F0ED1F2
:10D17000294940F27B33294A294811F0FFFF294809
:10D1800011F0FCFF40F27B31244811F0EEFF63B94F
:10D19000254940F27F33214A214811F0EFFF23480F
:10D1A00011F0ECFF40F27F31EEE702F0C863B3F517
:10D1B000800F0CD11E4940F28933184A184811F0EB
:10D1C000DDFF1C4811F0DAFF40F28931DCE7012372
:10D1D00036688B4033420CD1174940F293330F4AE3
:10D1E0000F4811F0CBFF154811F0C8FF40F2933102
:10D1F000CAE7160204D52D682B4218BF82F0C06220
:10D200000F4BA446BDE87040134002F0B072604777
:10D210006FF0570070BD00BF97120500DE0E0500CD
:10D2200013AD0400D8120500041305002E130500E9
:10D2300059130500A31305000F0F05004D0F05003E
:10D24000400000062DE9F04F1469556894F84E30FF
:10D2500094F84D701B0203F440731F43E37AD4F833
:10D260005080002B4FF00003914614BF082606267D
:10D2700087B07F002365B8F1000F0DD10121664A08
:10D28000664813F036F84FF0B86105F1180007B0A2
:10D29000BDE8F04FFFF75CBF05AB0093404604AB21
:10D2A00007F10C0206F10C0116F053FD824690B115
:10D2B00001215B4A594813F01CF86FF00B014046FE
:10D2C00013F0CDFF4FF0B86105F11800FFF740FFF4
:10D2D00007B0BDE8F08F049B1A7842F001021A7083
:10D2E000D4E9180258609A6094F84C205A70207A59
:10D2F0001A7860F384021A70E07A60F341021A70BF
:10D30000059BA3F10C05BD4228BF3D46B5FBF6F5D4
:10D310007543049B5D80B5FBF6F306FB13534BB1DD
:10D3200040494148CF23414A11F028FFCF213F48CF
:10D3300011F01BFFD3462027049B0293606D16F06B
:10D34000F8FC064638B9BAF1000F26D051464046DF
:10D3500013F085FFBCE74368002B09DABAF1000F30
:10D3600006D10121324A2D4812F0CCFFD6F804A094
:10D37000636D9B69C6F800B0EFF3118287F31288E2
:10D38000BFF36F8F18681E60066082F31188BFF3C9
:10D390006F8FDA890132DA81D0E7606D16F0A5FC73
:10D3A0008346606D16F0A1FC0646606D16F09DFC8C
:10D3B000A36D074651462C220BF10400039319F08C
:10D3C0006DFF039B5146CBF8083040F60153ABF894
:10D3D0001030184B2C22CBF80030301DD4F858B048
:10D3E00019F05CFF029B2F220C337361124B5146E4
:10D3F0003360C6F808B03561C6F80C80781C19F0A7
:10D400004DFF04233B700D4BC7F80C80C7E904396E
:10D41000606DF1F723FA5BE7E8130500807F0400F5
:10D42000F71305004B14050013AD04000C140500A0
:10D430006B140500037F0200017F0100ED3D040035
:10D440002DE9F04F14691746256D536894F84CB0D8
:10D4500087B0002D00F0FC80AA685668002E00F00E
:10D46000F7803279002A00F0F38003F118094FF4B5
:10D4700000114846FFF76CFE002398469A46F06874
:10D48000834218D1BAF1000F23D1B8F1000F24D094
:10D490001BF0080F21D00021606D039116F049FCAC
:10D4A0000399064608BB00293FD0284607B0BDE8CF
:10D4B000F04F13F0D4BEB16801EB830231F82310B2
:10D4C0000A2904D00B2908BF90460133D8E79246B9
:10D4D000FBE71BF0040FDED1D7E74FF0B8614846F9
:10D4E00007B0BDE8F04FFFF733BE4368002B06DA04
:10D4F00029B901217B4A7C4812F004FF716800229F
:10D50000636D9B693260EFF31182202080F31288F3
:10D51000BFF36F8F18681E60066082F31188BFF337
:10D520006F8FDA890132DA81B6E7BAF1000F20D0C5
:10D53000B8F1000F23D19AF8028008F1FF33012BD4
:10D5400000F2898000230C22236505AB009311466D
:10D55000284604AB16F0FDFB0646C0B16FF00B0188
:10D56000284613F07CFE4FF0B8614846FFF7F0FD07
:10D570006EE0B8F1000F02D098F80280DDE798F86D
:10D5800002809AF80230984528BF9846D5E7DDE931
:10D5900004320146184619F081FE027842F0010279
:10D5A0000270D4E9181280F801B041608260867080
:10D5B000C6703146284613F080FEB8F1020FD2D172
:10D5C0003C69606D16F091FB314605462E22023013
:10D5D000D4F8588019F062FE47F603732B8040F6AA
:10D5E00003232B822823C5F80880AB74A57AE37A3D
:10D5F00005F0030545EA8305A389EDB2DB05606DFF
:10D6000048BF45F0080516F070FB2C2206460021A5
:10D610000430D4F8588019F041FE40F603233382D9
:10D620002823B374314BF5743360C6F80880606DFD
:10D6300016F05BFB2F2205460021013019F02EFE6B
:10D6400004232B702A4BC5E90437606DF1F706F906
:10D6500007B0BDE8F08F606D16F047FB8146606D46
:10D6600016F043FB0646606D16F03FFB2C22804609
:10D67000002109F10400D4F858A019F00FFE40F67B
:10D680000B43C9F808A04FF0020AA9F81130194B52
:10D6900089F810A0C9F800302C220021301DD4F8E0
:10D6A000589019F0FBFD04F14D037361124B2F22CA
:10D6B00033600021C6F80890C6F810A0F56008F1A4
:10D6C000010019F0EBFD042388F800300B4BC8F87B
:10D6D0000C50C8E90437606D07B0BDE8F04FF1F7B2
:10D6E000BDB800BF6B140500807F0400037F0100FC
:10D6F000273D0400037F0200017F010045D20200A4
:10D700002DE9F0478B680569D3F804904368064615
:10D7100003F118080F4640464FF40011FFF718FDBB
:10D72000002824DB0022144610461346D9F80CC00A
:10D7300094451ED195F86C108A072BD550BB43F049
:10D74000040211F0010F03D014B942F00802D2B262
:10D75000C1F3400C84451FD101F00101A1421BD14E
:10D760004FF0B8614046FFF7F3FC002849DABDE806
:10D77000F087D9F8081031F822100A2904D10120C5
:10D7800043F004030132D3E70B2904BF012443F023
:10D790000803F7E71A46D4E795F86C1044EA40040A
:10D7A00021F003010C4330462A2185F86C4016F025
:10D7B00089F90028DBDB002330461A46194695F824
:10D7C0000A9095F80BA0AC8916F0ABF90028CEDBD7
:10D7D000B9F1000F06D1BDE8F04701210A4A0B4814
:10D7E00012F087BD5346002C08BF8024012B38BFA0
:10D7F000012322464946304616F093F90028AFDA55
:10D80000B5E72F65B3E700BF79140500807F0400FA
:10D810002DE9F34704698146236D6BB1684616F024
:10D8200036FD054658B101212548264A12F061FD12
:10D830002946206D13F013FD02B0BDE8F087DDE945
:10D84000000100F063FFC4E91801606D16F04DFAA5
:10D850000746606D16F049FA0646606D16F045FA07
:10D86000294680462C22381DD4F858A019F016FD00
:10D8700002233B7440F60B33A7F81130124B2946B4
:10D88000C7F808A03B602C22301DA76D19F006FDDB
:10D890000123336104F14C0373610C4B2F2233607D
:10D8A0002946B76008F1010019F0F8FC042388F854
:10D8B0000030074BC8E90439606DF0F7CFFFBBE7D4
:10D8C000807F04008E140500037F0200017F0100A9
:10D8D00041D402002DE9F0438DB00646406800AF08
:10D8E00083681B689847041E18DA6D4688B0336851
:10D8F0006A468249C2E905134FF400739383804B53
:10D9000042F8103F00234FF4E2517E48EAF7A2FDAF
:10D91000AD4620463437BD46BDE8F083D6F81080CA
:10D920000123D021304608F1440216F06EFA041E9D
:10D93000C0F2DF8098F84430612B06D00121724A92
:10D94000704812F0DFFC0024E3E7356995F8289071
:10D95000B9F1000F6AD117238A2130463A1D16F01B
:10D9600054FA041EC0F2C5800E23E121304607F1AF
:10D970001B0216F04AFA041EC0F2BB80052349467A
:10D98000304607F1290216F040FA041EC0F2B180B9
:10D99000B7F82330EB81BB882B82BB79AB74BB68B3
:10D9A0006B613B7B2B76FB897A7F6B833B8AAB83F6
:10D9B0007B8A5BBAEB83FB8A2B843B8B6B84BB7EBD
:10D9C00085F824303B7F03F00F0343EA02132B80DA
:10D9D0003B7FFA7E1B0943EA02136B80BB7F2B71EE
:10D9E000FB7F6B7197F82030AB7197F82130EB71AA
:10D9F00097F822302B7297F827306B72B7F82530E2
:10DA00006B8197F828302B7397F8293085F82630EA
:10DA100097F82B30C3F3011385F8253097F92D3093
:10DA20001B1185F82730012385F828300122722147
:10DA3000304616F0F1F9041E5BDB002275213046FA
:10DA400016F0EAF9041E54DB10227121304616F05C
:10DA5000E3F9041E4DDB4FF4A072B8F90A306425D7
:10DA600003F5163303F2991302FB03F11423B1FB00
:10DA7000F3F10A2301F54811B1FBF3F198F90930EC
:10DA8000304603F54473594398F90C3003EB830394
:10DA900003EB83024FF47A7392FBF3F2120202EB70
:10DAA0006102832198F825300433B2FBF3F298F930
:10DAB00026304B4303F58033B2FBF3F22223FA3ACC
:10DAC0005A43323292FBF5F25A21D2B216F0A4F93F
:10DAD000041E0EDB71222946304616F09DF9041E05
:10DAE00007DB55227421304616F096F9041EBFF666
:10DAF0002AAF14F1860F7FF40CAF24E7B0140500B1
:10DB000003000001C07F0400C71405002DE9F041A7
:10DB100040290546046986B009D0AC49AC48E623E3
:10DB2000AC4A11F02BFBE621AA4811F01EFB55224E
:10DB3000742116F071F90028C0F24481FC26013EE0
:10DB400000F03E81002121200AF022FA01231D214C
:10DB500028460DF1070216F058F90028C0F232816C
:10DB60009DF90730002BEADA0D231F21284602AA6F
:10DB700016F04BF90028C0F22581BDF809609DF828
:10DB8000083076BAB6B246EA0346BDF80C309DF8C6
:10DB90000B20B4F80EC05BBA9DF814009BB243EAA8
:10DBA00002434FEA4C0C00F01005CCEBD31C84F878
:10DBB0003C504FEA5C034FEAEC7543EAC57303FB44
:10DBC00005F7A3FB033505EB47051B0B43EA05539C
:10DBD0004FEA253E94F912503609EF175F434FEA9A
:10DBE0000518B4F9105008FB0E7785FB0C5CA3FBFD
:10DBF0000838ED0A47449B0B45EA4C5543EA8743F6
:10DC00002B44236403EB83055B10A3F57A434FEAAF
:10DC1000A30C0CFB0CFC94F91E704FEAEC2E07FBD6
:10DC20000EFEB4F91C704FEA6C3C5F437F0007EBBB
:10DC3000AE07B4F916E0803503FB0EFE94F91830F8
:10DC40002D125B010CFB03F3DB1003EB6E03B4F846
:10DC500014C09B1403F500430CFB03F34FEAE33CB1
:10DC6000C6F58013B4F91A60B4F920E0360406EB67
:10DC7000A706A3EB263340F635467343B3F1804F36
:10DC8000ADBF93FBFCF35B0093FBFCF35B00DE108A
:10DC900076437713B4F922604FEA232C77439E1022
:10DCA0000EFB06F6761306EB27360CFB0CF70CFB87
:10DCB00007F794F824C0BDF80E100CFB07F706EB2D
:10DCC000674694F91F7049BA06EBC71603EB261393
:10DCD0006426236394F9063094F905706B4393FB33
:10DCE000F6F36B436F439B1197FBF6F793FBF6F349
:10DCF0003B44678803F580437B43278889B2A1EBC7
:10DD0000071194F904709B126F4397FBF6F7A1EB90
:10DD100067014B4394F90810E562694391FBF6F102
:10DD2000E579002601EBC5119D136D430911AD1274
:10DD30004D434FF47A7103EB65039B124B43264925
:10DD40001B1323EAE3738B42D4BF6363616340F226
:10DD50003C550521B446BDF8132094F9273000F056
:10DD60000F00C1FB035C1D4B1D4953F8203052BA14
:10DD7000A5FB035703FB0C77C2F3891251F820006F
:10DD80002D0CD20345EA074512F17F4263EB0303F2
:10DD90005219A0FB05514FEA274C00FB0C1143EB35
:10DDA000274350086D0A45EAC15540EAC3705F1029
:10DDB000281847EB6121E3F787FFA063304601E0B5
:10DDC0006FF00A0006B0BDE8F08100BF8B100500BF
:10DDD00013AD0400E0140500A0860100AC8D040022
:10DDE0006C8D04002DE9F04305460669406885B056
:10DDF00083691B689847041E08DA694A012169484B
:10DE000012F077FA204605B0BDE8F08340F608032B
:10DE10004FF4FA67B38109234FF4FA70B373378272
:10DE200016F07AF868688369DB689847044608B199
:10DE30005D4AE3E701460123284602AA16F06EF880
:10DE400004460028DED19DF80830242B09D0242276
:10DE5000012100925348554A12F05EFA6FF0040413
:10DE6000D0E7B6237E218DF80930284601230DF135
:10DE7000090216F082F804460028C3D1384616F08D
:10DE80004BF801237C2128460DF10B0216F046F8D1
:10DE900004460028B6D14FF47A779DF80B307C21E8
:10DEA00023F001038DF80B302846012300970DF174
:10DEB0000B0216F069F804460028A3D18DF80A0079
:10DEC0000123592128460DF10A0216F056F804469E
:10DED000002897D106468146D5F80480D8F81C3032
:10DEE0009B689C423BD33446002E8BD101235921A1
:10DEF00028460DF10A028DF80A3016F03EF8044665
:10DF000000287FF47FAF01232121284603AA16F0C1
:10DF100005F8044600287FF475AF9DF80C3003F037
:10DF20000F03012B8DF80C3037D0013642F2107000
:10DF3000F6B215F0F1FF102EE5D19DF80B307C21E3
:10DF400043F001038DF80B304FF47A7328460093A9
:10DF50000DF10B02012316F017F8044652E763098E
:10DF60008DF80D305B2102232846009703AA8DF817
:10DF70000C9016F009F846B25EB9D8F81C305E2154
:10DF80005A6828464FF480730097224415F0FCFF2E
:10DF900046B204F58074A4B2A0E70F2ECDD15DE7A0
:10DFA00033150500D07F04004C15050071150500E0
:10DFB00070B501F07F0188B0012602258DF80710A9
:10DFC00001460DF10704079304ABCDE9056251F852
:10DFD000040B049402930395836802AA1C6800232F
:10DFE000A047041E08DA074A23463146064812F0C5
:10DFF00089F9204608B070BD28460AF00DF80024C3
:10E00000F7E700BF01170500D07F0400F7B54029EE
:10E0100004690DD00B290BD02B492C4840F2391341
:10E020002B4A11F0ABF840F23911294811F09DF854
:10E0300008236A464221406816F0AFF8002808DA43
:10E0400024480121244A12F054F96FF0040003B06F
:10E05000F0BDBDF80650BDF90010AD0801232A46F9
:10E06000C910204616F05FF8BDF90270A062FF10DB
:10E0700000232A463946204616F055F8BDF90460BB
:10E08000E062761016F5804F1AD0B4F90530B4F975
:10E090001120F61AB4F90F30B4F90B10EB1A5343F0
:10E0A000B4F80D206D006A439B1002F50042C3EBEB
:10E0B000C63301EB224293FBF2F300202363C6E751
:10E0C0004FF00043F9E700BF5017050013AD0400FF
:10E0D00018170500987F04008817050070B50839E7
:10E0E000006903293CD8DFE801F002131517836AA1
:10E0F0004FF4C86193FBF1F1116040F271214B4381
:10E10000194993FBF1F001FB10335360002070BDFF
:10E11000C36AEDE7036BEBE74FF4C864836A40F230
:10E12000712593FBF4F16B4311600F4993FBF1F6FA
:10E1300001FB16335360C36A93FBF4F66B4396609E
:10E1400093FBF1F601FB1633D360036B93FBF4F4FE
:10E150006B4393FBF1F001FB103314615361D5E77E
:10E160006FF08500D3E700BF40420F0073B504464F
:10E17000406883681B689847002816DB0121204609
:10E18000266916F02DF8024688B15E495E4815F002
:10E19000FCFF0021204616F023F85B486FF00402D4
:10E1A0005A4915F0F2FF6FF0040002B070BD002173
:10E1B000632009F0EDFE82234B211A46204615F01C
:10E1C000F2FF024608B15249E0E70146204616F048
:10E1D00007F8024608B14F49D8E70021212009F08D
:10E1E000D7FE0121204615F0FBFF054610B102467F
:10E1F0004949CBE70021632009F0CAFE01234021F1
:10E2000060680DF1070215F0C8FF002805DA434ADF
:10E2100001213D4812F06DF8BBE79DF80720322A36
:10E2200001D03F49B2E73F4B53F8351003EBC5022D
:10E2300009290DDD13794C21DB003822204603F03B
:10E24000F80315F0B0FF002806DA0A2236499DE7E8
:10E250000135082DE8D1F8E704225121606815F056
:10E2600099FF002802DA092230498FE7072252215C
:10E27000606815F08FFF002802DA0F222C4985E72D
:10E28000002306224C21204615F08DFF002804DAD9
:10E290000121284A1C4812F02CF8152332465D2132
:10E2A000606815F07AFF002801DA234AB0E7002100
:10E2B0002046C6E90611C6E90811C6E90A1131630C
:10E2C00015F08EFF0121204615F08AFF054620B18A
:10E2D00002461A490C4815F058FF0021632009F046
:10E2E00057FE062200234C21204615F05CFF55EA1C
:10E2F000000203D01249044815F047FF6FF0850073
:10E3000053E700BF9E170500987F0400D218050050
:10E31000C7170500DD170500FE17050024180500C6
:10E320003B180500608E04005018050068180500B1
:10E33000831805009D180500B9180500F0180500A0
:10E340000F190500F7B51546446803694AB929490C
:10E3500029484323294A10F011FF4321274810F090
:10E3600004FF1F2943D1A27A1B8C12F0200162798D
:10E3700018BF1BB22AB3E279277C042A09BF22689E
:10E38000E2899268128909B1013FFFB25A43A0792C
:10E3900001A90192FBF7A0FF0646A0B9019941FA35
:10E3A00007F06769C7B94FF47A7390FBF3F203FB88
:10E3B00000F1134B2A6091FBF3F203FB1211696029
:10E3C00007E06FF08506012133460E4A0E4811F032
:10E3D00099FF304603B0F0BD4FEAE07CA0FB070197
:10E3E000334607FB0C11A269E3F76EFCDBE76FF025
:10E3F0008506EEE77C19050013AD04004019050001
:10E4000040420F008F190500A081040070B51F293C
:10E410004668056901D040291BD1D5E9060109F0FC
:10E42000B7FD304615F028FF044638B103460A4AC6
:10E4300001210A4811F066FF204670BD30688368EC
:10E4400029465B68984704460028F5D0044A0346ED
:10E45000EEE76FF08504EFE79D190500A081040049
:10E46000B21905002DE9F84F6FF001024FF0FF33AC
:10E4700005694768C5E906230646386817F03FFD79
:10E4800048B9804A0121804811F033FF6FF012052E
:10E490002846BDE8F88FF86920B117F030FD08B9BB
:10E4A0007A4AEFE7384615F0E7FE044638B1012115
:10E4B0000346774A744811F025FF2546E8E77B7943
:10E4C0004BB96FF085030121724A6F4811F01AFFB2
:10E4D0006FF08505DCE701233A7993406B603B7C64
:10E4E0002B747B7C6B7405F12003AB600223EB6023
:10E4F0007368D86940B9D6F80490D9F81C00002890
:10E500005FD104EAE475C3E793F820105B8C03F055
:10E510003002302AD0F810C0D0E9015E0ED15E4939
:10E5200040F2E2335D4A5E4810F028FE5D4810F08C
:10E5300025FE40F2E231594810F017FE03F00602C2
:10E54000042A09D1584940F2E933544A544810F09A
:10E5500015FE40F2E931EEE701272D68DA0707FAE8
:10E5600001F754BF43F4B01383F4D0132F4223F4C4
:10E5700080120CD14D494FF47F73484A484810F03F
:10E58000FDFD4B4810F0FAFD4FF47F71D3E7DCF846
:10E590000050DB074CBF3D43BD43CCF80050DEF8D4
:10E5A0000030984705460028A5D00121414A364849
:10E5B00011F09FFE002D9EDA15F1860F7FF468AFF3
:10E5C00099E7012199F82020366991404268036952
:10E5D000126811420CD1354940F28D632F4A304800
:10E5E00010F0CCFD324810F0C9FD40F28D61A2E779
:10E5F0001B681942836814BF1B69DB68984704468F
:10E6000020B101212C4A204811F073FE17F00AFEB8
:10E610004FF00008DFF8A4A00D464FF4004BD4469D
:10E6200041460746D9F824000023E0FB0BC1244AE9
:10E630006046E3F799FBC01945EB0105012875F128
:10E6400000051ADB17F0EEFD0D4641460746D9F8E6
:10E6500024000023E0FB0BA1194A5046E3F784FB9A
:10E660006FF001034FF0FF32C01945EB01011B1A97
:10E6700062EB0101C6E9063143E76FF001034FF099
:10E68000FF31F7E7BF190500A0810400D01905008C
:10E69000E8190500F2190500770F0500DE0E0500E8
:10E6A00013AD0400B00F0500ED0F05000F0F0500BE
:10E6B0004D0F0500041A0500271A05003F420F0000
:10E6C00040420F0008B50B4A0B4B93420ED90B4941
:10E6D0000C230B4A0B4810F051FD0B4810F04EFD77
:10E6E0000C21074810F041FD1033EEE7FCD3002069
:10E6F00008BD00BF68820400588204008F1A05001C
:10E70000561A050013AD0400B7B10400044AA0FB7B
:10E71000020302FB0131C00B40EA4140C90B7047C4
:10E7200000CA9A3B2DE9F04194B083680546D3F8BE
:10E7300004C00026034600AF197803290FD881B121
:10E740005A8801369207F6B225D4042E27D9012122
:10E75000414A424811F0CDFD6FF00B0114E005294C
:10E76000EED06C4688B06A46D36104233C48C2E9C7
:10E77000050142F8103F4FF4015100233748E9F7F3
:10E7800069FE6FF00401A546284612F068FD503777
:10E79000BD46BDE8F0815B6B002BCDD1D5E74FF0D6
:10E7A000000E2B46714607F1100407F13002C7E94D
:10E7B0000046C7E90226B6450DD30029E4D1002E54
:10E7C00039D1284928487E23284A10F0D7FC7E21D9
:10E7D000264810F0CAFC18780138042828D8DFE849
:10E7E00000F0030B1127250058691060186950606C
:10E7F0000020206018690DE000201060186950604A
:10E800005869F6E700201060187C506003F1110091
:10E810002060187C606058880EF1010E10F0020034
:10E820000CBF03465B6B08320834C4E79869E4E721
:10E830006FF00401EFE7614651F8040B83683A4634
:10E840001C6807F10803A047014600289CD1284610
:10E8500012F033FD9BE700BFE61A05008881040033
:10E86000C11A0500761B050013AD04004C1B050002
:10E8700010B50C46F0F7D0F958B901210848094AFB
:10E8800011F037FD2046BDE810406FF00B0112F08B
:10E89000E6BC2146BDE81040034AF0F7D5B900BFF9
:10E8A00088810400831B050025E7020008B5036882
:10E8B0000246590914D0012906D14FF6FF7103F021
:10E8C0001F03D940C80712D40A490B4840F2CA3383
:10E8D0000A4A10F053FC40F2CA31084810F045FCD7
:10E8E0004FF0FF31D940C907EED5054800E0054893
:10E8F000136008BD59CA040013AD040026CA040001
:10E900000025845000288450012310B503FA01F13A
:10E91000436804691B6819420ED10E4940F28D63A9
:10E920000D4A0E4810F02AFC0D4810F027FC40F26A
:10E930008D61094810F019FC2368194218BF82F054
:10E94000010222B18368DB68BDE810401847836884
:10E950001B69F9E70F0F0500DE0E050013AD04007B
:10E960004D0F05002DE9F84F4568D0F81080064698
:10E970000021E86B00AF15F0BDFC041E11DB296C13
:10E98000481C1AD005F1440000F0A2FB10F1130F4F
:10E9900004460AD101214D4A4D4815F08CFC6FF018
:10E9A00012042046BD46BDE8F88F411D05D1012166
:10E9B000484A474815F07FFCF3E74FF001096B6BBD
:10E9C0009847D8F80850D8E9023203EBC2039D42B9
:10E9D00009D3404615F0D0FC73680021D86B15F0C0
:10E9E00089FC0024DDE7286817F089FA0346B0B9EE
:10E9F0002A686C468AB0106829796A46D1614FF45A
:10EA00000071354D11843549C2E9055042F8101F97
:10EA10004FF411512E48E9F71DFDA546BFE72868C0
:10EA20002979EB8803F03002302AD0F810E0D0E9E1
:10EA300001BA0ED12A4940F2E2332A4A2A4810F09C
:10EA40009DFB2A4810F09AFB40F2E231254810F075
:10EA50008CFB03F00602042A09D1254940F2E93370
:10EA6000204A214810F08AFB40F2E931EEE7DA074C
:10EA700054BF43F4B01483F4D014DBF8003009FA27
:10EA800001FC1CEA030F24F480120CD119494FF445
:10EA90007F73144A144810F071FB174810F06EFB96
:10EAA0004FF47F71D2E7DEF80030E4074CBF43EA51
:10EAB0000C0323EA0C03CEF80030DAF80030984754
:10EAC000041EFFF66EAF08357DE700BFE11B0500B1
:10EAD000808104000C1C0500291C050004000001B5
:10EAE000770F0500DE0E050013AD0400B00F050022
:10EAF000ED0F05000F0F05004D0F05002DE9FF413B
:10EB000005690646AA6DD0F804802B6E002A35D11F
:10EB1000002B53D0B8F83840686D9C4228BF1C4683
:10EB2000EF6DEB6D53B12A6E42B107F06042B2F166
:10EB3000005F03D0082C28BF08246F6F6A6DAC6695
:10EB40001AB1AA6D002A18BF224601921BB12B6E82
:10EB5000002B18BF234600900022694640460393CD
:10EB6000029704F045FD184B984229D06FF004013C
:10EB7000304604B0BDE8F04115F020BC696DEF6D82
:10EB80000846B8F83840ABB1934228BF13469C42C0
:10EB900028BF1C460029C4D001F06043B3F1005FD8
:10EBA000BFD0082C28BF0824286F224618F04FFB3E
:10EBB000286FB6E7944228BF1446EBE71946D7E71B
:10EBC00004B0BDE8F08100BF0000AD0B10B50278C5
:10EBD0000346002A5FD10C69A26E32B9606E6FF0F5
:10EBE0007301BDE8104015F0E9BBE06D40B1216E46
:10EBF00031B1DB6823B1834202D0616F18F027FB8B
:10EC0000A36DA26E33B19A4213D90121224A23483F
:10EC100015F051FB236EA26E33B19A4222D9012125
:10EC20001D4A1E4815F047FB606EBDE81040FFF717
:10EC300065BF9B1AA3657BB9636C04F15802083366
:10EC40006364A36C04F14801013BA36404F1440034
:10EC500015F03DFB6065DDE7636D002BDAD01344F2
:10EC60006365D7E79B1A23667BB9E36C04F1600206
:10EC70000833E364236D04F15001013B236504F183
:10EC80004C0015F024FBE065CEE7E36D002BCBD004
:10EC90001344E365C8E710BD4D1C050080810400E6
:10ECA0002DE9F04F91B000AFC7E9023243688046CA
:10ECB0007B608B8804699804894632D44FF0FF3218
:10ECC0004FF0FF3304F1100007F0FCF8C4F8049093
:10ECD000D8F810A0D8F804B09AF86D30DBF808C066
:10ECE00023B1DAF80030994500F0E180B9F804E08A
:10ECF0001EF400631CD00121B14AB24815F0DBFAC2
:10ED00006FF0850523689B8813F4005304D163607A
:10ED100004F1100007F052F828464437BD46BDE81C
:10ED2000F08FA369002BC9D163689942C6D1CFE7A0
:10ED30001EF0010F16D06D4688B0D8F800106A4654
:10ED4000A148C2E905014FF4007191839F4942F83F
:10ED5000101F4FF4E2519B48E9F77CFBAD466FF082
:10ED60001505CFE71EF0080F05D0994A01219548F7
:10ED700015F0A1FAF3E7CEF34513082B01D0954A1D
:10ED8000F4E7D9F800303B603A68934B9A4201D8D7
:10ED9000924AEBE7924B9C4507D94FF05022D2F8AC
:10EDA000582512F0030F18BF9C4607F118050BF108
:10EDB0000C060FCE0FC50FCE0FC53B6896E80300BB
:10EDC000634528BF63469C46864B85E803009C4507
:10EDD00017D2834B9C4514D2834B9C4511D2834B55
:10EDE0009C454CD8824B9C454BD8824B9C454AD87D
:10EDF000814B9C4549D88149814B824A8C4588BFCB
:10EE000013461EF0020FFB620EF004033FD0002BEE
:10EE100014BF0323022387F83030CEF3001387F8A2
:10EE20003130DBF80030D3F80835591C0BD01EF018
:10EE3000020F7B6107F114002DD1FFF737FD01238D
:10EE40007A699340C3609AF86D302BB1584604F04C
:10EE500071FB00238AF86D3043466B4A584607F130
:10EE6000180104F027FB694A034690421AD0012199
:10EE7000674A544811F046FA6FF0040542E7654BC3
:10EE8000BFE7654BBDE7654BBBE7654BB9E7003BAB
:10EE900018BF0123BFE7FFF709FD01237A699340FB
:10EEA0008360D0E70123CAF800908AF86D3001230F
:10EEB00084F86C307B68196C4A1C0AD003F144005A
:10EEC00000F036F9743004D10221564A3D4815F05D
:10EED000F2F9FB68002B6AD163640023A36404F198
:10EEE000580204F1480104F1440015F0F0F9BB6840
:10EEF0006065002B40F09A80E3640023236504F1F1
:10EF0000600204F1500104F14C0015F0E0F9002515
:10EF100001212A46E0652564204615F00CFA40469A
:10EF2000FFF7ECFD2A462B46A06C834240F0878019
:10EF300000231946256DA94240F088809A4238BFC7
:10EF40001A4626464FF4FA5303FB02F556F8283BBF
:10EF50004FF4004C1B6840F2E730B5FBF3F500219D
:10EF6000C8354FF47A720023E5FB0C01E2F7FCFE92
:10EF700002460B46304606F0A5FF024600286CD03C
:10EF80000121294A0F4815F096F900257868A566F1
:10EF900004F0D0FA6FF07301404684F86D5015F01C
:10EFA0000DFA304607F008F86FF07305AAE6FB6823
:10EFB0001B686364002B90D0FB685B688EE700BF22
:10EFC0006B1C050080810400851C05000300000106
:10EFD000A71C0500C61C050047E80100F51C05003C
:10EFE0000024F4000048E80100127A00FF083D0008
:10EFF0007F841E003F420F001FA107008FD0030037
:10F0000048E8010090D00300CDEB02000000AD0BFA
:10F01000261D050000093D0080841E0040420F00AF
:10F0200020A107004D1D0500771D0500BB681B686A
:10F03000E364002B3FF461AFBB685B685EE7616C23
:10F0400001EBC301496801330A446EE7E06C00EB51
:10F05000C1004068013103446DE7256C15F1740F60
:10F0600093D0002D3FF44EAE0146D8F8100015F0B5
:10F0700062F947E608B503680246590914D0012928
:10F0800006D14FF6FF7103F01F03D940C80712D411
:10F090000A490B4840F2CA330A4A10F06FF840F2AE
:10F0A000CA31084810F061F84FF0FF31D940C90764
:10F0B000EED5054800E00548136008BD59CA0400B4
:10F0C00013AD040026CA0400002584500028845093
:10F0D0000123F0B587B08DF80230022300248DF8AB
:10F0E00004306B4403930F4601AB0DF1030104930D
:10F0F00005460291059402F049FA0C4B06469842E7
:10F100000FD13946284603AA02F076F8B0420BD058
:10F1100028469DF8031002F031FA6FF0040007B0A2
:10F12000F0BD6FF01200FAE72046F8E70000AD0BE3
:10F13000F7B50C46054615F033FC0022214606467D
:10F14000284602F02BFA01A80194FFF793FF019BD8
:10F1500000EB8302D2F80012154B0B4043F00C0376
:10F16000C2F8003215F03BF907462B689B59B3B142
:10F1700000262146284615F011FC01A80194FFF74E
:10F1800079FF019B00EB8300D0F80022084B13406D
:10F1900043F00403C0F80032304603B0F0BD15F070
:10F1A0001EF9C01B0628E0D96FF07306E1E700BF27
:10F1B000F0F0FCFF70B40E4922F07F46D1E9003434
:10F1C000D01AC31844F10004C1E90034A6F50013B5
:10F1D000B3F5400F09D2074B1B681A0A1B069C198E
:10F1E000054B42F10005C3E9004570BC09F0B4BB12
:10F1F000C04B0020606A0020C84B00200D4B1868EF
:10F20000010A0006BFF35F8F0B4BD3F804351818C3
:10F2100041F10001B3F5801F0AD2084BD3E9002366
:10F22000904271EB030303D210F1807041F10001B1
:10F23000704700BF606A002000500150C84B00209A
:10F240002DE9F7432E4BD3F8042390070BD5D3F8C1
:10F25000042142B10022C3F804212A4AD3F8043120
:10F26000136801331360264AD2F80433D90326D534
:10F27000254BD3E8EF1F21F00100C3E8E40F002C79
:10F28000F7D1CB0702D4D2F84031C3B100251C4CD2
:10F29000C4F84051D4F84031FFF7B0FFEFF31182CA
:10F2A000202383F31288BFF36F8F184BD3E90267D3
:10F2B000B042B94106D282F31188BFF36F8F03B019
:10F2C000BDE8F0834FF0FF38D3E900104FF0FF396D
:10F2D0001D60C3E902894FF48033C4F84833C4F891
:10F2E0004051D4F8403182F31188BFF36F8F002969
:10F2F000E5D0009032463B4628468847DFE700BF0E
:10F3000000500150606A0020586A0020B04B002075
:10F310002DE9F84F04460D46434FD7E8EF8F28F00C
:10F320000103C7E8E23F002AF7D14FF480393F4E8E
:10F33000C6F80893BFF35F8FBFF36F8FFFF75EFFD1
:10F34000A04271EB050308F0010840D2384B201AA7
:10F3500065EB0101984271F1000148D2354BD3E9C8
:10F3600002239D4208BF94423AD04FF0000C24F093
:10F370007F40834603216FF0020EC6F84893C6F81B
:10F3800040C1D6F84031DFF8B0A02BF07F43C6F87B
:10F390004035C6F84493D6F80425AEEB02035B442F
:10F3A00023F07F4353451BD9D6F840315BB1D6F8E3
:10F3B0000425131A23F07F43B3F5000F10D9C6F8C4
:10F3C00040C1D6F8403101EB020B0131DDE71B4BA8
:10F3D000D3E8EF1F41F00101C3E8E21F002AF7D193
:10F3E000144B174AC3E902451A6000225A60B8F16B
:10F3F000000F16D0D7E8EF3F43F00103C7E8E23F24
:10F40000002AF7D14FF48032084BC3F804230B4B8A
:10F41000D3E8AF3FDB0742BF4FF40012094BC3F8FC
:10F420000021BDE8F88F00BF5C6A00200050015049
:10F4300001008000B04B0020FDFF7F00586A0020D3
:10F44000B5F1020000E100E070B54FF0FF3000259B
:10F450004FF0FF31164C174B0226C4F80833C4F89E
:10F460004833154BC4F80855C3E902014FF4803303
:10F470004FF40012C4F80433104B0121C4F80463A4
:10F480001520C3F880212A46ECF7CEFC1520ECF7B6
:10F490009BFC01230A4AA3600021236009481360F2
:10F4A000FFF736FF3046FBF7CDFD284670BD00BFA5
:10F4B0000050015003000F00B04B002000E100E0BD
:10F4C0005C6A0020FFFF7F00431C10B50F4C05D085
:10F4D0008442A8BF0446012CB8BF0124FFF78EFE6A
:10F4E0000B4AD2E90031C01AB0F5000F074A0AD220
:10F4F0002044904228BF1046BDE81040C01841F19A
:10F500000001FFF705BF1046F6E700BFFFFF7F00D1
:10F51000C04B002008B5FFF771FE024B1B68C01AF4
:10F5200008BD00BFC04B0020012310B5074C1520BB
:10F530006360ECF757FC4FF40012054BC4F8083336
:10F54000C4F84833034BC3F8802110BD005001506C
:10F5500003000F0000E100E02DE9F04112F0FC6F24
:10F560001346D0E9014706690ED0424940F2DF3325
:10F57000414A42480FF002FE41480FF0FFFD40F2C1
:10F58000DF313D480FF0F1FD02F03002302A0CD19E
:10F590003C4940F2E233384A38480FF0EFFD3A4830
:10F5A0000FF0ECFD40F2E231EBE7384A384D1A40FB
:10F5B000AA420CD1374940F2E6332F4A2F480FF0C8
:10F5C000DDFD35480FF0DAFD40F2E631D9E703F012
:10F5D0000602042A09D1314940F2E933264A274874
:10F5E0000FF0CCFD40F2E931CBE713F4402216D006
:10F5F0009D030CD42A494FF47B731F4A1F480FF018
:10F60000BDFD28480FF0BAFD4FF47B71B9E7B2F5A4
:10F61000402F18D0244A9A4301D183F44023012576
:10F6200024688D40254223F4801219D11F494FF4DC
:10F630007F73114A11480FF0A1FD1D480FF09EFD88
:10F640004FF47F719DE71B494FF47C730A4A0B48C6
:10F650000FF094FD18480FF091FD4FF47C7190E786
:10F660003468DB074CBF2C43AC4334603B68BDE8D7
:10F67000F0411847BD1D0500DE0E050013AD040066
:10F680001A1E0500770F0500B00F050002000300E9
:10F69000020001007F110500C6110500ED0F0500F5
:10F6A0003E1E0500841E0500010010000F0F05001E
:10F6B0004D0F0500BF1E0500001F050070B58368D3
:10F6C00046689C690569002C66D002F4C003B3F556
:10F6D000C00F0ED1324940F27B33324A32480FF02C
:10F6E0004DFD32480FF04AFD40F27B312D480FF0BE
:10F6F0003CFD63B92E4940F27F332A4A2A480FF075
:10F700003DFD2C480FF03AFD40F27F31EEE702F06C
:10F71000E863B3F1C86F0CD1274940F28233214A24
:10F7200021480FF02BFD25480FF028FD40F28231D3
:10F73000DCE702F0C863B3F5800F0CD1204940F23A
:10F740008933184A18480FF019FD1E480FF016FDAE
:10F7500040F28931CAE7012336688B4033420CD12D
:10F76000194940F293330F4A0F480FF007FD17482D
:10F770000FF004FD40F29331B8E7160204D52D686E
:10F780002B4218BF82F0C062114BA446BDE8704006
:10F79000134002F0B07260476FF0570070BD00BFB9
:10F7A00097120500DE0E050013AD0400D812050007
:10F7B000041305002E1305002C1F0500AD1F0500C6
:10F7C00059130500A31305000F0F05004D0F050089
:10F7D00040000006012310B503FA01F143680469F3
:10F7E0001B6819420ED10E4940F28D630D4A0E4836
:10F7F0000FF0C4FC0D480FF0C1FC40F28D610948C8
:10F800000FF0B3FC2368194203D022B183681B694F
:10F8100003E0002AFAD08368DB68BDE8104018478F
:10F820000F0F0500DE0E050013AD04004D0F05009F
:10F8300008B50349034814F0D6FD6FF0150008BD64
:10F84000012005008880040008B50349034814F02E
:10F85000CAFD002008BD00BF1C20050088800400F0
:10F860002DE9F74300244FF0010827461C4D286876
:10F870002E79436808FA06F61B681E4210D1194912
:10F8800040F23463184A19480FF078FC18480FF01A
:10F8900075FC40F2346114480FF067FC0127E6E77D
:10F8A000D0F81090836801A95B68984700280AD0B7
:10F8B00010DB0123BB401C430835002FEED020464F
:10F8C00003B0BDE8F083D9F80020019B53403342D8
:10F8D000F2D0EEE703B0BDE8F043FFF7B5BF00BFDD
:10F8E000F08F04000F0F0500DE0E050013AD0400BD
:10F8F0004D0F05002DE9F041074688460025104EC2
:10F9000027FA05F212F0010210D128FA05F3DB07FD
:10F910000ED531793068FFF75DFF044640B10949E3
:10F92000094814F060FD2046BDE8F0810122F0E7AF
:10F930000135032D06F10806E2D10024F3E700BFEC
:10F94000D88F04003120050088800400002838B5D5
:10F9500014BF4FF098654FF400150E212A460A484F
:10F96000FFF7ACFE044630B90D212A460648FFF7E2
:10F97000A5FE044628B101212346044A044810F09C
:10F98000C1FC204638BD00BFA87604004720050012
:10F990008880040070B50446EFF31186202383F3BA
:10F9A0001288BFF36F8F234808F01EFE68B98823C2
:10F9B000214A224922480FF0E1FB1E4921480FF05D
:10F9C000DDFB88211C480FF0D0FB1F4D194808F0C3
:10F9D0002FFE2B78BBB91D4B9C4202D01C4B9C4286
:10F9E0000AD10020FFF7B2FF18B11A491A4814F0E3
:10F9F000FAFC0022194B1A70012321222B7018489F
:10FA0000002307F0D1F90B4808F0FCFD68B940F27B
:10FA10003113094A13490A480FF0B0FB054912484F
:10FA20000FF0ACFB40F23111CCE786F31188BFF345
:10FA30006F8F70BD886A0020F1B004001EB1040011
:10FA400013AD040033B10400F97E0020C876040031
:10FA5000A87604006720050088800400F87E002056
:10FA6000D04B002049B1040060B104002DE9F04101
:10FA7000494F3B7853B10020FFF768FF28B1474951
:10FA80004748BDE8F04114F0AEBC3870FFF7E8FE1F
:10FA90000446444BD3E8EF2FC3E8E14F0029F9D1E6
:10FAA000414BDFF808811A7842BBD8F80060A642C3
:10FAB00019D03F4B66401B680BB1314698474FF059
:10FAC000FF334FF0FF323B4805F064FE3A4B1D68B0
:10FAD00035B1043D2B683146204698476D68F7E7FD
:10FAE000344805F027FFC8F8004054B1BDE8F041A4
:10FAF0004FF4A4720023314807F056B900221A705F
:10FB0000F1E7EFF31186202383F31288BFF36F8FA1
:10FB10002B4808F069FD68B988232A4A2A492B48EE
:10FB20000FF02CFB26492A480FF028FB8821254896
:10FB30000FF01BFB224808F07BFD264B1D78012DA2
:10FB400017D01F4808F05EFD68B940F231131D4A16
:10FB500021491E480FF012FB194920480FF00EFBF7
:10FB600040F23111E3E786F31188BFF36F8FBDE8F0
:10FB7000F08128461C70FFF7E9FE044610483D70EE
:10FB800008F040FD0028E0D086F31188BFF36F8FA6
:10FB9000002CECD0124973E7F87E0020832005008A
:10FBA00088800400986A00206A2E0020686A00207D
:10FBB0009C6A00206C6A0020806A0020D04B0020E4
:10FBC000886A0020F1B004001EB1040013AD0400E7
:10FBD00033B10400F97E002049B1040060B1040093
:10FBE0009C20050070B500260C4CE2882068217925
:10FBF00042F40032FFF7B0FC054648B90136032E47
:10FC000004F10804F1D1BDE870400F21FFF772BE86
:10FC10000349044814F0E7FB284670BDD88F040060
:10FC2000B420050088800400054BD3E8AF3F00B145
:10FC30000360044811B102685A400A6003607047CB
:10FC4000986A0020646A0020F8B5324B1860324888
:10FC500016F0BEF9314F0E213846314AFFF77CFCD1
:10FC6000044680B90D2138462D4AFFF775FC04463D
:10FC700048B94FF400120E213846FFF71FFD044625
:10FC800030B1284900E02849284814F0ACFB3FE097
:10FC90004FF400120D213846FFF710FD04460028EE
:10FCA000EFD1234D234BBE686B604FF4C043AB6074
:10FCB000F3691BB96FF057041F49E5E70122294694
:10FCC0003846984704460028F6D1F369002BF1D056
:10FCD000012229463846984704460028ECD11749A6
:10FCE000174806F029FF0122164B15481A70002309
:10FCF000002206F0D1FF21462046FFF795FFFFF7CF
:10FD0000AFFD114BD3E8EF2FC3E8E10F0029F9D184
:10FD10002046F8BD9C6A00206C6A0020A87604008A
:10FD200011000100EB200500CE20050088800400B2
:10FD30008C6A002095F90200062105006DFA020088
:10FD4000D04B0020F97E0020986A002002280A4645
:10FD500010B503D9BDE81040FFF76ABD074B03EBB0
:10FD6000C001097953F83000FFF734FD044618B19B
:10FD70000349044814F037FB204610BDD88F040017
:10FD800031200500888004004FF40071014809F01B
:10FD9000C9BA00BFFA7E00200121024A024814F0CD
:10FDA00054BB00BF2E210500887F0400F8B54368CE
:10FDB000044605691E6800AF304616F0A0F80346F9
:10FDC000B8B920686C468AB031686A46D161194971
:10FDD000194D11621949C2E9055042F8101F18481F
:10FDE0004FF42151E8F736FB6FF01200A546BD46EF
:10FDF000F8BD2C65002405F110063046114906F0C7
:10FE00009BFE95F85E2040F2E7304FF40045214616
:10FE10000D4B53F822C04FF47A720023ECFB05011E
:10FE2000E1F7A2FF02460B46304606F035FF2046BA
:10FE3000DDE700BF000201034E21050004000002BF
:10FE4000887F0400B5FE02003890040070B590F879
:10FE50004E1004460131C9B2032980F84E100DD16D
:10FE600001235434D4E8EF2FC4E8E03F0028F9D14F
:10FE7000BDE870400C4A0D4814F0E7BA0C4B4FF443
:10FE8000004553F8216040F2E73000214FF47A72C8
:10FE90000023E6FB0501E1F767FF02460B4620461B
:10FEA000BDE8704006F0F8BE6D210500887F0400B3
:10FEB0003890040010B50B4B90F84E20044653F8D0
:10FEC0002230006C9847206530B1BDE81040012118
:10FED000054A064814F0B9BA2046BDE81040FFF7BD
:10FEE000B5BF00BF2C90040080210500887F04006E
:10FEF00070B505690C462846164614F0A8FA38B9BC
:10FF000010480321104A14F0A0FA6FF00F0070BDE2
:10FF1000A4F11201032912D8DFE801F00E02080B48
:10FF2000B5F85430002033607060F0E7B5F8563013
:10FF3000F8E7B5F85830F5E7B5F85C30F2E76FF060
:10FF40008500E4E7887F04009D2105007FB54029F6
:10FF50000669456809D00121384A394814F075FA14
:10FF60006FF08504204604B070BD304614F06FFA7F
:10FF700038B90321334A324814F067FA6FF00F049E
:10FF8000F0E7422128460DF10D0214F0D1FA041ECB
:10FF900005DA2D4A01212A4814F057FAE2E79DF9C3
:10FFA0000D30002B07DB0121284A254814F04DFABB
:10FFB0006FF00404D6E750238DF80F300A23286829
:10FFC000A9880DF10F02009306F1540314F04DFAC5
:10FFD000041E01DA1E4ADDE7602128460DF10E02FB
:10FFE00014F0A6FA041E01DA1A4AD3E7A868297B9E
:10FFF000D0E901239C69E4B1012312688B401342CC
:020000023000CC
:100000000ED1154940F29333144A15480FF0B6F853
:1000100014480FF0B3F840F2933110480FF0A5F8F0
:100020004FF000734FF48002A047041E04DA0E4A1A
:10003000B0E76FF05704FAE7002493E7BB2105000F
:10004000887F04009D210500D6210500FE210500C2
:1000500016220500342205000F0F0500DE0E0500F4
:1000600013AD04004D0F0500582205007FB5002593
:10007000036946685D659D65A3F85C50802331790E
:1000800000934022306814F00CFA041E07DA0121B4
:100090001B4A1C4814F0D9F9204604B070BD9221C7
:1000A00030460DF10E0214F043FA041E06DA234620
:1000B000154A0121134810F025F9EDE79DF80E309F
:1000C000E02B07D0114A01210E4810F01BF96FF008
:1000D0000404E1E7402130460DF10F0214F028FA44
:1000E000041E02DA0A4A2346E3E79DF80F3003F0C4
:1000F0003F020D2A01D0074AE5E72C46CCE700BFB6
:1001000076220500887F040095220500BD220500A7
:10011000DD220500FD22050042F6412230B585B002
:10012000ADF8002002224368054618689B88CDF888
:1001300004D002928DF80C209DF80C20816842F0CA
:1001400002028DF80C208C68012201A9A047041E30
:1001500007DA01210A4A0B4814F077F9204605B066
:1001600030BD284600F052F9041E06DA012123466C
:10017000054A044810F0C6F8F0E70024EEE700BF97
:1001800015230500887F04004C230500034670B545
:100190000A4600681979836846689C690569002CDD
:1001A00054D002F4C003B3F5C00F0ED1294940F278
:1001B0007B33294A29480EF0E1FF29480EF0DEFF83
:1001C00040F27B3124480EF0D0FF63B9254940F25C
:1001D0007F33214A21480EF0D1FF23480EF0CEFF95
:1001E00040F27F31EEE702F0C863B3F5800F0CD127
:1001F0001E4940F28933184A18480EF0BFFF1C48C8
:100200000EF0BCFF40F28931DCE7012336688B40F9
:1002100033420CD1174940F293330F4A0F480EF086
:10022000ADFF15480EF0AAFF40F29331CAE716025F
:1002300004D52D682B4218BF82F0C0620F4BA44634
:10024000BDE87040134002F0B07260476FF0570095
:1002500070BD00BF97120500DE0E050013AD04004F
:10026000D8120500041305002E13050059130500CC
:10027000A31305000F0F05004D0F050040000006F9
:10028000F8B5476800690C4615461E4614F075F926
:1002900040B903211C4A1D4810F02BF86FF00F04E1
:1002A0002046F8BD402C2CD1022D16D162213846B3
:1002B000327814F0BCF9041E06DA2346144A0121F0
:1002C000124810F01FF8EBE763213846727814F0FB
:1002D000AEF9041EF1DB0024E2E7012D11D1642107
:1002E0003846327814F0A3F9041E02DA094A23468C
:1002F000E5E765213846727814F099F9041EEADAC8
:10030000F4E76FF08504CBE79D210500907F0400A2
:100310008A230500AC2305002DE9F0470769D0F8D2
:1003200004A038460E46904614F027F948B9032138
:100330002F4A30480FF0DDFF6FF00F042046BDE874
:10034000F0870AF108094FF400114846FFF71EFF35
:10035000041EF3DB3588012D1FD0042D28D1032383
:1003600061211A46504614F016F9041E06DA234697
:10037000214A01211F480FF0C5FFDFE77388132BC7
:1003800018D0142B17D0152B24D01C4A0121194842
:100390000FF0AFFF6FF08504D0E700230322612147
:1003A000504614F0F8F8041E04DA154A2346E0E734
:1003B000144AEBE700250D226021504645F0010369
:1003C00014F0E9F8041E07DA01210F4A09480FF07A
:1003D00090FFB3E70825EEE7C7F8688030684FF074
:1003E0001071F8664846BDE8F047FFF7CFBE00BF82
:1003F0009D210500907F0400CE230500F623050013
:10040000132405004D110500382405002DE9F041A5
:100410004568066900AFA86815F071FD0346C8B9C4
:10042000AA686C4688B011686A465748C2E9050157
:100430004FF400719183554942F8101F4FF4E25177
:100440005348E8F707F8A5466FF012042046BD466A
:10045000BDE8F08106F140004E4906F031F8B5F8EC
:100460000EC0A868297B4CF480320CF03004302C8C
:10047000D0F810E0D0E901380ED1474940F2E2331C
:10048000464A47480EF07AFE46480EF077FE40F2A4
:10049000E23142480EF069FE0CF0020464B14249B8
:1004A00040F2E6333D4A3E480EF068FE3F480EF00B
:1004B00065FE40F2E631ECE70CF00604042C09D1AD
:1004C0003B4940F2E933354A35480EF057FE40F2D9
:1004D000E931DEE701241B688C401C420CD1354910
:1004E0004FF47F732D4A2E480EF048FE32480EF02E
:1004F00045FE4FF47F71CCE7DEF800301CF0010FB1
:1005000014BF2343A343CEF80030D8F800309847F7
:10051000041E06DA2346294A01211D480FF0F2FE87
:1005200094E74FF001082B7B08FA03F366B92449DE
:1005300040F2D763194A1A480EF020FE21480EF007
:100540001DFE40F2D761A4E71F4AC6E90123A8684F
:100550008368DB693BB1424631469847041E05DAA1
:100560001A4A2346D8E76FF05704F9E74FF098612D
:1005700005F10800FFF70AFE041EBFF667AF144A34
:1005800023464146C9E700BF592405000300000186
:10059000907F04004F450400770F0500DE0E050034
:1005A00013AD0400B00F05007F110500C611050052
:1005B000ED0F05000F0F05004D0F05007524050018
:1005C000639F04009C2405005D450400C2240500CF
:1005D000E2240500F0B585B06E4681680546103905
:1005E00021F007040FF0A7FF32460A4B03F1100C6D
:1005F000374618685968083303C763453E46F7D144
:100600001023214628460FF053FF003818BF012061
:1006100005B0F0BDC694040030B50D46816887B0C2
:10062000102302AA103904460FF02DFF002802DA29
:10063000012007B030BD1022204602A914F026F890
:1006400000283AD110221E4902A816F02FFE0028D9
:100650000CBF012302232B70204614F003F8012362
:1006600001460DF1070220460FF00DFF0028DFDBE9
:100670009DF80730204603F00F021B096A702B71AA
:1006800001220DF1070114F001F810B96B78042B69
:1006900003D901236B7000232B71A2682046183AFE
:1006A00022F00702083AA91C14F003F80028BFD171
:1006B0002046E91C14F055F8BBE70323CBE700BF45
:1006C000C69404002DE9F04184B000AF39460546D8
:1006D0000FF0BFFE0128044606D13D4B394653F8C2
:1006E000350014F044F8044624B1FF201037BD460D
:1006F000BDE8F081364B07F1080103EBC5035868EC
:1007000014F035F8012845D103212B46314A3248EF
:100710000FF0F8FD314B3C73BB6000263A7897F838
:1007200008802F4C1146207813F0A2FF002837D004
:100730004146607813F09CFF002831D0A378042B49
:1007400002D0F97899422BD1E378042B02D0F97AC0
:10075000994225D12379042B1FD16279022A2CD109
:10076000204B6E468AB06A46D36140F201331E497F
:1007700013841E4BC2E9051542F8103F00231648AA
:100780004FF41351E7F766FE6079B546831E022BDE
:10079000ACD9AAE70028C0D0A7E7B9789942DCD045
:1007A0000136032E04F10604BCD10B482B4631461A
:1007B0000F4A0FF0A7FD012098E7032A05D00D4B43
:1007C0000D49042A08BF0B46CBE70C4BC9E700BF15
:1007D0004490040036250500F08004000301030363
:1007E000BC250500182505007C2505000400000136
:1007F0009B2505001D2505002F2505001325050057
:100800004FF47F03D3F83021D3F83431072A05D1D0
:10081000023B032B02D8024AD05C7047002070478D
:10082000E325050008B5FFF7EBFF58B1644BD3F89B
:10083000202A3AB90D21C3F8201A0121C3F81C1946
:10084000C3F81C290022D30003F57F03D3F800135B
:10085000013107D0D3F800130132D3F80433202A32
:100860000B60F0D1FFF7CCFF002840F0A080FFF72D
:10087000C7FF40B1534B544AC3F830254FF05023C3
:100880000122C3F858254FF47F03D3F83021D3F861
:100890003431072A09D1023B032B06D84B4AD35CDB
:1008A0001BB100224A4BC3F84C25FFF7A9FF50B1FA
:1008B0004FF05023D3F80024D10742BF0022C3F8E1
:1008C0001421C3F818214FF47F03D3F83021D3F853
:1008D0003431072A09D14FF05023D3F80024D2072E
:1008E00044BF6FF00102C3F80024FFF789FF18B17D
:1008F0006522334BC3F80C274FF47F03D3F8302124
:10090000D3F83431072A16D1314BD3F82034002BD9
:1009100011DA4FF050230322C3F8182501229A6000
:10092000D3F80421002AFBD00022C3F804210122BD
:10093000DA60C3F818254FF47F03D3F83021D3F8D9
:100940003431072A23D1023B032B02D8214AD35C3E
:10095000EBB17E221A4B1B49C3F80C27C3F83C2984
:100960007F231D4AC2F818310023C1F8043EC1F8A4
:10097000083E01F54821C1F81031C2F82431C2F80F
:100980002C3102F5FF1202F58052C2F8A032134A50
:10099000D2F88C3043F44063C2F88C30104A114BCB
:1009A0001168C3F84415D269C3F84C2508BD292243
:1009B000034BC3F80C270322C3F83C2757E700BFBB
:1009C00000400050009003504400EFBEDF250500BA
:1009D00000200350DB2505000020005000ED00E062
:1009E0000080FF000060005030B50468ACB1B4FA7C
:1009F00084F30122C3F11F03DBB29A4024EA02020E
:100A0000D0E8EF5FA54204D1C0E8EC2FBCF1000FA5
:100A1000F6D1EAD102480B7030BD0248FCE700BFB6
:100A20000000AD0B0200AD0B10B50368CB40DB0737
:100A300010D401238B40026843EA0201D0E8EF4F53
:100A4000944204D1C0E8EC1FBCF1000FF6D1F2D102
:100A5000014810BD0148FCE70000AD0B0400AD0BE0
:100A6000014BC3F8040570470070015008B549B93F
:100A7000074908484823084A0EF080FB48210648E9
:100A80000EF073FB40F00040C1F8800008BD00BFCD
:100A90008426050013AD04004726050008B549B9B2
:100AA000074908484E23084A0EF068FB4E210648C5
:100AB0000EF05BFB40F00040C1F8800008BD00BFB5
:100AC0008826050013AD04004726050001460148AD
:100AD00000F0C8B9882D00200328F7B5064635D8A0
:100AE0004FF050213D4B3E4A33F81000925DC1F863
:100AF00008030A44002501213A4B116033F81630EF
:100B00008E4203F150231D601B688DF8071001D140
:100B10000DF1070542F210744FF05027022E4BD012
:100B2000032E1FD0012E30D0D7F8183403F48033B1
:100B3000002D4AD0D7F8182402F003022A701BB106
:100B40009DF8070001282BD003B0F0BD26492748A7
:100B50004FF48673264A0EF011FB4FF48671244839
:100B60000EF003FBD7F85434DB03EDD5002DE7D1AD
:100B7000012013F072FE013CF4D1E5E7002BE3D035
:100B8000012013F06AFE013CDED0D7F80C3403F4E8
:100B90008033002DF2D0D7F80C2402F00102CDE70B
:100BA00013F05BFE013CB9D1CEE7002BCCD0012085
:100BB00013F053FE013CC7D0D7F85C3403F4803304
:100BC000002DF2D0D7F85C24E7E7002BBCD0012041
:100BD00013F043FE013CA3D1B6E700BFDE9404004E
:100BE000E7260500D6940400821E050013AD04001C
:100BF0008C260500044B1A7922B9012218601A715B
:100C00000248704702487047A06A00200000AD0B00
:100C10000C00AD0B08B5124B1A795AB9114912489C
:100C20004FF4B673114A0EF0A9FA4FF4B6710F489B
:100C30000EF09BFA1B6833B10520EBF7E7F810B90B
:100C40000520EBF7C1F84FF050220123C2F8183508
:100C5000C2F81435C2F88035054A137008BD00BFCC
:100C6000A06A0020C926050013AD04008C260500EB
:100C7000FA80002038B53E4C23795BB93D4940F2FB
:100C8000C1133D4A3D480EF079FA40F2C1113A488D
:100C90000EF06BFA03284FD8DFE800F018585D0219
:100CA00018224FF490734FF48071002003F1502309
:100CB00018601D68012502F1502215602268002A83
:100CC0004FD04FF05023C3F804132AE04FF05023C5
:100CD000D3F81814D3F81824C90312D502F003036B
:100CE000022B05D0012B02D00020FFF7F5FE0123D7
:100CF0004FF050220221C2F8183508224FF48273B7
:100D0000D3E7D3F81424D207F1D5D3F81C2402F08A
:100D10000302013A012AE7D822681AB10222C3F875
:100D2000042338BDD3F80421002AFBD00022C3F8E5
:100D30000421D3F80431F4E7114940F21D230E4A8F
:100D40000E480EF01BFA40F21D21A0E700224FF4DE
:100D500080730121A9E720224FF492734FF40071B0
:100D6000A3E71A68002AFCD018601B68D9E700BF07
:100D7000A06A0020C92605008C26050013AD0400DA
:100D8000821E050008B5094B1B795BB90849094863
:100D900040F23723084A0EF0F1F940F237210648B5
:100DA0000EF0E3F9BDE80840FFF796BEA06A002008
:100DB000C926050013AD04008C260500F8B54FF0D8
:100DC000502301250026D3F80443224F04B9F8BD6F
:100DD000B4FA84F0C0F11F00820002F5807292B272
:100DE00002F1502205FA00F311689BB224EA0304D1
:100DF0000029EBD0166012684FF05022022BC2F887
:100E0000083314D00DD8012B1FD0134913484FF4C9
:100E10006F73134A0EF0B2F94FF46F7110480EF071
:100E2000A4F9B3F5807F10D0B3F5007FECE7D2F8DA
:100E30001814D2F8181401F00301012905D1C2F8E1
:100E40001835C2F804339160C0E73B68C0B29847D8
:100E5000BCE700BFA06A0020821E050013AD04009D
:100E60008C2605000079024B03EB0010FFF7BCBD98
:100E7000902D0020034A4309D35C00F01F00184462
:100E8000C0B270471428050008B502680146104634
:100E900013F0E5FC58B9104940F2CA330F4A104824
:100EA0000EF06CF940F2CA310C480EF05EF902F017
:100EB0001F0352090B600BD0012A0BD0094940F2E5
:100EC000D333064A06480EF059F940F2D331EBE726
:100ED000054808BD0548FCE759CA040026CA0400B5
:100EE00013AD0400821E05000025845000288450A4
:100EF000072808B50BD90849084840F2D133084AF9
:100F00000EF03CF940F2D13105480EF02EF9800088
:100F100000F5807008BD00BF2027050013AD040058
:100F2000EB26050070B50546FFF7A4FF0C4C083012
:100F300034F810300E46DA0508D5C3F3432304EB2A
:100F4000C302284654F8333052689847A3682BB13F
:100F500031462846E268BDE87040184770BD00BFC2
:100F6000A86A002008B5FFF785FF034B083033F867
:100F70001000400B08BD00BFA86A002008B5FFF7AD
:100F800079FF034B083033F81000C0F3400008BD70
:100F9000A86A002008B5FFF76DFF044B083033F84E
:100FA000100010F01C0018BF012008BDA86A002026
:100FB00008B5FFF75FFF034B083033F81000C0F3AC
:100FC000401008BDA86A0020034611F0010010B5CA
:100FD000CCB20BD1A207C4F340000DD5074A106A6A
:100FE00058601062003818BF012005E004490A6A01
:100FF0001A600A62002AEDD010BD00BF002884509C
:101000000025845010B5FFF735FF184A083032F834
:101010001030D9051DD5C3F3432123F4F85322F82A
:101020001030002002F10E0434F8023F13F4807FE8
:1010300003D0C3F3432399420BD001303028F3D1BE
:1010400000230B4842F83130FFF7EEFC094B984281
:1010500000D110BD0849094840F2EB13084A0EF0D0
:101060008DF840F2EB1106480EF07FF8A86A0020D8
:10107000206B00200000AD0B750C050013AD0400C3
:101080002A27050008B5014613F0E9FB58B91B49AA
:1010900040F21E231A4A1B480EF070F840F21E213F
:1010A00017480EF062F80846FFF768FF48B1164986
:1010B00040F21F23124A13480EF060F840F21F213D
:1010C000EEE70846FFF766FF48B910494FF408738A
:1010D0000B4A0C480EF052F84FF40871E0E708464E
:1010E000FFF766FF30B10846FFF73CFFBDE8084058
:1010F000FFF7FEBE4FF4BE7008BD00BF68270500B5
:101100002A27050013AD040089270500A72705003D
:101110002DE9F8430024074625464FF00108A14673
:10112000CEB2B4420DD1124BD3F87C2132B10022A1
:10113000C3F87C21D3F87C3145F000452846BDE852
:10114000F8832046FFF7D4FEA0F58072920808FAD3
:1011500002F2174209D000F1A04303F55043196889
:1011600019B1C3F800901B6815430134E4B2D8E705
:1011700000D00050F7B506460846FFF77BFE1A4F31
:1011800000F1080537F815300C46DB072AD5304644
:1011900013F0DEFB2046FFF70BFF58B12046FFF7A8
:1011A000E1FE0022316800B201EB8003C3F8102594
:1011B000C3F810252046FFF725FF002301A827F8D4
:1011C00015300194FFF760FE019B00EB8300D0F81F
:1011D0000022064B134043F00203C0F800320448DB
:1011E00003B0F0BD0348FBE7A86A0020F0F0FCFF65
:1011F0000000AD0B0400AD0B2DE9F0431646804610
:1012000085B00846FFF736FE37680D460446E7B15D
:10121000084613F092FB08BB3B46CDE900008DF871
:101220000E008DF80F000DF10F020DF10E01284692
:1012300013F027FB494A04F1080132F8113023F07A
:10124000020343F0010322F8113073687BB3284690
:101250001F785968FFF792FE10B1E9B1404829E0C4
:101260003E4A04F1080032F8103023F02003DB047A
:10127000DB0C22F8103079B1032FEFD87168D1F868
:1012800004E0D8F800109EF800C001EB8C01A7B96B
:10129000C1F81075C1F81075304A04F1080132F830
:1012A000113023F01C0343EA870322F81130B3689E
:1012B0005BBB2C4805B0BDE8F083D1F810E543EAEC
:1012C0004C332EF0030EC1F810E5D8F8001043F0AF
:1012D000200301EB8C0EDEF8101522F8103021F4FB
:1012E0004F3121F44071CEF810152902DEF8108537
:1012F00001F47C5141EA074141EA0801CEF810159A
:1013000002EB4C01A1F87C50C6E72846D3E9006700
:10131000FFF778FE002ECCD0104DD5E90023964281
:1013200003D19F4201D1002209E00F480DF10F01C6
:10133000FFF75AFB0B4B9842BCD19DF80F2005EBF1
:10134000C20308345F6035F8143045F8326043EA70
:10135000422343F4807325F81430AAE7A86A0020DA
:101360000400AD0B0000AD0B206B00202DE9FF4108
:101370000C468046204611461D46FFF77BFD06467B
:1013800021B32046FFF7FAFD18B92046FFF710FEFB
:1013900010BB2046FFF7FEFD10B14B78012B1BD090
:1013A00001238DF80F3000234A1CCDE9001320469D
:1013B0008B1C0DF10F0113F064FA294A06F10801A4
:1013C00032F8113043F0030322F81130002D44D0DD
:1013D0002046FFF7D3FD18B9224804B0BDE8F081DC
:1013E000002295F800C0D8F800301D4F03EB8C03A5
:1013F000C3F81025C3F8102506F1080237F81210BB
:101400004FEA8C0E21F02001C904C90C27F81210F4
:101410006E7816B3D8F80000AD787044D0F8103567
:10142000360423F4991323F4F853C0F8103523023B
:1014300003F47C5306F440362D05D0F810E5334311
:1014400005F480152B4341EA4C3143EA0E0341F089
:101450002001C0F8103527F812100348BDE700BF7F
:10146000A86A00200400AD0B0000AD0B014BC3E9DE
:1014700002127047A86A002010B514465AB90E49E6
:101480000E4840F24D330E4A0DF078FE40F24D31D9
:101490000B480DF06AFE0846FFF78AFD50B108467A
:1014A000FFF7E8FC074B083033F8103006485B0BB9
:1014B000237010BD0548FCE7C827050013AD0400E4
:1014C0002A270500A86A00200000AD0B0400AD0B20
:1014D000F8B51E4B026805469A420BD01C491D48C0
:1014E0004FF458731C4A0DF049FE4FF458711A48D6
:1014F0000DF03BFE194E96F88C402CBB274660221F
:10150000214606F1100015F0C9FE2D68E0B2FFF784
:10151000EFFCA0F580739B081F2B08BF2F5004F130
:10152000010408BF2B58082CF0D1002345F30730E5
:10153000C5F87C31D5F87C31EAF746FC0123084830
:1015400086F88C30B367F8BD0648FCE700D0005041
:10155000D227050013AD04002A270500A86A002041
:101560000000AD0B0C00AD0B034B93F88C00003862
:1015700018BF0120704700BFA86A00200079024B05
:1015800003EB8000FFF750BAA02D00200079024B3A
:1015900003EB8000FFF728BAA02D00202DE9F341CE
:1015A000054608460C461646FFF7F4FC58B9334981
:1015B00040F25343324A33480DF0E0FD40F25341CC
:1015C0002F480DF0D2FD0846FFF7F2FC2F6800B35C
:1015D0000846FFF7D3FC8046D8B90846FFF7C2FC9F
:1015E0000446FFF785FC47F800803B582B6822B281
:1015F00003EB8203D3F8102542F00102C3F8102553
:1016000026B101232A68A340C2F8043302B0BDE822
:10161000F081D7F80433002BA4BF4FF00043C7F884
:1016200004334EB9184940F26D43154A15480DF080
:10163000A5FD40F26D41C3E72046FFF71BFC134BAD
:10164000083033F81030C3F38203042B11D0052B7C
:1016500011D001A80194FFF717FC019B0169D94043
:1016600001F001010231204602B0BDE8F04113F063
:1016700055B90321F7E70221F5E700BFA7270500C9
:101680002A27050013AD040009280500A86A0020D8
:101690002DE9F04F634B0821D3F8040387B0C0B2A3
:1016A00040F00040FFF734FD051E2BDA0023032134
:1016B00004A8CDE90433FFF787FC4FF000094FF091
:1016C000010BDFF864A10DF110081AF8013B57492E
:1016D000DA088A5C03F0070322FA03F3DA071CD462
:1016E00008F10408B9F1000F14D000214FF00040B8
:1016F000FFF70EFD032104A8FFF766FC0028DCD1EC
:1017000025F000450124474E494F002D75D107B003
:10171000BDE8F08F4FF00109D7E7464B4B440093EB
:10172000D8F800100029DBD091FAA1F1B1FA81F1CB
:10173000009B1C7841EA44142046FFF79BFB3C4B7E
:10174000083033F81070C80818F8002001F00701BD
:101750000BFA01F122EA0102BB0808F8002003A8F5
:1017600001930394FFF790FB039A019B803250F89A
:101770002220C7F382065B073746C2F3014221D518
:1017800039462046D6B2FFF7CDFB03A80394FFF7F6
:101790007BFB039B803350F82330C3F301439E420D
:1017A00007D10021204613F0B9F83146204613F046
:1017B000B5F803A80394FFF767FB039B0BFA03F349
:1017C0000362ADE7022A0CD10321204613F0A6F8EC
:1017D00006F00503012BECD139462046FFF7A2FBAA
:1017E000E7E702212046019213F098F8032EF3D088
:1017F000019A032ADDD1022EEDE795FAA5F3B3FA9B
:1018000083F304FA03F225EA020503F5A27256F8FF
:10181000221007EB4303B3F87C00C1F30141FFF74B
:1018200081FB72E700D00050242805005890040086
:10183000A86A00202428050070B516460D4649B94F
:101840000B490C4837230C4A0DF098FC37210A4805
:101850000DF08BFC094C237943B92A20EAF7B4FA3E
:101860000123074823712560A66070BD0548FCE789
:10187000441B050013AD040026280500386B00202A
:101880000000AD0B0C00AD0B38B548B919494A231F
:10189000194A1A480DF072FC4A2117480DF065FCF0
:1018A000174B1B79012B07D016494B23124A1348BB
:1018B0000DF064FC4B21F0E70023134A50F823405D
:1018C00003F5A2710133102B42F82140F6D1002319
:1018D0000D4A00F13C0103F5B27451F8045F013385
:1018E000102B42F82450F6D1D0F88030C2F80433DF
:1018F00038BD00BF612805002628050013AD04008F
:10190000386B00206A28050000A0025008B5094B7A
:101910001B79012B09D0084908487A23084A0DF0A1
:101920002DFC7A2106480DF020FC064A8340C2F8BF
:10193000043308BD386B00206A28050013AD04008D
:101940002628050000A0025008B5094B1B79012B81
:1019500009D0084908488223084A0DF00FFC82216B
:1019600006480DF002FC064A8340C2F8083308BD61
:10197000386B00206A28050013AD040026280500F6
:1019800000A00250F8B501260027124B124DD3F8E3
:101990000C4304B9F8BD94FAA4F0B0FA80F006FA4A
:1019A00000F30F2824EA03040BDD0C490C4840F235
:1019B00017230C4A0DF0E2FB40F2172109480DF005
:1019C000D4FB094B82009F502B68002BE1D0A96803
:1019D0009847DEE700A00250386B0020C5280500BC
:1019E00013AD04009328050000A102500022034B10
:1019F000C3F88425C3F80425704700BF0090035046
:101A0000044AD2F80034DB07FBD50160BFF35F8FD7
:101A1000704700BF00900350B0F5801F08B513D287
:101A2000C0F30B03E3B902220E4BC3F88425C3F8BD
:101A300004254FF0FF320260D3F80024D207FBD513
:101A4000FFF7D4FF084808BD0849094840F20713CA
:101A5000084A0DF093FB40F2071106480DF085FB94
:101A60000548F0E7009003500000AD0B2C2905005D
:101A700013AD0400D02805000A00AD0BB0F5801F9F
:101A800008B512D300F17F4303F50043B3F5805F3F
:101A90000BD3124940F29513114A12480DF06EFB18
:101AA00040F295110E480DF060FB830709D00E49F6
:101AB0004FF4CB730A4A0B480DF060FB4FF4CB7127
:101AC000F0E70122094BC3F88425C3F80425FFF78A
:101AD00097FFBDE80840FFF789BF00BF4629050012
:101AE000D028050013AD04006029050000900350C4
:101AF00010B548B91C491D4875231D4A0DF03EFB21
:101B000075211B480DF031FB1A4C23784BBB037831
:101B1000194AC3F34003C2F8003B037803F0010302
:101B2000C2F804370378DB0710D54FF47F03D3F8EE
:101B30003011D3F83431072908D1023B032B05D8E3
:101B40000E49CB5C13B10123C2F828370520EAF710
:101B50005DF910B90520EAF737F901230848237029
:101B600010BD0848FCE700BF6128050013AD040064
:101B700089290500FB80002000400050092A05004B
:101B80000000AD0B0C00AD0B4FF0502310B5D3F897
:101B90000443610717D5D3F80821A2B10022C3F886
:101BA0000821D3F80831244B1B685BB923494FF453
:101BB000BA73234A23480DF0E1FA4FF4BA71204872
:101BC0000DF0D3FA9847A20617D54FF05023D3F85B
:101BD000142192B10020C3F81401D3F814311A4B28
:101BE0001B684BB9194940F27D13154A15480DF091
:101BF000C5FA40F27D11E2E7984763061AD54FF027
:101C00005023D3F81821AAB10022C3F81821D3F821
:101C100018310D4B1B684BB90C494FF4C273084A7D
:101C200008480DF0ABFA4FF4C271C8E70120BDE8D7
:101C30001040184710BD00BF486B0020C6290500A2
:101C40008929050013AD0400446B0020E729050035
:101C500000220121054B83F83820054BC3F80813F7
:101C60001961C3F80025C3F8002170474C6B0020B0
:101C700000B0025070B5104D6C6B9CB14FF47A738C
:101C80005C430A23B4FBF3F40C4ED6F8003163B97D
:101C900095F839304BB90A2012F0DFFD013CF4D140
:101CA000074870BD4CF25034EEE795F83930002B00
:101CB000F6D10448F5E700BF4C6B002000B002509D
:101CC0000700AD0B0000AD0B10B500220124084B3E
:101CD000C3F80045C3F800211C6038B1FFF7CAFF04
:101CE000044B984203D1044B83F83840014810BD9F
:101CF00000B002500000AD0B4C6B00202DE9F0410C
:101D0000434C804694F8305016461F464DB9414921
:101D10007F23414A41480DF031FA7F213E480DF0C2
:101D200024FA38B93E4980233B4A3C480DF026FA54
:101D30008021F3E712F047FE002862D108F06043EB
:101D4000B3F1005F5FD118F0030F5CD1012D05D016
:101D5000BD425AD194F83830002B56D00023314A76
:101D6000022F0BBFC2F81065C2F80465C2F81485D3
:101D7000C2F808850CBFC2F81815C2F80C1584F813
:101D8000393023680CBF08250425C3B994F83830CE
:101D90006BB10022234B05F1A045C3F800210123BC
:101DA00005F52C352B60BDE8F041FFF763BF01203E
:101DB000FFF78AFF1C4B9842EBD1BDE8F081A36886
:101DC0002BB1C4F80C806161E6611848F5E7154A4B
:101DD000C4F808802161A66184F83070C2F800312F
:101DE0000123C2F8043394F8382002F0FF0012B93E
:101DF000FFF76AFFE9E705F1A04505F52C352B60F3
:101E0000E3E70B48D9E70B48D7E70B48D5E700BF16
:101E10004C6B0020492A05000D2A050013AD040073
:101E2000752A050000B002500700AD0B0000AD0B95
:101E30000800AD0B0A00AD0B0B00AD0B084B9A6808
:101E40005A621A699A629A69DA62DA689A6032B1F9
:101E50005A691A61DA699A610022DA60704770473C
:101E60004C6B002008B543090DD0012B1ED014493E
:101E7000144840F2CA33144A0DF080F940F2CA31D6
:101E800011480DF072F94FF0FF33C340DA07EED579
:101E90000E4A02EB8002D2F800020D4B034043EAE7
:101EA000012343F00203C2F8003208BD4FF6FF736E
:101EB00000F01F00C340DB07D9D5064AE9E700BFA1
:101EC00059CA040013AD040026CA0400002584503A
:101ED000F0F0FCFF0028845010B50E4B0238D3F808
:101EE0003C26D3F83836072813D8DFE800F0110F66
:101EF0000D0B0A080604100EC871100C8871100A28
:101F000048710A711A0ECA701A0C8A701A0A4A703D
:101F10000B7010BD00B00250023807281FD8DFE850
:101F200000F02927251123211F04CB791B068A796C
:101F300043EA02434A7943EA02230A7913430E4AE9
:101F4000C2F83C36CB781B068A7843EA02434A78CB
:101F500043EA02230A781343074AC2F83836704727
:101F60000023E4E70023E5E70023E6E70023EBE7AF
:101F70000023ECE70023EDE700B002500268154BA8
:101F8000FF2A08BF4FF0FF32C3F824254268FF2A1A
:101F900008BF4FF0FF32C3F828258268FF2A08BF28
:101FA0004FF0FF32C3F83025C268FF2A08BF4FF058
:101FB000FF32C3F834250269FF2A08BF4FF0FF3211
:101FC000C3F838254269FF2A08BF4FF0FF32C3F833
:101FD0003C25704700B0025030B5194D8DB006ACAD
:101FE0000FCD0FC495E8030084E80300154906A847
:101FF000D1F82435DBB20093D1F82835DBB2019358
:10200000D1F83035DBB20293D1F83435DBB203932B
:10201000D1F83835DBB20493D1F83C35DBB2059307
:10202000FFF7ACFF0023C1F8003101230B60D1F8AA
:102030000031002BFBD06846FFF7A0FF0DB030BD8C
:10204000F482040000B0025070B590F829300446C4
:102050001BB190F82A20002A41D16068FF2800F0C7
:102060008A80A168FF2900F08680E268FF2A00F0DC
:10207000828025690E2D7ED111287CD112297AD13A
:102080000D2A78D16269FF2A01D00F2A73D1A26983
:10209000FF2A01D0102A6ED1DBB903211120FFF7EE
:1020A000E1FE0321A068FFF7DDFE0321E068FFF7F2
:1020B000D9FE20690321FFF7D5FE6069FF2802D011
:1020C0000321FFF7CFFEA069FF2802D00321FFF70D
:1020D000C9FE94F82A3013B9201DFFF74FFF636A39
:1020E000264E274D736394F8293086F83A30012341
:1020F000C5F80833FFF770FF2368C5F84035A37FA4
:10210000617F227F9B0143EAC1031343E27F43EADD
:10211000C213C5F8443594F82320D5F844352ABBBA
:1021200043F44033C5F844354FF4C063C5F8403636
:10213000D5F8002694F8203022F07F4222F0FF02EA
:10214000134394F8212043EA026394F8222043EADF
:10215000426394F8232043EA0273C5F800363368DB
:1021600013B12B20E9F730FE064870BD23F400338D
:1021700043F48033D6E70448F7E700BF4C6B0020F8
:1021800000B002500000AD0B0400AD0B38B558B9DB
:10219000104911484FF4DB73104A0CF0EFFF4FF475
:1021A000DB710E480CF0E1FF0D4C94F8305075B91E
:1021B000C4E90012FFF748FF0A4B984206D10123F9
:1021C000C4E9025584F8303084F8385038BD0648E8
:1021D000FCE700BF6128050013AD04000D2A0500CF
:1021E0004C6B00200000AD0B0C00AD0B2DE9F8434B
:1021F000DFF8D090884699F830100746144659B950
:1022000031494FF40173314A31480CF0B7FF4FF4B4
:1022100001712E480CF0A9FF12F0D5FB00284CD11B
:1022200001294CD199F838302A4E83B301232A4D25
:10223000C5F80833FFF7D0FEB8F1000F2FD14FF0EB
:10224000000889F83980C5F80081BB787A781B03CB
:1022500043EA02233A781343FA7843EA42333A795D
:1022600043EA82337A7943EAC233C5F83436FFF75A
:1022700001FDB04218D13B7973B9184940F23623B9
:10228000124A13480CF07AFF40F23621C1E70846A3
:10229000FFF71AFDB042C9D10E48BDE8F8834146A8
:1022A0007878FFF739FECAE7C5F800811CB12146EE
:1022B0007878FFF711FE0A48EFE70A48EDE70A4889
:1022C000EBE700BF4C6B0020492A05000D2A0500F2
:1022D00013AD04000700AD0B00B002508D2A0500BD
:1022E0000000AD0B0800AD0B0B00AD0B08B50C4B9F
:1022F00093F830205AB90B490B484FF43F730B4AFF
:102300000CF03CFF4FF43F7108480CF02EFF93F89F
:1023100038301BB9BDE80840FFF7D6BC044808BDFB
:102320004C6B0020492A050013AD04000D2A05005E
:102330000C00AD0B08B50C4B93F830305BB90B4972
:102340000B484FF442730B4A0CF018FF4FF44271E4
:1023500008480CF00AFF012B03D1FFF779FC06486F
:1023600008BD0648FCE700BF4C6B0020492A050069
:1023700013AD04000D2A05000000AD0B0B00AD0BE2
:10238000034B93F83000003818BF0120704700BF9E
:102390004C6B002070B5294C064694F830505DB95E
:1023A0002749284840F23133274A0CF0E7FE40F233
:1023B000313125480CF0D9FE12F005FBB8BB11F005
:1023C000030236D12368B3B1012D34D11F4BC3F8BA
:1023D0001C150421C3F8206584F8392084F83010D6
:1023E000C3F80021C3F8045394F83820EAB9FFF782
:1023F0006BFC174818E0154DC5F81C15C5F820658D
:1024000084F8393094F8383043B10023C5F80031EE
:102410000123EB60BDE87040FFF72CBC0120FFF703
:1024200053FC0C4B9842F0D170BDDD60E1E70A48E7
:10243000FAE70A48F8E70A48F6E700BF4C6B0020C5
:10244000492A050013AD04000D2A050000B0025012
:102450000000AD0B0700AD0B0800AD0B0A00AD0B83
:102460000B00AD0B08B50B4B93F830305BB90A4944
:102470000A484FF459730A4A0CF080FE4FF4597120
:1024800007480CF072FE0021BDE808400220FFF76B
:1024900081BF00BF4C6B0020492A050013AD04002A
:1024A0000D2A050010B5224BD3F8002192B100226D
:1024B000204CC3F8002194F8381094F8302071B9FA
:1024C0000121032A84F8381005D0042A05D0022AF5
:1024D00000D1996010BD5960FCE7D960FAE7032A82
:1024E00019D0042A19D0022A04D1012384F82030FB
:1024F000FFF7A4FCA36813B9012384F8303094F8E3
:10250000393003F0FF0013B9D4E9003198470023B4
:1025100084F82030DEE70223E8E7032284F8202055
:10252000D3F81C256262D3F8203584F82830E1E71F
:1025300000B002504C6B0020054B93F82E00431E58
:10254000012B03D9043818BF0120704700207047C1
:10255000886B0020002010B5154A1649C2F8000506
:1025600091F82F40D2F8043381F82E400C6823F004
:1025700033030CB143F02303C2F81C01D2F81C4111
:10258000C2F81801D2F81841C2F80801D2F808219F
:1025900091F83320D00791F8342048BF43F08003EE
:1025A000D207034A48BF43F04003C2F8003310BDCE
:1025B00000E00050886B0020002370B501251E4606
:1025C0000B4A92F8301018B90BB182F8301070BD78
:1025D00090FAA0F3B3FA83F305FA03F40C3302EB99
:1025E0004303DE8020EA0400012321EA0401EAE734
:1025F000886B002038B548B914498123144A15481E
:102600000CF0BCFD812112480CF0AFFDFF2807D96A
:10261000114982230E4A0F480CF0B0FD8221F2E7E7
:102620000E4B082493F8305001220023104203D0AF
:10263000154208D00133DBB2013C4FEA4202F5D12A
:1026400007480B7038BD0748FCE700BFDC2A0500CF
:102650009F2A050013AD0400F02A0500886B0020B6
:102660000000AD0B0400AD0B73B50023044601AAB6
:102670000E464FF48071019312F0BBF94FF48A714A
:10268000204612F0B6F94FF482710546204612F04A
:10269000B0F920B11EB115B1144BD3F8343601AAEC
:1026A0004FF48471204612F0A4F94FF4867120464D
:1026B00012F09FF94FF48871204612F09AF90C4BF2
:1026C000234083B14FF48E75294601AA204612F0AB
:1026D00090F9291F0835204689B2ADB212F089F968
:1026E000B5F5AE7FF0D1019802B070BD00E00050AA
:1026F000C0FF3F0010B5C3794BB922492248982347
:10270000224A0CF03BFD982120480CF02EFDC378A6
:1027100082781B03120202F4E06203F48053134335
:102720000278417A02F0030213430279120402F4A0
:10273000E02213434278120102F0300213438279FF
:10274000120602F0807213434279120502F48012DD
:1027500013430A0102F1A04202F56042C2F81835A3
:102760000B4AC47901F10C0302EB43039C71007A1C
:10277000D871012303FA01F192F830300B4382F84B
:10278000303010BD0F2B050013AD04009F2A05004B
:10279000886B00202DE9F843904620221E462B4BE3
:1027A000089FC3F808230122054689469A60002144
:1027B0002020FFF759FF0028F9D00023244C84F88B
:1027C000333084F83430A3602361A3831F4B276028
:1027D00084F83150C3F8F095C3F8F4852FB3232261
:1027E000C3F8002300244FF0010C1948174F0CFACE
:1027F00004F22A404FEA04111AD101F1A04303F573
:102800006043C3F81025C3F814253944D1F81835AE
:10281000013423F0807343EA0262082CC1F81825C2
:1028200000F10200E3D1BDE8F883C3F80073D9E7F3
:10283000C27F90F81EE001F1A04303F56043C3F8A6
:1028400010E5C3F814253246DFE700BF00E0005072
:10285000886B002070B51F4D95F82E40002C37D1A5
:102860000126FF2085F82E60FFF7A6FE1A4B1B49B4
:10287000C3F80041D3F80021C3F80441D3F8042180
:10288000C3F81041D3F81021C3F81441D3F8143120
:102890001C239A0806FA02F212F0330F1FBF03F14D
:1028A000A04202F56142146012681A1F920806FAEB
:1028B00002F212F0330F1CBF5C505A5808335C2BE5
:1028C000E7D10E20E9F780FA002305482B6070BDA0
:1028D0000448FCE7886B002000E00050FCE000505A
:1028E0000000AD0B0C00AD0B08B5134B024693F87E
:1028F0002E305BB911494FF4B373114A11480CF0F3
:102900003DFC4FF4B3710E480CF02FFC48B90E4952
:1029100040F267130A4A0B480CF030FC40F2671192
:10292000F1E7FFF709FE20B91046FFF7E3FE07487D
:1029300008BD0748FCE700BF886B00203C2B050062
:102940009F2A050013AD0400C82705000000AD0B49
:102950000B00AD0B08B5094B93F82E205AB9084966
:10296000084840F27513084A0CF008FC40F2751153
:1029700005480CF0FAFB93F8300008BD886B002086
:102980003C2B050013AD04009F2A05002DE9F04300
:102990001B4F994697F82E3005468846164685B057
:1029A0005BB91849184840F28D13184A0CF0E6FB41
:1029B00040F28D1115480CF0D8FBFFF7BDFDE8B9CA
:1029C00028460DF10F01FFF715FE114B0446984202
:1029D00010D1331E18BF0123324641462846CDF898
:1029E0000090FFF7D7FE9DF80F3087F832300223B2
:1029F00087F82E30204605B0BDE8F083054CF9E796
:102A0000886B00203C2B050013AD04009F2A0500B5
:102A10000000AD0B0B00AD0B2DE9FF47374E99467B
:102A200096F82E3080468A4615465BB9344940F206
:102A3000B713344A34480CF0A1FB40F2B7113148C7
:102A40000CF093FB4AB931494FF4DC732D4A2E4800
:102A50000CF094FB4FF4DC71F1E7FFF76DFD0746D6
:102A6000002847D140460DF10F01FFF7C3FD284B69
:102A7000044698423AD16B8833B19DF80F30012B50
:102A80003AD8B9F1000F37D02A786B782AB123B938
:102A90009DF80F1001292FD8012751464046CDF847
:102AA0000090FFF777FE6B881A4A8BB1A3F15001B3
:102AB000B1F5F66F0AD31849134840F22553174A67
:102AC0000CF05CFB40F225511448B9E743F4805305
:102AD000C2F8F8359DF80F3086F832302B7986F839
:102AE000367086F83530042386F82E30204604B040
:102AF000BDE8F0870A4CF9E70A4CF7E7886B00203D
:102B00003C2B05009F2A050013AD04006128050039
:102B10000000AD0B00E00050C02B05008C2B050021
:102B20000B00AD0B0300AD0B38B5224B93F82E20F4
:102B30005AB9214921484FF4FA73214A0CF01EFB7F
:102B40004FF4FA711E480CF010FB1C695CBB00F0DE
:102B50006044B4F1005F28D193F83240B1FBF4F542
:102B600004FB15151DBB0DB2002D20DD052A05D86F
:102B7000032A0AD8022A0DD0124838BD062AFBD1F2
:102B8000114AC2F82C06C2F830169A6842B1C3E95D
:102B9000040103E08C420AD1C3E902040B48ECE7CC
:102BA000C3E90201FAE70A48E7E70A48E5E70A4805
:102BB000E3E700BF886B00203C2B050013AD040049
:102BC0009F2A05000500AD0B00E000500000AD0B92
:102BD0000C00AD0B0A00AD0B0600AD0B2DE9F34167
:102BE0005C4C94F82E205AB95B4940F22D235B4A85
:102BF0005B480CF0C3FA40F22D2158480CF0B5FAAE
:102C0000012A09D1574940F22E23544A54480CF066
:102C1000B5FA40F22E21F0E7A368002B00F0978070
:102C2000022A05D0042A30D04F4802B0BDE8F08116
:102C300001264E4DC5F800652168E26849B10321BF
:102C400084F82E10C5F82C36C5F830262E6048487A
:102C5000EBE7C5F82C36C5F830262E6011F0E0FE03
:102C600008346E6021460220FFF7FEFC0028F9D0F0
:102C700000223E4BC3F80821D3F80811C3F80C21F9
:102C8000D3F80C11C3F80025E1E74FF00108374DE8
:102C9000C5F80085276857B1052284F82E20E26820
:102CA000C5F82C36C5F83026C5F80080CFE7A18BD3
:102CB00094F8322003EB410300930192C5F82C36BF
:102CC000C5F83026C5F8008011F0AAFE94F8363019
:102CD0005BBB0123254D6B6069460220FFF7C4FCF6
:102CE0000028F9D00022C5F80821D5F80831C5F828
:102CF0000C21D5F80C31A18B94F832300B44E168EB
:102D00009BB28B42A38321BF1A4BA283D3E902015A
:102D100022614FF0000228BFC3E90001134B2CBF12
:102D200013481548C3F800257FE7D5F8F465F6B2D7
:102D300008FA06F6013EBE42CBD9C5F80480002150
:102D40000420FFF791FC0028F9D00137F3E70B4886
:102D50006BE700BF886B00203C2B05009F2A050015
:102D600013AD0400E32B05000500AD0B00E000509F
:102D70000000AD0B906B00200B00AD0B0200AD0B03
:102D8000F8B5334E024696F82E1059B931493248FB
:102D900040F2D123314A0CF0F1F940F2D1212F4811
:102DA0000CF0E3F9FFF7C8FB00284ED1072386F8A3
:102DB0002E3001232A4C86F82F107260C4F800359B
:102DC000D4F80453C4F80003E3603AB125F0C00519
:102DD00045F03305C4F800532248F8BD0021102007
:102DE000FFF742FC0028F9D00023C4F80431D4F8DE
:102DF00004311D4B0127C4F82C360223C4F83036A9
:102E0000276011F00DFEA76000212020FFF72CFCA9
:102E10000028F9D00022124BC3F80421D3F8041182
:102E2000C3F80821D3F80811C3F8002596F82F102D
:102E300086F82E10C3F81C21D3F81C11C3F81821F2
:102E4000D3F81821C3F80053C6E70848C5E700BF08
:102E5000886B00203C2B050013AD04009F2A050061
:102E600000E000500000AD0BA06B00200B00AD0B8C
:102E70007FB533206149FFF7F7FB10F0100F0546CF
:102E80005E4E0BD010225E4BC3F80823B218C3F875
:102E90002C260222C3F8302601221A60594CAA06B9
:102EA00094F82E300ED5072B554A05D0D2F834367B
:102EB0009BB2E36000232361D2F80433DB0601D523
:102EC000FFF748FBA80718D50022A16894F82E3018
:102ED0000291E168062B8DF80420ADF80C1018D093
:102EE000072B35D0032B08D1454BC3F8002502230F
:102EF00084F82E30236801A89847E9074FD594F845
:102F00002E30033B042B4AD8DFE803F05A4929410D
:102F10005E0094F8353023B1236913B10122384B98
:102F20001A60236801A89847374B93E803000023F1
:102F300086E803002361A368002BDED1304AC2F883
:102F40000035042384F82E3005238DF80430D1E7B2
:102F5000FFF700FB02238DF804306368CBE70423FE
:102F600001A88DF8043023689847254BD3F8F8253D
:102F7000D20444BF01225A600623226984F82E300D
:102F80002AB161691E4BC3F82C26C3F83016236999
:102F90002BB9032301A88DF804302368984794F8CF
:102FA0002E30072B0AD0164B1848D3F804330021D3
:102FB0001840FFF759FB012685094DB904B070BDD3
:102FC00001220F4B5A60EAE701220D4B9A60E6E7B7
:102FD00095FAA5F3B3FA83F306FA03F225EA02059C
:102FE0005A08DB4303F001038DF809308DF80460C3
:102FF00023688DF8082001A89847DEE7906B002031
:1030000000E00050886B0020986B0020C0FF3F005C
:1030100008B503680246590914D0012906D14FF6B4
:10302000FF7103F01F03D940C80712D40A490B48A7
:1030300040F2CA330A4A0CF0A1F840F2CA310848FB
:103040000CF093F84FF0FF31D940C907EED5054891
:1030500000E00548136008BD59CA040013AD040020
:1030600026CA040000258450002884504B69304A49
:1030700093424BD00DD82F4A934247D007D82E4ABF
:10308000934243D02D4A934240D02D4870472D4A59
:10309000F9E72D4A934208D004D82C4A934235D000
:1030A0002B4AF0E72B4A9342EFD10279002A3CD019
:1030B00091F823201AB191F82420002A33D1006816
:1030C000254A90422FD1234A93422CD10B685A1C97
:1030D00001D0082BD9D14B68581C01D0092BD4D171
:1030E0008B685A1C01D00A2BCFD191F8213023B123
:1030F000CB68581C01D00B2BC7D1CB6917485A1C81
:1031000015D00F4A0C2B18BF1046704791F821209C
:1031100012B1CA680132C8D1CA690132C5D191F869
:103120002320002AC7D10D4870470D4870477047CB
:1031300080841E0020A1070048E8010090D0030011
:103140000400AD0B40420F000024F40000093D00D4
:1031500000127A000048E80100A000500000AD0B0A
:103160000300AD0BF7B51746421C1C4606460D463C
:10317000089B18D0012902D1BBB111F0C5FC01A8F0
:103180000196FFF745FF019B240200EB8300D0F876
:103190000022074B44EA87042C4313401C4344EAB3
:1031A0004504C0F8004203B0F0BD11F0B9FCE6E7F9
:1031B000F0F0FCFF2DE9F04F067907460C4685B08C
:1031C0002EB391F8213033B34FF0010891F822303B
:1031D00003936369824A93423AD024D8814A934246
:1031E00000F0D58019D8804A934200F0D3807F4AFE
:1031F000934200F0D2807E497E484FF4BF737E4AEE
:103200000BF0BCFF4FF4BF717B480BF0AEFFB04634
:1032100002230393DDE79846FAE7784A9342EAD11E
:103220004FF0805516E0764A934200F0B98009D8F5
:10323000744A934200F0B780734A9342DBD14FF057
:10324000004507E0714A9342D5D14FF0A05501E007
:103250004FF000552422DFF8B8B194F8230002FBA8
:1032600006B3997F60F3000199773B79217C02FBDB
:1032700003B39A7F61F341029A7794F82390B9F1EE
:10328000000F34D16269614B01219A420CBF4FF0AB
:10329000030A4FF0000A237E4A46012B94BF002305
:1032A0000123009320685346FFF75CFFCDF80090A0
:1032B00053464A4601216068FFF754FFCDF800905D
:1032C00053464946A27EA068FFF74CFF237C4A463E
:1032D00083F00103009301215346E068FFF742FFAA
:1032E0000121009153464A46E069FFF73BFF242342
:1032F000B8F1000F5AD04FF0FF3203FB06B31A6249
:10330000A67C217E627ED4F80CC094F810803B79B4
:10331000002B5AD094F8200094F824E03B68BEF1CA
:10332000000F13D1D4E9009ED4F808A0E469C3F8D3
:103330000895C3F80CE5C3F810A5C3F86C45039CC9
:10334000C3F814C5C3F86885C3F86445003A18BFCC
:1033500001220229C3F8C065C3F8245537D00329D8
:1033600038D0012901D142F00202C3F854252422A9
:10337000C3F860053B7953435BF803306BB338689F
:1033800040F3073005B0BDE8F04FE8F71DBD4FF042
:1033900000655FE74FF000755CE74FF0806559E727
:1033A0004FF0206556E74FF0804553E703FB06B624
:1033B000E268B37F3262227C4FF0FF3C62F341034C
:1033C000B377A67C217E627EA1E70220A4E742F0CB
:1033D0000402CAE742F00602C7E705B0BDE8F08F75
:1033E00080841E0020A1070048E8010090D003005F
:1033F000821E050013AD04000C2C050040420F0096
:103400000024F40000093D0000127A000048E801A1
:10341000C06B0020431C07B50ED0019001A8FFF738
:10342000F7FD019B00EB8300D0F80022044B134012
:1034300043F00203C0F8003203B05DF804FB00BFA4
:10344000F0F0FCFF70B501F10C020C46402105467E
:1034500011F003FB38B323685BB91349134840F2FA
:103460001943134A0BF08AFE40F2194110480BF041
:103470007CFE206A421C04D0A37F9B0710D511F06C
:103480004FFB637F1BB12146284611F024FB00232C
:1034900020462372616850F8083BBDE87040184729
:1034A00011F032FBEDE770BD482C050013AD0400B0
:1034B0000C2C05002DE9F84F06469146984659B95F
:1034C000164917484FF41673164A0BF057FE4FF47F
:1034D000167114480BF049FE24230779DFF848B031
:1034E0005F430BEB070595F81CA0BAF1000F13D151
:1034F000FFF7BCFD0D4B044698420AD130464BF80D
:103500000790C5F80480FFF755FE012385F81DA03C
:103510002B772046BDE8F88F054CFAE761280500B7
:1035200013AD04000C2C0500C06B00200000AD0B97
:103530000C00AD0B2DE9F84324270679274D77437E
:10354000EB191B7F04465BB92549264840F2B92395
:10355000254A0BF013FE40F2B92123480BF005FE7B
:10356000006840F30730E8F73DFCEB5953B123689E
:103570001E4A06EBC601C3F80823206805EB81014B
:1035800011F0A9FA242707FB06572368D3F808058A
:10359000D3F80C85D3F81095BB7FDB0716D4FFF763
:1035A00039FF4846FFF736FF4046FFF733FF386ADA
:1035B000FFF730FF23794BB12368D3F86C05D3F8BC
:1035C0001445FFF727FF2046FFF724FF242303FBC2
:1035D000065500232B77BDE8F88300BFC06B0020A1
:1035E000562C050013AD04000C2C050052010800F8
:1035F0002DE9FF47242306797B4F824603FB0673A0
:103600001B7F0D4690465BB9784940F2AD33784A4E
:1036100078480BF0B3FD40F2AD3175480BF0A5FDD5
:103620000B685BB94B684BB1734940F2AE33704ADB
:1036300070480BF0A3FD40F2AE31EEE76F4BD5E9D9
:10364000021209BB4AB16E4940F2AF33684A694879
:103650000BF094FD40F2AF31DFE79B5D6A68DA4022
:1036600015D118F008091CD0242303FB06731B6A2C
:10367000013316D0634940F2B3335D4A5D480BF025
:103680007DFD40F2B331C8E79B5DDA40E6D05E498C
:103690004FF46C73564A57480BF070FD4FF46C7141
:1036A000BBE724237343FA18517F002940F09A8026
:1036B000FB5823B118F0140F04BF012353772424BF
:1036C00095E80F0004FB067404F10C0C8CE80F0065
:1036D000206A421C04D0A37F9B071AD511F014FA6C
:1036E0002B68DAF8004023B103F06043B3F1005FC8
:1036F00006D1AB6883B103F06043B3F1005F0BD038
:103700002423002203FB067340485A7704B0BDE827
:10371000F08711F005FAE3E718F0010318BF012361
:10372000C4F8503518F0020318BF0123EC46C4F862
:10373000403595E80F008CE80F00039BC4F8440562
:10374000C4F84815C4F83425C4F838350023C4F843
:103750001831D4F818310723C4F8003524237343F3
:10376000FA18B9F1000F1DD10121F858216158B99B
:10377000D4F81831002BFBD062464021204611F0CE
:103780006CF924237343FA18FB5813BB106A451CC9
:1037900013D106EBC606204607EB860111F09BF914
:1037A0001B48B3E7FB58A3B9106A411CF8D0937FBC
:1037B0009A070BD511F0B4F9F2E7937F9B0702D576
:1037C00011F0AEF9E5E711F09FF9E2E711F09CF98D
:1037D000E6E7402318F0040F14BFC4F80833C4F818
:1037E0000433DDE70B4891E7C06B0020562C050041
:1037F0000C2C050013AD0400822C0500F52D0500EE
:10380000C92C0500BF2D0500102D05000A00AD0BC9
:103810000000AD0B0B00AD0B01490248FFF712BED3
:10382000C06B002000C0005001490248FFF70ABEEB
:10383000E46B002000A0005038B544090DD0012CE5
:1038400020D01549154840F2CA33154A0BF096FCB2
:1038500040F2CA3112480BF088FC4FF0FF34C440EC
:10386000E507EED50F4C04EB8000D0F800520E4C6B
:103870001B0243EA82022C4042EA41012143C0F884
:10388000001238BD4FF6FF7400F01F00C440E4077B
:10389000D7D5064CE7E700BF59CA040013AD0400B2
:1038A00026CA040000258450F0F0FCFF0028845054
:1038B00070B5C37B04460BB1837B73BBA368B3F1C4
:1038C0007F6F1DD32368222B15D16368232B26D14C
:1038D0000B25A67B0EBBD4E90003984212D11149F7
:1038E000114840F20713114A0BF048FC40F207114F
:1038F0000E480BF03AFC232B11D16368222BE6E72C
:103900000625E6E72B4603223146FFF795FF2B46B7
:10391000032231466068FFF78FFF012070BD002051
:10392000FCE700BF332E050013AD0400F72D0500A2
:1039300010B4CC7B8A6803682CB9D1E90041C3F884
:103940000845C3F80C15C3F82425282203795343EE
:10395000054AD3582BB1006810BC40F30730E8F794
:1039600033BA10BC704700BF086C0020F8B506469B
:103970000D4659B91849194840F21B13184A0BF063
:10398000FDFB40F21B1116480BF0EFFB28210079DC
:10399000144F48433C1894F82210C9B93A50A1601A
:1039A000636084F8251084F82410AB7B284684F8E3
:1039B0002730FFF77DFF68B16B7B3046294684F8DE
:1039C0002630FFF7B5FF0123074884F82230F8BD01
:1039D0000648FCE70648FAE76128050013AD040035
:1039E000F72D0500086C00200000AD0B0C00AD0B9E
:1039F0000400AD0B282108B50D4B027901FB023301
:103A000093F82220012A0BD00A490B484FF4E173A6
:103A10000A4A0BF0B3FB4FF4E17108480BF0A5FB29
:103A200006210268C2F80015022283F8222008BD90
:103A3000086C00205A2E050013AD0400F72D050078
:103A4000282108B5134B027901FB023393F8222099
:103A50005AB9114911484FF4E773114A0BF08EFB24
:103A60004FF4E7710E480BF080FB0021996002686B
:103A70000C48C2F80803D2F8000220F4BC50C2F887
:103A80000002C2F80015012283F8241083F82220D6
:103A900008BD00BF086C0020562C050013AD0400C3
:103AA000F72D050002029C01F8B5282507791C4E68
:103AB000044605FB076595F822305BB919491A4899
:103AC0004FF4D173194A0BF059FB4FF4D1711748D9
:103AD0000BF04BFB006840F30730E8F783F9204612
:103AE000FFF7AEFF95F8273093B995F826507DB9CA
:103AF00023682A46D3F80805D3F80C4501212B4644
:103B0000FFF79AFE2B462A4601212046FFF794FE36
:103B1000282303FB0766002386F82230F8BD00BF88
:103B2000086C0020562C050013AD0400F72D05008D
:103B30002DE9F84F03790E4617463BB94B68B3F5AC
:103B4000803F03D28B68B3F5803F0BD3AA4940F284
:103B5000B623AA4AAA480BF011FB40F2B621A748A7
:103B60000BF003FBA74D95F82230022B09D0A64994
:103B70004FF42F73A14AA2480BF000FB4FF42F71B2
:103B8000EDE72B68C3B90B78022B09D19F4940F2AE
:103B9000BF239A4A9A480BF0F1FA40F2BF21DEE7C0
:103BA000032B09D19A494FF43073944A94480BF08F
:103BB000E5FA4FF43071D2E70023046885F823302A
:103BC000736833B1F36803F06043B3F1005F40F012
:103BD00091813378023B012B06D8336903F06043AF
:103BE000B3F1005F40F086818A4BC4F8083395F842
:103BF000243003F0FF013BB1AB68DFF81C82C4F84E
:103C000004334046BDE8F88F17F0140F0CBF0123B2
:103C1000002385F824303378C7F3001E85F8203060
:103C2000737807F0080985F82130F268EA60736854
:103C30002B61D6F810C0C5F814C0B06885F825E02F
:103C4000A861EF6196F801E0C4F888E5C4F8601156
:103C5000D4F860E1C4F84811D4F848E1C4F824115C
:103C6000D4F824E1C4F80411D4F8041117F00101C8
:103C700018BF0121C4F8501517F0020118BF012127
:103C8000C4F840153178032900F2B080DFE801F074
:103C900091A78102F80609D560494FF40B73574A82
:103CA00057480BF06BFA4FF40B7158E7B9F1000F5E
:103CB00009D05B4940F22D23504A51480BF05EFA7F
:103CC00040F22D214BE7790709D5564940F22E23C2
:103CD0004A4A4B480BF052FA40F22E213FE74FF48C
:103CE0008071C4F80012C4F84425C4F84835012393
:103CF000A3604FF48011204610F060FF0028F8D137
:103D0000D5E90523C4F84425C4F848354FF4802389
:103D1000AB60DFF814812A68B9F1000F40F0C08071
:103D20003378032B00F0BC80012B40F085802360AA
:103D30009AB92A69002A5CD04FF0010BDFF8ECA099
:103D4000DFF8EC905146204610F038FF830548BF5D
:103D5000C4F814B010EA090FF4D072682B68002A76
:103D600040F09E80002B00F09F8001236361790763
:103D700044BF0023AB607A065EBFAB6843F002032A
:103D8000AB60AB6843F40073AB60AB68C4F804335A
:103D900037E7C4F84425C4F848354FF48453C4F8D1
:103DA00034C5C4F83805C4F8003201232362022365
:103DB000AEE7C4F84425BA06C4F848354BBF4FF403
:103DC00080734FF40073C4F80032C4F800324CBF63
:103DD0004FF480230223AB600123236299E7C4F8E8
:103DE0003425C4F838354FF48053DCE7DFF84480DD
:103DF00091E76361A0E700BF842E0500F72D050061
:103E000013AD0400086C0020413605006A36050039
:103E1000BA36050002029C010B00AD0B0A37050003
:103E200020370500363705000000AD0B0202040004
:103E3000020004000400AD0B0123A360002A8CD112
:103E40002A692AB3DFF8B4A0DFF8B4B019EA0A0F80
:103E500083D15946204610F0B1FE10F4007F814610
:103E6000F4D04FF08071204610F0A8FED4F8003254
:103E700080B113F4007103D101228946226262618C
:103E8000D805E3D54FF48021204610F097FE04E0DA
:103E90006361D7E70123236263614FF00009D5E72F
:103EA0002B68002B7FF463AF0022D4F8C434C4F82D
:103EB000C43485F824208BB1124A134913F0010F42
:103EC00014BF90468846013213F0020F18BF904687
:103ED00013F0040F0D4B18BF984692E67B063FF592
:103EE00090AE20460A4910F027FE074B002808BF75
:103EF000984686E6DFF81C8083E600BF02000400D7
:103F0000020204000000AE0B0100AD0B0200AE0B7C
:103F1000086C00200A00AD0B70B5644C86B02368B5
:103F20005BB96349634840F20633634A0BF026F9F4
:103F300040F2063160480BF018F9604D0221284626
:103F400010F03CFE4FF400710646284610F036FE95
:103F5000D8B1E6B9A3684FF08071C5F808330223E1
:103F6000A360A3682846C5F8043310F027FE18B1F3
:103F7000D5F800329B0503D40122504B1A625A61D6
:103F8000012384F8233006B070BD002E58D0E569B7
:103F90006E060AD494F823303BB94449474810F0E0
:103FA000CBFD80F0010084F8230015F0040525D135
:103FB000424B94F82520C3F86051D3F86011C3F840
:103FC0005C51D3F85C1112B194F823205AB100224D
:103FD000C3F80022A2603A4AC3F808234FF40072E3
:103FE000384BC3F88021238CADF80430E368049388
:103FF0002369029363690593A36903932F4AD2F857
:10400000C4349807C2F8C4344AD459074AD4DA07EA
:104010004AD494F823309B00DBB28DF8003094F83A
:1040200025300BB984F82430E3695B0703D594F895
:104030002330002BA7D0D4E9003168469847A2E787
:104040004FF48021284610F0B9FD94F82030ABB928
:1040500094F8253053B94FF40072C5F80032A360CC
:10406000174BC5F80833174BC3F8802100238DF890
:10407000043094F821308DF80530B7E74FF4007321
:10408000C5F8003240F20223A36003F1CE73C5F8F5
:104090000833A368C5F804330123AB602B6272E7D1
:1040A0000123BAE70223B8E70323B6E7086C002030
:1040B000482C050013AD0400F72D050000900050BA
:1040C00002029C0100E100E00722024BC3F8042336
:1040D000704700BF007003500722024BC3F808234B
:1040E000704700BF00700350072208B5044B37200B
:1040F000C3F80823E7F776FE0022024B1A6008BDDA
:1041000000700350306C002010B5044648B91149C6
:104110003123114A11480BF031F831210E480BF0D0
:1041200024F803683BB90E4932230B4A0B480BF0C5
:1041300025F83221F2E7FFF7D7FF2268094B372035
:104140001A600022084BC3F80821BDE81040E7F7C9
:104150003BBE00BF8A3705004C37050013AD040095
:10416000A2370500306C00200070035010B5114CD0
:10417000D4F800312BB100200F4BC4F800011B68AC
:104180009847D4F8043133B10023C4F804310A4B02
:1041900001201B689847074BD3F8082142B1002241
:1041A000C3F80821044B0220BDE810401B681847E3
:1041B00010BD00BF00700350306C002008B50368CC
:1041C0000246590914D0012906D14FF6FF7103F0B8
:1041D0001F03D940C80712D40A490B4840F2CA331A
:1041E0000A4A0AF0CBFF40F2CA3108480AF0BDFF84
:1041F0004FF0FF31D940C907EED5054800E005482A
:10420000136008BD59CA040013AD040026CA040097
:104210000025845000288450F7B50C46064610F05F
:10422000F7FC204610F0F4FC01A80196FFF7C6FF4A
:1042300040F20D65019B2B4F00EB8300D0F800325C
:1042400001943B402B43C0F8003201A8FFF7B6FFB2
:10425000019B00EB8300D0F800323B402B43C0F8B9
:104260000032042010F0F9FA0925012701A8019471
:10427000FFF7A4FF019A0369D340DB0714D401A818
:104280000196FFF79BFF019B013D07FA03F3C36013
:10429000042010F0E2FA304610F0BAFC042010F0CE
:1042A000DCFA15F0FF05E1D101A80194FFF786FFC4
:1042B0000123019A9340C360042010F0CEFA2046F7
:1042C00010F0A6FC042010F0C8FA01A80194FFF732
:1042D00075FF019A03690448D34003F00103C01A33
:1042E00003B0F0BDF0F0FCFF0100AD0B2DE9F04193
:1042F0000E4617460C4D55F81C4FAC4203D16FF0DB
:104300001200BDE8F081314654F8440CA4F1440891
:10431000DDF744FD30B9C7F800804046BDE8F04104
:1043200010F052BD2468E8E7346C002010B5D0E9E5
:1043300009124A60416A00F124031160C0E909339F
:104340004368044603B19847054A936833B112792C
:10435000062A03D90720226802499847002010BD89
:10436000346C0020C33705002DE9F04107460D46A7
:104370000B4E56F80C4FB44202D16FF001000AE028
:10438000394654F8240CA4F12408DDF707FD20B9C0
:104390001DB1C5F80080BDE8F0812468EBE700BFDF
:1043A000346C002038B5044600B30068F0B10378DF
:1043B000E3B10021FFF7D8FFD8B104F11C03C4E931
:1043C00007330D4B04F12402196903F10C00A162BB
:1043D00060621A610A609D6835B11B79062B03D9AA
:1043E000072022680549A847002038BD6FF0150056
:1043F000FBE76FF01000F8E7346C0020C5370500CC
:1044000038B5114C0546216819B1002001312160F1
:1044100038BD2422204612F041FF2B682846A360B5
:104420002B79237104F10C03C4E9033304F1140361
:10443000C4E9053304F11C03C4E9073300F018F89C
:104440000028E5D12168E0E7346C002038B5074D3D
:104450002C68013C2C6044B900F012F82146284633
:10446000BDE83840242212F019BF38BD346C00205A
:1044700008B50248FFF796FF002008BDA42D0020D4
:104480000148FFF753BF00BFA42D00200EB4431E08
:10449000062B33B588BF0020094B05AC54F8045BEC
:1044A00053F8201007480AF053FE2146284601948D
:1044B0000AF04CFE02B0BDE8304003B0704700BFC8
:1044C0005C900400D5D804002DE9F04F87B0174662
:1044D0009B460446DDF840A000284BD0056A35B164
:1044E0002D6825B1AC4607B0BDE8F04F6047E36AE0
:1044F0009F4242D80026BE4203D1002007B0BDE84B
:10450000F08F182303FB06F8D4F83090A26909EB6A
:1045100008052B1D0593CAB9686969680368B5F871
:104520000CC0C91AAB680CF1030E5D1E05EB0C152F
:104530005B4205EB4E051D4005EBCC038568063359
:10454000A94228BF4FF0FF3110F00BFC59F808309A
:1045500020460293236AB1B29B6A01935AF826302F
:1045600000935BF82620059B10F04CFC0028C5D179
:104570000136C0E76FF01500C0E70148BEE700BF95
:1045800040F4FFFF10B5044690B1028D43899A4272
:1045900009D0084A936833B11279032A03D94268D3
:1045A0000549042098472046BDE8104011F0ECBEB4
:1045B00010BD00BF346C00207838050030B5448948
:1045C0008C4212D9436A013C5D882C4003EBC40342
:1045D00059609A60BFF35B8F426A538801335380FE
:1045E000438D01334385002030BD0148FCE700BF07
:1045F00041F4FFFF70B4039E144660B1006A50B1ED
:104600004BB1013407D0002E05DBD0F8844014B143
:10461000A44670BC6047014870BC70472DF8FFFF8E
:1046200070B4039E144660B1006A50B14BB10134BE
:1046300007D0002E05DBD0F8944014B1A44670BC1E
:104640006047014870BC70472DF8FFFF2DE9FF4718
:10465000DDF834800E4691469A460546002876D00D
:10466000002974D0B8F1000F71D001F16407384609
:1046700010F058FDBAF1FF3F49D1346E06F15002F7
:1046800004F18000844204F01F0C07D2C4F34111EE
:1046900052F8211021FA0CF1C90736D4012104F097
:1046A0007F04600952F8203004F5806A01FA0CF1A9
:1046B00004F201440B4304F07F0442F820303466D6
:1046C0006B6C4A4603930E9B2946CDE901830C9BF4
:1046D00030460093534610F0D4FD384601F06EFB8F
:1046E0002C7874B196F8A4405CB1AB6A013330D138
:1046F0000021284610F055FD044610B1284610F060
:1047000026FD204604B0BDE8F0870134BAE7BAF5CB
:10471000806FD5D3AAF580637F2B06F150010FD8A7
:10472000580951F8204003F01F0324FA03F2D2077E
:104730000BD4012202FA03F3234341F82030BFE7F0
:10474000054C384601F03AFBDBE7044CF9E7024C34
:10475000D7E70024D5E700BF2DF8FFFF29F8FFFFBA
:1047600008B583681A0C0AD1094A93682BB11279EB
:10477000022A02D9032007499847002008BDA3F563
:10478000803383601B0C0CBF01200020F6E700BFC4
:10479000346C00209A38050038B50446E0B100F1C9
:1047A0006405284610F0BEFDD4F8B4309B6953B9B7
:1047B000D4F8A840103C002C00DC084C284610F02F
:1047C000AFFD204638BD012BF7D1D4F8BC0010F066
:1047D00091FCA0F11004EEE7014CF2E72EF8FFFF88
:1047E0002DF8FFFF38B50446E0B100F16405284616
:1047F00010F098FDD4F8B4309B6953B9D4F8AC40AC
:10480000103C002C00DC084C284610F089FD2046A6
:1048100038BD012BF7D1D4F8B80010F06BFCA0F133
:104820001004EEE7014CF2E72EF8FFFF2DF8FFFF32
:104830002DE9F041A3F1100853F8087C002388B05B
:104840000693ADF81E301023CDE904120E9D0446E8
:10485000D0F8C000ADF81C5001688668A8EB0101D3
:10486000B14228BF4FF0FF310DEB030210F03FFAC9
:104870001028BFB20BD024494FF4DF73234A2448D9
:104880000AF07CFC4FF4DF7120480AF06EFC04F162
:104890006406304610F046FDD4F8B4309B69D3B9B5
:1048A000D4F8A820D4F8B430D4F8BC009B69CBB9B4
:1048B000CDE90282CDF80080012202A910F0CFFAE2
:1048C000B0B1144940F2C913104A11480AF056FC1D
:1048D00040F2C911D8E73946D4F8BC0010F055FBB6
:1048E0000246DFE7012B03D13946FFF767FEE7E712
:1048F000D4F8BC0010F0C7FB304610F011FD28467C
:1049000008B0BDE8F08100BFFE380500BB380500E7
:1049100013AD040017390500F0B504468E680D4646
:10492000B6B23146D0F8B80085B010F02EFBD4F8FE
:10493000B43007469A699AB90095CDE9025001232F
:10494000D4F8B80002A910F08AFA48B10F497D23C3
:104950000F4A10480AF012FC7D210D480AF005FCB0
:10496000D4F8B4309B69012B0ED13A463146D4F8C5
:10497000B800FFF723FE38B104498323044A0548F1
:104980000AF0FCFB8321E8E705B0F0BD9FBB040003
:10499000BB38050013AD04002DE9FF4103689E6A92
:1049A00006F16408404610F0BDFCD6F8B4309B69AF
:1049B0003BB1012B12D0404610F0B2FC04B0BDE870
:1049C000F081D6F8B8000DF10A0203A910F0A3FA9D
:1049D000D6F8B43004469B69012B07D1D6F8B8004D
:1049E00003AA0DF10A0110F000FB0446002CE2D0EE
:1049F000BDF80A3000216268A36030464FF0FF33F3
:104A000010F005FC054610F093FBA368404603F543
:104A10008033A36010F084FCE5B1AB6A696C0133AC
:104A200008BF2368284608BFAB622368A2890091AB
:104A30006F6B04F11001B84700280BDA10491148D8
:104A400040F25A23104A0AF099FB40F25A210E48CC
:104A50000AF08BFB404610F065FC284610F06DFB19
:104A60002046FFF77DFE38B130462146FFF754FF60
:104A7000D6F8B80010F007FB404610F051FC91E763
:104A80002339050013AD0400BB3805002DE9F043C0
:104A900085B00F46904603A90D9A0646994610F038
:104AA00022FD044650B30C9D039BD6F8C0009D42E6
:104AB000A8BF1D460168D0F808C0611A614528BF2B
:104AC0004FF0FF312B464A4610F011F985420BD0CA
:104AD0000B490C484FF405730B4A0AF04FFB4FF497
:104AE000057109480AF041FB2346424639463046E3
:104AF0000095FFF79DFE05B0BDE8F0830348FAE797
:104B00002F39050013AD0400BB3805002EF8FFFF58
:104B10002DE9F0478AB00D46DDE912971646984612
:104B2000044620B9924E30460AB0BDE8F08700290D
:104B3000F8D0002BF6D00021A822C0F8D01012F037
:104B4000ADFB012204F16400114611F07AFA894BA1
:104B5000C4F8B450E667AC62C4F88430864BC4F83D
:104B60008830864BC4F88C30854BC4F89030854B28
:104B7000C4F89430844BC4F89830844BC4F89C300B
:104B8000834BC4F8A030AB693BB9002FCAD097E87B
:104B9000070004F1A80383E80700AB69012B06D0E6
:104BA0002B6ADBB96FF00506BDE74307F8D4D4F8EC
:104BB000B400002800F0D980036A002BF2D09B6873
:104BC000002BEFD098474206EFD50021D4F8B4006F
:104BD00010F096FB06460028E9D0A4E71B69002BDD
:104BE000E0D028469847AB69012B04BF0023286119
:104BF00000F0010008BF6B6184F8A400AB69DBB969
:104C00003B7A002B00F0838009F10C03C4F8C43018
:104C1000B9F1000F86D0D9F80820002A00F0A3804F
:104C20009B68002B00F09F805A4B04935A4B0593CE
:104C30005A4B06935A4B0793AB69012B07D1564B3E
:104C40000493544B0593564B0693544B0793002102
:104C500004F1C803C4E9323306ABC4F8C0800222B1
:104C600000932846019104ABFFF72EFC064600286E
:104C70007FF459AFAB693BB92B6B1B68C4F8B830F4
:104C80002B6B9B69C4F8BC30AB69012B07D12B6B34
:104C90009B69C4F8B8302B6B1B68C4F8BC30D4F8DF
:104CA000BC0010F0C2F92B6B1B68C3F82C802B6B77
:104CB0009B69C3F82C80D5F818A0BAF1000F07D172
:104CC000D4F8AC300993D4F8B8305B89534520D878
:104CD00094F8A430C4E9004463B100230293314B3B
:104CE000204601933523304A0394009304F10801D0
:104CF00010F0C7FAAB69002B7FF415AF04212846EA
:104D000010F0FEFA074600283FF40DAF26E04B46B0
:104D10007CE74846D4F8AC1010F0D6FB0746E0B16B
:104D2000D8F800100890411AD8F8080000228142F3
:104D300028BF4FF0FF31D4F8AC30404610F011F8E6
:104D4000009701230022D4F8B80008A910F087F8D2
:104D5000074618B90AF1010AB5E7144F284610F0C2
:104D6000C8FA3E46DFE6114EDDE66FF01506DAE6DC
:104D70002DF8FFFF8D4A0300795304009554040079
:104D8000E75404003148030031530400E5470300B1
:104D9000994703003D39050043390500994903004F
:104DA0001F5304009D530400493905002EF8FFFFEE
:104DB000F0B505460E46174687B0074A03AC07CA4A
:104DC00084E807000C9A3146009228463A4601943E
:104DD000FFF79EFE07B0F0BD0C83040008B5124B30
:104DE000A8220021184612F059FA03220F49026145
:104DF00042610F4A8161C2614FF480620262002207
:104E000082624262C26201660A490346416610211B
:104E1000816609490267C266426711F8010D98541C
:104E20000132102AF9D108BD102400204C390500A8
:104E30001020002000200020653905002DE9F84FE2
:104E40001826DFF87C80074606FB008E00FB06660E
:104E5000DEF82440DEF828C046447368A44589463D
:104E6000154603EB040022D8DEF820B0ABEB040AB1
:104E70000AF1FF339A4203D812F0E9F92C440FE00B
:104E800063449A4219D852462C4412F0E0F9B4EB2C
:104E90000B0405D02246706809EB0A0112F0D7F91D
:104EA0001823012003FB07835C62BDE8F88F0CF137
:104EB000FF3CACEB040C9445DED20020F5E700BFCC
:104EC000102400201822034B02FB00339A6A586A10
:104ED000801A704710240020002310B4074A0849A4
:104EE000C85C12F8014D844204D10133102BF7D174
:104EF00010BC704710BCFFF771BF00BF65390500DB
:104F00001024002070B516461D465A1C036804463E
:104F10001344C2689A4205D20821006A10F0EDFEDF
:104F2000002070BD32783DB1AB1E062B8EBF002332
:104F30000B4AD35C1833DAB2204610F0E1FE0028A9
:104F4000EED03544B54203D1A3680133A360E8E74E
:104F500023685A1C226015F8012D1A70F2E700BF71
:104F60006639050008B50A4A0A4B93420ED90A4928
:104F700019230A4A0A480AF001F90A480AF0FEF819
:104F8000192106480AF0F1F82033EEE7FCD308BDFA
:104F9000A879040088760400903905006D39050071
:104FA00013AD0400B7B1040010B50446E3F70CF9E3
:104FB00003480121034A0BF09CF9204610F0AAFF98
:104FC00038810400A83905002DE9F84304460D4650
:104FD00000AFEFF31188202383F31288BFF36F8FA4
:104FE0000428314A98BF314BE9468AB09668117C53
:104FF00098BF53F820306A4688BF2D4BC2E907316D
:1050000040F201332B4893842B4BC2E9050442F84C
:10501000103F00234FF431512848E3F71BFACD46E7
:1050200045B1EB69C3F3080323B10121244A2348A6
:105030000BF05FF92EB1304611F081F808B103781A
:1050400003B92048E9468AB06A461F4BD061C2E9DD
:10505000053640F2013313841C4B42F8103F002305
:105060004FF411511548E3F7F5F92946CD4620468E
:10507000FFF79AFF042C0CD115498723154A1648CF
:105080000AF07CF815480AF079F8872111480AF0EF
:105090006CF888F31188BFF36F8F3046E6F73CFE5B
:1050A000BD46BDE8F88300BF586C00207C9004002A
:1050B000B7390500C5390500050000013881040035
:1050C000ED39050069D804000E3A0500040000011E
:1050D000483A0500263A050013AD0400653A05007C
:1050E00038B50A4B53F82040013053F82050A54200
:1050F00000D838BD606830B1037FDB0701D410F001
:1051000011FF0834F3E723689847FAE7909004000A
:10511000012270B5384B032086B01A70FFF7E0FF0C
:10512000E7F7DEFDE5F718FB0420FFF7D9FF334C66
:10513000334DAC42264628D932494223324A3348BD
:105140000AF01CF832480AF019F842212E480AF0F9
:105150000CF854F80C3C059354F8103C049354F8A4
:10516000143C039354F8183C029354F81C3C0193EC
:1051700054F8203C009354E90A2354E90C0101F04F
:10518000C3FF54F8303C5E65D3E7AE4204F130040F
:10519000DFD302F0D9FC194C1E4EAC421FD919497D
:1051A0006623194A194809F0E9FF194809F0E6FF92
:1051B0006621CBE7D4E90A23B3F1FF3F08BFB2F180
:1051C000FF3F05D052EA0301206803D102F042FFFD
:1051D0003034E2E73146183003F07CFAF8E7E9D3DF
:1051E00002F020FDDEF740FE0B4A137B23F00103A3
:1051F000137306B070BD00BFFC800020F07B04007C
:10520000107D0400053B0500E43A050013AD0400E1
:10521000B7B10400AD610400F04C002008B50348AC
:10522000034A0021121A10F094FE08BD48350020F0
:10523000008100200023012270B586B0CDE904234F
:105240000F220193CDE9023214234FF4A0720E4DC8
:105250000E4E03FB00550E4906EBC016044602FB3A
:1052600000110C4B3046009501F04EFF737B2C74FF
:1052700023F004037373084B013403EBC423EE6083
:105280006B6006B070BD00BF586C0020704C0020F1
:1052900070D900204D57030070D10020BFB5002009
:1052A000FFF71EFF2B4B03F5006282F3088883F3A0
:1052B0000A880024E023284D284F85F82230EC7717
:1052C0002C766C76AC7685F820406B6A43F4E0234C
:1052D0006B6285F82340E6F79DFCE6F735FE4FF05C
:1052E000FF33AB62EB62E7F705F8E6F751FEE2F752
:1052F0009BFE1B4801F0B4FFFFF734FEE7F7C0FC4C
:105300000120FFF7EDFE0220164DFFF7E9FE02F047
:1053100019FD154B15495D61154B4FF4006205935E
:1053200001232846CDE90343CDE901443B460094DF
:1053300001F0EAFE06466A7B284622F004026A7300
:1053400002F014F92046FFF775FF3A463146284629
:10535000E6F7DAFD70D1002000ED00E01151030006
:10536000104E0020F04C0020586C0020B0DA0020D5
:10537000323B050038B50D4C0D4DAC4213D90D49EB
:105380001A230D4A0D4809F0F9FE0D4809F0F6FE02
:105390001A21094809F0E9FE2046D4E9011210F06B
:1053A000DCFD1834E9E7F7D3002038BDC02F00201A
:1053B000D82F0020A23B05003A3B050013AD0400A6
:1053C000B7B10400F8B505460E4600F11404EFF33A
:1053D0001187202383F31288BFF36F8F204603F0D9
:1053E00003F968B988231B4A1B491C4809F0C6FE0B
:1053F00021461B4809F0C2FE8821164809F0B5FE77
:10540000204603F015F928463146DFF7C9FB05F1C0
:105410000C0010F0D9FE28B139462046BDE8F8400E
:1054200002F038BB204603F0EDF868B940F23113C2
:10543000084A0C49094809F0A1FE21460A4809F02A
:105440009DFE40F23111D8E787F31188BFF36F8FCB
:10545000F8BD00BFF1B004001EB1040013AD04009C
:1054600033B1040049B1040060B10400002038B534
:105470000C4C0D4DAC4213D90C4994230C4A0D48E9
:1054800009F07CFE0C4809F079FE9421084809F0E7
:105490006CFE204610F06BFD002802DB2034E9E7AB
:1054A000F7D338BD202F0020C02F0020E03B05009F
:1054B000BB3B050013AD0400B7B104002DE9F74371
:1054C00005460F4691461C4600F10806EFF3118889
:1054D000202383F31288BFF36F8F304603F084F8E4
:1054E00060B98823314A3249324809F047FE3146D3
:1054F000314809F043FE88212C4826E0304603F06D
:1055000097F82B691BB33B601C68EB692C61013376
:10551000EB6114B96A6993421FD0EB68E41A09D4AD
:10552000D5E905235A43A24204D9B4FBF3F203FBA5
:10553000124494B12149E923214A1E4809F01EFE74
:10554000204809F01BFEE9211D4809F00EFE59EA2A
:10555000040214D16FF00B043B60304603F052F8A4
:10556000F0B940F23113114A1749124809F006FE0A
:105570003146164809F002FE40F23111BCE7CDE990
:1055800000942A464146304602F0D2F8044618B943
:105590000F4B9B685B693B60204603B0BDE8F0831E
:1055A00088F31188BFF36F8FF6E700BFF1B00400F6
:1055B0001EB1040013AD040033B10400FD3B05002F
:1055C000BB3B0500793C050049B1040060B1040013
:1055D000586C00202DE9F843C3680546CB1A0E46E7
:1055E00023D4D0E90512514399421ED9B3FBF2F1FD
:1055F00002FB1133CBB900F10807EFF31189202426
:1056000084F31288BFF36F8F384602F0EDFFD8B9EC
:105610008823414A4149424809F0B0FD3946414892
:1056200009F0ACFD88213C480CE03F4940F21113E1
:105630003E4A3B4809F0A2FD3D4809F09FFD40F27B
:1056400011113A4809F091FD384602F0F1FFD5F802
:105650001080B8F1000F40D1EFF3118384F312886A
:10566000BFF36F8F83F31188BFF36F8F5BB931493D
:10567000B023314A2A4809F081FD304809F07EFD07
:10568000B0212D48DEE72C68A54226D02CB3A368B4
:105690003BB92B499923284A214809F06FFD9921EC
:1056A000EFE7D4E9003213605A60637BC4E90088F5
:1056B00023F002036373C4F8088004F1180003F0B8
:1056C000EDF82046C4F87C80666101F04FFF494642
:1056D0003846BDE8F84302F0DDB92B69384633603F
:1056E000EB692E61013BEB6102F08CFF68B940F27F
:1056F0003113094A13490A4809F040FD3946124856
:1057000009F03CFD40F231118DE789F31188BFF3B8
:105710006F8FBDE8F88300BFF1B004001EB1040034
:1057200013AD040033B10400821E0500BB3B05002D
:10573000943C05001DB20400F2B1040035B204002F
:1057400038B2040049B1040060B1040008B50D4B43
:105750009B6893F90E30002B09DB2024EFF31183B3
:1057600084F31288BFF36F8F0BF03EFAF6E7064919
:1057700006481C23064A09F001FD1C21044809F0D3
:10578000F4FC00BF586C0020D73C050013AD0400AA
:10579000B63C05002DE9F341044617461E46EFF3DB
:1057A000058565B158496F23584A594809F0E6FC08
:1057B000584809F0E3FC6F21544809F0D6FCEFF398
:1057C0001188202383F31288BFF36F8F524802F0B1
:1057D0000BFF60B98823514A51494D4809F0CEFC6E
:1057E0004D49504809F0CAFC88214C48E5E74A4831
:1057F00002F01EFFE3684C4A9BB1A06891688842A2
:1058000029D057EA06032ED1434802F0FBFEA0B18F
:1058100088F31188BFF36F8F6FF00F0002B0BDE8FF
:10582000F081916891F90E100133E36093683A4872
:105830002161A36002F0E6FE78B940F23113374AE5
:105840003A49334809F09AFC3349394809F096FC43
:1058500040F23111C9E72169E6E788F31188BFF307
:105860006F8F0020DAE791F90E1090F90E306FF08B
:105870007E029942A8BF19469142B8BF11468B4299
:1058800002DD10F09DFB054622464146CDE900763B
:10589000214801F04DFF0028E3D0EFF311862023CB
:1058A00083F31288BFF36F8F1B4802F09DFE002820
:1058B00090D0194802F0BCFEA068C0B123682169ED
:1058C0009C420AD04BB193F90E309942A8BF1946B9
:1058D0006FF07E039942B8BF194610F071FB30B1EA
:1058E00031460D4802F0D6F86FF00A0096E7002D19
:1058F000F6D1094802F086FE00289ED086F3118872
:10590000BFF36F8FF0E700BF213D0500FF3C0500AE
:1059100013AD0400333D0500786C0020F1B00400A5
:105920001EB1040033B10400586C002049B10400DA
:1059300060B10400F8B50546EFF3058363B154493F
:10594000D723544A544809F019FC544809F016FC6E
:10595000D721504809F009FC8368002B00F09280A1
:105960004F4A9268934240F09080C3683BB94D49DA
:10597000EF23484A484809F001FCEF21E9E7012BF1
:1059800003D0013BC3600020F8BDEFF31187202452
:1059900084F31288BFF36F8F434802F025FE60B98D
:1059A0008823424A42493C4809F0E8FB3E494148C5
:1059B00009F0E4FB88213D48CCE73B4802F038FE83
:1059C0002969A86810F0FCFAEFF3118384F31288B8
:1059D000BFF36F8F83F31188BFF36F8F5BB93649C5
:1059E000B023364A2C4809F0C9FB354809F0C6FBFC
:1059F000B0213248AEE72C68AC4215D100232A48CA
:105A0000C5E9023302F0FEFD002836D140F2311321
:105A1000264A2C49204809F0B1FB23492A4809F0BD
:105A2000ADFB40F23111C6E7002CE7D0A3683BB9CB
:105A300026499923214A184809F0A0FB9921D8E763
:105A40000026D4E9003213605A60637BC4E9006623
:105A500023F002036373A66004F1180002F01EFF36
:105A6000AC6094F90E3020462B61E66701F07EFDB4
:105A700039460D4802F00EF885E787F31188BFF329
:105A80006F8F80E76FF015007EE74FF0FF307BE708
:105A9000213D0500FF3C050013AD0400333D05002A
:105AA000586C0020583D0500786C0020F1B00400CF
:105AB0001EB1040033B104001DB20400F2B10400B1
:105AC00035B2040049B1040060B1040038B20400EA
:105AD00008B583684BB90B490B4899230B4A09F069
:105AE0004DFB9921094809F040FBD0E900321360D1
:105AF0005A600023427BC0E9003322F00202427365
:105B0000836008BD38B2040013AD0400F2B1040094
:105B10002DE9F04704460F4691469A469DF82080AD
:105B200000F10805EFF31186202383F31288BFF3F9
:105B30006F8F284602F058FD60B98823504A5149BA
:105B4000514809F01BFB2946504809F017FB8821F2
:105B50004B481DE0284602F06BFDB8F1000F00D065
:105B60006768EFF31183202282F31288BFF36F8FEF
:105B700083F31188BFF36F8F63B94549B023454A5A
:105B8000414809F0FBFA444809F0F8FAB0214148CD
:105B900009F0EBFA234653F80C8F984519D0B8F169
:105BA000000F16D04046FFF793FF08F1180002F0EF
:105BB00075FE00234046C8F87C30C8F8149001F008
:105BC000D5FC3146284601F065FF00242046BDE89B
:105BD000F087BAF1000F14D0082003F035FA00283E
:105BE00046D00122C0F804900260016801F0030170
:105BF0005FB922680A430260626820606AB9606027
:105C00000BE04846C9F800A0EFE73A68032A24D819
:105C100001606168D9B9C4E9000004F114000421ED
:105C200003F0B4F804460028CBD1284602F0EAFC81
:105C300008BB40F23113124A1849134809F09EFA82
:105C40002946174809F09AFA40F2311180E70A68AC
:105C500002F0030202430A60D1E722F003020A4382
:105C600002603A6802F0030240EA02033B60D4E7B4
:105C70006FF00B04D9E786F31188BFF36F8FA5E7A8
:105C8000F1B004001EB1040013AD040033B10400F0
:105C90001DB20400F2B1040035B2040049B10400A1
:105CA00060B104002DE9F743064690461F4600F117
:105CB0000805EFF31189202383F31288BFF36F8F58
:105CC000284602F091FC68B98823254A25492648D0
:105CD00009F054FA2946254809F050FA882120484D
:105CE00009F043FA284602F0A3FC3468FCB12368AB
:105CF000726823F00303944220464FF001013360A1
:105D000008BF736010F06BF90446284602F07AFC75
:105D1000E8B940F23113124A1549134809F02EFA36
:105D20002946144809F02AFA40F23111D7E758EA17
:105D30000703EAD049462846CDE9008706F10C0260
:105D400001F0F6FC38B90C4B9B685C6903E089F301
:105D50001188BFF36F8F204603B0BDE8F08300BF0A
:105D6000F1B004001EB1040013AD040033B104000F
:105D700049B1040060B10400586C002008B5836884
:105D80004BB90B490B4899230B4A09F0F7F99921B4
:105D9000094809F0EAF9D0E9003213605A6000239B
:105DA000427BC0E9003322F002024273836008BDE7
:105DB00038B2040013AD0400F2B1040070B504461B
:105DC000EFF31186202585F31288BFF36F8F3348D8
:105DD00002F00AFC60B98823314A3249324809F09E
:105DE000CDF92E49314809F0C9F988212C4818E02D
:105DF0002A4802F01DFCEFF3118385F31288BFF3EC
:105E00006F8F83F31188BFF36F8F63B92849B02375
:105E1000284A254809F0B2F9274809F0AFF9B0211E
:105E2000244809F0A2F92568AC4212D08DB1284669
:105E3000FFF7A4FF05F1180002F030FD002328460B
:105E4000EB6701F093FB3146BDE87040134801F069
:105E500021BED4E902329A4218BF01330221A36065
:105E600004F1100002F092FF0028ECD10B4802F080
:105E7000C9FB68B940F23113094A10490A4809F0D0
:105E80007DF906490E4809F079F940F23111ADE784
:105E900086F31188BFF36F8F70BD00BF7C6C00204C
:105EA000F1B004001EB1040013AD040033B10400CE
:105EB0001DB20400F2B1040035B2040049B104007F
:105EC00060B10400F7B5044616461D46EFF305839E
:105ED0007BB152EA05030CD02D4988232D4A2E4868
:105EE00009F04CF92D4809F049F98821294809F0B1
:105EF0003CF9EFF31187202383F31288BFF36F8FF0
:105F0000274802F071FB60B98823264A26492248B7
:105F100009F034F92249254809F030F9882121484F
:105F2000E5E71F4802F084FBA368D3B1013B1C489E
:105F3000A36002F067FB68B940F23113194A1C49AB
:105F4000154809F01BF916491A4809F017F940F2EB
:105F50003111E4E787F31188BFF36F8F002003B09E
:105F6000F0BD56EA05030BD10D4802F04BFB0028AB
:105F7000E2D087F31188BFF36F8F6FF00F00EEE769
:105F800022463946CDE90065054801F0D1FBE6E738
:105F90008F3D05006F3D050013AD040035B20400D0
:105FA0007C6C0020F1B004001EB1040033B1040089
:105FB00049B1040060B104002DE9F0470446EFF355
:105FC0001188202787F31288BFF36F8F354802F0BE
:105FD0000BFB064660B98823334A3449344809F03C
:105FE000CDF83049334809F0C9F888212E481CE023
:105FF0002C4802F01DFB4FF000096FF00A0AEFF386
:10600000118387F31288BFF36F8F83F31188BFF377
:106010006F8F63B92849B023284A254809F0AEF8A4
:10602000274809F0ABF8B021244809F09EF825680C
:10603000AC420ED06DB12846FFF7A0FE05F1180066
:1060400002F02CFC2846C5F87CA001F08FFAB1467E
:10605000D5E700230221A36004F1100002F096FEB0
:10606000A0B9B9F1000F11D10E4802F0CBFA98B9DE
:1060700040F231130C4A13490D4809F07FF80949E1
:10608000114809F07BF840F23111AFE74146BDE815
:10609000F047044801F0FEBC88F31188BFF36F8F0E
:1060A000BDE8F0877C6C0020F1B004001EB1040054
:1060B00013AD040033B104001DB20400F2B10400BA
:1060C00035B2040049B1040060B1040007B5074BC4
:1060D0004FF48052009306494FF0FF33054800F01B
:1060E0002DFC002003B05DF804FB00BFA890040065
:1060F000B0E20020704D00202DE9F0430446764EBA
:10610000764F85B0EFF31188202383F31288BFF315
:106110006F8F304602F068FA68B98823704A714977
:10612000714809F02BF86C49704809F027F888216C
:106130006B4809F01AF8304602F07AFAD4F8845025
:10614000F5B9022104F19C000FF08BFF002840D02C
:1061500004F1940500220121284602F0FDF80028F0
:10616000F8D100234FF0FF3202934FF0FF33414646
:10617000CDE90023304604F18C0202F04BF9C1E76F
:10618000D4F888202B68954208BFC4F88830C4F83A
:106190008430D4F89C30304643F00203C4F89C307D
:1061A000EB68D5F8049023F0040343F00103EB609F
:1061B00002F028FAF8B940F23113494A4C494A48EA
:1061C00008F0DCFF44494B4808F0D8FF40F2311199
:1061D000AEE7D4F89C30DD06C3D5C4F89C003E4839
:1061E00002F010FA0028E6D088F31188BFF36F8F11
:1061F00005B0BDE8F08388F31188BFF36F8FB9F164
:10620000000F0AD13C49384840F2AB233B4A08F022
:10621000B5FF40F2AB2139488BE72846C847EFF37A
:106220001188202383F31288BFF36F8F304602F06A
:10623000DBF900283FF471AF304602F0F9F9EB6862
:10624000D90623F0010231D4EA60EB689A0716D52B
:10625000386823F00203EB6088B10021036870B155
:106260004268954230D1036841BB7A683B60824204
:1062700000D17B60002340F8083BFFF79FFDD4F876
:106280009C30304623F00203C4F89C30C3F3002551
:1062900002F0B8F900288ED088F31188BFF36F8F11
:1062A000002D7FF42FAF01F055FD2BE723F01103F4
:1062B000EB6005F11000FFF781FDC6E70B607B681E
:1062C000834208BF7960D5E723B11A6801461846B2
:1062D0001346C4E71A46F9E7886C0020806C00205A
:1062E000F1B004001EB1040013AD040033B104008A
:1062F00049B1040060B10400AC370500E63D05007B
:1063000070B5C3680546C3F340069B070C460DD520
:106310000122002104F108000FF093FE0023236006
:10632000054B65605A681AB9C3E90044304670BD30
:1063300014605C60FAE700BF806C0020F8B5C368A9
:1063400004469A070F46C3F340063BD45B0727D4A5
:106350000B680BB983680B60E368DD0723D5A3687E
:106360005BB9294929484FF4AA73294A08F006FF66
:106370004FF4AA71264808F0F8FE02263B603D68FB
:10638000002D3ED0234B9A68D5F880309A420CD02D
:10639000D5F89C30D807C3F3800216D46FF01206EC
:1063A00000233B6027E00126E9E70FF0BFFED5F8A8
:1063B0009C300028EED1D907C3F3C002EED552B10C
:1063C0005B0708D46FF00F06EAE7002AFAD1C3F39F
:1063D000C003002BF6D100232360D5F8883063B9C1
:1063E000C5E9214428460FF057FEE36843F0040353
:1063F000E3603B68A3603046F8BD1C60C5F8884088
:10640000F0E76FF01506CBE7073E050013AD04007B
:10641000E63D0500586C002073B50446EFF3118586
:10642000202383F31288BFF36F8F1E4802F0DCF83D
:1064300068B988231C4A1D491D4808F09FFE194968
:106440001C4808F09BFE8821174808F08EFE15486E
:1064500002F0EEF800230321201F0193A4F110069F
:106460000FF0FFFD28B1A369304601A90193FFF7A2
:1064700065FF0C4802F0C6F868B940F231130A4AC9
:106480000D490B4808F07AFE06490C4808F076FEE4
:1064900040F23111D8E785F31188BFF36F8F02B056
:1064A00070BD00BF886C0020F1B004001EB1040074
:1064B00013AD040033B1040049B1040060B104001D
:1064C00038B50D46044648B90C4999230C4A0D4885
:1064D00008F054FE99210A4808F047FE39B90A49E4
:1064E0009A23074A074808F049FE9A21F3E7102249
:1064F000002110F0D3FE656038BD00BFC33E05002B
:10650000E63D050013AD0400AC370500F8B5C368DF
:10651000064603F00503002B0C4614BF0127002795
:1065200029D085685DB91D491D484FF4DF731D4AA8
:1065300008F024FE4FF4DF711A4808F016FE01221D
:10654000002104F110000FF07CFD20461649FFF7F2
:10655000B7FFE36843F01003E360F3685B0712D50D
:10656000336823606BB9D5F8883033B9C5E9214465
:1065700028460FF091FD3846F8BD1C60C5F88840EC
:10658000F6E73460F4E7D5F884302360D5F8883036
:10659000C5F88440002BEBD1F0E700BF0D3E0500AD
:1065A00013AD0400E63D05007960040038B50446EB
:1065B000EFF31185202383F31288BFF36F8F184800
:1065C00002F012F868B98823164A1749174808F0EC
:1065D000D5FD1349164808F0D1FD8821114808F06F
:1065E000C4FD0F4802F024F8E4680D4804F01F04CD
:1065F00002F008F868B940F231130A4A0D490B4815
:1066000008F0BCFD06490C4808F0B8FD40F2311115
:10661000E4E785F31188BFF36F8F204638BD00BFD4
:10662000886C0020F1B004001EB1040013AD04001A
:1066300033B1040049B1040060B1040037B50C4621
:10664000019059B928494FF4BD73284A284808F0E9
:1066500095FD4FF4BD71254808F087FD4B684BB997
:10666000244940F27B13214A214808F087FD40F27B
:106670007B11F0E7EFF31185202383F31288BFF33A
:106680006F8F1D4801F0B0FF60B988231B4A1C4979
:10669000174808F073FD18491A4808F06FFD882163
:1066A0001648D9E7144801F0C3FF204601A9FFF7B7
:1066B00045FE0446104801F0A5FF68B940F23113C9
:1066C0000E4A11490A4808F059FD0B490F4808F0D5
:1066D00055FD40F23111E3E785F31188BFF36F8F69
:1066E000204603B030BD00BFC33E0500E63D0500B7
:1066F00013AD0400223E0500886C0020F1B00400B8
:106700001EB1040033B1040049B1040060B10400BB
:10671000014601480FF0FABC704D002070B50C46E0
:10672000054658B938494FF4E573384A384808F0F7
:1067300025FD4FF4E571354808F017FDC368DB050A
:1067400009D5344940F2CB13304A314808F016FDE0
:1067500040F2CB11EFE70FF0E9FC48B12E494FF4BE
:10676000E6732A4A2A4808F009FD4FF4E671E2E789
:106770004CB92A4940F2CD13244A254808F0FEFCC2
:1067800040F2CD11D7E7EFF31186202383F312886F
:10679000BFF36F8F224801F027FF60B98823214A99
:1067A00021491B4808F0EAFC1D49204808F0E6FC96
:1067B00088211C48C0E71A4801F03AFF28462146C4
:1067C000FFF7A4FE0546164801F01CFF68B940F229
:1067D0003113144A16490E4808F0D0FC10491548E8
:1067E00008F0CCFC40F23111E3E786F31188BFF3E7
:1067F0006F8F3DB14FF0FF324FF0FF3304F11000C7
:10680000FFF760FB284670BDC33E0500E63D05006E
:1068100013AD04003F3E0500DFE804006E3E0500B6
:10682000886C0020F1B004001EB1040033B10400F4
:1068300049B1040060B1040038B5044658B928498C
:106840004FF40A73274A284808F098FC4FF40A715D
:10685000244808F08AFCC368DB0509D5234940F2C7
:106860002923204A204808F089FC40F22921EFE73B
:10687000EFF31185202383F31288BFF36F8F1C4839
:1068800001F0B2FE60B988231A4A1B49164808F085
:1068900075FC1749194808F071FC88211548D8E79C
:1068A000134801F0C5FE20460FF0FDFB04461048DA
:1068B00001F0A8FE68B940F231130E4A10490A48A7
:1068C00008F05CFC0A490F4808F058FC40F231110E
:1068D000E4E785F31188BFF36F8F204638BD00BF12
:1068E000C33E0500E63D050013AD04003F3E050034
:1068F000886C0020F1B004001EB1040033B1040024
:1069000049B1040060B1040008B558B90849094804
:106910004FF43373084A08F031FC4FF433710648E2
:1069200008F023FCA022002110F0B8FC08BD00BF35
:106930000D3E050013AD0400E63D0500F0B589B03D
:1069400004460E9D58B92F4940F2F1232E4A2F4894
:1069500008F014FC40F2F1212B4808F006FC49B97C
:106960002B4940F2F223284A284808F007FC40F25D
:10697000F221F1E7D0F89C0010F0010009D0254980
:1069800040F2F323204A214808F0F8FB40F2F321BB
:10699000E2E7C4E9210004F18C00C4E9230004F11A
:1069A0009400C4E9250055B32879002840F201106D
:1069B00008BF0120C4F89C0000204FF0FF364FF0C4
:1069C000FF37CDE90330CDE90100CDE90667204668
:1069D000114B009400F0FEFB55B1296811B120461F
:1069E0000FF0AAFB6B791BB1237B43F001032373E8
:1069F000204601F02FFBC4F8804009B0F0BD012013
:106A0000D8E700BFB63E0500E63D050013AD040023
:106A1000BC3E0500823E0500F96003007FB50D46CF
:106A2000044658B93A494FF447733A4A3A4808F08D
:106A3000A5FB4FF44771374808F097FB0FF076FB42
:106A400048B1364940F21D33324A334808F096FBCC
:106A500040F21D31EFE7EFF31186202383F3128814
:106A6000BFF36F8F2E4801F0BFFD60B988232D4A18
:106A70002D49294808F082FB29492C4808F07EFB63
:106A800088212848D8E7264801F0D2FDD4F89C3068
:106A900013F0060F1DD1B5B143F00C03C4F89C30C0
:106AA00020460FF0F9FA00234FF0FF3202934FF027
:106AB000FF333146CDE90023194804F1940201F077
:106AC000A9FC04B070BDD4F884504DB143F0040368
:106AD000E4E743F00402C4F89C20002DE0D0DBE79B
:106AE0000F4801F08FFD68B940F231130D4A10498B
:106AF000094808F043FB0A490E4808F03FFB40F202
:106B00003111BEE786F31188BFF36F8F2846D8E7AF
:106B1000B63E0500E63D050013AD0400DFE80400C5
:106B2000886C0020F1B004001EB1040033B10400F1
:106B300049B1040060B1040038B50D46044658B9A7
:106B40000F4940F292330F4A0F4808F017FB40F20A
:106B500092310C4808F009FB49B90C4940F29333D3
:106B6000084A094808F00AFB40F29331F1E7302265
:106B7000002110F093FB4FF480736560E36038BD33
:106B8000C23E0500E63D050013AD0400AC3705002C
:106B9000F7B50C4616461D46019058B9334940F2E8
:106BA0000D43334A334808F0E9FA40F20D413048CA
:106BB00008F0DBFA49B9304940F20E432C4A2D481F
:106BC00008F0DCFA40F20E41F1E7EFF311872023E1
:106BD00083F31288BFF36F8F284801F005FD60B979
:106BE0008823274A2749234808F0C8FA234926481A
:106BF00008F0C4FA88212248DAE7204801F018FD9D
:106C0000E36813F01E0F27D155EA060216D120467D
:106C100001A9FFF793FB0446184801F0F3FCE8B91B
:106C200040F23113164A1949124808F0A7FA1349DD
:106C3000174808F0A3FA40F23111DCE743F00803EB
:106C4000E360019B04F11000A36232462B46114918
:106C500001F040FD0124DFE70024DDE787F3118820
:106C6000BFF36F8F204603B0F0BD00BF0D3E05009F
:106C7000E63D050013AD0400C23E0500886C00200F
:106C8000F1B004001EB1040033B1040049B10400A6
:106C900060B104001964030001460148FFF778BFA2
:106CA000704D0020F7B50C4616461D46019058B9A8
:106CB00032494FF48663324A324808F05FFA4FF4A3
:106CC00086612F4808F051FA49B92F4940F2314303
:106CD0002B4A2C4808F052FA40F23141F1E7EFF329
:106CE0001187202383F31288BFF36F8F274801F0A9
:106CF0007BFC60B98823264A2649224808F03EFAE0
:106D00002249254808F03AFA88212148DAE71F4845
:106D100001F08EFC20460FF0B0F955EA060316D1BB
:106D2000204601A9FFF70AFB0446184801F06AFC57
:106D3000E0B940F23113164A1849124808F01EFA19
:106D40001249174808F01AFA40F23111DDE7E368FA
:106D500004F1100043F00803E360019B3246A36294
:106D600010492B4601F0B6FC0124DEE787F31188B9
:106D7000BFF36F8F204603B0F0BD00BF0D3E05008E
:106D8000E63D050013AD0400C23E0500886C0020FE
:106D9000F1B004001EB1040033B1040049B1040095
:106DA00060B104001964030001460148FFF77ABF8F
:106DB000704D002038B5044658B92349234840F2A5
:106DC0005243234A08F0DAF940F25241204808F0D1
:106DD000CCF9EFF31185202383F31288BFF36F8F73
:106DE0001C4801F001FC60B988231B4A1B49174865
:106DF00008F0C4F917491A4808F0C0F98821164864
:106E0000E5E7144801F014FC20460FF036F920465F
:106E10000FF049F904460F4801F0F4FB68B940F25D
:106E200031130D4A0F49094808F0A8F909490E48DD
:106E300008F0A4F940F23111E1E785F31188BFF3BE
:106E40006F8F204638BD00BFC23E050013AD040061
:106E5000E63D0500886C0020F1B004001EB104007E
:106E600033B1040049B1040060B10400F8B50D4627
:106E7000044658B93E4940F263433E4A3E4808F052
:106E80007DF940F263413B4808F06FF949B93B494D
:106E900040F26443374A384808F070F940F26441E0
:106EA000F1E70FF043F948B1354940F26543314A03
:106EB000314808F063F940F26541E4E7EFF31186E9
:106EC000202383F31288BFF36F8F2E4801F08CFBD1
:106ED00060B988232C4A2D49274808F04FF92949E1
:106EE0002B4808F04BF988212748CDE7254801F0C9
:106EF0009FFBE36803F01F03002B14BF012700274B
:106F000017D1204801F07EFB68B940F231131E4AC8
:106F10002049194808F032F91A491F4808F02EF99B
:106F200040F23111E0E786F31188BFF36F8F3846E6
:106F3000F8BD20460FF0A1F820460FF0B4F8204627
:106F40002946FFF7DDF904460E4801F05BFB0028F7
:106F5000DBD086F31188BFF36F8F002CE7D04FF0A2
:106F6000FF324FF0FF3305F10800FEF7ABFFDEE71D
:106F7000C23E0500E63D050013AD04006E3E05006F
:106F8000DFE80400886C0020F1B004001EB10400AA
:106F900033B1040049B1040060B1040008B583684E
:106FA0004BB90B490B4899230B4A08F0E7F8992194
:106FB000094808F0DAF8D0E9003213605A6000237B
:106FC000427BC0E9003322F002024273836008BDB5
:106FD00038B2040013AD0400F2B104002DE9F84307
:106FE0000546EFF31188202787F31288BFF36F8FD0
:106FF0003B4801F0F9FA60B988233A4A3A493B48DC
:1070000008F0BCF836493A4808F0B8F88821354805
:1070100018E0334801F00CFBEFF3118387F312887B
:10702000BFF36F8F83F31188BFF36F8F63B931495B
:10703000B023314A2D4808F0A1F8304808F09EF8F6
:10704000B0212D4808F091F82C68A54234D09CB3AB
:1070500000262046FFF7A2FF04F1180001F01EFCF5
:10706000B1462046C4F87C9000F080FA0136EFF378
:10707000118387F31288BFF36F8F83F31188BFF3F7
:107080006F8F002BD3D02C68A54210D07CB1204646
:10709000FFF784FF04F1180001F000FCE1E788F33A
:1070A0001188BFF36F8F00263046BDE8F883414654
:1070B0000B4800F0EFFCF7E7094801F0A3FA0028BD
:1070C000EDD140F23113074A0D49084808F056F84F
:1070D00003490C4808F052F840F2311197E700BF1D
:1070E0008C6C0020F1B004001EB1040013AD04004C
:1070F00033B104001DB20400F2B1040035B2040043
:1071000049B1040060B104002DE9F04385B00F9D42
:1071100004460F2D0F46984638D1284B984539D153
:1071200004F15803C4E91633109B0026237304238B
:107130000732A57322F0070507EB0509494663737B
:107140002046C4E90666A660E673E4F7CDFA0E9B16
:10715000073020F00700E066C4E9197502930D9B23
:10716000A9EB000901930C9B4A460093394643461C
:107170002046E4F7ADFE124B66659B680BB12661B5
:107180001B6F4846236705B0BDE8F08305F1100387
:107190001E2BC5D940F205230A4A0B490B4807F0BC
:1071A000EDFF29460A486FF00F030E2207F0E6FFB5
:1071B00040F20521034807F0D8FF00BF4D570300F8
:1071C000586C0020D73E0500FA3E050013AD0400C0
:1071D0007A3F0500F0B587B00446DDE91276EFF39B
:1071E000058575B1194940F29223194A194807F0EB
:1071F000C5FF194807F0C2FF40F29221144807F07A
:10720000B4FF0595109D04950F9D03950E9D029565
:107210000D9D01950C9D0095FFF776FFB6F1FF3FA0
:1072200008BFB7F1FF3F05D056EA070305D1204656
:1072300000F010FF204607B0F0BD3A46334604F197
:107240001800064901F046FAF4E700BF213D0500A9
:10725000D73E050013AD0400AB3F0500AD6104004F
:1072600040F201138381002310B50446C0E91933AD
:1072700001F0E4FE014B9C6010BD00BF586C002083
:107280006FF00A01084A9368D967084998674B6804
:1072900043F080534B60002383F31188BFF36F8F5B
:1072A0009368D86F704700BF586C002000ED00E075
:1072B00038B590F90D200146002A437B11DA03F01E
:1072C0007F0343731B4B984209D11B491B4856232C
:1072D0001B4A07F053FF5621194807F046FF0EF0EE
:1072E00030FF184D2A4652F8184FAB68944200D030
:1072F00004B9EC688B4214D05BB91349D523134A07
:107300000E4807F03BFF124807F038FFD5210F4821
:10731000E3E75A7BD20604D1DA897F2A01D9A26930
:107320002AB1A34202D0204601F0D2F823466B6175
:1073300038BD00BF704C0020F23F050013AD0400C3
:10734000D03F0500586C00203F4005001340050069
:1073500035B2040008B583684BB909490948992337
:10736000094A07F00BFF9921074807F0FEFE0EF0CF
:10737000E8FE437B23F0020343730023836008BDD0
:1073800038B2040013AD0400F2B1040070B590F9F6
:107390000D20437B002A55DBD90653D163F07F03D0
:1073A00043732A4B984209D129492A484F232A4A34
:1073B00007F0E4FE4F21284807F0D7FE274C21466E
:1073C00051F8183FE5698B420BD1C0E900152860E0
:1073D000E06116E006691A6996420AD19D42F4D02E
:1073E0001B68002BF1D090F90E6093F90E209642A5
:1073F000F0D0921B002AF1DD5A68C0E9003210601B
:107400005860A5698D4200D005B9E568A3685BB9ED
:107410001349D523134A0F4807F0B0FE124807F06E
:10742000ADFED5210F48C7E75A7BD20604D1DA89D1
:107430007F2A01D9AA6932B1AB4202D0284601F0B5
:1074400047F8656170BD6361FCE700BF704C0020C8
:10745000F23F050013AD0400D03F0500586C00203A
:107460003F4005001340050035B2040070B590F9A7
:107470000D200146002A437B344C10DA03F07F03D1
:10748000A042437309D132495623324A324807F0A9
:1074900075FE56212F4807F068FE0EF052FE4B7B1A
:1074A000A14263F07F034B7307D129494F23294A37
:1074B000294807F063FE4F21ECE7284C204650F89E
:1074C000183FE56983420BD1C1E900052960E161FC
:1074D00016E00E691A6996420AD19D42F4D01B68E3
:1074E000002BF1D091F90E6093F90E209642F0D066
:1074F000921B002AF1DD5A68C1E90032116059601F
:10750000A569A368854200D005B9E5688B4214D00F
:107510005BB91349D523134A0F4807F02FFE1248D1
:1075200007F02CFED5210F48B5E75A7BD20604D1CF
:10753000DA897F2A01D9AA692AB1AB4202D028464A
:1075400000F0C6FF2B46636170BD00BF704C002089
:10755000F23F0500D03F050013AD0400586C002039
:107560003F4005001340050035B2040038B504461D
:10757000EFF31185202383F31288BFF36F8F174831
:1075800001F032F868B98823154A1649164807F001
:10759000F5FD1249154807F0F1FD8821104807F064
:1075A000E4FD0E4801F044F82046FFF7EFFE0B48DB
:1075B00001F028F868B940F23113094A0C490A4829
:1075C00007F0DCFD05490B4807F0D8FD40F231110A
:1075D000E4E785F31188BFF36F8F38BD906C00200E
:1075E000F1B004001EB1040013AD040033B1040077
:1075F00049B1040060B1040038B50446EFF31185C9
:10760000202383F31288BFF36F8F184800F0ECFF3C
:1076100068B98823164A1749174807F0AFFD134980
:10762000164807F0ABFD8821114807F09EFD0F4872
:1076300000F0FEFFA36813B12046FFF78BFE0B4856
:1076400000F0E0FF68B940F23113094A0C490A48DA
:1076500007F094FD05490B4807F090FD40F2311109
:10766000E2E785F31188BFF36F8F38BD906C00207F
:10767000F1B004001EB1040013AD040033B10400E6
:1076800049B1040060B1040038B50446EFF3118538
:10769000202383F31288BFF36F8F1E4800F0A4FFEE
:1076A00068B988231C4A1D491D4807F067FD194920
:1076B0001C4807F063FD8821174807F056FD154860
:1076C00000F0B6FF637B13F0280F0BD1A36813B152
:1076D0002046FFF73FFE637B204623F004036373DD
:1076E000FFF754FE0B4800F08DFF68B940F23113EC
:1076F000094A0D490A4807F041FD06490B4807F0C1
:107700003DFD40F23111D7E785F31188BFF36F8F4C
:1077100038BD00BF906C0020F1B004001EB1040021
:1077200013AD040033B1040049B1040060B104009A
:107730002DE9F047DFF8D4A0354D1746DDE908986C
:10774000DAF80820334BA84204460E461A600BD1E3
:107750003149324840F27223314A07F00FFD40F2BE
:1077600072212F4807F001FDEFF31183202383F3EB
:107770001288BFF36F8F284600F036FF60B9882368
:10778000284A2949254807F0F9FC2946274807F0E7
:10779000F5FC88212348E5E7284600F049FFDAF8A0
:1077A0000850394628460EF0D4FCB8F1FF3F08BF18
:1077B000B9F1FF3F06D04A4643461D4905F118007E
:1077C00000F088FF204600F01DFF68B9194940F21B
:1077D0006B13144A114807F0D1FC2146164807F0F4
:1077E000CDFC40F26B11D5E7094800F00BFF40B922
:1077F000104940F26B130B4A084807F0BFFC0449DC
:10780000ECE73046BDE8F047FFF73ABD586C002082
:10781000906C0020946C00206640050013AD0400BD
:10782000D03F0500F1B004001EB1040033B10400E4
:10783000AD61040049B1040060B1040070B50546B3
:10784000EFF31186202383F31288BFF36F8F1B4859
:1078500000F0CAFE68B98823194A1A491A4807F085
:107860008DFC1649194807F089FC8821144807F057
:107870007CFC124800F0DCFE2C68A54215D014B147
:107880002046FFF767FD0D4800F0BCFE78B940F2D6
:1078900031130B4A0E490C4807F070FC07490D489C
:1078A00007F06CFC40F23111E0E70024EBE786F3CF
:1078B0001188BFF36F8F204670BD00BF906C002011
:1078C000F1B004001EB1040013AD040033B1040094
:1078D00049B1040060B10400F8B504460D46EFF369
:1078E0001187202383F31288BFF36F8F5C4800F069
:1078F0007BFE60B988235B4A5B495C4807F03EFC2D
:1079000057495B4807F03AFC8821564818E054482C
:1079100000F08EFE637B03F01F02002A0CBF0126DD
:10792000002661D103F07F036373524B9C4209D15F
:1079300051494E485623514A07F020FC56214F48E2
:1079400007F013FC20460EF0FCFB4FFA85FC4C4D73
:10795000637B294663F07F0384F80EC0637351F89C
:10796000183F8B423ED1E869C4E900100460EC6125
:1079700019E0D4F810E01A69964502D0A2EB0E0285
:107980000AE08342F0D01B68002BEDD093F90E2063
:107990009445EED0A2EB0C02002AF2DD5A68C4E94D
:1079A000003214605C60AC698C4200D004B9EC68B1
:1079B000AB689C4202D0204600F08AFD6C612848EA
:1079C00000F020FE002845D140F23113254A2D4910
:1079D000264807F0D3FB22492B4807F0CFFB40F2A3
:1079E000311192E7E869CFE79B0731D5A16841B92A
:1079F00026491E489923264A07F0C0FB99212448AE
:107A00009EE720466DB20EF09CFBA5730B68994271
:107A10000FD14B68C4E900131C604C60CFE72069AC
:107A20001A69904201D0121A0AE04A689342F0D0D3
:107A30001B68002BEDD093F90E209542EFD0521B1E
:107A4000002AF2DD5A68C4E9003214605C60B6E7CF
:107A5000A573B4E787F31188BFF36F8F3046F8BD85
:107A6000906C0020F1B004001EB1040013AD0400BE
:107A700033B10400704C0020F23F0500D03F0500F8
:107A8000586C002049B1040060B1040038B2040011
:107A9000F2B1040070B504460D46F9B9EFF305865E
:107AA000E6B91A4B5A699B689A4217D000F0AAFDB2
:107AB00078B940F26B13164A1649174807F05EFB77
:107AC0002146164807F05AFB40F26B11104807F0A8
:107AD0004CFB3046BDE87040FFF7D2BB204600F0BB
:107AE00091FD68B940F23113094A0A490A4807F082
:107AF00045FB2146094807F041FB40F23111E5E71B
:107B000085F31188BFF36F8F70BD00BF586C0020E4
:107B1000F1B0040049B1040013AD040060B10400E9
:107B2000034648B9EFF3058232B9064A51699268B3
:107B3000914201D0FFF7A4BB83F31188BFF36F8F8D
:107B4000704700BF586C002010B5EFF3118420235C
:107B500083F31288BFF36F8F264800F045FD60B9AC
:107B60008823254A2549264807F008FB214925484E
:107B700007F004FB8821204810E01E4800F058FD63
:107B8000EFF3058363B120498F23204A1C4807F097
:107B9000F5FA1F4807F0F2FA8F211C4807F0E5FAC2
:107BA0001C4B9A68D37B012B0AD11B499023174A9F
:107BB000134807F0E3FA164807F0E0FA9021ECE7E3
:107BC000013BD3730B4800F01DFD68B940F231133F
:107BD000094A12490A4807F0D1FA0649104807F045
:107BE000CDFA40F23111C6E784F31188BFF36F8FED
:107BF00010BD00BF906C0020F1B004001EB1040065
:107C000013AD040033B10400213D0500F2B10400BE
:107C100035B20400586C00209F40050049B10400B3
:107C200060B1040070B5EFF31186202383F312884E
:107C3000BFF36F8F374800F0D7FC60B98823364A0E
:107C40003649374807F09AFA3249364807F096FA2B
:107C50008821314813E0344D2E4800F0E9FCAB6830
:107C6000DA7B72B9314940F20D33314A2C4807F0C2
:107C700085FA304807F082FA40F20D312C4807F0BF
:107C800074FAEFF3058161B12B4940F20E33284AB3
:107C9000234807F073FA274807F070FA40F20E31D4
:107CA000ECE70132DA732A4652F8184F944200D0BA
:107CB00004B9EC685A7BD20604D1DA897F2A01D94B
:107CC000A2692AB1A34202D0204600F001FC23465B
:107CD00010486B6100F096FC68B940F231130E4A0F
:107CE00016490F4807F04AFA0A49154807F046FABC
:107CF00040F23111ADE786F31188BFF36F8FEFF3D8
:107D00001180202383F31288BFF36F8FBDE870408A
:107D1000FFF706BF906C0020F1B004001EB1040014
:107D200013AD040033B10400586C0020D0400500AE
:107D3000D03F050035B20400213D050049B10400E3
:107D400060B10400024B03F11802C3E90622704738
:107D5000586C002070B5EFF3058373B13B4940F2D6
:107D600024433B4A3B4807F009FA3B4807F006FA30
:107D700040F22441364807F0F8F9EFF3118620234A
:107D800083F31288BFF36F8F344800F02DFC60B985
:107D90008823334A33492F4807F0F0F92F493248F6
:107DA00007F0ECF988212E48E5E7304C2B4800F02D
:107DB0003FFCA168E0690B68814214BF1A460022AB
:107DC00049680B605960A368E0692AB9284AC3E989
:107DD00000200360E3610DE093F90E5092F90E105C
:107DE0008D4226D0491B002927DD5168C3E90021B7
:107DF0000B605360A5691E4B9D4200D005B9E56834
:107E0000A3689D4202D0284600F062FB13486561DA
:107E100000F0F8FBA8B940F26B13114A15490D4860
:107E200007F0ACF90D49144807F0A8F940F26B11BE
:107E3000B9E71D6911698D42D4D18242C6D012685A
:107E4000C3E73046BDE87040FFF71ABA213D050090
:107E5000D03F050013AD040035B20400906C002043
:107E6000F1B004001EB1040033B10400586C0020CE
:107E7000706C002049B1040060B104002DE9F041AC
:107E800006460C46EFF3058777B1344940F23C4390
:107E9000334A344807F072F9334807F06FF940F27B
:107EA0003C412F4807F061F950EA010304D1FFF784
:107EB00051FF0020BDE8F081EFF31188202383F308
:107EC0001288BFF36F8F294800F08EFB60B98823BA
:107ED000274A2849234807F051F92449264807F042
:107EE0004DF988212248DDE7244D204800F0A0FB11
:107EF000A868234B1860FFF7DBF9A86823463246D1
:107F00002049183000F0E6FBAA680446537B174866
:107F100043F00403537300F075FB68B940F26B1330
:107F2000134A19490F4807F029F91049174807F073
:107F300025F940F26B11D5E74046FFF7A1F9AB6890
:107F4000D3E90A23B3F1004F08BFBA42B1D10EF012
:107F500065F9201A20EAE070ACE700BF213D05007A
:107F6000D03F050013AD040035B20400906C002032
:107F7000F1B004001EB1040033B10400586C0020BD
:107F8000946C0020AD61040049B1040060B10400AC
:107F900070B504460E46EFF3058575B11A4940F2F7
:107FA00066431A4A1A4807F0E9F81A4807F0E6F853
:107FB00040F26641154807F0D8F8FFF75FFFB6F1C9
:107FC000FF3F08BFB4F1FF3F0246204616D047F6F8
:107FD000FF704FF47A7403462946C2FB0431B3F5AF
:107FE000004F71F100020AD36FF400429A4243F647
:107FF000FF728A4105D3D80B40EA414070BD284644
:10800000FCE76FF00040F9E7213D0500D03F050097
:1080100013AD040035B2040038B500240B494FF409
:1080200000458C462146C0FB05C100236046084A36
:10803000D9F79AFEC117FFF721FF47F6FF73044AED
:10804000C0FB0234DB0B43EA444038BD3F420F0023
:1080500040420F0038B50446EFF31185202383F327
:108060001288BFF36F8F204800F0BEFA68B98823EA
:108070001E4A1F491F4807F081F81B491E4807F098
:108080007DF88821194807F070F8174800F0D0FAF9
:10809000637B5B0710D504F1180000F0FFFB637BE6
:1080A000204623F004036373FFF770F92946BDE807
:1080B00038400D48FFF7EEBC0B4800F0A3FA68B952
:1080C00040F23113094A0D490A4807F057F80649AA
:1080D0000B4807F053F840F23111D3E785F31188CC
:1080E000BFF36F8F38BD00BF906C0020F1B004006B
:1080F0001EB1040013AD040033B1040049B1040003
:1081000060B10400014B9868704700BF586C0020B4
:108110002DE9F8430446077BEFF31185202383F311
:108120001288BFF36F8F7B4800F05EFA68B988232E
:10813000794A7A497A4807F021F87649794807F070
:108140001DF88821744807F010F8724800F070FAA2
:10815000637B190717D56F4800F054FA68B940F2ED
:1081600031136D4A70496E4807F008F869496F4845
:1081700007F004F840F23111E4E785F31188BFF30A
:108180006F8FBDE8F883D90943F008027FD162738D
:10819000A36813B12046FFF7DDF804F1180000F0E2
:1081A0007DFBA66D04F15808B04511D04FF00009D1
:1081B00076B13046FFF7CEF806F1180000F06EFBFE
:1081C0003046C6F87C90FFF7E1F8A66DB045EFD1D8
:1081D000DFF85C81D8F808309C426DD1EFF3058957
:1081E000B9F1000918BF4FF00109D8F81860514AD9
:1081F000964200D00EB9D8F80C60B34202D0304697
:1082000000F066F9C8F81460B9F1000F02D04A48CE
:10821000FFF726F8D8F808309C4260D1EFF30586C6
:10822000002E5CD1237BDA071FD53A4800F0EAF92B
:10823000002894D085F31188BFF36F8F86F31188DF
:10824000BFF36F8F0423184602DFEFF3118520235D
:1082500083F31288BFF36F8F2E4800F0C5F9002812
:108260003FF465AF2B4800F0E3F92A4800F0CAF963
:1082700028BB40F26B13284A2B49294806F07EFFA1
:1082800024492A4806F07AFF40F26B115AE703F0BE
:108290007F0343F008036373284B9C4208D12849AD
:1082A0005623284A1E4806F069FF562125484AE70A
:1082B00020460DF046FF6BE74FF0000995E7284692
:1082C000FEF7DEFF20494FF4DD731E4A144806F026
:1082D00055FF1E4806F052FF4FF4DD71E6E70D48EA
:1082E00000F090F900283FF43AAF85F31188BFF30E
:1082F0006F8FFB077FF545AF40F23D53114A14499C
:10830000074806F03BFF2146124806F037FF40F2CF
:108310003D51CBE7906C0020F1B004001EB1040089
:1083200013AD040033B1040049B1040060B104008E
:10833000586C0020706C0020104E0020704C002003
:10834000F23F0500D03F0500014105000C4105004A
:108350002E410500394105002DE9F84306468846BF
:108360001746EFF31189202383F31288BFF36F8F31
:10837000214800F039F9054668B988231F4A204989
:10838000204806F0FBFE1C491F4806F0F7FE882136
:108390001A4806F0EAFE184800F04AF93468A64286
:1083A0001FD004B32046C4F87C806761FEF7D2FF7B
:1083B00004F1180000F072FA2046FEF7E7FF0E48BD
:1083C00000F020F988B940F231130C4A0F490D48EA
:1083D00006F0D4FE08490E4806F0D0FE40F23111F6
:1083E000D6E70025EBE72546E9E789F31188BFF3D7
:1083F0006F8F2846BDE8F883906C0020F1B0040030
:108400001EB1040013AD040033B1040049B10400EF
:1084100060B10400D3B5DDE90667089CCDE90067CB
:10842000FFF786F91CB1034B9B685B69236002B0C0
:10843000D0BD00BF586C002008B568B10F4B984202
:108440000AD303F11802904206D21822C01AB0FBD8
:10845000F2F302FB13034BB109490A4838230A4AD5
:1084600006F08CFE3821084806F07FFE0122074BFB
:10847000C0105843064B1A5408BD00BF904E002050
:108480007F41050013AD040057410500ABAAAAAA1D
:10849000FD800020C3897F2B12D80A4B1B6863B173
:1084A000094B90F90E201B689A4209DB437BDB06DF
:1084B00006D1064BC31A18BF012303F00100704711
:1084C0000023FAE7D02D0020986C0020704C00208B
:1084D00070B50E4B0E4C1E7C054606EB460304EBB6
:1084E000C304204600F0DAF900220A4B28469A55C8
:1084F000FFF7D0FF48B1084B2046BDE870401A682E
:108500000649013AD31700F0E5B870BD586C002059
:10851000904E0020FD800020D02D002039840300E3
:1085200038B5EFF31185202383F31288BFF36F8FE3
:10853000234800F059F868B98823224A2249234881
:1085400006F01CFE1E49224806F018FE88211D4830
:1085500006F00BFE1A4800F06BF81E4B1E4A9C6892
:108560001068A04213D1FFF7B3FF154800F04AF896
:1085700008BB40F23113134A1849144806F0FEFDB7
:108580000F49174806F0FAFD40F23111DFE70021EC
:108590001B7C1160134AD35C002BE6D02046FFF70A
:1085A00079FF0028E1D0637BDB0602D12046FEF78D
:1085B0005DFF2046D7E785F31188BFF36F8F38BD85
:1085C000906C0020F1B004001EB1040013AD040053
:1085D00033B10400586C0020946C002049B10400B1
:1085E00060B10400FD800020006838B1044B00F049
:1085F00003001B7CC01A18BF012070470120704780
:10860000586C0020002302680360EFF30581074BDC
:1086100019B19968497BC90706D4197C9868084341
:10862000831A58425841704701207047586C002007
:10863000024B1A7C9B68134303607047586C002000
:10864000074808B5074A0849121A0DF084FCBDE82E
:1086500008400648064A0749121A0DF07CBC00BFC4
:10866000C024002044350020C4450500B824002063
:10867000C0240020BC450500024B1868984208BF82
:1086800000207047D42D0020034B1B680BB9F6F770
:1086900041BF0020704700BF9C6C002030B570B116
:1086A0000B4B5B6898420AD0036843B1D3E90421BD
:1086B000D0E90445121941EB0501C3E90421D0E9D1
:1086C000003213605A600023C0E9003330BD00BFA0
:1086D000D42D0020B3F1FF3F08BFB2F1FF3F2DE9D9
:1086E000F74F044690469B4615461F4600F0B8805B
:1086F000D0F80090B9F1000F0CD05B4972235B4AAF
:108700005B4806F03BFD5B4806F038FD7221574898
:1087100006F02BFD8160EFF311830193202383F397
:108720001288BFF36F8F5448FFF75EFF824660B92F
:108730008823524A52494E4806F020FD4E4951487E
:1087400006F01CFD88214D48E2E74B48FFF770FF1B
:10875000B8F1FF3F7BF1FF334B4A1FDBFFF794FF7C
:10876000064601354BF1000B474A2D184BEBE073E1
:10877000D2E90017C4E904536D1843EB0707FFF76C
:108780007BFF0346DFF804E1DEF80490F3B9C4E9A7
:1087900000E9C9F80040CEF8044029E06FF0010379
:1087A000D2E900125B1A4FF0FF3161EB0202B3EB2A
:1087B000080362EB0B02012B72F10001BCBF012325
:1087C0004A464FF0000AC4E90432D8E7D3E9041C52
:1087D000D4E904208A4270EB0C0B2EDA891A5A680D
:1087E0006CEB0000C3E90410C4E9003214605C6063
:1087F000FFF742FF84420ED1254B1B685BB9BAF1EB
:10880000000F02D1FFF740FF064630460DF0EFFCA7
:108810000021F6F759FE1848FFF7F4FEB0B940F210
:108820003113164A1B49124806F0A8FC12491A488F
:1088300006F0A4FC40F2311185E7521A60EB0C00FF
:108840009945C4E90420A2D01B689FE7019B83F3EC
:108850001188BFF36F8F2846394603B0BDE8F08F0B
:1088600000252F46F7E700BF5443050030430500BD
:1088700013AD040035B20400A06C0020F1B0040078
:108880001EB1040033B10400A84E0020D42D0020F6
:108890009C6C002049B1040060B1040070B504462E
:1088A000EFF31186202383F31288BFF36F8F2348E1
:1088B000FFF79AFE68B98823214A2249224806F028
:1088C0005DFC1E49214806F059FC88211C4806F031
:1088D0004CFC1A48FFF7ACFE236833B3FFF7CCFE1D
:1088E00005462046FFF7DAFE00224FF00043A5427E
:1088F000C4E9042306D1FFF7C7FE0DF078FC002180
:10890000F6F7E2FD00240D48FFF77CFE80B940F247
:1089100031130B4A0E490C4806F030FC07490D484C
:1089200006F02CFC40F23111D0E76FF01504EAE7B5
:1089300086F31188BFF36F8F204670BDA06C0020B6
:10894000F1B004001EB1040013AD040033B1040003
:1089500049B1040060B104002DE9F0470446EFF38B
:108960001188202383F31288BFF36F8F4348FFF7EA
:108970003BFE68B98823424A4249434806F0FEFB61
:108980003E49424806F0FAFB88213D4806F0EDFBDF
:10899000DFF8FC903948FFF74BFEC9F80040FFF7BD
:1089A0006BFE002604460027DFF8E8A0D9F8003067
:1089B000DAE900C0D91754B1D4E90452AB4271EBE3
:1089C000020E1FDAED1A62EB0102C4E90452002420
:1089D00013EB0C0340EB01012046CAE90031C9F852
:1089E00000400DF004FC2146F6F76EFD2348FFF72A
:1089F00009FEB0B188F31188BFF36F8FBDE8F0476F
:108A0000FFF78EBD15EB0C0340EBE570CAE90030B3
:108A1000C4E904672046FFF741FE1848FFF7F2FD5E
:108A200068B940F23113164A1B49174806F0A6FBF5
:108A300012491A4806F0A2FB40F23111A5E788F36B
:108A40001188BFF36F8F2046A3689847EFF3118812
:108A5000202383F31288BFF36F8F0848FFF7C4FD0C
:108A6000002887D00548FFF7E3FDD9F800305B1BED
:108A7000C9F80030FFF700FE044697E7A06C00201D
:108A8000F1B004001EB1040013AD040033B10400C2
:108A90009C6C0020A84E002049B1040060B1040085
:108AA00070B5EFF31186202383F31288BFF36F8F25
:108AB0001A48FFF799FD68B98823194A19491A48D5
:108AC00006F05CFB1549194806F058FB882114484C
:108AD00006F04BFB1148FFF7ABFDFFF7D5FD144A3D
:108AE000D2E90045041945EBE0750C48FFF78AFD13
:108AF00068B940F231130A4A0E490B4806F03EFBB2
:108B000006490D4806F03AFB40F23111DFE786F3E3
:108B10001188BFF36F8F2046294670BDA06C0020DE
:108B2000F1B004001EB1040013AD040033B1040021
:108B3000A84E002049B1040060B10400F8B5044615
:108B4000EFF31187202383F31288BFF36F8F4F4811
:108B5000FFF74AFD68B988234D4A4E494E4806F052
:108B60000DFB4A494D4806F009FB8821484806F0AC
:108B7000FCFA4648FFF75CFD226892B14348FFF7D4
:108B800041FD00287CD140F23113414A444942481A
:108B900006F0F4FA3D49434806F0F0FA40F231118C
:108BA000E4E7D4E90A36581C46F10001022871F1C5
:108BB000000127D3012B76F10001BCBF012316462B
:108BC0005D1E46F1FF360DF02DFB013041F1000135
:108BD000401946EB0101012871F100014BDB0DF05A
:108BE00021FB013041F100016FF00102401946EB19
:108BF00001034FF0FF31121A61EB030320462A49AB
:108C0000FFF768FD236B01332363236AD3B11F4849
:108C1000FFF7F8FC0028B6D087F31188BFF36F8FF9
:108C20002046236A9847EFF31187202383F31288A5
:108C3000BFF36F8F1548FFF7D7FC00288BD0134880
:108C4000FFF7F6FC54F8185FA54297D0002D95D099
:108C50002846FEF7D1FC00230C48EB67FFF7D2FC57
:108C6000002890D087F31188BFF36F8F2846BDE8A6
:108C7000F840FEF77BBC6FF001024FF0FF33BDE719
:108C800087F31188BFF36F8FF8BD00BFA46C00207D
:108C9000F1B004001EB1040013AD040033B10400B0
:108CA00049B1040060B104003D8B03002DE9F84395
:108CB000064614461D4691469846EFF31187202339
:108CC00083F31288BFF36F8F2848FFF78DFC68B9D4
:108CD0008823274A2749284806F050FA234927487D
:108CE00006F04CFA8821224806F03FFA1F48FFF7A9
:108CF0009FFCB5F1FF3F08BFB4F1FF3F11D11B4806
:108D0000FFF780FC60BB40F23113194A1C491A4836
:108D100006F034FA15491B4806F030FA40F23111DA
:108D2000E1E7631C75F1FF330ADB012C75F10003E9
:108D30002246BCBF0122002512F1FF3945F1FF3860
:108D40003046FFF7ABFDDDE90823C6E90A2300231F
:108D50004A463363304643460B49FFF7BBFCCEE738
:108D600087F31188BFF36F8FBDE8F883A46C0020F0
:108D7000F1B004001EB1040013AD040033B10400CF
:108D800049B1040060B104003D8B0300F8B505460D
:108D90000E46EFF31187202383F31288BFF36F8F02
:108DA0001F48FFF721FC68B988231E4A1E491F4847
:108DB00006F0E4F91A491E4806F0E0F9882119483E
:108DC00006F0D3F91648FFF733FC2C68A5421CD0F7
:108DD000D4E9003213605A60002331462046C4E9CA
:108DE00000330DF08EFA0E48FFF70CFC78B940F214
:108DF00031130C4A0F490D4806F0C0F908490E48D6
:108E000006F0BCF940F23111D9E70024EBE787F313
:108E10001188BFF36F8F201E18BF0120F8BD00BF5F
:108E2000A86C0020F1B004001EB1040013AD0400D2
:108E300033B1040049B1040060B1040070B50446C8
:108E40000D46EFF31186202383F31288BFF36F8F53
:108E50002148FFF7C9FB68B98823204A20492148E7
:108E600006F08CF91C49204806F088F988211B4837
:108E700006F07BF91848FFF7DBFB01212068E5606D
:108E80008442A16011D11448FFF7BCFBE8B940F25D
:108E90003113124A1549134806F070F90E49144867
:108EA00006F06CF940F23111E1E7D0E900321360CD
:108EB0005A600023C0E900330DF023FA314604461E
:108EC0000548FEF7E7FD204670BD86F31188BFF325
:108ED0006F8F0024F7E700BFA86C0020F1B00400FA
:108EE0001EB1040013AD040033B1040049B1040005
:108EF00060B104002DE9F84F4F1E0F4206460D46A3
:108F00009A460BD02F4917232F4A304806F036F9DE
:108F10002F4806F033F917212B481CE0141D4DD2C1
:108F200041F0040B00F11408EFF31189202383F3BF
:108F30001288BFF36F8F4046FFF756FB68B988234E
:108F4000244A2549214806F019F94146234806F0EC
:108F500015F988211F4806F008F94046FFF768FB1D
:108F6000224659463046D04704464046FFF74AFB62
:108F700068B940F23113174A1949144806F0FEF84F
:108F80004146184806F0FAF840F23111E2E789F359
:108F90001188BFF36F8F8CB144F8046B7DB13C42F4
:108FA0000DD03423084A1049084806F0E7F8214656
:108FB0002A460E4806F0E2F83421ADE700242046A8
:108FC000BDE8F88FDB440500B744050013AD04008D
:108FD000F6440500F1B004001EB1040033B10400F2
:108FE00049B1040060B10400134505004545050082
:108FF0002DE9F04105460E4617460DF097F828B9C1
:10900000074B9B681C6F14B9BDE8F081054C3B46CB
:10901000324629462046BDE8F041FFF76BBF00BF4E
:10902000586C0020C02F002002460021014B02484E
:10903000FFF760BF97F00300C02F0020014B0367CC
:10904000704700BFC02F00200146024A0020FFF7F2
:10905000CFBF00BF97F0030001680E4A034691425C
:1090600015D1C169A2F11022A2F1EF1291420ED1E5
:109070008268012A0BD8C26812B101698A4206D0FF
:10908000586928B19B691B1A584258417047012002
:10909000704700BF55AA00FF70B50D4B9E68A6B182
:1090A0003046FFF7D9FF044678B9F3686BB93569E4
:1090B0000DB9204670BD2846FFF7CEFF28B9EB68F2
:1090C000B34202D12E462D69F2E70124F1E700BF39
:1090D000AC6C00202DE9F041444B454C05461B6823
:1090E00020468846984718B100242046BDE8F08104
:1090F000A4F1140754F8144CFB68DCB1BC68CCB183
:10910000002D66D0B8F1000F65D008FB05F6B6FB60
:10911000F5F5A84561D1311D5FD8B20711D026F011
:10912000030204321C4603E06168914257D2A469ED
:10913000002CF9D12F4B2E481B6898470028D4D01B
:10914000D2E73246EEE7891A232904F120051CD81C
:109150000123A360D4E90523AAB19361A3690BB1EC
:1091600062695A610023C4E905333B69DB0703D513
:10917000FFF792FF002835D13246002128462C46C1
:109180000EF08CF8D6E7FB60E8E702F1200C04EB68
:109190000C032039C3E90110DC602169164819610C
:1091A00044F80C00A0F11020A0F1EF10D86101B13B
:1091B000CB6061695961A069986141B18B6199691E
:1091C00001B14B6101212361C4E90121CAE7FB60C0
:1091D000F5E72C46AEE74446ACE70446AAE7A068AC
:1091E0000028B0D0012005F03DF800BFEC2D002094
:1091F000C06C0020E82D002055AA00FF70B5464B3A
:10920000464C05461B6820469847002840F082805F
:10921000002D43D054F8143CA4F11406002B3DD08B
:10922000B268002A3AD09D4203D3726813449D422B
:1092300002D3012005F016F8A5F120042046FFF71F
:109240000BFF0028F5D155F8183C012BF1D155F84A
:10925000143C45F8180C3BB39A682ABB55F81C2CF3
:1092600002F120015A680A445A6055E905321A6130
:1092700055F8145C2B6903B1DD60202200212046E3
:109280000EF00CF8286910B18368002B2ED03369DA
:109290009B0703D5FFF700FF0028CAD1BDE8704047
:1092A0001F4B1E481B68184755F8100C00282AD081
:1092B000836843BB42686368134420336360036977
:1092C0002361D4E905239AB9CBB943696361826903
:1092D000A261B3B19C61A36903B15C61236903B16D
:1092E000DC60202200210DF0D9FFD0E72C46E1E719
:1092F0009361A369002BE8D062695A61E5E7F360E6
:10930000F7E7F460E7E7F36845F8083C03B15C6110
:10931000F460BCE770BD00BFEC2D0020C06C0020E5
:10932000E82D002038B50C461C22002105461548C2
:109330000DF0B4FF144B15481B68984714491548A5
:1093400000F038F8232C1CD915F003031FBF043C90
:10935000E418C3F10403ED182246002128460DF05D
:109360009DFF084B0C49C3E90054203C9D606C6094
:109370009A6811609A68A1F11021A1F1EF11D161F1
:10938000DA6038BDAC6C0020F02D0020C06C0020ED
:10939000FD910300D590030055AA00FF014B1B6807
:1093A000184700BFE02D0020014B1B68184700BF85
:1093B000DC2D0020024B1860024B00201960704722
:1093C000E02D0020DC2D002010B50A46044619B11E
:1093D000024B00211B68984710BD00BFE42D002000
:1093E000F8B50D4E0D4C0E4D33680E489847677812
:1093F0002B680C48984733680B489847022F08D1D0
:109400002478E31F5C425C412B680748984720465C
:10941000F8BD0024F8E700BFEC2D0020C86C002048
:10942000E82D0020202A0020282A00200E4B03408F
:10943000B3F1607F06D1B1F5885F14BF6FF086008D
:1094400000207047B3F1707F0BD101F4E043B3F516
:10945000005F06D111F4E06F0CBF6FF086000020B2
:1094600070476FF0860070470000C07F8A4270B579
:1094700006460D4600F0ED80784922F4FF7323F094
:1094800001038B4213D022F0FF0001F5885188427E
:109490000DD0734C22F47F7121F00301A14206D05C
:1094A0007049884203D001F574518B422CD16E4B28
:1094B00025F0FF0199420FD115F0FF000BD06B4B47
:1094C00040F00070984240F0C68082EA0500FF2814
:1094D0008CBF0020012070BD654B9942ECD0A3F5F4
:1094E00088539942E8D025F4FF7323F00103B3F1C8
:1094F000062FE1D05B488142DED05E498B42DBD053
:10950000A1F584418B42D7D005F0FE43B3F1A06FA3
:1095100013D102F0FE43B3F1A06F40F0888082EADD
:10952000050333F47E1340F082802E047FD5C5F30B
:109530000540C2F305429042CAE74F498D420BD124
:109540004E4B9A4200F085804D4B22F47E1098429B
:1095500014BF00200120BEE7B3F1407F67D102F0C5
:10956000FE43B3F1407F62D182EA050030F47E14FD
:109570005DD131462846FFF759FF00286BD1414B9A
:1095800012F47C1103EA020318D0B3F1607FC2F336
:1095900005413DD13C48D3B243F0007383423BD0F8
:1095A00003F17E43043B112B01D83848C45C15F409
:1095B0007C1FC5F3054331D18C42C9E7B3F1607F0D
:1095C0000DD13148D3B243F0007383421ED003F172
:1095D0007E43043B112BDDD82D49C95CDAE7B3F19A
:1095E000707FE4D106F4E043B3F5005F03D10121BD
:1095F000C6F30223994006F4E043B3F5005FD6D1E9
:109600000120C6F3022600FA06F4D0E71021C1E7D4
:10961000B3F1707FCBD1EEE71024C8E712F47C1FC2
:1096200001D1A34215D02C0401D58B4250E725F07F
:10963000004323F47F03B3F1106F0CD102F0FE431B
:10964000B3F1106F07D11348104040F01060A842EA
:109650007EE701203FE700203DE700BF0002000653
:10966000000400060009000600030006FF000002D7
:1096700000130006004600060093C0040013C00457
:10968000000140050000C07F030000026D45050099
:109690006D4505000000FFF62DE9F84388461746A2
:1096A0001C4600F0B7FC054688BBD8F80060B6F849
:1096B000009009F4E043B3F5804FB36808BF27F08A
:1096C000010737EA03031AD10CB3274B24F0FF023A
:1096D0009A421FD114F0FF0304D0244A43F00073D0
:1096E000934236D022464846F168FFF7BFFE074650
:1096F00068B9224648463169FFF7B8FE90BB6FF063
:10970000840500233046C8F8003000F0B7FC284636
:10971000BDE8F883164B9A42DCD0A3F588539A42F1
:10972000D8D024F4FF7323F00103B3F1062FD1D076
:1097300010498A42CED0104A9342CBD0A2F584423F
:109740009342C7D004F0FE43B3F1407F04D1230419
:10975000C8D56FF08605D4E7B3F1A06FF7D0034BFF
:109760009C42BEE73D46D2E700030006FF00000230
:1097700000130006000900060046000670B5114BF4
:1097800005461B6810480E469847044618B16FF00E
:109790008F04204670BD6B6933602B7F012B04BFA3
:1097A00002232B77094B18BF30601B68064818BF8F
:1097B0006FF0960498470028EBD0002CE7D06FF0AC
:1097C0009604E6E7EC2D0020302A0020E82D00204A
:1097D00038B500F0FE43B3F1407F04460D4602D099
:1097E0006FF0860038BDFFF721FE0028FAD114F48F
:1097F0007C1F12D0C4F30543032B137022D9284ACF
:109800002240B2F1607F3DD1264AE4B244F00074B8
:1098100094422BD1102BE5D9E2E7214B2340B3F141
:10982000607F15D11F49E3B243F000738B4202D130
:1098300010231370D6E703F17E43043B112B04D9A8
:10984000002313706FF08500CCE71749CB5CD3E79A
:10985000B3F1707FF4D101F4E043B3F5005FEFD1D1
:109860000123C1F302218B40DBB2C5E704F17E4442
:10987000043C112CB4D80D4A125D9342B0D8202B71
:10988000B0D9DFE7B2F1707FAAD105F4E042B2F5BA
:10989000005FA5D10122C5F30225AA40EDE700BF74
:1098A0000000C07F030000026D4505006D45050006
:1098B00000232DE9F34113604768D0F81480044673
:1098C0000E46384611460DF009F9054688B9384666
:1098D0000DF006F9054660B9FFB277B9B8F1000F8F
:1098E00005D1A36823F0031323F47F4363B16FF022
:1098F0008605284602B0BDE8F081012160690DF0BF
:10990000C7F80028EDD1F2E74FF6F87362889A4263
:1099100027D8154B15481B682779984710B16FF069
:109920008F05E6E707B901A8314600F02BFB104B85
:1099300005461B680D48984710B1002DD9D1EEE7B8
:10994000002DD6D10FCCD6F800C066460FC694E8DD
:10995000070086E80700002FCBD1019BCCF814301C
:10996000C7E76FF08505C4E7EC2D0020302A002002
:10997000E82D002010B5044660B1074B07481B686E
:10998000984720460CF033FEBDE81040044B0348D6
:109990001B68184710BD00BFEC2D0020302A0020A6
:1099A000E82D002037B50446C0B101A900F032FB14
:1099B000044698B9194B1A481B689847194DF0B9D5
:1099C0000198037F032B11D10DF073F82B68044627
:1099D0001348984728B10CB96FF08F04204603B0A4
:1099E00030BD002C08BF6FF08704F7E7022B12D1BF
:1099F000032303770379FF2B08BF6FF084040198DA
:109A00000DF057F82B68002818BF04460448984703
:109A10000028E3D0DFE76FF09604F0E7EC2D00209C
:109A2000302A0020E82D00202DE9F04116461F467F
:109A3000002288B0038805468846CDE904220796AF
:109A40003A60002E62D0B6F1005F80F09E8023F075
:109A5000FF03B3F5E24F02D0B3F5824F22D128467F
:109A60000CF0A6FC0446002840F08380EB686BB144
:109A70006A885AB12B8803F44F41B1F5824F05D162
:109A8000DBB2222B37D02DD8122B39D042460023FF
:109A900008EB060112F8010B914243EA0003F9D1E9
:109AA000002B33D0284605AA04A9FFF701FF04467E
:109AB000A0B9049B9B6A63B3049B41465A8828461D
:109AC000069206AA029203F1280201929A6A009273
:109AD0005B6A32460DF036F8044678B30498FFF717
:109AE00049FF46E0273BDBB21B2BCFD8284921FAA0
:109AF00003F3DB07CAD50732B6EBD20FC6D205E0B7
:109B000040F209239A42F6D1402EBFD86FF0860466
:109B10002FE06B681B0A07D1079904980CF027FD0A
:109B200004460028C8D0D9E732464146284607AB4C
:109B30000CF0E0FF04460028EED0CFE70499069B26
:109B40004A88D2B94B804FF6F873069A04989A4225
:109B500018D82B8813B102889A4210D16B8813B1A0
:109B600042889A420BD13946FFF708FE0446002886
:109B7000B4D1204608B0BDE8F0819A42E3D06FF03E
:109B80008604ABE76FF08504A8E76FF08504F0E783
:109B90000102000C38B504460D46FFF721FC30B138
:109BA0002A462146BDE8384002480DF0A5B86FF0BE
:109BB000880038BDCC6C00202DE9F04F9B46002377
:109BC000924601F0FE428FB0B2F1806F0E46DDE9A1
:109BD0001878DDF86890099306D0184600F04EFA20
:109BE0006FF08605002479E00B464FF4807209A9D6
:109BF000FFF752FD0546099815B100F03FFAF1E76D
:109C0000038803F4E042B2F5005F1DD113F4E06F66
:109C1000C3F3022118D0364C26F48072A2420AD037
:109C200004F50074A64206D0324CA64203D0A4F537
:109C30003F44A24208D101248C40102C0CD900F0E2
:109C40001DFA6FF08305CDE742F2040293420AD178
:109C5000294B9E420ED10C24A04510D200F00EFAE2
:109C60006FF08905BEE742F20702934202D1224B10
:109C70009E42E4D0214B9E4209D10D24ECE72146BF
:109C80000AA8FFF787FF054610B10998B5E7002439
:109C90000998D0E909123FB33D19A8EB04030DF16F
:109CA0002808CDE90453CDE902AB3346CDF818902E
:109CB0000194CDF800800CF09BFF0646099800F057
:109CC000DDF9054696B900288CD124B122464146DB
:109CD00038460DF0BCFAD9F800301C442846C9F8C3
:109CE00000400FB0BDE8F08F3D46D6E7354679E736
:109CF0000010C00400FF4004000180040013C004F1
:109D000070B51D4E1D4C33681D4898472378590780
:109D100044BF23F00403237023789A0705D500F08D
:109D200017F9237823F002032370164D14482B688B
:109D30009847336814489847637813B113480CF078
:109D4000ECFF0023042111486370FFF73DFB2B68F3
:109D50000D48984733680A4898472378DB0705D5AC
:109D60000CF0C7FE237823F0010323702B6804480E
:109D7000BDE87040184700BFEC2D0020C86C0020E3
:109D8000282A0020E82D0020202A0020CC6C00206A
:109D90002DE9F041FFF724FB18B100242046BDE86F
:109DA000F081364F36483B689847044620B16FF043
:109DB0008F04FFF7A5FFF1E7324D2B78D80706D4C3
:109DC0000CF095FE04462B7843F001032B702E4EC9
:109DD0002B483368984710B1002CE8D0E9E7002CF5
:109DE000E7D13B682648984704460028DFD12B7806
:109DF000990706D400F0A4F804462B7843F0020338
:109E00002B7033681E4898470028E5D1002CD0D12C
:109E10003B681B4898470028C9D13368184895F813
:109E2000008098470028C2D13B68184898470446EC
:109E30000028BCD16B7843B918F0010F05D0144845
:109E40000CF058FF022304466B7033680F489847A4
:109E50000028C1D1002CACD13B68094898470028A4
:109E6000A5D12B7806485A075CBF43F004032B703A
:109E700033689847002890D099E700BFEC2D002068
:109E8000282A0020C86C0020E82D0020202A00206D
:109E9000CC6C002038B5074C074B20461B68984710
:109EA000064B204693F88055054B1B68984728467B
:109EB00038BD00BF282A0020EC2D0020D06C0020E7
:109EC000E82D002000F140421F2A38B504460D4617
:109ED0000CD82C21194B01FB02331A7F022A02D124
:109EE0005A69824218D06FF08B001FE001210CF0FC
:109EF000CFFDE0B1114A00201346117F022902D1A3
:109F00005169A14205D00130202802F12C02F4D180
:109F1000E9E72C2202FB00331A7F022A0AD11A6ACF
:109F2000511C07D0002001321A622B6038BD6FF03F
:109F30008700FBE76FF09600F8E700BFD06C0020C9
:109F40000122024B002083F880257047D06C00204E
:109F50002DE9F0410A4C002526464FF00108032761
:109F60002046C4F82080277701350CF040FB202DD7
:109F700004F12C04F4D1002386F88035BDE8F0818B
:109F8000D06C0020F8B506460F46FFF783FF002887
:109F900035D000241D4B22461D46197FF9B13CB92E
:109FA000022905D1196A19B91979002918BF1C4667
:109FB0000132202A03F12C03EFD114B96FF08C0089
:109FC0000BE0237F022B04D1236A5A1C1CBF0133F0
:109FD000236220460CF00BFB10B100240DE01C4660
:109FE000237F7BB90123237736B1094B651BAD1065
:109FF0005D4305F18045356000203C60F8BD6FF0A1
:10A000008800EAE76FF09600E7E700BFD06C002019
:10A01000A38B2EBA002370B50B6004460D46FFF7E4
:10A0200039FF08B3124B13481B689847064618B10E
:10A030006FF08F04204670BD20462946FFF742FF8F
:10A0400010F18C0F04460C4B07D01B680948984749
:10A050000028EFD0002CEDD1EAE72E601B68054800
:10A0600098476FF08704E5E76FF08804E2E700BFE8
:10A07000EC2D0020302A0020E82D002010B50B4BDD
:10A0800004461B680A48984718B16FF08F042046B1
:10A0900010BD20460CF00DFD064B04461B6804481D
:10A0A00098470028F3D0002CF1D1EEE7EC2D0020EA
:10A0B000302A0020E82D0020074B10B599420446B5
:10A0C00006D0083000F00EFA08B91C23236010BD3A
:10A0D0006FF08500FBE700BF0500000270B40A4E78
:10A0E000DCB2456844F00074B4424FEA152503D051
:10A0F00035B970BC00F026B96FF0850070BC7047B0
:10A100006FF08600FAE700BF05000002F7B5089E71
:10A110000D4FF5B2044645F000754868BD424FEA60
:10A1200010200AD060B9009604F1080000F0C0F8D1
:10A1300008B91C23236003B0F0BD6FF08500FAE777
:10A140006FF08600F7E700BF05000002F7B5089E34
:10A150000D4FF5B2044645F000754868BD424FEA20
:10A1600010200AD060B9009604F108000CF058FFE6
:10A1700008B91C23236003B0F0BD6FF08500FAE737
:10A180006FF08600F7E700BF050000022DE9F743F6
:10A19000DDB2314B45F000759D4204460F469146B5
:10A1A0004BD005F17E43043B112B4AD82B4A0F2B91
:10A1B00012F8038047D82A4AD65C4E4519D2294660
:10A1C0002046FFF779FFA8BB4A46394620460CF0E7
:10A1D0004CFD78BB04F5867742463946204601ABF4
:10A1E0000CF04CFD30BB0146E82220460DF056F83D
:10A1F000C14629462046FFF75FFFD8B904F20B128B
:10A2000007EB09018F4220D1A6EB090209F5867000
:10A21000B14588BF0022362120440DF03FF8324678
:10A22000204604F586710CF020FD18B9C4F8E850FA
:10A2300084F84C6103B0BDE8F0834FF0100840266D
:10A24000BBE74FF000080026B7E717F8013B83F0A3
:10A25000360302F8013FD5E7030000028F450500F1
:10A260007F4505007FB50024C0F848410F4C0546E6
:10A2700000940CF0C8FC044698B9102203AB05F515
:10A280009C76019328463346009205F594710CF0B4
:10A29000CDFC044628B930460CF06BFD204604B0D6
:10A2A00070BD28460CF0CEFCF8E700BF0044400427
:10A2B0002DE9F041069E1D461F4B04463340B3F185
:10A2C000607F0F4690460FD14FF4A87200210CF02A
:10A2D000E5FF012384F850312A46334641462046A3
:10A2E000BDE8F041FFF752BF144B26F47E169E42A4
:10A2F0001BD10B88B3F5105F17D1A5F11002102AFE
:10A3000017D80F4BD340DB0713D54FF4A6720021AB
:10A310000CF0C4FF022384F8503142462B463946E4
:10A320002046BDE8F041FFF79DBF6FF08500BDE816
:10A33000F0816FF08600FAE70000C07F0002C003E2
:10A34000010101002DE9F0471D46DDE90A7CDDE948
:10A350000836DFF870A0894605EA0A0ABAF1607F7C
:10A360001446DDF830E00AD12A4621464846CDE9B8
:10A370000ACECDE90867BDE8F0470CF028BEDFF84B
:10A38000489025F47E154D4514D10588B5F5105F2C
:10A3900010D1A2F11004102C10D80C4D25FA04F4A1
:10A3A000E4070BD5CDE90ACECDE90867BDE8F04753
:10A3B0000CF088BD6FF08500BDE8F0876FF0860077
:10A3C000FAE700BF0000C07F0002C00301010100E6
:10A3D00073B50C4611461A4623880546B3F5105F3F
:10A3E000069E19D1A2F11004102C12D80C4BE34098
:10A3F000DB070ED50B4B9E420ED100242346009462
:10A4000000F0F8F8204685F81C41C5F8186102B044
:10A4100070BD6FF08600FAE76FF08500F7E700BFC8
:10A4200001010100004440042DE9F04116461F4699
:10A43000D0F818210E4B05469A42884611D1314674
:10A4400000F0F8F8069B044698420DD8334628469B
:10A450004246394600F0FCF80020079B1C60BDE82E
:10A46000F0816FF08500FAE76FF08900F7E700BF31
:10A470000044400470B50088C8B0B0F5105F4D9E30
:10A480004F9D22D1A2F11000102821D8134C24FA9C
:10A4900000F0C0071CD51248834216D105F00F000A
:10A4A000064315D1519B9D4215D8529B03A81D60B0
:10A4B0003346009600F09EF803A82B464E9A50991A
:10A4C00000F0C6F8304648B070BD6FF08500FAE77E
:10A4D0006FF08600F7E76FF08900F4E701010100F3
:10A4E0000044400438B50A4B054699420C4605D055
:10A4F0000133994208D06FF0850038BD00F086FC2A
:10A500000020C5F8D840F8E700F0B0FAF8E700BF3F
:10A510000800000210B5094CD0F8D830A34205D08D
:10A520000134A34206D06FF0850010BD00F098FC06
:10A530000020FAE700F0C4FAFAE700BF08000002C2
:10A5400070B51D46104ED0F8D8300446B34205D041
:10A550000136B3420FD06FF0850070BD1B2A10D9B1
:10A5600000F046FD1C23E022002120462B600CF069
:10A5700095FE0020F1E71F2A03D900F077FB202386
:10A58000F1E76FF08900E8E70800000270B5184EA7
:10A59000049CB342458802D06FF0850070BDEE1D6B
:10A5A000B2EBD60F4FEAD60302D06FF08600F5E784
:10A5B000079A934218D8089A136047F2121200883B
:10A5C0009042E9D1059A5B0001339342EDD12378A3
:10A5D000042BEAD1B5F5807FDED10698621C00F02D
:10A5E00067F90028DAD0E0E76FF08900D6E700BF0E
:10A5F00000000209F8B5069F04461D4661B11646E3
:10A60000AFB9D6F7A9F8002384F8116184F8127164
:10A6100084F8103184F8133145B11022294604F131
:10A62000F0000CF014FE012384F81331F8BDD6F7C6
:10A6300027FAE8E751B190F8103190F812210B4455
:10A6400002F001029B1A23F00F0070470846704782
:10A650002DE9F04F1E4690F8123187B090F8109116
:10A660000093002E52D0924603F00108C9F1100267
:10A6700008EB0203B342044600F5807700F2C38082
:10A680000D46002A40F0B280009B002B69D194F85F
:10A69000133104F1F009C846002B40F0C080224677
:10A6A0003946484694F81131D5F702FF0F2E40F293
:10A6B000CD80D046A6F1100323F00F031033019391
:10A6C00005EB030B94F813311BB3102341464A46A4
:10A6D00038469844D6F706FC1022494628460CF026
:10A6E000B6FD103522463946484694F81131D5F763
:10A6F000DFFE5D45E6D116F00F0623D184F8106128
:10A70000C8461022414658460CF0A1FD07B0BDE8EE
:10A71000F08F4146102238460CF099FD1022494630
:10A7200028460CF094FD103522463946484694F8E8
:10A730001131D5F7BDFEAB4508F11008C2D116F0B6
:10A740000F06DBD0019B9A445146384632460CF046
:10A750007EFD009B84F81061002B7DD00DF1080870
:10A76000CFE794F811312246394602A8D6F736F8D9
:10A7700094F81331002B5BD1B8F1000F0CBF4FF0F0
:10A7800010094FF011094E4529D304F1F00801E0FA
:10A790004E4524D310225146384692440CF057FDC2
:10A7A0001022284602A90CF052FD94F811312246DD
:10A7B000394602A8D6F712F894F81331103E103536
:10A7C000002BE5D002A9084642461023D6F78AFBA3
:10A7D0001022394640460CF03AFD4E45DAD22EBBE7
:10A7E000AB460DF1080884F810618AE7514607EB83
:10A7F000090092440CF02BFD009B103E4E44002BB0
:10A800003FF445AFADE707EB0900514632460CF087
:10A810001EFDB14484F8109107B0BDE8F08F1023FD
:10A820004A4639463846D6F75DFB38E7AB468BE7F4
:10A8300002A904F1F0094A4608461023D6F752FB54
:10A840004846102239460CF002FD95E7002EEDD166
:10A85000AB4684F8106154E704F1F00950E700BFFB
:10A8600000B589B00146684600F03EF809B05DF8D1
:10A8700004FB00BF00B591B00146684600F092FDB0
:10A8800011B05DF804FB00BF30B599B005466846CD
:10A8900000F02AF86946044608A800F07BFE03464B
:10A8A00008A928461C4300F0B1FD204619B030BD70
:10A8B00070B598B005466846164600F015F8314662
:10A8C000044608A800F06EFD034608A96A4608463B
:10A8D0001C4300F0A9FD034608A928461C4300F0CC
:10A8E00093FD204618B070BD38B50B68124D1BBAE9
:10A8F000C3614B682A461BBA83618B6804461BBA46
:10A900004361CB681BBA03610B691BBAC3604B6917
:10A910001BBA83608B691BBA4360CB6901461BBAC3
:10A920000360D6F7CFF8034620461C4629461A4650
:10A93000D6F7E8F8601E38BDB09004003F2A2DE934
:10A94000F041904652D905460C46A2F1400626F049
:10A950003F064036274F0E44236840341BBA2B6411
:10A9600054F83C3C39461BBA6B6454F8383C2846D2
:10A970001BBAAB6454F8343C1BBAEB6454F8303C5B
:10A980001BBA2B6554F82C3C1BBA6B6554F8283C59
:10A990001BBAAB6554F8243C1BBAEB6554F8203C59
:10A9A0001BBA2B6654F81C3C1BBA6B6654F8183C57
:10A9B0001BBAAB6654F8143C1BBAEB6654F8103C57
:10A9C0001BBA2B6754F80C3C1BBA6B6754F8083C55
:10A9D0001BBAAB6754F8043C1BBAEB67D6F78EFA88
:10A9E000B442B9D108F03F00BDE8F0811046BDE89F
:10A9F000F08100BFD09004000A4610B514681A49CF
:10AA000024BA0464546824BA4464946824BA8464FC
:10AA1000D46824BAC464146924BA0465546924BA95
:10AA20004465946924BA8465D46924BAC465146AF7
:10AA300024BA0466546A24BA4466946A24BA8466C2
:10AA4000D46A24BAC466146B24BA0467546B24BA5B
:10AA50004467946B24BA8467D26B12BAC267D6F784
:10AA60004DFA002010BD00BFD09004000023F0B5C7
:10AA70000B490C4C0C4ADFF834E0DFF834C00D4FC2
:10AA80000D4E0E4DC0E903ECC0E90576C0E900416A
:10AA9000C5618260C0F8C030C0F8C430F0BD00BFEE
:10AAA00085AE67BB67E6096A72F36E3C3AF54FA55F
:10AAB0007F520E518C68059BABD9831F19CDE05B8B
:10AAC0002DE9F041D0E930531344074614460E46B1
:10AAD000C0F8C430E5B13F2D00F2C280CAB105F123
:10AAE0007F01C5F1400833460144B04400E0ACB3F7
:10AAF000013313F8010C9A1B434501F8010F04F1CF
:10AB0000FF342A44F3D1402A00F098801546464687
:10AB10001CB9C7F8C050BDE8F0812246314638461E
:10AB2000FFF70CFF221A0546B3180028F1D0411E8A
:10AB3000052906D90132324407F180018A1A022A16
:10AB400013D8264407F17F0213F8011B9E4202F836
:10AB5000011FF9D1C7F8C050BDE8F081402A78D074
:10AB60001546C7F8C050BDE8F08119688208012A6F
:10AB7000C7F8801077D05968022AC7F8841043D0EC
:10AB80009968032AC7F888103ED0D968042AC7F804
:10AB90008C1039D01969052AC7F8901034D059693A
:10ABA000062AC7F894102FD09969072AC7F8981079
:10ABB0002AD0D969082AC7F89C1025D0196A092A11
:10ABC000C7F8A01020D0596A0A2AC7F8A4101BD0D1
:10ABD000996A0B2AC7F8A81016D0D96A0C2AC7F8A8
:10ABE000AC1011D0196B0D2AC7F8B0100CD0596BEE
:10ABF0000E2AC7F8B41007D0996B0F2AC7F8B810FF
:10AC000002D0DA6BC7F8BC20AA0782D025F0030275
:10AC100013441878B91881F88000511C8D427FF6D2
:10AC200078AF587802323944954281F880007FF637
:10AC300070AF9B783A4482F880306AE7384607F173
:10AC40008001FFF7D9FE46460546002C3FF461AF70
:10AC500063E7384607F18001FFF7CEFE054658E767
:10AC60002A4688464FE704221344D2E7F8B58026E7
:10AC70000446D0F8C0300D46C218581C382882F857
:10AC80008060264432D93F282AD8002220443E2B17
:10AC900080F8802003F1020122D021443D2B81F86D
:10ACA000802003F103011BD021443C2B81F880203C
:10ACB00003F1040114D021443B2B81F8802003F1DF
:10ACC00005010DD021443A2B81F8802003F10601C3
:10ACD00006D02144382B81F8802001D184F8BF2090
:10ACE00031462046FFF788FE3A285BD8421C3B2AB3
:10ACF000C0F13A01C0F13B0388BF0123022941D9C9
:10AD000000219A0800F1800E012A04EB0E0C44F891
:10AD10000E1031D0022ACCF804102DD0032ACCF822
:10AD2000081029D0042ACCF80C1025D0052ACCF81C
:10AD3000101021D0062ACCF814101DD0072ACCF808
:10AD4000181019D0082ACCF81C1015D0092ACCF8F4
:10AD5000201011D00A2ACCF824100DD00B2ACCF8E0
:10AD6000281009D00C2ACCF82C1005D00E2ACCF8CB
:10AD7000301008BFCCF8341023F003029B071044B6
:10AD800010D0421C002321183B2A81F8803009D0C2
:10AD90002244392882F8803000F1020202D0224495
:10ADA00082F880300022D4F8C43031465F0F4FEA79
:10ADB000535E67F307024FEA533C6EF30F225E09BE
:10ADC0006CF31742DB0066F31F6284F8BF30204645
:10ADD000C4F8BB20FFF710FE23681BBA2B60636822
:10ADE0001BBA6B60A3681BBAAB60E3681BBAEB606D
:10ADF00023691BBA2B6163691BBA6B61A3691BBA18
:10AE0000AB61E3691BBAEB61F8BD00BF0023F0B58D
:10AE10000B490C4C0C4ADFF834E0DFF834C00D4F1E
:10AE20000D4E0E4DC0E903ECC0E90576C0E90041C6
:10AE3000C5618260C0F8C030C0F8C430F0BD00BF4A
:10AE400007D57C36D89E05C117DD703039590EF70D
:10AE5000310BC0FF11155868A78FF964A44FFABED3
:10AE6000F8B51446D0E93023234405460F46C0F810
:10AE7000C430CAB13F2A14D8BCB102F17F0CC2F170
:10AE800040060B4684443744511A00E084B31A78D4
:10AE90000133BB420CF8012F04F1FF3403EB010234
:10AEA000F4D1402A00F0968014B9C5F8C020F8BD4E
:10AEB000224639462846FFF741FD211A02467B18F3
:10AEC0000028F2D00138052806D90131394405F1AE
:10AED0008000411A022914D8274405F17F0113F894
:10AEE000010B9F4201F8010FF9D1C5F8C020F8BD50
:10AEF000402ADAD1284605F18001FFF77DFD0246A0
:10AF0000D3E7186891080129C5F880006CD058680B
:10AF10000229C5F8840043D098680329C5F8880041
:10AF20003ED0D8680429C5F88C0039D018690529A5
:10AF3000C5F8900034D058690629C5F894002FD080
:10AF400098690729C5F898002AD0D8690829C5F852
:10AF50009C0025D0186A0929C5F8A00020D0586A9D
:10AF60000A29C5F8A4001BD0986A0B29C5F8A800C7
:10AF700016D0D86A0C29C5F8AC0011D0186B0D2971
:10AF8000C5F8B0000CD0586B0E29C5F8B40007D036
:10AF9000986B0F29C5F8B80002D0D96BC5F8BC1062
:10AFA000910782D022F003010B441C78681880F8C6
:10AFB0008040481C82427FF678AF5C78023128449A
:10AFC0008A4280F880407FF670AF9B78294481F8F0
:10AFD00080306AE7284605F18001FFF70DFD024643
:10AFE000002C3FF462AF63E704210B44DDE700BFB0
:10AFF000F8B580260446D0F8C0300D46C218581C5B
:10B00000382882F88060264432D93F282AD8002286
:10B0100020443E2B80F8802003F1020122D02144FD
:10B020003D2B81F8802003F103011BD021443C2BF0
:10B0300081F8802003F1040114D021443B2B81F8D6
:10B04000802003F105010DD021443A2B81F88020A6
:10B0500003F1060106D02144382B81F8802001D16C
:10B0600084F8BF2031462046FFF7C6FC3A285BD85B
:10B07000421C3B2AC0F13A01C0F13B0388BF0123C7
:10B08000022941D900219A0800F1800E012A04EB1F
:10B090000E0C44F80E1031D0022ACCF804102DD03A
:10B0A000032ACCF8081029D0042ACCF80C1025D09B
:10B0B000052ACCF8101021D0062ACCF814101DD087
:10B0C000072ACCF8181019D0082ACCF81C1015D073
:10B0D000092ACCF8201011D00A2ACCF824100DD05F
:10B0E0000B2ACCF8281009D00C2ACCF82C1005D04B
:10B0F0000E2ACCF8301008BFCCF8341023F003022D
:10B100009B07104410D0421C002321183B2A81F8D1
:10B11000803009D02244392882F8803000F10202C0
:10B1200002D0224482F880300022D4F8C430314664
:10B130005F0F4FEA535E67F307024FEA533C6EF32B
:10B140000F225E096CF31742DB0066F31F6284F87E
:10B15000BF302046C4F8BB20FFF74EFC23681BBA63
:10B160002B6063681BBA6B60A3681BBAAB60E368B3
:10B170001BBAEB6023691BBA2B6163691BBA6B6155
:10B18000A3691BBAAB61F8BD2DE9F04106460C4638
:10B19000904688B0684602F1200106F12007D6F7F4
:10B1A00025F96A4669466846D6F742F86946384640
:10B1B000D6F71CF93A463946384604F12005D6F749
:10B1C00037F86A4669466846D6F732F84146284657
:10B1D000D6F70CF96A4641463046D6F7EFF82A46CC
:10B1E00029466846D6F724F82A4669466846D6F7BF
:10B1F0001FF869466846114AD6F71AF8694620468C
:10B20000D6F7F4F8324621462046D6F74FF83246B4
:10B2100021462046D6F74AF8224631462846D6F738
:10B2200045F86A4629462846D6F7C8F83A462946D8
:10B230002846D6F73BF808B0BDE8F08190920400AC
:10B24000F0B504460D4699B02A4668462146D6F721
:10B250002DF869466846D6F7C9F86A46214608A817
:10B2600005F1200604F12007D6F7A8F86A4629461A
:10B270006846D6F7A3F83246394610A8D5F7D8FF66
:10B28000324639463046D6F711F831462846D6F7C9
:10B29000ADF86A46204608A9D5F7CAFF22462946D6
:10B2A0002846D6F703F86A46684608A9D5F7FEFF90
:10B2B0006A4639463846D6F781F82A46684608A9CC
:10B2C000D5F7F4FF6A4631463046D6F777F83A4666
:10B2D00031463046D5F7EAFF684610A9D6F786F81A
:10B2E000224669462046D5F7E1FF08A922460846CE
:10B2F000D5F7DCFF10A9084608AAD6F75FF83A464A
:10B30000384610A9D5F7D2FF19B0F0BD2DE9F041AC
:10B3100005460C46904688B00A4668462946D5F749
:10B32000C5FF69466846D6F761F86A462946284649
:10B3300004F12006D6F742F805F120076A462146B7
:10B340006846D6F73BF8324639463046D5F7AEFF69
:10B3500031462046D6F74AF82A4621462046D5F7F8
:10B36000A5FF6A4621462046D5F7A0FF6A46294632
:10B370004046D5F79BFF424639463846D6F71EF879
:10B38000224629466846D5F791FF6A46314630463F
:10B39000D6F714F83A4631463046D5F787FF08B05D
:10B3A000BDE8F08170B504460D4690B004F120066A
:10B3B00000F014F9304605F1200100F00FF92146A4
:10B3C00008A8D6F713F808A908460D4AD5F730FFA4
:10B3D00008A922460846D5F7F1FF08A90846094AF8
:10B3E000D5F726FF31466846D6F700F82022694691
:10B3F0000DEB0200D5F754FD013810B070BD00BF51
:10B40000909204007092040000F002B938B505462D
:10B410000C4600F0FDF805F1200004F12001BDE824
:10B42000384000F0F5B800BF13462DE9F047B8B03A
:10B430008946544A1946804610A8D5F743FB52491D
:10B44000024610A8D5F75EFB0746179E4D4907EA4E
:10B45000D676C6F1010210A8D5F754FB179C4A46D0
:10B46000E44328A918A8FFF78FFEE40F20A9084697
:10B47000C4F101024FF0FE0AC7F1010700F090F895
:10B4800025466A4618A928A8FFF740FF4FEA6A1325
:10B4900038AA02EB830353F8A04C0AF01F03DC40E8
:10B4A00004F0010465402A4628A918A8D5F786FBB0
:10B4B0002A4630A920A8D5F781FB0AF1FF3A28A92E
:10B4C00018A8FFF7BDFEBAF1FF3FD9D1C4F10102C0
:10B4D00020A908A800F064F866406A4618A928A8C0
:10B4E000FFF714FF324628A918A8D5F767FB3246A4
:10B4F00030A920A8D5F762FB08A96A460846D5F707
:10B500005DFF08A9084600F09DF808A908F120048D
:10B51000084609F12002D5F751FF204620A908AAC4
:10B52000D5F74CFF08AA684618A9D5F747FF694622
:10B530006846D5F75BFF18AA694608A8D5F73EFF0D
:10B5400021466846D5F752FF08AA69461046D5F746
:10B55000ADFE68460D4A08A9D5F7A8FE2046202171
:10B56000D5F7B2FC024608A9684654423C43D5F7D9
:10B5700025FB40466946064AD5F720FF204638B0ED
:10B58000BDE8F087F091040010920400709204006E
:10B59000D09104000A460149FFF746BF30920400EB
:10B5A00070B588B004460D46164600212022684634
:10B5B0000BF074FE002329462022204600930BF056
:10B5C00046FE2A4669466846D5F770FE3246694609
:10B5D0002046D5F7F3FA08B070BD00BF0B681BBA60
:10B5E000C3614B681BBA83618B681BBA4361CB682C
:10B5F0001BBA03610B691BBAC3604B691BBA83603A
:10B600008B691BBA4360CB691BBA0360704700BFEC
:10B61000CB691BBA03608B691BBA43604B691BBAC9
:10B6200083600B691BBAC360CB681BBA03618B686C
:10B630001BBA43614B681BBA83610B681BBAC361B9
:10B64000704700BF70B50D46052498B0064610A897
:10B65000D5F7CCFE2A46684610A9D5F7AFFE694655
:10B6600010A8D5F7C3FE10A90846D5F7BFFE6A4655
:10B6700010A908A8D5F7A2FE08A910A8D5F7B6FE0C
:10B6800010A90846D5F7B2FE10A90846D5F7AEFEB8
:10B6900010A90846D5F7AAFE10A908AA0846D5F7AA
:10B6A0008DFE10A90846D5F7A1FE10A90846D5F7CA
:10B6B0009DFE10A96A4608A8D5F780FE08A910A823
:10B6C000D5F794FE10A90846D5F790FE013C10A9C5
:10B6D000F5D1084608AAD5F771FE052410A9084639
:10B6E000D5F784FE10A90846D5F780FE013CF5D1B8
:10B6F00010A908AA0846D5F761FE10A908A8D5F731
:10B7000075FE08A90846D5F771FE08A96A4668467D
:10B71000D5F754FE1024694610A8D5F767FE10A986
:10B720000846D5F763FE013C10A9F5D12A46084624
:10B73000D5F744FE402410A90846D5F757FE10A9B6
:10B740000846D5F753FE013CF5D110A96A460846D4
:10B75000D5F734FE102410A90846D5F747FE10A9E6
:10B760000846D5F743FE013CF5D110A96A460846C4
:10B77000D5F724FE102410A90846D5F737FE10A9E6
:10B780000846D5F733FE013CF5D110A9084608AAB2
:10B79000D5F714FE2A46304610A9D5F70FFE18B08B
:10B7A00070BD00BF014B1B68184700BF102E002062
:10B7B000014B9B68184700BF102E0020014BDB682F
:10B7C000184700BF102E002010B50C4C236813B191
:10B7D0000B4B1B682BB900F05FFE30B90122084B00
:10B7E0001A6001232360002010BD0138072801D909
:10B7F000044810BD044B53F8200010BD58720020BF
:10B8000054720020FE8FFFFFB0920400BFF34F8FF1
:10B810000549064BCA6802F4E0621343CB60BFF3EC
:10B820004F8F00BFFDE700BF00ED00E00400FA0508
:10B8300030B44FF0FE3200250B4B0C4C0C494968DC
:10B84000C3F80024C3F80424C3F80824C3F80C2464
:10B85000C3F81024C3F81424C3F81824C3F81C2414
:10B86000C4F8005530BC0847005084500040845054
:10B87000F42D0020024BD0E90012C3E900127047FA
:10B88000F42D0020144B2DE9F043002814BF04468A
:10B890001C46124F236883B0BB4219D016460D4692
:10B8A00020464FF4E07104F1040900F0EDF804F5CE
:10B8B0008E78484600F0D0FC404600F0F3FA2B4664
:10B8C0004A4640460649009600F002FB08B9276048
:10B8D000002003B0BDE8F0835C720020A5BCC95A0B
:10B8E000DDC2030070B50D4C1D46002814BF06468E
:10B8F00026460B4B306882B098420DD106F58E700B
:10B90000002633460096144600F032FB002818BF8C
:10B9100034462C6002B070BD0248FBE75C72002028
:10B92000A5BCC95AE88FFFFF10B5044650B1636843
:10B9300013F0685F05D0064A934202D0002362608C
:10B94000236010BD034B04485B689847EFE700BFD6
:10B950002C5F5CA9F42D0020D0920400C8B143688C
:10B960000D4A934213D013F0685F0ED0012350E8C4
:10B97000002F194640E8001C9CF0000FF7D1012A67
:10B98000F5D0BFF35F8F002070470448704704482C
:10B9900070476FF4E04070472C5F5CA9E98FFFFFB0
:10B9A000EA8FFFFF034680B1426809498A420AD004
:10B9B00012F0685F05D0BFF35F8F002210461A6057
:10B9C000704704487047044870476FF4E040704780
:10B9D0002C5F5CA9E98FFFFFEA8FFFFF10B50446DB
:10B9E00020B10023034A2360626010BD0248FFF7C4
:10B9F0001FFFF6E73A00003AF892040070B5194CC0
:10BA0000D0F804C00668C4F804C0D0F808C0C06804
:10BA1000C4F808C0E06026600868134B134D186036
:10BA20004868D5F818215860886812F0685F9860F7
:10BA3000C8680969D860196112D000230C4A05F55D
:10BA40008A70C5F81431C5F8B831C5F81821C5F8A1
:10BA5000BC21B047236805F5DC70BDE8704018478D
:10BA600070BD00BF102E0020FC2D00205C72002055
:10BA70002C5F5CA938B131B100220144034601308A
:10BA800081421A70FAD1704738B131B100220144B5
:10BA90000346013088421A70FAD170472DE9F04F01
:10BAA000B2F5C07FBDB000F2DA800C46DFF8B49189
:10BAB000154600214FF4D07282460DF17C084846AD
:10BAC0000BF0ECFB404601F047F9302321460024FF
:10BAD00009F118062A4689F8173030466BBAA9F8DA
:10BAE0001230A9F810400BF0B2FB802223467255A9
:10BAF0000DF12B0101F8013F0133202BFAD14FF456
:10BB0000807240460BA901F03DF98346002840F0C1
:10BB1000A38005F1190313AD2F4607AE0293CDF8AC
:10BB20000CA0019604951022002101980BF0B6FBA1
:10BB3000DFF834A1DDF808B005970A9B5AF8044CE9
:10BB4000089F099A07995AF8100C5AF80C6C5AF881
:10BB5000085C5C40019B7E40554081EA00071A4624
:10BB600001214046CDE90776CDE9095401F02CF9D1
:10BB7000BBF1100F94BFABEB0B0BABF1100B0AF149
:10BB8000100A002847D1BBF1000FD6D1059F102223
:10BB9000384601990BF05BFB99F8033010370133FD
:10BBA000474589F80330BED1049D4FF48072294681
:10BBB0004046DDF80CA0019E01F0E4F8834678BB16
:10BBC00054460AF130071BAB1A460121404601F0EA
:10BBD000FBF8834620BB102220461BA914440BF01F
:10BBE00036FBA742EFD1404601F0C6F84FF4D071C2
:10BBF0001C48FFF749FF28463021FFF745FF0BA8F7
:10BC00002021FFF741FF30461021FFF73DFF584646
:10BC10003DB0BDE8F08F8346DDF80CA0019E049D89
:10BC2000404601F0A9F84FF4D0710E48FFF72CFF01
:10BC300028463021FFF728FF20210BA8FFF724FF1B
:10BC400010213046FFF720FF30215046FFF71CFF40
:10BC500058463DB0BDE8F08F13AD07AEE0E76FF09A
:10BC6000370BF5E72C7400203C7400202DE9F041DF
:10BC70008CB004460D463022002168466F460BF01A
:10BC80000DFB04F12006E27B0132D2B2E273002AFE
:10BC90004DD1A27B0132D2B2A273002A47D1637B7D
:10BCA0000133DBB26373002B41D1237B0133DBB261
:10BCB0002373002B3BD1E37A0133DBB2E372002B19
:10BCC00035D1A37A0133DBB2A372002B2FD1637A73
:10BCD0000133DBB2637253BB237A0133DBB22372CD
:10BCE0002BBBE3790133DBB2E37103BBA3790133EF
:10BCF000DBB2A371DBB963790133DBB26371B3B932
:10BD000023790133DBB223718BB9E3780133DBB2E2
:10BD1000E37063B9A3780133DBB2A3703BB96378F6
:10BD20000133DBB2637013B92378013323703B46D0
:10BD300022460121304601F047F88046002841D1D3
:10BD400010370CAB9F429ED1029AAB6803995340C7
:10BD500002933046EE68D5F820804E400396049951
:10BD60002E69D5F828C04E4004966E6905990B9F40
:10BD70004E4005960699AE69009B4E400696EE69C8
:10BD800007994FF480724E400796089ED5F824E03C
:10BD900088EA0608099E8EEA060E0A9E8CEA0601CB
:10BDA000EE6A7E402F687B4000936B68019D6B407C
:10BDB0000193CDE9088ECDE90A16694600F0E2FF4D
:10BDC000804638B168463021FFF75EFE40460CB031
:10BDD000BDE8F0811022204608A90BF038FAF1E7FF
:10BDE0002DE9F8431D468369B3F5C07F52D8164646
:10BDF000C3F5C072AA424DD3C5F5C072D31AB3427F
:10BE000048D30446DFF898904FF4C0720F46484676
:10BE100000210BF043FA4946D4F89430A269D4F8D3
:10BE200098009847002838D1D4F818803DB1D4E95B
:10BE300025302A4609EB0801984770BBA84407B192
:10BE4000C6B9174942460846FFF728FE054638B1ED
:10BE50004FF4C0711248FFF717FE2846BDE8F8837B
:10BE600020460F49FFF702FF05460028F0D10123C5
:10BE70002361EDE73946324609EB08000BF0E7F99C
:10BE80000749B04442460846FFF708FE0546002829
:10BE9000DED1E5E76FF03705DFE76FF03305DCE76C
:10BEA000CC75002010B5A422002104460BF0F6F951
:10BEB0004FF0FF314FF6F072044B2161E26104F163
:10BEC0009C001B68BDE81040184700BFF02D002003
:10BED0002DE9F047054688B00F461646002120227E
:10BEE000684698460BF0DAF91F4B05F19C09484665
:10BEF0001B689847044618B1204608B0BDE8F08793
:10BF000005F1200A504600F027FFAA69C5E9257609
:10BF1000F2B920232E69AB61002E22DB6946504620
:10BF20004FF4807200F02EFF044630B9334641468C
:10BF30002846109AFFF754FF04460C4B48461B68EE
:10BF40009847002818BF0446204608B0BDE8F0878F
:10BF50002E69002EE2DA2F2A96BF013226465608B5
:10BF6000DCE71026DAE700BFEC2D0020E82D0020EA
:10BF70002DE9F04FB2F5806F91B01A9F00F2E38087
:10BF8000B7F5807F00F2DC80044615460E4630226D
:10BF9000002104A898460BF081F96C4B04F19C0930
:10BFA00048461B6898478346002840F092802269E3
:10BFB000E3699A4200F391806369002B40F08D8021
:10BFC000002F40F0A980DFF888A16F46002D00F017
:10BFD00098806F4604F120080EE0102DAB4628BF74
:10BFE0004FF0100B304639465A460BF030F9B5EB9E
:10BFF0000B055E4400F08580E37B0133DBB2E37325
:10C00000002B4DD1A37B0133DBB2A373002B47D1AF
:10C01000637B0133DBB26373002B41D1237B01339C
:10C02000DBB22373002B3BD1E37A0133DBB2E37243
:10C03000002B35D1A37A0133DBB2A372002B2FD1B1
:10C04000637A0133DBB2637253BB237A0133DBB211
:10C0500023722BBBE3790133DBB2E37103BBA3791A
:10C060000133DBB2A371DBB963790133DBB26371F6
:10C07000B3B923790133DBB223718BB9E378013390
:10C08000DBB2E37063B9A3780133DBB2A3703BB9D1
:10C0900063780133DBB2637013B923780133237003
:10C0A0003B4622460121404600F08EFE8346002892
:10C0B00093D0DAF80030484698470346302104A868
:10C0C000002B18BF9B46FFF7DFFC10213846FFF717
:10C0D000DBFC584611B0BDE8F08F3A4641460023DC
:10C0E0002046FFF77DFEDFF868A000283FF46DAF23
:10C0F0004846DAF800309847834600283FF465AF99
:10C10000E7E7204604A9FFF7B1FD83460028D0D118
:10C11000236901332361CCE73A46414604A8FFF77F
:10C12000BDFC834618B16F46DFF824A0C1E7204666
:10C1300004A9FFF79BFD834600283FF444AFF2E7D4
:10C140006FF0370BC5E76FF0350BC2E7EC2D002021
:10C15000E82D00202DE9F043202B1D460646884699
:10C1600091468BB026D8DBB202AF8DF80480B04682
:10C1700058F8041B8DF8053021B9404600F066FEE2
:10C18000044640B9012302224046336001A900F071
:10C1900071FE044638B138462021FFF775FC204671
:10C1A0000BB0BDE8F0832A464946404600F062FEE7
:10C1B0000446F0E702AF1946104600233A4600F065
:10C1C000DFFF04460028E6D12023B9461D46CCE710
:10C1D0002DE9F041D0F8F830A6B0002BD8BF02AE60
:10C1E00031DD05460027D0F80C4102AEA4F101086C
:10C1F0009022D5F8FC403146D0F8000101AB019700
:10C20000B8FA88F8A0474FEA5818044620B9019BAD
:10C2100053B9B8F1000F16D030469021FFF734FC27
:10C22000204626B0BDE8F081014632462846FFF799
:10C2300091FF58B9D5F80431019A1344C5F8043177
:10C24000B8F1000FE8D16FF03C04E5E70446204662
:10C2500026B0BDE8F08100BF70B500250446142269
:10C2600004F588762946C0F8F850FC300BF016F833
:10C270000822294630460BF011F8144B30461B6853
:10C280009847204640F8045B00F0C6FD104B30464E
:10C290001B689847C8B9D4F8F830AB420FDC03EB01
:10C2A000830204EB82022021C2F800010120C2E9CE
:10C2B000421008490133C2F8FC10C4F8F830064BAC
:10C2C0003046BDE870401B68184770BDF02D002057
:10C2D000EC2D002055CC0300E82D00202DE9F0477F
:10C2E000202A88B07AD83F4B00F5887904461B682D
:10C2F00048461746884698470546F8B940F2011661
:10C30000D4F8F830002B65D02046FFF761FF0546D2
:10C3100038B9D4F8F830002B14DC013EF2D16FF0BC
:10C320003B056E4620213046FFF7AEFB2E4B4846BC
:10C330001B689847002818BF6FF01D05284608B0F5
:10C34000BDE8F087D4E94132934203D3D4F80C21FD
:10C35000012A02D0013ED7D1E1E71F2BFAD96E4660
:10C3600001462022304604F1040A0AF097FF3146C4
:10C37000504600F0A9FD05460028D3D1504600F0F4
:10C380005FFD504600F048FD2946504600F05EFD36
:10C3900005460028C6D150462022314600F06AFDED
:10C3A00005460028BED1034632462021304600F023
:10C3B000E7FE05460028B5D1D4F8F8303A46002B00
:10C3C000C8BF002340463146C8BFC4F804310AF054
:10C3D0003EFFA7E76FF03F056E46A3E76FF03B0512
:10C3E000ACE700BFEC2D0020E82D0020002130B587
:10C3F0008DB0282202A801910AF050FF02A800F097
:10C40000E7FE044610B120460DB030BD1B4D4FF085
:10C41000FF31286800F034F960BB194BD3F8340EB3
:10C4200010F0010017D100F05BF9F8B9154A02A924
:10C4300001A800F001FC0446012000F051F988B980
:10C44000286800F025F90028DDD00F48FFF7F0F943
:10C4500020460DB030BD2868052400F019F90028E9
:10C46000D1D0F2E70948FFF7E3F9E9E70848FFF719
:10C47000DFF9DBE70748FFF7DBF9CEE7442E0020C2
:10C48000006084504C77002074930400549304009F
:10C49000349304001C93040030B583B000F036F8E8
:10C4A00078B900F055F890B9144BC3F80C0AFFF7AF
:10C4B0009DFF0446F8B9124D2B6863B1204603B0C6
:10C4C00030BD032400F072F8204603B030BD0424D0
:10C4D000204603B030BD02460146FFF7D3F950B9FC
:10C4E0006822084901ABFFF7FDF920B92046064B49
:10C4F0002B6003B030BD0524E0E700BF005084503E
:10C500006C790020707900205AEA5A5A002070474E
:10C51000430504D54FF0FF32034BC3F80821024B0B
:10C52000C3F8080A704700BF00508450014BC3F89D
:10C53000040A70470050845008B100F071B84FF4FD
:10C540007500704708B100F04FB84FF475007047A0
:10C5500010B5114800F080F800B110BD0F4800F090
:10C560007BF80028F9D10E4C204600F075F8002821
:10C57000F3D10C4B0C481C6000F06EF8014600280B
:10C58000EBD100F02DF8044608B1204610BD00F0B4
:10C5900089F82046FAE700BF542E0020502E0020D4
:10C5A0004C2E0020442E0020482E002008B50848BC
:10C5B00000F05CF8074800F059F8074800F056F81A
:10C5C000064800F053F8BDE8084000F00BB800BF83
:10C5D000542E0020502E00204C2E0020482E0020EB
:10C5E00000207047704700BF10B402460B4C01E0BA
:10C5F000134207D1D4F8003A13F48070F8D0012028
:10C6000042F4807229B1054BD3F804410C60C3F8A1
:10C610000841024BC3F8082A10BC704700508450F0
:10C620000246084901E01A4207D1D1F8003A13F452
:10C630008070F8D0012042F48072024BC3F8082ABF
:10C64000704700BF005084500AF00EBE0AF026BEAC
:10C650000A4600210AF022BE08B5034B02681B6897
:10C6600010689847002008BD102E002008B5034B25
:10C6700002685B6810689847002008BD102E0020F3
:10C68000024B02689B681068184700BF102E0020FC
:10C6900008B5034B0268DB6810689847002008BDA6
:10C6A000102E002070B5094C094D2069AB689847E1
:10C6B00018B1084B08485B6898470021074AEB68A7
:10C6C00011602069BDE87040184700BFFC2D0020B4
:10C6D000102E0020F42D00208C930400D879002027
:10C6E000F8B51A4D1A4E0446B26828699047E8B961
:10C6F000184F3B684CB1A3B1012B19D0013B3B60F3
:10C700002869F36898470020F8BD43B90121124A0F
:10C71000C2F800151149D1F81029002AFBD10133C4
:10C720003B60F368286998470020F8BD0C48F8BDC5
:10C730000A4AD2F81039002BFBD1074A6FF07E402D
:10C74000C2F80035FFF7F2FE3B68D7E7FC2D00206A
:10C75000102E0020D87900200040845000508450D2
:10C76000E98FFFFF2DE9F041002873D00C46002926
:10C7700070D01D46002B6DD007461AB10122002350
:10C780002A6003602B68002B5FD02946204600F00A
:10C79000D9FD804600285AD12146286800F0B8FD0E
:10C7A0008046002853D12868082867D0042867D01D
:10C7B000A0F10200B0FA80F040090121314EC6F824
:10C7C000C411C6F84011C6F8C411636AC6F8303106
:10C7D000D6F830219342F6D10023C6F82C314FF021
:10C7E000FF33C6F808316FF01B03C6F80031C6F8F6
:10C7F0000C01D6F8040A40F48060FFF797FE0A2384
:10C80000C6F83831069B012B29D023691E4AA2FBAA
:10C8100003231B09626A404602FB03F303EB430355
:10C82000184ADB039B09C2F8D8310123C2F82C3126
:10C830003B682A6823F07F4343EA02633B602A682F
:10C8400043EA02233B60BDE8F081DFF840804046C8
:10C85000BDE8F081DFF838804046BDE8F0814FF454
:10C860007F03D3F80C2C013206D0D3F80C3C064AD7
:10C87000A2FB03231B09CDE71623CBE703209CE78C
:10C8800002209AE700508450ABAAAAAA310CF1000A
:10C89000350CF10058B34B1EB3F5047F27D230B5E9
:10C8A0004FF0000ECD00744671464B0901F01F0C8D
:10C8B00050F82330BCF11F0F23FA0CF306D003F01D
:10C8C000010319B901211C468E46EEE79C4201F195
:10C8D000010106D01C464FF0010EA942E5D100200F
:10C8E00030BD0EF1010E9645F7D1024830BD01482A
:10C8F000704700BF360CF100C0B32DE9F0434C1E69
:10C90000B4F5047F1DD2E3B1DAB100252E46A84666
:10C910002C46CF0003F1FF394FEA541C04F01F0EE0
:10C9200050F82C10BEF11F0F21FA0EFC0CD00CF0A9
:10C93000010C4CB90126E04634463546ECE79642F8
:10C9400016D90C48BDE8F083AB420BD0C44508BFF4
:10C950000136A945F3D001350134BC42DCD10020B9
:10C96000BDE8F0830125E0462E46F5E70148704713
:10C970001D46F1E7370CF1002DE9F04F8FB08246EC
:10C98000DDE919460D46002E6ED1096904911C603F
:10C99000002318990B60002A00F02881994B6A6ADD
:10C9A000D3F83811D3F830319A4269D10A2967D1C6
:10C9B0009AF80330069304F1080305930423049ABC
:10C9C0000393914B8F4CA3FB023B4FEA9B0B0BEB6A
:10C9D0004B0BA2EB4B0B189B049E1E60002E00F02D
:10C9E000E580002700F0BEFC0797BAF1000F00F0C9
:10C9F000D0804FF00109DDF81480002D00F0C980CF
:10CA0000069B002B3ED0284606A900F09BFC002880
:10CA10003AD07E4B984220D0069B082B00F0E08055
:10CA200000225B000693294606AB50460092FFF7B2
:10CA300099FE774B984200F0CF8070B9DAF8002069
:10CA4000130A03F47F03134323F07F43CAF8003033
:10CA5000039B013B0393BED10020039000F082FCB6
:10CA600003980FB0BDE8F08F4FF47F01D1F80C0CA4
:10CA700001300CBF4FF40471D1F80C1C049186E70F
:10CA80006448EAE76248C4E72946069800F040FC9B
:10CA90000028BED1069B082B00F0A480042B00F0D8
:10CAA000A380A3F10203B3FA83F35B09C4F8C49132
:10CAB000C4F84091C4F8C4916A6AC4F83021D4F82B
:10CAC00030118A42F6D10022C4F82C214FF0FF32F7
:10CAD000C4F808216FF01B02C4F80021C4F80C311F
:10CAE000D4F8040A40F48060FFF720FD0A23C4F85C
:10CAF00038312B69444AA2FB0313696A1B0901FB05
:10CB000003F303EB4303DB039B09C4F8D831C4F8F8
:10CB10002C910698DAF8003023F07F41030243EAB3
:10CB200000630B43CAF8003007A800F0E1FB079B45
:10CB3000354A03F01A0303437FF46EAFA2FB0632BB
:10CB4000D4F81431B7EB920F0893D4F81831099345
:10CB5000D4F81C310A93D4F820310B93D4F8243143
:10CB60000C93D4F828310D9302D1BBF1000F12D1F0
:10CB70004046182208A9183EFFF766FD08F118087C
:10CB800001379EB100F0EEFB00230793002D7FF4E8
:10CB900037AF21483DE740465A4608A9A6EB0B06A9
:10CBA000FFF752FDD8440137002EEBD1049F059EBC
:10CBB0006A6939463046FFF76DFEAA6940B94FF4FD
:10CBC000806339463046FFF797FE00283FF444AFB4
:10CBD0000023189A13601CE72B6A002B3FF43DAF2B
:10CBE0000E483AE7032361E702235FE70122294663
:10CBF0005046009606ABFFF7B5FD00283FF4DBAECC
:10CC00002BE700BF00508450ABAAAAAA020CF10087
:10CC1000310CF100300CF100350CF100320CF10058
:10CC200010B4DDE9013401940024DDF80CC0CDE935
:10CC300002C410BCFFF7A0BE30B51546012487B072
:10CC400005AB00930022CDE9015404ABFFF794FE3D
:10CC500007B030BDF0B587B0002967D01E46002B65
:10CC600064D01446002A61D0324F0D4638684FF028
:10CC7000FF31FFF705FD00283DD12F4BD3F8340ECF
:10CC800010F0010015D04FF0FF354FF408712B481C
:10CC9000FEF7F0FE04212A48FEF7ECFE2948282181
:10CCA000FEF7E8FE3868FFF7F3FC40BB284607B004
:10CCB000F0BDFFF715FD002834D1224800F088FAB6
:10CCC00070B91E4A0346029205AA019204AA039073
:10CCD00000921C4902461A48FFF7A2FF0346A0B182
:10CCE0004FF0FF350120FFF7FBFC0028CDD01648A0
:10CCF000FEF79EFDC9E71548FEF79AFDBDE714480B
:10CD0000FEF796FD284607B0F0BD28461D46059B58
:10CD100022469C4228BF1A46049932600831FFF728
:10CD200093FCDFE70B48FEF783FDC6E74FF0FF35C6
:10CD3000BCE700BF442E002000608450087A002029
:10CD4000DC790020E0790020549304001C93040057
:10CD5000AC9304003493040010B5044630B10022B3
:10CD600001236265A265E365236610BD0148FEF7F5
:10CD70005FFDF4E7C493040018B174220021FFF7AB
:10CD800065BC7047C8B1D9B108B50023C02A836318
:10CD900080F83C300FD0B2F5807F04D0802A03D0D9
:10CDA0006FF01F0008BD02230363D2081030FFF7A5
:10CDB0004BFC002008BD0123F6E76FF0210070470F
:10CDC0006FF01F00704700BF70B5044686B0F8B121
:10CDD0001046EAB1E3B101291AD8A26B16D0012A94
:10CDE00016D1102500210DEB0506019602AA6163FC
:10CDF0002946009500F0C8FA50B92B463246204625
:10CE000002A900F073FD18B906B070BD002AE8D081
:10CE10006FF02100F8E700BF10B5044628B12046A6
:10CE2000BDE81040F421FFF713BC0448FEF700FDF5
:10CE30002046BDE81040F421FFF70ABCD893040057
:10CE400010B1F421FEF716BE704700BF08B521B13E
:10CE5000012908D06FF0360008BD012100F058F814
:10CE60000028F7D108BD022100F052F80028F9D0BF
:10CE7000F0E700BF30B505468818B0F5801F0B46B7
:10CE80001446A1B001D8802A0CD9B3F5801F17D958
:10CE900022461946284600F07DF8044684B920460B
:10CEA00021B030BD6846FFF7CFFB224669462846D1
:10CEB00000F070F8802104466846FFF7C9FBEDE7F3
:10CEC0006FF03604EBE700BF70B5E8B10E46D9B19C
:10CED000044600F031F80546B0B92368012B0BD0A9
:10CEE000022B01D0284670BD1C22304604F10801F7
:10CEF000FFF7AAFB284670BD2022304604F1080146
:10CF0000FFF7A2FB284670BD6FF03605EAE700BFC9
:10CF100078B138B50D46F0210446FFF799FB402360
:10CF200020462560E36500F061FA003818BF012053
:10CF300038BD0120704700BFF0B5056EA5B00446AE
:10CF400004AEE5B900230127019330466760294606
:10CF500002AA009300F018FA10B1012025B0F0BD2C
:10CF60002A46204602A900F069FA0028F5D1204699
:10CF700000F06CFB0028F0D1206625B0F0BD802DBC
:10CF80002A46304628BF802204F16401FFF75CFB8B
:10CF9000256ED7E7002800F0AE802DE9F04F14464B
:10CFA000A5B0002A3DD00F46002949D0B2F5803FF8
:10CFB0000546006E20D34FF6FF7805F1640AEB6D4D
:10CFC0001A1AB2FBF3F103FB1122002A65D1834246
:10CFD000B9464FF6FF7672D0B6FBF3FB03FB0BFBB3
:10CFE000BBF1000F30D1002E45D1A4F57F44FF3CAA
:10CFF000B4F5803F4744E2D2EA6D161AB6FBF2F36D
:10D0000002FB1366A64228BF2646002E75D1824237
:10D0100000F08D80B4FBF2F602FB06F62EB9002C70
:10D0200079D1002025B0BDE8F08F00233146384685
:10D03000CDE9003302AA00F0A7F9002800F095809E
:10D04000012025B0BDE8F08F002359464846CDE9C0
:10D05000003302AA00F098F90028F1D15A46284678
:10D0600002A900F0EBF90028EAD1A6EB0B06286E26
:10D07000D944002EB9D019304946324605EB80001C
:10D08000FFF7E2FAA4F57F44286EFF3C3044B4F584
:10D09000803F4744286692D2AEE7424528BF4246C9
:10D0A000164639465044FFF7CFFA286EEB6D3044F0
:10D0B000834207EB06092866A8EB06068CD1802B75
:10D0C00028BF802351461A4604A8FFF7BDFA002363
:10D0D000E96D02AACDE9003304A800F055F9002853
:10D0E000AED12846EA6D02A900F0A8F90028A7D120
:10D0F000EB6D286670E70120704705F1640339463F
:10D1000032461844FFF7A0FA286EEA6D3044A41B9B
:10D11000374428667BE72B6E2246193305EB8300E4
:10D120003946FFF791FA2B6E23442B6679E7802A64
:10D1300028BF802205F1640104A8FFF785FA0023C7
:10D14000E96D04A8CDE9003302AA00F01DF900281A
:10D150007FF476AF2846EA6D02A900F06FF9002847
:10D160007FF46EAFEA6D286654E73246284602A97E
:10D1700000F064F900287FF463AF3744A41B4EE746
:10D18000F8B51C460546114816460F46FFF744FE03
:10D1900021460E48FFF75AFE044620B10B48FFF720
:10D1A0004FFE2046F8BD3A4629460848FFF762FE82
:10D1B00004460028F2D131460448FFF785FE0446B4
:10D1C0000248FFF73DFE2046F8BD00BF287C002046
:10D1D0001C2370B582B001A90546019300F032F816
:10D1E000044638B9019B1C2B07D0144C1C2128463F
:10D1F000FFF72EFA204602B070BDD5E90112131ECA
:10D2000018BF0123003918BF0121012628689B009F
:10D21000EA6843EA4103002818BF43F00103EE61C6
:10D220002AB9C5E90834002BE4D1054CDEE72046D5
:10D2300043F00803C5E9083402B070BD370CF000B4
:10D240000E0CF000034618B111B10A681C2A01D077
:10D25000012070474FF47F02D2F8101C01310CBF3F
:10D2600040F2DC51D2F8101C4FF47F020160D2F87A
:10D27000141C01310CBF40F2DC51D2F8141C4FF4E5
:10D280007F024160D2F8181C01310CBF40F6340116
:10D29000D2F8181C4FF47F028160D2F81C1C0131B7
:10D2A0000CBF40F63401D2F81C1C4FF47F02C16061
:10D2B000D2F8001C01310CBF9021D2F8001C4FF4B1
:10D2C0007F020161D2F8041C01310CBF5121D2F858
:10D2D000041C4FF47F024161D2F8081C0020013188
:10D2E0000CBF40F23732D2F8082C9A61704700BF69
:10D2F000014608B54FF48060FFF724F90022034B84
:10D30000C3F8C821C3F82C2108BD00BF00508450C9
:10D310000138072805D8DFE800F0100E040A0404DD
:10D32000040607487047CB6800204B6270478B6843
:10D3300000204B6270474B68F6E70B68F4E700BFCC
:10D34000310CF1000B6802E0082B0B6006D8026A72
:10D3500013424FEA4303F7D000207047004870475C
:10D36000310CF100002310B5064C4FF48060C4F876
:10D370002C31C4F8C431FFF7CBF84FF0FF33C4F8B9
:10D38000083110BD005084502DE9F041002482B0D6
:10D3900015461E4601220DF107030746DDF82480DD
:10D3A0008DF8074000F05AFFD0B99DF807300446C9
:10D3B0002F602B71B8F1000F0ED04EB102460899C4
:10D3C00030460DF1070300F049FF48B99DF80730DA
:10D3D000C8F8006088F80430204602B0BDE8F0814B
:10D3E0004FF47504204602B0BDE8F081D8B108B50D
:10D3F0000368012B04D0022B0FD043B10B4808BDAA
:10D4000020220B490830FFF71FF9002008BD142225
:10D4100008490830FFF718F9F7E7202206490830D5
:10D42000FFF712F9F1E74FF4730070470100F300C2
:10D43000E893040028940400089404002DE9F047C0
:10D44000002900F0EB800446002800F0EB80036820
:10D4500088469146002B00F0B580013B012B00F27D
:10D46000C9804FF0FF3171484FF0020AFFF708F909
:10D47000002840F0B1800020FFF732F9074600286D
:10D4800040F0B4806A4DD5F81069002EFBD14FF002
:10D49000FF30FFF73DF8D5F8040A20F40060FFF7ED
:10D4A00045F801230722C5F81838C5F82038C5F813
:10D4B0000029C5F8C437C5F8A466A36CC5F8CC37F5
:10D4C000E36CC5F8D037C5F8C0A723685BB1013B52
:10D4D000012B18D8636AC5F85C36236AC5F858363C
:10D4E000E369C5F85436A269514BC3F85026626906
:10D4F000C3F84C262269C3F84826E268C3F84426DC
:10D50000A268C3F84026B9F1000F56D063684FF403
:10D510000060012B04BF464AC2F8843698F80430F4
:10D52000D8F80010424A5B0003F00203C2F80C3B3B
:10D53000C2F8281CC2F82C9CFEF7FEFF07462368A1
:10D5400063B1013B012B19D8394BD3F85C266262D9
:10D55000D3F858262262D3F85436E361344BD3F81B
:10D560005026A261D3F84C266261D3F84826226186
:10D57000D3F84426E260D3F84036A36000220121AC
:10D580002B4BD3F8CC07A064D3F8D007E064C3F8E2
:10D59000C417C3F88426C3F8C827C3F81828C3F8EB
:10D5A0002028AFBB0120FFF79BF868BB1F48FFF79F
:10D5B0006FF818BB3846BDE8F08704221C4BC3F84F
:10D5C000C827BCE74FF0FF3118484FF0010AFFF7BA
:10D5D00057F800283FF44FAF1648FEF729F900200E
:10D5E000FFF77EF8074600283FF44CAF1248FEF7DD
:10D5F0001FF947E7114F3846BDE8F0871048FEF79E
:10D6000017F93846BDE8F0870E48FEF711F9CDE767
:10D61000102104F10800FFF71BF8C3E70A4F384652
:10D62000BDE8F0874FF47307C4E700BF542E002015
:10D63000005084501C930400349304000100F30054
:10D6400074930400549304000300F300A0B3034652
:10D6500070B4D0E90240D3E9041226BA05BA0CBA74
:10D6600010BAC3E90440D3E90612986A09BAC3E9BB
:10D67000026512BA996100BAD3E9084125BA0CBA19
:10D68000C3E90725D3E90B12C3E9094009BAD86BEE
:10D6900012BAD962D3E90D4125BAC3E90C250CBAF7
:10D6A00000BAD3E9101209BA12BAC3E90E401964DC
:10D6B00000205A6470BC70474FF47300704700BF7D
:10D6C00070B500284DD0436B0446032B3CDD063B70
:10D6D000012B3BD8A36B012B3BD8E36D012B3DD82D
:10D6E000236E012B41D8224ED6F81059002DFBD1C4
:10D6F0004FF0FF30FEF70CFFD6F8040A20F400606C
:10D70000FEF714FF0123C6F80039C6F8BC54636B5A
:10D7100023F00402032A18BFA16B226B0CBF294619
:10D7200001F00101022A17D89B0003F01C0343EA11
:10D7300002330F4A0B43C2F8C034636B072B06D188
:10D740000123C2F87C3402E0002BC3DA094D2846DD
:10D7500070BD094D284670BD084DF8E7084D2846B4
:10D7600070BD4FF47105284670BD064DEFE700BF50
:10D77000005084500100F1000200F1000600F100A9
:10D780000300F1000400F10000287DD038B590F8C6
:10D790003C300446002B55D0022B23D03C483D4D55
:10D7A0002A683D4B1268C3F800242A685268C3F8FF
:10D7B00004242A689268C3F808242A68D268C3F847
:10D7C0000C242A681269C3F810242A685269C3F825
:10D7D00014242A689269C3F818242A68D269C3F805
:10D7E0001C2438BD016B006C00F032FB294D002871
:10D7F000D6D12A68284B1268C3F800242A685268D8
:10D80000C3F804242A689268C3F808242A68D268F6
:10D81000C3F80C242A681269C3F810242A685269D4
:10D82000C3F814242A689269C3F818242A68D269B4
:10D83000C3F81C24216B206C00F020FB0028AFD122
:10D84000002038BD0269144BC3F800244269C3F8B4
:10D8500004248269C3F80824C269C3F80C24026B4B
:10D86000013A012AECD8026AC3F81024426AC3F8CC
:10D870001424026B022AE3D1826AC3F81824C26A14
:10D880000020C3F81C24DCE74FF47100704700BF90
:10D890000900F100402E002000508450114A124B24
:10D8A00011680968C3F8001411684968C3F80414C2
:10D8B00011688968C3F808141168C968C3F80C14A2
:10D8C00011680969C3F8101411684969C3F8141480
:10D8D00011688969C3F818141268D269C3F81C2446
:10D8E000704700BF402E0020005084502DE9F04FBB
:10D8F00085B0002958D01746002A55D00446002884
:10D9000000F0DC809846C36D0E46002B42D1B8F57E
:10D91000805F44D294F83C30042B00F0C7804FF075
:10D92000000A4FF0FF31B548FEF7AAFE002840F08C
:10D93000B9800020FEF7D4FE002840F0AF804FF001
:10D940000109DFF8BCB22046CBF81098CBF820983C
:10D95000FFF7B6FE054620B92046FFF715FF05463E
:10D9600038B3BAF1000F40F085800022A44B0120AB
:10D97000C3F81028C3F82028FEF7B2FE002840F0B4
:10D9800089809E48FEF784FE00287CD1284605B099
:10D99000BDE8F08F012BBDD1B8F5803FBAD3994DCA
:10D9A000284605B0BDE8F08F974D284605B0BDE884
:10D9B000F08F636B072B00F2CA8009FA03F919F0A4
:10D9C0008A0F40F0D38019F0440F40F0C28019F064
:10D9D000010F00F0BC8033793A795B0002F001025C
:10D9E00003F002031343864A31683868C2F80C3BDF
:10D9F000636B23F00403032B0AD0236E012B0BBFB0
:10DA0000C2F8280DC2F8300DC2F82C8DC2F8348D42
:10DA1000E36D4FF40060012B794B0BBFC3F8281C5A
:10DA2000C3F8301CC3F82C8CC3F8348CFEF784FD8B
:10DA30000546002895D1626B072A15D8012393402B
:10DA400013F08A0F40F09F8013F0440F0CD06C4B02
:10DA5000D3F860242260D3F864246260D3F8682489
:10DA6000A260D3F86C34E3600123A365BAF1000F20
:10DA70003FF47BAF0423202104F1100084F83C30F4
:10DA8000FEF7E6FD71E76148FDF7D2FE284605B0D6
:10DA9000BDE8F08F5E48FDF7CBFE72E75D48FDF70D
:10DAA000C7FE4CE75C48FDF7C3FE42E7216B206CE4
:10DAB00000F0B8F928B14FF0010A32E74FF47105D0
:10DAC00064E7DFF858914E4DD9F800301B68C5F86F
:10DAD0000034D9F800305B68C5F80434D9F8003058
:10DAE0009B68C5F80834D9F80030DB68C5F80C34F9
:10DAF000D9F800301B69C5F81034D9F800305B69DB
:10DB0000C5F81434D9F800309B69C5F81834D9F831
:10DB10000030DB69C5F81C34216B0229CBD8236D9A
:10DB20004FEAC10A0193E36C0AF1100A04F1100BE9
:10DB30000093CDF80CA0CDF808B0206CD4E91123E7
:10DB400000F09CFA68BB002384F83C30B3E7344D06
:10DB500007E72368CBF860346368CBF86434A368C4
:10DB6000CBF86834E368CBF86C3434E72368CBF83F
:10DB700040346368CBF84434A368CBF84834E36896
:10DB8000CBF84C3427E71E4BD3F840242260D3F85F
:10DB900044246260D3F84824A260D3F84C34E36094
:10DBA00062E7D9F8003051461B685846C5F8003482
:10DBB000D9F800305B68C5F80434D9F800309B68A8
:10DBC000C5F80834D9F80030DB68C5F80C34D9F84A
:10DBD00000301B69C5F81034D9F800305B69C5F80E
:10DBE0001434D9F800309B69C5F81834D9F80030DE
:10DBF000DB69C5F81C34FEF72BFDA4E7542E00208A
:10DC0000005084500500F1000B00F10074930400F3
:10DC100054930400349304001C930400402E00200D
:10DC20000100F1002DE9F04701B3FAB104460028E4
:10DC300054D01D46436B0E46072B1BD05DB9032BFA
:10DC400010D1836D73B945668566C5660567102575
:10DC500000F164030B602B4631462046BDE8F047D7
:10DC6000FFF744BE2F463846BDE8F087644F38467C
:10DC7000BDE8F087C36DA3BBB5F5805F36D20DB9A3
:10DC8000A36D9BBB4FF0FF315E48FEF7F9FC002807
:10DC90004CD10020FEF724FD002843D14FF00108AD
:10DCA000DFF864912046C9F81088C9F82088FFF78A
:10DCB00007FD0746E0B10022534B0120C3F81028AE
:10DCC000C3F82028FEF70CFD40BB4E48FEF7E0FCF1
:10DCD0000028C8D04D48FDF7ABFDC4E74FF47107ED
:10DCE000C1E7012BCBD1B5F5803FC8D3484FBAE788
:10DCF0002046FFF749FD07460028DCD1636B072B60
:10DD00000AD808FA03F818F08A0F13D118F0440F54
:10DD10005AD118F0010F19D13E4FCCE73E48FDF71C
:10DD200087FDD2E73D48FDF783FDB7E73C48FDF7A7
:10DD30007FFDAEE72368C9F840346368C9F844340E
:10DD4000A368C9F84834E368C9F84C3401212E4A65
:10DD5000C2F87C14C2F8BC54337930688B4003F0AD
:10DD60000203C2F80C3BE5B9A36D0BB9C2F8241548
:10DD7000626B072A9FD80123934013F08A0F30D19A
:10DD800013F0440F97D0204BD3F860242260D3F8CF
:10DD900064246260D3F86824A260D3F86C34E36032
:10DDA00089E7E36D012B0BBFC2F8280CC2F8300CD9
:10DDB000C2F82C5CC2F8345C4FF40060FEF7BCFB88
:10DDC0000028D5D0074676E72368C9F86034636831
:10DDD000C9F86434A368C9F86834E368C9F86C34D6
:10DDE000B4E7094BD3F840242260D3F8442462609E
:10DDF000D3F84824A260D3F84C34E3605BE700BF5B
:10DE00000B00F100542E0020005084507493040045
:10DE10000500F1000100F100549304003493040064
:10DE20001C9304007F2809D851B10139022909D86F
:10DE300005497F280CBF08460020704702487047FC
:10DE400008467047014870470100F7000300F700DB
:10DE50007F2809D851B10139022909D805497F28FD
:10DE60000CBF0846002070470248704708467047BC
:10DE7000014870470100F7000300F7000129F0B4E2
:10DE800007D0022900F0898000295AD07248F0BCDE
:10DE900070470022714C724B4FEAC00CC4F8001559
:10DEA000451C0CF57F04C3F8082104F50444C3F8AD
:10DEB0000021C3F80421C3F800556A4E2468B44217
:10DEC00040F0B380196002E0002940F0B580D3F83B
:10DED0000021D3F80841D3F804112243F4D0002CD8
:10DEE00040F0B180002940F0A78001245B4AC3F8CC
:10DEF00000150230C2F800455B4AC3F80811C3F8A8
:10DF00000011C3F80411C3F8000552F80C00574A79
:10DF1000904240F08E80524A1C6002E0002840F09F
:10DF20008B80D2F80031D2F80811D2F804010B43EB
:10DF3000F4D0002940F08C8000287DD1C2F8000583
:10DF400028E00124464BC200444E204402F57F02E3
:10DF5000C6F8004502F50442C3F80811C3F80011E1
:10DF6000C3F80411C3F800053E4D1268AA4260D1FF
:10DF70001C6001E000285FD1D3F80021D3F808111C
:10DF8000D3F804010A43F5D000295CD1002853D10D
:10DF9000C3F800050020F0BC704701250022304B7B
:10DFA0002E4F4FEAC00C44190CF57F01C7F80055FD
:10DFB00001F50441C3F80821C3F80021C3F8042186
:10DFC000C3F80045274E0968B1422ED11D6000E01C
:10DFD00091BBD3F80021D3F80841D3F804112243B0
:10DFE000F6D084BB41BB01241C4AC3F800150230A3
:10DFF000C2F800451C4AC3F80811C3F80011C3F861
:10E000000411C3F8000552F80C00184A904210D1D0
:10E01000134A1C6000E078B9D2F80031D2F8081138
:10E02000D2F804010B43F6D083E7C3F8002510486B
:10E030002DE7C3F80015FAE70022094B0D48C3F895
:10E040000025F0BC70470022C3F800250A481EE7EF
:10E050000023C2F80035F9E70C00F10000408450BD
:10E0600000900350005484500884FF0010548450E2
:10E070000600F7000200F7000100F7002DE9F04765
:10E080000024CCB0824689461646214674220EA84A
:10E090001F46579DDDF8588109F000F9802221467E
:10E0A0002CA82B9409F0FAF88423B5F57F6FCDE9FD
:10E0B0000A440D940C94059364D8FFF7EFFB05AB6D
:10E0C00030462BAE01933946DDE954230295009684
:10E0D00000F064F8002850D1022307228DF8133095
:10E0E0009DF813301B928DF8743000220123012417
:10E0F00010211C900EA8CDE92423CDF86890CDF80E
:10E1000078A02694FEF7A4FA10220DF120090092BF
:10E11000304605990AABCDF8049006AAFFF734F90A
:10E12000074688B11EE0102D2E4628BF10260EA9E6
:10E130003246FEF789FA10210EA8FEF789FA01345B
:10E14000AD1B3744E4B222D0059B4A4606A90EA86F
:10E150008DF8AC40FFF766FD034608EB0700002B87
:10E16000E1D01F460EA874220021FEF76FFAFFF7D8
:10E1700095FB38464CB0BDE8F087064F38464CB0AA
:10E18000BDE8F087044F38464CB0BDE8F0872F4615
:10E19000E8E700BF0E00F1000F00F1002DE9F041AB
:10E1A000002482B00A9D0194B5F57F6F40D8ED0040
:10E1B000B5F5807F1E4634BF0323042301F1FF3CE5
:10E1C000BCF13F0F0C46009332D888B3174666BBAC
:10E1D000089A6AB3099A116851B3A2191344994273
:10E1E00026D3089B01462246581CFEF72DFA089BB1
:10E1F00004F102081C440023637026BB089BFF2D1A
:10E20000009503EB080017D92B029BB243EA1523B4
:10E21000022201A90193FEF717FA08F10203002078
:10E22000099A136002B0BDE8F0810AB1402ECFD93F
:10E23000094802B0BDE8F08101226946FEF704FA00
:10E2400008F10103EBE7089B324603EB080039466F
:10E25000FEF7FAF9B044D1E70600008000201870FC
:10E26000704700BF08B5054B044613B10021AFF35A
:10E27000008000F0F3FC2046DEF734F900000000D7
:10E280000FB407B504AA064B52F8041B1868019294
:10E2900000F0DAF803B05DF804EB04B0704700BF9B
:10E2A0007C860400F8B50E4B06461D68AB789B07CC
:10E2B00012D56F6816F8014B29462CB90A20B847C9
:10E2C000002805DB204609E02046B8470028F1DA9F
:10E2D000AB7843F00403AB704FF0FF30F8BD00BFE4
:10E2E0007C8604000CB430B589B005460C461C226F
:10E2F000002101A808F0D2FF022305958DF8063011
:10E300000D4B029323462CB1B4F1004F28BF4FF0C0
:10E310000043013B1D440DAA0C9901A806950092EB
:10E3200000F092F814B1059B00221A7009B0BDE804
:10E33000304002B0704700BFAB7404000EB470B53B
:10E3400089B005461C2200210DAC01A854F8046BCD
:10E3500008F0A4FF012301A8224631468DF80630BB
:10E36000054B05950393009400F0C8FA09B0BDE889
:10E37000704003B0704700BF97740400242AF0B5C2
:10E38000044601D8012A40D12E4B162209F0AEF8DE
:10E390001A5001B10C600020F0BD2F463D4615F823
:10E3A000010B2028F9D0A0F109060346042EF4D968
:10E3B0002B282CD02D282CD10126BD1C7B78302B6E
:10E3C0002DD1287840F02000782824D132F0100098
:10E3D00021D16B782C46102202350020392B82BFC8
:10E3E00003F1FF3343F02003263B303B9A421AD916
:10E3F000A0FB02040CB9C01801D346F002062F4658
:10E400002C4617F8013B3D46E8E70746C6E70026DD
:10E41000D3E70026D3E7002A08BF0822DDE7002A59
:10E4200008BF0A22D9E701B10C60F20748BF404299
:10E43000B307B1D5034B222209F058F81A504FF018
:10E44000FF30A9E70C0000002DE9F04F43688DB0C4
:10E4500015468046029383789A0740F10D81002487
:10E460000E78002E00F00A81252E0BD04B1C039352
:10E47000013441463046029B98470028C0F2F6809E
:10E480000399EDE74E788B1C252E0393F0D00027DF
:10E49000B946BB46BBF11F0F38D8A6F12003102B9D
:10E4A0000AD8DFE803F02A09093009090921090916
:10E4B0000928092D09091F00A6F13003092B33D9BA
:10E4C0002A2E37D11BF0400F55F8043B40F08280D4
:10E4D000002BA7BF4BF0200B9946C3F100094BF06E
:10E4E000280B01E04BF0010B039B13F8016B039326
:10E4F000002ECFD130E04BF0020B4BF0040BF3E7D2
:10E500004BF0080BF0E74BF0100BEDE7BBF17F0F82
:10E5100019D8A6F13003092BD2D81BF0400F03D035
:10E520000A2101FB0737DFE70A214BF0200B01FB33
:10E530000939D9E72E2E06D11BF0400F40F09E80FE
:10E540004BF0400BD0E76C2E31D02BD8682E36D054
:10E550006A2E3CD04C2E3AD0002F46F02003B8BF94
:10E560002BF04002A3F16501BCBF00271FFA82FB1C
:10E57000022901D9612B2FD107350727DFF8ACA27B
:10E5800025F0070508351BF0080F66D00AEB070BCE
:10E5900056465E4563D1A4EB0A0AA9EB070906EBD0
:10E5A0000A026FE1742E9FD07A2E9DD0D4E71BF023
:10E5B000800F18BF4BF4007B4BF0800B94E71BF4EB
:10E5C000807F18BF4BF4007B4BF4807B8CE74BF4CF
:10E5D000207B89E71F4687E7A6F16301122900F235
:10E5E000F080DFE811F013004F00EE00EE00EE00C7
:10E5F000EE004F00EE00EE00EE00EE00EE00FE003A
:10E60000E900EE00EE001B00EE00AF0055F8043B01
:10E6100001270DF1180A8DF81830B4E755F804AB4E
:10E62000834BBAF1000F08BF9A461BF0400F5046CB
:10E6300014BF39464FF0FF3107F008F90746A2E74B
:10E6400041462020029B984700280FDB013EB7423D
:10E65000F6D34C44B146A41B98E74E46F7E7414633
:10E6600016F8010B029B9847002892DA98F80230BE
:10E6700043F0040388F802304FF0FF3420460DB019
:10E68000BDE8F08F1BF0800F34D01BF4007F2CD03E
:10E69000073525F00705AA4669685AF8080B2BF0DC
:10E6A00010050029ADB237DA404245F4806561EBD0
:10E6B00041010DF1180B0A235A4608F029FEA0EB80
:10E6C0000B0301936B0662D5019B25F001019F426C
:10E6D00089B240F3A180002E00F0998015F010025D
:10E6E00040F09C80BB460D4623E0AA465AF8040B36
:10E6F000C117D4E7AA461BF4807F5AF8041B01D146
:10E700000846F5E71BF4007F19BF48B241F3C0117A
:10E7100008B241F3C031C2E750EA0103C9D11BF08E
:10E72000400FC6D0002FC4D12BF01102BB46019779
:10E7300095B240F2064115EA01021CBF0BF1010B34
:10E7400000222CE02BF010020A231FFA82FB1BF0A0
:10E75000800C49D01BF4007115BF0735AA4625F07F
:10E7600007055AF8040B1EBFAA4669685AF8080B39
:10E7700050EA010545D12BF016051BF0400FADB254
:10E7800042D0002F40D12BF01702019795B215F01F
:10E79000100248D0019B002E42D103F1010B290742
:10E7A0005AD4EB0706D5D9456FDDA9EB0B030199C8
:10E7B000CB465F185B4649E04BF0100B10237826E0
:10E7C000C5E7782B04D1C6F1780343F01003BEE708
:10E7D00041462520029B98470028FFF647AF0234A8
:10E7E00047E608230026B2E7AA461BF480715AF8D0
:10E7F000040BBDD01BF400711ABFC0B2614680B2D9
:10E80000B6E72BF0060295B20DF1180B54E725F090
:10E810001105BB46ADB28CE70D46B8E73B460D4649
:10E8200003F1020BBBE7DDF804B082E7A845050061
:10E83000A1450500CDE9043241462020029B9847BE
:10E840000028FFF613AF049B059A01339945F1DCCC
:10E85000A4EB0B019B46CC180AB341463020029B27
:10E8600098470028FFF602AF8EB901342744391BC0
:10E87000019B994224DC1D4655BB019AA9EB0B096B
:10E88000554622441446914433E0019F92E70234F6
:10E8900041463046029B98470028E7DAE6E640F218
:10E8A00006410D42E2D015F0020F04F10104414689
:10E8B00014BF2B20202015F4806F18BF2D20E9E70E
:10E8C00041463020029B013498470028CFDACDE63C
:10E8D00006AB013D4146585D029B98470028CBDAC4
:10E8E000C4E641462020029B013498470028FFF6E9
:10E8F000BDAEA9EB0403002BF3DCC1E52DE9F04F1D
:10E900008046002089B08246029207900D4615F895
:10E91000014BACB1202C17D0A4F10903042B13D95F
:10E92000252C17D007A9404608F048FD031EC0F269
:10E93000CD80DBB2A3420BD007AA414608F048FDC8
:10E94000504609B0BDE8F08F07A9404608F048FDE1
:10E950002946DBE74C788D1C252CE3D02A2C20D1CE
:10E96000CD1C8C780126002706E00A2246F002061C
:10E9700015F8014B02FB0737A4F13003DBB2092B7A
:10E98000F3D916F0020F08BF4FF0FF376C2C33D0CD
:10E9900009D8682C24D06A2C3CD04C2C35D034B902
:10E9A000CEE70026DFE7742C31D07A2C2FD0214619
:10E9B0009E4808F040FD0028C2D016F001030393E2
:10E9C00011BF4FF00009029B53F8049B02936E2C79
:10E9D00023D1079A00234846009608F016FDB7E7B2
:10E9E0002C78682C03D046F020060135D7E746F096
:10E9F00030066C780235D2E72C786C2C02D046F0C9
:10EA00000406F2E746F00C06F3E746F00C0615F8AC
:10EA1000014BC4E746F00806F9E7632C18D116F05D
:10EA2000020F08BF012707A9404608F0C7FC0028CD
:10EA30004CDBB9F1000F01D009F8010B013FF2D115
:10EA4000039B002B84D10AF1010A5FFA8AFA7FE75F
:10EA50005B2C54D12B7800245E2B06BF01354FF080
:10EA6000010B4FF0000B07A9404608F0A7FC00225D
:10EA70002E4605F1010E9446114616F8013BFBB1F6
:10EA8000764508D05D2B12D02D2B04D132B90B4620
:10EA900001221946F1E7002A08BF194688424FF0C3
:10EAA0000002F6DB9842D8BF4FF0010CF1E70028D6
:10EAB00005DBE34511D107AA414608F089FCACB952
:10EAC00098F8023013F00C0F3FF43AAFBAF1000F90
:10EAD00014BF50464FF0FF3033E7B9F1000F01D0BB
:10EAE00009F8010B013F4FF00104BCD1B9F1000F4F
:10EAF00001D13546A4E7002389F80030F9E707A9DA
:10EB0000404608F06DFC0028E0DB6F2C58D031D86F
:10EB1000642C57D0693C18BF0124240107A9404642
:10EB200008F04CFC2B2803D02D2809D146F04006D4
:10EB3000013FC5D007A9404608F040FC0028BFDBD4
:10EB400030286ED17B1E049306D007A9404608F0FA
:10EB500035FC0028049B37DA0027BB46730602D534
:10EB60007F426BEB4B0B3A465B464846009608F0FB
:10EB70004CFC65E7732C0BD0752C0CBF0A241024B9
:10EB8000CCE7B9F1000F01D009F8010B013F0FD01C
:10EB900007A9404608F012FC002809DB202803D012
:10EBA000A0F10903042BECD807AA414608F010FC99
:10EBB000B9F1000F3FF444AF002389F800303FE77C
:10EBC0000824ABE70A24A9E740F0200246F08006BB
:10EBD000782A0ED134F010020ED1BB1E0493BBD0A4
:10EBE00007A9404608F0EAFB0028049BB4DB102488
:10EBF00002E0002C08BF08240027BB463928024643
:10EC000082BF00F1FF3242F02002263A303A9442AD
:10EC10000ED807AA414608F0DBFB32067FF550AF5D
:10EC20009CE73B46002CE7D10A24E5E7B045050008
:10EC3000A4FB077146F08006D71904FB0B1141F1C4
:10EC4000000B013BCDE9043388D007A9404608F00A
:10EC5000B5FB0028049BD1DA80E700BF38B5074D2B
:10EC6000074C641BA41024B9064B0BB1AFF3008012
:10EC700038BD013C55F824309847F4E70000000007
:10EC80000000000000000000704701F032BB01F0FE
:10EC900039BB0023D9F7DEBB10B483682822DC68B7
:10ECA0004CF25033A44610BC604710B483685C68D3
:10ECB0004FF0FF33A44610BC604700210F2008B579
:10ECC00005F095FB00214FF40040F9F761F9F9E7F1
:10ECD00083681B69184783681B69184710B48468E8
:10ECE000246814B1A44610BC604710BC7047836808
:10ECF0001B691847836800EBC101B3F5004F2CBFB7
:10ED000051F8220031F81200704700EBC101806811
:10ED1000B0F5004F2CBF41F8223021F81230704777
:10ED2000012208B5FFF7E6FFD04008BD836800EB7D
:10ED3000C101B3F5004F08D34B681AB143F001038A
:10ED40004B60704723F00103FAE74B881AB143F098
:10ED500001034B80704723F00103FAE753000122BF
:10ED6000FFF7D3BF8368B3F5004F34BF04230823F4
:10ED7000C91A081AC0087047B0F5004F34BF042301
:10ED800008230731C818C00870470A4608B5012192
:10ED9000FFF7F2FF0132121AB2FA82F0C0F11F003F
:10EDA00008BD2DE9F041174603220E460446FFF741
:10EDB000A1FF8642054607F104080AD10122E36853
:10EDC000BA4023EA0203E360002344F82830BDE898
:10EDD000F081314602222046FFF78CFF06462B4683
:10EDE00001460322204644F82850FFF78EFF3346A1
:10EDF00029462046BDE8F0410222FFF786BF70B5E4
:10EE00000D4686680446FFF78BFFB6F5004F0146B6
:10EE100001D3012809D03046FFF7B7FF2946024643
:10EE20002046BDE87040FFF7BCBF70BD2DE9F0473C
:10EE3000054680688846FFF7A8FF05EB800ADAF8E8
:10EE400010900646B9F1000F1BD00327DAF81040E6
:10EE500028462146FFF764FF404507D33246214646
:10EE60002846FFF79EFF2046BDE8F0870322214693
:10EE70002846FFF73FFF013FCAF8100001D0814547
:10EE8000E4D14FF0FF34EB680136B4401C40EAD0C7
:10EE900094FAA4F2B2FA82F2131D55F82340DEE789
:10EEA0002DE9F04114460E460546FFF739FFA4EB65
:10EEB0000608371B0744424631462846FFF74EFFF7
:10EEC0003A4621462846FFF749FF4346002221469D
:10EED0002846FFF71AFF21462846FFF721FF3B4649
:10EEE000211800222846BDE8F041FFF70EBF2DE9AA
:10EEF000F041164604460F46FFF712FF314605461D
:10EF00002046FFF70DFF05442A4639462046FFF705
:10EF100025FF31462046FFF703FF2B46311800221C
:10EF20002046BDE8F041FFF7F0BE2DE9F0410D4667
:10EF300086680446FFF7F4FEB6F5004F014601D39C
:10EF4000012832D03046FFF720FF04EB80010E6924
:10EF500096B90122E36882401343E36002220D6107
:10EF60002B4629462046FFF7D0FE0322294620469D
:10EF7000BDE8F041FFF7C9BE022231462046FFF747
:10EF8000B9FE0746034629462046FFF7BEFE032288
:10EF9000334629462046FFF7B8FE39462B46204621
:10EFA000FFF7B3FE02223146E1E7BDE8F081F8B594
:10EFB0000C460546FFF7B4FE2618012231462846C6
:10EFC000FFF798FEC3070CD431462846FFF717FF1A
:10EFD00021462846FFF7A4FE214622182846FFF7BF
:10EFE00086FF002221462846FFF784FE271A0122C9
:10EFF00039462846FFF77EFE10EA020613D139464D
:10F000002846FFF7FCFE214632462846FFF772FEEF
:10F010002246211A2846FFF76AFF21463246284633
:10F02000FFF768FE241A21462846BDE8F840FFF79E
:10F030007CBF70B5066809B9002070BDB068B0EB40
:10F04000D10FF9D9FFF798FE014605463046FFF784
:10F05000EDFE04460028EFD001463046FFF760FE83
:10F06000A84209D92544214630462A46FFF718FF11
:10F0700029463046FFF759FF304601222146FFF767
:10F0800055FEB368B3F5004F34BF0423082303EBE8
:10F09000C4031844D1E71146FFF7CBBF2DE9F04771
:10F0A00006460D46174698462BB34FF0000A98F8CF
:10F0B000004093F80190DB78A40004EB430498F837
:10F0C00002301C444444CA4509D339463046AC4654
:10F0D000D8F8042008F10803BDE8F047604714F8A9
:10F0E000013B0AF1010A204648F82340D2F768FEA6
:10F0F00001300444E7E76FF01500BDE8F08770B514
:10F10000002502462846144614F8013B0BB9184660
:10F1100009E098B18D4207D1702B04D0A3F14002D1
:10F120003A2A0BD8002070BDA3F140063A2E05D82C
:10F1300053780135941C002BE9D00020252B224662
:10F1400008BF80F00100DEE70020704701F04FB8F3
:10F150000FB407B504A951F8040B019101F047F869
:10F1600003B05DF804EB04B07047002383F311880B
:10F17000BFF36F8F0423184602DF70470FB407B543
:10F1800004A951F8040B0191FFF7E0FF03B05DF80B
:10F1900004EB04B0704710B50369024613F0080091
:10F1A00009D11368D4689C429BBF0120526AE31ABC
:10F1B000D31A0B6010BD00231846FAE713B501A956
:10F1C0000446FFF7E8FF20B1019BE268013B1344CE
:10F1D0000193606A019BC01A013802B010BD10B5DE
:10F1E000044650182269636AD20702D5013B1840D1
:10F1F00010BD984228BFC01AFAE710B504460A4667
:10F20000C168FFF7ECFF2369E06023F00803236186
:10F2100010BD38B50D46026A8B00016843F0020349
:10F22000044642F8213001682A46FFF7D8FFE36818
:10F230006168984208BF2369206008BF43F0080353
:10F240002A46204608BF2361FFF7C9FF606038BD2A
:10F250002DE9F74FC768066A9B4606EB87030093C4
:10F2600016F82730044603F00303022B8846914624
:10F270004FF000030BD01360CBF8003023699B07DD
:10F2800013D44FF0000A504603B0BDE8F08F56F893
:10F29000271013608908CBF80030EFD0FFF7ADFFDF
:10F2A000E368A3604FF0010AEDE7E36906EB87002E
:10F2B000984716F82720054612F0010AE1D012F00F
:10F2C00002021FD0B8F1000F03D041462046FFF7DD
:10F2D000A0FF61682A462046FFF781FFD4E902219A
:10F2E0009142606006D12A462046FFF778FF4FF032
:10F2F000000AA060A2682260E260226942F008026F
:10F300002261C0E7014620460192FFF776FFE368DD
:10F31000A360B8F1000F04D02168236A019A43F872
:10F32000212005EB0802CBF8002021682046FFF7DA
:10F3300056FF2369206043F00803236116F8273045
:10F340006FF3000306F82730009BC9F80030A9E7E7
:10F3500070B504461546FFF742FF2368834205D186
:10F360002369216023F00803236170BD226AAB008A
:10F3700043F0020342F8213061682A462046FFF735
:10F380002EFF6060F1E738B5036904465B0706D5D8
:10F39000856AFFF713FF85422CBFA562A06238BDC6
:10F3A00050F8282C51F8283C9A4203D0CCBF0120B9
:10F3B0000020704750F8242C51F8243C9A42F5D193
:10F3C00088422CBF002001207047F0B56423054619
:10F3D000042600200A2769B9F0BD9A42B2FBF3F473
:10F3E0000CD2012B0AD048B903FB14220A24B3FB28
:10F3F000F4F3D2B2013EF0D12E70EDE7303405F8CF
:10F40000014BB2FBF3F403FB1422B3FBF7F3013916
:10F410000130C9B2C0B2D2B2DBB2DCE7A0F1300336
:10F42000DBB2092B02D800200B707047A0F16103FA
:10F43000052B02D85738C3B2F5E7A0F14103052BDD
:10F4400001D83738F7E76FF015007047F7B5054674
:10F4500001F0010000EB51069E424FEA510703D92B
:10F460000026304603B0F0BD58B128780DF10701F1
:10F47000FFF7D4FF0028F3DB9DF80730013502F8D1
:10F48000013B01351744BA42EBD015F8010C0DF1E0
:10F490000701FFF7C3FF0028E2DB9DF807402401C6
:10F4A000E4B2147015F8020BFFF7B8FF0028D7DBA1
:10F4B0009DF807301C4402F8014BE4E7F8B5064616
:10F4C0000D46144601270368136054F8041BA94233
:10F4D00001D13846F8BD73682846984754F8043C73
:10F4E00028B95B68002BF4D023600137EDE71B6877
:10F4F00023F00103F6E709B142607047036803F0A7
:10F5000001031A43026070472DE9F84F01F180486A
:10F51000A8F102084FEA880350F828A003F1040B71
:10F5200050F80B50DAF804202F6895420646D5F8BB
:10F53000049027F0010718D1022920DC01214A4656
:10F540002846FFF7D8FF0C46B94600215246284608
:10F55000FFF7D1FF4A4621465046FFF7CCFF46F859
:10F56000285046F80BA0BDE8F88F02291EDC0021C8
:10F570003A462846FFF7BFFF0C460121E6E73A4628
:10F5800001244F469146334453F8040C2A464168FF
:10F59000A1EB0A0359425941FFF7ADFF21463A4614
:10F5A0002846FFF7A8FF84F00101CFE70024EAE72F
:10F5B000006808B97047184619B14368002BFAD1A2
:10F5C0007047036823F00103F8E72DE9F04F83B09B
:10F5D0000B6800AF03F001030B6000234B6003686E
:10F5E00006460D46C7F804D053B901230160836075
:10F5F0000B6843F001030B600C37BD46BDE8F08F8C
:10F6000083689B000B3323F00703ADEB030D6B46C0
:10F610001A464FEA930BE846FFF750FF08EB8003CA
:10F6200053F8049C04464FEA800A4946284672680B
:10F63000904780F001012A464846C9B2FFF75BFFB8
:10F640002B684AF82B5023F0010304F1010A2B60C8
:10F65000554604F18044013C08EB8404012D05DC8F
:10F66000D8F80020136843F001033CE0D4E9000E11
:10F67000036813F0010337D154F8042C5168884211
:10F6800002BF1168012321F0010199B1D1F800C036
:10F690001CF0010F0ED11368083C23F00103136026
:10F6A0000368023D43F0010303600B6843F001036C
:10F6B0000B60D3E74268A2EB0E014A424A419A42EC
:10F6C00003D029464046FFF71FFF4046691EFFF75B
:10F6D0001BFF54F8042C136843F0010313602268E5
:10F6E000136823F001031360B3685345D8F8003062
:10F6F000B8BFC6F808A03360D7F804D07CE7013A59
:10F7000001F01F030A4430B54C090121550902F0EC
:10F710001F02C26001FA02F2836001FA03F3511E74
:10F720005B420A43AC42036108BF1340046045607A
:10F73000426108BF036130BDF0B587B004460C9844
:10F740001D4610B96846FFF7DAFF01684768A368ED
:10F75000B94253F82120066908D125B1324343F854
:10F76000212007B0F0BD22EA0602F8E7B5B1324326
:10F7700043F821204168A268456952F821302B43A3
:10F7800042F821304FF0FF310368013342689A425A
:10F79000E7D9A26842F823100133F7E722EA06020C
:10F7A00043F82120A2684168466952F8213023EAD3
:10F7B000060342F821300268436801329342D0D9EF
:10F7C000A36843F82250F7E7002203680BB91846F4
:10F7D00070478B4210D10B6842B942680360914276
:10F7E00000D14360002301200B6070471360436821
:10F7F000994208BF4260F5E71A461B68E6E7838B2B
:10F8000013F0070305D10368002B0CBF0020032071
:10F810007047022B05D1C08BB0FA80F04009800000
:10F820007047012B05D10368002B0CBF0020052079
:10F8300070470020704710B50C4600B111B96FF049
:10F84000150010BD081D00F02FF80028F9D1A3689D
:10F85000032BF6D9F3E72DE9F0410D46074619468B
:10F86000281D90461E46D7F711FB044638B1334693
:10F87000424629463846A446BDE8F0416047BDE807
:10F88000F08138B50C46054658B151B10B6843B10B
:10F890004B6833B12022002107F000FD00202C61CD
:10F8A00038BD6FF01500FBE7034640B1426802F037
:10F8B0000302022A06D0032A04D0012A05D06FF0E1
:10F8C000150070471A68002AF9D000209860704728
:10F8D00070B506460C888888241A3069A4B2844220
:10F8E00085B224BF641BA4B22D1BA8B2984228BFC6
:10F8F00018463368234413600B8803440B8070BDA3
:10F9000070B4838985880669ED1AADB2731B934282
:10F9100028BF134670BC0A46011DFFF7D9BF70B45B
:10F920000E460146C58831F80A3FEC1AA3B293424D
:10F9300028BF1346324670BCFFF7CABF10B54B88CC
:10F940000C88E41AA4B294420ED31A4492B28B8863
:10F950004A800A800069D21A92B2824201D2002003
:10F9600010BD03448B80FAE76FF01500F8E770478D
:10F9700070B4066884890D0C16FA81F105FB041138
:10F98000806A84682468A44670BC60472DE9F0430F
:10F990000646884617461C46C36A89B01D686D42F4
:10F9A00005F020051CB9204609B0BDE8F083AC4243
:10F9B000A14628BFA9466A464B4641463046FFF756
:10F9C000D7FF0028F0D16B46484502D1241A804465
:10F9D000E8E713F8012BBA4201D10130F4E7012026
:10F9E000E2E70B6803F580330B60C0891A0CB0EBBB
:10F9F000134F04BFA3EB02430B60704700F079BCC8
:10FA000038B5828903680D0C090C044602FB0131EC
:10FA1000806A2D0401F067F850B9E26A2946204651
:10FA2000A3895279FFF7B2FF002818BF6FF00500D5
:10FA300038BD014610B507220446FF20D5F79AF8D5
:10FA4000E07110BD0368012B81BFC91801F1FF31BE
:10FA50005B421940084670472DE9F0410C460546C7
:10FA60000821C06AFFF7EEFF072207462146FF2064
:10FA70006688B4F80480D5F77DF8E379834208D12D
:10FA8000A8894644C01BB04294BF00200120BDE8B5
:10FA9000F0810020FBE738B505460C46FFF7DCFF98
:10FAA000A0B1A08898B94FF6FF7322889A420DD171
:10FAB0000821E86AFFF7C6FF6288AB899B1AB3FB8F
:10FAC000F0F202FB1030B0FA80F0400938BD00209F
:10FAD000FCE7F7B504460D46C06A0821FFF7B2FF00
:10FAE0000823074629682046FFF742FF06460028FC
:10FAF00036D12B683B442B60A28999B2D21B91422C
:10FB00002ED11A0C09BFE289A3F5803102F1FF3230
:10FB100003EB0241204608236A462960FFF728FFCD
:10FB2000E8B9E36A5A796B4613F8011B8A420CD193
:10FB300001300828F8D1636805E02B68BDF8022081
:10FB40001B0C1B0413442B600AE069462046FFF798
:10FB5000A2FF0028F1D129462046D7F729FA064608
:10FB6000304603B0F0BD2DE9F043074690461E46EF
:10FB700089B01BB9002009B0BDE8F0833C688389D7
:10FB8000080C14FA81F100FB0314FB6A1D686D4236
:10FB900035400CD0B86A83682146D3F804902B46D0
:10FBA000C8470028E7D1761BE4D02C44A84432464D
:10FBB0004146684607F04BFBFD6A0DEB06002A68DC
:10FBC0006979921B07F06AFBB86A2B688268214644
:10FBD00055686A46A847CEE710B50A46082341682B
:10FBE0000446FFF7C0FF08210246E06AFFF72AFF3C
:10FBF00063681B1A6360104610BD4FF6FF7313B5A0
:10FC000000220446ADF800308DF80630836868465F
:10FC1000ADF80420ADF80230FFF70BFF694620462F
:10FC2000FFF7DAFF02B010BD2DE9F04F082195B0C3
:10FC30000446C06AFFF706FF0546636820461B0CB2
:10FC40001B0403A90393FFF7CCFEDDF80CB0A689D3
:10FC500006AA5E44761B0823314620460496FFF729
:10FC600087FE021EC0F2A980E36A06AA5979002322
:10FC700012F8010B814240F08F800133082BF7D13D
:10FC8000A36862682B449A427ED259462046FFF709
:10FC9000B7FE024691E0BDF81A30360C36041E4419
:10FCA000049608AA204604A9DDF810A0FFF711FF6A
:10FCB0000246002840F08180204608A9FFF7CCFECC
:10FCC00018B9019B9A45ECD1DAE7636805930AAA53
:10FCD000204605A9059EFFF7FCFE024600286CD1D0
:10FCE000BDF82820BDF820309A4227D06268059BD5
:10FCF0009A42ECD15645E4D1BDF82430002BE0D037
:10FD0000BDF822704FEA1A431B041F44A36808A8D9
:10FD1000ADF82230FFF78DFEE36ABDF824901E682F
:10FD2000764206F02006B9F1000F0ED1204608A950
:10FD3000FFF752FF02460028C3D03EE020460AA942
:10FD4000FFF78AFE0028D1D0D4E74E45B04628BF41
:10FD5000C8460CAA434639462046FFF709FE02462C
:10FD600058BB4346A1680CAA2046FFF7FCFE41465B
:10FD70000246E06AFFF766FEA3680344A360E2B9A7
:10FD8000A9EB08094744CEE72046FFF736FF0246B5
:10FD900000283FF47AAF10E0731B204606A90193B8
:10FDA000FFF779FE00287FF476AF204604A9D7F745
:10FDB000FFF8024600283FF474AF104615B0BDE8C6
:10FDC000F08F00231A46D7F7F7BA13B50024009432
:10FDD000D7F7C8FB02B010BD0A46012100F089BA6E
:10FDE0000369D3F8780370476FF0850070470846C1
:10FDF00008B5114618B105F0F7F9002008BD6FF0FD
:10FE00000100FBE7084608B5114618B105F0E3F913
:10FE1000002008BD6FF00100FBE713B5044608465B
:10FE2000216901F55D71D1E8AF1F022909D15BB1EC
:10FE300068B100931346D0E90912F4F7F1FB02B060
:10FE400010BD6FF00F00FAE76FF04C00F7E76FF0AE
:10FE50000100F4E72DE9F8431C46DDE90853164696
:10FE600098460F46006939B34AB344B36A1C43F15C
:10FE70000003022A73F1000324D2226842B1D0F8B1
:10FE800078339A4204D96FF00B002360BDE8F88301
:10FE900005EA080909F101035A425A412146384648
:10FEA00005F0ABF988B9B8F1FF3F08BFB5F1FF3FE6
:10FEB000F0D06FF06800E9E76FF00100E6E76FF05F
:10FEC0001500E3E76FF08500E0E730600020DDE734
:10FED00005F0F8B938B50D46044600F1480128464A
:10FEE000D1F75CFF30B1284604F1C001D1F756FFCD
:10FEF00020B90120782303FB004038BD0020FCE737
:10FF000002F5307102F5347006F000B9D0F8B03067
:10FF1000A0F53070003B18BF012300EB8300D0F840
:10FF2000AC0205F0F9B8C86828B1096983681B6894
:10FF30000BB1002218477047F5F7FCBCD0E8EF3F43
:10FF4000C0E8E21F002AF9D1704710B54368046980
:10FF50001B68C4F8703304F5EC7006F039F8002122
:10FF600004F55D70FFF7EAFF084610BD2DE9F74381
:10FF700017460D4691B30B7883B3D0F8C440A4F56F
:10FF8000E27914344FF0FF324FF0FF332046F5F79B
:10FF900001FC2A46484601A9D7F734FC019E804659
:10FFA0002EB9204603B0BDE8F043FFF7C5BF58B1F6
:10FFB0002046FFF7C1FF3B462A463146484603B07C
:10FFC000BDE8F043D7F7FCBB1F22294606F14800E5
:10FFD00007F08EF986F86780B766E2E703B0BDE800
:10FFE000F083030103EB4003093323F0030303EB26
:10FFF000C00348430330083320F003001844400096
:020000024000BC
:1000000070472DE9F84306464FF001080569D0F81E
:10001000049005F55D77D7E8EF3F022B03D1C7E8E1
:10002000E28F002AF7D141D195F86C30002B40D1F6
:1000300095F8E430002B3CD12846D5F8701300F039
:1000400054F8044680BB73683669D3E905018368B8
:100050001B693BB322469847044628BB414606F538
:100060003470F6F7DBFCD6F8500305F5F876DBF7CD
:1000700053FE3046D9F8001000F072F8044698B9E3
:100080000146D022304607F009F921464FF4F672B6
:10009000284607F003F921463846FFF74FFF204670
:1000A000BDE8F8836FF057040221F5E76FF077049D
:1000B000F5E76FF00F04F2E710B50846029B114612
:1000C00052B993F86C202AB90122184683F86C20A3
:1000D000D7F784FC002010BD1A6F9468002CF9D06B
:1000E0005A6FA047F6E705F0EDB838B50D4604465F
:1000F00060B1F03005F0A5FA0DB1002038BDC4F8AC
:10010000C451C4F8C851C4F8CC51F6E76FF01500DB
:10011000F4E70268D2F8C83013B1D2F8C410184717
:100120007047704783690BB9C36B19707047012022
:1001300070478369012B03D1C36B1878C0B2704735
:100140000420704738B5C41DE4002046F8F76CFF62
:10015000054618B12246002107F0A0F8284638BD10
:1001600038B504463822002107F098F818220021FB
:1001700004F1A40007F092F81822002104F18C0089
:1001800007F08CF8D4F8C000F4F7FCF9D4F8BC0000
:10019000F4F7F8F9D4F8803004F154050BB128468F
:1001A000984738220021284607F078F8F4F74EF9EE
:1001B000002038BD03785B075FBF03684288C3F344
:1001C0004A2303EB12105DBF173020F007008008B0
:1001D000002070470020704704F001B90346D3E8BF
:1001E000EF0F421CC3E8E12F0029F8D170471FB57B
:1001F0000023CDE902011A4619461846CDE900331D
:10020000D8F7BEF905B05DF804FB0120D7F7A2BE10
:10021000002070474368DA7101224368196043681F
:100220005A71D7F789BE70B5D2E901369B1B8B4254
:100230000C4615460AD313680A460146981907F07A
:1002400006F82046AB682344AB6070BD6FF01B001E
:10025000FBE770B50E4615461946044618B9BDE8C9
:100260007040D7F777BE33B1C2F34A231030120D76
:10027000184406F0ECFFC4E900562046BDE8704083
:10028000D8F7C8B82DE9F3415F1C4FEA8708064646
:1002900008F1170020F0070080080C461546D7F734
:1002A00003FF00238DF80470ADF805308DF807309A
:1002B00068B10346019AA8F1040143F8102F2A46B9
:1002C000294452F8045B8A4243F8045FF9D10023C1
:1002D0003146A20102F4E07242EA482222F07F4253
:1002E00022F4700222F03F0202B0BDE8F041FFF7B5
:1002F000B0BF07B50123019201AAFFF7C3FF03B006
:100300005DF804FB07B5CDE9002302236A46FFF739
:10031000B9FF03B05DF804FB1FB5CDE90123069BCF
:1003200001AA03930323FFF7ADFF05B05DF804FBBB
:10033000F8B506460D4614461F4604B9F8BD2146D9
:1003400028463A46B047241A0544F6E710B54268F5
:100350000446D2E9002381680068FFF7E9FF002224
:1003600063681A6010BD0A2838B504460D4602D1EC
:100370000D20D8F7A1F929462046D8F79DF900208D
:1003800038BD2DE9F043054687B008460E8891F840
:1003900000900C46D1F808801746D8F761F9011E85
:1003A000C6F38216C9F3C2091EDB4846D8F744F8E3
:1003B0000346214651F8102B6088C2F34A22002AD6
:1003C00001EB020408BF00210022C0F30B10CDE9AD
:1003D0000407CDE902142846414601960092D8F759
:1003E00097F907B0BDE8F0830023E2E743680020F7
:1003F0001B685B689961704701212DE9F0414368F2
:100400001B685A6811771D682F68D5E90136D3E952
:1004100000481CB96B681C60BDE8F081214630467D
:100420004246B847241A0644F3E743681B68186835
:10043000D8F7FCBA70B543680C461D686B689869BC
:10044000D7F764FD214603460F222868BDE87040B7
:100450001847012801BF0323487008710B7005BFBE
:1004600000208B700120CB707047002908DB80686A
:10047000884205D9401A904234BF002001207047BD
:1004800000207047704770B516461A4605460C4660
:10049000FFF7EBFF48B16968E86821448268146897
:1004A0003246A446BDE8704060476FF0150070BD4D
:1004B00070B516461A4605460C46FFF7D6FF48B1FA
:1004C0006968E8682144826854683246A446BDE8F9
:1004D000704060476FF0150070BD10B50B460446C4
:1004E000FFF7C3FF40B16168E068194483689B6807
:1004F0002BB1BDE8104018476FF0150010BD6FF02C
:100500005700FBE710B50B460446FFF7AEFF30B1CE
:100510006168E0681944BDE8104000F0E4BA6FF08B
:10052000150010BD08B5C0688368DB68984700688F
:1005300008BDC068704708B5C0688368DB68984725
:10054000407908BD70B54C680368A34201D2012010
:1005500070BD8A682244934201D30020F8E74E69B7
:10056000D1E90325B54203D36FF00B038B61F4E7A8
:100570001B1B42F835304368086902EBC002536028
:100580000B6901330B61E2E737B50C46C0B201A934
:100590001546D8F759FB00280CDB019850B12146CD
:1005A0002A46D8F777FB04460198FFF76BFF2046F1
:1005B00003B030BD6FF01504F9E742680B68934251
:1005C00002D90846D8F780BB4B68012013444B6022
:1005D00070472DE9F047894616469846044698B379
:1005E00082680369134482693344934230D80025FA
:1005F000D4E90170A6EB050A3F1ABA4515D2B542F7
:1006000009D223685246184409EB050106F01FFE83
:10061000A3685344A360B8F1000F1CD0A068A8B130
:100620002046BDE8F047D8F75DBB23683A4618443A
:1006300009EB050106F00BFE63682046A360D8F7BE
:1006400051FB18B93D44D3E76FF00D00BDE8F087CA
:100650006FF00B00FAE74046F8E70069704710F0CA
:10066000700F09D100F07F0310F0800F4FF00100F0
:1006700018BF103398407047002070472DE9F843A9
:1006800006460F469046994604254B464246394653
:100690003046E8F7CDFC10F10B0F044603D1F7F715
:1006A00059FB013DF1D12046BDE8F8830020D9F780
:1006B0003FB8006838B150F8043C04385B688B429E
:1006C00001D04068F6E77047006848B150F8043C34
:1006D00004385B685B689B788B4201D04068F4E724
:1006E000704730B5006888B150F8043C04385B6846
:1006F0001A6A1D7F0023043ADCB2A54201D8406883
:10070000F1E7013312F833408C42F5D130BD08B522
:10071000D9F736FA28B1406810F1100F14BF002045
:10072000012008BD4B1CDBB28170817680F825303A
:10073000C37600F8061C704750E90231D0F89C00DF
:1007400018470022036983F84A207047036993F829
:100750004A0050B193F8480038B1D3F890209388FC
:10076000918910695B1A9BB2C01A70470022036915
:1007700083F84B207047036993F8490008B193F858
:100780004B00704708B50246FFF7F5FF30B9104639
:10079000FFF7DCFF003818BF012008BD0120FCE78F
:1007A0000369C3E90012704770B504690546D4F8BF
:1007B0008C00D6F7C9FB94F8A0300646B3B1D4F844
:1007C0008C209388918912695B1A9BB2D31A3F2BB4
:1007D0000CD994F89E3033B16B6822461B6A002115
:1007E000187BD9F7B9FC002384F8A030304670BDDF
:1007F000012208B5FFF7D8FF013818BF4FF0FF30CE
:1008000008BD0269D2F8901088898B8809691B1A83
:100810009BB2994204BF002382F84830D2F88C3052
:100820000120D9885B89994204BF002382F84930AE
:1008300070472DE9F04300F50179054685B048463B
:100840000F4690461E46FFF708FF78B133464246F2
:1008500039464846FFF7BDFE04463EB3D5F80002D0
:10086000FFF710FE0023C5F800321FE0D5F8003274
:10087000986802F027FD0446D5F80002FFF759FEFC
:100880008368DB689847D5F80002FFF752FE2146DF
:1008900001AA02F01BFE044640B9DDE90112D5F8B9
:1008A0000002FFF72FFE04460028CFD0204605B0F7
:1008B000BDE8F08330B5054685B0084605F5007102
:1008C000D8F7C2F9044698B9D5F80002FFF731FE0F
:1008D000D5F8003202949A68014601925B682A4674
:1008E000009305F501704FF40073D8F799FA0446A8
:1008F000204605B030BD0020D9F7F6BC00221146D5
:10090000D9F7C0BC034610B508460AB100211160F2
:1009100053B1D0B1411E11F8010F80B113F8014B52
:10092000A04201D13D28F6D100200EE00133136032
:100930000AE03D2808D0B0FA80F0400905E01878B8
:100940002F28F6D1002AF1D1012010BD10B509B130
:1009500000230B6058B103461A781C4601332AB1B4
:100960003D2A03D02F2AF7D101B10B60201A10BD08
:100970000830704710B5134614460A46818800684F
:10098000FFF723FAA042A8BF204610BD2DE9F04F83
:1009900097B004469A468946019200297CD0DAB184
:1009A000BAFA8AF67609258F04F1080B0135ADB243
:1009B000A8466F1EBFB2B7F5004F26D04A2339466E
:1009C000584603AAFFF701FA002807DA10F1020FD0
:1009D00008BFB8463D46ECE70126E4E700F15803BE
:1009E0000DEB0300002303A900F84C3C4846D1F767
:1009F000D5F90028EED126B339465846FFF7E1F97C
:100A0000002805DA17B0BDE8F08FBEB30020F9E783
:100A100005F57F513F31584689B2FFF7D2F90028DA
:100A2000F0DB238FBB42F1D12246013B22F8383F55
:100A30004FF4004102235846D6F7BEFC00EAE070AE
:100A4000E0E7B846B8F5404F29D0238F04F10805F8
:100A5000434515D308F5804153462846019A89B28B
:100A6000D6F7AAFC0028CDDB002ECFD04846D1F720
:100A7000A7F94A46034641462846DDE70126E1E755
:100A8000224602234FF40041284622F8388FD6F739
:100A900093FC0028DEDAB5E76FF01500B2E76FF0DF
:100AA0000B00AFE773B5C36B04460363C3B100F13A
:100AB00008063046D6F7DAFA054670B902234FF435
:100AC000004130460DF10602FFF77FF90028B4BF60
:100AD0004FF40043BDF806302387284602B070BDAE
:100AE0006FF01205F9E72DE9F04187680446FB68CD
:100AF0000D4616469847BB682BB13246294620461C
:100B0000BDE8F04118476FF05700BDE8F0810020C4
:100B100008B5D5F7EDFA83681B6B03B1184770472A
:100B200070B504460D46D9F7E7FF43682BB1294657
:100B300082682046BDE87040184770BD70B586B029
:100B40000546D9F7D9FF14220446002101A806F072
:100B5000A5FB05238DF804300023206884F8B83005
:100B60008368DB6B03B1984720688368DB6C03B153
:100B70009847266E36B9284601A9FFF7D1FF3046BF
:100B800006B070BD00212846D9F7D6FFF1E738B589
:100B90000D461446D9F7B0FFC0E90154002038BD16
:100BA000406BDAF70DB9406BDAF780B9014600689F
:100BB000DAF73ABD08B5DAF793FDBDE80840DAF791
:100BC000B3BD0A460121FFF794BB00210120DAF7EB
:100BD0002BBD436E83F30B88704761B662B680F31A
:100BE0001188BFF36F8F704708B572B6002383F387
:100BF0001188BFF36F8FDCF711F850B1BFF34F8F3F
:100C000030BF00BF00BF00BF00BF00BF00BF00BFBC
:100C100000BF62B6BFF36F8F08BD10B5044672B651
:100C2000002383F31188BFF36F8FDBF7F7FF50B119
:100C3000BFF34F8F20BF00BF00BF00BF00BF00BF8A
:100C400000BF00BF00BF84F31188BFF36F8F62B68F
:100C500010BD40E800F313F4803FD8B208BF6FF036
:100C60001500704730B50C684B6885B00A894D890E
:100C70000094013B24F01F04234402F01F0242EAC7
:100C8000451223F01F0369468DF808200393DBF714
:100C9000B5F905B030BD08B5D1E904319847002059
:100CA00008BD08B5DBF726FC002008BD7047C16A07
:100CB0008968DBF7B1BC03680B6043684B608368ED
:100CC0008B60704710B50C460121DBF71FFF0470E5
:100CD00010BD10B5036801211C78DBF737FF2046F3
:100CE00010BD10B5036802211C88DBF72FFF2046DA
:100CF00010BD02688068101A70478388C2888168B6
:100D0000D21A03685B1AD01A704738B50D461446DC
:100D10001146DBF757FF22462946BDE8384006F06A
:100D200096BA10B50C460121DBF74CFF047010BDDC
:100D30004FF05023012270B50C460546C3F8142627
:100D40000020DCF71FF828462346BDE8704000214C
:100D5000184708B500214220F7F71AF9002008BD0E
:100D600003898B420AD9436803EBC10053F8313041
:100D70002BB94368002B08BF002070470020704744
:100D8000F0B5037885888779C679002013F0070FBE
:100D9000C3F3C10314BF03240124012B28BF012383
:100DA0000860087844EAC30320F01F006DBA0343CB
:100DB00052BA0B704A808D808F71CE71F0BD37B5FD
:100DC0000C4605460846DBF703FC0823204645F899
:100DD000044B238250F80C4F1C44FFF78EFF002277
:100DE0000346009202212246284605F07AF803B015
:100DF00030BD2DE9F04F85B005460E4690461F46A2
:100E000004F068FE20B96FF04C0005B0BDE8F08F2B
:100E10004FF01409002334464FF0010A09FB08691A
:100E20003B60284602A904F052FEDDE9023200933D
:100E300068BB284604F077FE0028E4D00020E4E7F1
:100E4000A14598BF344661688A4214D12168009850
:100E5000019206F02BFA019A68B9237CD3B9D4E940
:100E6000023128469847C0B184F810A03B6814347A
:100E700001333B60D5E714340BF1010BD845DFD1CA
:100E80000021284604F0A6FE0028CAD1D1E74FF081
:100E9000000BF3E76FF06F00B7E76FF02200B4E7E5
:100EA000F8B51423044603FB0106154603469E428B
:100EB00007D82846D0F784FF0746A64208D8002066
:100EC00003E01A68AA4201D1187CF8BD1433EEE79A
:100ED0006368BB4207D13A462846216806F0E6F926
:100EE00008B9207CF1E71434E7E702780B789A42DE
:100EF0000FD30CD842784B789A420AD307D842884D
:100F00004B889A4205D38CBF0120002070470120F6
:100F100070474FF0FF30704770B506460D4600F041
:100F200040F80446304602F0CBF9032C034601D9C1
:100F3000DCF77EFB013B84F00100032B0CD8DFE8DB
:100F400003F008060902022305B12B7070BD0123CE
:100F5000FAE720460023F7E74FF0FF30F6E70328D3
:100F600073B5054601D9DCF77BFB4610304600F02F
:100F700018F8002304460DF1070130468DF80730BC
:100F8000FFF7CAFFA84203D19DF80730022B04D017
:100F9000631B5842584102B070BD0120FBE7704707
:100FA0007047400070470020704770B505460E46F8
:100FB000002488B000236A4631462046DCF7D4FE80
:100FC00028B920222946684606F070F920B101347C
:100FD000042CEFD14FF0FF34204608B070BD002341
:100FE00001461A461846DCF7BFBE042804D802287A
:100FF00007D808D00120704706280CBF0520012023
:1010000070470520704703207047002008B5D5F7CA
:101010006FF8022805D00338012894BF0020012072
:1010200070470520704770B50446BCB000F110054C
:1010300017AE002200232846F4F734FE014608B913
:101040003CB070BD03AB6846CDE900460293DBF7C8
:10105000E7FFEEE7DBF788BC70B505460E46DDF727
:101060007BF9044618B1736B1BB12946984720469B
:1010700070BDEA7A05F11801183006F0E8F8F6E7D5
:1010800010B5044640B18B6B0BB118309847204621
:10109000BDE81040DBF768BC10BD00230364A0F876
:1010A00044307047036C13B1B0F8440070476FF0E0
:1010B00015007047F8B5036C04460F4616460BBB87
:1010C000072A26D940F6AB134D889A426DBA05F12E
:1010D0000805ADB220D89D421ED8AA4216D8DDF729
:1010E0003BF92064D8B1A4F84450206C324639460C
:1010F0000C30FFF70AFEB4F844309B1B98B2A4F8FA
:101100004400F8BDB0F844309342EED26FF08A004C
:10111000F7E76FF03C00F4E76FF03E00F1E76FF0A7
:101120000B00EEE738B50B46016C044661B1B0F830
:10113000445005B15BB12046DDF73EF90023A4F829
:1011400044302364284638BD6FF01505FAE76FF088
:101150003C05F7E710B50446006C30B1FFF77AFFA5
:101160000020A4F84400206410BD6FF01500FBE7D8
:10117000006C00B118307047036813B1002303609E
:10118000037170478B6913B183610B7F0377002074
:10119000704710B50446084659B1DDF759F940B11A
:1011A000A3698B4206D190F86930227F9B1A58427E
:1011B000584110BD0120FCE770B50546DDF748F940
:1011C000044698B1284600F0C3FD034604F13800F8
:1011D00043B1783306D0BDE870404FF4004200239D
:1011E000F5F7E2BDBDE87040F5F7E4BD70BD08B5A8
:1011F000806918B101F0ECFC033880B208BD08B575
:10120000DDF726F920B1BDE808406C30F4F7D6BD13
:1012100008BD034610B5406803F108018142026829
:1012200005D10AB9002010BD5A6010461268A2B953
:101230001C68A042F6D19A60EFF31182202484F357
:101240001288BFF36F8F1C681960216082F31188C8
:10125000BFF36F8F0268002AE4D05A60E3E70022F0
:10126000DDF75EBB70B5438804461B0705D56FF0FC
:101270008B01BDE87040FFF7F2BF8568C5B9037800
:10128000042B04D0062B0DD06FF01501F1E70146B9
:10129000D0E90432806B984729462046BDE870406B
:1012A00000F00BB8D0E90423BDE87040DDF7A4BC22
:1012B0002B68BDE870401B6818470122DDF730BB82
:1012C00000211838FFF7F9BFD0E90E03184730B5F1
:1012D0000546B1F8032087B04B79ADF808200C46DD
:1012E0000D2200210DF10B008DF80A3005F0D6FF1C
:1012F00002AA11462846E0F759FB10B1002007B0BA
:1013000030BD029B0322ADF8043020461B0C01A91E
:101310008DF8063005F0CAFFB0FA80F04009EEE71C
:1013200070B50D4600210446FFF710FB0D2818D1BB
:10133000237B302B13D0312B13D1012305F8063B2F
:1013400004F10C062A462046012302210234FEF74E
:101350007DF8B44205F1FF35F4D1002070BD0023C3
:10136000ECE76FF01500F9E70020704710B50C4668
:10137000017822788AB08A420FD06946DDF7A6FE4E
:10138000204605A9DDF7A2FE10220DF115010DF191
:10139000010005F08BFF0AB010BD012A06D0022A19
:1013A00007D072B940886388C01AF4E74068636860
:1013B000FAE71022611C01300AB0BDE8104005F0C8
:1013C00075BF6FF01500E6E7042A0AD0102A0DD089
:1013D000022A4FF0000315D103700B8843800120CF
:1013E0007047012303700B684360F8E7022300F89D
:1013F000013B01F1100351F8042B994240F8042BF2
:10140000F9D1ECE718467047012310B506210446D0
:1014100000F8013BE0F7B8FA18B9A37963F03F038D
:10142000A37110BD0B6803608B8883808B798371F7
:10143000037823F00203037070470078C0F3400084
:10144000704708B5DEF77AFEBDE808400820DDF7F2
:1014500079BE38B50446807ADBF78EF861690546B7
:1014600049B1637ADB0704D4C36A20461B689B68D2
:1014700098470023636121462846BDE8384004F0C0
:10148000D2BD08B5FFF7E5FFBDE808400220DDF753
:1014900059BE438A23B9C068B0FA80F0400970474A
:1014A00000207047D0F8A03083B15A7BD1070DD50A
:1014B000D2060DD51B7B102B14BF032304234372CC
:1014C000807A98428CBF0020012070470223F6E703
:1014D0000323F4E70F2807D80D280BD8052808BFE9
:1014E000032018BF02207047132803D01A2808BF12
:1014F0000120F6E701207047FEF7FBBE034610B55A
:10150000D3E8EF0F40EA0102C3E8E42F002CF7D143
:1015100010BDFEF7F7BE0023D6F79CBFD0E8EF3F23
:101520000B40C0E8E23F002AF8D17047C0F3072320
:10153000537000231070000ED070C1F30720090E05
:101540009370137150719371D171704738B504461F
:101550000D46DEF709F95F3005D129462046BDE882
:101560003840DDF7D1BF38BD0120704710B5038882
:101570004288934219D8052B17D9B2F5486F14D871
:101580008388B3F5FA7F10D240F67644C088A0F184
:101590000A0189B2A14208D801339BB25343B3EB8D
:1015A000800F34BF0120002010BD0020FCE7002088
:1015B000704708B5E6F7B2FC18B1C089003818BF0B
:1015C000012008BD70B506460D464FF0FF304FF0C4
:1015D000FF31DEF71DFB044618B9BDE87040DDF7AA
:1015E00089BF03210C30DBF7EDFA068085702146B8
:1015F000BDE8704042F22100DEF752BD70B50646EC
:101600000D464FF0FF304FF0FF31DEF701FB04468F
:1016100068B103210C30DBF7D5FA068085702146CE
:10162000BDE87040002240F20640DEF725BF6FF0B3
:10163000680070BDC368187808B1DDF7B3BF1846FD
:10164000DFF7DEB838B54FF0FF3105464FF0FF3019
:10165000DEF7DEFA044668B102210C30DBF7B2FA9D
:101660002B88214603800022BDE8384042F2160054
:10167000DEF702BF6FF0680038BDF8B507460E46CA
:101680004FF0FF304FF0FF311546DEF7C1FA044648
:1016900078B106210C30DBF795FA3B884680038051
:1016A00085802146BDE8F840002242F22200DEF7A4
:1016B000E3BE6FF06800F8BD2DE9F047814688462B
:1016C0004FF0FF304FF0FF3117461E469DF820A027
:1016D000DEF79EFA0546A0B107210C30DBF772FA5F
:1016E000B9F8003080F802800380C7700671A0F856
:1016F00005A02946BDE8F047002242F23200DEF79D
:10170000BBBE6FF06800BDE8F08708B5002000217F
:10171000DEF746FE18B1BDE80840DEF7BBBCBDE809
:101720000840E1F77FB9072208B505F0BFFDB0FA20
:1017300080F0400908BDFEF7DCBD0B6803608B88B4
:1017400083808B7983717047D0E8AF0F7047F8B50D
:101750000F46144638BB4FF0FF304FF0FF31DEF735
:1017600057FA054610B327210C30DBF72BFA224637
:1017700006463946FFF7E1FFC31D04F1100152F898
:10178000040B8A4243F8040BF9D11022002106F120
:10179000170005F083FD2946BDE8F840002242F21B
:1017A0002700DEF769BE6FF01500F8BD6FF0680026
:1017B000FBE7037A02465B0705D501462A3211F89A
:1017C000010BFFF7C4BF704738B54FF0FF31054636
:1017D0004FF0FF30DEF71CFA044658B129460C30B2
:1017E000FFF79FFA2146BDE83840002242F22D0063
:1017F000DEF742BE6FF0680038BD10B400F1100390
:10180000D3E8EF2F22F40041C3E8E41F002CF7D106
:10181000130403D5012110BC00F054B910BC70476B
:1018200070B5044686B00E4601300131FFF77BFFEC
:101830002A34162200210546684605F02FFD1022A5
:101840006946204605F032FD40B11022204606F1DF
:101850002A0105F02BFD002808BF0125284606B007
:1018600070BD00F1100208B503461046FFF76CFF8B
:1018700001060DD5D2E8EF0F40F40040C2E8E10FB9
:101880000029F7D11846BDE80840002100F01AB938
:1018900008BD10B50C4630B919B1E6F7EDFA00B144
:1018A000441C204610BD0024FBE718B111B10846C6
:1018B000DFF776B96FF01500704713B5044680B1B5
:1018C00006216846E0F760F848B99DF8053069469A
:1018D00003F03F0320468DF80530FFF7E6FF02B026
:1018E00010BD6FF01500FAE7003818BF01207047EF
:1018F000037AD90704D523F001030372DFF7B0BAE6
:10190000990704D523F002030372DFF7C3BA7047C7
:1019100000207047034610F4004F0CBF072006203C
:10192000DA0348BF00F005009B0348BF00F0FB004E
:101930007047D0E8AF0F7047034610B5D3E8EF0FFC
:1019400000EA0102C3E8E42F002CF7D110BD012307
:1019500010B403FA01F1044642B1D4E8EF3F0B435F
:10196000C4E8E23F002AF8D110BC7047C94310BC5C
:10197000FFF7E2BF2DE9F04F87B09DF848600546BC
:101980000C4690460021102202A81F46DDF8409028
:101990009DF844A005F082FCCEB9CDE902480122B1
:1019A00042F2080002A9DFF78FFC044658B9BAF1E9
:1019B000000F3AD11035D5E8EF3F43F00403C5E8F6
:1019C000E23F002AF7D1204607B0BDE8F08FDEF7EE
:1019D0005DFB8346E4B937BB5846D0F7F1F90923DC
:1019E000012ECDE901B48DF800308DF80100CDF85D
:1019F0000C80D4D10222CDF810D00596D0E714F88F
:101A00003320083A012A24D901339845F7D1E2E777
:101A10000023FAE717F83320083A012A19D90133CD
:101A20009945F7D1D8E70023FAE70122022E08BF33
:101A3000059242F2090008BF324602A908BFCDF85C
:101A400010D0CDE90279DFF73FFC0028B2D0044680
:101A5000B9E76FF01504B6E7436813F008000AD041
:101A60005A0307D403F4C063B3F5806F14BF022098
:101A7000012070470120704770B506460D464FF0B3
:101A8000FF304FF0FF3186B0DEF7C2F80446B0B148
:101A90000C3095B10121FFF744F9204606F1100200
:101AA00003A907230095DEF7A1F80022214642F2A0
:101AB0000A00DEF7E1FC06B070BD2946EBE76FF0E7
:101AC0006800F8E7FFF7D8BF1830F5F773B9036877
:101AD000D90444BF43F48063036003689A0444BF9D
:101AE00043F40063036070470368D90444BF43F4C0
:101AF0008063036003689A0444BF43F40063036097
:101B0000704700230B60436813B9C0E900117047A8
:101B1000196041607047D0F8B000003818BF01204C
:101B20007047D0E8AF0F7047FEF7ECBB034610B527
:101B3000D3E8EF0F40EA0102C3E8E42F002CF7D10D
:101B400010BD437B072B01D1E0F764BA70472438FE
:101B5000E0F702BB002203680BB9184670478B42BE
:101B600010D10B6842B942680360914200D14360D2
:101B7000002301200B60704713604368994208BF3F
:101B80004260F5E71A461B68E6E710B504460069AF
:101B900018B1DAF7E9FE0023236110BD2DE9F843FF
:101BA00007460E46904600244FF0D009B44203D1B8
:101BB00000231846BDE8F88309FB0470E0F712FC27
:101BC000034658B1457B012D02D0073D012D03D8B6
:101BD0001A884245EDD01846E0F7ECFC0134E5E701
:101BE00010B50446D0F8A00028B9207A04F170019D
:101BF000E6F794F938B1E278C3892AB913F0210FD6
:101C000014BF0120002010BD13F0240FF8E738B5F1
:101C1000037A04468B42154615D100F17001072264
:101C2000284605F043FB80B1E378072243B904F16D
:101C30007E01284605F03AFBB0FA80F0400938BD35
:101C400004F17701F5E70020F9E70120F7E720B17B
:101C50008378194214BF01200020704708B5032182
:101C60000246FFF7F4FF28B1D07A18B1D2F8A000ED
:101C700000B1007B08BD38B50A4603210446FFF7D2
:101C8000E6FF28B3637B072B25D1130602F07F05FF
:101C90000BD54FF40041201DFFF748FF2046A572E9
:101CA000E5F7FCFA88B9002038BD637AAB42FAD276
:101CB000A37AAB42F7D2231DD3E8EF1F21F40041F2
:101CC000C3E8E21F002AE9D0F6E7637AA372EBE7E4
:101CD0006FF01500E8E76FF07F00E5E708B5032136
:101CE0000246FFF7B4FF00B1507A08BD08B50121E4
:101CF0000246FFF7ACFF08B102F1700008BDF8B56D
:101D000007460D464FF0FF304FF0FF31DDF780FF03
:101D10000646D0B10E210C30DAF754FF04460E22ED
:101D2000002105F0BBFA3B88314623802B88002236
:101D300063806B8842F21300A380AB88E380EB885A
:101D40002381BDE8F840DEF797BB6FF06800F8BD6F
:101D500038B50C4601210246FFF779FF00B3131D89
:101D60001846FFF7DEFE0105C0F3C02505D5214664
:101D7000BDE838401046E1F72FBA21881846A2F88E
:101D800088106188A2F88A10A188A2F89010E188D2
:101D9000A2F892104FF40051FFF7C8FE284638BD54
:101DA0006FF01500FBE708B503210246FFF74FFF70
:101DB00038B19378012B04D1BDE80840104601F0FA
:101DC00050B96FF0150008BD08B503210246FFF7B2
:101DD0003EFF38B19378012B04D1BDE8084010468E
:101DE000E5F754BC6FF0150008BD7047704701223D
:101DF00010B400F15003D3E8EF1FC3E8E42F002C28
:101E0000F9D141B9034653F84C2BC164D2F8B41050
:101E100029B9C2E92C33006810BCE0F70DBB0B6098
:101E2000C2F8B430F7E770B50446D0E900354BB3DB
:101E30000021D3F8B0204C306AB1904234D1E26C2A
:101E400051BBD3F8B410C3F8B020884201D1C3F815
:101E5000B4200023E364002204F15003D3E8EF1F11
:101E6000C3E8E02F0028F9D104F130060022002356
:101E70003046F3F717FFD0B96B680BB1204698478F
:101E800000232360E3680BB1204698472B6A8BB18F
:101E90002046BDE8704018470A60D3F8B42090424D
:101EA00008BFC3F8B410D4E711461268C4E7DAF7E4
:101EB0005BFDDBE770BD38B5406B30B150F80849C9
:101EC00004B1083CFFF7AFFF04B938BDA5682DB1D8
:101ED0002046083DFFF7A7FF2C46F7E72046BDE860
:101EE0003840FFF7A0BF38B5436B0D46BBB118466D
:101EF00050F8084904B1083C53F8043C9B680BB106
:101F0000294698475CB12046A468436824B19B6881
:101F1000083C002BF4D1F6E79B68002BF0D138BDCC
:101F2000F8B50F4600210546164600234FF48032CF
:101F30000846E1F747FB044620B92846BDE8F840CB
:101F4000E1F76EBA04210C30DAF73CFE05704770F9
:101F500046802046F8BD406B28B1838B08388B4201
:101F600001D08068F8E7704710B54AB989B2FFF729
:101F7000F2FF28B143689B6913B1BDE810401847D0
:101F800010BD38B50D460521FFF7E5FF00232946B2
:101F90001A46E1F731FB044610B12846DAF7E4FCB3
:101FA000204638BD406B28B1838908388B4201D068
:101FB0008068F8E7704770470346006828B15968A1
:101FC000026888421A6008BF5A60704703460020C2
:101FD00003B970471A8A5B681044F9E710B5D468F2
:101FE0000231237813B92170012010BD8B42FBD040
:101FF000038A023B038200201061F6E70620704747
:10200000FEF777B973B51446014605464FF495724D
:10201000206800F0DFFD207500BB237A2068ABB19B
:10202000A3F11802534253419B000193638A29464E
:102030000093AE68238AE268B047002808DB238A51
:1020400098420ED100230120237508E00223ECE71B
:1020500010F1FF0F05D34042C0B22075002002B03E
:1020600070BD0E20F9E71FB5CDE9012300231A4604
:102070000093E3F731FC05B05DF804FBF8B5936815
:1020800005460F461446166863B9506801210C30A6
:10209000DAF798FDA0602B681B78002B14BF022391
:1020A00001230370A3681B78012B03D0022B1FD0E0
:1020B00000201CE02B681B78002BF9D160680421FC
:1020C0000C30DAF77FFDE06007802A68E368528809
:1020D0005A806168728D738B088A9A4294BFC0EBF4
:1020E0000200C0EB0300042894BF00200120F8BDCB
:1020F0002B681B78022BDBD1606812210C30DAF7D9
:1021000061FDE06007802B68E268591C02321133E0
:1021100051F8040B994242F8040BF9D16168728DB1
:10212000738B088A9A4294BFC0EB0200C0EB030095
:102130001228D9E770B40568AA6A52B3136803B1CC
:10214000B03BA2F1B0040022114600E0B03B844253
:1021500007D0668D648BB14238BF3146A24238BF8A
:1021600022461C462BB1D3F8B030002BEED184426E
:10217000EFD1438D408B8B4201D890420BD98242E4
:1021800038BF02469942286838BF194670BCE4F748
:1021900051BA1146EDE770BC7047D068043103783E
:1021A00013B90170012070478B42FBD00020916869
:1021B0000B8A043B0B82106170472DE9F04F0446F7
:1021C00085B0104690469946FFF700FF638B628DFD
:1021D0008B46934228BF1346834240F29380636844
:1021E00040460393DAF706FC4FF0000A06464046E5
:1021F000FFF7ECFE628B638D06F10C079A4294BFE9
:10220000C0EB0205C0EB03053846FEF776FD8542BC
:1022100017D24046FFF7DAFE628B638D9A4294BF75
:10222000C0EB0205C0EB03058DBB98F80A00DAF796
:10223000A3F900220023FEF73AFD064630B95746BF
:1022400036E03846FEF759FD0546EDE701464046C3
:10225000DAF716FC4046FFF7B9FE628D638B06F194
:102260000C079A4294BFC0EB0205C0EB0305384649
:10227000FEF743FD85421FD24046FFF7A7FE628D61
:10228000638B9A4294BFC0EB0205C0EB0305F16873
:10229000328ACDF80090DBF804700A44039859465E
:1022A000ABB2B847071E0CDABAF1000F18BF574699
:1022B000384605B0BDE8F08F3846FEF71EFD0546EE
:1022C000E5E70E9BB3B9394606F10C00DAF77AFC64
:1022D0004046FFF77BFE638D628BB944934228BF73
:1022E00013468342BA441FFA89F9A8D9AF423FF492
:1022F0007EAFA4E7394630460F9A0E9B98470028D8
:10230000E1D19CE70027D3E70022036803B97047B7
:102310008B420FD10B683AB942680360914200D1F9
:10232000436000230B60704713604368994208BF05
:102330004260F6E71A461B68E8E706207047D0E8D7
:10234000EF3F43F00802C0E8E12F0029F7D1C3F3C3
:10235000C000704773B500230546166814467068C0
:1023600029461373952200F035FC207380B9CDE91E
:10237000000029463046A388A268FFF71EFF002808
:1023800009DA10F1FF0F32BF0E204042C0B22073B5
:10239000002002B070BD0120FBE72DE9F3410023CE
:1023A000074616681446706839461373952200F084
:1023B00011FC0546207308BBA068718D728B038ADF
:1023C000914294BFC3EB0103C3EB0203012B15DD64
:1023D00002210C30DAF7F6FBCDE900558046A388E0
:1023E00039463046A268FFF7E8FE031E0ADA13F109
:1023F000FF0F32BF0E235B42DBB22373002002B01B
:10240000BDE8F0810120A8F80030F8E72DE9F0419F
:1024100004468868FFF7DAFD638D628B0D469342B0
:1024200028BF134683421DD300272166D1F80880B8
:102430008F60F5F789FB41462046E1F745FD0646EA
:1024400038B1C5F808802766F5F7ECFB3046BDE8E3
:10245000F081618D638B2846994228BF194600F0B0
:1024600083FCF1E76FF07906F0E738B50546D1E86F
:10247000AF3FDB0716D550F8040C98B1EB6D8BB964
:102480000430FFF799FD044660B10146281FFFF7AD
:10249000BDFF38B155F8043C5A6822609A685C6008
:1024A00002B99C6038BD2DE9F041846A074634B317
:1024B00054F8B06906B1B03E002307F104081D4688
:1024C00001E034461646226E92B905B983B94046FA
:1024D000FFF772FD054650B101462046FFF796FF13
:1024E00068B17B682B60BB687D6003B9BD60234623
:1024F0002EB1D6F8B020002AE3D0B03AE1E7BDE82B
:10250000F08170B504460E46002200230846F3F71A
:10251000C9FB054658B101462046E1F7D5FC044603
:1025200018B12946304603F07EFD204670BD6FF09D
:102530000104FAE7F8B5054650F8044C071F00F10E
:102540005803D3E8EF1F21F00401C3E8E21F002A7B
:10255000F7D1FCB1EB6D83B9636873B1201DFFF750
:102560002BFD064601463846FFF750FF90B16368E1
:102570003360A368666003B9A660384605F1600160
:10258000FFF7BFFF30B1384604F10C01BDE8F84059
:10259000FFF7B7BFF8BD38B504460D46E1F794FC28
:1025A00030B1294604F16400BDE8384003F030BD85
:1025B00038BD2DE9F0418846174601210422054621
:1025C0001E46E1F791FD044670B104210C30DAF7A4
:1025D000F9FA80F80080A0F80170C67021462846FC
:1025E000BDE8F041FFF7D7BFBDE8F08137B50C4635
:1025F000054601F10C00FEF774FB228A03460192A6
:10260000E2681221009228461322E1F729FE03B066
:1026100030BD37B50C46054601F10C00FEF761FBF5
:10262000228A03460192E26828460092002211465F
:10263000E1F716FE03B030BD07B5CA680C21138858
:10264000528800920D22E1F7DBFF03B05DF804FB36
:1026500007B50022CB680A211B8800920B22E1F704
:10266000CFFF03B05DF804FB70B5CB6804461E884D
:10267000B3B2162B1AD90321E1F784FE0546B8B18F
:1026800002210C30DAF79EFA6FF00D03037001237C
:10269000294643702046FFF77EFF4FF4F97320462A
:1026A00063836685FFF746FD002070BD0420FCE7CC
:1026B0000E20FAE7E3F75AB808B5E1F7B9FB08B31B
:1026C000826A02B3136803B1B03B32F8960C32F859
:1026D000862C904228BF104643B913E0934228BF8E
:1026E0001346984238BF1846A1F1B003D3F8B01092
:1026F0005A8B5B8D0029F1D19A4228BF1A4690422D
:1027000038BF104608BD1046FCE70A8A0023C96896
:10271000E2F71CB970B5054650F8043C044655F87C
:102720000469002B32D031B1C36D7BB31B7CDA0757
:102730002CD505231DE03046E3F790FF737A012B7B
:1027400024D0E46D14B3237CDB071FD5E368002B92
:10275000EFD028466269617CE1F7C6FC064638B1D5
:10276000D4E90512E368984750B13046DAF7FCF82F
:102770000E2300222846BDE870401146E2F7E6B875
:1027800031462846E1F7A0FB0028EED170BD0120BC
:10279000704708B5E1F74CFB78B1836A6BB1B03B89
:1027A00003F15C02D2E8EF0F20F00800C2E8E10F6D
:1027B0000029F7D1D3F8B030F0E708BD08B50421FF
:1027C000FFF7F0FB20B15830D0E8AF0FC0F3C000E6
:1027D00008BD70B51C460E461546E1F74FFB0123B8
:1027E000C0E90365C380047570BD106000207047A8
:1027F00010B5029CA36833B1B1F5807F28BF0E21CC
:10280000CAB221469847A37DE268013BDBB2A375BB
:1028100022B11BB92046BDE81040104710BD106022
:1028200091800020704700207047FDF76BBDF0B528
:10283000076806463D78144689B0E5B97B88B3F54C
:10284000245F04D011D8A3F52053032B13D8ADF87F
:102850000A10022220460DF10A01E2F7F1F970B1E7
:102860006FF01502C4F8642106E003F55643FF3308
:102870009BB2042B1DD90125284609B0F0BD7B88E9
:10288000022220460DF10A01ADF80A30E2F7D8F92C
:102890000028E5D1009003AA132331467768B84792
:1028A000021EDFDB03A92046E2F7CAF90028E2D0C6
:1028B000D6E7ADF80A10022220460DF10A01E2F730
:1028C000BFF90028CCD17B880222ADF80A300DF187
:1028D0000A01E8E7072208B504F0E8FCB0FA80F046
:1028E000400908BD10B503780446934207D1013072
:1028F000FFF7F0FF002814BF2046002010BD002085
:10290000FCE7034610B5D3E8EF0F40EA0102C3E845
:10291000E42F002CF7D110BD034610B5D3E8EF0F1C
:1029200000EA0102C3E8E42F002CF7D110BD0B68C8
:1029300003608B8883808B7983717047D0E8AF0FF9
:102940007047FDF7D6BC70B50D46064611F8010B71
:10295000E0F762FB044610B12C89DFF72BFE6B8990
:10296000A34207D0EB686C8123B121463046BDE815
:102970007040184770BD38B5BDF8104015469442F8
:1029800011D374B123B92046BDE83840E2F75ABBF1
:10299000A21A8A42A8BF0A4694B22246591904F0E4
:1029A00056FC204638BD6FF00600FBE730B585B019
:1029B000C96814461D46E2F759FA00B1008902239E
:1029C000ADF80E00009329462046BDF820200DF1F9
:1029D0000E03FFF7D0FF05B030BD1FB50C461946FA
:1029E000E36810461C78BDF818203CB11024013370
:1029F000069404B0BDE81040FFF7BDBF5B88ADF89A
:102A00000E30022300930DF10E03FFF7B4FF04B064
:102A100010BD30B51D46002385B014468DF80C302E
:102A2000E2F7F6F910B1037A8DF80C30012329464C
:102A300000932046BDF8202003ABFFF79CFF05B0B4
:102A400030BD2DE9F04114461D46BDF81870DDF784
:102A50001DFB0646CFF7B4F980B2069033463A46DE
:102A600029462046BDE8F041FFF785BF30B585B067
:102A700014461D46FEF79BFD0223ADF80E000093A1
:102A800029462046BDF820200DF10E03FFF773FF05
:102A900005B030BD022A10B508D1002300F1700145
:102AA0001A46007AE2F764FA022010BDE2F772FBE0
:102AB000FAE708B50C3029B10121FFF722FFC04326
:102AC000084008BD6FF00101FFF726FF00F001008C
:102AD000F7E710B50446FFF7ECFF38B12146BDE833
:102AE0001040012211F8010BE2F7D4B910BD38B53E
:102AF00004461546FFF74BFE48B12046E2F788F939
:102B000028B1037ADB0702D50121FFF7E2FF55B9AF
:102B1000207A04F17001E2F7FFF820B18560BDE88A
:102B20003840E2F70DBA38BD13B5044610B900209D
:102B300002B010BD00238DF8043042F60303006894
:102B400001A9ADF80630FEF711FC0028EFD1E368CB
:102B500098880028ECD12046E2F776FE013080B25A
:102B6000E6E770B5CC681E46A37988B008468DF8B4
:102B70000C301546FFF7D8FFADF80D002468237818
:102B80006BB96388ADF80F300523009331462846B2
:102B9000BDF8302003ABFFF7EEFE08B070BD631C3C
:102BA0000DF10F02113453F8041BA34242F8041B29
:102BB000F9D11323E9E71FB5CDE9012300231A4614
:102BC0000093E2F789FE05B05DF804FBE2F79ABFD7
:102BD000FFF772BD38B54C8AD3070546C4F30E041F
:102BE00004D514F0950F2AD04B6843B3900704D551
:102BF00014F4957F25D08B681BB3144014F4DE7F4A
:102C00000DD0EB7A2BB92846FEF7EAFFD8B905209C
:102C100038BD14F0300F04D114F4C07F07D1002068
:102C2000F6E72846FFF75AF80228F5D8EFE7D5F877
:102C3000A030002BEBD05B7BDB06E8D5EFE7022072
:102C4000E6E70320E4E70F20E2E72DE9F04105463F
:102C50008846E2F7DDF80446E0B1037ADB0719D5D0
:102C600000F10C073846FFF769FE10F0010611D19C
:102C7000B8F1000F0FD06FF002013846FFF74CFE9D
:102C800010F0020F284609D0FFF783FD01212046EE
:102C9000FFF71FFF01263046BDE8F081FFF777FD03
:102CA0000028F8D02846FFF789FD0028F3D06FF000
:102CB00002013846FFF730FE2846E5E7F8B506463C
:102CC0000F46E2F707F8394604463046FEF771FC36
:102CD00048B344B304F108056FF001012846FFF73B
:102CE0001BFEC20703D539463046E3F7CFFC6FF031
:102CF00002012846FFF710FE830703D53946304608
:102D0000E2F7E2FC2846FFF719FE60B9234603F814
:102D1000010BC4F80100C3F80300D5E8EF3FC5E894
:102D2000E20F002AF9D1F8BD10B50446A0F1170151
:102D300010F8180CFFF7C2FF14F80C0CA4F10B01EB
:102D4000BDE81040FFF7BABF38B5044659B100F1ED
:102D500070052946007AE3F799FC2946207ABDE8F8
:102D60003840E2F7B1BC38BD704707207047FDF727
:102D7000C0BAD0E8AF0F084100F001007047034629
:102D800010B5D9B1C88910F0240F17D01A7D5C7B1B
:102D9000097BA24228BF2246914201D9002010BDE2
:102DA000820604D4187A003818BF0120F7E70521FD
:102DB000181DFFF7DEFF0028F4D1EFE70120EEE752
:102DC00001238B40DB43D0E8EF2F1A40C0E8E12F0E
:102DD0000029F8D17047FDF795BA08B50621FFF72D
:102DE000E1F818B9BDE80840E3F730BDEC3808BD9C
:102DF0000720704701238B40D0E8EF2F1A43C0E82B
:102E0000E12F0029F8D1704708B50E21FFF7F2FF36
:102E1000002008BD70B5051D0E4628460421FFF7A9
:102E2000A8FF68B10022002100230846E0F7CAFB92
:102E3000044640B904212846FFF7DCFF204670BD58
:102E40004FF47022EFE701210C30D9F7BBFE06707A
:102E5000F4E738B504210446FFF7DCFF054698B1D6
:102E600010210C30D9F7AEFE04F1270304F137022C
:102E700053F8041B934240F8041BF9D1204629461D
:102E8000E3F7FAFC002038BD0820FCE770B5D0F865
:102E9000EC300446DB78012B19D1CD68061D1021DA
:102EA0003046FFF78DFF2B4604F1B70205F1100104
:102EB00053F8040B8B4242F8040BF9D1072130463A
:102EC000FFF757FF28B109213046FFF793FF002095
:102ED00070BD0A213046FFF74CFF0028F3D1204691
:102EE000BDE87040E3F7E2BD072070470720704758
:102EF00007207047012303FA01F1CA4330B5D0E837
:102F0000EF3F03EA0204C0E8E54F002DF7D1194274
:102F100014BF0120002030BD70B500F170060446DA
:102F20000D4607223046096804F0C0F940B96B68C5
:102F30001A6822679A88A4F874209B7984F87630FE
:102F400070BD38B504460025031DD3E8EF2FC3E854
:102F5000E15F0029F9D104F5A470F3F72BFF257286
:102F6000D4E8EF3FC4E8E25F002AF9D12046BDE88B
:102F700038400121FFF73EBF2DE9F84FDDF82C80E6
:102F8000044692461F46BDF82890FFF726FF0546E7
:102F900000285AD0061DB9F1000F27D15AEA0703BD
:102FA00024D103213046FFF7E4FED0B3012130469F
:102FB000FFF7DFFEA8B32C7D6B7B05F147019C4238
:102FC00028BF1C462246404604F041F90F2C06D883
:102FD0000021C4F1100208EB040004F05FF9304650
:102FE0000121FFF707FF0120BDE8F88FD4F8A030DA
:102FF000F3B904F1700B5A462020217AE4F710FF50
:10300000C4F8A00030B95A460120217AE4F708FF3D
:10301000C4F8A000B9F1000F0AD15AEA070704D09A
:1030200006E0D4F8A030002BE3D0D4F8A01071B99A
:103030000F213046FFF79DFE20B1022206212046D7
:10304000DFF76AFF2846FFF77CFF0020CCE7CB893B
:103050009B06EDD50C7B1A312246B4E76FF0850054
:10306000704738B5FFF7B9FE044610B96FF0150088
:1030700038BD051D0A212846FFF73CFF0028F5D082
:1030800007212846FFF775FE28B109212846FFF7DA
:10309000B1FE0020ECE710212846FFF76AFE092167
:1030A0000028F3D12846FFF764FE0028F1D020461F
:1030B000E3F7FCFC01460028EBD02046E4F748FA91
:1030C000E7E770B504460820E3F776FB0546E0B174
:1030D000061D08213046FFF773FEBCB30721FFF73A
:1030E0006FFE234605F1970204F1200153F8040B0B
:1030F0008B4242F8040BF9D10A213046FFF739FE22
:1031000070B109213046FFF775FE0720E3F754FB45
:103110000446E8B1E3F7D2FB0146C8B1204612E00D
:1031200010213046FFF725FE09210028EAD130465C
:10313000FFF71FFE0028E8D02846E3F7B7FC01465A
:103140000028E2D02846E4F703FADEE70B21F9E78E
:1031500070BD70B50446A0F1EC0650F85C3BE83C4D
:10316000D3F8A050F3F726FE03212046FFF701FE17
:10317000A0B108213046E4F755F93DB1EB8913B110
:103180006B7B9B0702D52846E4F72AFF3046BDE853
:1031900070404FF4C072002104F080B80121204635
:1031A000FFF7E7FD0028E4D10F212046FFF7E1FDFE
:1031B0000028DED1E1E7DDF72BBE10B5431E00F19C
:1031C0001002073013F8011F12F8014D83421C70E2
:1031D0001170F7D110BDF0B50E4614461D4697B0DC
:1031E0000146202205A81C9FE5F706F8202231465B
:1031F0000DA8E5F701F82146102201A88DF85450DA
:10320000E4F7FAFF3B46412205A901A8E5F7B6F825
:10321000044610B93846FFF7D0FF204617B0F0BD7E
:103220002DE9F04316461D4697B00446DDE91F9888
:10323000102205A8219FE4F7DFFF1022314609A8DC
:10324000E4F7DAFF102229460DA8E4F7D5FF0322A0
:103250001E9911A8E4F7D0FF494611F8013BD9F8AF
:1032600001008DF847308B880622129012A8ADF825
:103270004C30E4F7C1FF414611F8013B06228DF8BE
:103280004E30D8F801300DF14F00CDF84F308B881B
:10329000ADF85330E4F7B0FF2146102201A8E4F75F
:1032A000ABFF3B46412205A901A8E5F767F80446B4
:1032B00010B93846FFF781FF204617B0BDE8F0830C
:1032C000EDF700BA20387047FDF713B810B5036961
:1032D0000446C0E905330023C360837F13B1407AFD
:1032E000E6F7C6FE0123237700236377E377A3770E
:1032F00010BDF2F74FBAF2F71DBB0120E5F7D4B9C4
:1033000038B50446E5F790F8054660B1037A6BB12D
:1033100020460024E6F754FF2846AC77FFF7D6FF97
:1033200020462C7238BD6FF01500FBE76FF0770078
:10333000F8E770B504460E461546E5F703FF30B9C9
:1033400006B925B12046BDE87040E5F751BF70BD14
:1033500010B50C46E5F7C6FFEFF31183202282F388
:103360001288BFF36F8F02692260027B2AB9807DC9
:1033700083F31188BFF36F8F10BD0420F8E7F2F7D5
:103380001DBD00692830F2F719BD13460A46012118
:10339000FCF7B8BF08B50020D9F778FD002008BDBC
:1033A000F8B5069F0469C9B2EFF31186202585F3AD
:1033B0001288BFF36F8F0C2569430C44D4F88850F2
:1033C00005F0070CBCF1010F0CD1C4F8887086F32E
:1033D0001188BFF36F8FC4E9202343685B58984777
:1033E0000020F8BD05F0C005AF4286F31188BFF399
:1033F0006F8F0CBF6FF077004FF0FF30F1E713B520
:1034000080240094FFF7CCFF02B010BD0069CBB25E
:1034100000EB4310002110470320EDF72BBC0220E6
:10342000EDF728BC0020EDF725BC0320EDF7AABC82
:103430000220EDF7A7BC0020EDF7A4BC1046F2F780
:10344000BDBC8022E7F798BC0020704708461146B3
:10345000DDF7F2B8002208B511461046F8F712FA67
:10346000002818BF6FF0150008BDF7B51C460023F3
:10347000164682682360A3600D465369694601AA17
:103480009847019B5A1E01921BB96FF0150003B0BB
:10349000F0BD0098A26847682168676085B9B31AD3
:1034A000D0F800C0634528BF634603FB07111A44E8
:1034B0002160A26002689A4206D808300090E0E7D6
:1034C0006B1AB3FBF7F3EBE70020E0E713460022AB
:1034D000FFF7CBBF2DE9F0470024836886B088460C
:1034E00091465B6902AA01A99847A2462546029B1C
:1034F000AB4202D806B0BDE8F0870026019F07EB7B
:10350000C5077B6804933A680AEB0603B24202D807
:103510009A460135EBE749460394059303A8C04753
:103520000028E7D0049B01361C44ECE74FF400026E
:1035300000230020C1E90023704718B901F11800E9
:10354000F2F73CBC704710B50446026902F1300343
:10355000D3E8EF1F0139C3E8E01F0028F8D1536B0F
:103560003BB94FF050230222C3F8B82509B9EEF752
:10357000E1FE2069BDE81040F2F720BC10B50469F7
:1035800004F13003D3E8EF1F0131C3E8E21F002A42
:10359000F8D100694FF0FF334FF0FF32F2F792FCA1
:1035A000636B43B94FF05022C2F8B8350720BDE82D
:1035B000104002F0A0BC10BD7FB5FF238DF8033092
:1035C0000DF10303002101930123CDE9023105230D
:1035D00003A88DF80C3001AB04910593E7F7A8FE22
:1035E0000028A8BF9DF8030007B05DF804FB1FB5D5
:1035F000002188420CBF0623042301A8CDE9011154
:1036000003918DF80430E7F793FE002818BF6FF0A0
:10361000040005B05DF804FB10B50C4601F0C3F9D9
:103620000023C4E90003184610BD38B505460C4612
:1036300001F0B9F9002D07DBA84205D9401B8442EF
:103640008CBF0020012038BD0020FCE770B50D467E
:103650001946284616461C46FFF7E7FF28B92146BB
:103660002846BDE87040E8F7B7B924B1224629469C
:10367000304603F0ECFD002070BD436800205B681D
:103680001B690B607047436802EA01005B6821EA2E
:10369000020198600020D9607047436800205B6891
:1036A00099607047436800205B68D9607047436841
:1036B0005A68536821EA03000B4090600020D360F1
:1036C0007047082913B528BF08214FF47F020C4624
:1036D000D2F80432D2F808221BBA12BA00920A4673
:1036E0006946019303F0B3FD204602B010BD00F01F
:1036F00043B8002201210920D8F796BB38B504460B
:10370000056901222846114602F09BFC012205F1C1
:103710001800002102F095FC2046BDE83840E8F78B
:10372000B5BD0069F2F7CEBB0069F2F747BB13B530
:1037300001AA044600F03BF8002805DB019B226843
:1037400019791868E8F7F4FE02B010BD10B54468A6
:103750000021606AFFF7EBFF2046BDE81040F0F75C
:1037600049B910B544682046F0F76AF9606A01214A
:10377000BDE81040FFF7DBBF10B54468FFF7F1FF6D
:103780002046F0F791F9002010BD10B500690F290F
:103790009FBF00EB810440F821202364002088BFF4
:1037A0006FF0150010BD002070471020704730B535
:1037B00043681360057A446804EBC504A34202D34E
:1037C0006FF0010030BD5C798C4201D00833F0E726
:1037D0000020F7E710B50469204602F0F9FB00234A
:1037E000636110BDF8B5876806467C689CB1436884
:1037F00093F82630DB071DD405694FF0FF334FF0F7
:10380000FF322846F1F7C6FF6B69002B05DC002468
:103810002846F2F78FF82046F8BD013B6B61002B7C
:10382000F5D17B6830469847041EBEBF6B690133F3
:103830006B61EDE70024EEE7F0B4D0E901631B69AA
:103840003BB177688F4208DB3568954205DCF0BCF8
:1038500018476FF05700F0BC70476FF01500FAE79B
:10386000F0B4D0E901631B6A3BB137698F4208DBD2
:10387000F568954205DCF0BC18476FF05700F0BCC6
:1038800070476FF01500FAE770B4D0E90162956AED
:1038900003460C46A5B196F8242012B92B4670BCFD
:1038A0001847306A024410F8011BA14202D1214698
:1038B0001846F3E79042F6D16FF0850070BC704770
:1038C0006FF05700FAE72DE9F3410E46D0E90147C2
:1038D00094F825108046FF2905690FD194F8261029
:1038E000C1F38101022914D0D8F8083000391B6BCC
:1038F00018BF01214BB96FF0570003E0FFF7C4FF79
:103900000028EBDA02B0BDE8F08140469847002875
:10391000F8DBA268B2F1004F05D011464046FFF730
:103920008BFF0028EEDB6269B2F1004F05D0114633
:103930004046FFF795FF0028E4DB2368B3F1004F12
:1039400014D0D8F808305B69002BD4D0404601A9C8
:1039500098470028D6DB2268019B9A421CDD11465D
:103960004046FFF769FF002805DACBE76FF0004318
:1039700062689A42E5D19EB994F826309B0716D02A
:1039800040463B6898470028BCDBA069E8F794FEF6
:103990006B6901336B610AE062689342EBDDDEE73D
:1039A0006B6901336B6194F82630DA0601D400208C
:1039B000A8E74046FFF716FFA4E743681868B0F190
:1039C000004018BF012070470346084631B95B68C4
:1039D0001B68B3F1004F01D0136070476FF0150002
:1039E000704708B54368986A38B1012293F82C10E3
:1039F000E8F778FE00EAE07008BD6FF08500FBE7AD
:103A00004368986A20B1002293F82C10E8F76ABE48
:103A10006FF08500704710B58AB08DF8052001AAB7
:103A2000069202220C46CDE907230C9B40680993BD
:103A30000B2C06AB8DF80410029300F104010BD19E
:103A4000CDE9043201230393006883681C6804AB4A
:103A500002AAA0470AB010BD0392006883681C68E0
:103A60000023F5E707B500930B460B21FFF7D3FFC3
:103A700003B05DF804FB1FB5ADF80E1000930A21EA
:103A80000DF10E03FFF7C7FF05B05DF804FBF7B5B6
:103A900001230D462C220DF1070107460669FFF7A9
:103AA000E1FF68B99DF80740012304F03F0444EAB0
:103AB00085142C223846E1B2FFF7DDFF00B93572DC
:103AC00003B0F0BD2DE9FF4101270D4690461C468D
:103AD0000A4600970B210DF10F030646FFF79BFFE7
:103AE00070B99DF80F300A2123EA080214433046CA
:103AF0002A4600970DF10F038DF80F40FFF78BFF5B
:103B000004B0BDE8F08101230B22FFF7ABBF07B57E
:103B1000012308220DF10701FFF7A4FF03B05DF8B0
:103B200004FB70B5154602690446917201F0030169
:103B300041EA8301D372C9B2EB05958148BF41F0D8
:103B4000080101232822FFF796FF38B929462046AD
:103B5000BDE8704001232922FFF78DBF70BD37B546
:103B600008230C460E2269460569FFF77BFF88B9DA
:103B7000237860F300032370BDF800306380BDF844
:103B80000230A380BDF80430E380BDF80630238105
:103B90002B7A637003B030BD4FF47A7301EB81115F
:103BA00001F6CA0191FBF3F203FB121159430260C3
:103BB00041607047F8B5034610461D690C292AD8A4
:103BC000DFE801F0070E12162929292929292929B8
:103BD00024002A7AB5F90010E8F77EFF0020F8BD2E
:103BE0002A7AB5F90210F7E72A7AB5F90410F3E753
:103BF0001446AE1E2F1D36F9021F20462A7AE8F71A
:103C00006BFFBE4204F10804F5D1E7E7B5F90610F1
:103C1000FFF7C2FFE2E76FF08500E0E751F8040C20
:103C2000E9F7F6BD13B58CB2090C10D10178CB07BA
:103C300006D4032C0BD801230020138002B010BD42
:103C40004388002BF8D0032C04D90C2C09D06FF03A
:103C50008500F3E7880756BF0621DB08B3FBF1F3C5
:103C6000EAE78907F3D5C3F3CF03E5E70378024614
:103C700013F0010012D00A2907D00B2909D001291D
:103C80000BD1507800F0010070475078C0F38000ED
:103C900070475078C0F3C00070470020704703465B
:103CA00010B5406803F108018142026805D10AB9E4
:103CB000002010BD5A6010461268A2B91C68A042CC
:103CC000F6D19A60EFF31182202484F31288BFF3B7
:103CD0006F8F1C681960216082F31188BFF36F8FAA
:103CE0000268002AE4D05A60E3E738B54569044623
:103CF0002846FFF7D4FFA8B1EB890022013BEB81F6
:103D0000034643F83029EFF31182202181F3128812
:103D1000BFF36F8F216A2062086082F31188BFF3BE
:103D20006F8F184638BD50684FF0B8611830E9F70A
:103D30000FBA10B50446806800220023F2F7C2F8DB
:103D400028B904F12C00BDE81040FFF7A8BF0020FF
:103D500010BD2DE9F74F07780446012F8846154618
:103D60001E46DDF8309038D143885B0735D543696E
:103D7000D0F838A03BB102698A4232D26FF00B0012
:103D800003B0BDE8F08FBAF1000FF7D0DAF81C30BD
:103D9000002BF3D093F804B007FA0BF77B1E5919E8
:103DA00021FA0BF13246DAF81C0001930091D0F7AA
:103DB000DFFFDDE9001350B901FA0BF1C9F800107B
:103DC00033686361D9F8003023610020D8E7BD4231
:103DD000D4D9ED1BA845E2D9D0E723694345CDD31B
:103DE000636933602369C9F80030EEE70B4610B50C
:103DF00054680021D868FDF760FA04F118004FF00C
:103E0000B861BDE81040E9F7A3B910B44468A468EC
:103E10006468A44610BC604743689B689B68184769
:103E20001029036929D006D80D290AD00E2918D0E7
:103E30006FF0850070471E29FAD19B6B1360002339
:103E40000CE06421D86A90FBF1F01060DB6A93FB10
:103E5000F1F001FB103342F210714B43002053602C
:103E600070474FF47A71186BB0FBF1F010601B6B68
:103E7000B3FBF1F001FB1033EFE74FF47A71586BAD
:103E8000B0FBF1F010605B6BF2E708B5006802F080
:103E900036F800280CBF6FF01200002008BD30B5C6
:103EA00089B044688DF807100DF1070120681D46A0
:103EB00002910121A388CDE9052503910722002164
:103EC0008DF81C208DF810109DF81C20816842F0A0
:103ED00002028DF81C208C68022202A9A04709B0BA
:103EE00030BD1FB58DF80120022243688DF8001007
:103EF00018689B88CDF804D002928DF80C209DF8AC
:103F00000C20816842F002028DF80C208C6801229E
:103F100001A9A04704B010BDF4F77EB810B4406802
:103F200084696468A44610BC60471FB540290469D1
:103F300020D10C2301AA1946FFF7F0FF98B9BDF86C
:103F400004302380BDF806306380BDF80830A380BC
:103F5000BDF80A30E380BDF80C302381BDF80E3087
:103F6000638104B010BD002323806380A380E380BD
:103F70002381F5E76FF08500F3E710B440688469AA
:103F8000A468A44610BC604710B5FFF7F6FF0446CE
:103F900010B90298FFF7C0FF204610BD03297FB576
:103FA00004461D463BD8062A08D0072A09D0C2B9C4
:103FB000194604B0BDE87040CEF78ABC1A4600210D
:103FC000F7E7012341210DF10F020669FFF7A6FF74
:103FD000F8B92B68082B1ED006DC022B07D0042B67
:103FE0001BD06FF0850014E0102BFAD1032033733F
:103FF0009DF80F30412123F0030318434FF47A73E7
:10400000009301238DF80F000DF10F022046FFF7FA
:10401000BBFF04B070BD0220E9E70120E7E70439E7
:104020000329DED8062A09D0072A0AD0002AD8D1C7
:10403000194604B0BDE87040CEF716BE1A460021FE
:10404000F7E7012343210DF10F020669FFF766FF31
:104050000028DED12B68B3F5FA7F1CD005DC7D2B60
:104060001BD0FA2BBDD1032005E0B3F57A7F16D023
:10407000B3F5FA6FB5D133829DF80F30432123F0A9
:10408000070318434FF47A738DF80F0000930DF176
:104090000F020123BAE70220EDE70420EBE701203D
:1040A000E9E730B58DB00DF103040294012402ADAF
:1040B000CDE90454039461F07F0108AC06948DF8B7
:1040C00003100224014601ADCDE90854CDE90A23CD
:1040D00051F8040B0794836804AA1D6806ABA8472F
:1040E000002803DB2046F3F797FF00200DB030BD1A
:1040F00007B5012300210DF10702FFF7D2FF03B03E
:104100005DF804FB10B50446006801F0F8FE38B114
:10411000E06808B9002010BD01F0F1FE0028F9D1D7
:104120006FF01200F7E711F5805FF0B52AD0B0F814
:104130000F40002A08BF2246FBB190F9005090F9C9
:104140000760A303B3FBF2F3A3F580431FB213FB95
:1041500003F3DA11037D90F91340DB017B4304FB89
:1041600002335B1203F58013A03673431B135943CC
:10417000E80000EB613000B2F0BD90F9015090F919
:104180000860DEE74FF00040F6E713460A460121DB
:10419000FCF7B8B883689B68184710B484686468F3
:1041A000A44610BC6047F7B5054614461F46406854
:1041B00001230DF107020E46FFF7EFFF00280BDB8E
:1041C0009DF8073023EA04023C402243934205D085
:1041D00031466868FFF7DEFF03B0F0BD0020FBE763
:1041E0000B4601224B21FFF7DEBF30B589B08DF8B9
:1041F00007100DF107011D46029101210446CDE98A
:1042000005250391072200210068A3888DF810106E
:104210008DF81C209DF81C20816842F002028DF868
:104220001C208C68022202A9A04709B030BD08B545
:10423000006801F064FE00280CBF6FF0120000203F
:1042400008BD1FB503468DF80120022200689B8837
:104250008DF80010CDF804D002928DF80C209DF856
:104260000C20816842F002028DF80C208C6801223B
:1042700001A9A04704B010BD4379014623B151F80C
:10428000060B83681B6818476FF08500704710B5F0
:10429000044630B100F0A3F80023C4E90003184637
:1042A00010BD6FF01500FBE7836801465B68186876
:1042B00083685B681847FCF71CB8002201210C20BA
:1042C000D7F7B2BD002201210A20D7F7ADBD10B546
:1042D0000B6813B91846136005E003685C681CB1ED
:1042E00014600368186810BD083303600B68013B55
:1042F0000B60EDE713B501AA0446FFF758FA002852
:1043000005DB019B226819791868E8F711F902B0FA
:1043100010BD38B50569446895F86D302BB120465D
:10432000EFF708F9002385F86D300121E06BFFF706
:10433000E1FF002038BD10B503680446DBB1986882
:10434000C8B149B1197B0122EAF7DEFA236818697E
:10435000BDE8104001F0CFBD12B99A88D2040AD44A
:10436000186901F0C8FD23680022BDE81040197BE0
:104370009868EAF7C9BA10BD10B5012200210446B9
:10438000FFF7D9FFA36933B9636004F11000BDE8FA
:104390001040F1F713BD10BD10B5006903688B42E2
:1043A00006D190F86C4034B9FFF7E6FF204610BD07
:1043B0006FF01500FBE76FF00F00F8E738B50569FF
:1043C0000446296405F12800F1F7F8FC002285F87D
:1043D0006C2020691146BDE83840FFF7ACBF08B536
:1043E000EAF70CFF08BD0A460121FBF782BF40EA4D
:1043F00001030F2B01D8EBF77DBA6FF01500704762
:104400000121EBF7A3BC0021EBF7A0BC08B5EBF74B
:10441000BBFC002008BD08B5F5F7BAFC48B1002385
:1044200083F31188BFF36F8F0423184602DF6FF008
:10443000040008BDF7F7C8B908B5D6F7EFF9D6F705
:10444000D5FABDE80840F7F7BFB9FBF752BF10B582
:1044500000F16404D4E8AF3F23B94FF4A470002105
:10446000F3F796FDD4E8AF0F10BD10B586B00092FB
:1044700001220393089B01920493002207238DF8E5
:1044800008208DF814309DF81430826843F0020340
:104490008DF8143094680B4602226946A04706B096
:1044A00010BD2DE9F0414FF0010888B016461C46BA
:1044B0008DF81420CDF800800DF10F0305AA0546F4
:1044C0000F46FFF7D2FF00BB9DF80F209DF8381074
:1044D00022EA04030C401C43A24216D004AB05930D
:1044E00002238DF810608DF8114006938DF81C3072
:1044F0009DF81C30AA6843F002038DF81C309468C4
:104500003B464246284605A9A04708B0BDE8F081D1
:10451000102313B540684222017900930068FFF729
:10452000C0FF041E01DAEBF737FC204602B010BDD5
:104530001FB51346012200928DF80F100DF10F02E6
:1045400081880068FFF791FF05B05DF804FB836A7E
:104550001BB100F12C0100691847704710B50C46DB
:104560000B6D4FF4001158680830EBF70FFE04F1A3
:104570004000BDE81040F2F7CBB810B500F164047C
:10458000D4E8AF3F23B94FF4A4700021F3F700FD46
:10459000D4E8AF0F10BD2DE9F04F994600234FF03E
:1045A000010889B08DF810300DF10303CDE905380D
:1045B000072301AD0F461446066890F804A08DF855
:1045C00004100295CDF80C808DF81C309DF81C303D
:1045D000B26843F002038DF81C30D2F808B053469D
:1045E0000222304602A9D847F0B99DF8032022EAFA
:1045F000040304EA09041C43A24215D002238DF8E7
:1046000004708DF80540029503938DF810309DF8E5
:104610001030B26843F002038DF8103094685346AE
:104620004246304602A9A04709B0BDE8F08F1FB549
:1046300003468DF80120022200689B888DF8001047
:10464000CDF804D002928DF80C209DF80C208168E2
:1046500042F002028DF80C208C68012201A9A047CB
:1046600004B010BD8068183820F00700103870477B
:10467000042809D0052803D1481E18BF012070471F
:10468000431A5842584170470120704738B51546C3
:104690000C4661B15AB1FBF74EFF2146254411F893
:1046A000013B834203D1A942F9D1012038BD00204A
:1046B000FCE738B50C460123114622460546FBF7B8
:1046C000E2FE00280FDB012221462846FFF7DEFF2D
:1046D00038B92378012B14BF022301230020237053
:1046E00038BD0323FAE70120FAE72DE9F7431D4619
:1046F00006460F469046FBF715FF6C1E04444042E9
:104700000440082C01D9D7F7BFFE3046FBF713FF52
:1047100081462A464146684602F099FD4946621B99
:104720000DEB050002F0BAFD23466A4639463046D5
:10473000FBF7BEFE003818BF012003B0BDE8F083D0
:1047400007B501238DF8042001AAFFF7CEFF03B0BF
:104750005DF804FB81680122183921F00701FFF799
:10476000EFBF8268183A22F00702FFF7A2BF13B525
:104770000C46C0B201A9D4F767FA50B92146019896
:10478000EBF74AFF04460198FBF77CFE204602B097
:1047900010BD0124FAE70E2A13B5044601D9D7F754
:1047A00073FE0E29FBD841EA02118DF80710FFF7BE
:1047B00059FF012301460DF107022046FFF795FF3F
:1047C00002B010BDF7B50D1E69460CBF17462F4647
:1047D0000446EBF721FF78B99DF80060022E2FD038
:1047E000032E0BD0012E33D135B19DF80330032BAE
:1047F00002D12046FFF7AEFF03B0F0BD002DFBD184
:104800002046EBF7E7FE05460028F5D1A7B1204684
:10481000FFF7A0FF0028EFD12378042B06D0022B4E
:1048200004D0012B0AD0083B5D425D413146204651
:10483000EAB2FFF7B0FFDFE70226EDE71D46F5E736
:1048400045B90146A2682046FBF747FE0320D3E79F
:10485000D7F71AFE0420CFE7004701F04CBB43090D
:104860000AD0012B0BD14FF6FF7300F01F0023FA83
:1048700000F000F0010070474FF0FF33F5E7002033
:1048800070472DE9F3411746DDE90858019001A86A
:104890000C461E46ECF7F8FA019B391E18BF0121A1
:1048A00000EB8300231E18BF0123002E43EA4103BF
:1048B00014BF0C210021002D43EA010314BF4FF463
:1048C00070610021B8F1000F43EA010314BF4FF4F7
:1048D00040310021D0F800220B4322EA030304B147
:1048E00024780FB13F787F001C430EB13678B600B4
:1048F0003C438DB1297809023443B8F1000F03D04D
:1049000098F800804FEA0848214341EA0801C0F8BE
:10491000001202B0BDE8F0812946EDE71FB50DF1A8
:104920000F03019300238DF80F101A4619460093C8
:10493000FFF7A7FF05B05DF804FB08B50146ECF7EB
:104940001DFB10B10846ECF733FB00F0010008BD79
:1049500038B5054608460C46ECF72AFBB0B10846C8
:10496000ECF70CFB90B90846ECF7FCFA01232A6837
:104970008340C2F808332A6803B202EB8303D3F8FA
:10498000102522F00302C3F8102538BD2046BDE8EB
:1049900038400021FFF7C2BFECF7ECBBFFF7D8BFF0
:1049A0000846ECF76FBB4FF4801070474FF480500F
:1049B00070474FF48070704708B5EDF7E5F8BDE833
:1049C0000840ECF7FBB94FF05023D3F8B825920715
:1049D00007D1D3F8580500F00300013818BF0120B3
:1049E0007047012070470223EDF788B90323EDF7E4
:1049F00085B910B50124A1F580739B0804FA03F36F
:104A000018400CD001F1A04101F56041086830B1B7
:104A1000002008602046096811681943116010BD24
:104A200008B500210120EDF71FFE0028F9D008BDD0
:104A300070B50126A2F58074A40806FA04F40546B0
:104A400014EA010008D0A85830B100213046A9501E
:104A5000AA581A6822431A6070BD00232DE9F34159
:104A600004460D460193904601AB4FF4A672FFF742
:104A7000DFFF4FF4827229462046FFF7D9FF4FF43B
:104A80008C72074629462046FFF7D2FF064630B112
:104A9000B8F1000F1DD017B13E46D4F83C354FF4A5
:104AA00088722946204601ABFFF7C2FF30B1B8F14A
:104AB000000F03D016B90FB1D4F83C354FF4907203
:104AC0002946204601ABFFF7B3FF019802B0BDE8CD
:104AD000F0814646E3E770B54B7F04460D467BB157
:104AE000012364264361002202212046FFF7B5FF1F
:104AF00020B90120FFF7B1FE013EF4D100236B770E
:104B00000023C4F8003570BD07B5019001A8EEF789
:104B10007FFA0123019A9340836003B05DF804FBA0
:104B200007B5019001A8EEF773FA0123019A9340AB
:104B3000C36003B05DF804FB91F820200346032A0C
:104B400029D8DFE802F0212519028A68500304D52C
:104B5000D3F84C250869904207D18A6852031AD4C9
:104B6000D3F84C258969914215D000200622C3F85C
:104B70000005C3F800257047D3F84C25086990421A
:104B8000F3D1D3F83C25EDE7D3F84C250969EAE7E2
:104B9000D3F83C25FAE70120704730B50124A2F58F
:104BA0008075AD08AC400C4207D0815829B1002176
:104BB000815082581A6822431A6030BD002313B511
:104BC0000C4601934FF4A47201ABFFF7E6FF2146B8
:104BD0004FF48272FFF7E1FF21464FF49272FFF724
:104BE000DCFF21464FF4A872FFF7D7FF21464FF4B0
:104BF000A672FFF7D2FF21464FF4B072FFF7CDFF48
:104C00004FF4AE722146FFF7C8FF019802B010BD05
:104C100007B5019001A8EFF7D1FA0123019A93405B
:104C2000836003B05DF804FB2DE9F04389B0109E6A
:104C30000446894690460021202268461F46129D60
:104C400002F02CFB1F2E97BF01234FF0FF33B34020
:104C500003F1FF332361119BC4E90098C4E9027694
:104C60006361183445B10FCD0FC495E80F0084E897
:104C70000F0009B0BDE8F0836D46F4E773B5046832
:104C8000661C31D08568A9422ED264182CD05E18DB
:104C9000AE4288BF6B1A056A35B100930523A84759
:104CA0000346184602B070BDBFF35B8F1946A41AC5
:104CB000101919B140EA0205AD070AD103290DDC2C
:104CC000013811448A42ECD010F8014F02F8014B30
:104CD000F8E70078013902F8010BE9E750F8044BD6
:104CE000043942F8044BE9E76FF02103D9E773B5C3
:104CF0000468651C32D08568A9422FD264182DD073
:104D00005E18AE4288BF6B1A456ACDB10093052389
:104D1000A84702B070BD12F8015B01390570154655
:104D2000A01819B140EA0206B607F4D103290ADC3B
:104D3000013D014488420CD1BFF35B8F1846E8E780
:104D40001946A41AEBE755F8042B043940F8042B54
:104D5000ECE715F8012F00F8012BEBE76FF02100CD
:104D6000D7E773B51C46036815465A1C29D08268DC
:104D7000914226D25B1824D066189642866A88BF74
:104D8000541A36B105232A460094B047204602B093
:104D900070BD184622464AB9294602F07FFABFF391
:104DA0005B8FF3E700F8015B013AF4E78307F9D181
:104DB0004FF001336B43032AEEDD40F8043B043A25
:104DC000F9E76FF02100E2E70020704710B4046BB0
:104DD00002460B4684B9C1681F2998BF23FA01F423
:104DE000416861B18068834209D21069184051F866
:104DF0002430184410BC7047234610BC18474FF0AD
:104E0000FF30F7E730B5059CC4E90002039A218121
:104E10001989E260049A618121856261D3E90025E4
:104E200002EB0113C4E906128A1C236203EB42035E
:104E30006A1C13446D422B406362836953B9013984
:104E4000E2698B4202EB031206DB002393736FF0DF
:104E50007F03D373002030BD0133D381F0E72DE908
:104E6000F04FB0F830A004465546002685B002EB5E
:104E7000030891460E9A00EBCA031FFA88FB9A6357
:104E8000A3F83CB008F1FF32C3690F1D0192B04591
:104E90001ADC238D2586A3EB0B032385236A618906
:104EA0005A8801390A4003EB4203A3F804A0BFF378
:104EB0005B8F0020226A538801335380638D013356
:104EC000638505B0BDE8F08FE06A2A0157F8041C3D
:104ED00003EB0515029303680392C91A8368083728
:104EE000994228BF4FF0FF31FFF770FFDDE9023232
:104EF000985000226A6057F8082CAA60019A9642DE
:104F0000ACBF00220122B145D8BF42F00202AA8103
:104F10000136ED89BBE7F0B550B3456A448E6B8826
:104F2000A34230D0631C43864389BFF35B8F013BB0
:104F30001C4005EBC4056B689EB209B1AD680D60FD
:104F4000D0F81CC09BB20CEB031100EBC3039D8F88
:104F5000078D2F44013D07859D878D896F070ED5ED
:104F6000058ECD8100210686986B996302B114806D
:104F7000F0BD9D8FC989013D0CEB01119D878D8985
:104F8000ED07F6D4ECE70020F2E7C36903EB011369
:104F90009868704770B5C369C56A09015E586B6B44
:104FA000E3B92C69621C09BF6B6834401C68341B70
:104FB00021462846FFF70AFF864207D02B690133B6
:104FC0001C44AB689C42F3D34FF0FF342868431C69
:104FD00009D0AB68A34206D9204470BD31462846AB
:104FE00098470446F2E70020F7E770B5BFF35B8F00
:104FF0000D46016A1646838E4A8804469A4212D0AC
:105000005A1C82864289013A134001EB4301898888
:10501000298089B2FFF7BEFF2A88E36903EB0213F8
:105020009B68336070BD0020FCE710B5026893698F
:105030001269920017D543B9438E026A8169448987
:10504000013B1B1B02EB4102938003689B69012B10
:1050500008D1838E426A81694089013B1B1A02EBA9
:10506000C102938010BD23B9026A138843F0010383
:10507000138003689B69012B01BF426A138843F0C8
:1050800001031380EEE710B5BFF35B8F036804469E
:105090001A699B6912F0005F1AD07BB9036A426AF1
:1050A0005B888169013B02EBC10292889B1A628D89
:1050B0009BB29A4214D80023638510BD012BFAD10C
:1050C000436A026A5B888169013B02EB4102ECE7BB
:1050D00063B9436A1B88DB4303F00103002BEAD06A
:1050E0006369002BE7D020469847E4E7012BE2D123
:1050F000036AEFE7036A828E598891420AD0418998
:1051000001390A4003EB42039A88C36903EB021397
:105110009868704700207047BFF35B8FC36803B186
:10512000184770474FF0FF324FF0FF33F0F7CABE19
:1051300010B1C36A0133C362704738B1C26A013A21
:10514000C2621AB9026B02B110470262704770B5B1
:105150000446056A05F164063046FFF7E3FF636A1B
:10516000A3F580637F2B0BD801225909503503F03A
:105170001F039A4055F8213023EA020345F82130F5
:10518000D4E90F124A60E16B04F13C031160204640
:10519000C4E90F33FFF7D1FF3046BDE87040F0F7A8
:1051A0000DBE10B5436A8CB00A9320230446024614
:1051B0000B9102A8194600F057FA28230122CDE9E5
:1051C000003220463522616A02ABEFF713FA00EA9B
:1051D000E0700CB010BD30B1006A20B119B1D0F848
:1051E000883003B11847704730B1006A20B119B157
:1051F000D0F88C3003B11847704730B1006A20B145
:1052000019B1D0F8903003B11847002070472DE94C
:10521000F84306468846174699460468A64201D1D7
:10522000002520E07A1CA4F13C0502D06B6ABB4249
:1052300019D0B8F1000F22D020224146284602F0B2
:1052400045F8E0B9B9F1FF3F02D0AB6A4B450AD04F
:105250007B1C0BD02468B442E2D054F8183CA4F173
:105260003C059F42E8D12846BDE8F883AB6A01338C
:10527000F9D02468B442D3D0A4F13C05D9E724681E
:10528000CCE770B505460C461E46CAB12023204621
:10529000194600F0E9F90123E362049B6662A36208
:1052A000059B25626363069BA363079B63646A682F
:1052B00004F13C03C4E90F526B60226C136070BDB3
:1052C0000A70E8E710B5044690B1036A83B102782A
:1052D0004AB193F8A43033B1436AB3F5806F02D377
:1052E0000121FFF75EFF2046BDE81040FFF72FBF0A
:1052F00010BD20B1036A13B15B6803B11847704752
:1053000008B530B1036A3BB1DB682BB19847002088
:1053100008BD6FF01500FBE76FF00500F8E7704778
:10532000F0F74CBD4FF0FF324FF0FF33F0F7CABD3E
:10533000F8B50C4600F164070546A4F1100638469E
:10534000FFF7F0FF3046EFF70BFA80B154F8083C56
:1053500024F8083CD5F8CC3044F80C3C05F1C803DF
:1053600044F8103CC5F8CC6054F80C3C1E6038463C
:10537000FFF7D6FF0020F8BD38B50D4600F16404F4
:105380002046FFF7CFFF55F8083C204603F5803351
:1053900045F8083CBDE83840FFF7C2BF2DE9F041B1
:1053A00088B00E9C282A8846D4F8C0006ED10168C7
:1053B0008568A8EB0101A94228BF4FF0FF312023E7
:1053C0006A46FFF75BFC04F16406D8F820703046AB
:1053D000FFF7A8FF3B464FF0FF3269462046FFF734
:1053E00016FFD8F824300546E0B1D0F8308003F03D
:1053F0000103B8F1000F02D0DBB9AF6230E0002B3F
:10540000FBD04FF0FF3383623046FFF789FFAB6B71
:1054100083BBD4F88030002B38D03A46694620460A
:10542000984733E0DB071FD43046FFF779FFE36F7F
:10543000F1E74FF0FF338362FFF77AFE3046FFF764
:105440006FFFAB6BA3B9D4F880301BB13A46694605
:10545000204698473046FFF765FF2846FFF76DFE68
:105460003046FFF75DFF11E03046FFF759FFD0E708
:105470004FF0010828469847D4F880301BB13A46CF
:10548000694620469847B8F1000FE3D1002008B0E4
:10549000BDE8F08170B500F16406A1F11005044685
:1054A0003046FFF73FFF2846EFF75AF938B120465C
:1054B0002946EFF731FAD4F8B800FFF7E4FD30469B
:1054C000BDE87040FFF72CBF10B548B149B1436843
:1054D0008B4206D382680468D21A5B1A4360A01814
:1054E00010BD0020FCE72DE9F3470546D0F8B400D5
:1054F0000E46904618B9002002B0BDE8F087036A56
:10550000002BF8D09B68002BF5D098474307F2D5C5
:1055100043F69823B8F1000F18BF984605F16407C9
:1055200005F1C8093846FFF7FDFED5F8C8404C45DF
:105530002BD054B3D4E90023536022681A60C4E925
:105540000044D5F8B43021899B69ADF806107BB1D1
:10555000012B14D03846FFF7E3FEBDF8063004F106
:10556000100003F58033A3603368103B3360C3E75A
:10557000D5F8A8303360D5F8B4309B69E8E7D5F8A2
:10558000BC00FFF702FD3060E4E7D5F8B430D3F893
:1055900018A0BAF1000F36D13146D5F8BC000DF194
:1055A0000602FFF7B8FC04460028D3D1D5F8BC307A
:1055B0001B8DB3B93846FFF7B3FEB8F1000F9AD090
:1055C000D5E92D32182112891B6B01FB0233D5F866
:1055D000D02022BB21200021F2F7DAFC08F1FF38AD
:1055E000A0E7D5F8A810D5F8C400FFF76DFF044672
:1055F000D5F8A830ADF806A033603846FFF790FE26
:10560000002CDAD0A9E7BAF1010FD3D13246D5F890
:10561000BC000DF10601FFF7E8FC0446EDE719694F
:10562000284690476FF4FB639842D3D000283FF49C
:1056300079AF60E720B119B112B1C0E90122016070
:10564000704710B5044618B910BD3C38FFF73AFE54
:1056500020688442F9D10023C4E92E33D4F8B40081
:10566000BDE81040FFF745BE70B505461C4699B130
:105670008B4228BF0C46661C013E05D012F8013B48
:1056800000F8013B002BF7D1A14207D9091B8A1969
:10569000002101F003FEA11B084670BD00230D444C
:1056A00005F8013CF7E708B5EFF716FC002008BD48
:1056B000EFF31180202383F31288BFF36F8F7047BD
:1056C00080F31188BFF36F8F704730B5026A0346CD
:1056D000D2E9014084424FF0000002D30123D3609D
:1056E00030BD18745068242501305060186A426833
:1056F000541E0268184605FB04225C1950F8045B2E
:10570000A04242F8045BF9D101209960E8E7F0B5C6
:10571000064604468BB001AD0F4694460FCE0FC52A
:105720000FCE0FC5216A33684A682B602068A568D0
:1057300022B90223CB6000200BB0F0BDFB0713D5CC
:1057400024260B68013A06FB02337E0703D41A7C39
:105750000AB10F23EEE7224603F1240153F8046B4C
:105760008B4242F8046BF9D1B90741BF226A5368F2
:1057700003F1FF335360AC4505D2236A002BDAD026
:105780000422DA60D7E77A0748BF20603B0701D4DC
:105790000120D1E7143406AB93E8070084E8070042
:1057A000F6E710B502601A44029B012983604FF0AE
:1057B0000003C26003740375836101D8036210BDE6
:1057C00024224A43243A841804628350026A8C1EBD
:1057D0009460026A02295360026AD360026A1374F9
:1057E000026A53741EBF036A24301860E7E7182862
:1057F00071F100030ED3B0F5807F71F100030BD37C
:10580000B0F5803F71F1000308D3002914BF0920CF
:105810000520704701207047022070470320704721
:1058200037B50024002508290A46CDE900450AD8E5
:105830000146684601F00BFDDDE9000103B0BDE85B
:105840003040FFF7D4BF002003B030BD0346002036
:10585000884200D170471A5C002AFBD00130F7E77C
:1058600000B1C1607047436803608368013383609F
:10587000006AFFF7F5BF08B50268C3689A4205D30E
:10588000006A0821FFF7ECFF002008BD0120FCE7BB
:1058900038B504460D46FFF7EEFF40B123681B788C
:1058A000B5EB531F04D00A21206AFFF7D9FF00206F
:1058B00038BD10B50446FFF7DEFF38B123681A780B
:1058C000FF2A05D00A21206AFFF7CAFF002010BD79
:1058D00001332360FBE710B5027D044632B1FFF7C8
:1058E000E8FF48B100234FF0FF3223752046BDE8A2
:1058F00010400721FFF70BBF10BD2DE9F84F1D46E3
:10590000531E072B04460E46174602D90E21206A65
:105910001EE020B94FF000094846BDE8F88F002985
:10592000F4D0FFF7A8FF81460028F3D0A3680BB995
:105930000321ECE7226892F8008008F01F0BBBF10E
:105940001F0F14D10DB3206A28B1037C1BB11521A0
:10595000FFF786FFDEE701232B7000252368013562
:1059600063602B442360A368013BA360D4E7BBF1D1
:10597000170F0CD9ABF11803D9B2032905D80125AB
:105980009D40AF4204D20521C1E70721BFE70025B2
:10599000E36805F1010A5244934201D20821B6E7B7
:1059A0003A460021304601F079FC15B986F800B07E
:1059B000D3E72268711E531913F801099A4201F8BE
:1059C000010FF9D1236A002BC8D01B7C002BC5D056
:1059D00008F107085FFA88F8B8F1020FBED9394616
:1059E0003046FFF71DFF8245B8D015218FE738B547
:1059F0000C4611460546FFF74BFF08B9002038BD9D
:105A0000042200232846A118FFF777FF0028F5D0CD
:105A10002B682360F3E7002337B504468DF8033085
:105A2000FFF736FFA8B1042220460DF103030DEB6A
:105A30000201FFF762FF60B19DF8035065B901995B
:105A40002046FFF742FE50B963682360A368013324
:105A5000A360002003B030BD6FF00F01F0E72575A3
:105A6000F8E738B504460D46FFF7C1FF48B1226894
:105A7000E3689B1A6A689A4204D908212046FFF716
:105A8000F2FE002038BD38B504460D46FFF7E9FFA9
:105A900018B123686A681344236038BD70B50D4699
:105AA000002104461646FFF7F3FE38B13246294678
:105AB0002046BDE870400023FFF71FBF70BD0422E1
:105AC000FFF7ECBFFFF7FBBF0222FFF7DCBF0322AB
:105AD000FFF7D9BF10B505210446FFF79CFF50B171
:105AE000237D4BB96FF00042A368934205D3052193
:105AF0002046FFF7B8FE002010BD5B00A360FBE767
:105B0000037D23B98068B0FA80F0400970470368CC
:105B1000C268934205D21878A0F1FF035842584159
:105B2000704700207047FFF7D6BE70B50D460721BD
:105B30000446FFF7ADFE48B123681E7806F01F0645
:105B4000182E05D90A21206AFFF78AFE002070BDB1
:105B50000023012229462046FFF7CFFE0028F5D07A
:105B6000182EF4D12B781F2BF1D815212046FFF7E2
:105B70007AFEEBE737B50C460DF107010546FFF756
:105B8000D4FF58B19DF80730143BDBB2012B8DF8E0
:105B9000073006D90A212846FFF765FE002003B02A
:105BA00030BD03F001032370F9E738B50D46062137
:105BB0000446FFF76DFE08B9002038BD002304221B
:105BC00029462046FFF799FE0028F5D0A368013347
:105BD000A360F2E7F0B504460E468FB021B10E2166
:105BE000206AFFF73DFE02E0FFF745FE18B90026E8
:105BF00030460FB0F0BD236800221D780023CDE9A8
:105C0000022322466D0905AB04F1200C1F461068E3
:105C10005168083203C762453B46F7D110683860C7
:105C2000062D1CD0002308228DF804302B1F012BD9
:105C300098BF01AE33460DEB020105A8FFF75DFEEC
:105C400006460028D3D0042D36D017D8023D012DAA
:105C50001FD9059B2360A368013BA360C8E701A986
:105C600005A8FFF7A2FF0028C1D0059B089A934220
:105C700001D30821B4E71D786D09D1E7052DE8D1DE
:105C8000DDE90232B3F1004F72F1000110D3294671
:105C9000A6E7E3682168029A5B1A9A4203D8059B3B
:105CA00013440593D5E708212046FFF7DCFD9EE766
:105CB000DB185241CDE902329DF8045025B16FF056
:105CC0000F020023CDE90223029B8DF82850079391
:105CD00005A8FFF715FF014638B1002DB9D005A87A
:105CE000FFF7E7FD0028B4D181E705A8FFF772FFB1
:105CF0000028EDD17BE7FFF754BD00B1C1607047CC
:105D000010B50368C468A34205D30821006AFFF7F1
:105D1000F4FF002010BD1F2A01D90E21F6E742EA48
:105D200041121A700368013303600120F2E770B575
:105D300005460E46104619461446FFF771FD2246E9
:105D40003146431E2846BDE87040EFF7DBB8F8B592
:105D50001746C368026804469A420D4606D30821D6
:105D6000206AFFF7CAFF00263046F8BD9B1A4A6832
:105D70009A42F4D80E4656F8043B53B104213046FB
:105D8000FFF74EFD6A6823681344E26803449A42B1
:105D9000E5D33246042339462046FFF7C8FF0646BE
:105DA0000028E0D020682968884202D06A6801F0A3
:105DB0005BFA23686A6813442360D5E7082A73B541
:105DC00013460C4606D90521006AFFF796FF00200E
:105DD00002B070BD8E1816F9012C002A0EDA0A46A0
:105DE00069460C46B24203D101214BB90E21EBE7C3
:105DF00012F8015BED4301F8015BF3E70021F4E7E2
:105E00002246FFF794FFE3E7134610B52AB1BDE839
:105E100010400A460021FFF78ABF0E21006AFFF7F3
:105E20006CFF104610BD07B5042201910DEB020175
:105E3000FFF7C4FF03B05DF804FB07B5042201912E
:105E40000DEB0201FFF7E0FF03B05DF804FBFFF785
:105E5000F4BF0222FFF77BBF0322FFF778BF07B52D
:105E6000CDE900126946FFF7F7FF03B05DF804FBC8
:105E700038B50C46054611462046FFF7E7FC21469B
:105E800002462846BDE83840FFF7E9BF1F2204213B
:105E9000FFF736BF1F220521FFF732BF1F22072160
:105EA000FFF72EBFFFF7FABF10B50A460978183979
:105EB000072905D9BDE8104001230721FFF737BFA7
:105EC0001521006AFFF719FF002010BD07B5143136
:105ED0008DF807100DF10701FFF7E6FF03B05DF83D
:105EE00004FB1FB50024CDE90144069C0094FFF794
:105EF00058FC04B010BD08B1D6F732BF704740B1AE
:105F0000C368587810F001001EBF1878B0FA80F00E
:105F100040097047EFF31183202383F31288BFF306
:105F20006F8FFEE710B54369044633B90020E2687D
:105F3000537843F00103537010BD98470028F5D003
:105F40000028B8BF4042FF28A8BFFF20E3681870B0
:105F5000EDE701F0A3B901F07AB910B400F10C0437
:105F6000C0E903440024446110BCCEF767BE8169D8
:105F7000C36843EA010212F003020FD102614269D1
:105F8000013A01FB0233C2689A4201D900207047EE
:105F900002691A60826903619B1AF4E76FF01500C9
:105FA000704710B5C0E905320023C160C36183604A
:105FB0000446FFF7DCFF0028A8BFC4E9004410BD79
:105FC00090F90E308B4201D0F1F786BC002070476B
:105FD00003460020C3E90033C3E90200704710B54F
:105FE000044630B10268930703D0446809B100F059
:105FF000CBF9204610BD0023C0E90033836000F1D7
:106000000C03C0E9033300F11403C0E90533704702
:10601000012307B5009300230A461946EFF778FDE0
:1060200003B05DF804FB002307B50A460093194648
:10603000EFF76EFD03B05DF804FB00210068FFF789
:10604000CEBF5AB18A4209D300F11003C0E902124F
:10605000C0E90000C0E90433002070476FF015006C
:106060007047012302688B4022EA0303036022FA8F
:1060700001F000F001007047704710B5032104469D
:106080000C30FFF7EEFF30B104F11000F2F706FC20
:10609000B0FA80F0400910BD20B100228C301146CA
:1060A000F2F75AB9704770B5C3680446C3F34006A7
:1060B0009B0716D4856802210C30FFF7D2FF80B110
:1060C000D5F884206AB194421DD122689EB9D5F8D2
:1060D0008830C5F884209C4201D1C5F8882000236F
:1060E0002360E36813F01F001EBF43F00203E36068
:1060F00040F0020070BD3260D5F88820944208BF9D
:10610000C5F88860EBE716461268DBE710B5F0F7D4
:1061100095FA041E08DDEFF31180202383F3128823
:10612000BFF36F8FF1F7FCFC204610BDEFF3058045
:10613000003818BF012070476FF0570070470020EB
:106140007047D0E9003213605A600023C0E9003381
:10615000704738B504460D46F1F7AAF8637B43F063
:10616000020363730DB3A5602B689D420DD16B686C
:10617000C4E900531C606C6017E021691A69914200
:106180000BD16A689A42F2D01B68002BEFD094F9C9
:106190000E1093F90E209142EFD0521A002AF0DD32
:1061A0005A68C4E9003214605C6038BD01211838B7
:1061B000F1F76ABA10B50446F1F71EFA04F11800B7
:1061C000BDE81040F2F76ABB38B505460468002008
:1061D000AC4200D138BD002CFCD02046FFF7EAFFCE
:1061E0002046F1F7C3F92C680120A542F1E708B574
:1061F0000246F2F741FA70B1D0E904319B1A61EB23
:10620000E272B3F1004F72F1000104DA002AACBF70
:106210001846002008BD6FF00040FBE708B5F2F714
:106220003FFC08BDF2F73CBCB3F1FF3F08BFB2F141
:10623000FF3F70B504461D46164613D01A4315D0CD
:106240006FF001024FF0FF33921B63EB0501002951
:1062500004DAF2F725FC821941EB0501C4E90021BB
:10626000204670BD4FF0FF321146F7E70022FBE7F2
:10627000B3F1FF3F08BFB2F1FF3FF8B5074616463E
:106280001C4610D054EA020311D0F2F709FCB042C8
:106290000A46A14103460AD2F31A64EB0204C7E995
:1062A00000343846F8BD4FF0FF331C46F7E70023B3
:1062B000FBE70023C0E9081200F11802C0E906223A
:1062C000C0E9003303634363704710B50446F2F737
:1062D000E5FAA8B9636A0BB12046984704F11800A3
:1062E000F1F7ACFA60B1F1F741F9EFF31180202337
:1062F00083F31288BFF36F8FBDE81040F1F710BC35
:1063000010BD2DE9F041846805460E46D4B163788E
:10631000012B22D114F8533C9A0711D5A4F1600740
:106320003846FFF747FF082E0CBF6FF0030300232A
:10633000E36114F8533CDB0602D13846F1F716F955
:10634000002323700020EB68A860C3F38632164355
:1063500066F39433EB60BDE8F081022BF0D1237833
:10636000002BEDD054F8048CB8F1000FE8D004F104
:106370001400F2F793FA0023A4F1140739464046BB
:10638000E362F0F75BF9DBE720B1011F50F8040C82
:10639000EFF718B8704700207047704710B50446F3
:1063A00008B1F3F711F82046BDE81040F2F7FCBF42
:1063B0000346C068E0B15888D0B11B8803F44F424F
:1063C000B2F5824F09D1DBB2272B2AD008D8172B80
:1063D0000FD0222B34D0122B16D06FF085007047CF
:1063E000302B2FD0413B012BF7D8FF2839D100208B
:1063F0007047C028FBD0E128F9D0B0F5807F0CBFF2
:1064000000206FF08600704720F02003C02BEED0F4
:1064100020F08003B3F5807FE9D040F20923984251
:10642000EDE7E928E3D0EF28E1D040F21B139842D2
:10643000DDD040F299139842D9D040F23B23EEE7E9
:10644000E928F1E720F02003C02BD0D020F0400352
:10645000B3F5807FCBD0B0F5C07FC8D0B0F5007F5A
:10646000CDE7B0F5E07FCAE73AB1002918BF0023B5
:106470002121D21A184400F011BF70472DE9F04FC6
:106480009B46002389B08DF81B30159B9146DDE9B2
:1064900012A7002B0D460B460CBF4FF400624FF4C1
:1064A000806207A9DDF85080F3F7F6F80446D0B90A
:1064B000079E284631880DF11B02F3F789F904463F
:1064C00088B99DF81B30BB421FD8CDE90338CDE910
:1064D00001BACDF800902B46D6E909123046F3F701
:1064E000FDFD044608B1C8F800703A462146504602
:1064F000D8F80030FFF7B8FF0798F3F7BFFD002C7E
:1065000018BF204609B0BDE8F08F6FF08904EAE7B4
:1065100041F2062398421AD8B0F5905F09D241F2B1
:10652000010398420CD0B0F5885F09D06FF0850068
:1065300070476923A0F5905080B2C340DB07F5D5C2
:1065400011F0070F0CBF00206FF086007047B0F508
:10655000105FEBD121F04003802B06D0B1F5807F96
:106560000CBF00206FF0860070470020704770B5A8
:10657000446A05460E463CB90120F2F70FFF6862F7
:1065800028B12046AE6270BD6FF08A00FBE76FF065
:106590008C00F8E7F8B51E460F4615460388C2B1D1
:1065A00003F4E043B3F5805F02D0B3F5005F10D190
:1065B000089BE90019600088FFF7AAFF044630B97C
:1065C0002A463946304600F042FE079B1D602046B1
:1065D000F8BD6FF08504FAE710B50446406A10B1C3
:1065E000A16AFFF7DBFE0020C4E9090010BD38B541
:1065F0000546FFF7F1FF2B7F0446012B0ED0023B2F
:10660000012B0ED82B6A012B18BF6FF096042C2299
:106610000021284600F042FE204638BD2B6A002BA0
:10662000F2E76FF09604F2E770B50488154604F4BB
:10663000E042B2F5805F049E19D0B2F5005F16D03B
:1066400044F2010224F44050904210D004F44F422E
:10665000B2F5824F0BD0B2F5884F08D0B2F58E4F0D
:1066600005D0803C24F0FF04B4F5485F0ED1B5425C
:106670000FD818462A4600F0EAFD0021721B284474
:1066800000F00CFE0020059B1D6070BD6FF08500C2
:10669000FBE76FF08900F8E77FB50E461D4614460C
:1066A000BAB1002301222B6003A9F2F7F5FF70B9FC
:1066B000CDE9004503983346D0E9091200F06BFAA2
:1066C00004460398F3F7DAFC002C18BF204604B008
:1066D00070BD6FF08900FAE770B50488154604F4C0
:1066E000E042B2F5804F049E22D144F2010224F42C
:1066F000405090420DD004F44F44B4F5824F08D07E
:10670000B4F5844F05D0B4F5884F02D0B4F58E4F60
:106710000ED1B5420FD818462A4600F098FD002148
:10672000721B284400F0BAFD0020059B1D6070BD5F
:106730006FF08500FBE76FF08900F8E7F0B50F46D2
:106740001E46154685B00AB3002303A91A463360D6
:10675000F2F7A2FF044638B9039803885B0406D415
:10676000F3F78CFC6FF08604204605B0F0BDCDE950
:1067700000563B46D0E9091200F018FA0446039887
:10678000F3F77CFC002C08BF0446EDE76FF08904AA
:10679000EAE710B50368044653B100F098FA002305
:1067A0002360A38823F4FF7323F00103A38010BDAB
:1067B0001846FCE72DE9FF41984600230C46016886
:1067C000054617460393A9BB4FF4AC72083000F09E
:1067D00065FDB8F1000F20463B4614BF4FF48062C0
:1067E0004FF4006203A9F2F757FF044620BB039E53
:1067F000384631882A1DF2F7EBFF0446E0B96B7981
:10680000314668F300036B7100972846D6E90923E7
:10681000B8F1000F0BD0F3F779FC044660B9039888
:10682000F3F72CFC0446204604B0BDE8F081F3F7F2
:106830008DFCF2E76FF088042846FFF7AAFF039863
:10684000F3F71CFCEFE70123FFF7B4BF38B504688A
:10685000054664B112B90024204638BD00F022FA82
:1068600004460028F7D02846FFF793FFF4E76FF0BF
:106870008804F1E72DE9F0411746026805460E4607
:10688000984682B14279D2070DD502795AB1BA42FF
:1068900016D800F010FA044638B9A6B92846BDE863
:1068A000F041FFF776BF6FF088040023C8F800704E
:1068B0002B7146B92846FFF76CFF2046BDE8F081F2
:1068C0006FF08904F1E721463A463046D8F80030A7
:1068D000FFF7CAFD2846FFF75CFF002C08BF0446FF
:1068E000EBE71FB501240394089C0294079C0194D4
:1068F000069C0094FFF7C2FD04B010BD2DE9F047DF
:1069000005469A46002388B0079325F0004323F4F8
:106910007F03B3F1106F0846DDE910961746DDF8E6
:1069200048801CD12B464FF4804207A9F2F7B4FEF1
:106930000446B0B9CDE90368CDE901A907980097ED
:106940002B46D0E9091200F0CAF9044648B9079865
:10695000F3F794FB0446204608B0BDE8F0876FF0DB
:10696000860431464846F3F715F90798C8F80060E1
:10697000F3F784FBEFE703461B88084603F4E04384
:10698000B3F5805F114602D0B3F5005F01D1F3F794
:1069900001B96FF0850070477FB5002203880A6057
:1069A000CDE90122428806460D46002A69D00288B8
:1069B00002F4E042B2F5804F63D023F0FF03B3F559
:1069C000E24F02D0B3F5824F04D13046FFF7F0FC1E
:1069D0000446D8B9304602AA01A9F2F769FF044675
:1069E000002843D1019B9B6A9BB10199304601F17C
:1069F0002803D1E9091200F087F80446002839D1AC
:106A000029460198F2F7BAFE044678BB204604B046
:106A100070BD73681B0A22D13088718800F4E0438E
:106A2000B3F5805F15D0B3F5005F12D020F0FF03FF
:106A3000B3F5E24F22D1C0B242280ED10831C908C5
:106A4000039103990198FFF792FD04460028CCD0EA
:106A50000CE0FFF75DFD044640B90731EFE7304633
:106A600003A900F04CF804460028EAD00198F2F798
:106A700081FFCBE70198FFF7AFFDF7E76FF08504E3
:106A8000F4E76FF08604C1E71C22002100F006BC89
:106A900003466FF040420846591E914207D338B171
:106AA00003F1404393428CBF002001207047012036
:106AB0007047034668B1017F8A1E012A0BD803295B
:106AC000026A03D1012A01D1FFF791BD1AB1013A3F
:106AD0001A62002070476FF09600704700207047E0
:106AE000C0B2002814BF6FF085000020704700205E
:106AF0007047704700226FF086001A6070470023CD
:106B00006FF086000B6070472DE9F041476804463E
:106B10003F0A0D461646984611D107887F0407D4D0
:106B20004346324629462046BDE8F041FFF723BFE1
:106B300000F011F910F1860FF2D0BDE8F0816FF08E
:106B40008600FAE72DE9F04F476885B03F0A044612
:106B5000DDE90E9A0D4616469846DDF840B015D18F
:106B6000CDE901ABCDF8009000F0E7F810F1860F09
:106B70000ED14346324629462046CDE90FABCDF82B
:106B8000389005B0BDE8F04FFFF704BD6FF0860008
:106B900005B0BDE8F08F10B44468240A02D110BCDF
:106BA000FFF742BD6FF0860010BC70472DE9F34738
:106BB00047680446DDE90A9A3F0A0D46164698469C
:106BC00011D1CDE9009A00F0AAF810F1860F0CD18E
:106BD0004346324629462046CDE90A9A02B0BDE82E
:106BE000F047FFF779BD6FF0860002B0BDE8F0878F
:106BF00010B44468240A02D110BCF3F73BBC6FF018
:106C0000860010BC704713B504464868000A0AD1D4
:106C10000498009004F10800F3F7DAFB08B91C238C
:106C2000236002B010BD6FF08600FAE710B404686C
:106C30001C2C03D110BC0830F3F7F6BB6FF08600B4
:106C400010BC704738B503681C2B0CD100F1080448
:106C5000204600F01BFA4FF4907105462046F2F7EB
:106C6000B3FB284638BD0025FBE703681C2B02D187
:106C70000830F3F74FBC6FF08800704710B4046819
:106C80001C2C03D110BC0830F3F75ABC6FF08800FD
:106C900010BC704703681C2B02D1083000F0FEB90D
:106CA0000020704703681C2B02D1083000F0BAB9ED
:106CB0006FF08600704710B404681C2C03D110BC20
:106CC000083000F0BCB96FF0860010BC7047036854
:106CD0001C2B02D1083000F0C3B90020704710B45B
:106CE0004468240A02D110BC00F0DFB96FF08600BE
:106CF00010BC70470020704713B5002001AB14464C
:106D0000F4F7F0FD30B9019BA34218BF6FF0930078
:106D100002B010BD6FF09200FAE70020704710B487
:106D2000048804F44F44B4F5824F02D110BC00F043
:106D3000E1B96FF0850010BC704710B4048804F40A
:106D40004F44B4F5824F02D110BC00F003BA6FF08B
:106D5000850010BC704710B4048824F0FF04B4F51B
:106D6000E24F02D110BC00F048BA6FF0850010BCB1
:106D70007047024612F8103BDB0903EBC303C3EB79
:106D8000031312F8011D83EA4103904213704FEA86
:106D90001323F6D170472DE9FF4705468846144670
:106DA00022B3D0F8486100F5947786B94FF0100906
:106DB000A0440DF10C0A102CA8EB040237D823468E
:106DC0003946384600F089F9C5F848410EE0C6F169
:106DD00010094A450FD8B91913460846424600F033
:106DE0007CF9D5F848312344C5F8483100263046AF
:106DF00004B0BDE8F087B9F1000F08D0B9194246D8
:106E00004B46084600F069F9103EC844344410224D
:106E100003AB019339463B4628460092FFF706FF35
:106E200006460028C2D02846FFF70CFFDFE71023F4
:106E30003946384600F051F93B461022394628467B
:106E4000CDE9009AFFF7F2FE06460028EBD1103C90
:106E5000B1E72DE9F0439846D0F848311746102B9A
:106E60000446894685B000F59C7200F594751CD1E6
:106E70002946284600F031F9102203AB0193294638
:106E80002B4620460092FFF7D1FE064630B93A461F
:106E90002946484600F0DBF9C8F800702046FFF7A5
:106EA000D1FE304605B0BDE8F083C618104696F80E
:106EB000283183F0800386F82831FFF75AFF10232A
:106EC0000246D5E7F0B504460E461746D5B04FF456
:106ED000A672002101A81D4600F0E0F921463B46BC
:106EE000324601A8F3F7BEF9044680B929465A9AFA
:106EF00001A8FFF750FF044648B9DDE95C235B9920
:106F000001A8FFF7A6FF0446204655B0F0BD01A832
:106F1000FFF798FEF8E72DE9F74300F1EC09884602
:106F200016461F462022494601AB0546FFF7A6FE3E
:106F30000446002847D16FF4857095F84C1105F28E
:106F40000B13401BC218914229D8E8220021284681
:106F500000F0A4F92846D5F8E810F3F7ADF8044698
:106F600088BB284695F84C2105F58671FFF77DFE14
:106F7000044640BB49462846019AFFF776FE044680
:106F800008BB019BB34210D13B46324641462846DE
:106F9000FFF774FE0446204603B0BDE8F08313F803
:106FA000012F82F06A021A70CCE720224946284657
:106FB00001ABFFF763FE044628B932464946404616
:106FC00000F045F93E602846FFF764FEE3E7F0B5C0
:106FD00004460E461746D5B04FF4A8720021684605
:106FE0001D4600F05BF921463B4632466846F3F702
:106FF000CDF8044680B9294668465A9AFFF735FE0F
:10700000044648B9DDE95C2368465B99FFF783FFD6
:107010000446204655B0F0BD6846FFF73BFEF8E752
:10702000F3F746B990F85031012B04D0022B04D06D
:107030006FF088007047FFF718BEFFF7ACBE10B4C2
:1070400090F85041012C05D0022C06D06FF088003A
:1070500010BC704710BCFFF75EBF10BCFFF7F9BE55
:1070600010B590F850310446012B03D0022B0AD002
:10707000002010BDFFF70EFE4FF4AC720021204639
:1070800000F00CF9F4E7FFF7DDFDF5E708B54FF484
:107090009072002100F002F9002008BD08B5E0223E
:1070A000002100F0FBF8002008BD10B4048804F4AF
:1070B0004F44B4F5824F02D110BCF3F767BA6FF0BA
:1070C000850010BC704703460144002013F8012BD3
:1070D0008B4240EA0200F9D1704730B50B4411F8F9
:1070E000014B12F8015B994284EA050400F8014B58
:1070F000F5D130BDF8B505466F882D881846DDE915
:10710000063605F4E04CBCF5804F144606D19A4291
:107110001DD800F09CF834600020F8BD47F2121230
:10712000954202D06FF08500F7E7640001349C427D
:107130000DD80423B7F5807F34600370F2D101309D
:10714000F3F7A2FB0028E7D06FF08600E5E76FF0C9
:107150008900E2E72DE9F0410E4644F212111F4684
:10716000038815468B42DDF8208042882ED047F2F6
:1071700012118B423BD102B9EA00B2F5807F36D1C1
:10718000202D03D06FF08600BDE8F08129463046FF
:10719000FFF799FF0028F5D03046F3F761FB002890
:1071A000F0D1D8F8004034F48074EBD1069B9D42B6
:1071B00020D82A463146384600F049F8079B204639
:1071C0001D604FF48073C8F80030DDE71AB9EB0793
:1071D000D8D56A08D200B2F5807F08D1412DD1D12F
:1071E0003378042BCED1701CF3F744FBD7E76FF054
:1071F0008500C9E76FF08900C6E7F8B51E4647F27B
:1072000012130D4647880188FC1D99424FEAD404A9
:1072100002D06FF08500F8BD944215D8214628466B
:10722000F2F7B8FC0028F6D121462846FFF74BFFBD
:107230000028F3D0B7F5807FEBD12846F3F710FB99
:107240000028EBD13460E6E76FF08900E3E70A44F9
:10725000431E914200D1704710B511F8014B914285
:1072600003F8014FF9D110BD884210B501EB0204BB
:1072700002D98442234607D8431EA14208D011F800
:10728000012B03F8012FF8E7024401468A4200D19E
:1072900010BD13F8014D02F8014DF7E70244034613
:1072A000934200D1704703F8011BF9E7013902440A
:1072B00010B5904201D1002005E0037811F8014F8C
:1072C000A34201D0181B10BD0130F2E710B56AB11E
:1072D0000139841810F8012B11F8013F9A4203D1AB
:1072E000A04201D0002AF5D1D01A10BD1046FCE70B
:1072F00010B50139044632B111F8013F013A00F8E6
:10730000013B002BF7D10021FFF7C8FF204610BD3D
:10731000F0B5C3F13707044603F01F031046FFB270
:10732000082BE6B232D0102B3DD06508A40845EA00
:10733000C17544EA81748A082D1942EB510229096A
:1073400041EA02716D1842EB1212290A41EA026108
:107350006D1842EB1222290C41EA02416D1842EBF2
:107360001242AD1842F10002EC0844EA4274D1081E
:1073700004EB8402A6EB4205EDB2092D0CD90134D1
:10738000A5F10A0541F10001EDB212E0E40806F0B2
:10739000070544EA4174C908303554EA010200F88F
:1073A000015BBDD1F0BD240906F00F0544EA01746C
:1073B0000909092D84BFED19EDB2EDE710B50C46B2
:1073C00000F046F80028A2BF23680133236010BDF7
:1073D0000028A2BF136803F1FF33136000F06DB8FB
:1073E00070B505460E4631462846FFF7E7FF041EF6
:1073F00009DB202CF7D0A4F10903042BF3D9324682
:107400002946FFF7E5FF204670BDBDF8001068B1C2
:1074100011F0100F01D00270704711F0080F02D068
:10742000C0E9002370474B0701D5026070478B0607
:10743000FBD502807047C9B20346184613F8012BEA
:1074400012B18A42F9D17047002918BF0020704755
:1074500010B583780446DA0705D443F004034FF0EF
:10746000FF30A37010BD4FF00002D4E85F3FC4E8C6
:10747000512F0029F9D19BB213B1581EC0B2F1E7C8
:10748000A36898470028F9DA0130A37814BF0822CE
:1074900004221343E3E702690346107810B1013276
:1074A0001A6170476FF001007047D1E904329342CE
:1074B0001EBF5A1C0A61187070478B78DA0702D415
:1074C0004FF0FF307047431CFAD0C0B2431CD1E8E4
:1074D000DF2F002A04D1C1E8DC3FBCF1000FF6D158
:1074E000EED18B7823F008038B7070470148006859
:0874F000704700001C5700204A
:0874F800A4A8FC7F01000000C4
:10750000AD77010000000000000000008876040054
:10751000A75604000000000075530300000000009F
:107520006D5403000000000000000000C876040055
:1075300000000000A87604003544040000000000AC
:1075400000000000287704000000000048770400D5
:10755000000000000877040000000000E876040046
:1075600081B102000000000049F4020000000000A8
:1075700045E80100000000005D7D01000000000002
:1075800019EB010000000000655E01000000000032
:107590001DC5010000000000000000006877040025
:1075A00051A2010000000000394404000000000066
:1075B000CD60030000000000000000008877040098
:1075C00000000000A877040000000000C877040055
:1075D00000000000E8770400000000004878040084
:1075E0000000000008780400000000002878040073
:1075F00000000000687804007DF001000000000039
:1076000015850200000000000D4404000000000089
:10761000174404000000000000000000A8780400E7
:107620000000000088780400530D040000000000F2
:107630000000000068790400000000008879040060
:1076400000000000E8780400000000000879040051
:10765000000000004879040000000000C878040021
:107660000000000028790400AD06040000000000BE
:10767000C5E60200000000005DCF01000000000030
:0876800029E3010000000000F5
:1076880093080500748B0400487E0400762E0020C1
:107698003C6700201DAE0200000000000000000052
:1076A800890C0500208C0400547D0400802E0020E5
:1076B8001068002071BF02000000000000000000F8
:1076C800950C0500388C0400547D0400822E00209F
:1076D8001C68002071BF02000000000000000000CC
:1076E80050BC0400B8340020A07E04006E2E002098
:1076F800C024002029A001000000000000000000B4
:107708005EBC040094340020A07E0400702E00208B
:107718007025002029A001000000000000000000E2
:10772800CD080500000000001C7D0400782E002014
:1077380000000000493404000000000000000000C0
:107748001F09050000000000A48B04007A2E002009
:107758000000000055340400000000000000000094
:10776800BC0E05008C2C0020907D0400862E002085
:107778005C68002001C30200000000000000000057
:10778800440B0500B48B04003C7D04007C2E0020D3
:10779800542C0020A9B302000000000000000000E3
:1077A800FF07050024290020B08304006C2E002068
:1077B800383900204BFF03000000000000000000E3
:1077C8000905050000000000107D0400722E00204D
:1077D80000000000BDA3020000000000000000003F
:1077E800F8070500000000003C7E0400742E00200D
:1077F800102C002000000000000000000000000025
:10780800B40B050000000000247D04007E2E00203B
:1078180000000000FDB902000000000000000000A8
:10782800700D0500508C0400787D0400842E002023
:1078380028680020FD360400EF3604000000000030
:107848009D1D0500D88E0400307E0400982E00206F
:10785800942C002065E90200134304000000000096
:10786800A61D0500508F0400307E04009A2E0020CB
:107878000C2D002065E902001343040000000000FD
:10788800201005009C8C0400647E0400882E0020D3
:10789800E468002041C7020000000000000000006A
:1078A80030100500CC8C0400647E04008A2E002071
:1078B800FC68002041C70200000000000000000032
:1078C80033110500FC8C0400A47D04008C2E0020DC
:1078D80078280020A5C80200000000000000000071
:1078E80018150500EC8D0400C07D04008E2E0020C4
:1078F80094690020D5D802000000000000000000B4
:1079080022150500F88D0400C07D0400902E00208B
:10791800DC690020D5D8020000000000000000004B
:1079280098150500108E0400DC7D0400922E0020BE
:107938003C7D0020E5DD02000000000000000000A2
:107948002F190500548E0400F87D0400942E0020A1
:10795800246A00206DE10200000000000000000021
:10796800481A0500AC8E0400147E0400962E0020F0
:10797800884B002065E402000000000000000000C1
:107988007923050000900400109004009C2E00202C
:10799800004C0020ADFD02000000000000000000C7
:1079A80000000000CB0B040000000000CB0B04001B
:1079B80000000000CB0B040000000000CB0B04000B
:1079C80000000000CB0B0400B9490400594804002A
:1079D80000000000CB0B040000000000CB0B0400EB
:1079E80000000000CB0B0400193F030059480400B5
:1079F800293803005948040000000000CB0B04009C
:107A08001938030059480400911603005948040026
:107A1800712E03005948040000000000CB0B04003D
:107A280000000000CB0B040000000000CB0B04009A
:107A380000000000CB0B040000000000CB0B04008A
:107A480000000000CB0B04000000000041F202001F
:107A580000000000CB0B040000000000CB0B04006A
:107A680000000000CB0B040000000000CB0B04005A
:107A780000000000CB0B040000000000CB0B04004A
:107A880000000000CB0B040000000000CB0B04003A
:107A980000000000CB0B040000000000CB0B04002A
:107AA80000000000CB0B040000000000CB0B04001A
:107AB80000000000CB0B040000000000CB0B04000A
:107AC80000000000CB0B040000000000CB0B0400FA
:107AD80000000000CB0B040000000000CB0B0400EA
:107AE80000000000CB0B040000000000CB0B0400DA
:107AF8008519030059480400A524030059480400C7
:107B080000000000CB0B040000000000CB0B0400B9
:107B180000000000CB0B040000000000CB0B0400A9
:107B280000000000CB0B040000000000CB0B040099
:107B380000000000CB0B040000000000CB0B040089
:107B480000000000CB0B040000000000CB0B040079
:107B5800ED970200594804006D410300594804009C
:107B680000000000CB0B040000000000CB0B040059
:107B780000000000CB0B040000000000CB0B040049
:107B880000000000CB0B040000000000CB0B040039
:107B980000000000CB0B040000000000CB0B040029
:107BA80000000000CB0B040000000000CB0B040019
:107BB80000000000CB0B040000000000CB0B040009
:087BC80000000000CB0B0400DB
:107BD00002000000000800002C5A00204043002052
:0C7BE00000B10020000000000DEC0100CE
:107BF000C83500200085002000040000E9300100A5
:107C0000000000000000000000000000060000006E
:107C100000000000D5A204000000000000000000E9
:107C2000C8360020008D002000040000E93D01005E
:107C3000000000000000000000000000060000003E
:107C40000000000006A30400000000000000000087
:107C5000C83700200095002000040000553A0100BC
:107C6000000000000000000000000000070000000D
:107C70000000000033A3040000000000000000002A
:107C8000483700200091002000040000693B0100FB
:107C900000000000000000000000000006000000DE
:107CA000000000001EA3040000000000000000000F
:107CB000483600200089002000040000293E010011
:107CC00000000000000000000000000006000000AE
:107CD00000000000EEA20400000000000000000010
:107CE000483500200081002000040000A93B01006D
:107CF000000000000000000000000000060000007E
:107D000000000000BCA20400000000000000000011
:0C7D100089A5020019A70200580200001B
:087D1C004D34040000000000DA
:107D24004D360400B1BA020025BA0200D1B90200EE
:107D340019360400C1B9020015B6020059B7020091
:107D440079B802005DB202002D3504004DB2020084
:107D54005DBD02007B360400873604009B360400B8
:107D6400A5360400AF36040035BC020039BB02005E
:047D7400000000000B
:107D7800BDC1020000000000F1BF020000000000C9
:087D8800000000007DC10200B3
:107D900031C402008B370400A7370400AB3704005E
:047DA0009DC302007D
:107DA400192601000000000039CB020051C802006E
:107DB400B53B040045D102007DCE02000000000066
:107DC40000000000000000000DDB0200213E040062
:107DD40000000000000000009D3F040000000000BF
:107DE400000000002B3F0400E92601000000000011
:107DF400000000000000000000000000000000007F
:107E04000DE00200DDE002000000000000000000C0
:107E14000000000000000000000000000DE402006B
:0C7E240045E30200000000000000000028
:0C7E3000A1EC020071E80200994304007C
:0C7E3C00EDAB020069AC020091A902004D
:107E480081AE020043340400FF3304000000000048
:0C7E58003DAD0200000000000000000032
:107E6400E3390400013A0400BB390400C9390400B1
:107E740000000000000000000000000000000000FE
:107E840000000000000000000000000000000000EE
:0C7E9400000000000000000000000000E2
:107EA00000000000000000000000000000000000D2
:107EB0000000000000000000F107040071A00100B4
:107EC00000000000E19E0100A9070400C19E01001E
:107ED000430704004D070400A19E01006D07040044
:107EE0000000000077070400000000000000000010
:0C7EF0008507040003080400A10704003B
:107EFC00050000006D3402000000000006000000C8
:107F0C00BD6F02000000000004000000013B0200F5
:047F1C000000000061
:107F20008D360100A1350100A539010000000000D7
:107F300000000000000000003534010000000000D7
:107F4000EDE70100A1E701000000000000000000D3
:107F50000000000000000000000000000000000021
:107F60009489040008000000348A0400070000001F
:107F7000B4840400060000003887040004000000F8
:107F800045110500030000008323050003000000E5
:107F90000425050003000000391905000300000056
:107FA000F6BA0400030000001205050003000000FB
:107FB000C0AC040003000000FEA7040003000000A2
:107FC0002C1505000300000060A50400030000005C
:107FD000B2150500030000004FAA040003000000D2
:107FE00072E204000300000041F0040003000000FE
:107FF0003CD404000300000053EB04000300000025
:10800000A9FB04000300000043D4040003000000A7
:1080100050E504000300000047F6040003000000E0
:10802000D3DE0400030000000F0805000300000079
:108030001D08050003000000C2E304000300000067
:10804000E3E104000300000091FB040003000000D2
:1080500085ED040003000000EDBD040003000000F6
:10806000E5D104000300000008D304000300000071
:108070007AFA040003000000BAB004000300000014
:10808000BF080500030000001A21050003000000DE
:108090002BD20400030000007ABC0400030000009F
:1080A000CB0B05000300000007B60400030000002E
:1080B000A10C050003000000790D0500030000007D
:1080C00093B604000300000041B704000300000061
:1080D00045B704000300000077B904000300000066
:1080E000C70E050003000000CCFB040004000000E4
:1080F000CE250500030000003CCE04000300000074
:1081000077CE04000300000095CF040003000000B8
:10811000DACE040003000000F9C6040003000000EA
:108120004EC9040003000000E9C904000300000078
:108130006F02050003000000373B0500030000004C
:1081400082B204000300000053A3040003000000F7
:10815000510B050003000000431005000300000060
:1081600039D1040003000000B31A05000300000029
:108170000BD304000300000022CA04000300000027
:10818000AF1D050003000000D81B05000300000020
:10819000B9C0040003000000D7FE04000300000083
:0881A0004E1A05000300000067
:1081A80054840400644F0020FEB80400010000005D
:1081B800988404005429002066B9040001000000D6
:1081C80005D3040000000000000000004DED010090
:1081D800DDEF01000000000017F4040001000000BA
:1081E8000000000027280400000000000000000034
:1081F8003BF6040001000000000000008955020061
:10820800000000000000000033F604000100000038
:1082180000000000654C02007D5B020000000000C9
:1082280089FB040001000000000000002D8002000E
:108238000D7E02000000000041F60400010000006D
:1082480000000000D951020009510200000000009E
:10825800253C040000000000E9CE02006D3C04004B
:1082680085DB010009E10100E5E5010091E201007B
:108280000000000003000000A0000000F00000005B
:10829000000000008D44030006000000D4DD04004F
:1082A000D9DD0400DDDD0400E1DD0400E5DD0400CE
:1082B000E9DD0400EDDD0400F1DD0400F5DD04007E
:1082C000F9DD0400FDDD040001DE040005DE04002C
:1082D00009DE04000DDE040011DE0400FF000000D2
:1082E000FF000000FF000000FF000000FF00000092
:1082F000FF000000FF000000FF000000FF00000082
:10830000FF000000FF000000FF000000000200006E
:1083100000020000000000000600090000002A0022
:108320001800280000002A0000C201000000080117
:10833000030062746C650000000000000000000093
:10834000000000000000000000000000000000002D
:10835000000000000000000000000000000000001D
:10836000000000000100000000000000000000000C
:108370000338FDD870470000BEC0040000000000B4
:10838000EC8504004F7D00204838002000000000EC
:10839000000000000000000007100000582E002020
:1083A00001010000682E0020090B000047A3040013
:1083B0002D780100030004000D7A0100597A0100B4
:1083C000457B0100E1FD030055FE0300E9FD0300CC
:1083D0001BFE030005FE0300EFFD0300000000008C
:1083E0000000000033010400250104002F010400F7
:1083F0002301040000000000000000000000000055
:108400000000000013010400383D002000010000BE
:108410000B020400B5010400020000008303040005
:10842000000000000000000000000000000000004C
:10843000DEB80400E6B80400000000000000000000
:1084400000000000EEB80400F2B80400F6B8040022
:10845000FAB80400D58A0100C98A0100F98A01002E
:10846000B18A010000000000BD8A01000000000088
:10847000558B01006C4F0020557D0020100000003E
:10848000888404007C4F0020DD8B01009C4F00207D
:10849000657D002001000000350404002B04040069
:1084A000F9030400018C010000000000ED0304004A
:1084B0000000000048940400DB29040000000000D4
:1084C000DCBD04000000010044940400632B0400A0
:1084D00000000000182A002000000100BABD0400BE
:1084E000000000000000000000000000000001008B
:1084F00040940400AD29040081530200002A0020AA
:10850000000003003C940400632B04000000000002
:10851000F82900200000010098BD040000000000C0
:1085200091A701000000000000000300000000000F
:108530000F0B0400502A0020482A0020402A002067
:1085400000000000382A002059A9010029A80100D4
:108550007DA80100F1A80100090000000000000052
:108560000000000000000100087804000200000084
:108570000000000000000E008877040003000000E7
:108580000000010000020000087804000400000060
:108590000000010000000E00087804000500000043
:1085A0000002010000FE0D00087804000600000033
:1085B0000002010000FE0D00087804000800000021
:1085C00000000E000000040088770400090000008D
:1085D00000000F0000000100087804000A000000FD
:1085E0000000120000006E00887704008F0B04006A
:1085F000B9AF0100C1AD010025AC0100FDAC010027
:108600003D0B040085AA010019AA0100F1B4010084
:10861000000000000000000000000000000000005A
:10862000000000000000000000000000000000004A
:10863000000000000000000000000000000000003A
:108640000000000000000000C02400200000000026
:1086500006000100020000005C860400000000002B
:10866000A6C8040002000000E0FF0F000020002068
:10867000AEC8040021000000E0FF06205C2A0020B4
:10868000ADC5010000000000AD0C04000DCE0100DE
:10869000310D0400000000001DD8010021DA0100A6
:1086A000000000002DDF01000000000000000000BD
:1086B00000000000000000000000000000000000BA
:1086C00000000000B1DE010091DB010000000000AD
:1086D0002DE201002DE2010000000000000000007A
:1086E000000000000000000000000000000000008A
:1086F00000000000000000000000000015E2010082
:10870000CDE10100000000000000000000000000BA
:1087100015E1010000000000000000009DE20100E2
:10872000808604002C870400AB090000B002012001
:108730008ACF04000000000054940400DB290400E8
:108740000000000052D0040000000100509404001A
:10875000632B040000000000B42A00200000010088
:1087600030D0040000000000F5E40100000000002B
:10877000000002004C940400AD2904008153020063
:108780009C2A0020000003008086040094870400D7
:1087900047000000DC2A012080860400A487040032
:1087A000FB010000942E012080860400B4870400A1
:1087B0002E0000009445012080860400C487040038
:1087C000020100006846012015DE040033DE0400CB
:1087D0004EDE04005EDE04006BDE040074DE040086
:1087E0007BDE040082DE040089DE040091DE0400EA
:1087F0006BDE040099DE0400ABDE0400C0DE040082
:108800000E030000890A02000F040000550A02004E
:108810001A0100005DF301000504000075F301007A
:108820001301000099FA0100FF01000019F901008D
:108830003E010000F9F8010005040000C1F3010049
:1088400008040000F9FC01003003000071FC010085
:108850001001000069F4010001120000D9090200B2
:108860000A1E0000351604000309000081F901000A
:10887000040B000051F50100060A0000DD020200B1
:10888000070A000039F401000C05000005F401009E
:10889000050C00001902020080860400A488040070
:1088A0004700000084470120D2EA0400DFEA040008
:1088B000FFEA0400F3EA04000AEB040021EB0400E1
:1088C00031EB04001AEE040045EB0400808604003E
:1088D000D888040000000000584C01208086040065
:1088E000E8880400FB010000804C0120EB1D04001F
:1088F000ED1D04000000000000000000000000006A
:108900004D380200000000000000000000000000E0
:1089100000000000020201006926040004040100B6
:108920006548020006060100A54702000804010090
:10893000914602000A020100512604000C040100C5
:10894000392604000E0401006545020020040100E0
:10895000C944020010040100D943020012020100C0
:10896000ED25040016040100FD1F0400180101009C
:108970003B2304001E0004000B27040052020000E9
:10898000132604008086040090890400FD01000085
:10899000EC52012084940400DB2904000000000054
:1089A00080940400000001007C940400632B040008
:1089B00000000000A42B00200000010074940400BB
:1089C00000000000000000000000000000000000A7
:1089D00070940400AD29040081530200AC2B0020E8
:1089E000000003006C940400632B040000000000EE
:1089F0009C2B00200000010064940400132A040052
:108A0000A554020000000000000003006094040070
:108A1000632B040000000000942B002000000100E4
:108A200058940400915A0200000000000000000069
:108A300000000100B0940400DB29040000000000E5
:108A4000AC94040000000100A8940400632B04000F
:108A500000000000D42B002000000100A0940400BE
:108A6000432A040000000000000000000000010094
:108A70009C940400632B040000000000CC2B002019
:108A800000000100949404006D2A0400000000001E
:108A9000000000000000010090940400632B04001B
:108AA00000000000C42B0020000001008894040096
:108AB0007D500200000000000000000000000100E6
:108AC000496F0200533104004D7A0200000000009B
:108AD00000000000E9760200000000000000000035
:108AE0000000000000000000000000000000000086
:108AF000C170020006000000ED2E04000600000018
:108B0000BD6C02001000000031690200100000007E
:108B1000ED790200010000006B2D04001000000040
:108B2000E92E04000A000000DD6F020010000000C2
:108B3000CD77020007000000F12E040010000000B5
:108B4000F12D040001000000856E020040000000CD
:108B50008D2E040010000000092E0400010000000A
:108B6000D58602000000000001AD0200F5AD020054
:108B700000000000B9AF0200BDAE02009E08050073
:108B80002534040037340400A40805001F34040011
:108B900031340400AA080500193404002B34040001
:108BA000B4080500D1B1020000000000040000007C
:108BB00000FF0000000000000000000000000000B6
:108BC00000000000000000000000000000000000A5
:108BD000020000000000000BF40100000001010091
:108BE00000008000C2281700EC8B040000B0025087
:108BF000F88B040001000000008C04000400000059
:108C00001100001D0D00001F0E0000201200001EAC
:108C100000080000001000000400000000FF000039
:108C2000FFFF000000288450000000000100000049
:108C300000D0005000000000FFFFFFFF002584501F
:108C4000000000000000000000D000500000000004
:108C50000090005000000000000000000000000034
:108C60000000400600000101B9BF02001000000032
:108C7000F3360400808C0400C87E0020FFFF000053
:108C8000009000508C8C040001000000948C0400C3
:108C9000020000002200000C2300000B00000080F6
:108CA000FFFFFF7F0000008000000080FFFFFF7FCC
:108CB00000000080000000000000000053100500CC
:108CC00000FF0A00C87604001F00000000000080BA
:108CD000FFFFFF7F0000008000000080FFFFFF7F9C
:108CE000000000800000000000000000531005009C
:108CF00000FF0A00C87604000F0001006878040035
:108D000000127A0000010000C8760400160001007D
:108D100000000000C87604001300000000000200FC
:108D2000800000006878040000127A000001000052
:108D3000C87604001600010000000000A20B0A0023
:108D4000A20B0A00C8AF0A000500000006000000E0
:108D50000700000000B4C404005A6202002D310173
:108D600080969800404B4C00A0252600000024F47B
:108D70000000127A0000093D0080841EFF583E0F5B
:108D8000548C93070090D0031038EC019062F400EB
:108D900000127A0000093D0080841E0040420F004E
:108DA00020A1070090D0030048E80100FFFFFF7FEB
:108DB000FFFFFF7FFFFFFF7FFFFFFF7FFFFFFF7FC3
:108DC000EA51B87EFFFFFF7F21DBF97EFFFFFF7FC7
:108DD000FFFFFF7FC776BE7FF4285C7FFFFFFF7F2A
:108DE000EA51B87EFFFFFF7FFFFFFF7F2878040076
:108DF00076000000048E040028780400760000004D
:108E0000048E04008B3E04009F3E0400E33E0400F9
:108E10006878040000127A0000010100A8760400BE
:108E20000400010000000000448E0400308E0400A5
:108E3000A9150500B9150500480100000000000053
:108E40000000000005410400A3400400B1DF02005F
:108E5000F14004002878040010000000A08E0400F7
:108E600002000000010000000600000002000000F7
:108E700008000000030000000A00000000000000DD
:108E80000F000000040000001400000005000000B6
:108E900019000000060000001E000000070000008E
:108EA0002F420400EB41040043420400C877040051
:108EB0000201090400000203000058020C00000037
:108EC00080A2190020BF0200C87604001000000034
:108ED00064000000A942040000A00050010000004E
:108EE0000048E80100000000000000000000000051
:108EF000FFFFFFFF0000FF00000000000000000077
:108F0000FFFFFFFF0200000101000000C542040056
:108F1000FFFF0000288F0400FFFFFFFF000000009C
:108F2000000000000000000000A00050348F04008A
:108F3000010000003C8F040003000000051800043D
:108F4000091800050A180006C87604000B00010085
:108F500000C000500000000000127A000000000075
:108F60000000000000000000FFFFFFFF0000FF0006
:108F70000000000000000000FFFFFFFF00000001F4
:108F800001000000BB420400FFFF0000A08F0400AE
:108F9000FFFFFFFF000000000000000000000000D5
:108FA00000C00050AC8F040001000000B48F04002A
:108FB000030000001D0000041C0000051A0000064C
:108FC000C876040016000100A87604000400010021
:108FD000C876040018000100A8760400080000000C
:108FE000A876040006000000A87604000700000030
:108FF000A87604000E001100A87604000D001100F0
:109000002878040038000000A8760400050011004C
:109010008102030000000000190303004DFF02005D
:10902000F1FE020000000000000000006D000300DF
:1090300011450400190103000200000000000000B7
:109040000000000004000000020000000100000019
:10905000080000000800000003000000E0370500E1
:10906000F337050006380500193805002C380500CF
:109070003F38050052380500653805009A3A05006A
:10908000A83A0500BC3A0500CB3A0500D73A0500DE
:10909000007504000075040068750400787504000C
:1090A0007876040088760400DD3D050000010000AC
:1090B000512563FCC2CAB9F3849E17A7ADFAE6BC7A
:1090C000FFFFFFFFFFFFFFFF00000000FFFFFFFFAC
:1090D000982F8A4291443771CFFBC0B5A5DBB5E923
:1090E0005BC25639F111F159A4823F92D55E1CAB97
:1090F00098AA07D8015B8312BE853124C37D0C5525
:10910000745DBE72FEB1DE80A706DC9B74F19BC16C
:10911000C1699BE48647BEEFC69DC10FCCA10C245C
:109120006F2CE92DAA84744ADCA9B05CDA88F97640
:1091300052513E986DC631A8C82703B0C77F59BFAA
:10914000F30BE0C64791A7D55163CA0667292914D6
:10915000850AB72738211B2EFC6D2C4D130D385373
:1091600054730A65BB0A6A762EC9C281852C729235
:10917000A1E8BFA24B661AA8708B4BC2A3516CC763
:1091800019E892D1240699D685350EF470A06A109C
:1091900016C1A419086C371E4C774827B5BCB034EB
:1091A000B30C1C394AAAD84E4FCA9C5BF36F2E6889
:1091B000EE828F746F63A5781478C8840802C78C18
:1091C000FAFFBE90EB6C50A4F7A3F9BEF27871C61B
:1091D000AAAAAAAAAAAAAAAAAAAAAAAA5555555543
:1091E0005555555555555555000000005555555583
:1091F000522563FCC2CAB9F3849E17A7ADFAE6BC38
:10920000FFFFFFFFFFFFFFFF00000000FFFFFFFF6A
:10921000512563FCC2CAB9F3849E17A7ADFAE6BC18
:10922000FFFFFFFFFFFFFFFF00000000FFFFFFFF4A
:1092300096C298D84539A1F4A033EB2D817D0377F0
:10924000F240A463E5E6BCF847422CE1F2D1176B8B
:10925000F551BF376840B6CBCE5E316B5733CE2B5E
:10926000169E0F7C4AEBE78E9B7F1AFEE242E34F8D
:109270004B60D2273E3CCE3BF6B053CCB0061D65CA
:10928000BC86987655BDEBB3E7933AAAD835C65A53
:10929000FCFFFFFFFFFFFFFFFFFFFFFF00000000DD
:1092A000000000000000000001000000FFFFFFFFC1
:1092B000FF8FFFFFFF8FFFFFFE8FFFFFFE8FFFFF80
:1092C000FD8FFFFFFC8FFFFFFC8FFFFFFB8FFFFF7A
:1092D0006D757465785F667265652063616C6C6539
:1092E000642077697468204E554C4C20706172611F
:1092F0006D6574657200000043616E277420696EAD
:10930000697469616C697A65206D757465782C2063
:10931000776173204E554C4C0D0A00004661696C14
:1093200020746F2061637175697265206D75746555
:10933000780A00004661696C20746F20696E637260
:109340006561736520504D20636F756E7465720A98
:10935000000000004661696C20746F2064656372D0
:109360006561736520504D20636F756E7465720A78
:10937000000000004661696C20746F2072656C65A6
:10938000617365206D757465780A0000436F756CB4
:1093900064206E6F74206C6F636B20706F776572E2
:1093A0002073617665206D75746578004661696C1F
:1093B00020746F20756E6C6F636B206D75746578AB
:1093C0000A0000006374782063616E6E6F7420621F
:1093D00065204E554C4C00000A6374782069732058
:1093E0004E554C4C0A00000067E6096A85AE67BB23
:1093F00072F36E3C3AF54FA57F520E518C68059B77
:10940000ABD9831F19CDE05BD89E05C107D57C364B
:1094100017DD703039590EF7310BC0FF1115586840
:10942000A78FF964A44FFABE0123456789ABCDEF3E
:10943000FEDCBA9876543210F0E1D2C30000032863
:109440000000022900000328000000280000022973
:10945000000003280000002800002A2B00002A2B0F
:10946000000003280000292B0000292B00000328FE
:10947000000002290000052A0000052A0000032838
:1094800000000118000000280000042A0000042A3F
:10949000000003280000012A0000012A0000032820
:1094A0000000002A0000002A000003280000001825
:1094B00000000028E803F401EB00020000000400B3
:1094C00001000800020077C295F360D2EF7F3552A9
:1094D000500F2CB679800401000124012001020004
:1094E0000100000200014164766572746973696E5F
:1094F00067206661696C656420746F2073746172A3
:109500007420286572722025642900416476657292
:10951000746973696E6720737563636573736675C9
:109520006C6C792073746172746564004E6F742082
:1095300061626C6520746F20616C6C6F636174652F
:1095400020554152542072656365697665206275C5
:109550006666657200424C452072656164792C2014
:109560007374617274696E6720424D452073656E35
:10957000736F722E2E2E0A00424D452073656E7356
:109580006F72207374617274206661696C65642007
:10959000286572723A2025642900424D4520736582
:1095A0006E736F72207374617274206661696C658A
:1095B000643A2025640A00424D452073656E736F3E
:1095C000722073746172746564207375636365736C
:1095D0007366756C6C790A00424D452073656E7335
:1095E0006F72207468726561642065786974696E51
:1095F000670A00424C452072656164792C207374BF
:10960000617274696E67204248313734392073655E
:109610006E736F722E2E2E0A004248313734392075
:10962000424C452063616C6C6261636B20726567BC
:10963000697374657265640A0042483137343920B1
:1096400073656E736F7220737461727420666169E2
:109650006C656420286572723A20256429004248AE
:10966000313734392073656E736F72207374617291
:1096700074206661696C65643A2025640A0042487A
:10968000313734392073656E736F72207374617271
:10969000746564207375636365737366756C6C7948
:1096A0000A004248313734392073656E736F722077
:1096B0007468726561642065786974696E670A0010
:1096C000424C452072656164792C20737461727418
:1096D000696E6720424D493237302073656E736F73
:1096E000722E2E2E0A00424D4932373020424C4510
:1096F0002063616C6C6261636B207265676973746F
:10970000657265640A00424D493237302073656ED8
:10971000736F72207374617274206661696C656422
:1097200020286572723A2025642900424D4932375B
:10973000302073656E736F7220737461727420666B
:1097400061696C65643A2025640A00424D493237EC
:10975000302073656E736F72207374617274656408
:10976000207375636365737366756C6C790A004268
:109770004D493237302073656E736F722074687292
:109780006561642065786974696E670A00424C45BA
:109790002072656164792C207374617274696E67DC
:1097A000204144584C3336322073656E736F722EED
:1097B0002E2E0A004144584C33363220424C45206C
:1097C00063616C6C6261636B207265676973746559
:1097D0007265640A004144584C3336322073656E1A
:1097E000736F72207374617274206661696C656452
:1097F00020286572723A20256429004144584C3370
:1098000036322073656E736F7220737461727420C8
:109810006661696C65643A2025640A004144584CCD
:109820003336322073656E736F7220737461727495
:109830006564207375636365737366756C6C790A10
:10984000004144584C3336322073656E736F72207A
:109850007468726561642065786974696E670A006E
:109860004144584C3336322073656E736F722074E6
:10987000687265616420737461727465640A00576C
:10988000616974696E6720666F7220424C45206979
:109890006E69742E2E2E0A0054696D656F757420E2
:1098A00077616974696E6720666F7220424C45204B
:1098B000696E69743A2025640A00543A25642E259D
:1098C0003032644320503A25642E2530326468508B
:1098D0006120483A25642E253032642525204761D1
:1098E000733A256C754F686D7300424D4520646175
:1098F00074612073746F7265643A20543D25642E40
:109900002530326420503D25642E253032642048B5
:109910003D25642E25303264204761733D256C75EA
:109920000A00424D45207061727365206661696C62
:1099300065643A2025730A00523A256420473A2587
:109940006420423A25642049523A25640041583A3D
:1099500025642E253032642041593A25642E253065
:10996000326420415A3A25642E253032642047580B
:109970003A25642E253032642047593A25642E2535
:1099800030326420475A3A25642E25303264007004
:1099900075626C69630072616E646F6D00707562F0
:1099A0006C69632D69640072616E646F6D2D69640A
:1099B00000253032583A253032583A253032583A5C
:1099C000253032583A253032583A2530325820283E
:1099D0002573290053656375726974792063686122
:1099E0006E6765643A202573206C6576656C20256A
:1099F00075005365637572697479206661696C6579
:109A0000643A202573206C6576656C202575206589
:109A100072722025642025730050616972696E6737
:109A2000206661696C656420636F6E6E3A202573F1
:109A30002C20726561736F6E2025642025730050A1
:109A4000616972696E6720636F6D706C65746564BF
:109A50003A2025732C20626F6E6465643A20256479
:109A600000506173736B657920666F722025733ABD
:109A7000202530367500446973636F6E6E656374BC
:109A800065643A2025732C20726561736F6E2030F7
:109A90007825303278202573005072657373204228
:109AA0007574746F6E203120746F20636F6E6669F9
:109AB000726D2C20427574746F6E203220746F208A
:109AC00072656A6563742E00436F6E6E65637469B8
:109AD0006F6E206661696C65642C2065727220303F
:109AE000782530327820257300436F6E6E6563747D
:109AF00065642025730050616972696E6720636137
:109B00006E63656C6C65643A20257300525820665C
:109B1000726F6D2025732C206C656E3D25640D0AD7
:109B2000004845583A2000253032582000545854F7
:109B30003A2025730D0A004661696C656420746FD4
:109B40002073656E642064617461206F7665722095
:109B50005541525400E29AA120554152545F525847
:109B60005F5244593A2052656365697665642025E1
:109B7000642062797465730D0A00F09F93A52042FA
:109B8000756666657220746F74616C206C656E67B3
:109B90007468206E6F773A2025642062797465734B
:109BA0000D0A00F09F949A204E65776C696E6520CF
:109BB00064657465637465642C2064697361626CA8
:109BC000696E6720554152542052580D00F09F9401
:109BD0008420554152545F52585F44495341424C8E
:109BE0004544202D2052652D656E61626C696E675B
:109BF00020726563657074696F6E0D00F09F93A6A7
:109C000020554152545F52585F4255465F52454C71
:109C100045415345440D00E29C852050757474699C
:109C20006E6720256420627974657320696E746F95
:109C3000204649464F0D0A00E29AA0EFB88F204215
:109C4000756666657220656D7074792C2066726524
:109C500065696E672069740D00436F6E6E6563748D
:109C6000696F6E206F626A65637420617661696CEA
:109C700061626C652066726F6D2070726576696FC7
:109C8000757320636F6E6E2E20446973636F6E6E02
:109C900065637420697320636F6D706C65746521F2
:109CA000004E756D65726963204D617463682C2088
:109CB000636F6E6E202570004E756D65726963204E
:109CC00052656A6563742C20636F6E6E2025700088
:109CD000F09F93A4205465726D696E616C20696E6B
:109CE0007075742072656365697665643A202564D1
:109CF0002062797465730D0A0053656E64696E673E
:109D000020746F20424C45202825642062797465B8
:109D100073293A20004661696C656420746F207372
:109D2000656E642064617461206F76657220424CB8
:109D30004520636F6E6E656374696F6E0044617475
:109D4000612073656E7420746F2070686F6E65207B
:109D50007375636365737366756C6C79210D00426E
:109D60004D452073656E736F72207468726561640F
:109D700020737461727465640A00556E6966696562
:109D80006420424C452073656E646572207468726D
:109D900065616420737461727465640A00424C45A5
:109DA0002072656164792C207374617274696E67C6
:109DB00020756E69666965642073656E6465722ED0
:109DC0002E2E0A00424D4520543A25642E2530326D
:109DD000644320503A25642E253032646850612057
:109DE000483A25642E253032642525204761733A90
:109DF000256C754F686D207C2000424820523A2522
:109E00006420473A256420423A25642049523A2585
:109E100064207C2000424D492041583A25642E257B
:109E20003032642041593A25642E25303264204175
:109E30005A3A25642E253032642047583A25642E3C
:109E4000253032642047593A25642E25303264206B
:109E5000475A3A25642E25303264207C2000414444
:109E6000584C20583A25642E2530326420593A2522
:109E7000642E25303264205A3A25642E253032640F
:109E8000004661696C656420746F2073656E6420A0
:109E9000636F6D62696E656420646174613A202548
:109EA000640A0053656E7420636F6D62696E656449
:109EB00020646174612028256420627974657329A7
:109EC0000A004248313734392073656E736F72204F
:109ED00074687265616420737461727465640A00E9
:109EE000424D493237302073656E736F722074684B
:109EF0007265616420737461727465640A00436101
:109F00006E6E6F7420696E697420627574746F6E02
:109F10007320286572723A202564290043616E6EB1
:109F20006F7420696E6974204C45447320286572F3
:109F3000723A20256429004661696C656420746F5B
:109F400020656E61626C65205553420043616E6E00
:109F50006F7420696E697469616C697A6520554116
:109F600052542063616C6C6261636B005374617264
:109F700074696E67204E6F72646963205541525454
:109F800020736572766963652073616D706C650D11
:109F90000A0043616E6E6F7420646973706C61793E
:109FA0002077656C636F6D65206D657373616765A0
:109FB00020286572723A202564290043616E6E6F15
:109FC0007420656E61626C652075617274207265C3
:109FD00063657074696F6E20286572723A2025641B
:109FE00029004661696C656420746F207265676939
:109FF0007374657220617574686F72697A617469CF
:10A000006F6E2063616C6C6261636B732E202865D8
:10A0100072723A20256429004661696C6564207477
:10A020006F20726567697374657220617574686FFB
:10A0300072697A6174696F6E20696E666F20636100
:10A040006C6C6261636B732E20286572723A2025F6
:10A05000642900426C7565746F6F746820696E695D
:10A060007469616C697A656400424D452073656E60
:10A07000736F7220696E697469616C697A61746961
:10A080006F6E206661696C656420286572723A2083
:10A090002564292C20636F6E74696E75696E672064
:10A0A000776974686F75742073656E736F720042A0
:10A0B0004D452073656E736F7220696E69746961B6
:10A0C0006C697A65642C2077696C6C207072696E9B
:10A0D0007420646174612065766572792031302066
:10A0E0007365636F6E64730042483137343920738F
:10A0F000656E736F7220696E697469616C697A61EB
:10A1000074696F6E206661696C656420286572727F
:10A110003A202564292C20636F6E74696E75696E10
:10A120006720776974686F75742073656E736F72DA
:10A130000042483137343920636F6C6F7220736589
:10A140006E736F7220696E697469616C697A656497
:10A150002C2077696C6C207072696E742064617455
:10A1600061206576657279203130207365636F6E8A
:10A17000647300424D493237302073656E736F72DD
:10A1800020696E697469616C697A6174696F6E20A7
:10A190006661696C656420286572723A20256429BD
:10A1A0002C20636F6E74696E75696E6720776974B1
:10A1B000686F75742073656E736F7200424D49321B
:10A1C000373020494D552073656E736F7220696E6C
:10A1D000697469616C697A65642C2077696C6C209C
:10A1E0007072696E7420646174612065766572793D
:10A1F000203130207365636F6E6473004144584CA6
:10A200003336322073656E736F7220696E697469BC
:10A21000616C697A6174696F6E206661696C6564EE
:10A2200020286572723A202564292C20636F6E7491
:10A23000696E75696E6720776974686F75742073CD
:10A24000656E736F72004144584C3336322061633F
:10A2500063656C65726F6D657465722073656E738E
:10A260006F7220696E697469616C697A65642C200B
:10A2700077696C6C207072696E74206461746120FF
:10A2800065766572792038207365636F6E6473003C
:10A290004661696C656420746F20696E69746961D8
:10A2A0006C697A65205541525420736572766963F2
:10A2B0006520286572723A2025642900756E6966EA
:10A2C0006965645F73656E6465725F746872656109
:10A2D000645F6964006164786C3336325F73656E05
:10A2E000736F725F7468726561645F696400626D48
:10A2F000693237305F73656E736F725F7468726551
:10A3000061645F6964006268313734395F73656E18
:10A31000736F725F7468726561645F696400626D17
:10A32000655F73656E736F725F7468726561645F99
:10A33000696400626C655F77726974655F746872E6
:10A340006561645F6964006C6566745F696E736FF4
:10A350006C65007065726970686572616C5F7561CB
:10A36000727400424D453638303A20543D25642EF3
:10A3700025303264432C20503D25642E2530326434
:10A380006850612C20483D25642E253032642525F7
:10A390002C204761733D25644F686D730A00466148
:10A3A000696C656420746F206665746368207361EE
:10A3B0006D706C653A20256400424D45363830207A
:10A3C000646576696365206973206E6F74207265B9
:10A3D00061647900424D453638302073656E736F85
:10A3E0007220696E697469616C697A65642073753D
:10A3F000636365737366756C6C790053656E736F18
:10A4000072206E6F7420696E697469616C697A6517
:10A410006400424D452073656E736F72206E6F74D9
:10A4200020696E697469616C697A6564005374614E
:10A430007274696E6720424D452073656E736F724A
:10A44000005374617274696E6720424D45207365D4
:10A450006E736F72207468726561642E2E2E0042D6
:10A460004D452073656E736F722073746162696C01
:10A47000697A6174696F6E20636F6D706C65746565
:10A4800000424D452073656E736F722072756E6E5B
:10A49000696E6720696E20706F6C6C696E67206DE5
:10A4A0006F646500424D452073656E736F72207254
:10A4B000756E6E696E6720696E20706F6C6C696E68
:10A4C00067206D6F6465202831307320696E746574
:10A4D0007276616C290052656164696E6720424D35
:10A4E000452073656E736F7220646174612E2E2E29
:10A4F0000053656E736F72207265616420737563BB
:10A500006365737366756C2C206C6F6767696E6723
:10A510002F73656E64696E672E2E2E00543A256483
:10A520002E253032644320503A25642E2530326483
:10A5300068506120483A25642E2530326425252054
:10A540004761733A256C754F686D730A0053656EE9
:10A55000736F722072656164206661696C65640066
:10A56000626D655F73656E736F72004661696C65DD
:10A570006420746F206765742052454420636861CD
:10A580006E6E656C3A202564004661696C656420D6
:10A59000746F2067657420475245454E206368619B
:10A5A0006E6E656C3A202564004661696C656420B6
:10A5B000746F2067657420424C5545206368616E56
:10A5C0006E656C3A202564004661696C6564207490
:10A5D0006F20676574204952206368616E6E656CF8
:10A5E0003A202564004248313734392073656E7350
:10A5F0006F72206E6F742072656164790042483119
:10A600003734392073656E736F72206E6F742072E9
:10A61000656164790A0042483137343920636F6CD0
:10A620006F722073656E736F7220696E69746961F1
:10A630006C697A6564207375636365737366756CA2
:10A640006C79004248313734392073656E736F720C
:10A6500020696E697469616C697A65643A20257352
:10A660000A004248313734392073656E736F7220A7
:10A670006E6F7420696E697469616C697A65640AC9
:10A68000004661696C656420746F20666574636858
:10A690002073656E736F7220646174613A20256463
:10A6A000004248313734393A20523D25642C204746
:10A6B0003D25642C20423D25642C2049523D2564D3
:10A6C0000A005374617274696E67204248313734EE
:10A6D000392073656E736F72005374617274696EA2
:10A6E000672042483137343920636F6C6F722073B2
:10A6F000656E736F72207468726561642E2E2E0A07
:10A70000004248313734392073656E736F7220739D
:10A71000746162696C697A6174696F6E20636F6DD0
:10A72000706C6574650A00424831373439207365AE
:10A730006E736F722072756E6E696E6720696E201F
:10A74000706F6C6C696E67206D6F64650042483194
:10A750003734392073656E736F722072756E6E694F
:10A760006E6720696E20706F6C6C696E67206D6F0C
:10A770006465202831307320696E74657276616C6F
:10A78000290A0052656164696E6720424831373496
:10A790003920636F6C6F722073656E736F72206403
:10A7A0006174612E2E2E0A0053656E736F722072D3
:10A7B000656164207375636365737366756C2C20C3
:10A7C0006C6F6767696E672F73656E64696E672E5D
:10A7D0002E2E0A00523A256420473A256420423A38
:10A7E00025642049523A25640A0053656E736F72DE
:10A7F0002072656164206661696C65640A00626844
:10A80000313734395F73656E736F7200424D493270
:10A8100037303A2041583D25642E2530326420419E
:10A82000593D25642E2530326420415A3D25642E41
:10A83000253032642047583D25642E25303264206F
:10A8400047593D25642E2530326420475A3D256402
:10A850002E253032640A004661696C656420746F8D
:10A860002067657420414343454C20646174613A1C
:10A87000202564004661696C656420746F206765FB
:10A8800074204759524F20646174613A2025640056
:10A89000424D493237302073656E736F72206E6F90
:10A8A0007420726561647900424D493237302073FB
:10A8B000656E736F72206E6F742072656164790AC1
:10A8C00000424D4932373020494D552073656E7333
:10A8D0006F7220696E697469616C697A656420734E
:10A8E00075636365737366756C6C7900424D4932AC
:10A8F00037302073656E736F7220696E6974696199
:10A900006C697A65643A2025730A00424D493237F2
:10A91000302073656E736F72206E6F7420696E697C
:10A920007469616C697A65640A0053746172746950
:10A930006E6720424D493237302073656E736F72F7
:10A94000005374617274696E6720424D493237302A
:10A9500020494D552073656E736F7220746872655F
:10A9600061642E2E2E0A00424D4932373020736525
:10A970006E736F722073746162696C697A61746955
:10A980006F6E20636F6D706C6574650A00424D498F
:10A990003237302073656E736F722072756E6E6918
:10A9A0006E6720696E20706F6C6C696E67206D6FCA
:10A9B000646500424D493237302073656E736F72A3
:10A9C0002072756E6E696E6720696E20706F6C6C98
:10A9D000696E67206D6F6465202831307320696E61
:10A9E00074657276616C290A0052656164696E67EC
:10A9F00020424D4932373020494D552073656E73E2
:10AA00006F7220646174612E2E2E0A0041583A251F
:10AA1000642E253032642041593A25642E25303287
:10AA20006420415A3A25642E253032642047583A32
:10AA300025642E253032642047593A25642E25306E
:10AA4000326420475A3A25642E253032640A006267
:10AA50006D693237305F73656E736F7200414458B1
:10AA60004C3336323A20583D25642E25303264204E
:10AA7000593D25642E25303264205A3D25642E250B
:10AA8000303264206D2F735E320A004661696C6556
:10AA90006420746F2067657420414343454C5F58C0
:10AAA0003A202564004661696C656420746F2067F4
:10AAB000657420414343454C5F593A202564004664
:10AAC00061696C656420746F20676574204143433D
:10AAD000454C5F5A3A202564004144584C33363285
:10AAE0002073656E736F72206E6F7420726561647F
:10AAF00079004144584C3336322073656E736F725F
:10AB0000206E6F742072656164790A004661696C19
:10AB1000656420746F207365742073616D706C6957
:10AB20006E67206672657175656E63790041445881
:10AB30004C33363220616363656C65726F6D65748A
:10AB400065722073656E736F7220696E69746961D6
:10AB50006C697A6564207375636365737366756C7D
:10AB60006C79004144584C3336322073656E736FF4
:10AB70007220696E697469616C697A65643A20252E
:10AB8000730A00E29D8C204144584C3336322073C6
:10AB9000656E736F72206E6F7420696E697469617F
:10ABA0006C697A65640A005374617274696E672017
:10ABB0004144584C3336322073656E736F720053C4
:10ABC00074617274696E67204144584C3336322088
:10ABD000616363656C65726F6D6574657220736522
:10ABE0006E736F72207468726561642E2E2E0A0077
:10ABF0004144584C3336322073656E736F72207344
:10AC0000746162696C697A6174696F6E20636F6DDB
:10AC1000706C6574650A004144584C3336322073B9
:10AC2000656E736F722072756E6E696E6720696EE5
:10AC300020706F6C6C696E67206D6F6465004144B5
:10AC4000584C3336322073656E736F722072756E96
:10AC50006E696E6720696E20706F6C6C696E67201C
:10AC60006D6F64652028387320696E746572766133
:10AC70006C290A0052656164696E67204144584C32
:10AC800033363220616363656C65726F6D65746520
:10AC90007220646174612E2E2E0A00583A25642EAB
:10ACA0002530326420593A25642E25303264205AEA
:10ACB0003A25642E25303264206D2F735E320A00EF
:10ACC0006164786C3336325F73656E736F72000047
:10ACD000070E091C1B1215383F363124232A2D5725
:10ACE0004553545F544F504449522F7A65706879E8
:10ACF000722F6C69622F686561702F686561702EB4
:10AD000063006368756E6B5F7573656428682C20DB
:10AD1000632900415353455254494F4E20464149FF
:10AD20004C205B25735D20402025733A25640A0082
:10AD300009756E6578706563746564206865617017
:10AD40002073746174652028646F75626C652D666C
:10AD50007265653F2920666F72206D656D6F72792F
:10AD60002061742025700A006C6566745F636875E5
:10AD70006E6B28682C2072696768745F6368756EF3
:10AD80006B28682C20632929203D3D20630009633E
:10AD90006F72727570746564206865617020626F8F
:10ADA000756E64732028627566666572206F7665BD
:10ADB00072666C6F773F2920666F72206D656D6FCC
:10ADC00072792061742025700A006279746573209D
:10ADD0003E20686561705F666F6F7465725F62794F
:10ADE00074657328627974657329000968656170F8
:10ADF0002073697A6520697320746F6F20736D61A9
:10AE00006C6C0A00686561705F737A203E2063682D
:10AE1000756E6B737A2873697A656F6628737472BE
:10AE2000756374207A5F68656170292900636875AD
:10AE30006E6B305F73697A65202B206D696E5F637E
:10AE400068756E6B5F73697A65286829203C3D20C0
:10AE5000686561705F737A00574553545F544F5073
:10AE60004449522F7A65706879722F6C69622F6D30
:10AE7000656D5F626C6F636B732F6D656D5F626C88
:10AE80006F636B732E63006D656D5F626C6F636BD8
:10AE900020213D202828766F6964202A2930290046
:10AEA0006F75745F626C6F636B20213D202828767C
:10AEB0006F6964202A293029006D656D5F626C6FAF
:10AEC000636B2D3E6269746D617020213D202828DE
:10AED000766F6964202A293029006D656D5F626C88
:10AEE0006F636B2D3E62756666657220213D20287A
:10AEF00028766F6964202A293029006F6666736599
:10AF000074202B20636F756E74203C3D206D656D41
:10AF10005F626C6F636B2D3E696E666F2E6E756D32
:10AF20005F626C6F636B7300574553545F544F50AF
:10AF30004449522F7A65706879722F6C69622F6F5D
:10AF4000732F63627072696E74665F7061636B61A8
:10AF50006765642E630009537472696E67207769B0
:10AF6000746820746F6F206D616E792061726775EF
:10AF70006D656E74730A00097374725F7074725F2A
:10AF8000706F735B5D20746F6F20736D616C6C0A02
:10AF90000009756E65787065637465642073697AFD
:10AFA000652025750A0009746F6F206D616E792028
:10AFB000666F726D617420617267730A00696E5FFB
:10AFC0007061636B6167656420213D202828766F7E
:10AFD0006964202A2930290028756E7369676E65B7
:10AFE00064292063686172202A2075736564206675
:10AFF0006F722025257020617267756D656E742EE5
:10B000002049742773207265636F6D6D656E64658A
:10B010006420746F206361737420697420746F20DE
:10B02000766F6964202A20626563617573652069A3
:10B0300074206D6179206361757365206D69736239
:10B0400065686176696F7220696E206365727461EC
:10B05000696E20636F6E66696775726174696F6E81
:10B06000732E20537472696E673A22257322206111
:10B070007267756D656E743A256400736370795FED
:10B08000636E74203C2073697A656F6628637079FB
:10B090005F7374725F706F7329006B6565705F63B7
:10B0A0006E74203C2073697A656F66286B656570E5
:10B0B0005F7374725F706F73290063627072696E80
:10B0C00074665F7061636B61676500574553545FD9
:10B0D000544F504449522F7A65706879722F6C69C9
:10B0E000622F6F732F6D7073635F706275662E636E
:10B0F00000574553545F544F504449522F7A65705E
:10B100006879722F696E636C7564652F7A657068F3
:10B1100079722F7370696E6C6F636B2E68007A5F43
:10B120007370696E5F6C6F636B5F76616C696428C6
:10B130006C290009496E76616C6964207370696ED0
:10B140006C6F636B2025700A007A5F7370696E5FA5
:10B15000756E6C6F636B5F76616C6964286C290037
:10B16000094E6F74206D79207370696E6C6F636B1C
:10B170002025700A00574553545F544F504449529C
:10B180002F7A65706879722F6C69622F6F732F70D8
:10B190003477712E63007070203C3D205F6B5F70D0
:10B1A0003477715F696E6974706172616D5F6C692B
:10B1B00073745F656E640009756E6578706563749D
:10B1C0006564206C69737420656E64206C6F6361C4
:10B1D00074696F6E0A006974656D2D3E74687265DE
:10B1E0006164203D3D202828766F6964202A29303B
:10B1F0002900574553545F544F504449522F7A65A4
:10B20000706879722F6B65726E656C2F696E636CF6
:10B210007564652F6B73636865642E6800216172C5
:10B2200063685F6972715F756E6C6F636B656428CC
:10B230006B65792900090A007468726561642D3EA6
:10B24000626173652E70656E6465645F6F6E004F3A
:10B250007574206F6620776F726B657220746872E8
:10B26000656164732C207072696F726974792067EC
:10B27000756172616E7465652076696F6C61746565
:10B28000640070347771004661696C656420746F86
:10B29000207265626F6F743A207370696E6E696EAA
:10B2A0006720656E646C6573736C792E2E2E0A00B0
:10B2B000574553545F544F504449522F7A65706834
:10B2C00079722F6C69622F7574696C732F72622E9C
:10B2D000630069735F626C61636B286E6F646529DC
:10B2E000207C7C2069735F626C61636B2863686992
:10B2F0006C64290009626F7468206E6F6465732046
:10B300007265643F210A00574553545F544F5044BF
:10B3100049522F7A65706879722F6C69622F757443
:10B32000696C732F62697461727261792E63006D4A
:10B3300069736D617463685F62756E646C6520210A
:10B340003D203000626974617272617920213D2074
:10B350002828766F6964202A29302900626974617F
:10B36000727261792D3E6E756D5F62697473203EF5
:10B37000203000574553545F544F504449522F7A60
:10B3800065706879722F6C69622F7574696C732FA0
:10B390006F6E6F66662E63007374617465203D3D49
:10B3A00020305500217379735F736C6973745F6922
:10B3B000735F656D70747928266D67722D3E636CBE
:10B3C00069656E747329007472616E7369742021EB
:10B3D0003D202828766F6964202A2930290073745B
:10B3E000617465203D3D202831554C203C3C20288F
:10B3F000312929006D67722D3E72656673203D3DCF
:10B400002030007374617465203D3D202831554C17
:10B41000203C3C2028302929006D67722D3E726542
:10B420006673203E203000287374617465203D3DB2
:10B4300020282831554C203C3C2028322929207CCA
:10B44000202831554C203C3C20283129292929200D
:10B450007C7C20287374617465203D3D2028283150
:10B46000554C203C3C2028322929207C203055296D
:10B4700029207C7C20287374617465203D3D202840
:10B480002831554C203C3C2028322929207C20287A
:10B4900031554C203C3C202830292929290057458A
:10B4A00053545F544F504449522F7A6570687972F3
:10B4B0002F6C69622F7574696C732F6E6F74696677
:10B4C000792E6300574553545F544F504449522FCF
:10B4D0007A65706879722F6C69622F7574696C7304
:10B4E0002F72696E675F6275666665722E63004EC5
:10B4F0005653206E6F7420696E697469616C697A45
:10B50000656400436F756C64206E6F74206F6274A5
:10B5100061696E20666C61736820706172616D652F
:10B520007465727300556E737570706F72746564B4
:10B5300020777269746520626C6F636B2073697A1F
:10B540006500556E61626C6520746F2067657420BC
:10B550007061676520696E666F00496E76616C691F
:10B560006420736563746F722073697A6500436F3A
:10B570006E66696775726174696F6E206572726F4D
:10B5800072202D20736563746F7220636F756E7403
:10B5900000256420536563746F7273206F662025E5
:10B5A0006420627974657300616C6C6F63207772DC
:10B5B000613A2025642C202578006461746120772D
:10B5C00072613A2025642C202578004E6F20474375
:10B5D00020446F6E65206D61726B657220666F75B9
:10B5E0006E643A2072657374617274696E67206765
:10B5F0006300474320446F6E65206D61726B657216
:10B6000020666F756E640066735F6E767300496EB8
:10B6100076616C696420696E7374616E636500495C
:10B620006E76616C6964206261636B656E64206331
:10B630006F6E66696775726174696F6E00496E76C8
:10B64000616C696420696E7374616E63652C20653A
:10B650006E64706F696E74206F7220636F6E6669BE
:10B660006775726174696F6E00496E76616C6964AA
:10B6700020656E64706F696E7400456E64706F69EA
:10B680006E74206E6F74207265676973746572657D
:10B69000640A006970635F73657276696365006C44
:10B6A0006F6767696E6700574553545F544F504446
:10B6B00049522F7A65706879722F73756273797346
:10B6C0002F6C6F6767696E672F6C6F675F636F7250
:10B6D000652E63006C6F675F6261636B656E645FAC
:10B6E000636F756E745F6765742829203C20282875
:10B6F0003332202F20335529202D202831202B2094
:10B70000302929006261636B656E64203C3D205FD7
:10B710006C6F675F6261636B656E645F6C697374A5
:10B720005F656E64006C6F675F6261636B656E641A
:10B730005F636F756E745F6765742829203E2030E3
:10B74000006C6F67006C6F675F6D676D74004D65AF
:10B750007373616765202822257322292064726F24
:10B76000707065642062656361757365206974201B
:10B77000657863656564732073697A65206C696DAB
:10B7800069746174696F6E202825752900574553C7
:10B79000545F544F504449522F7A65706879722F24
:10B7A0007375627379732F6C6F6767696E672F6C3F
:10B7B0006F675F6D73672E6300706C656E203E3D32
:10B7C0002030004D6573736167652064726F70701F
:10B7D00065642062656361757365206974206578AE
:10B7E00063656564732073697A65206C696D69743B
:10B7F0006174696F6E202825752900574553545F81
:10B80000544F504449522F7A65706879722F73757E
:10B81000627379732F6C6F6767696E672F6C6F67E0
:10B820005F6F75747075742E63006F75745F6374E9
:10B83000782D3E636F6E74726F6C5F626C6F636BBA
:10B840002D3E6F6666736574203C3D206F75745F96
:10B850006374782D3E73697A65001B5B306D006CF4
:10B860006576656C203C3D203400257320005B2507
:10B8700030386C755D20005B253032753A253032EA
:10B88000753A253032752E253033752C25303375B9
:10B890005D200025732F003C25733E200025733A60
:10B8A0002000657272203E3D203000253032782025
:10B8B000007C00256300206D6573736167657320EC
:10B8C00064726F70706564202D2D2D0D0A1B5B3026
:10B8D0006D001B5B313B33316D2D2D2D20001B5B2B
:10B8E000313B33316D001B5B313B33336D0065728F
:10B8F000720077726E00696E6600646267006C6F3A
:10B90000675F6261636B656E645F72747400574554
:10B9100053545F544F504449522F7A65706879727E
:10B920002F7375627379732F6C6F6767696E672FFA
:10B930006261636B656E64732F6C6F675F626163D6
:10B940006B656E645F756172742E63006465766901
:10B9500063655F69735F726561647928756172748C
:10B960005F64657629006C6F675F6261636B656E0B
:10B97000645F75617274006C6F675F7561727400EB
:10B980004275666665722073697A65206973206204
:10B990006967676572207468616E20706167650011
:10B9A0004572726F72202564207768696C65206724
:10B9B000657474696E67207061676520696E666F73
:10B9C000004572726F72202564207768696C65206B
:10B9D00065726173696E6720706167650073747268
:10B9E00065616D5F666C6173685F666F72776172C7
:10B9F000645F65726173652025642072616E67659E
:10BA00003D30782530387A7800666C6173685F77EE
:10BA100072697465206572726F72202564206F668A
:10BA2000667365743D30782530387A7800666C61CD
:10BA300073682072656164206661696C65643A2090
:10BA400025640063616C6C6261636B206661696C84
:10BA500065643A20256400427566666572207369E4
:10BA60007A65206973206E6F7420616C69676E65FA
:10BA70006420746F206D696E696D616C20777269E6
:10BA800074652D626C6F636B2D73697A6500496E06
:10BA9000636F727265637420706172616D65746545
:10BAA000720053697A6520697320696E636F7272E0
:10BAB00065637400446576696365207365656D73BD
:10BAC00020746F206861766520302073697A650084
:10BAD0005265717565737465642072616E67652067
:10BAE0006F766572666C6F777320646576696365DF
:10BAF0002073697A650053545245414D5F464C416D
:10BB0000534800574553545F544F504449522F7A7D
:10BB100065706879722F7375627379732F757362AC
:10BB20002F6465766963652F7573625F64657669F6
:10BB300063652E63006366675F64617461203C3DEA
:10BB4000205F7573625F6366675F646174615F6CD9
:10BB50006973745F656E6400303132333435363763
:10BB6000383941424344454600574553545F544F8A
:10BB7000504449522F7A65706879722F73756273D9
:10BB800079732F7573622F6465766963652F75739A
:10BB9000625F64657363726970746F722E630072A2
:10BBA0006574203D3D203000094661696C65642064
:10BBB000746F2066696E642076616C696420624DE2
:10BBC00061785061636B657453697A65300A00620D
:10BBD00075665B61736369695F6964785F6D6178DD
:10BBE0005D203E2030783146202626206275665B37
:10BBF00061736369695F6964785F6D61785D203C3A
:10BC0000203078374600094F6E6C79207072696E6B
:10BC10007461626C652061736369692D37206368A4
:10BC200061726163746572732061726520616C6C0E
:10BC30006F77656420696E20555342207374726972
:10BC40006E672064657363726970746F72730A0043
:10BC50006364635F61636D5F756172743100626F0D
:10BC60006172645F6364635F61636D5F7561727469
:10BC700000757362776F726B7100666C6173685FD9
:10BC8000696D6700574553545F544F504449522FD4
:10BC90007A65706879722F7375627379732F736523
:10BCA0007474696E67732F7372632F73657474692C
:10BCB0006E67732E63006368203C3D205F7365747C
:10BCC00074696E67735F68616E646C65725F7374CC
:10BCD000617469635F6C6973745F656E640073653A
:10BCE000742D76616C7565206661696C7572652E60
:10BCF000206B65793A202573206572726F72282552
:10BD00006429002A2A2A20426F6F74696E67204DC9
:10BD100079204170706C69636174696F6E2076334D
:10BD20002E312E312D6633646262346131643435D4
:10BD300033202A2A2A0A002A2A2A205573696E6784
:10BD4000206E524620436F6E6E6563742053444BE1
:10BD50002076332E312E312D6532613937666532CA
:10BD600035373861202A2A2A0A002A2A2A205573C0
:10BD7000696E67205A6570687972204F5320763457
:10BD80002E312E39392D6666386630633537396580
:10BD90006562202A2A2A0A00029ECADC240EE5A92E
:10BDA000E093F3A3B50200406E029ECADC240EE5C8
:10BDB000A9E093F3A3B50200406E029ECADC240EF4
:10BDC000E5A9E093F3A3B50300406E029ECADC240C
:10BDD0000EE5A9E093F3A3B50300406E029ECADC12
:10BDE000240EE5A9E093F3A3B50100406E62745FF1
:10BDF0006E7573006D757465785F696E6974206324
:10BE0000616C6C65642077697468204E554C4C20D9
:10BE1000706172616D6574657200436F756C64204A
:10BE20006E6F7420616C6C6F63617465206D7574E6
:10BE30006578206265666F726520696E69746961F4
:10BE40006C697A696E6700574553545F544F50448C
:10BE500049522F6E72662F7375627379732F7561F5
:10BE600072745F6173796E635F616461707465722F
:10BE70002F756172745F6173796E635F6164617065
:10BE80007465722E6300646576006465762D3E6489
:10BE90006174610021646174612D3E72782E6E655B
:10BEA00078745F6275665F6C656E00646174612DA5
:10BEB0003E72782E637572725F627566203E3D2019
:10BEC000646174612D3E72782E62756600646174DF
:10BED000612D3E72782E637572725F627566203EC8
:10BEE0003D20646174612D3E72782E6C6173745FC5
:10BEF0006E6F746966795F627566007461726765FA
:10BF0000745F646576203D3D20646174612D3E74EC
:10BF1000617267657400094952512068616E646CF2
:10BF200065722063616C6C65642077697468206158
:10BF300020636F6E74657874207468617420736513
:10BF4000656D7320756E696E697469616C697A6577
:10BF5000642E0A00646174612D3E74782E637572DC
:10BF6000725F62756600556E6578706563746564AE
:10BF7000206669666F2066696C6C206572723A2073
:10BF8000256400646174612D3E74782E637572724D
:10BF90005F627566203E3D20646174612D3E747859
:10BFA0002E62756600545820627566666572204E72
:10BFB000554C4C206F6E20747820636F6D706C65EB
:10BFC000746500556E65787065637465642065728C
:10BFD000726F72206F6E204649464F2064726F70F8
:10BFE00070696E673A20256400446174612072654F
:10BFF00063656976656420776974686F757420621B
:10C0000075666665722070726570617265642C2059
:10C0100064726F7070656420256420627974657342
:10C0200000556E6578706563746564206572726F23
:10C0300072206F6E204649464F20726561643A2037
:10C04000256400646174612D3E72782E73697A658F
:10C050005F6C656674203E3D207265740064657691
:10C060002D3E617069006465762D3E617069203DEA
:10C070003D2026756172745F6173796E635F6164E0
:10C0800061707465725F6472697665725F61706910
:10C09000000954686973206973206E6F742075619C
:10C0A00072745F6173796E635F61646170746572ED
:10C0B000206465766963650A00756172745F6173F7
:10C0C000796E635F616461707465720072302F61B4
:10C0D000313A2020307825303878202072312F6195
:10C0E000323A2020307825303878202072322F6183
:10C0F000333A20203078253038780072332F61347D
:10C100003A2020307825303878207231322F69700B
:10C110003A2020307825303878207231342F6C72F4
:10C120003A20203078253038780020787073723AC1
:10C130002020307825303878004661756C74696E3F
:10C140006720696E737472756374696F6E206164C1
:10C15000647265737320287231352F7063293A2019
:10C1600030782530387800556E68616E646C65648F
:10C17000204952516E3A202564002A2A2A2A2A2070
:10C180004D5055204641554C54202A2A2A2A2A002F
:10C190002020537461636B696E67206572726F72E1
:10C1A0002028636F6E746578742061726561206DFC
:10C1B00069676874206265206E6F742076616C69AF
:10C1C0006429002020556E737461636B696E67206B
:10C1D0006572726F72002020446174612041636354
:10C1E0006573732056696F6C6174696F6E002020EF
:10C1F0004D4D46415220416464726573733A20305C
:10C20000782578002020496E737472756374696FA5
:10C210006E204163636573732056696F6C61746946
:10C220006F6E002020466C6F6174696E672D706FB1
:10C23000696E74206C617A79207374617465207002
:10C240007265736572766174696F6E206572726F64
:10C250007200574553545F544F504449522F7A65EA
:10C26000706879722F617263682F61726D2F636FCE
:10C2700072652F636F727465785F6D2F6661756C80
:10C28000742E6300212828285343425F5479706537
:10C29000202A292028283078453030304530303069
:10C2A000554C29202B20307830443030554C2920F3
:10C2B000292D3E434653522026202831554C203C00
:10C2C0003C20283055202B2034552929290009539A
:10C2D0007461636B696E67206F72204461746120C2
:10C2E0004163636573732056696F6C6174696F6E27
:10C2F000206572726F7220776974686F757420732D
:10C300007461636B2067756172642C20757365724C
:10C310002D6D6F6465206F72206E756C6C2D706F63
:10C32000696E74657220646574656374696F6E0A02
:10C330000A002A2A2A2A2A205553414745204641E5
:10C34000554C54202A2A2A2A2A002020446976693A
:10C3500073696F6E206279207A65726F00202055B4
:10C360006E616C69676E6564206D656D6F727920B2
:10C37000616363657373002020537461636B206F86
:10C38000766572666C6F772028636F6E746578745B
:10C390002061726561206E6F742076616C6964291A
:10C3A0000020204E6F20636F70726F636573736F30
:10C3B0007220696E737472756374696F6E73002096
:10C3C00020496C6C6567616C206C6F6164206F66DE
:10C3D000204558435F52455455524E20696E746F44
:10C3E000205043002020496C6C6567616C20757398
:10C3F00065206F66207468652045505352002020E8
:10C40000417474656D707420746F20657865637510
:10C41000746520756E646566696E656420696E7307
:10C420007472756374696F6E002A2A2A2A2A204260
:10C430005553204641554C54202A2A2A2A2A0020A6
:10C4400020537461636B696E67206572726F72004E
:10C450002020507265636973652064617461206295
:10C460007573206572726F7200202042464152201F
:10C47000416464726573733A203078257800202017
:10C48000496D7072656369736520646174612062CF
:10C490007573206572726F72002020496E7374721A
:10C4A000756374696F6E20627573206572726F7246
:10C4B00000526573657276656420457863657074B3
:10C4C000696F6E20280053707572696F75732069EB
:10C4D0006E74657272757074202849525120005331
:10C4E0005053454C20696E20746872656164206DFC
:10C4F0006F646520646F6573206E6F7420696E646D
:10C500006963617465205053500065736620213D56
:10C51000202828766F6964202A293029000945538C
:10C520004620636F756C64206E6F742062652072A4
:10C53000657472696576656420737563636573738A
:10C5400066756C6C792E205368616C6C206E657614
:10C550006572206F636375722E0A002A2A2A2A2ABE
:10C560002048415244204641554C54202A2A2A2A28
:10C570002A002020427573206661756C74206F6EEE
:10C5800020766563746F72207461626C65207265D9
:10C5900061640020204465627567206576656E746D
:10C5A0000020204661756C7420657363616C617452
:10C5B000696F6E20287365652062656C6F7729004E
:10C5C000415243485F455843455054207769746849
:10C5D00020726561736F6E2025780A0009466175C7
:10C5E0006C7420657363616C6174696F6E20776928
:10C5F00074686F75742046535220696E666F0A0026
:10C6000009486172644661756C7420776974686F5B
:10C610007574204846535220696E666F20536861D6
:10C620006C6C206E65766572206F636375720A00AC
:10C630002A2A2A2A2A204465627567206D6F6E694E
:10C64000746F7220657863657074696F6E202A2A32
:10C650002A2A2A002A2A2A2A2A2025732025642900
:10C66000202A2A2A2A2A00574553545F544F5044FF
:10C6700049522F7A65706879722F617263682F61F1
:10C68000726D2F636F72652F636F727465785F6D63
:10C690002F6972715F6D616E6167652E63007072E4
:10C6A000696F203C3D20282831554C203C3C2028F7
:10C6B000332929202D2031290009696E76616C69A2
:10C6C00064207072696F7269747920256420666FC6
:10C6D0007220256420697271212076616C75657302
:10C6E000206D757374206265206C657373207468A7
:10C6F000616E20256C750A0A006D707500466169CF
:10C700006C656420746F20616C6C6F63617465206C
:10C710006E6577204D505520726567696F6E2025D4
:10C72000750A00506172746974696F6E2025753ADC
:10C730002073616E69747920636865636B2066613C
:10C74000696C65642E00496E76616C696420756E53
:10C750006465726C79696E6720726567696F6E20B7
:10C76000696E64657820257500574553545F544FB2
:10C77000504449522F7A65706879722F61726368EC
:10C780002F61726D2F636F72652F6D70752F6172DF
:10C790006D5F6D70752E630009436F6E6669677516
:10C7A00072696E6720257520737461746963204D0A
:10C7B000505520726567696F6E73206661696C659C
:10C7C000640A0A00094D61726B696E672025752045
:10C7D000617265617320666F722064796E616D6944
:10C7E0006320726567696F6E73206661696C65644A
:10C7F0000A0A00095265717565737420746F2063AD
:10C800006F6E6669677572653A2025752072656777
:10C81000696F6E732028737570706F727465643AF7
:10C82000202575290A0A002128726567696F6E5BE9
:10C830006964785D2E64745F6174747220262028A8
:10C8400031554C203C3C20283029292900095241EF
:10C850004D5F4E4F434143484520776974682044FB
:10C86000545F4D454D5F434143484541424C45204F
:10C870006174747269627574650A0A0009466169B7
:10C880006C656420746F20616C6C6F6361746520EB
:10C890004D505520726567696F6E732066726F6DBB
:10C8A0002044540A0A00464C4153485F300053521A
:10C8B000414D5F3000574553545F544F50444952E7
:10C8C0002F7A65706879722F6C69622F6C69626368
:10C8D0002F7069636F6C6962632F61737365727423
:10C8E0002E63006578697400574553545F544F5068
:10C8F0004449522F7A65706879722F6C69622F6E85
:10C9000065745F6275662F6275662E630062756678
:10C910002D3E666C616773203D3D20305500627589
:10C92000662D3E6672616773203D3D202828766F34
:10C930006964202A293029007265715F73697A65FC
:10C94000203C3D2073697A650066726167006E6500
:10C95000745F62756600574553545F544F504449A5
:10C96000522F7A65706879722F6C69622F6E6574C8
:10C970005F6275662F6275665F73696D706C652E98
:10C9800063006275662D3E6C656E203D3D2030551E
:10C99000006275662D3E6C656E203E3D206C656EB6
:10C9A000006E65745F6275665F73696D706C655F5C
:10C9B00068656164726F6F6D2862756629203E3DFF
:10C9C000206C656E006E65745F6275665F73696D7D
:10C9D000706C655F7461696C726F6F6D28627566EB
:10C9E00029203E3D206C656E006E65745F62756641
:10C9F0005F73696D706C6500574553545F544F50B9
:10CA00004449522F7A65706879722F736F632F6E65
:10CA10006F726469632F6E726635332F736F632E86
:10CA20006300736F6300574553545F544F5044493C
:10CA3000522F6D6F64756C65732F68616C2F6E6F0C
:10CA4000726469632F6E7266782F68616C2F6E72E4
:10CA5000665F6770696F2E68006E72665F677069E7
:10CA60006F5F70696E5F70726573656E745F636827
:10CA700065636B282A705F70696E290057455354AF
:10CA80005F544F504449522F7A65706879722F7302
:10CA90006F632F6E6F726469632F6E726635332F0A
:10CAA0006E726635335F6370756E65745F6D676D4A
:10CAB000742E6300726574203E3D2030005745534C
:10CAC000545F544F504449522F6D6F64756C6573B9
:10CAD0002F68616C2F6E6F726469632F6E72667857
:10CAE0002F68616C2F6E72665F7370752E680021FF
:10CAF00028705F7265672D3E455854444F4D41493B
:10CB00004E5B646F6D61696E5F69645D2E50455266
:10CB10004D20262028307831554C203C3C202838A8
:10CB2000554C29292900000000012B2C2A1E5745AD
:10CB300053545F544F504449522F7A65706879724C
:10CB40002F7375627379732F6D676D742F6D6375B5
:10CB50006D67722F6D676D742F7372632F6D676DC4
:10CB6000742E630068616E646C6572203C3D205FCA
:10CB70006D63756D67725F68616E646C65725F6C22
:10CB80006973745F656E640072630067726F7570BD
:10CB900000574553545F544F504449522F7A6570A3
:10CBA0006879722F7375627379732F6D676D742F47
:10CBB0006D63756D67722F6772702F696D675F6D3A
:10CBC000676D742F696E636C7564652F6D676D7426
:10CBD0002F6D63756D67722F6772702F696D675F58
:10CBE0006D676D742F696D675F6D676D745F7072CF
:10CBF00069762E6800736C6F74203E3D20302026CD
:10CC00002620736C6F74203C202832203C3C20315D
:10CC1000290009496D706F737369626C6520736CCC
:10CC20006F74206E756D6265720A004661696C658D
:10CC30006420746F206F70656E20666C617368206D
:10CC4000617265612049442025753A2025640046BB
:10CC500061696C656420746F207265616420646131
:10CC600074612066726F6D20666C617368206172FA
:10CC700065613A202564004661696C656420746FC3
:10CC800020657261736520666C61736820617265EE
:10CC9000613A202564004661696C656420746F20E8
:10CCA0007265616420646174612066726F6D2066D4
:10CCB0006C6173683A2025640004020108736C6F8C
:10CCC000740076657273696F6E003C3F3F3F3E00B3
:10CCD000626F6F7461626C650070656E64696E6727
:10CCE00000636F6E6669726D656400616374697676
:10CCF00065007065726D616E656E7400696D616767
:10CD000065730073706C6974537461747573004655
:10CD1000616C656420626F6F745F7365745F6E65CC
:10CD20007874207769746820636F64652025642CAB
:10CD300020666F7220736C6F742025642C207769D5
:10CD400074682061637469766520736C6F74202544
:10CD50006420616E6420636F6E6669726D20256465
:10CD600000636F6E6669726D000A02042568752E95
:10CD70002568752E256875002E257500736C6F74F7
:10CD800073004661696C656420746F206F70656E16
:10CD900020736C6F7420256420666F7220696E6644
:10CDA0006F726D6174696F6E206665746368696E19
:10CDB000673A2025640075706C6F61645F696D610E
:10CDC00067655F6964006F6666007368610075700F
:10CDD000677261646500496D6167652075706C6F8D
:10CDE000616420696E7370656374206661696C6547
:10CDF000643A2025640049727265636F76657261DA
:10CE0000626C65206572726F723A20666C6173683D
:10CE1000207772697465206661696C65643A2025C3
:10CE20006400050501010101060101010103020180
:10CE30000101030303030103030106066D63756D1E
:10CE400067725F696D675F6772700071756572798F
:10CE500000626F6F746C6F61646572004D43556260
:10CE60006F6F74006275665F73697A6500627566DC
:10CE70005F636F756E74006D63756D67725F6F735E
:10CE80005F677270004661696C656420746F206F23
:10CE900070656E20666C6173682061726561004622
:10CEA00061696C656420746F2067657420666C61CD
:10CEB0007368206172656120646576696365004608
:10CEC00061696C656420746F2065726173652066AA
:10CED0006C6173682061726561006D63756D677266
:10CEE0005F7A62617369635F67727000574553547C
:10CEF0005F544F504449522F7A65706879722F738E
:10CF000075627379732F6D676D742F6D63756D67BF
:10CF1000722F7472616E73706F72742F7372632FDD
:10CF2000736D702E630028736D70742D3E66756E80
:10CF30006374696F6E732E6F757470757420213D04
:10CF4000202828766F6964202A293029290009526F
:10CF500065717569726564207472616E73706F7249
:10CF600074206F75747075742066756E6374696F64
:10CF70006E20706F696E7465722063616E6E6F747F
:10CF8000206265204E554C4C0A006D63756D6772CA
:10CF900020736D70006D63756D67725F736D7000E7
:10CFA0004E756C6C20637064206F626A65637420D8
:10CFB000666F7220636F6E6E656374696F6E202595
:10CFC0007000426C7565746F6F746820534D50200B
:10CFD0007472616E73706F727420726567697374B6
:10CFE0006572206661696C6564202865727220250F
:10CFF000642900574553545F544F504449522F7A87
:10D0000065706879722F7375627379732F6D676DB0
:10D01000742F6D63756D67722F7472616E73706FAC
:10D0200072742F7372632F736D705F62742E63005E
:10D0300002487C997411269EAE014ECEFB28782EB4
:10D04000DA02487C997411269EAE014ECEFB2878F8
:10D050002EDA0284AA6074528A8B86D34CB71D1DC7
:10D06000DC538D574553545F544F504449522F7AE7
:10D0700065706879722F7375627379732F72746932
:10D080006F2F7274696F5F6578656375746F722E48
:10D0900063007472616E73616374696F6E20213D09
:10D0A00020636861696E6564000945787065637422
:10D0B000656420636861696E6564206F72207472B4
:10D0C000616E73616374696F6E20666C61672C209A
:10D0D0006E6F7420626F74680A006E6F6465202141
:10D0E0003D202828766F6964202A293029000945C7
:10D0F0007870656374656420612076616C69642072
:10D100007375626D697373696F6E20696E207468E0
:10D1100065207175657565207768696C6520696E35
:10D120002061207472616E73616374696F6E206F29
:10D130007220636861696E0A007274696F5F657856
:10D14000656375746F7200574553545F544F504474
:10D1500049522F7A65706879722F7375627379738B
:10D160002F7274696F2F7274696F5F696E69742EA4
:10D1700063007371655F706F6F6C203C3D205F7260
:10D1800074696F5F7371655F706F6F6C5F6C6973EB
:10D19000745F656E64006371655F706F6F6C203CD7
:10D1A0003D205F7274696F5F6371655F706F6F6C54
:10D1B0005F6C6973745F656E640000FFFFFFFFFFC3
:10D1C000FF00000000000000FFFFFFFFFFFF000066
:10D1D000000000003031323334353637383961627F
:10D1E000636465660062745F72706100496E737596
:10D1F0006666696369656E74206E756D626572201E
:10D200006F6620617267756D656E74730049676E35
:10D210006F72696E67206964656E7469746965739D
:10D220002073746F72656420696E20666C61736828
:10D2300000496E76616C6964206C656E6774682065
:10D240004944206164647265737320696E2073744D
:10D250006F726167650062742F25732F25303278F5
:10D2600025303278253032782530327825303278C2
:10D270002530327825752F25730062742F25732F82
:10D2800025303278253032782530327825303278A2
:10D2900025303278253032782575007365747469CD
:10D2A0006E67735F7375627379735F696E697420FB
:10D2B0006661696C656420286572722025642900A6
:10D2C00062742F2573004661696C656420746F2059
:10D2D000736176652049442028657272202564298F
:10D2E00000556E61626C6520746F20736574757093
:10D2F00020616E206964656E74697479206164646C
:10D30000726573730062740062745F73657474692C
:10D310006E6773004254204C572057510002FB3473
:10D320009B5F800000800010000000000000574557
:10D3300053545F544F504449522F7A657068797244
:10D340002F7375627379732F626C7565746F6F7468
:10D35000682F686F73742F6275662E63007479701E
:10D3600065203D3D2042545F4255465F455654205E
:10D370007C7C2074797065203D3D2042545F42558D
:10D38000465F41434C5F494E207C7C207479706538
:10D39000203D3D2042545F4255465F49534F5F490F
:10D3A0004E0009496E76616C696420627566666537
:10D3B0007220747970652072657175657374656427
:10D3C0000A00574553545F544F504449522F7A65D1
:10D3D000706879722F696E636C7564652F7A6570F9
:10D3E0006879722F626C7565746F6F74682F6275DF
:10D3F000662E68006D6574612D3E706172656E7495
:10D400000076696577006E65745F6275665F686552
:10D410006164726F6F6D28706172656E7429203E51
:10D420002030002162745F6275665F6861735F76A9
:10D4300069657728706172656E74290062745F6235
:10D4400075660062745F6461746100446174612098
:10D45000627566666572206F766572666C6F77209E
:10D46000286C696E6B2074797065203078253032B5
:10D47000782900556E61626C6520746F206C6F6F47
:10D480006B20757020636F6E6E20776974682068FA
:10D49000616E646C6520257500556E61626C652057
:10D4A000746F206C6F6F6B757020636F6E6E20668B
:10D4B0006F722068616E646C65202575004861722A
:10D4C0006477617265206572726F722C2068617278
:10D4D000647761726520636F64653A202564004358
:10D4E0006F756C64206E6F74207375626D69742043
:10D4F00072785F776F726B3A20256400556E6162B7
:10D500006C6520746F20616C6C6F63617465206260
:10D51000756666657200556E68616E646C65642040
:10D520006576656E7420307825303278206C656EB3
:10D530002025753A202573004E6F2070656E646952
:10D540006E67207065726970686572616C20636FC8
:10D550006E6E656374696F6E00556E657870656395
:10D56000746564207374617475732030782530326B
:10D5700078202573004E6F20636F6D6D616E64209F
:10D5800073656E7420666F7220636D6420636F6DC7
:10D59000706C65746520307825303478004F7043A6
:10D5A0006F64652030782530347820636F6D706C3F
:10D5B0006574656420696E7374656164206F6620AC
:10D5C0006578706563746564203078253034780040
:10D5D000574553545F544F504449522F7A657068F1
:10D5E00079722F7375627379732F626C7565746FBE
:10D5F0006F74682F686F73742F6863695F636F72ED
:10D60000652E63002162756600546F6F20736D6133
:10D610006C6C2028257520627974657329206576E5
:10D62000656E742030782530327800496E76616CF2
:10D630006964204843492041434C207061636B6515
:10D64000742073697A6520282575290041434C2090
:10D6500064617461206C656E677468206D69736DB8
:10D66000617463682028257520213D2025752900D7
:10D67000556E61626C6520746F2066696E6420630C
:10D680006F6E6E20666F722068616E646C65202517
:10D690007500496E76616C6964204843492065765F
:10D6A000656E742073697A65202825752900627477
:10D6B0005F6863695F6576745F6765745F666C61F8
:10D6C0006773286864722D3E6576742920262028A9
:10D6D00031554C203C3C202831292900556E6B6E79
:10D6E0006F776E20627566207479706520257500ED
:10D6F000556E68616E646C65642076656E646F72E9
:10D700002D7370656369666963206576656E742044
:10D71000307825303278206C656E2025753A2025CA
:10D720007300696E74657276616C206578636565F7
:10D730006473207468652076616C69642072616E20
:10D74000676520307825303478006C6174656E63CD
:10D7500079206578636565647320746865207661F7
:10D760006C69642072616E6765203078253034788A
:10D7700000737570765F74696D656F757420657878
:10D780006365656473207468652076616C696420E4
:10D7900072616E6765203078253034780065767464
:10D7A000206E756D5F68616E646C657320283D2521
:10D7B000752920746F6F206C617267652028257A47
:10D7C00075203E20257529004E6F20636F6E6E65B3
:10D7D0006374696F6E20666F722068616E646C6539
:10D7E000202575007061636B65747320636F756EBF
:10D7F00074206D69736D617463680061746F6D6925
:10D80000635F6765742826636F6E6E2D3E696E5F79
:10D810006C6C29004661696C656420746F207365C7
:10D8200074207265717569726564207365637572C1
:10D83000697479206C6576656C004E6F2063686151
:10D840006E676520746F20656E6372797074696F9E
:10D850006E2073746174652028656E6372797074CC
:10D86000203078253032782900756E6B6E6F776EB8
:10D87000006576745F666C616773202620283155D9
:10D880004C203C3C202830292900496E76616C6987
:10D8900064206275662074797065202575005B30A0
:10D8A0005D00484349207472616E73706F72743A00
:10D8B00020257300495043004964656E746974798A
:10D8C00025733A202573004964656E746974795B29
:10D8D00025645D3A202573004843493A20766572F5
:10D8E00073696F6E202573202830782530327829AF
:10D8F000207265766973696F6E20307825303478D0
:10D900002C206D616E75666163747572657220306E
:10D910007825303478004C4D503A20766572736922
:10D920006F6E2025732028307825303278292073B7
:10D93000756276657220307825303478004E6F201D
:10D94000494420616464726573732E2041707020B5
:10D950006D7573742063616C6C2073657474696E8B
:10D9600067735F6C6F6164282900556E61626C6536
:10D9700020746F2073656E6420746F206472697602
:10D9800065722028657272202564290009556E6130
:10D99000626C6520746F20616C6C6F6320666F72BF
:10D9A00020486F7374204E43500A0009556E61621F
:10D9B0006C6520746F2073656E6420486F737420EB
:10D9C0004E43502028657272202564290A00556E46
:10D9D00061626C6520746F206C6F6F6B20757020B6
:10D9E000636F6E6E207769746820696E6465782055
:10D9F000307825303278004E6F74207265706F7207
:10DA000074696E67207061636B657420666F722045
:10DA10006E6F6E2D636F6E6E656374656420636FE9
:10DA20006E6E00556E61626C6520746F20616C6C67
:10DA30006F63617465206E65772048434920636F8A
:10DA40006D6D616E64004F7574206F6620636F6D3D
:10DA50006D616E64206275666665727300556E63F3
:10DA60006C65617265642070656E64696E672073B1
:10DA7000656E745F636D64007375636365737300D3
:10DA800009636F6D6D616E64206F70636F646520F4
:10DA90003078253034782074696D656F75740A00AC
:10DAA00009436F6E74726F6C6C657220756E72656F
:10DAB00073706F6E736976652C20636F6D6D616E28
:10DAC00064206F70636F646520307825303478206F
:10DAD00074696D656F7574207769746820657272FA
:10DAE0002025640A006F70636F64652030782530EC
:10DAF00034782073746174757320307825303278EF
:10DB0000202573004661696C656420746F2072651E
:10DB1000616420444C45206D61782064617461200B
:10DB20006C656E0074785F6F6374657473206578DC
:10DB30006365656473207468652076616C69642030
:10DB400072616E67652025750074785F74696D6514
:10DB50002065786365656473207468652076616C00
:10DB600069642072616E676520257500436F6E746D
:10DB7000726F6C6C657220746F20686F73742066AE
:10DB80006C6F7720636F6E74726F6C206E6F742091
:10DB9000737570706F72746564004E6F6E2D4C45B6
:10DBA0002063617061626C6520636F6E74726F6C6C
:10DBB0006C657220646574656374656421004E75DC
:10DBC0006D206F6620436F6E74726F6C6C65722788
:10DBD000732041434C207061636B65747320213D59
:10DBE0002041434C2062745F636F6E6E5F747820D7
:10DBF000636F6E74657874732028257520213D202D
:10DC00002575290041434C2042522F454452206241
:10DC1000756666657273206E6F7420696E697469CB
:10DC2000616C697A65640056656E646F7220484362
:10DC30004920657874656E73696F6E73206E6F74BA
:10DC400020617661696C61626C6500485720506C98
:10DC50006174666F726D3A20257320283078253004
:10DC60003478290048572056617269616E743A20F1
:10DC70002573202830782530347829004669726D64
:10DC8000776172653A202573202830782530327804
:10DC9000292056657273696F6E2025752E257520B3
:10DCA0004275696C64202575004661696C65642065
:10DCB000746F207265616420737570706F72746523
:10DCC000642076656E646F7220636F6D6D616E6443
:10DCD00073004661696C656420746F2072656164CD
:10DCE00020737570706F727465642076656E646FF2
:10DCF00072206665617475726573004843492064DB
:10DD00007269766572206973206E6F742072656126
:10DD1000647900425420525820575100484349200A
:10DD2000647269766572206F70656E206661696CD9
:10DD300065642028256429006576742D3E7374611E
:10DD4000747573203D3D2030783030004E6F207068
:10DD5000656E64696E6720636F6E6E20666F7220F9
:10DD60007065657220257300556E65787065637403
:10DD7000656420484F53545F4E554D5F434F4D509F
:10DD80004C455445445F5041434B4554532C2073FC
:10DD900074617475732030782530327820257300D3
:10DDA00091FBFBF3F4FBFBFBFBEA0009090909010A
:10DDB00002090909090909090909090907090909DC
:10DDC00009090609090909090909090909090909C6
:10DDD00009090905312E306200312E3100312E3211
:10DDE00000322E3000322E3100332E3000342E30EF
:10DDF00000342E3100342E3200352E3000352E31D5
:10DE000000352E3200352E3300352E3400362E30BC
:10DE100000362E31005374616E6461726420426C6E
:10DE20007565746F6F746820636F6E74726F6C6C5D
:10DE300065720056656E646F722073706563696603
:10DE4000696320636F6E74726F6C6C6572004669F3
:10DE5000726D77617265206C6F61646572005265E6
:10DE60007363756520696D616765007265736572BE
:10DE7000766564006E5246353178006E5246353212
:10DE800078006E5246353378006E52463534487805
:10DE9000006E524635344C7800496E74656C2043F0
:10DEA0006F72706F726174696F6E004E6F72646929
:10DEB000632053656D69636F6E647563746F720080
:10DEC0004E58502053656D69636F6E647563746F4F
:10DED00072730062745F6863695F636F7265006389
:10DEE0006D6420646973616C6C6F7765640057457D
:10DEF00053545F544F504449522F7A657068797279
:10DF00002F7375627379732F626C7565746F6F749C
:10DF1000682F686F73742F69642E6300636F6E6679
:10DF20006C69637420213D202828766F6964202A5B
:10DF300029302900636F6E666C6963742D3E6361DE
:10DF40006E64696461746520213D202828766F69BC
:10DF500064202A293029007265736964656E742013
:10DF6000213D202828766F6964202A29302900283D
:10DF7000636F6E666C6963742D3E63616E64696481
:10DF80006174652D3E737461746520262042545F70
:10DF90004B4559535F49445F414444454429203D22
:10DFA0003D2030004661696C656420746F206469AF
:10DFB0007361626C6520616464726573732072655D
:10DFC000736F6C7574696F6E005265736F6C7669F0
:10DFD0006E67206C6973742073697A652065786355
:10DFE00065656465642E20537769746368696E673C
:10DFF00020746F20686F73742E004661696C6564CD
:10E0000020746F20636C656172207265736F6C752C
:10E0100074696F6E206C697374004661696C656425
:10E0200020746F206164642049524B20746F206318
:10E030006F6E74726F6C6C657200536574207072D1
:10E040006976616379206D6F646520636F6D6D61C2
:10E050006E64206973206E6F7420737570706F72B8
:10E06000746564004661696C656420746F20736533
:10E07000742070726976616379206D6F64650062E7
:10E08000745F6465762E6C652E726C5F656E74725B
:10E09000696573203E20300044697361626C696E6B
:10E0A000672061646472657373207265736F6C7549
:10E0B00074696F6E206661696C6564202865727290
:10E0C00020256429004661696C656420746F2072A4
:10E0D000656D6F76652049524B2066726F6D2063C7
:10E0E0006F6E74726F6C6C6572004F6E6C7920721B
:10E0F000616E646F6D207374617469632069646517
:10E100006E746974792061646472657373207375C9
:10E1100070706F7274656400496E76616C6964201A
:10E12000696E70757420706172616D65746572736B
:10E13000004661696C656420746F207265616420BB
:10E140007075626C696320616464726573730052F8
:10E15000656164205374617469632041646472650D
:10E160007373657320636F6D6D616E64206E6F7481
:10E1700020617661696C61626C65004661696C65FD
:10E180006420746F207265616420737461746963C4
:10E1900020616464726573736573004E6F207374DD
:10E1A000617469632061646472657373657320735D
:10E1B000746F72656420696E20636F6E74726F6C29
:10E1C0006C65720043616E27742073657420626F02
:10E1D0007468204944454E544954592026204E52D3
:10E1E00050410062745F696400546F6F2062696718
:10E1F000206164766572746973696E672064617406
:10E2000061004661696C656420746F20737461728B
:10E210007420616476657274697365720046616921
:10E220006C656420746F2073746F70206164766510
:10E2300072746973696E673A20256400436F6E7467
:10E24000726F6C6C65722063616E6E6F74207265A4
:10E2500073756D6520636F6E6E65637461626C6566
:10E26000206164766572746973696E67202825641D
:10E27000290062745F61647600574553545F544FC0
:10E28000504449522F7A65706879722F696E636CB9
:10E290007564652F7A65706879722F7379732F6250
:10E2A0007974656F726465722E68002828707372C5
:10E2B00063203C20706473742026262028707372BB
:10E2C00063202B206C656E67746829203C3D2070AC
:10E2D00064737429207C7C202870737263203E2034
:10E2E00070647374202626202870647374202B2099
:10E2F0006C656E67746829203C3D207073726329D9
:10E30000290009536F7572636520616E642064652E
:10E310007374696E6174696F6E206275666665728A
:10E3200073206D757374206E6F74206F7665726CD8
:10E3300061700A007073615F63727970746F5F69F6
:10E340006E69742829206661696C65642025640003
:10E350007073615F67656E65726174655F72616E2F
:10E36000646F6D2829206661696C656420256400EE
:10E370004661696C656420746F20696D706F72749A
:10E3800020414553206B6579202564004145532089
:10E39000656E6372797074696F6E206661696C6511
:10E3A00064202564004661696C656420746F206494
:10E3B000657374726F7920414553206B6579202510
:10E3C000640062745F686F73745F63727970746FF6
:10E3D000004661696C656420746F2067656E6572C4
:10E3E00061746520454343206B65792025640046B0
:10E3F00061696C656420746F206578706F72742039
:10E40000454343207075626C6963206B65792025F4
:10E4100064004661696C656420746F206578706F74
:10E420007274204543432070726976617465206B75
:10E430006579202564004661696C656420746F20ED
:10E4400064657374726F7920454343206B6579204E
:10E450004944202564004661696C656420746F201E
:10E46000696D706F7274207468652070726976616E
:10E470007465206B657920666F72206B6579206109
:10E48000677265656D656E74202564005261772042
:10E490006B65792061677265656D656E7420666174
:10E4A000696C6564202564004661696C656420744C
:10E4B0006F2064657374726F7920746865206B6572
:10E4C00079202564007073615F696D706F72745F8D
:10E4D0006B657928292072657475726E6564207386
:10E4E00074617475732025640042757379207065BA
:10E4F00072666F726D696E6720616E6F74686572A7
:10E500002045434448206F7065726174696F6E00E6
:10E51000E69D350E480103CCDBFDF4AC1191F4EF20
:10E52000B9A5F9E9A7832C5E2CBE97F2D203B020DF
:10E530008BD28915D08E1C742430ED8FC245637642
:10E540005C15525ABF9A32636DEB2A65499C80DC98
:10E5500062745F65636300574553545F544F504482
:10E5600049522F7A65706879722F73756273797367
:10E570002F626C7565746F6F74682F686F73742F7A
:10E58000636F6E6E2E63006362203C3D205F627499
:10E590005F636F6E6E5F63625F6C6973745F656EFD
:10E5A000640069735F61636C5F636F6E6E28636F95
:10E5B0006E6E29004661696C656420726561642035
:10E5C00072656D6F74652066656174757265732020
:10E5D00028256429004661696C6564204C452053F8
:10E5E0006574205048592028256429004661696CCB
:10E5F000656420746F207365742064617461206C9D
:10E60000656E2028256429006B5F63757272656EE4
:10E61000745F6765742829203D3D206B5F776F72BA
:10E620006B5F71756575655F7468726561645F675E
:10E6300065742874785F6E6F746966795F776F723E
:10E640006B71756575655F676574282929000963B5
:10E650006F756C646E2774207375626D6974202801
:10E66000657272202564290A00556E6578706563AD
:10E67000746564206669727374204C324341502083
:10E680006672616D6500556E65787065637465646A
:10E69000204C3243415020636F6E74696E75617413
:10E6A000696F6E004E6F7420656E6F7567682062CB
:10E6B000756666657220737061636520666F72208F
:10E6C0004C32434150206461746100556E6578702E
:10E6D00065637465642041434C20666C61677320F8
:10E6E00028307825303278290041434C206C656E03
:10E6F000206D69736D6174636820282575203E2044
:10E7000025752900746D7020213D20636F6E6E00A9
:10E710007072657620213D2026636F6E6E2D3E5F00
:10E72000636F6E6E5F72656164790009496E766130
:10E730006C696420636F6E6E656374696F6E2072BE
:10E7400065666572656E63650A006F6C64203E20C5
:10E75000300009436F6E6E207265666572656E6388
:10E760006520636F756E74657220697320300A00CE
:10E7700028756E6B6E6F776E29006E6F20747261F4
:10E780006E736974696F6E20257300496E76616CD3
:10E7900069642028257529206F6C64207374617466
:10E7A0006500636F6E6E202570206661696C65641C
:10E7B00020746F2065737461626C6973682E2052D7
:10E7C00046206E6F6973653F006E6F2076616C69DD
:10E7D000642028257529207374617465207761731E
:10E7E0002073657400696E636F6D70617469626C2B
:10E7F000652068616E646C6520257500696E6465CE
:10E8000078203E3D203020262620696E64657820E1
:10E810003C20282873697A655F7429202828286994
:10E820006E74292073697A656F6628636861725B0C
:10E8300031202D2032202A202128215F5F62756936
:10E840006C74696E5F74797065735F636F6D70610E
:10E850007469626C655F70285F5F747970656F665C
:10E860005F5F2861636C5F636F6E6E73292C205F3E
:10E870005F747970656F665F5F28262861636C5FDF
:10E88000636F6E6E73295B305D2929295D29202D08
:10E89000203129202B202873697A656F66286163EF
:10E8A0006C5F636F6E6E7329202F2073697A656FBA
:10E8B00066282861636C5F636F6E6E73295B305DE1
:10E8C000292929290009496E76616C6964206274DE
:10E8D0005F636F6E6E20706F696E7465720A0021DF
:10E8E0006B5F69735F696E5F697372282900546991
:10E8F0006D656F7574206469736361726465642EFD
:10E90000204E6F20626C6F636B696E6720696E20AA
:10E9100073797377712E00556E61626C6520746F28
:10E9200020616C6C6F6361746520627566666572E8
:10E930002077697468696E2074696D656F757400FD
:10E9400009496E76616C696420636F6E6E2074791C
:10E9500070652025750A00636F6E6E2025703A2061
:10E960006E6F7420636F6E6E656374656400094E2C
:10E970006F20636F6E74726F6C6C65722062756667
:10E98000730A00094E6F20545820636F6E746578C7
:10E99000740A0030207C7C20286275662D3E7265EA
:10E9A00066203D3D203129207C7C20286275662D23
:10E9B0003E726566203D3D203229002162745F620F
:10E9C00075665F6861735F76696577286F757473C4
:10E9D00069646529006672616720213D20282876D8
:10E9E0006F6964202A2930290009496E76616C69B3
:10E9F0006420636F6E6E656374696F6E20747970E6
:10EA0000652025750A00466174616C206572726F1D
:10EA10007220282564292E20446973636F6E6E6509
:10EA20006374696E6720257000466F756E6420768A
:10EA3000616C696420636F6E6E656374696F6E20CC
:10EA40002825702920776974682061646472657371
:10EA50007320257320696E2025732073746174659B
:10EA6000200009496E76616C696420636F6E6E20C8
:10EA700073746174652025750A0053656E64204CBB
:10EA80004520706172616D207570646174652066E7
:10EA900061696C65642028657272202564290053C1
:10EAA000656E64206175746F204C452070617261E1
:10EAB0006D20757064617465206661696C656420A1
:10EAC00028657272202564290000000101010101FE
:10EAD0000203646973636F6E6E65637465640064DA
:10EAE0006973636F6E6E6563742D636F6D706C65B3
:10EAF0007465007363616E2D6265666F72652D6962
:10EB00006E6974696174696E6700696E69746961C0
:10EB100074696E672D66696C7465722D6C697374A7
:10EB2000006164762D636F6E6E65637461626C65FF
:10EB3000006164762D6469722D636F6E6E65637417
:10EB400061626C6500646973636F6E6E656374699E
:10EB50006E670062745F636F6E6E00556E61626C0B
:10EB60006520746F20616C6C6F63617465206275E1
:10EB70006666657220666F72206F7020307825306F
:10EB80003278004E6F20617661696C61626C65203D
:10EB90004C3243415020636F6E7465787420666F09
:10EBA0007220636F6E6E20257000574553545F547A
:10EBB0004F504449522F7A65706879722F7375628D
:10EBC0007379732F626C7565746F6F74682F686FDB
:10EBD00073742F6C326361702E630073203D3D208F
:10EBE000266C655F6368616E2D3E5F7064755F7251
:10EBF00065616479006F6C6400666368616E203CD7
:10EC00003D205F62745F6C326361705F6669786536
:10EC1000645F6368616E5F6C6973745F656E6400E6
:10EC2000457870656374696E6720757020746F2015
:10EC3000256420726566732C20676F74202564003C
:10EC4000636F6E6E2D3E7374617465203D3D20428E
:10EC5000545F434F4E4E5F434F4E4E4543544544E1
:10EC600000616C72656164792068617665207669FF
:10EC70006577206F6E202570006669666F5F70642F
:10EC800075203D3D20706475004C32434150206C2E
:10EC9000656E677468206D69736D617463682028A0
:10ECA000257520213D2025752900496E76616C6906
:10ECB00064206964656E742076616C756520696E88
:10ECC000204C324341502050445500496E76616CCF
:10ECD0006964204C4520636F6E6E20706172616DB7
:10ECE000207273702073697A652028257520213D74
:10ECF00020257A75290052656A656374696E6720FC
:10ED0000756E6B6E6F776E204C32434150205044CD
:10ED10005520636F64652030782530327800546F59
:10ED20006F20736D616C6C204C32434150207369CD
:10ED3000676E616C696E672050445500546F6F2098
:10ED4000736D616C6C204C3243415020504455200F
:10ED500072656365697665640049676E6F72696E96
:10ED600067206461746120666F7220756E6B6E6FD0
:10ED7000776E206368616E6E656C20494420307840
:10ED8000253034780062745F6C32636170004E6FBE
:10ED900020617661696C61626C6520415454206326
:10EDA0006F6E7465787420666F7220636F6E6E206C
:10EDB0002570004E6F20617661696C61626C652020
:10EDC000415454206368616E6E656C20666F7220DA
:10EDD000636F6E6E20257000556E61626C652074E5
:10EDE0006F2063726561746520555549443A2073FC
:10EDF000697A6520257500556E61626C6520746FB7
:10EE00002063726561746520555549443A207369E1
:10EE10007A65202564004E6F7420636F6E6E6563A3
:10EE200074656400556E61626C6520746F2066695C
:10EE30006E6420415454206368616E6E656C0041BD
:10EE40005454206368616E6E656C206E6F7420632D
:10EE50006F6E6E656374656400574553545F544F1D
:10EE6000504449522F7A65706879722F73756273B6
:10EE700079732F626C7565746F6F74682F686F7328
:10EE8000742F6174742E63006E65745F6275665FC3
:10EE9000706F6F6C5F676574286275662D3E706F6A
:10EEA0006F6C5F696429203D3D20266174745F703A
:10EEB0006F6F6C006275662D3E6C656E203E3D2066
:10EEC00073697A656F6628737472756374206274EF
:10EED0005F6174745F68647229004572726F72209A
:10EEE0007369676E696E6720646174610052616E58
:10EEF000206F7574206F66205458206275666665B1
:10EF00007273206F7220636F6E74657874732E0055
:10EF1000476F74206572722025642C206E6F7420F8
:10EF200063616C6C696E6720415454206362000910
:10EF3000556E6B6E6F776E206F70207479706520E0
:10EF40003078253032580A00415454204D54552011
:10EF500065786365656465642C206D61782025752E
:10EF60002C2077616E74656420257A7500546F6F6C
:10EF700020736D616C6C20415454205044552072B4
:10EF80006563656976656400556E68616E646C657D
:10EF9000642041545420636F6465203078253032FA
:10EFA0007800496E76616C6964206C656E20257509
:10EFB00020666F7220636F64652030782530327868
:10EFC000004E6F20415454206368616E6E656C2062
:10EFD000666F72204D545520257A75004E6F207053
:10EFE000656E64696E672041545420726571756561
:10EFF000737400446973636F6E6E656374696E67E2
:10F00000206661696C656420286572722025642918
:10F01000004154542054696D656F757420666F7299
:10F02000206465766963652025732E2044697363C7
:10F030006F6E6E656374696E672E2E2E0072657139
:10F040000062745F61747400434D414320757064C5
:10F05000617465206661696C6564202564004661A1
:10F06000696C656420746F206465636F64652076E5
:10F07000616C7565202865727220257A64290046C6
:10F0800061696C656420746F2073617665204461EA
:10F0900074616261736520486173682028657272CB
:10F0A0002025642900574553545F544F504449521A
:10F0B0002F7A65706879722F7375627379732F6216
:10F0C0006C7565746F6F74682F686F73742F6761E8
:10F0D00074742E6300656C20213D202828766F69AA
:10F0E00064202A293029000943616E277420736146
:10F0F0007665204346202F2043434320746F2066CB
:10F100006C6173680A006661696C656420746F20C5
:10F1100073746F72652053432028657272202564D2
:10F120002900756E61626C6520746F20736176656D
:10F130002053433A206E6F20636667206C656674C7
:10F1400000546F6F206D616E7920436C69656E7439
:10F1500020436861726163746572697374696320C6
:10F16000436F6E66696775726174696F6E2E2053A6
:10F17000656520434F4E4649475F42545F534554AF
:10F1800054494E47535F4343435F53544F52455F87
:10F190004D41580A0076616C75655F6C656E206F35
:10F1A000662025752070726F766964656420666FCD
:10F1B00072204E554C4C2076616C756500496E7618
:10F1C000616C6964206B6579006661696C656420B7
:10F1D000746F2064656C65746520534320286572E4
:10F1E0007220256429004661696C656420746F2073
:10F1F000636C65617220534320256400556E616223
:10F200006C6520746F206465636F6465206164645D
:10F210007265737320257300496E76616C69642092
:10F220006C6F63616C206964656E74697479202504
:10F230006C7500556E61626C6520746F2072657329
:10F24000746F72652053433A206E6F2063666720A7
:10F250006C656674004E6F20737061636520746F17
:10F260002073746F72652043434320636667004ECA
:10F270006F20737061636520746F2073746F7265A3
:10F2800020436C69656E7420537570706F7274657D
:10F290006420466561747572657300556E61626CB9
:10F2A0006520746F20726573746F72652043463AEF
:10F2B000206E6F20636667206C656674004368612A
:10F2C0006E67652D61776172652073746174757303
:10F2D000206E6F7420666F756E6420696E20736592
:10F2E0007474696E67732C2064656661756C7469EB
:10F2F0006E67207065657220737461747573207415
:10F300006F206368616E67652D756E6177617265E8
:10F310000052656164206261636B206261642063F6
:10F3200068616E67652D61776172652076616C75C5
:10F33000653A20307825782C2064656661756C7498
:10F34000696E6720706565722073746174757320CF
:10F35000746F206368616E67652D756E6177617289
:10F3600065004661696C656420746F2073746F7208
:10F370006520436C69656E742046656174757265BD
:10F380007320286572722025642900737461746982
:10F39000635F737663203C3D205F62745F676174D6
:10F3A000745F736572766963655F737461746963B2
:10F3B0005F6C6973745F656E6400556E61626C6545
:10F3C00020746F20696D706F727420746865206B93
:10F3D000657920666F722041455320434D4143209B
:10F3E000256400434D4143206F7065726174696FFD
:10F3F0006E20696E6974206661696C65642025649D
:10F4000000434D41432066696E69736820666169F7
:10F410006C65642025640062742F6363630009696E
:10F420006E76616C696420706172616D657465727D
:10F430000A0A00617474720052656164206D65741B
:10F44000686F64206E6F7420736574004661696C28
:10F45000656420746F2072656164206174747269E0
:10F4600062757465202570202865727220257A6483
:10F470002900496E76616C69642072656164206C54
:10F48000656E6774683A20257A6400094E6F206DB6
:10F490006F726520617474726962757465730A0AAB
:10F4A000004C696E6B206973206E6F7420656E630B
:10F4B0007279707465640044657669636520697368
:10F4C000206E6F7420737562736372696265642065
:10F4D000746F2063686172616374657269737469C3
:10F4E00063004E6F206275666665722061766169A1
:10F4F0006C61626C6520746F2073656E6420696E48
:10F500006469636174696F6E00706172616D73002C
:10F5100009696E76616C696420706172616D6574F1
:10F520006572730A0A00706172616D732D3E6174B9
:10F530007472207C7C20706172616D732D3E7575D4
:10F540006964002161746F6D69635F746573745FD2
:10F550006269742873632D3E666C6167732C205357
:10F56000435F494E4449434154455F50454E4449E9
:10F570004E47290009496E64696361746520616CB6
:10F5800072656164792070656E64696E670A004314
:10F590004343202570206E6F742077726974616216
:10F5A0006C6500534320726573746F726520696ED9
:10F5B0006469636174696F6E206661696C6564007B
:10F5C0004E6F2062756666657220617661696C6156
:10F5D000626C6520746F2073656E64206E6F746951
:10F5E0006669636174696F6E004661696C65642069
:10F5F000746F207365742073656375726974792004
:10F60000666F7220626F6E6465642070656572203B
:10F6100028256429004661696C656420746F207335
:10F62000746F7265204343437320286572722025EE
:10F6300064290062742F686173680062742F6366C6
:10F640000062742F73630062745F676174740055A5
:10F650006E61626C6520746F2066696E6420534D24
:10F6600050206368616E6E656C005075626C6963F2
:10F67000206B6579206E6F7420617661696C6162C0
:10F680006C65004661696C656420746F2067656E07
:10F6900065726174652044484B65790043616C6311
:10F6A000756C61746520636F6E6669726D2066614A
:10F6B000696C656400556E6B6E6F776E2070616962
:10F6C00072696E67206D6574686F642028257529DE
:10F6D0000043616C63756C617465204C544B20660B
:10F6E00061696C65640043616C63756C617465206D
:10F6F0006C6F63616C2044484B6579206368656377
:10F700006B206661696C65640043616C63756C6154
:10F7100074652072656D6F74652044484B6579206F
:10F72000636865636B206661696C65640052656D32
:10F730006F7465207075626C6963206B65792072E7
:10F74000656A65637465640052656D6F74652069F0
:10F7500073207573696E6720446562756720507504
:10F76000626C6963206B65790052656365697665D3
:10F770006420696E76616C6964207075626C69637F
:10F78000206B6579004E6F20617661696C61626CF7
:10F790006520534D5020636F6E7465787420666FDA
:10F7A0007220636F6E6E20257000556E61626C650D
:10F7B00020746F20676574206B65797320666F72A3
:10F7C00020257300574553545F544F504449522FDE
:10F7D0007A65706879722F7375627379732F626CB2
:10F7E0007565746F6F74682F686F73742F736D70A5
:10F7F0002E63005075626C6963206B6579207265B9
:10F800002D67656E65726174696F6E2072657175C2
:10F81000657374206661696C65642028256429001D
:10F820006D757465785F657272203D3D20300050C3
:10F8300075626C6963206B65792067656E657261BE
:10F8400074696F6E2074696D656F757400546865B6
:10F8500020696E2D70726F677265737320706169B5
:10F8600072696E6720686173206265656E206465E9
:10F870006C657465642100534D5020646F6573207E
:10F880006E6F7420616C6C6F77206120706169729B
:10F89000696E67206661696C757265206174207499
:10F8A00068697320706F696E742E204B6E6F776E6F
:10F8B0002069737375652E20446973636F6E6E657E
:10F8C0006374696E6720696E73746561642E005499
:10F8D0006F6F20736D616C6C20534D5020504455F8
:10F8E00020726563656976656400534D5020636FCF
:10F8F0006D6D616E642028636F64652030782530FB
:10F900003278292072656365697665642061667462
:10F9100065722074696D656F757400526563656901
:10F9200076656420726573657276656420534D5008
:10F9300020636F64652030782530327800556E681A
:10F94000616E646C656420534D5020636F64652064
:10F9500030782530327800556E657870656374654F
:10F960006420534D5020636F646520307825303219
:10F970007800496E76616C6964206964656E7469AB
:10F980007479202573002128736D702D3E72656D8A
:10F990006F74655F64697374202620307830322973
:10F9A000005265667573696E67206E6577207061B9
:10F9B0006972696E672E20546865206F6C642062DE
:10F9C0006F6E64206D75737420626520756E706152
:10F9D000697265642066697273742E002162745FB7
:10F9E00069645F66696E645F636F6E666C69637499
:10F9F000286E65775F626F6E642C2030290070611D
:10FA00006972696E67206661696C6564202870653B
:10FA1000657220726561736F6E20307825782900D9
:10FA20004E6F206B65797320737061636520666F1C
:10FA30007220257300534D502054696D656F7574A5
:10FA4000000005061F1F2918120308020305080AF3
:10FA50000008010304010504050906070101060663
:10FA6000080000010001000301000302020100027E
:10FA70000000000000020301000362745F736D70F8
:10FA800000574553545F544F504449522F7A657084
:10FA90006879722F7375627379732F626C756574F0
:10FAA0006F6F74682F686F73742F6B6579732E6333
:10FAB000006B65797320213D202828766F696420CA
:10FAC0002A293029006164647220213D202828768B
:10FAD0006F6964202A2930290066756E6320213DF4
:10FAE000202828766F6964202A2930290046616918
:10FAF0006C656420746F20726561642076616C753A
:10FB000065202865727220257A642900556E61622D
:10FB10006C6520746F2066696E642064656C657422
:10FB20006564206B65797320666F722025730046CB
:10FB300061696C656420746F20616C6C6F636174C3
:10FB400065206B65797320666F7220257300496E9E
:10FB500076616C6964206B6579206C656E6774688A
:10FB600020257A6420213D20257A75004661696C44
:10FB7000656420746F2073617665206B65797320EE
:10FB800028657272202564290062742F6B65797371
:10FB90000062745F6B657973006C888391AAF5A528
:10FBA0003860370BDB5A6083BE62745F63727970B2
:10FBB000746F004661696C656420746F20636F6DBB
:10FBC00070757465204D4143202564006D63756236
:10FBD0006F6F745F646675005553424420657665A7
:10FBE0006E74206D656D6F727920636F72727570BF
:10FBF00074656400574553545F544F504449522F25
:10FC00007A65706879722F647269766572732F7580
:10FC100073622F6465766963652F7573625F6463D1
:10FC20005F6E7266782E6300757362645F776F72C1
:10FC30006B710065705F63747800555342442065B2
:10FC400076656E7420616C6C6F636174696F6E2091
:10FC50006661696C65642100556E6B6E6F776E200E
:10FC600055534220706F776572206576656E7420FB
:10FC70002564006E6F742061747461636865642C20
:10FC800020455020307825303278206576656E74B6
:10FC90002064726F707065640065705F6374782DA6
:10FCA0003E6366672E74797065203D3D2055534252
:10FCB0005F44435F45505F434F4E54524F4C0009E1
:10FCC000496E76616C6964206576656E74206F6E2E
:10FCD000204354524C2045502E0A006E5246205567
:10FCE000534244207472616E73666572206572724D
:10FCF0006F7220284F5554293A20307825303278B9
:10FD0000004661696C656420746F20616C6C6F6380
:10FD1000206576740055534244206576656E7420E4
:10FD200071756575652066756C6C2100556E6B6E1E
:10FD30006F776E2055534244206576656E743A2085
:10FD400025686400556E6578706563746564206528
:10FD500076656E7420286E7266785F7573626429AA
:10FD60003A2025642C2065702030782530327800C8
:10FD70005F65705F7374617475735F676574206627
:10FD800061696C65642120436F64653A20256400D5
:10FD900061646472203D3D202875696E74385F741B
:10FDA0002928284E52465F555342445F5479706566
:10FDB0002A292030783530303336303030554C29D0
:10FDC0002D3E55534241444452000955534220416F
:10FDD00064647265737320696E636F7272656374B5
:10FDE000210A00696E76616C696420656E64706FCB
:10FDF000696E7420636F6E66696775726174696F8E
:10FE00006E00696E76616C696420656E64706F69FE
:10FE10006E7420696E6465782F61646472657373B3
:10FE200000696E76616C696420656E64706F696EDE
:10FE30007420747970650069736F20656E64706FEB
:10FE4000696E742063616E206F6E6C79206265202C
:10FE500069736F004550206D6178207061636B6538
:10FE6000742073697A65206D7573742062652061F2
:10FE700020706F776572206F662032005354414CBA
:10FE80004C20756E737570706F72746564206F6E40
:10FE90002049534F20656E64706F696E7400456E23
:10FEA00064706F696E742030782530327820697301
:10FEB000206E6F7420656E61626C6564006E5246E0
:10FEC0002055534244207772697465206572726FC1
:10FED000723A20256400037573625F6E7266780063
:10FEE000574553545F544F504449522F7A657068B8
:10FEF00079722F647269766572732F7573622F63DE
:10FF00006F6D6D6F6E2F6E72665F757362645F6387
:10FF10006F6D6D6F6E2F6E72665F757362645F6377
:10FF20006F6D6D6F6E2E630028282828657020265F
:10FF3000203078383029203D3D2030783830292055
:10FF40002626202828657020262030784629203C47
:10FF500020392929207C7C2028282865702026200B
:10FF60003078383029203D3D203029202626202891
:10FF700028657020262030784629203C2039292900
:10FF800029006D5F6472765F7374617465203D3D16
:10FF9000204E5246585F4452565F53544154455F79
:10FFA000494E495449414C495A4544006B5F736579
:10FFB0006D5F636F756E745F6765742826646D612D
:10FFC0005F617661696C61626C6529203D3D20311D
:10FFD000006D5F6472765F7374617465203D3D20CF
:10FFE0004E5246585F4452565F53544154455F50F9
:10FFF0004F57455245445F4F4E0028282873697A71
:020000025000AC
:10000000652026202873697A65202D203129292032
:100010003D3D203029207C7C20282865702026202A
:100020003078462920213D20302929002873697A1B
:100030006520213D203029207C7C202828657020E7
:1000400026203078462920213D20302900282828E4
:10005000657020262030784629203E3D2038292012
:100060002626202873697A65203C3D2075736264DA
:100070005F65705F69736F5F6361706163697479F5
:10008000286570292929207C7C2028212828657052
:1000900020262030784629203E3D2038292026265B
:1000A000202873697A65203C3D2036342929006573
:1000B00076656E745F68616E646C657200705F7403
:1000C00072616E7366657220213D202828766F6903
:1000D00064202A29302900282865702026203078BD
:1000E000383029203D3D203078383029207C7C2054
:1000F00028705F7472616E736665722D3E705F6406
:100100006174612E7278203D3D202828766F6964E5
:10011000202A29302929207C7C20286E7266785F6D
:1001200069735F696E5F72616D28705F7472616E72
:10013000736665722D3E705F646174612E727829FA
:100140002900216E72665F757362645F636F6D6D07
:100150006F6E5F73757370656E645F636865636B04
:10016000282900705F73746174652D3E6D6F726530
:100170005F7472616E73616374696F6E730074781B
:100180005F73697A65203C3D2036340065705F738B
:10019000697A65203E3D20646174615F73697A65A8
:1001A0000028705F7472616E736665722D3E705FB9
:1001B000646174612E7278203D3D202828766F6935
:1001C00064202A29302929207C7C206E7266785F81
:1001D00069735F696E5F72616D28705F7472616EC2
:1001E000736665722D3E705F646174612E7278294A
:1001F000007472616E736665722E73697A65203D54
:100200003D2030007472616E736665722E73697A78
:1002100065203D3D2072785F73697A65002128284A
:10022000657020262030784629203E3D2038290060
:10023000282865702026203078383029203D3D2040
:100240003029006D5F6472765F737461746520217C
:100250003D204E5246585F4452565F5354415445D8
:100260005F554E494E495449414C495A4544006EE8
:1002700072665F757362645F636F6D6D6F6E0006AB
:100280000105010401070203010502020103020541
:1002900004010101020103010401060108010C012E
:1002A00010011801200140018043616E6E6F7420BF
:1002B00073746172742073616D706C696E673A203B
:1002C000307825303878004661696C656420746F39
:1002D00020696E697469616C697A65206465766904
:1002E00063653A202573004661696C656420746F0C
:1002F00020736574206275666665723A2025303811
:100300007800496E76616C6964206368616E6E6521
:100310006C2049443A2025640053656C656374651C
:100320006420414443206761696E206973206E6FC9
:10033000742076616C69640053656C6563746564F0
:1003400020414443207265666572656E636520696D
:1003500073206E6F742076616C69640053656C6500
:1003600063746564204144432061637175697369F6
:1003700074696F6E2074696D65206973206E6F7487
:100380002076616C69640043616E6E6F7420636FE8
:100390006E666967757265206368616E6E656C2054
:1003A00025643A20256400496E76616C6964207387
:1003B000656C656374696F6E206F66206368616E3B
:1003C0006E656C73004368616E6E656C20257520E8
:1003D0006E6F7420636F6E66696775726564004E38
:1003E0006F206368616E6E656C20636F6E6669670F
:1003F0007572656400414443207265736F6C757457
:10040000696F6E2076616C756520256420697320A4
:100410006E6F742076616C6964004F7665727361EB
:100420006D706C696E6720697320737570706F7280
:1004300074656420666F722073696E676C652063F3
:1004400068616E6E656C206F6E6C79004F766572B8
:1004500073616D706C696E672076616C75652025BF
:1004600064206973206E6F742076616C6964005734
:100470004553545F544F504449522F7A6570687900
:10048000722F647269766572732F6164632F616481
:10049000635F6E7266785F73616164632E630028C8
:1004A000696E74657276616C5F7573203C3D2031B6
:1004B000323855292026262028696E7465727661A7
:1004C0006C5F7573203E2030290050726F7669642E
:1004D00065642062756666657220697320746F6F4B
:1004E00020736D616C6C202825752F2575290043BC
:1004F000616E6E6F742073746172742073616D70BD
:100500006C696E673A202564006164634065303031
:1005100030006164635F6E7266785F73616164630B
:10052000004661696C656420746F2073656E642099
:100530002865727220256429004E6F7420656E6FE5
:100540007567682064617461202825752920666FAD
:1005500072206576656E7420686561646572202816
:10056000257A7529004576656E74207061796C6F07
:100570006164206C656E677468206973206E6F74A7
:1005800020636F72726563742028257520213D20D9
:1005900025752900436F756C646E277420616C6C3F
:1005A0006F636174652061206275666665722061A3
:1005B000667465722077616974696E6720313020D6
:1005C0007365636F6E64732E004E6F7420656E6F7B
:1005D00075676820737061636520696E2062756657
:1005E00066657220257A752F257A75004E6F742006
:1005F000656E6F75676820646174612028257529B0
:1006000020666F722041434C2068656164657220EA
:1006100028257A7529004E6F20617661696C6162C8
:100620006C652041434C20627566666572732100DB
:1006300041434C207061796C6F6164206C656E671A
:100640007468206973206E6F7420636F72726563C3
:10065000742028257520213D20257529004E6F74B2
:1006600020656E6F75676820646174612028257548
:100670002920666F722049534F2068656164657256
:100680002028257A7529004E6F20617661696C619A
:10069000626C652049534F206275666665727320EF
:1006A00028257A7529210049534F207061796C6F94
:1006B0006164206C656E677468206973206E6F7466
:1006C00020636F72726563742028257520213D2098
:1006D000256C752900556E6B6E6F776E2048434907
:1006E0002074797065202575004843492074726133
:1006F0006E73706F727420736574757020666169B3
:100700006C656420776974683A2025640A00495052
:1007100043207365727669636520696E7374616ED8
:10072000636520696E697469616C697A6174696F67
:100730006E206661696C65643A2025640A00526522
:10074000676973746572696E6720656E64706F693E
:100750006E74206661696C65642077697468202511
:100760006400456E64706F696E742062696E6469BE
:100770006E67206661696C656420776974682025FE
:10078000640044657265676973746572696E672099
:1007900048434920656E64706F696E7420666169B4
:1007A0006C656420776974683A20256400436C6F37
:1007B00073696E672049504320736572766963657B
:1007C000206661696C656420776974683A202564E5
:1007D00000484349207472616E73706F72742074A4
:1007E000656172646F776E206661696C65642077FD
:1007F0006974683A2025640062745F6863695F69A0
:10080000706330006E72665F62745F686369006275
:10081000745F6863695F6472697665720062745FB1
:100820006863695F6E726635335F737570706F727F
:100830007400574553545F544F504449522F7A65C2
:10084000706879722F647269766572732F636C6F4A
:10085000636B5F636F6E74726F6C2F636C6F636B2F
:100860005F636F6E74726F6C5F6E72662E6300747E
:10087000797065203C20434C4F434B5F434F4E54AF
:10088000524F4C5F4E52465F545950455F434F554F
:100890004E5400636C6F636B4035303030006866D7
:1008A000636C6B006C66636C6B006866636C6B31C9
:1008B00039326D006866636C6B617564696F0063E3
:1008C0006C6F636B5F636F6E74726F6C00656E74D8
:1008D000726F70795F62745F686369005745535443
:1008E0005F544F504449522F6E72662F647269767E
:1008F0006572732F656E74726F70792F656E747286
:100900006F70795F63633378782E63006465762057
:10091000213D202828766F6964202A293029006328
:10092000727970746F403530383434303030006E46
:1009300052463533343020616E6F6D616C792031F1
:10094000353920636F6E646974696F6E73206465F6
:10095000746563746564005365742074686520432E
:10096000505520636C6F636B20746F203634204DBC
:10097000487A206265666F7265207374617274696B
:100980006E672051535049206F7065726174696FB2
:100990006E0063696E737472202530327820747231
:1009A000616E7366657220746F6F206C6F6E673A4C
:1009B00020257A7500636C656172004A45444543A1
:1009C000206964205B25303278202530327820255C
:1009D0003032785D20657870656374205B25303235
:1009E00078202530327820253032785D005244530B
:1009F00052206661696C65643A2025640051452087
:100A00002573206661696C65643A2025640072650F
:100A10006164206572726F723A20616464726573FA
:100A200073206F722073697A6520657863656564E9
:100A3000732065787065637465642076616C756594
:100A4000732E416464723A203078256C7820736983
:100A50007A6520257A7500777269746520657272EF
:100A60006F723A2061646472657373206F722073D1
:100A7000697A65206578636565647320657870655B
:100A8000637465642076616C7565732E416464726D
:100A90003A203078256C782073697A6520257A753C
:100AA000006572617365206572726F723A206164CD
:100AB0006472657373206F722073697A652065783C
:100AC000636565647320657870656374656420761A
:100AD000616C7565732E416464723A203078256CC0
:100AE000782073697A6520257A7500756E73757044
:100AF000706F72746564206174203078256C782082
:100B000073697A6520257A7500776169742065724A
:100B1000726F72206174203078256C782073697A46
:100B20006520257A75006572617365206572726F44
:100B300072206174203078256C782073697A652082
:100B4000257A75006D78323572363433356640302B
:100B500000717370695F6E6F7200696E76616C69A7
:100B60006420616464726573733A2030782530388C
:100B70006C783A257A7500756E616C69676E65648C
:100B800020616464726573733A2030782530386C64
:100B9000783A257A75006E6F7420776F72642D61D4
:100BA0006C69676E65643A2030782530386C783A25
:100BB000257A7500666C6173682D636F6E74726F51
:100BC0006C6C657240333930303000666C6173682C
:100BD0005F6E726600574553545F544F50444952FC
:100BE0002F7A65706879722F696E636C7564652FF2
:100BF0007A65706879722F647269766572732F678F
:100C000070696F2F6770696F5F7574696C732E6898
:100C100000094E6F2063616C6C6261636B210A0096
:100C200063616C6C6261636B2D3E68616E646C65C0
:100C30007200094E6F2063616C6C6261636B2068A7
:100C4000616E646C6572210A00574553545F544FBE
:100C5000504449522F7A65706879722F64726976B0
:100C60006572732F6770696F2F6770696F5F6E723F
:100C700066782E6300657272203D3D204E524658C4
:100C80005F53554343455353006770696F40383491
:100C900032383030006770696F4038343235303068
:100CA00000693263004E65656420746F207573655A
:100CB0002074686520696E7465726E616C20647260
:100CC0006976657220627566666572206275742049
:100CD0006974732073697A6520697320696E73750E
:100CE0006666696369656E7420282575202B20254A
:100CF00075203E202575292E2041646A7573742065
:100D0000746865207A65706879722C636F6E6361B0
:100D1000742D6275662D73697A65206F72207A650D
:100D2000706879722C666C6173682D6275662D6DC2
:100D300061782D73697A652070726F70657274794D
:100D40002028746865206F6E652077697468206755
:100D50007265617465722076616C75652920696EB3
:100D6000207468652022257322206E6F64652E0032
:100D70006932634039303030006932635F6E7266C9
:100D8000785F7477696D00756E737570706F7274CB
:100D9000656420737065656400547279696E6720BC
:100DA000746F207472616E73666572206D6F726508
:100DB000207468616E20746865206D6178696D7556
:100DC0006D2073697A6520666F722074686973207C
:100DD0006465766963653A202564203E20256400B9
:100DE00074785F6D61736B20746F6F206269672028
:100DF000286F72204950435F434F4E465F4E554D1A
:100E000020746F6F20736D616C6C290072785F6D58
:100E100061736B20746F6F2062696720286F722086
:100E20004950435F434F4E465F4E554D20746F6FA0
:100E300020736D616C6C2900456E61626C696E6730
:100E4000206368616E6E656C20776974686F757475
:100E500020612072656769737465726564206361DF
:100E60006C6C6261636B0A0053656E64696E672027
:100E700064617461206E6F7420737570706F72742A
:100E80006564005258206576656E74206F6E206927
:100E90006C6C6567616C206368616E6E656C005296
:100EA00058206576656E74206F6E20646973616288
:100EB0006C6564206368616E6E656C006D626F784E
:100EC000403261303030006D626F785F6E726678EC
:100ED0005F6970630000010203040506070B5745B4
:100EE00053545F544F504449522F7A657068797259
:100EF0002F696E636C7564652F7A65706879722FDF
:100F0000647269766572732F6770696F2E68002846
:100F10006366672D3E706F72745F70696E5F6D619E
:100F2000736B202620286770696F5F706F72745F23
:100F300070696E735F74292831554C203C3C202821
:100F400070696E29292920213D2030550009556EF0
:100F5000737570706F727465642070696E0A0047F3
:100F600050494F20706F72743A202573206E6F7451
:100F70002072656164790028666C616773202620A1
:100F8000282831203C3C203429207C202831203C5A
:100F90003C203529292920213D20282831203C3C8E
:100FA000203429207C202831203C3C203529290070
:100FB0000950756C6C20557020616E642050756C02
:100FC0006C20446F776E2073686F756C64206E6F51
:100FD0007420626520656E61626C65642073696D62
:100FE000756C74616E656F75736C790A0028666C38
:100FF0006167732026202831203C3C20312929209C
:10100000213D2030207C7C2028666C61677320267F
:10101000202831203C3C20322929203D3D20300031
:1010200073656E736F722D7077722D6374726C00BE
:10103000726567756C61746F722D3376332D6374CE
:10104000726C00726567756C61746F725F66697847
:10105000656400574553545F544F504449522F7AAA
:1010600065706879722F647269766572732F736523
:101070006E736F722F6164692F6164786C333632DE
:101080002F6164786C3336322E63006368616E20A2
:101090003D3D2053454E534F525F4348414E5F41C3
:1010A0004C4C006164786C3336325F736F667477D2
:1010B0006172655F7265736574206661696C6564F1
:1010C0002C206572726F722025640077726F6E67D4
:1010D00020706172745F69643A202564004661691A
:1010E0006C656420746F20696E697469616C697ADB
:1010F0006520696E7465727275707421004661694D
:101100006C656420746F20636F6E666967757265C5
:1011100020696E746572727570740057726F6E67B5
:10112000206D6F6465007363616C6520213D202D27
:101130003232007370692D6465762D6164786C338A
:1011400036324030004144584C33363200556E73CD
:101150007570706F727465642073656E736F722042
:1011600074726967676572004750494F20706F72EB
:1011700074202573206E6F7420726561647900217C
:101180002828666C616773202620283155203C3C56
:101190002031362929202626202128666C61677394
:1011A000202620283155203C3C2031372929202673
:1011B000262028666C6167732026202831203C3C5D
:1011C00020312929290009496E7075742063616EE8
:1011D0006E6F7420626520656E61626C6564206666
:1011E0006F7220274F70656E20447261696E272CE4
:1011F00020274F70656E20536F7572636527206DD1
:101200006F64657320776974686F7574204F7574A7
:101210007075740A004661696C656420746F20679C
:10122000657420612072656164206275666665720E
:10123000206F662073697A65202575206279746550
:1012400073004661696C656420746F206665746321
:10125000682073616D706C657300574553545F541B
:101260004F504449522F7A65706879722F647269C1
:10127000766572732F73656E736F722F6164692F59
:101280006164786C3336322F6164786C3336325F48
:101290007274696F2E630028666C61677320262064
:1012A00028283155203C3C20323129207C2028310F
:1012B00055203C3C20323229292920213D20282854
:1012C0003155203C3C20323129207C2028315520CA
:1012D0003C3C2032322929000943616E6E6F742034
:1012E000626F746820656E61626C6520616E642057
:1012F00064697361626C6520696E74657272757081
:1013000074730A0028666C616773202620282831D0
:1013100055203C3C20323129207C20283155203C6E
:101320003C20323229292920213D20305500094D09
:101330007573742065697468657220656E61626C8E
:1013400065206F722064697361626C6520696E74D8
:10135000657272757074730A002828666C61677311
:10136000202620283155203C3C2032322929203D9E
:101370003D203029207C7C202828666C6167732002
:10138000262028283155203C3C20323529207C203D
:10139000283155203C3C20323629292920213D2066
:1013A000302900094174206C65617374206F6E658B
:1013B000206F66204750494F5F494E545F4C4F574E
:1013C0005F302C204750494F5F494E545F48494792
:1013D000485F312068617320746F20626520656EFC
:1013E00061626C65642E0A004E6F2070656E6469E0
:1013F0006E6720535145004661696C656420746FC7
:10140000206765742062756666657200574553549F
:101410005F544F504449522F7A65706879722F6437
:101420007269766572732F73656E736F722F616464
:10143000692F6164786C3336322F6164786C33368F
:10144000325F73747265616D2E6300726561645FF3
:101450006C656E20252073616D706C655F736574BB
:101460005F73697A65203D3D2030004275732065C9
:1014700072726F723A202564004552524F523A20E0
:101480004649464F2044495341424C454400466139
:10149000696C656420746F206765742073656E7372
:1014A0006F7220636C6F636B206379636C6573008C
:1014B000427573206E6F7420726561647920666F67
:1014C0007220272573270042616420424D4536383B
:1014D0003020636869702069643A2030782578008C
:1014E000574553545F544F504449522F7A657068A2
:1014F00079722F647269766572732F73656E736F7C
:10150000722F626F7363682F626D653638302F6299
:101510006D653638302E6300626D65363830403781
:101520003600626D6536383840373600626D653694
:10153000383000436F756C64206E6F7420696E697B
:101540007469616C697A652062757300436F756CAC
:1015500064206E6F7420696E6974696174652062BD
:10156000757320636F6D6D756E69636174696F6EFD
:1015700000556E6578706563746564206368697092
:1015800020696420282578292E20457870656374A9
:1015900065642028257829007370692D6465762D8F
:1015A000626D693237304031006D61785F6669661F
:1015B0006F00626D6932373000C82E002E802E1AFF
:1015C00000C82E002EC82E002EC82E002EC82E00B9
:1015D0002EC82E002EC82E002E9032212E59F51026
:1015E00030212E6AF51A242200802E3B00C82E449A
:1015F0004722003700A400FF0FD10007AD802E0066
:10160000C1802E00C1802E00C1802E00C1802E001E
:10161000C1802E00C1802E00C1802E00C1802E000E
:10162000C1802E00C1802E00C1000000000000110A
:1016300024FCF580304042505000301224EB00036F
:1016400030002EC1865A0EFB2F212EFCF513246389
:10165000F5E03C48002230F780C242E17F3A25FCA9
:1016600086F07F4133982EC2C4D66FF130F108C4A2
:101670006F1124FF03122400FC6109A20836BE2A60
:10168000B91324380064BBD1BE940A7108D5422135
:10169000BD91BCD242C14200B2FE82052F50302122
:1016A0002E21F2002E002ED02EF06F0230024220AA
:1016B00026E06F023103409A0A0242F037052E5E9F
:1016C000F7100812241EF280428384F17F0A25134A
:1016D0003083423B82F06F002E002ED02E124052FB
:1016E00042002E124052423E84004040427E82E13F
:1016F0007FF27F982E6AD62130232E61F5EB2CE104
:101700006F7370695F77726974655F647420666176
:10171000696C656420256900574553545F544F50E8
:101720004449522F7A65706879722F6472697665C0
:1017300072732F73656E736F722F626F7363682F8E
:10174000626D6D3135302F626D6D3135302E630035
:101750006368616E203D3D2053454E534F525F43B9
:1017600048414E5F414C4C207C7C206368616E2078
:101770003D3D2053454E534F525F4348414E5F4DD0
:1017800041474E5F58595A006661696C6564207420
:101790006F20726561642073616D706C65006661B5
:1017A000696C656420746F20656E73757265206E58
:1017B0006F7420696E2073757370656E64206D6F31
:1017C00064653A202564006661696C656420736F06
:1017D00066742072657365743A20256400666169D9
:1017E0006C656420746F20656E7465722073757308
:1017F00070656E64206D6F64653A202564006661D3
:10180000696C656420746F20676F206261636B2070
:10181000696E746F20736C656570206D6F64653AD6
:10182000202564006661696C656420726561646985
:101830006E67206368697020696400696E76616C08
:1018400069642063686970206964203078257800B5
:101850006661696C656420746F20736574204F4401
:101860005220746F202564006661696C6564207481
:101870006F207365742052455020585920746F2092
:101880002564006661696C656420746F20736574FB
:1018900020524550205A20746F20256400666169EB
:1018A0006C656420746F20656E746572206E6F7253
:1018B0006D616C206D6F6465006661696C656420A4
:1018C000746F2072656164207472696D207265673F
:1018D00073006661696C656420746F20696E697459
:1018E00069616C697A6520636869703A20256400D3
:1018F0006661696C656420746F20656E7465722022
:10190000736C656570206D6F64653A2025640066B0
:1019100061696C656420746F20656E746572206EF9
:101920006F726D616C206D6F64653A202564006292
:101930006D6D31353040313000424D4D3135300024
:10194000574553545F544F504449522F7A6570683D
:1019500079722F647269766572732F73656E736F17
:10196000722F766F6C746167655F64697669646510
:10197000722F766F6C746167652E630076616C20E0
:10198000213D202828766F6964202A293029007299
:1019900061775F746F5F6D763A20256400616463E0
:1019A0005F7365747570206661696C65643A2025A3
:1019B00064006164635F726561643A20256400417C
:1019C0004443206973206E6F7420726561647900EE
:1019D000506F776572204750494F206973206E6FB2
:1019E000742072656164790073657475703A20259E
:1019F000640073657175656E636520696E69743A1C
:101A0000202564006661696C656420746F20636FD3
:101A10006E666967757265204750494F20666F7220
:101A200020504D206F6E006661696C656420746F94
:101A300020736574204750494F20666F7220504DC7
:101A400020726573756D6500766261747400766FDF
:101A50006C7461676500574553545F544F50444957
:101A6000522F7A65706879722F6472697665727325
:101A70002F73656E736F722F73656E736F725F6411
:101A800065636F646572735F696E69742E6300616C
:101A90007069203C3D205F73656E736F725F646593
:101AA000636F6465725F6170695F6C6973745F65B1
:101AB0006E640073656E736F725F636F6D706174D7
:101AC00000496E76616C6964206F7020636F646595
:101AD00020256420666F72207375626D6973736967
:101AE0006F6E202570004174206D6F737420434F1A
:101AF0004E4649475F5350495F5254494F5F4641F4
:101B00004C4C4241434B5F4D534753207375626DBC
:101B1000697373696F6E7320696E206120747261DE
:101B20006E73616374696F6E2061726520616C6CA5
:101B30006F77656420696E207468652064656661EE
:101B4000756C742068616E646C65720057455354FF
:101B50005F544F504449522F7A65706879722F64F0
:101B60007269766572732F7370692F7370695F7213
:101B700074696F2E63006E756D5F6D736773203EC1
:101B80002030005254494F20776F726B2069746582
:101B90006D20616C6C6F636174696F6E2066616942
:101BA0006C65642E20436F6E736964657220746F78
:101BB00020696E63726561736520434F4E464947E5
:101BC0005F5254494F5F574F524B515F504F4F4CEC
:101BD0005F4954454D532E007370695F7274696F8D
:101BE000004661696C656420746F20616C6C6F6382
:101BF000617465204750494F5445206368616E6E9B
:101C0000656C20666F722057414B45004661696CD8
:101C1000656420746F20636F6E66696775726520F6
:101C200057414B452070696E004353204750494F40
:101C300020706F72742025732070696E20256420D7
:101C40006973206E6F7420726561647900557064E9
:101C5000617465206578636565647320637572726D
:101C6000656E74206275666665720048616C662DEB
:101C70006475706C6578206E6F7420737570706F0A
:101C80007274656400536C617665206D6F646520C5
:101C90006973206E6F7420737570706F72746564F1
:101CA000206F6E202573004C6F6F706261636B2034
:101CB0006D6F6465206973206E6F7420737570702A
:101CC0006F7274656400576F72642073697A65730C
:101CD000206F74686572207468616E2038206269B4
:101CE000747320617265206E6F7420737570706FED
:101CF00072746564004672657175656E63696573BB
:101D0000206C6F776572207468616E2031323520E7
:101D10006B487A20617265206E6F742073757070E5
:101D20006F72746564004661696C656420746F202D
:101D3000696E697469616C697A65206E7266782073
:101D40006472697665723A20253038780057616987
:101D500074696E6720666F722057414B452061633E
:101D60006B6E6F776C6564676D656E742074696DFA
:101D70006564206F75740054696D656F75742077A4
:101D8000616974696E6720666F72207472616E7328
:101D900066657220636F6D706C6574650073706941
:101DA0004061303030007370694063303030007310
:101DB00070695F6E7266785F7370696D0028666C1B
:101DC00061677320262028283155203C3C20323181
:101DD00029207C20283155203C3C20323229207C8F
:101DE00020283155203C3C20323329207C202831CA
:101DF00055203C3C20323429207C20283155203C81
:101E00003C20323529207C20283155203C3C203292
:101E100036292929203D3D20300009496E7465721C
:101E20007275707420666C61677320617265206ED4
:101E30006F7420737570706F727465640A00286621
:101E40006C61677320262028283155203C3C2031C6
:101E50003829207C20283155203C3C203139292943
:101E600029203D3D2030207C7C2028666C616773F2
:101E7000202620283155203C3C203137292920219B
:101E80003D203000094F7574707574206E6565646F
:101E90007320746F20626520656E61626C656420DA
:101EA000746F20626520696E697469616C697A6516
:101EB00064206C6F77206F7220686967680A002859
:101EC000666C61677320262028283155203C3C2011
:101ED000313829207C20283155203C3C20313929BB
:101EE000292920213D2028283155203C3C2031380B
:101EF00029207C20283155203C3C203139292900DB
:101F0000094F75747075742063616E6E6F74206212
:101F10006520696E697469616C697A6564206C6FAB
:101F20007720616E6420686967680A002828666CFB
:101F3000616773202620283155203C3C203232290D
:101F400029203D3D203029207C7C202828666C619A
:101F50006773202620283155203C3C203234292923
:101F600020213D203029207C7C202828666C616758
:101F70007320262028283155203C3C20323529204A
:101F80007C20283155203C3C20323629292920212B
:101F90003D2028283155203C3C20323529207C200A
:101FA000283155203C3C20323629292900094F6E22
:101FB0006C79206F6E65206F66204750494F5F49EE
:101FC0004E545F4C4F575F302C204750494F5F496C
:101FD0004E545F484947485F312063616E20626517
:101FE00020656E61626C656420666F722061206C92
:101FF0006576656C20696E746572727570742E0AF0
:10200000004C454420696E646578206F7574206FBC
:1020100066207468652072616E67650043616E6E4C
:102020006F742072656164206770696F2070696EDB
:102030000043616E6E6F74207772697465204C4541
:1020400044206770696F004750494F204952512022
:10205000636F6E666967206661696C65642C2065D4
:1020600072723A202564004661696C656420646977
:102070007361626C696E6720696E746572727570E7
:1020800074730043616E6E6F742064697361626C77
:10209000652063616C6C6261636B730043616E6E9B
:1020A0006F7420656E61626C652063616C6C626147
:1020B000636B730043616E6E6F7420636F6E66694D
:1020C00067757265204C4544206770696F004361F5
:1020D0006E6E6F7420636F6E6669677572652062DD
:1020E0007574746F6E206770696F0043616E6E6FF8
:1020F000742064697361626C652063616C6C6261F9
:10210000636B7328290043616E6E6F742061646491
:102110002063616C6C6261636B00646B5F627574F9
:10212000746F6E735F616E645F6C65647300436FA0
:10213000756C64206E6F7420736574206D656173B7
:102140007572656D656E74206D6F64652E00257304
:102150003A20627573206465766963652025732073
:102160006973206E6F742072656164790042483132
:1021700037343920696E697469616C697A65640005
:1021800042483137343920696E697469616C697A03
:102190006174696F6E206661696C65640044657680
:1021A000696365206973206E6F7420696E69746954
:1021B000616C697A65642079657400556E73757019
:1021C000706F727465642073656E736F72206368DC
:1021D000616E6E656C00436F756C64206E6F742069
:1021E00072656164207374617475732072656769C8
:1021F0007374657220434F4E54524F4C32004E6FF1
:102200002076616C6964206461746120746F20665B
:10221000657463682E00436F756C64206E6F742064
:10222000726561642073656E736F722073616D7087
:102230006C657300436F756C64206E6F7420646905
:102240007361626C652073656E736F7220696E7462
:102250006572727570742E00436F756C64206E6FBA
:102260007420656E61626C652070696E2063616CBC
:102270006C6261636B00436F756C64206E6F7420D9
:102280006170706C7920736F66747761726520720B
:1022900065736574004661696C6564207768656E76
:1022A0002072656164696E67206D616E7566616339
:1022B00074757265722049443A20256400496E762F
:1022C000616C6964206D616E7566616374757265B9
:1022D000722049443A2030782530327800466169CE
:1022E0006C6564207768656E2072656164696E67ED
:1022F00020706172742049443A20256400496E764A
:10230000616C696420706172742049443A203078AD
:102310002530327800436F756C64206E6F742073C3
:102320006574206761696E20616E64206D656173FC
:102330007572656D656E74206D6F646520636F6E78
:1023400066696775726174696F6E2E004661696CAB
:10235000656420746F20696E697469616C697A655F
:1023600020696E7465727275707420776974682064
:102370006572726F722025640062683137343940AB
:1023800033380042483137343900436F756C64206C
:102390006E6F742073657420757070657220746838
:1023A000726573686F6C643A20256400436F756CC6
:1023B00064206E6F7420736574206C6F7765722073
:1023C0007468726573686F6C643A20256400556E9A
:1023D00061626C6520746F20736574207468726527
:1023E00073686F6C642070657273697374656E6373
:1023F000653A20256400556E737570706F72746550
:102400006420696E7465727275707420736F757272
:10241000636500556E61626C6520746F207365742E
:1024200020646174612072656164792074726967E7
:102430006765723A20256400496E74657272757022
:10244000747320636F756C64206E6F7420626520F6
:10245000656E61626C65642E004750494F2064656B
:1024600076696365202573206973206E6F7420720E
:1024700065616479004661696C656420746F2063EE
:102480006F6E66696775726520696E7465727275C4
:102490007074204750494F3A202564000943616C0D
:1024A0006C6261636B20706F696E74657220736813
:1024B0006F756C64206E6F74206265204E554C4CB5
:1024C0000A004661696C656420746F20736574202E
:1024D0004750494F2063616C6C6261636B3A202501
:1024E00064004661696C656420746F20636F6E667A
:1024F000696775726520696E746572727570743A79
:10250000202564004248313734395F5452494747E7
:102510004552007065726D007465737400425547D2
:102520003B2063616E27742068617070656E007275
:102530006576657274005365636F6E6461727920AD
:10254000696D616765206F6620696D6167652070E0
:10255000616972202825642E2920697320756E72A6
:102560006561636861626C652E20547265617420D8
:10257000697420617320656D70747900496D6167BD
:102580006520696E6465783A2025642C2053776154
:102590007020747970653A20257300496D61676514
:1025A00020696E6465783A2025642C205377617029
:1025B00020747970653A206E6F6E65000401040323
:1025C00004020401040104030104030401046D6313
:1025D00075626F6F745F7574696C000000000101B3
:1025E00001000001000000574553545F544F504410
:1025F00049522F6D6F64756C65732F68616C2F6E17
:102600006F726469632F6E7266782F68616C2F6ECB
:1026100072665F647070692E68006368616E6E65D3
:102620006C203C206E72665F647070695F636861E5
:102630006E6E656C5F6E756D6265725F676574283E
:10264000705F7265672900574553545F544F50447B
:1026500049522F6D6F64756C65732F68616C2F6EB6
:102660006F726469632F6E7266782F68656C70652F
:1026700072732F6E7266785F677070695F647070D6
:10268000692E63006565700074657000574553548A
:102690005F544F504449522F6D6F64756C65732FB2
:1026A00068616C2F6E6F726469632F6E7266782F2B
:1026B000647269766572732F7372632F6E726678B7
:1026C0005F636C6F636B2E63006D5F636C6F636B36
:1026D0005F63622E6D6F64756C655F696E697469A6
:1026E000616C697A6564000C04241C574553545F7F
:1026F000544F504449522F6D6F64756C65732F6849
:10270000616C2F6E6F726469632F6E7266782F68CA
:10271000616C2F6E72665F6770696F74652E6800FA
:10272000696E646578203C203800574553545F54E7
:102730004F504449522F6D6F64756C65732F6861FB
:102740006C2F6E6F726469632F6E7266782F64727D
:1027500069766572732F7372632F6E7266785F6726
:1027600070696F74652E63006E7266795F67706959
:102770006F5F70696E5F70726573656E745F6368BA
:1027800065636B2870696E290070696E5F69735F9D
:10279000696E70757428705F696E7374616E6365BD
:1027A0002C2070696E290070696E5F6861735F74B8
:1027B00072696767657228705F696E7374616E63B2
:1027C000652C2070696E2900705F6368616E6E65AC
:1027D0006C00705F696E7374616E63652D3E705F2F
:1027E000726567203D3D2028284E52465F4750497C
:1027F0004F54455F547970652A2920307835303040
:102800003044303030554C2900696E745F656E611C
:10281000626C650000203030303030303030303085
:10282000303030300001574553545F544F504449C5
:10283000522F6D6F64756C65732F68616C2F6E6FAE
:10284000726469632F6E7266782F6472697665723E
:10285000732F7372632F6E7266785F6970632E6375
:1028600000705F636F6E666967006D5F63622E73F1
:1028700074617465203D3D204E5246585F44525667
:102880005F53544154455F494E495449414C495A5C
:10289000454400574553545F544F504449522F6D9F
:1028A0006F64756C65732F68616C2F6E6F726469ED
:1028B000632F6E7266782F68616C2F6E72665F6927
:1028C00070632E6800696E646578203C20313600A4
:1028D000574553545F544F504449522F6D6F6475A0
:1028E0006C65732F68616C2F6E6F726469632F6EF5
:1028F0007266782F647269766572732F7372632FB4
:102900006E7266785F6E766D632E630062797465B1
:10291000735F636F756E74203C3D202834202D203A
:10292000627974655F7368696674290069735F769C
:10293000616C69645F616464726573732861646467
:10294000722C2030290069735F76616C69645F6165
:1029500064647265737328616464722C2031290089
:102960006E7266785F69735F776F72645F616C69BE
:10297000676E65642828766F696420636F6E737470
:10298000202A29616464722900574553545F544FCB
:10299000504449522F6D6F64756C65732F68616C7C
:1029A0002F6E6F726469632F6E7266782F6472691E
:1029B000766572732F7372632F6E7266785F706FB5
:1029C0007765722E63006D5F706F667761726E5F00
:1029D00068616E646C657220213D202828766F69DD
:1029E00064202A293029006D5F736C6565706576F7
:1029F000745F68616E646C657220213D20282876C2
:102A00006F6964202A2930290001000000574553CE
:102A1000545F544F504449522F6D6F64756C657309
:102A20002F68616C2F6E6F726469632F6E726678A7
:102A30002F647269766572732F7372632F6E72667C
:102A4000785F717370692E63006D5F63622E7374BB
:102A500061746520213D204E5246585F51535049C4
:102A60005F53544154455F554E494E495449414C7A
:102A7000495A454400705F62756666657220213D63
:102A8000202828766F6964202A29302900705F6326
:102A90006F6E6669672D3E7769707761697400575C
:102AA0004553545F544F504449522F6D6F64756CB9
:102AB00065732F68616C2F6E6F726469632F6E721D
:102AC00066782F647269766572732F7372632F6EE6
:102AD0007266785F73616164632E630063685F741C
:102AE0006F5F61637469766174655F6D61736B00BC
:102AF00063685F746F5F61637469766174655F6D4D
:102B000061736B203C202831203C3C203829007028
:102B10005F6368616E6E656C2D3E70696E5F7020DC
:102B2000213D204E52465F53414144435F494E5040
:102B300055545F44495341424C4544006D5F6362C4
:102B40002E73616164635F737461746520213D203D
:102B50004E52465F53414144435F53544154455F95
:102B6000554E494E495449414C495A454400705FBD
:102B70006368616E6E656C73006368616E6E656C30
:102B80005F636F756E74203C3D2038005745535489
:102B90005F544F504449522F6D6F64756C65732FAD
:102BA00068616C2F6E6F726469632F6E7266782F26
:102BB00068616C2F6E72665F73616164632E68007A
:102BC000286363203E3D20283830554C2929202693
:102BD0002620286363203C3D202832303437554C72
:102BE0002929006D5F63622E73616164635F737492
:102BF00061746520213D204E52465F53414144435C
:102C00005F53544154455F49444C45005745535424
:102C10005F544F504449522F6D6F64756C65732F2C
:102C200068616C2F6E6F726469632F6E7266782FA5
:102C3000647269766572732F7372632F6E72667831
:102C40005F7370696D2E6300705F63622D3E686113
:102C50006E646C657200705F63622D3E73746174A4
:102C60006520213D204E5246585F4452565F5354D2
:102C70004154455F554E494E495449414C495A4586
:102C80004400705F786665725F646573632D3E70A3
:102C90005F74785F62756666657220213D20282822
:102CA000766F6964202A293029207C7C20705F7827
:102CB0006665725F646573632D3E74785F6C656EE4
:102CC000677468203D3D203000705F786665725FF4
:102CD000646573632D3E705F72785F6275666665CA
:102CE0007220213D202828766F6964202A29302906
:102CF000207C7C20705F786665725F646573632DED
:102D00003E72785F6C656E677468203D3D203000D0
:102D10002828705F786665725F646573632D3E7204
:102D2000785F6C656E677468203C202831554C20B4
:102D30003C3C202865617379646D615F73757070C8
:102D40006F72745F626974735B705F696E737461D4
:102D50006E63652D3E6472765F696E73745F69643D
:102D6000785D2929292026262028705F78666572DB
:102D70005F646573632D3E74785F6C656E6774681D
:102D8000203C202831554C203C3C2028656173793B
:102D9000646D615F737570706F72745F6269747374
:102DA0005B705F696E7374616E63652D3E647276ED
:102DB0005F696E73745F6964785D29292929002130
:102DC00028666C6167732026202831554C203C3CD6
:102DD00020332929207C7C2028705F63622D3E737C
:102DE000735F70696E203D3D20307846464646460A
:102DF00046464629001010574553545F544F5044DF
:102E000049522F6D6F64756C65732F68616C2F6EFE
:102E10006F726469632F6E7266782F64726976656B
:102E200072732F7372632F6E7266785F7477696D39
:102E30002E6300705F636F6E6669672D3E73636C0F
:102E40005F70696E20213D20705F636F6E666967F9
:102E50002D3E7364615F70696E00705F63622D3E2A
:102E60007374617465203D3D204E5246585F445254
:102E7000565F53544154455F494E495449414C496A
:102E80005A4544002830207C7C20282828705F691F
:102E90006E7374616E63652D3E6472765F696E73E6
:102EA000745F69647829203D3D204E5246585F5436
:102EB00057494D315F494E53545F494458292026A4
:102EC0002620282828705F786665725F64657363C2
:102ED0002D3E7072696D6172795F6C656E677468A2
:102EE00029203C20283155203C3C203136292920FE
:102EF0002626202828705F786665725F6465736394
:102F00002D3E7365636F6E646172795F6C656E6789
:102F1000746829203C20283155203C3C203136293A
:102F2000292929207C7C2030207C7C2030207C7C3E
:102F30002030207C7C2030207C7C2030207C7C2039
:102F400030207C7C2030207C7C2030207C7C203019
:102F5000207C7C2030207C7C2030207C7C20302019
:102F60007C7C2030207C7C2030207C7C2030207CAD
:102F70007C2030207C7C2030207C7C2030207C7C9D
:102F80002030207C7C2030207C7C2030207C7C20E9
:102F900030207C7C2030207C7C2030207C7C2030C9
:102FA000207C7C2030207C7C2030207C7C203020C9
:102FB0007C7C2030207C7C2030207C7C2030207C5D
:102FC0007C2030207C7C2030207C7C2030207C7C4D
:102FD0002030207C7C2030207C7C2030207C7C2099
:102FE00030207C7C2030207C7C2030207C7C203079
:102FF000207C7C2030207C7C2030207C7C20302079
:103000007C7C2030207C7C2030207C7C2030207C0C
:103010007C2030207C7C2030207C7C2030207C7CFC
:103020002030207C7C2030207C7C2030207C7C2048
:1030300030207C7C2030207C7C2030207C7C203028
:10304000207C7C2030207C7C2030207C7C20302028
:103050007C7C2030207C7C2030207C7C2030207CBC
:103060007C2030207C7C2030207C7C2030207C7CAC
:103070002030207C7C2030207C7C2030207C7C20F8
:1030800030207C7C2030207C7C2030207C7C2030D8
:10309000207C7C2030207C7C2030207C7C203020D8
:1030A0007C7C2030207C7C2030207C7C2030207C6C
:1030B0007C2030207C7C2030207C7C2030207C7C5C
:1030C0002030207C7C2030207C7C2030207C7C20A8
:1030D00030207C7C2030207C7C2030207C7C203088
:1030E000207C7C2030207C7C2030207C7C20302088
:1030F0007C7C2030207C7C2030207C7C2030207C1C
:103100007C2030207C7C2030207C7C2030207C7C0B
:103110002030207C7C2030207C7C2030207C7C2057
:1031200030207C7C2030207C7C2030207C7C203037
:10313000207C7C2030207C7C2030207C7C20302037
:103140007C7C2030207C7C2030207C7C2030207CCB
:103150007C2030207C7C2030207C7C2030207C7CBB
:103160002030207C7C2030207C7C2030207C7C2007
:1031700030207C7C2030207C7C2030207C7C2030E7
:10318000207C7C2030207C7C2030207C7C203020E7
:103190007C7C2030207C7C2030207C7C2030207C7B
:1031A0007C2030207C7C2030207C7C2030207C7C6B
:1031B0002030207C7C2030207C7C2030207C7C20B7
:1031C00030207C7C2030207C7C2030207C7C203097
:1031D000207C7C2030207C7C2030207C7C20302097
:1031E0007C7C2030207C7C2030207C7C2030207C2B
:1031F0007C2030207C7C2030207C7C2030207C7C1B
:103200002030207C7C2030207C7C2030207C7C2066
:1032100030207C7C2030207C7C2030207C7C203046
:10322000207C7C2030207C7C2030207C7C20302046
:103230007C7C2030207C7C2030207C7C2030207CDA
:103240007C2030207C7C2030207C7C2030207C7CCA
:103250002030207C7C2030207C7C2030207C7C2016
:1032600030207C7C2030207C7C2030207C7C2030F6
:10327000207C7C2030207C7C2030207C7C203020F6
:103280007C7C2030207C7C2030207C7C2030207C8A
:103290007C2030207C7C2030207C7C2030207C7C7A
:1032A0002030207C7C2030207C7C2030207C7C20C6
:1032B00030207C7C2030207C7C2030207C7C2030A6
:1032C000207C7C2030207C7C2030207C7C203020A6
:1032D0007C7C2030207C7C2030207C7C2030207C3A
:1032E0007C2030207C7C2030207C7C2030207C7C2A
:1032F0002030207C7C2030207C7C2030207C7C2076
:1033000030207C7C2030207C7C2030207C7C203055
:10331000207C7C2030207C7C2030207C7C20302055
:103320007C7C2030207C7C2030207C7C2030207CE9
:103330007C2030207C7C2030207C7C2030207C7CD9
:103340002030207C7C2030207C7C2030207C7C2025
:1033500030207C7C2030207C7C2030207C7C203005
:10336000207C7C2030207C7C2030207C7C20302005
:103370007C7C2030207C7C2030207C7C2030207C99
:103380007C2030207C7C2030207C7C2030207C7C89
:103390002030207C7C2030207C7C2030207C7C20D5
:1033A00030207C7C2030207C7C2030207C7C2030B5
:1033B000207C7C2030207C7C2030207C7C203020B5
:1033C0007C7C2030207C7C2030207C7C2030207C49
:1033D0007C2030207C7C2030207C7C2030207C7C39
:1033E0002030207C7C2030207C7C2030207C7C2085
:1033F00030207C7C2030207C7C2030207C7C203065
:10340000207C7C2030207C7C2030207C7C20302064
:103410007C7C2030207C7C2030207C7C2030207CF8
:103420007C2030207C7C2030207C7C2030207C7CE8
:103430002030207C7C2030207C7C2030207C7C2034
:1034400030207C7C2030207C7C2030207C7C203014
:10345000207C7C2030207C7C2030207C7C20302014
:103460007C7C2030207C7C2030207C7C2030207CA8
:103470007C2030207C7C2030207C7C2030207C7C98
:103480002030207C7C2030207C7C2030207C7C20E4
:1034900030207C7C2030207C7C2030207C7C2030C4
:1034A000207C7C2030207C7C2030207C7C203020C4
:1034B0007C7C2030207C7C2030207C7C2030207C58
:1034C0007C2030207C7C2030207C7C2030207C7C48
:1034D0002030207C7C2030207C7C2030207C7C2094
:1034E00030207C7C2030207C7C2030207C7C203074
:1034F000207C7C2030207C7C2030207C7C20302074
:103500007C7C2030207C7C2030207C7C2030207C07
:103510007C2030207C7C2030207C7C2030207C7CF7
:103520002030207C7C2030207C7C2030207C7C2043
:1035300030207C7C2030207C7C2030207C7C203023
:10354000207C7C2030207C7C2030207C7C20302023
:103550007C7C2030207C7C2030207C7C2030207CB7
:103560007C2030207C7C2030207C7C2030207C7CA7
:103570002030207C7C2030207C7C2030207C7C20F3
:1035800030207C7C2030207C7C2030207C7C2030D3
:10359000207C7C2030207C7C2030207C7C203020D3
:1035A0007C7C2030207C7C2030207C7C2030207C67
:1035B0007C2030207C7C2030207C7C2030207C7C57
:1035C0002030207C7C2030207C7C2030207C7C20A3
:1035D00030207C7C2030207C7C2030207C7C203083
:1035E000207C7C2030207C7C2030207C7C20302083
:1035F0007C7C2030207C7C2030207C7C2030207C17
:103600007C2030207C7C2030207C7C2030207C7C06
:103610002030207C7C2030207C7C2030207C7C2052
:1036200030207C7C2030207C7C2030207C7C203032
:10363000207C7C2030207C7C2030207C7C20302929
:1036400000705F63622D3E7374617465203D3D20A0
:103650004E5246585F4452565F53544154455F5052
:103660004F57455245445F4F4E00212828705F63F5
:10367000622D3E68616E646C6572203D3D20282895
:10368000766F6964202A293029292026262028706F
:103690005F786665725F646573632D3E74797065EB
:1036A000203D3D204E5246585F5457494D5F584685
:1036B00045525F54585258292900212828705F63C9
:1036C000622D3E68616E646C6572203D3D20282845
:1036D000766F6964202A293029292026262028701F
:1036E0005F786665725F646573632D3E747970659B
:1036F000203D3D204E5246585F5457494D5F584635
:1037000045525F545854582929002128666C616736
:10371000732026202831554C203C3C203429290098
:103720002128666C6167732026202831554C203C87
:103730003C20332929002128666C616773202620EC
:103740002831554C203C3C20322929005745535400
:103750005F544F504449522F6D6F64756C65732FE1
:1037600068616C2F6E6F726469632F6E7266782F5A
:10377000647269766572732F7372632F6E726678E6
:103780005F7573627265672E6300705F636F6E664C
:10379000696720213D202828766F6964202A293016
:1037A0002900705F636F6E6669672D3E68616E64A5
:1037B0006C657220213D202828766F6964202A29B3
:1037C000302900756E72656769737465726564206F
:1037D0002573206275730A0067656E657269630000
:1037E0006D6574616C3A20656D657267656E6379AD
:1037F0003A20006D6574616C3A20616C6572743AB0
:103800002020202020006D6574616C3A206372696D
:10381000746963616C3A2020006D6574616C3A20B4
:103820006572726F723A2020202020006D657461ED
:103830006C3A207761726E696E673A202020006DC5
:103840006574616C3A206E6F746963653A2020205C
:1038500020006D6574616C3A20696E666F3A2020B5
:1038600020202020006D6574616C3A2064656275CB
:10387000673A20202020200025733A206672656573
:10388000696E67206E6F6E2D656D70747920766934
:10389000727471756575650D0A00756E6578706571
:1038A00063746564206275666665722068656C6421
:1038B00020636F756E7465720D0A00574553545F2F
:1038C000544F504449522F6D6F64756C65732F6C63
:1038D00069622F6F70656E2D616D702F6F70656EF0
:1038E0002D616D702F6C69622F72706D73672F720E
:1038F000706D73675F76697274696F2E630073749D
:1039000061747573203D3D2073697A656F66287216
:10391000705F6864722900737461747573203D3D33
:10392000203000737461747573203E3D2030007345
:103930007461747573203D3D206C656E0072785F14
:1039400076710074785F7671004E53005465726D25
:10395000696E616C00000000000000545452205257
:1039600045474745530001020203030303574553EC
:10397000545F544F504449522F7A65706879722FC2
:103980006B65726E656C2F6465766963652E630086
:10399000646576203C3D205F6465766963655F6C95
:1039A0006973745F656E640048616C74696E67204A
:1039B00073797374656D00556E6B6E6F776E2065ED
:1039C00072726F72003E3E3E205A45504859522056
:1039D000464154414C204552524F522025643A20D2
:1039E0002573206F6E204350552025640046617575
:1039F0006C7420647572696E6720696E746572728A
:103A00007570742068616E646C696E670A00437536
:103A10007272656E74207468726561643A202570F4
:103A2000202825732900574553545F544F5044496B
:103A3000522F7A65706879722F6B65726E656C2F84
:103A4000666174616C2E6300726561736F6E202114
:103A50003D204B5F4552525F4B45524E454C5F50A7
:103A6000414E49430009417474656D70746564206A
:103A7000746F207265636F7665722066726F6D2059
:103A800061206B65726E656C2070616E6963206386
:103A90006F6E646974696F6E0A00435055206578D3
:103AA00063657074696F6E00556E68616E646C65F5
:103AB0006420696E7465727275707400537461630A
:103AC0006B206F766572666C6F77004B65726E6502
:103AD0006C206F6F7073004B65726E656C20706147
:103AE0006E696300574553545F544F504449522FF9
:103AF0007A65706879722F6B65726E656C2F696E6E
:103B000069742E63007468726561645F64617461D6
:103B1000203C3D205F5F7374617469635F746872F9
:103B20006561645F646174615F6C6973745F656E25
:103B300064006D61696E006F7300574553545F54A4
:103B40004F504449522F7A65706879722F6B6572B5
:103B50006E656C2F6B686561702E63002161726306
:103B6000685F69735F696E5F6973722829207C7C66
:103B700020282874696D656F7574292E7469636BCC
:103B800073203D3D202828286B5F74696D656F7533
:103B9000745F7429207B307D29292E7469636B73CF
:103BA000290068656170203C3D205F6B5F6865613E
:103BB000705F6C6973745F656E6400574553545F42
:103BC000544F504449522F7A65706879722F6B6553
:103BD000726E656C2F6D656D5F736C61622E630034
:103BE000736C6162203C3D205F6B5F6D656D5F7340
:103BF0006C61625F6C6973745F656E640028736CDE
:103C000061622D3E667265655F6C697374203D3D2F
:103C1000202828766F6964202A293029202626202A
:103C2000736C61622D3E696E666F2E6E756D5F7589
:103C3000736564203D3D20736C61622D3E696E6644
:103C40006F2E6E756D5F626C6F636B7329207C7C69
:103C500020736C61625F7074725F69735F676F6F0E
:103C60006428736C61622C20736C61622D3E6672F5
:103C700065655F6C697374290009736C6162206308
:103C80006F7272757074696F6E20646574656374A9
:103C900065640A0009496E76616C6964206D656D22
:103CA0006F727920706F696E7465722070726F76B2
:103CB000696465640A00574553545F544F50444942
:103CC000522F7A65706879722F6B65726E656C2FF2
:103CD00069646C652E63005F6B65726E656C2E6344
:103CE0007075735B305D2E63757272656E742D3EF8
:103CF000626173652E7072696F203E3D20300057FF
:103D00004553545F544F504449522F7A6570687937
:103D1000722F6B65726E656C2F6D757465782E638E
:103D20000021617263685F69735F696E5F697372B6
:103D3000282900096D7574657865732063616E6E5E
:103D40006F74206265207573656420696E736964A1
:103D50006520495352730A006D757465782D3E6C69
:103D60006F636B5F636F756E74203E203055005734
:103D70004553545F544F504449522F7A65706879C7
:103D8000722F6B65726E656C2F73656D2E630028E4
:103D900028617263685F69735F696E5F6973722817
:103DA00029203D3D203029207C7C20282874696D05
:103DB000656F7574292E7469636B73203D3D2028EF
:103DC00028286B5F74696D656F75745F7429207B3B
:103DD000307D29292E7469636B73292900737973E7
:103DE000776F726B7100574553545F544F5044497D
:103DF000522F7A65706879722F6B65726E656C2FC1
:103E0000776F726B2E6300776F726B2D3E717565E5
:103E1000756520213D202828766F6964202A293085
:103E20002900776F726B2D3E68616E646C6572203D
:103E3000213D202828766F6964202A293029002115
:103E4000666C61675F746573742826776F726B2D7B
:103E50003E666C6167732C204B5F574F524B5F443B
:103E6000454C415941424C455F42495429007379C0
:103E70006E6320213D202828766F6964202A29302E
:103E8000290021666C61675F7465737428267175FB
:103E90006575652D3E666C6167732C204B5F574FCF
:103EA000524B5F51554555455F535441525445441B
:103EB0005F424954290071756575650073746163CB
:103EC0006B0064776F726B20213D202828766F6924
:103ED00064202A29302900574553545F544F5044D9
:103EE00049522F7A65706879722F6B65726E656CB6
:103EF0002F7468726561642E630028282828707208
:103F0000696F2929203D3D203135202626207A5F02
:103F100069735F69646C655F7468726561645F652D
:103F20006E7472792828656E747279292929207C2B
:103F30007C202828283135202D203129203E3D2085
:103F400028282D3136292929202626202828707254
:103F5000696F2929203E3D2028282D313629292026
:103F600026262028287072696F2929203C3D2028A8
:103F70003135202D20312929290009696E76616C9F
:103F80006964207072696F726974792028256429C8
:103F90003B20616C6C6F7765642072616E67653A77
:103FA00020256420746F2025640A00095468726516
:103FB000616473206D6179206E6F74206265206387
:103FC00072656174656420696E20495352730A00FA
:103FD000574553545F544F504449522F7A65706887
:103FE00079722F6B65726E656C2F73636865642ED2
:103FF0006300217A5F69735F69646C655F746872DE
:104000006561645F6F626A65637428746872656174
:10401000642900574553545F544F504449522F7AF6
:1040200065706879722F6B65726E656C2F696E634F
:104030006C7564652F6B7468726561642E68005FCF
:104040006B65726E656C2E637075735B305D2E638D
:10405000757272656E7420213D202828766F696420
:10406000202A2930290073697A656F66285F736397
:104070006865645F7370696E6C6F636B29203D3D8A
:104080002030207C7C206C6F636B20213D20265FDC
:1040900073636865645F7370696E6C6F636B005FF8
:1040A0006B65726E656C2E637075735B305D2E632D
:1040B000757272656E742D3E626173652E736368EE
:1040C00065645F6C6F636B656420213D2031550032
:1040D0005F6B65726E656C2E637075735B305D2E01
:1040E00063757272656E742D3E626173652E7363C3
:1040F0006865645F6C6F636B656420213D2030559B
:1041000000217465726D696E617465000961626F8A
:1041100072746564205F63757272656E742062618B
:10412000636B2066726F6D20646561640A002165AF
:104130007373656E7469616C000961626F72746596
:104140006420657373656E7469616C207468726550
:1041500061642025700A00574553545F544F504402
:1041600049522F7A65706879722F6B65726E656C33
:104170002F74696D65736C6963696E672E630028BF
:104180002874696D656F7574292026262028287586
:10419000696E747074725F74292028736C6963652A
:1041A0005F74696D656F7574732929203C3D202803
:1041B0002875696E747074725F7429202874696D33
:1041C000656F7574292920262620282875696E7444
:1041D0007074725F7429202874696D656F75742915
:1041E00029203C20282875696E747074725F7429C8
:1041F00020282628736C6963655F74696D656F7527
:104200007473295B282873697A655F7429202828CC
:1042100028696E74292073697A656F6628636861FE
:10422000725B31202D2032202A202128215F5F62FD
:1042300075696C74696E5F74797065735F636F6DB7
:1042400070617469626C655F70285F5F7479706516
:104250006F665F5F28736C6963655F74696D656F16
:10426000757473292C205F5F747970656F665F5F6A
:10427000282628736C6963655F74696D656F757452
:1042800073295B305D2929295D29202D20312920C2
:104290002B202873697A656F6628736C6963655F84
:1042A00074696D656F75747329202F2073697A6541
:1042B0006F662828736C6963655F74696D656F75D7
:1042C0007473295B305D292929295D292920262637
:1042D0002028282875696E747074725F74292028EC
:1042E00074696D656F75742929202D2028287569DA
:1042F0006E747074725F74292028736C6963655FD3
:1043000074696D656F757473292929202520736977
:104310007A656F662828736C6963655F74696D657B
:104320006F757473295B305D29203D3D2030290075
:10433000574553545F544F504449522F7A65706823
:1043400079722F6B65726E656C2F74696D656F7510
:10435000742E6300217379735F646E6F64655F69A7
:10436000735F6C696E6B65642826746F2D3E6E6F8B
:1043700064652900574553545F544F504449522FA8
:104380007A65706879722F6B65726E656C2F706FCD
:104390006C6C2E630009696E76616C6964206576C9
:1043A000656E742074797065202830782578290A24
:1043B0000A006576656E742D3E73656D20213D2083
:1043C0002828766F6964202A2930290009696E76C9
:1043D000616C69642073656D6170686F72650A0A4B
:1043E000006576656E742D3E717565756520213D9D
:1043F000202828766F6964202A2930290009696EEF
:1044000076616C69642071756575650A0A00657668
:10441000656E742D3E7369676E616C20213D2028A6
:1044200028766F6964202A2930290009696E76612F
:104430006C696420706F6C6C207369676E616C0AC4
:104440000A006576656E742D3E6D73677120213D9F
:10445000202828766F6964202A2930290009696E8E
:1044600076616C6964206D65737361676520717531
:104470006575650A0A006576656E742D3E70697013
:104480006520213D202828766F6964202A2930295B
:104490000009696E76616C696420706970650A0A4A
:1044A0000009696E76616C6964206576656E7420BA
:1044B000747970650A0A00574553545F544F50444D
:1044C00049522F7A65706879722F6B65726E656CD0
:1044D0002F6D656D706F6F6C2E630028616C69675E
:1044E0006E20262028616C69676E202D20312929D5
:1044F000203D3D20300009616C69676E206D757349
:1045000074206265206120706F776572206F66206D
:10451000320A00616C69676E203D3D2030207C7C52
:1045200020282875696E747074725F74296D656DCA
:1045300020262028616C69676E202D2031292920D2
:104540003D3D203000096D6973616C69676E65647B
:10455000206D656D6F72792061742025702028614F
:104560006C69676E203D20257A75290A00141400B5
:10457000001C2030401C2000001C20304000404027
:10458000400000404080808080000090886848148F
:104590001400001C2030401C2000001C2030400073
:1045A00040286E756C6C29002A666C6F61742A0055
:0C45B0006364696E6F70737578585B006F
:1045C40000000000000000000000000000000000E7
:1045D40000000000000000000000000000000000D7
:1045E40000000000000000000000000000000000C7
:1045F40000000000000000000000000000000000B7
:1046040000000000000000000000000000000000A6
:104614000000000000000000000000000000000096
:104624000000000000000000000000000000000086
:104634000000000000000000000000000000000076
:1046440000000000000000000000000070290020AD
:104654005C29002000C201000000080000000000E6
:104664000000000000000000000000000000000046
:104674000000000000000000000000000000000036
:104684000000000000000000000000000000000026
:104694000000000000000000000000000000000016
:1046A4000000000000000000000000000000000006
:1046B40000000000000000000000000000000000F6
:1046C40000000000000000000000000000000000E6
:1046D40000000000000000000000000000000000D6
:1046E40000000000000000000000000000000000C6
:1046F400000000000000000000000000B0290020BD
:104704009C29002000C201000000080000000000F5
:104714000000000000000000000000000000000095
:10472400000000000B100400000000000001000065
:104734000000000000000000000000000000000075
:104744000000000000000000000000000000000065
:104754000000000000000000000000000000000055
:104764000000000000000000000000000000000045
:104774000000000000000000000000000000000035
:104784000000000000000000000000000000000025
:104794000000000000000000000000000000000015
:1047A4000000000000000000000000000000000005
:1047B40000000000000000000000000000000000F5
:1047C40000000000000000000000000000000000E5
:1047D40000000000000000000000000000000000D5
:1047E40000000000000000000000000000000000C5
:1047F40000000000000000000000000000000000B5
:1048040000000000000000000000000000000000A4
:1048140000000000000000000D070200000000007E
:104824000000000000000000000000000000000084
:104834000000000000000000000000000000000074
:104844000000000000000000000000000000000064
:104854000000000000000000000000000000000054
:104864000000000000000000000000000000000044
:104874000000000000000000000000000000000034
:104884000000000000000000000000000000000024
:104894000000000000000000000000000000000014
:1048A4000000000000000000000000000000000004
:1048B40000000000000000000000000000000000F4
:1048C400E87704000000000000000000CC2700206E
:1048D400CC2700200000000001000000DC2700209D
:1048E400DC270020E4270020E4270020000000004B
:1048F40001000000F4270020F4270020000000003D
:1049040000000000000000000000000000000000A3
:104914000000000000000000000000000000000093
:104924000000000000000000000000000000000083
:104934000000000000000000000000000000000073
:104944000000000000000000000000000000000063
:104954000000000000000000000000000000000053
:104964000000000000000000000000000000000043
:104974000000000000000000000000000000000033
:104984000000000000000000000000000000000023
:104994000000000000000000000000000000000013
:1049A4000000000000000000000000000000000003
:1049B40000000000000000000000000000000000F3
:1049C400000000000000000000000000DC340020B3
:1049D400143500200000000000000000000000006A
:1049E4000000000000000000653701000000000026
:1049F4000000000011350100C13401000000000076
:104A040000000000593501000000000021360100BB
:104A1400000000002137010000000000E8760400D7
:104A240049F103000000000000000720000001001D
:104A340068770400000000006877040001000000AB
:104A4400020000000000000000000000000200005E
:104A5400D50104008084040000000000605C012093
:104A6400000000000000000000000000000400003E
:104A74006060012000000000000000000000000051
:104A840000040000D59F010080000000AD9C0100DF
:104A940000000000AD9C0100800000006064012063
:104AA40000000000000000000000000000040000FE
:104AB4006068012000000000000000000000000009
:104AC40000040000D59F010080000000AD9C01009F
:104AD40000000000AD9C01008000000019A6010048
:104AE4000000000000000000000000008D09040028
:104AF4000000000071090400A9BD040000000C00BE
:104B04000000000000000000000000007DA701007C
:104B14000000000000000000CBBD040000001000F5
:104B2400283000203A000000143000203A00000031
:104B3400EC2F00203A000000003000203A00000072
:104B44003C3000203A000000D82F00203A0000003A
:104B5400783000203A0000005C850400000000006A
:104B6400A30C04000000000000000000000000008E
:104B7400988604000700010055DB010000000000D6
:104B8400D086040009000000EB0F040000000000C0
:104B94001887040001003F00131004000000000007
:104BA4000000000000000000C9E401000000000053
:104BB4000000000041D004000000140000000000C8
:104BC400C1EE010000000000000000000000000031
:104BD4000B170400000000000000000000000000AB
:104BE400B9F7010000000000000000000000000010
:104BF4001D1C020000000000000000000000000076
:104C0400E91A02000000000000000000000000009B
:104C140089280200000000000000000000000000DD
:104C2400D520020000000000000000002C2B002012
:104C34002C2B002000000000000000009939020025
:104C4400D149020015270400000000000000000004
:104C540099410200352504006B2404008D390200BB
:104C64000000000000000000000000000000000040
:104C74000000000000000000E566020000000000E3
:104C840000000000492D04000000000000000000A6
:104C9400000000005C94040000000200689404001A
:104CA40000000A00789404000000200000000000C6
:104CB400000000000000000000000000952A04002D
:104CC400000000008C94040000000200989404008A
:104CD40000000200A494040000000200DC2B002069
:104CE400DC2B002000000000000000000E0000008B
:104CF400F02B0020F02B0020F575020000000000CE
:104D040000000000B73104000000000000000000B3
:104D1400000000000000000000000000040805007E
:104D2400000000008333040000000000DDA902003D
:104D340000000000E8770400382C0020382C002004
:104D44000000000001000000482C0020482C002036
:104D5400A8770400542C0020542C002001000000EB
:104D640001000000642C0020642C00206C2C002026
:104D74006C2C002000000000010000007C2C0020AE
:104D84007C2C00200000000000000000FFFF000059
:104D9400FFFF00000000000000000000488F040036
:104DA40001000000A42C0020A42C0020000000001E
:104DB40001000000B42C0020B42C0020BC2C0020E6
:104DC400BC2C00200000000001000000CC2C0020BE
:104DD400CC2C0020000000000000000000000000B7
:104DE40000000000000000000000000000000000BF
:104DF40000000000000000004878040000000000EB
:104E040000000000E07E0020D87E002000000000AA
:104E140000000000C08F0400030000001C2D0020CF
:104E24001C2D002000000000010000002C2D00209B
:104E34002C2D0020342D0020342D002000000000F3
:104E440001000000442D0020442D0020000000003B
:104E5400000000000000000000000000000000004E
:104E6400000000000000000000000000000000003E
:104E7400687804000000000000000000F07E0020BC
:104E8400E87E00200090D003007001500000000074
:104E9400FFFFFFFF3F000000FFFFFFFF3F00000098
:104EA400FF000000D837050000000000ED420300B9
:104EB40000000000000000000000000000000000EE
:104EC40000000000000000000000000000000000DE
:104ED40090020000D42D0020D42D00209B630400F8
:104EE400976304009D720400BDB70300B1B70300CB
:104EF400A5B70300000000000DB80300382E002001
:104F0400302E0020282E002000000000202E00203B
:104F1400DDB9030029B903005DB90300A5B9030095
:104F24001C7400203A00003A207400203A00003A31
:104F3400247400203A00003A287400203A00003A11
:104F4400707900204C2E00200C2E0020042E00200E
:104F5400002E0020FC2D00209ECADC240EE5A9E0D2
:0B4F640093F3A3B50100406E060101AD
:104F6F000000000000000000000000000000000032
:104F7F000000000000000000000000000000000022
:104F8F000000000000000000000000000000000012
:054F9F0000000000000D
:104FA40000000000000000000000000000000000FD
:104FB40000000000000000000000000000000000ED
:104FC40000000000000000000000000000000000DD
:104FD40000000000000000000000000000000000CD
:044FE40000000000C9
:044FE80000000000C5
:104FEC0000000000000000003D8B030000000000EA
:104FFC000000000000000000002F0020002F002007
:10500C00FB32040000000000000000000000000063
:08501C0000000000000000008C
:10502400202F0020202F0020000000005C590120C8
:10503400000000000100000030000000000000003B
:10504400402F0020402F002000000000B8CC00209A
:105054000000000001000000B80000000000000093
:10506400602F0020602F002000000000E059012084
:1050740000000000200000001400000000000000F8
:10508400802F0020802F0020000000008C59012078
:1050940000000000030000001C00000000000000ED
:1050A400A02F0020A02F002000000000DC290120F8
:1050B40000000000040000004000000000000000A8
:1050C40000000000B0F2002000100000000000000A
:0850D4000000000000000000D4
:1050DC00D82F0020D82F0020000000000000000076
:1050EC000E000000EC2F0020EC2F00200000000030
:1050FC00000000000E0000000030002000300020F6
:10510C0000000000000000000E0000001430002021
:10511C001430002000000000000000000E00000011
:10512C002830002028300020000000000000000083
:10513C000E0000003C3000203C300020000000003D
:10514C00000000000E000000503000205030002005
:10515C0000000000000000000E0000006430002081
:10516C006430002000000000000000000E00000071
:10517C007830002078300020000000000000000093
:10518C000E0000008C3000208C300020000000004D
:08519C00000000000E000000FD
:1051A400A0300020A030002000000000FFFFFFFF1F
:1051B400B0300020B0300020B8300020B8300020DB
:1051C40000000000FFFFFFFFC8300020C8300020AF
:1051D400D0300020D0300020000000000500000086
:1051E400E0300020E0300020E8300020E8300020EB
:1051F4000100000001000000F8300020F830002019
:1052040000310020003100200000000001000000F7
:1052140010310020103100201831002018310020F6
:1052240000000000FFFFFFFF28310020283100208C
:105234000000000000000000000000003C310020DD
:105244003C310020443100204431002000000000A3
:1052540000000000000000005831002058310020F8
:1052640060310020603100200000000000000000D8
:105274000000000074310020743100207C310020D3
:105284007C3100200000000000000000000000004D
:105294009031002090310020983100209831002076
:1052A400000000000000000000000000AC310020FD
:1052B400AC310020B4310020B431002000000000E3
:1052C4000B000B0004000000431404009887040042
:1052D4006044012000000000000000000000000005
:1052E400E0310020E0310020E8310020E8310020E6
:1052F4000000000003000300100000000000000094
:10530400DC8804007452012000000000000000004A
:105314000000000014320020143200201C3200204F
:105324001C320020000000000300030010000000F5
:10533400AD3F020084890400E4580120000000000D
:105344000000000000000000483200204832002025
:1053540050320020503200200000000003000300FF
:105364000000000000000000A8870400204601207F
:105374000000000000000000000000007C3200205B
:105384007C3200208432002084320020000000009F
:105394000A000A0000000000831404008887040047
:1053A400A42D012000000000000000000000000007
:1053B400B0320020B0320020B8320020B8320020D1
:1053C400000000000100010010000000ED1E0200BA
:1053D400CC880400584C01200000000000000000AC
:1053E40000000000E4320020E4320020EC3200200F
:1053F400EC320020000000000D000D000000000051
:105404000000000098880400204B012000000000E8
:1054140000000000000000001833002018330020B2
:10542400203300202033002000000000040004008A
:105434000800000000000000208704005C2901200F
:105444000000000000000000000000004C330020B9
:105454004C3300205433002054330020000000005B
:10546400010001000000000000000000B8870400F3
:045474006C47012060
:1054780012010002EF020140E32F0E530104010262
:10548800030109020000000100C032080B000202FB
:1054980002000009040000010202000005240010B7
:1054A8000105240102010424020205240600010763
:1054B80005800310000A09040100020A0000000721
:1054C80005800240000007050002400000080B00AC
:1054D8000202020000090400000102020000052483
:1054E800001001052401020104240202052406001B
:1054F800010705800310000A09040100020A0000E0
:105508000007058002400000070500024000000473
:105518000309040E035A4550485952000000000080
:10552800004A035468696E67793A3533204E6F72C2
:1055380064696320554152542053657276696365E6
:105548002073616D706C65000000000000000000B1
:105558000000000000000000000000000000000043
:10556800000000000000000000000022033031327B
:105578003334353637383941424344454600000014
:0F55880000000000000000000000000000000014
:10559800000000009733002025070400CDA101007A
:1055A800719F0100000000000000000003000000DF
:1055B800C429002000000000D9330020250704007A
:1055C800CDA10100719F0100000000000000000053
:0855D8000300000084290020FB
:1055E000B830002000000000A030002000000000C3
:1055F000000000001C3500203035002000000000B5
:105600000435002004350020000000001035002083
:0856100010350020000000002D
:08561800D48E0400248D04006F
:105620002435002024350020000000000800080078
:045630008849002085
:10563400383500203835002000000000080008003C
:0456440014690020C5
:0456480015E015E074
:040000031000BC49E4
:00000001FF
