ts_iso,text
2026-02-01T13:40:13.393,"{""ai"":{""class"":3,""confidence"":0.79,""time_us"":674}}"
2026-02-01T13:40:16.669,"{""ai"":{""class"":3,""confidence"":0.79,""time_us"":674}}"
2026-02-01T13:40:20.000,"{""ai"":{""class"":3,""confidence"":0.79,""time_us"":674}}"
2026-02-01T13:40:23.285,"{""ai"":{""class"":3,""confidence"":0.79,""time_us"":674}}"
2026-02-01T13:40:26.615,"{""ai"":{""class"":3,""confidence"":0.79,""time_us"":674}}"
2026-02-01T13:40:29.900,"{""ai"":{""class"":3,""confidence"":0.79,""time_us"":674}}"
2026-02-01T13:40:33.229,"{""ai"":{""class"":3,""confidence"":0.79,""time_us"":674}}"
2026-02-01T13:40:36.514,"{""ai"":{""class"":3,""confidence"":0.79,""time_us"":674}}"
2026-02-01T13:40:39.889,"{""ai"":{""class"":3,""confidence"":0.79,""time_us"":674}}"
2026-02-01T13:40:43.129,"{""ai"":{""class"":3,""confidence"":0.79,""time_us"":674}}"
2026-02-01T13:40:46.414,"{""ai"":{""class"":3,""confidence"":0.79,""time_us"":674}}"
2026-02-01T13:40:49.744,"{""ai"":{""class"":3,""confidence"":0.79,""time_us"":674}}"
2026-02-01T13:40:53.029,"{""ai"":{""class"":3,""confidence"":0.86,""time_us"":672}}"
2026-02-01T13:40:56.358,"{""ai"":{""class"":1,""confidence"":1.00,""time_us"":638}}"
2026-02-01T13:40:59.734,"{""ai"":{""class"":0,""confidence"":0.53,""time_us"":655}}"
2026-02-01T13:41:02.974,"{""ai"":{""class"":3,""confidence"":0.69,""time_us"":674}}"
2026-02-01T13:41:06.258,"{""ai"":{""class"":1,""confidence"":1.00,""time_us"":655}}"
2026-02-01T13:41:09.588,"{""ai"":{""class"":2,""confidence"":0.64,""time_us"":673}}"
2026-02-01T13:41:12.874,"{""ai"":{""class"":3,""confidence"":0.69,""time_us"":672}}"
2026-02-01T13:41:16.204,"{""ai"":{""class"":3,""confidence"":0.69,""time_us"":673}}"
2026-02-01T13:41:19.489,"{""ai"":{""class"":3,""confidence"":0.69,""time_us"":673}}"
2026-02-01T13:41:22.774,"{""ai"":{""class"":2,""confidence"":0.83,""time_us"":672}}"
2026-02-01T13:41:26.103,"{""ai"":{""class"":2,""confidence"":0.91,""time_us"":675}}"
2026-02-01T13:41:29.388,"{""ai"":{""class"":2,""confidence"":0.91,""time_us"":675}}"
2026-02-01T13:41:32.720,"{""ai"":{""class"":2,""confidence"":0.85,""time_us"":674}}"
2026-02-01T13:41:36.003,"{""ai"":{""class"":2,""confidence"":0.91,""time_us"":675}}"
2026-02-01T13:41:39.333,"{""ai"":{""class"":2,""confidence"":0.91,""time_us"":675}}"
2026-02-01T13:41:42.618,"{""ai"":{""class"":2,""confidence"":0.91,""time_us"":675}}"
2026-02-01T13:41:45.950,"{""ai"":{""class"":2,""confidence"":0.91,""time_us"":675}}"
2026-02-01T13:41:49.233,"{""ai"":{""class"":2,""confidence"":0.91,""time_us"":675}}"
2026-02-01T13:41:52.517,"{""ai"":{""class"":2,""confidence"":0.81,""time_us"":675}}"
2026-02-01T13:41:55.851,"{""ai"":{""class"":2,""confidence"":0.91,""time_us"":675}}"
2026-02-01T13:41:59.133,"{""ai"":{""class"":3,""confidence"":1.00,""time_us"":655}}"
2026-02-01T13:42:02.464,"{""ai"":{""class"":2,""confidence"":1.00,""time_us"":674}}"
2026-02-01T13:42:05.748,"{""ai"":{""class"":2,""confidence"":0.81,""time_us"":674}}"
2026-02-01T13:42:09.078,"{""ai"":{""class"":2,""confidence"":1.00,""time_us"":639}}"
2026-02-01T13:42:12.364,"{""ai"":{""class"":3,""confidence"":0.71,""time_us"":674}}"
2026-02-01T13:46:40.695,"{""ai"":{""class"":3,""confidence"":0.79,""time_us"":673}}"
2026-02-01T13:46:44.025,"{""ai"":{""class"":3,""confidence"":0.79,""time_us"":674}}"
2026-02-01T13:46:47.311,"{""ai"":{""class"":3,""confidence"":0.79,""time_us"":674}}"
2026-02-01T13:46:50.596,"{""ai"":{""class"":3,""confidence"":0.79,""time_us"":674}}"
2026-02-01T13:46:53.926,"{""ai"":{""class"":3,""confidence"":0.79,""time_us"":674}}"
2026-02-01T13:46:57.209,"{""ai"":{""class"":3,""confidence"":0.79,""time_us"":674}}"
2026-02-01T13:47:00.539,"{""ai"":{""class"":3,""confidence"":0.79,""time_us"":674}}"
2026-02-01T13:47:03.824,"{""ai"":{""class"":3,""confidence"":0.79,""time_us"":674}}"
2026-02-01T13:47:07.155,"{""ai"":{""class"":3,""confidence"":0.79,""time_us"":674}}"
2026-02-01T13:47:10.443,"{""ai"":{""class"":3,""confidence"":0.79,""time_us"":674}}"
2026-02-01T13:47:13.769,"{""ai"":{""class"":3,""confidence"":0.79,""time_us"":674}}"
2026-02-01T13:47:17.055,"{""ai"":{""class"":3,""confidence"":0.79,""time_us"":674}}"
2026-02-01T13:47:20.430,"{""ai"":{""class"":3,""confidence"":0.79,""time_us"":674}}"
2026-02-01T13:47:23.669,"{""ai"":{""class"":3,""confidence"":0.79,""time_us"":674}}"
2026-02-01T13:47:26.955,"{""ai"":{""class"":3,""confidence"":0.79,""time_us"":674}}"
2026-02-01T13:47:30.283,"{""ai"":{""class"":3,""confidence"":0.79,""time_us"":674}}"
2026-02-01T13:47:33.570,"{""ai"":{""class"":3,""confidence"":0.79,""time_us"":674}}"
2026-02-01T13:47:36.901,"{""ai"":{""class"":3,""confidence"":0.79,""time_us"":674}}"
2026-02-01T13:47:40.229,"{""ai"":{""class"":3,""confidence"":0.79,""time_us"":674}}"
2026-02-01T13:47:43.513,"{""ai"":{""class"":3,""confidence"":0.79,""time_us"":674}}"
2026-02-01T13:47:46.798,"{""ai"":{""class"":3,""confidence"":0.79,""time_us"":673}}"
2026-02-01T13:47:50.218,"{""ai"":{""class"":3,""confidence"":0.77,""time_us"":674}}"
2026-02-01T13:47:53.414,"{""ai"":{""class"":3,""confidence"":0.79,""time_us"":673}}"
2026-02-01T13:47:56.744,"{""ai"":{""class"":3,""confidence"":0.79,""time_us"":674}}"
2026-02-01T13:48:37.964,"{""ai"":{""class"":3,""confidence"":0.59,""time_us"":671}}"
2026-02-01T13:48:41.249,"{""ai"":{""class"":3,""confidence"":0.59,""time_us"":671}}"
2026-02-01T13:48:44.579,"{""ai"":{""class"":0,""confidence"":0.31,""time_us"":672}}"
2026-02-01T13:48:47.864,"{""ai"":{""class"":3,""confidence"":1.00,""time_us"":619}}"
2026-02-01T13:48:51.194,"{""ai"":{""class"":2,""confidence"":1.00,""time_us"":674}}"
2026-02-01T13:48:54.479,"{""ai"":{""class"":0,""confidence"":0.94,""time_us"":672}}"
2026-02-01T13:48:57.898,"{""ai"":{""class"":3,""confidence"":0.98,""time_us"":674}}"
2026-02-01T13:49:01.094,"{""ai"":{""class"":3,""confidence"":0.39,""time_us"":673}}"
2026-02-01T13:49:04.379,"{""ai"":{""class"":3,""confidence"":0.75,""time_us"":671}}"
2026-02-01T13:49:07.709,"{""ai"":{""class"":0,""confidence"":1.00,""time_us"":673}}"
2026-02-01T13:49:10.994,"{""ai"":{""class"":2,""confidence"":0.37,""time_us"":673}}"
2026-02-01T13:49:14.323,"{""ai"":{""class"":2,""confidence"":0.37,""time_us"":672}}"
2026-02-01T13:49:17.608,"{""ai"":{""class"":3,""confidence"":1.00,""time_us"":673}}"
2026-02-01T13:49:20.939,"{""ai"":{""class"":3,""confidence"":0.70,""time_us"":672}}"
2026-02-01T13:49:24.223,"{""ai"":{""class"":0,""confidence"":0.43,""time_us"":672}}"
2026-02-01T13:49:27.554,"{""ai"":{""class"":0,""confidence"":0.39,""time_us"":672}}"
2026-02-01T13:49:30.837,"{""ai"":{""class"":0,""confidence"":0.45,""time_us"":670}}"
2026-02-01T13:49:34.169,"{""ai"":{""class"":2,""confidence"":0.60,""time_us"":675}}"
2026-02-01T13:49:37.453,"{""ai"":{""class"":3,""confidence"":1.00,""time_us"":673}}"
2026-02-01T13:49:40.738,"{""ai"":{""class"":3,""confidence"":0.59,""time_us"":671}}"
2026-02-01T13:49:44.069,"{""ai"":{""class"":3,""confidence"":0.59,""time_us"":671}}"
2026-02-01T13:49:47.352,"{""ai"":{""class"":3,""confidence"":0.59,""time_us"":671}}"
2026-02-01T13:49:50.684,"{""ai"":{""class"":3,""confidence"":0.59,""time_us"":671}}"
2026-02-01T13:49:53.967,"{""ai"":{""class"":3,""confidence"":0.59,""time_us"":671}}"
2026-02-01T13:49:57.298,"{""ai"":{""class"":3,""confidence"":0.59,""time_us"":671}}"
2026-02-01T13:50:00.584,"{""ai"":{""class"":3,""confidence"":0.59,""time_us"":671}}"
2026-02-01T13:50:03.912,"{""ai"":{""class"":3,""confidence"":0.59,""time_us"":671}}"
2026-02-01T13:50:07.198,"{""ai"":{""class"":3,""confidence"":0.59,""time_us"":671}}"
2026-02-01T13:50:10.482,"{""ai"":{""class"":3,""confidence"":0.59,""time_us"":671}}"
2026-02-01T13:50:13.813,"{""ai"":{""class"":3,""confidence"":0.59,""time_us"":671}}"
2026-02-01T13:50:17.097,"{""ai"":{""class"":2,""confidence"":0.40,""time_us"":673}}"
2026-02-01T13:50:20.472,"{""ai"":{""class"":3,""confidence"":0.59,""time_us"":671}}"
2026-02-01T13:50:23.712,"{""ai"":{""class"":3,""confidence"":0.59,""time_us"":671}}"
2026-02-01T13:50:27.043,"{""ai"":{""class"":3,""confidence"":0.89,""time_us"":673}}"
2026-02-01T13:50:30.328,"{""ai"":{""class"":3,""confidence"":0.41,""time_us"":672}}"
2026-02-01T13:50:33.703,"{""ai"":{""class"":1,""confidence"":0.50,""time_us"":672}}"
2026-02-01T13:50:36.943,"{""ai"":{""class"":3,""confidence"":1.00,""time_us"":671}}"
2026-02-01T13:50:40.273,"{""ai"":{""class"":2,""confidence"":0.95,""time_us"":672}}"
2026-02-01T13:50:43.557,"{""ai"":{""class"":3,""confidence"":0.96,""time_us"":673}}"
2026-02-01T13:50:46.842,"{""ai"":{""class"":3,""confidence"":0.48,""time_us"":673}}"
2026-02-01T13:50:50.219,"{""ai"":{""class"":2,""confidence"":0.33,""time_us"":672}}"
2026-02-01T13:50:53.457,"{""ai"":{""class"":3,""confidence"":0.98,""time_us"":671}}"
2026-02-01T13:50:56.788,"{""ai"":{""class"":3,""confidence"":0.54,""time_us"":671}}"
2026-02-01T13:51:00.075,"{""ai"":{""class"":3,""confidence"":0.59,""time_us"":671}}"
2026-02-01T13:51:03.404,"{""ai"":{""class"":3,""confidence"":0.59,""time_us"":671}}"
2026-02-01T13:51:06.689,"{""ai"":{""class"":3,""confidence"":0.59,""time_us"":671}}"
2026-02-01T13:51:10.020,"{""ai"":{""class"":3,""confidence"":0.59,""time_us"":671}}"
2026-02-01T13:51:13.305,"{""ai"":{""class"":0,""confidence"":0.68,""time_us"":672}}"
2026-02-01T13:51:16.636,"{""ai"":{""class"":3,""confidence"":0.55,""time_us"":673}}"
2026-02-01T13:51:19.921,"{""ai"":{""class"":2,""confidence"":0.41,""time_us"":673}}"
2026-02-01T13:51:23.207,"{""ai"":{""class"":3,""confidence"":0.59,""time_us"":671}}"
2026-02-01T13:51:26.537,"{""ai"":{""class"":3,""confidence"":0.59,""time_us"":671}}"
2026-02-01T13:51:29.822,"{""ai"":{""class"":3,""confidence"":0.59,""time_us"":671}}"
2026-02-01T13:51:33.153,"{""ai"":{""class"":3,""confidence"":0.59,""time_us"":671}}"
2026-02-01T13:51:36.438,"{""ai"":{""class"":3,""confidence"":0.59,""time_us"":671}}"
2026-02-01T13:51:39.769,"{""ai"":{""class"":3,""confidence"":0.59,""time_us"":671}}"
2026-02-01T13:51:43.098,"{""ai"":{""class"":3,""confidence"":0.59,""time_us"":671}}"
2026-02-01T13:51:46.386,"{""ai"":{""class"":3,""confidence"":0.59,""time_us"":671}}"
2026-02-01T13:51:49.671,"{""ai"":{""class"":3,""confidence"":0.59,""time_us"":671}}"
2026-02-01T13:51:53.001,"{""ai"":{""class"":3,""confidence"":0.59,""time_us"":671}}"
2026-02-01T13:51:56.287,"{""ai"":{""class"":1,""confidence"":0.58,""time_us"":674}}"
2026-02-01T13:51:59.571,"{""ai"":{""class"":3,""confidence"":0.84,""time_us"":672}}"
2026-02-01T13:52:02.901,"{""ai"":{""class"":0,""confidence"":0.57,""time_us"":671}}"
2026-02-01T13:52:06.277,"{""ai"":{""class"":1,""confidence"":0.84,""time_us"":673}}"
2026-02-01T13:52:09.517,"{""ai"":{""class"":2,""confidence"":1.00,""time_us"":674}}"
2026-02-01T13:52:12.803,"{""ai"":{""class"":2,""confidence"":0.56,""time_us"":672}}"
2026-02-01T13:52:16.133,"{""ai"":{""class"":2,""confidence"":0.85,""time_us"":673}}"
2026-02-01T13:52:19.419,"{""ai"":{""class"":3,""confidence"":0.59,""time_us"":671}}"
2026-02-01T13:52:22.749,"{""ai"":{""class"":3,""confidence"":0.59,""time_us"":671}}"
2026-02-01T13:52:26.035,"{""ai"":{""class"":3,""confidence"":0.59,""time_us"":671}}"
2026-02-01T13:52:29.320,"{""ai"":{""class"":3,""confidence"":0.59,""time_us"":671}}"
2026-02-01T13:52:32.650,"{""ai"":{""class"":3,""confidence"":0.59,""time_us"":671}}"
2026-02-01T13:52:35.936,"{""ai"":{""class"":3,""confidence"":0.59,""time_us"":671}}"
2026-02-01T13:52:39.266,"{""ai"":{""class"":3,""confidence"":0.59,""time_us"":671}}"
2026-02-01T13:52:42.551,"{""ai"":{""class"":3,""confidence"":0.59,""time_us"":671}}"
2026-02-01T13:52:45.882,"{""ai"":{""class"":3,""confidence"":0.59,""time_us"":671}}"
2026-02-01T13:52:49.167,"{""ai"":{""class"":3,""confidence"":0.59,""time_us"":671}}"
2026-02-01T13:52:52.497,"{""ai"":{""class"":3,""confidence"":0.59,""time_us"":671}}"
2026-02-01T13:52:55.783,"{""ai"":{""class"":3,""confidence"":0.59,""time_us"":671}}"
2026-02-01T13:52:59.113,"{""ai"":{""class"":3,""confidence"":0.59,""time_us"":671}}"
2026-02-01T13:53:02.398,"{""ai"":{""class"":3,""confidence"":0.59,""time_us"":671}}"
2026-02-01T13:53:05.729,"{""ai"":{""class"":3,""confidence"":0.59,""time_us"":671}}"
2026-02-01T13:53:09.014,"{""ai"":{""class"":3,""confidence"":0.59,""time_us"":671}}"
2026-02-01T13:53:12.300,"{""ai"":{""class"":3,""confidence"":0.59,""time_us"":671}}"
2026-02-01T13:53:15.633,"{""ai"":{""class"":3,""confidence"":0.59,""time_us"":671}}"
2026-02-01T13:53:18.915,"{""ai"":{""class"":3,""confidence"":0.59,""time_us"":671}}"
2026-02-01T13:53:22.246,"{""ai"":{""class"":3,""confidence"":0.59,""time_us"":671}}"
2026-02-01T13:53:25.531,"{""ai"":{""class"":3,""confidence"":0.59,""time_us"":671}}"
2026-02-01T13:53:28.861,"{""ai"":{""class"":3,""confidence"":0.59,""time_us"":671}}"
2026-02-01T13:53:32.147,"{""ai"":{""class"":3,""confidence"":0.59,""time_us"":671}}"
2026-02-01T13:53:35.431,"{""ai"":{""class"":3,""confidence"":0.59,""time_us"":671}}"
2026-02-01T13:53:38.763,"{""ai"":{""class"":3,""confidence"":0.59,""time_us"":671}}"
2026-02-01T13:53:42.048,"{""ai"":{""class"":3,""confidence"":0.59,""time_us"":671}}"
2026-02-01T13:53:45.378,"{""ai"":{""class"":3,""confidence"":0.59,""time_us"":671}}"
2026-02-01T13:53:48.664,"{""ai"":{""class"":1,""confidence"":0.90,""time_us"":674}}"
2026-02-01T13:53:51.994,"{""ai"":{""class"":3,""confidence"":0.59,""time_us"":671}}"
2026-02-01T13:53:55.279,"{""ai"":{""class"":3,""confidence"":0.59,""time_us"":671}}"
2026-02-01T13:53:58.609,"{""ai"":{""class"":3,""confidence"":0.59,""time_us"":671}}"
2026-02-01T13:54:01.895,"{""ai"":{""class"":3,""confidence"":0.59,""time_us"":671}}"
2026-02-01T13:54:05.226,"{""ai"":{""class"":3,""confidence"":0.59,""time_us"":671}}"
2026-02-01T13:54:08.510,"{""ai"":{""class"":3,""confidence"":0.59,""time_us"":671}}"
2026-02-01T13:54:11.796,"{""ai"":{""class"":3,""confidence"":0.59,""time_us"":671}}"
2026-02-01T13:54:15.126,"{""ai"":{""class"":3,""confidence"":0.97,""time_us"":673}}"
2026-02-01T13:54:18.411,"{""ai"":{""class"":3,""confidence"":1.00,""time_us"":636}}"
2026-02-01T13:54:21.741,"{""ai"":{""class"":3,""confidence"":0.59,""time_us"":673}}"
2026-02-01T13:54:25.027,"{""ai"":{""class"":3,""confidence"":0.48,""time_us"":672}}"
2026-02-01T13:54:28.357,"{""ai"":{""class"":0,""confidence"":0.64,""time_us"":674}}"
2026-02-01T13:54:31.642,"{""ai"":{""class"":0,""confidence"":0.62,""time_us"":671}}"
2026-02-01T13:54:34.973,"{""ai"":{""class"":1,""confidence"":0.99,""time_us"":672}}"
2026-02-01T13:54:38.348,"{""ai"":{""class"":3,""confidence"":1.00,""time_us"":673}}"
2026-02-01T13:54:41.544,"{""ai"":{""class"":3,""confidence"":0.59,""time_us"":673}}"
2026-02-01T13:54:44.874,"{""ai"":{""class"":2,""confidence"":0.81,""time_us"":671}}"
2026-02-01T13:54:48.159,"{""ai"":{""class"":3,""confidence"":0.93,""time_us"":672}}"
2026-02-01T13:54:51.489,"{""ai"":{""class"":3,""confidence"":0.59,""time_us"":671}}"
2026-02-01T13:54:54.774,"{""ai"":{""class"":3,""confidence"":0.59,""time_us"":671}}"
2026-02-01T13:54:58.105,"{""ai"":{""class"":3,""confidence"":0.59,""time_us"":671}}"
2026-02-01T13:55:01.390,"{""ai"":{""class"":3,""confidence"":0.59,""time_us"":671}}"
2026-02-01T13:55:04.720,"{""ai"":{""class"":3,""confidence"":0.59,""time_us"":671}}"
2026-02-01T13:55:08.006,"{""ai"":{""class"":3,""confidence"":0.36,""time_us"":670}}"
2026-02-01T13:55:11.336,"{""ai"":{""class"":3,""confidence"":0.59,""time_us"":671}}"
2026-02-01T13:55:14.622,"{""ai"":{""class"":3,""confidence"":0.59,""time_us"":671}}"
2026-02-01T13:55:17.906,"{""ai"":{""class"":3,""confidence"":0.59,""time_us"":671}}"
2026-02-01T13:55:21.237,"{""ai"":{""class"":3,""confidence"":0.59,""time_us"":671}}"
2026-02-01T13:55:24.522,"{""ai"":{""class"":3,""confidence"":0.59,""time_us"":671}}"
2026-02-01T13:55:27.854,"{""ai"":{""class"":3,""confidence"":0.59,""time_us"":671}}"
2026-02-01T13:55:31.138,"{""ai"":{""class"":3,""confidence"":0.59,""time_us"":671}}"
2026-02-01T13:55:34.468,"{""ai"":{""class"":3,""confidence"":0.59,""time_us"":671}}"
2026-02-01T13:55:37.754,"{""ai"":{""class"":3,""confidence"":0.59,""time_us"":671}}"
2026-02-01T13:55:41.129,"{""ai"":{""class"":3,""confidence"":0.59,""time_us"":671}}"
2026-02-01T13:55:44.369,"{""ai"":{""class"":3,""confidence"":0.59,""time_us"":671}}"
2026-02-01T13:55:47.654,"{""ai"":{""class"":3,""confidence"":0.59,""time_us"":671}}"
2026-02-01T13:55:50.985,"{""ai"":{""class"":3,""confidence"":0.59,""time_us"":671}}"
2026-02-01T13:55:54.270,"{""ai"":{""class"":3,""confidence"":0.59,""time_us"":671}}"
2026-02-01T13:55:57.600,"{""ai"":{""class"":3,""confidence"":0.59,""time_us"":671}}"
2026-02-01T13:56:00.885,"{""ai"":{""class"":3,""confidence"":0.59,""time_us"":671}}"
2026-02-01T13:56:04.216,"{""ai"":{""class"":3,""confidence"":0.59,""time_us"":671}}"
2026-02-01T13:56:07.501,"{""ai"":{""class"":3,""confidence"":0.59,""time_us"":671}}"
2026-02-01T13:56:10.831,"{""ai"":{""class"":3,""confidence"":0.59,""time_us"":671}}"
2026-02-01T13:56:14.116,"{""ai"":{""class"":3,""confidence"":0.59,""time_us"":671}}"
2026-02-01T13:56:17.447,"{""ai"":{""class"":3,""confidence"":0.59,""time_us"":671}}"
2026-02-01T13:56:20.732,"{""ai"":{""class"":3,""confidence"":0.59,""time_us"":671}}"
2026-02-01T13:56:24.017,"{""ai"":{""class"":3,""confidence"":0.59,""time_us"":671}}"
2026-02-01T13:56:27.347,"{""ai"":{""class"":3,""confidence"":0.59,""time_us"":671}}"
2026-02-01T13:56:30.633,"{""ai"":{""class"":3,""confidence"":0.59,""time_us"":671}}"
2026-02-01T13:56:33.962,"{""ai"":{""class"":3,""confidence"":0.59,""time_us"":671}}"
2026-02-01T13:56:37.248,"{""ai"":{""class"":3,""confidence"":0.59,""time_us"":671}}"
2026-02-01T13:56:40.578,"{""ai"":{""class"":3,""confidence"":0.59,""time_us"":671}}"
2026-02-01T13:56:43.864,"{""ai"":{""class"":3,""confidence"":0.59,""time_us"":671}}"
2026-02-01T13:56:47.194,"{""ai"":{""class"":3,""confidence"":0.59,""time_us"":671}}"
2026-02-01T13:56:50.479,"{""ai"":{""class"":3,""confidence"":0.59,""time_us"":671}}"
2026-02-01T13:56:53.763,"{""ai"":{""class"":3,""confidence"":0.59,""time_us"":671}}"
2026-02-01T13:56:57.094,"{""ai"":{""class"":3,""confidence"":0.59,""time_us"":671}}"
2026-02-01T13:57:00.380,"{""ai"":{""class"":3,""confidence"":0.59,""time_us"":671}}"
2026-02-01T13:57:03.710,"{""ai"":{""class"":3,""confidence"":0.59,""time_us"":671}}"
2026-02-01T13:57:06.995,"{""ai"":{""class"":3,""confidence"":0.59,""time_us"":671}}"
2026-02-01T13:57:10.326,"{""ai"":{""class"":3,""confidence"":0.59,""time_us"":671}}"
2026-02-01T13:57:13.610,"{""ai"":{""class"":3,""confidence"":0.59,""time_us"":671}}"
2026-02-01T13:57:16.941,"{""ai"":{""class"":3,""confidence"":0.59,""time_us"":671}}"
2026-02-01T13:57:20.225,"{""ai"":{""class"":3,""confidence"":0.59,""time_us"":671}}"
2026-02-01T13:57:23.645,"{""ai"":{""class"":3,""confidence"":0.59,""time_us"":671}}"
2026-02-01T13:57:26.842,"{""ai"":{""class"":3,""confidence"":0.59,""time_us"":671}}"
2026-02-01T13:57:30.127,"{""ai"":{""class"":3,""confidence"":0.59,""time_us"":671}}"
2026-02-01T13:57:33.457,"{""ai"":{""class"":3,""confidence"":0.59,""time_us"":671}}"
2026-02-01T13:57:36.742,"{""ai"":{""class"":3,""confidence"":0.59,""time_us"":671}}"
2026-02-01T13:57:40.073,"{""ai"":{""class"":3,""confidence"":0.59,""time_us"":671}}"
2026-02-01T13:57:43.356,"{""ai"":{""class"":3,""confidence"":0.59,""time_us"":671}}"
2026-02-01T13:57:46.688,"{""ai"":{""class"":3,""confidence"":0.59,""time_us"":671}}"
2026-02-01T13:57:49.973,"{""ai"":{""class"":3,""confidence"":0.59,""time_us"":671}}"
2026-02-01T13:57:53.303,"{""ai"":{""class"":3,""confidence"":0.59,""time_us"":671}}"
2026-02-01T13:57:56.588,"{""ai"":{""class"":3,""confidence"":0.59,""time_us"":671}}"
2026-02-01T13:57:59.919,"{""ai"":{""class"":3,""confidence"":0.59,""time_us"":671}}"
2026-02-01T13:58:03.204,"{""ai"":{""class"":3,""confidence"":0.59,""time_us"":671}}"
2026-02-01T13:58:06.489,"{""ai"":{""class"":3,""confidence"":0.59,""time_us"":671}}"
2026-02-01T13:58:09.819,"{""ai"":{""class"":3,""confidence"":0.59,""time_us"":671}}"
2026-02-01T13:58:13.103,"{""ai"":{""class"":3,""confidence"":0.59,""time_us"":671}}"
2026-02-01T13:58:16.434,"{""ai"":{""class"":3,""confidence"":0.59,""time_us"":671}}"
2026-02-01T13:58:19.719,"{""ai"":{""class"":3,""confidence"":0.59,""time_us"":671}}"
2026-02-01T13:58:23.050,"{""ai"":{""class"":3,""confidence"":0.59,""time_us"":671}}"
2026-02-01T13:58:26.335,"{""ai"":{""class"":3,""confidence"":0.59,""time_us"":671}}"
2026-02-01T13:58:29.666,"{""ai"":{""class"":3,""confidence"":0.59,""time_us"":671}}"
2026-02-01T13:58:32.996,"{""ai"":{""class"":3,""confidence"":0.59,""time_us"":671}}"
2026-02-01T13:58:36.235,"{""ai"":{""class"":3,""confidence"":0.59,""time_us"":671}}"
2026-02-01T13:58:39.566,"{""ai"":{""class"":3,""confidence"":0.59,""time_us"":671}}"
2026-02-01T13:58:42.852,"{""ai"":{""class"":3,""confidence"":0.59,""time_us"":671}}"
2026-02-01T13:58:46.272,"{""ai"":{""class"":3,""confidence"":0.59,""time_us"":671}}"
2026-02-01T13:58:49.467,"{""ai"":{""class"":3,""confidence"":0.59,""time_us"":671}}"
2026-02-01T13:58:52.797,"{""ai"":{""class"":3,""confidence"":0.59,""time_us"":671}}"
2026-02-01T13:58:56.083,"{""ai"":{""class"":3,""confidence"":0.59,""time_us"":671}}"
2026-02-01T13:58:59.412,"{""ai"":{""class"":3,""confidence"":0.59,""time_us"":671}}"
2026-02-01T13:59:02.698,"{""ai"":{""class"":3,""confidence"":0.59,""time_us"":671}}"
2026-02-01T13:59:06.028,"{""ai"":{""class"":3,""confidence"":0.59,""time_us"":671}}"
2026-02-01T13:59:09.313,"{""ai"":{""class"":3,""confidence"":0.59,""time_us"":671}}"
2026-02-01T13:59:12.599,"{""ai"":{""class"":3,""confidence"":0.59,""time_us"":671}}"
2026-02-01T13:59:15.928,"{""ai"":{""class"":3,""confidence"":0.59,""time_us"":671}}"
2026-02-01T13:59:19.214,"{""ai"":{""class"":3,""confidence"":0.59,""time_us"":671}}"
2026-02-01T13:59:22.544,"{""ai"":{""class"":3,""confidence"":0.59,""time_us"":671}}"
2026-02-01T13:59:25.829,"{""ai"":{""class"":3,""confidence"":0.59,""time_us"":671}}"
2026-02-01T13:59:29.159,"{""ai"":{""class"":3,""confidence"":0.59,""time_us"":671}}"
2026-02-01T13:59:32.445,"{""ai"":{""class"":3,""confidence"":0.59,""time_us"":671}}"
2026-02-01T13:59:35.774,"{""ai"":{""class"":3,""confidence"":0.31,""time_us"":672}}"
2026-02-01T13:59:39.059,"{""ai"":{""class"":3,""confidence"":0.59,""time_us"":671}}"
2026-02-01T13:59:42.345,"{""ai"":{""class"":3,""confidence"":0.59,""time_us"":671}}"
2026-02-01T13:59:45.675,"{""ai"":{""class"":3,""confidence"":0.59,""time_us"":671}}"
2026-02-01T13:59:48.960,"{""ai"":{""class"":3,""confidence"":0.59,""time_us"":671}}"
2026-02-01T13:59:52.289,"{""ai"":{""class"":3,""confidence"":0.59,""time_us"":671}}"
2026-02-01T13:59:55.575,"{""ai"":{""class"":3,""confidence"":0.59,""time_us"":671}}"
2026-02-01T13:59:58.906,"{""ai"":{""class"":3,""confidence"":0.59,""time_us"":671}}"
2026-02-01T14:00:02.190,"{""ai"":{""class"":3,""confidence"":0.59,""time_us"":671}}"
2026-02-01T14:00:05.520,"{""ai"":{""class"":3,""confidence"":0.59,""time_us"":671}}"
2026-02-01T14:00:08.851,"{""ai"":{""class"":3,""confidence"":0.59,""time_us"":671}}"
2026-02-01T14:00:12.091,"{""ai"":{""class"":3,""confidence"":0.59,""time_us"":671}}"
2026-02-01T14:00:15.422,"{""ai"":{""class"":3,""confidence"":0.59,""time_us"":671}}"
2026-02-01T14:00:18.706,"{""ai"":{""class"":3,""confidence"":0.59,""time_us"":671}}"
2026-02-01T14:00:22.036,"{""ai"":{""class"":3,""confidence"":0.59,""time_us"":671}}"
2026-02-01T14:00:25.321,"{""ai"":{""class"":3,""confidence"":0.59,""time_us"":671}}"
2026-02-01T14:00:28.651,"{""ai"":{""class"":3,""confidence"":0.59,""time_us"":671}}"
2026-02-01T14:00:31.937,"{""ai"":{""class"":3,""confidence"":0.59,""time_us"":671}}"
2026-02-01T14:00:35.267,"{""ai"":{""class"":3,""confidence"":0.59,""time_us"":671}}"
2026-02-01T14:00:38.554,"{""ai"":{""class"":3,""confidence"":0.59,""time_us"":671}}"
2026-02-01T14:00:41.883,"{""ai"":{""class"":3,""confidence"":0.59,""time_us"":671}}"
2026-02-01T14:00:45.167,"{""ai"":{""class"":3,""confidence"":0.59,""time_us"":671}}"
2026-02-01T14:00:48.456,"{""ai"":{""class"":3,""confidence"":0.59,""time_us"":671}}"
2026-02-01T14:00:51.782,"{""ai"":{""class"":3,""confidence"":0.59,""time_us"":671}}"
2026-02-01T14:00:55.068,"{""ai"":{""class"":3,""confidence"":0.59,""time_us"":671}}"
2026-02-01T14:00:58.399,"{""ai"":{""class"":3,""confidence"":0.59,""time_us"":671}}"
2026-02-01T14:01:01.684,"{""ai"":{""class"":3,""confidence"":0.59,""time_us"":671}}"
2026-02-01T14:01:05.014,"{""ai"":{""class"":3,""confidence"":0.59,""time_us"":671}}"
2026-02-01T14:01:08.300,"{""ai"":{""class"":3,""confidence"":0.59,""time_us"":671}}"
2026-02-01T14:01:11.629,"{""ai"":{""class"":3,""confidence"":0.59,""time_us"":671}}"
2026-02-01T14:01:14.914,"{""ai"":{""class"":3,""confidence"":0.59,""time_us"":671}}"
2026-02-01T14:01:18.249,"{""ai"":{""class"":3,""confidence"":0.59,""time_us"":671}}"
2026-02-01T14:01:21.530,"{""ai"":{""class"":3,""confidence"":0.59,""time_us"":671}}"
2026-02-01T14:01:24.816,"{""ai"":{""class"":3,""confidence"":0.59,""time_us"":671}}"
2026-02-01T14:01:28.146,"{""ai"":{""class"":3,""confidence"":0.59,""time_us"":671}}"
2026-02-01T14:01:31.476,"{""ai"":{""class"":3,""confidence"":0.59,""time_us"":671}}"
2026-02-01T14:01:34.760,"{""ai"":{""class"":3,""confidence"":0.59,""time_us"":671}}"
2026-02-01T14:01:38.046,"{""ai"":{""class"":3,""confidence"":0.59,""time_us"":671}}"
2026-02-01T14:01:41.465,"{""ai"":{""class"":3,""confidence"":0.59,""time_us"":671}}"
2026-02-01T14:01:44.661,"{""ai"":{""class"":3,""confidence"":0.59,""time_us"":671}}"
2026-02-01T14:01:47.991,"{""ai"":{""class"":3,""confidence"":0.59,""time_us"":671}}"
2026-02-01T14:01:51.276,"{""ai"":{""class"":3,""confidence"":0.59,""time_us"":671}}"
2026-02-01T14:01:54.560,"{""ai"":{""class"":3,""confidence"":0.59,""time_us"":671}}"
2026-02-01T14:01:57.890,"{""ai"":{""class"":3,""confidence"":0.59,""time_us"":671}}"
2026-02-01T14:02:01.176,"{""ai"":{""class"":3,""confidence"":0.59,""time_us"":671}}"
2026-02-01T14:02:04.508,"{""ai"":{""class"":3,""confidence"":0.59,""time_us"":671}}"
2026-02-01T14:02:07.792,"{""ai"":{""class"":3,""confidence"":0.59,""time_us"":671}}"
2026-02-01T14:02:11.122,"{""ai"":{""class"":3,""confidence"":0.59,""time_us"":671}}"
2026-02-01T14:02:14.406,"{""ai"":{""class"":3,""confidence"":0.59,""time_us"":671}}"
2026-02-01T14:02:17.736,"{""ai"":{""class"":3,""confidence"":0.59,""time_us"":671}}"
2026-02-01T14:02:21.021,"{""ai"":{""class"":3,""confidence"":0.59,""time_us"":671}}"
2026-02-01T14:02:24.353,"{""ai"":{""class"":3,""confidence"":0.59,""time_us"":671}}"
2026-02-01T14:02:27.637,"{""ai"":{""class"":3,""confidence"":0.59,""time_us"":671}}"
2026-02-01T14:02:30.923,"{""ai"":{""class"":3,""confidence"":0.59,""time_us"":671}}"
2026-02-01T14:02:34.252,"{""ai"":{""class"":3,""confidence"":0.59,""time_us"":671}}"
2026-02-01T14:02:37.539,"{""ai"":{""class"":3,""confidence"":0.59,""time_us"":671}}"
2026-02-01T14:02:40.868,"{""ai"":{""class"":3,""confidence"":0.59,""time_us"":671}}"
2026-02-01T14:02:44.154,"{""ai"":{""class"":3,""confidence"":0.59,""time_us"":671}}"
2026-02-01T14:02:47.483,"{""ai"":{""class"":3,""confidence"":0.59,""time_us"":671}}"
2026-02-01T14:02:50.768,"{""ai"":{""class"":3,""confidence"":0.59,""time_us"":671}}"
2026-02-01T14:02:54.099,"{""ai"":{""class"":3,""confidence"":0.59,""time_us"":671}}"
2026-02-01T14:02:57.383,"{""ai"":{""class"":3,""confidence"":0.59,""time_us"":671}}"
2026-02-01T14:03:00.668,"{""ai"":{""class"":3,""confidence"":0.59,""time_us"":671}}"
2026-02-01T14:03:04.089,"{""ai"":{""class"":3,""confidence"":0.59,""time_us"":671}}"
2026-02-01T14:03:07.283,"{""ai"":{""class"":3,""confidence"":0.59,""time_us"":671}}"
2026-02-01T14:03:10.614,"{""ai"":{""class"":3,""confidence"":0.59,""time_us"":671}}"
2026-02-01T14:03:13.900,"{""ai"":{""class"":3,""confidence"":0.59,""time_us"":671}}"
2026-02-01T14:03:17.229,"{""ai"":{""class"":3,""confidence"":0.59,""time_us"":671}}"
2026-02-01T14:03:20.515,"{""ai"":{""class"":3,""confidence"":0.59,""time_us"":671}}"
2026-02-01T14:03:23.845,"{""ai"":{""class"":3,""confidence"":0.59,""time_us"":671}}"
2026-02-01T14:03:27.131,"{""ai"":{""class"":3,""confidence"":0.59,""time_us"":671}}"
2026-02-01T14:03:30.460,"{""ai"":{""class"":3,""confidence"":0.59,""time_us"":671}}"
2026-02-01T14:03:33.746,"{""ai"":{""class"":3,""confidence"":0.59,""time_us"":671}}"
2026-02-01T14:03:37.031,"{""ai"":{""class"":3,""confidence"":0.59,""time_us"":671}}"
2026-02-01T14:03:40.361,"{""ai"":{""class"":3,""confidence"":0.59,""time_us"":671}}"
2026-02-01T14:03:43.646,"{""ai"":{""class"":3,""confidence"":0.59,""time_us"":671}}"
2026-02-01T14:03:46.976,"{""ai"":{""class"":3,""confidence"":0.59,""time_us"":671}}"
2026-02-01T14:03:50.261,"{""ai"":{""class"":3,""confidence"":0.59,""time_us"":671}}"
2026-02-01T14:03:53.591,"{""ai"":{""class"":3,""confidence"":0.59,""time_us"":671}}"
2026-02-01T14:03:56.876,"{""ai"":{""class"":3,""confidence"":0.59,""time_us"":671}}"
2026-02-01T14:04:00.206,"{""ai"":{""class"":3,""confidence"":0.59,""time_us"":671}}"
2026-02-01T14:04:03.491,"{""ai"":{""class"":3,""confidence"":0.59,""time_us"":671}}"
2026-02-01T14:04:06.821,"{""ai"":{""class"":3,""confidence"":0.59,""time_us"":671}}"
2026-02-01T14:04:10.109,"{""ai"":{""class"":3,""confidence"":0.59,""time_us"":671}}"
2026-02-01T14:04:13.391,"{""ai"":{""class"":3,""confidence"":0.59,""time_us"":671}}"
2026-02-01T14:04:16.723,"{""ai"":{""class"":3,""confidence"":0.59,""time_us"":671}}"
2026-02-01T14:04:20.007,"{""ai"":{""class"":3,""confidence"":0.59,""time_us"":671}}"
2026-02-01T14:04:23.336,"{""ai"":{""class"":3,""confidence"":0.59,""time_us"":671}}"
2026-02-01T14:04:26.714,"{""ai"":{""class"":3,""confidence"":0.59,""time_us"":671}}"
2026-02-01T14:04:29.953,"{""ai"":{""class"":3,""confidence"":0.59,""time_us"":671}}"
2026-02-01T14:04:33.238,"{""ai"":{""class"":3,""confidence"":0.59,""time_us"":671}}"
2026-02-01T14:04:36.568,"{""ai"":{""class"":3,""confidence"":0.59,""time_us"":671}}"
2026-02-01T14:04:39.854,"{""ai"":{""class"":3,""confidence"":0.59,""time_us"":671}}"
2026-02-01T14:04:43.138,"{""ai"":{""class"":3,""confidence"":0.59,""time_us"":671}}"
2026-02-01T14:04:46.469,"{""ai"":{""class"":3,""confidence"":0.59,""time_us"":671}}"
2026-02-01T14:04:49.754,"{""ai"":{""class"":3,""confidence"":0.59,""time_us"":671}}"
2026-02-01T14:04:53.083,"{""ai"":{""class"":3,""confidence"":0.59,""time_us"":671}}"
2026-02-01T14:04:56.369,"{""ai"":{""class"":3,""confidence"":0.59,""time_us"":671}}"
2026-02-01T14:04:59.699,"{""ai"":{""class"":3,""confidence"":0.59,""time_us"":671}}"
2026-02-01T14:05:02.984,"{""ai"":{""class"":3,""confidence"":0.59,""time_us"":671}}"
2026-02-01T14:05:06.315,"{""ai"":{""class"":3,""confidence"":0.59,""time_us"":671}}"
2026-02-01T14:05:09.599,"{""ai"":{""class"":3,""confidence"":0.59,""time_us"":671}}"
2026-02-01T14:05:12.884,"{""ai"":{""class"":3,""confidence"":0.59,""time_us"":671}}"
2026-02-01T14:05:16.214,"{""ai"":{""class"":3,""confidence"":0.59,""time_us"":671}}"
2026-02-01T14:05:19.499,"{""ai"":{""class"":3,""confidence"":0.59,""time_us"":671}}"
2026-02-01T14:05:22.829,"{""ai"":{""class"":3,""confidence"":0.59,""time_us"":671}}"
2026-02-01T14:05:26.115,"{""ai"":{""class"":3,""confidence"":0.59,""time_us"":671}}"
2026-02-01T14:05:29.448,"{""ai"":{""class"":3,""confidence"":0.59,""time_us"":671}}"
2026-02-01T14:05:32.730,"{""ai"":{""class"":3,""confidence"":0.59,""time_us"":671}}"
2026-02-01T14:05:36.060,"{""ai"":{""class"":3,""confidence"":0.59,""time_us"":671}}"
2026-02-01T14:05:39.345,"{""ai"":{""class"":3,""confidence"":0.59,""time_us"":671}}"
2026-02-01T14:05:42.675,"{""ai"":{""class"":3,""confidence"":0.59,""time_us"":671}}"
2026-02-01T14:05:45.961,"{""ai"":{""class"":3,""confidence"":0.59,""time_us"":671}}"
2026-02-01T14:05:49.335,"{""ai"":{""class"":3,""confidence"":0.59,""time_us"":671}}"
2026-02-01T14:05:52.576,"{""ai"":{""class"":3,""confidence"":0.59,""time_us"":671}}"
2026-02-01T14:05:55.906,"{""ai"":{""class"":3,""confidence"":0.59,""time_us"":671}}"
2026-02-01T14:05:59.191,"{""ai"":{""class"":3,""confidence"":0.59,""time_us"":671}}"
2026-02-01T14:06:02.476,"{""ai"":{""class"":3,""confidence"":0.59,""time_us"":671}}"
2026-02-01T14:06:05.806,"{""ai"":{""class"":3,""confidence"":0.59,""time_us"":671}}"
2026-02-01T14:06:09.091,"{""ai"":{""class"":3,""confidence"":0.59,""time_us"":671}}"
2026-02-01T14:06:12.421,"{""ai"":{""class"":3,""confidence"":0.59,""time_us"":671}}"
2026-02-01T14:06:15.706,"{""ai"":{""class"":3,""confidence"":0.59,""time_us"":671}}"
2026-02-01T14:06:18.991,"{""ai"":{""class"":3,""confidence"":0.59,""time_us"":671}}"
2026-02-01T14:06:22.322,"{""ai"":{""class"":3,""confidence"":0.59,""time_us"":671}}"
2026-02-01T14:06:25.607,"{""ai"":{""class"":3,""confidence"":0.59,""time_us"":671}}"
2026-02-01T14:06:28.937,"{""ai"":{""class"":3,""confidence"":0.59,""time_us"":671}}"
2026-02-01T14:06:32.222,"{""ai"":{""class"":3,""confidence"":0.59,""time_us"":671}}"
2026-02-01T14:06:35.552,"{""ai"":{""class"":3,""confidence"":0.59,""time_us"":671}}"
2026-02-01T14:06:38.881,"{""ai"":{""class"":3,""confidence"":0.59,""time_us"":671}}"
2026-02-01T14:06:42.167,"{""ai"":{""class"":3,""confidence"":0.59,""time_us"":671}}"
2026-02-01T14:06:45.452,"{""ai"":{""class"":3,""confidence"":0.59,""time_us"":671}}"
2026-02-01T14:06:48.782,"{""ai"":{""class"":3,""confidence"":0.59,""time_us"":671}}"
2026-02-01T14:06:52.067,"{""ai"":{""class"":3,""confidence"":0.59,""time_us"":671}}"
2026-02-01T14:06:55.351,"{""ai"":{""class"":3,""confidence"":0.59,""time_us"":671}}"
2026-02-01T14:06:58.683,"{""ai"":{""class"":3,""confidence"":0.59,""time_us"":671}}"
2026-02-01T14:07:01.968,"{""ai"":{""class"":3,""confidence"":0.59,""time_us"":671}}"
2026-02-01T14:07:05.298,"{""ai"":{""class"":3,""confidence"":0.59,""time_us"":671}}"
2026-02-01T14:07:08.583,"{""ai"":{""class"":3,""confidence"":0.59,""time_us"":671}}"
2026-02-01T14:07:11.913,"{""ai"":{""class"":3,""confidence"":0.59,""time_us"":671}}"
2026-02-01T14:07:15.198,"{""ai"":{""class"":3,""confidence"":0.59,""time_us"":671}}"
2026-02-01T14:07:18.528,"{""ai"":{""class"":3,""confidence"":0.59,""time_us"":671}}"
2026-02-01T14:07:21.813,"{""ai"":{""class"":3,""confidence"":0.59,""time_us"":671}}"
2026-02-01T14:07:25.098,"{""ai"":{""class"":3,""confidence"":0.59,""time_us"":671}}"
2026-02-01T14:07:28.428,"{""ai"":{""class"":3,""confidence"":0.59,""time_us"":671}}"
2026-02-01T14:07:31.713,"{""ai"":{""class"":3,""confidence"":0.59,""time_us"":671}}"
2026-02-01T14:07:35.044,"{""ai"":{""class"":3,""confidence"":0.59,""time_us"":671}}"
2026-02-01T14:07:38.329,"{""ai"":{""class"":3,""confidence"":0.59,""time_us"":671}}"
2026-02-01T14:07:41.659,"{""ai"":{""class"":3,""confidence"":0.59,""time_us"":671}}"
2026-02-01T14:07:44.944,"{""ai"":{""class"":3,""confidence"":0.59,""time_us"":671}}"
2026-02-01T14:07:48.319,"{""ai"":{""class"":3,""confidence"":0.59,""time_us"":671}}"
2026-02-01T14:07:51.559,"{""ai"":{""class"":3,""confidence"":0.59,""time_us"":671}}"
2026-02-01T14:07:54.889,"{""ai"":{""class"":3,""confidence"":0.59,""time_us"":671}}"
2026-02-01T14:07:58.174,"{""ai"":{""class"":3,""confidence"":0.59,""time_us"":671}}"
2026-02-01T14:08:01.459,"{""ai"":{""class"":3,""confidence"":0.59,""time_us"":671}}"
2026-02-01T14:08:04.789,"{""ai"":{""class"":3,""confidence"":0.59,""time_us"":671}}"
2026-02-01T14:08:08.075,"{""ai"":{""class"":3,""confidence"":0.59,""time_us"":671}}"
2026-02-01T14:08:11.404,"{""ai"":{""class"":3,""confidence"":0.59,""time_us"":671}}"
2026-02-01T14:08:14.690,"{""ai"":{""class"":3,""confidence"":0.59,""time_us"":671}}"
2026-02-01T14:08:18.020,"{""ai"":{""class"":3,""confidence"":0.59,""time_us"":671}}"
2026-02-01T14:08:21.305,"{""ai"":{""class"":3,""confidence"":0.59,""time_us"":671}}"
2026-02-01T14:08:24.635,"{""ai"":{""class"":3,""confidence"":0.59,""time_us"":671}}"
2026-02-01T14:08:27.919,"{""ai"":{""class"":3,""confidence"":0.59,""time_us"":671}}"
2026-02-01T14:08:31.205,"{""ai"":{""class"":3,""confidence"":0.59,""time_us"":671}}"
2026-02-01T14:08:34.580,"{""ai"":{""class"":3,""confidence"":0.59,""time_us"":671}}"
2026-02-01T14:08:37.821,"{""ai"":{""class"":3,""confidence"":0.59,""time_us"":671}}"
2026-02-01T14:08:41.150,"{""ai"":{""class"":3,""confidence"":0.59,""time_us"":671}}"
2026-02-01T14:08:44.435,"{""ai"":{""class"":3,""confidence"":0.59,""time_us"":671}}"
2026-02-01T14:08:47.766,"{""ai"":{""class"":3,""confidence"":0.59,""time_us"":671}}"
2026-02-01T14:08:51.051,"{""ai"":{""class"":3,""confidence"":0.59,""time_us"":671}}"
2026-02-01T14:08:54.426,"{""ai"":{""class"":3,""confidence"":0.59,""time_us"":671}}"
2026-02-01T14:08:57.666,"{""ai"":{""class"":3,""confidence"":0.59,""time_us"":671}}"
2026-02-01T14:09:00.996,"{""ai"":{""class"":3,""confidence"":0.59,""time_us"":671}}"
2026-02-01T14:09:04.281,"{""ai"":{""class"":3,""confidence"":0.59,""time_us"":671}}"
2026-02-01T14:09:07.566,"{""ai"":{""class"":3,""confidence"":0.59,""time_us"":671}}"
2026-02-01T14:09:10.896,"{""ai"":{""class"":3,""confidence"":0.59,""time_us"":671}}"
2026-02-01T14:09:14.181,"{""ai"":{""class"":3,""confidence"":0.59,""time_us"":671}}"
2026-02-01T14:09:17.512,"{""ai"":{""class"":3,""confidence"":0.59,""time_us"":671}}"
2026-02-01T14:09:20.796,"{""ai"":{""class"":3,""confidence"":0.59,""time_us"":671}}"
2026-02-01T14:09:24.172,"{""ai"":{""class"":3,""confidence"":0.59,""time_us"":671}}"
2026-02-01T14:09:27.412,"{""ai"":{""class"":3,""confidence"":0.59,""time_us"":671}}"
2026-02-01T14:09:30.742,"{""ai"":{""class"":3,""confidence"":0.59,""time_us"":671}}"
2026-02-01T14:09:34.027,"{""ai"":{""class"":3,""confidence"":0.59,""time_us"":671}}"
2026-02-01T14:09:37.312,"{""ai"":{""class"":3,""confidence"":0.59,""time_us"":671}}"
2026-02-01T14:09:40.642,"{""ai"":{""class"":3,""confidence"":0.59,""time_us"":671}}"
2026-02-01T14:09:43.927,"{""ai"":{""class"":3,""confidence"":0.59,""time_us"":671}}"
2026-02-01T14:09:47.257,"{""ai"":{""class"":3,""confidence"":0.59,""time_us"":671}}"
2026-02-01T14:09:50.542,"{""ai"":{""class"":3,""confidence"":0.59,""time_us"":671}}"
2026-02-01T14:09:53.872,"{""ai"":{""class"":3,""confidence"":0.59,""time_us"":671}}"
2026-02-01T14:09:57.202,"{""ai"":{""class"":3,""confidence"":0.59,""time_us"":671}}"
2026-02-01T14:10:00.488,"{""ai"":{""class"":3,""confidence"":0.59,""time_us"":671}}"
2026-02-01T14:10:03.773,"{""ai"":{""class"":3,""confidence"":0.59,""time_us"":671}}"
2026-02-01T14:10:07.193,"{""ai"":{""class"":3,""confidence"":0.59,""time_us"":671}}"
2026-02-01T14:10:10.388,"{""ai"":{""class"":3,""confidence"":0.59,""time_us"":671}}"
2026-02-01T14:10:13.673,"{""ai"":{""class"":3,""confidence"":0.59,""time_us"":671}}"
2026-02-01T14:10:17.003,"{""ai"":{""class"":3,""confidence"":0.59,""time_us"":671}}"
2026-02-01T14:10:20.288,"{""ai"":{""class"":3,""confidence"":0.59,""time_us"":671}}"
2026-02-01T14:10:23.618,"{""ai"":{""class"":3,""confidence"":0.59,""time_us"":671}}"
2026-02-01T14:10:26.903,"{""ai"":{""class"":3,""confidence"":0.59,""time_us"":671}}"
2026-02-01T14:10:30.233,"{""ai"":{""class"":3,""confidence"":0.59,""time_us"":671}}"
2026-02-01T14:10:33.518,"{""ai"":{""class"":3,""confidence"":0.59,""time_us"":671}}"
2026-02-01T14:10:36.848,"{""ai"":{""class"":3,""confidence"":0.59,""time_us"":671}}"
2026-02-01T14:10:40.134,"{""ai"":{""class"":3,""confidence"":0.59,""time_us"":671}}"
2026-02-01T14:10:43.419,"{""ai"":{""class"":3,""confidence"":0.59,""time_us"":671}}"
2026-02-01T14:10:46.748,"{""ai"":{""class"":3,""confidence"":0.59,""time_us"":671}}"
2026-02-01T14:10:50.033,"{""ai"":{""class"":3,""confidence"":0.59,""time_us"":671}}"
2026-02-01T14:10:53.364,"{""ai"":{""class"":3,""confidence"":0.59,""time_us"":671}}"
2026-02-01T14:10:56.649,"{""ai"":{""class"":3,""confidence"":0.59,""time_us"":671}}"
2026-02-01T14:10:59.979,"{""ai"":{""class"":3,""confidence"":0.59,""time_us"":671}}"
2026-02-01T14:11:03.264,"{""ai"":{""class"":3,""confidence"":0.59,""time_us"":671}}"
2026-02-01T14:11:06.594,"{""ai"":{""class"":3,""confidence"":0.59,""time_us"":671}}"
2026-02-01T14:11:09.879,"{""ai"":{""class"":3,""confidence"":0.59,""time_us"":671}}"
2026-02-01T14:11:13.209,"{""ai"":{""class"":3,""confidence"":0.59,""time_us"":671}}"
2026-02-01T14:11:16.494,"{""ai"":{""class"":3,""confidence"":0.59,""time_us"":671}}"
2026-02-01T14:11:19.825,"{""ai"":{""class"":3,""confidence"":0.59,""time_us"":671}}"
2026-02-01T14:11:23.110,"{""ai"":{""class"":3,""confidence"":0.59,""time_us"":671}}"
2026-02-01T14:11:26.394,"{""ai"":{""class"":3,""confidence"":0.59,""time_us"":671}}"
2026-02-01T14:11:29.814,"{""ai"":{""class"":3,""confidence"":0.59,""time_us"":671}}"
2026-02-01T14:11:33.009,"{""ai"":{""class"":3,""confidence"":0.59,""time_us"":671}}"
2026-02-01T14:11:36.340,"{""ai"":{""class"":3,""confidence"":0.59,""time_us"":671}}"
2026-02-01T14:11:39.625,"{""ai"":{""class"":3,""confidence"":0.59,""time_us"":671}}"
2026-02-01T14:11:42.955,"{""ai"":{""class"":3,""confidence"":0.59,""time_us"":671}}"
2026-02-01T14:11:46.240,"{""ai"":{""class"":3,""confidence"":0.59,""time_us"":671}}"
2026-02-01T14:11:49.525,"{""ai"":{""class"":3,""confidence"":0.59,""time_us"":671}}"
2026-02-01T14:11:52.945,"{""ai"":{""class"":3,""confidence"":0.59,""time_us"":671}}"
2026-02-01T14:11:56.140,"{""ai"":{""class"":3,""confidence"":0.59,""time_us"":671}}"
2026-02-01T14:11:59.470,"{""ai"":{""class"":3,""confidence"":0.59,""time_us"":671}}"
2026-02-01T14:12:02.755,"{""ai"":{""class"":3,""confidence"":0.59,""time_us"":671}}"
2026-02-01T14:12:06.085,"{""ai"":{""class"":3,""confidence"":0.59,""time_us"":671}}"
2026-02-01T14:12:09.370,"{""ai"":{""class"":3,""confidence"":0.59,""time_us"":671}}"
2026-02-01T14:12:12.701,"{""ai"":{""class"":3,""confidence"":0.59,""time_us"":671}}"
2026-02-01T14:12:15.985,"{""ai"":{""class"":3,""confidence"":0.59,""time_us"":671}}"
2026-02-01T14:12:19.315,"{""ai"":{""class"":3,""confidence"":0.59,""time_us"":671}}"
2026-02-01T14:12:22.600,"{""ai"":{""class"":3,""confidence"":0.59,""time_us"":671}}"
2026-02-01T14:12:25.886,"{""ai"":{""class"":3,""confidence"":0.59,""time_us"":671}}"
2026-02-01T14:12:29.216,"{""ai"":{""class"":3,""confidence"":0.59,""time_us"":671}}"
2026-02-01T14:12:32.501,"{""ai"":{""class"":3,""confidence"":0.59,""time_us"":671}}"
2026-02-01T14:12:35.831,"{""ai"":{""class"":3,""confidence"":0.59,""time_us"":671}}"
2026-02-01T14:12:39.116,"{""ai"":{""class"":3,""confidence"":0.59,""time_us"":671}}"
2026-02-01T14:12:42.446,"{""ai"":{""class"":3,""confidence"":0.59,""time_us"":671}}"
2026-02-01T14:12:45.731,"{""ai"":{""class"":3,""confidence"":0.59,""time_us"":671}}"
2026-02-01T14:12:49.061,"{""ai"":{""class"":3,""confidence"":0.59,""time_us"":671}}"
2026-02-01T14:12:52.346,"{""ai"":{""class"":3,""confidence"":0.59,""time_us"":671}}"
2026-02-01T14:12:55.631,"{""ai"":{""class"":3,""confidence"":0.59,""time_us"":671}}"
2026-02-01T14:12:58.961,"{""ai"":{""class"":3,""confidence"":0.59,""time_us"":671}}"
2026-02-01T14:13:02.247,"{""ai"":{""class"":3,""confidence"":0.59,""time_us"":671}}"
2026-02-01T14:13:05.577,"{""ai"":{""class"":3,""confidence"":0.59,""time_us"":671}}"
2026-02-01T14:13:08.862,"{""ai"":{""class"":3,""confidence"":0.59,""time_us"":671}}"
2026-02-01T14:13:12.192,"{""ai"":{""class"":3,""confidence"":0.59,""time_us"":671}}"
2026-02-01T14:13:15.566,"{""ai"":{""class"":3,""confidence"":0.59,""time_us"":671}}"
2026-02-01T14:13:18.807,"{""ai"":{""class"":3,""confidence"":0.59,""time_us"":671}}"
2026-02-01T14:13:22.092,"{""ai"":{""class"":3,""confidence"":0.59,""time_us"":671}}"
2026-02-01T14:13:25.422,"{""ai"":{""class"":3,""confidence"":0.59,""time_us"":671}}"
2026-02-01T14:13:28.707,"{""ai"":{""class"":3,""confidence"":0.59,""time_us"":671}}"
2026-02-01T14:13:31.992,"{""ai"":{""class"":3,""confidence"":0.59,""time_us"":671}}"
2026-02-01T14:13:35.322,"{""ai"":{""class"":3,""confidence"":0.59,""time_us"":671}}"
2026-02-01T14:13:38.607,"{""ai"":{""class"":3,""confidence"":0.59,""time_us"":671}}"
2026-02-01T14:13:41.938,"{""ai"":{""class"":3,""confidence"":0.59,""time_us"":671}}"
2026-02-01T14:13:45.223,"{""ai"":{""class"":3,""confidence"":0.59,""time_us"":671}}"
2026-02-01T14:13:48.552,"{""ai"":{""class"":3,""confidence"":0.59,""time_us"":671}}"
2026-02-01T14:13:51.838,"{""ai"":{""class"":3,""confidence"":0.59,""time_us"":671}}"
2026-02-01T14:13:55.168,"{""ai"":{""class"":3,""confidence"":0.59,""time_us"":671}}"
2026-02-01T14:13:58.453,"{""ai"":{""class"":3,""confidence"":0.59,""time_us"":671}}"
2026-02-01T14:14:01.738,"{""ai"":{""class"":3,""confidence"":0.59,""time_us"":671}}"
2026-02-01T14:14:05.067,"{""ai"":{""class"":3,""confidence"":0.59,""time_us"":671}}"
2026-02-01T14:14:08.353,"{""ai"":{""class"":3,""confidence"":0.59,""time_us"":671}}"
2026-02-01T14:14:11.683,"{""ai"":{""class"":3,""confidence"":0.59,""time_us"":671}}"
2026-02-01T14:14:14.968,"{""ai"":{""class"":3,""confidence"":0.59,""time_us"":671}}"
2026-02-01T14:14:18.298,"{""ai"":{""class"":3,""confidence"":0.59,""time_us"":671}}"
2026-02-01T14:14:21.583,"{""ai"":{""class"":3,""confidence"":0.59,""time_us"":671}}"
2026-02-01T14:14:24.913,"{""ai"":{""class"":3,""confidence"":0.59,""time_us"":671}}"
2026-02-01T14:14:28.198,"{""ai"":{""class"":3,""confidence"":0.59,""time_us"":671}}"
2026-02-01T14:14:31.528,"{""ai"":{""class"":3,""confidence"":0.59,""time_us"":671}}"
2026-02-01T14:14:34.813,"{""ai"":{""class"":3,""confidence"":0.59,""time_us"":671}}"
2026-02-01T14:14:38.188,"{""ai"":{""class"":3,""confidence"":0.59,""time_us"":671}}"
2026-02-01T14:14:41.428,"{""ai"":{""class"":3,""confidence"":0.59,""time_us"":671}}"
2026-02-01T14:14:44.713,"{""ai"":{""class"":3,""confidence"":0.59,""time_us"":671}}"
2026-02-01T14:14:48.043,"{""ai"":{""class"":3,""confidence"":0.59,""time_us"":671}}"
2026-02-01T14:14:51.329,"{""ai"":{""class"":3,""confidence"":0.59,""time_us"":671}}"
2026-02-01T14:14:54.659,"{""ai"":{""class"":3,""confidence"":0.59,""time_us"":671}}"
2026-02-01T14:14:57.944,"{""ai"":{""class"":3,""confidence"":0.59,""time_us"":671}}"
2026-02-01T14:15:01.274,"{""ai"":{""class"":3,""confidence"":0.59,""time_us"":671}}"
2026-02-01T14:15:04.559,"{""ai"":{""class"":3,""confidence"":0.59,""time_us"":671}}"
2026-02-01T14:15:07.889,"{""ai"":{""class"":3,""confidence"":0.59,""time_us"":671}}"
2026-02-01T14:15:11.174,"{""ai"":{""class"":3,""confidence"":0.59,""time_us"":671}}"
2026-02-01T14:15:14.459,"{""ai"":{""class"":3,""confidence"":0.59,""time_us"":671}}"
2026-02-01T14:15:17.789,"{""ai"":{""class"":3,""confidence"":0.59,""time_us"":671}}"
2026-02-01T14:15:21.074,"{""ai"":{""class"":3,""confidence"":0.59,""time_us"":671}}"
2026-02-01T14:15:24.449,"{""ai"":{""class"":3,""confidence"":0.59,""time_us"":671}}"
2026-02-01T14:15:27.689,"{""ai"":{""class"":3,""confidence"":0.59,""time_us"":671}}"
2026-02-01T14:15:31.019,"{""ai"":{""class"":3,""confidence"":0.59,""time_us"":671}}"
2026-02-01T14:15:34.304,"{""ai"":{""class"":3,""confidence"":0.59,""time_us"":671}}"
2026-02-01T14:15:37.635,"{""ai"":{""class"":3,""confidence"":0.59,""time_us"":671}}"
2026-02-01T14:15:40.919,"{""ai"":{""class"":3,""confidence"":0.59,""time_us"":671}}"
2026-02-01T14:15:44.204,"{""ai"":{""class"":3,""confidence"":0.59,""time_us"":671}}"
2026-02-01T14:15:47.534,"{""ai"":{""class"":3,""confidence"":0.59,""time_us"":671}}"
2026-02-01T14:15:50.820,"{""ai"":{""class"":3,""confidence"":0.59,""time_us"":671}}"
2026-02-01T14:15:54.150,"{""ai"":{""class"":3,""confidence"":0.59,""time_us"":671}}"
2026-02-01T14:15:57.435,"{""ai"":{""class"":3,""confidence"":0.59,""time_us"":671}}"
2026-02-01T14:16:00.809,"{""ai"":{""class"":3,""confidence"":0.59,""time_us"":671}}"
2026-02-01T14:16:04.049,"{""ai"":{""class"":3,""confidence"":0.59,""time_us"":671}}"
2026-02-01T14:16:07.380,"{""ai"":{""class"":3,""confidence"":0.59,""time_us"":671}}"
2026-02-01T14:16:10.665,"{""ai"":{""class"":3,""confidence"":0.59,""time_us"":671}}"
2026-02-01T14:16:13.995,"{""ai"":{""class"":3,""confidence"":0.59,""time_us"":671}}"
2026-02-01T14:16:17.280,"{""ai"":{""class"":3,""confidence"":0.59,""time_us"":671}}"
2026-02-01T14:16:20.565,"{""ai"":{""class"":3,""confidence"":0.59,""time_us"":671}}"
2026-02-01T14:16:23.895,"{""ai"":{""class"":3,""confidence"":0.59,""time_us"":671}}"
2026-02-01T14:16:27.180,"{""ai"":{""class"":3,""confidence"":0.59,""time_us"":671}}"
2026-02-01T14:16:30.510,"{""ai"":{""class"":3,""confidence"":0.59,""time_us"":671}}"
2026-02-01T14:16:33.794,"{""ai"":{""class"":3,""confidence"":0.59,""time_us"":671}}"
2026-02-01T14:16:37.126,"{""ai"":{""class"":3,""confidence"":0.59,""time_us"":671}}"
2026-02-01T14:16:40.411,"{""ai"":{""class"":3,""confidence"":0.59,""time_us"":671}}"
2026-02-01T14:16:43.741,"{""ai"":{""class"":3,""confidence"":0.59,""time_us"":671}}"
2026-02-01T14:16:47.026,"{""ai"":{""class"":3,""confidence"":0.59,""time_us"":671}}"
2026-02-01T14:16:50.311,"{""ai"":{""class"":3,""confidence"":0.59,""time_us"":671}}"
2026-02-01T14:16:53.641,"{""ai"":{""class"":3,""confidence"":0.59,""time_us"":671}}"
2026-02-01T14:16:56.971,"{""ai"":{""class"":3,""confidence"":0.59,""time_us"":671}}"
2026-02-01T14:17:00.256,"{""ai"":{""class"":3,""confidence"":0.59,""time_us"":671}}"
2026-02-01T14:17:03.541,"{""ai"":{""class"":3,""confidence"":0.59,""time_us"":671}}"
2026-02-01T14:17:06.871,"{""ai"":{""class"":3,""confidence"":0.59,""time_us"":671}}"
2026-02-01T14:17:10.156,"{""ai"":{""class"":3,""confidence"":0.59,""time_us"":671}}"
2026-02-01T14:17:13.486,"{""ai"":{""class"":3,""confidence"":0.59,""time_us"":671}}"
2026-02-01T14:17:16.771,"{""ai"":{""class"":3,""confidence"":0.59,""time_us"":671}}"
2026-02-01T14:17:20.101,"{""ai"":{""class"":3,""confidence"":0.59,""time_us"":671}}"
2026-02-01T14:17:23.431,"{""ai"":{""class"":3,""confidence"":0.59,""time_us"":671}}"
2026-02-01T14:17:26.671,"{""ai"":{""class"":3,""confidence"":0.59,""time_us"":671}}"
2026-02-01T14:17:30.001,"{""ai"":{""class"":3,""confidence"":0.59,""time_us"":671}}"
2026-02-01T14:17:33.286,"{""ai"":{""class"":3,""confidence"":0.59,""time_us"":671}}"
2026-02-01T14:17:36.617,"{""ai"":{""class"":3,""confidence"":0.59,""time_us"":671}}"
2026-02-01T14:17:39.902,"{""ai"":{""class"":3,""confidence"":0.59,""time_us"":671}}"
2026-02-01T14:17:43.232,"{""ai"":{""class"":3,""confidence"":0.59,""time_us"":671}}"
2026-02-01T14:17:46.517,"{""ai"":{""class"":3,""confidence"":0.59,""time_us"":671}}"
2026-02-01T14:17:49.847,"{""ai"":{""class"":3,""confidence"":0.59,""time_us"":671}}"
2026-02-01T14:17:53.132,"{""ai"":{""class"":3,""confidence"":0.59,""time_us"":671}}"
2026-02-01T14:17:56.417,"{""ai"":{""class"":3,""confidence"":0.59,""time_us"":671}}"
2026-02-01T14:17:59.747,"{""ai"":{""class"":3,""confidence"":0.59,""time_us"":671}}"
2026-02-01T14:18:03.032,"{""ai"":{""class"":3,""confidence"":0.59,""time_us"":671}}"
2026-02-01T14:18:06.362,"{""ai"":{""class"":3,""confidence"":0.59,""time_us"":671}}"
2026-02-01T14:18:09.647,"{""ai"":{""class"":3,""confidence"":0.59,""time_us"":671}}"
2026-02-01T14:18:12.977,"{""ai"":{""class"":3,""confidence"":0.59,""time_us"":671}}"
2026-02-01T14:18:16.262,"{""ai"":{""class"":3,""confidence"":0.59,""time_us"":671}}"
2026-02-01T14:18:19.592,"{""ai"":{""class"":3,""confidence"":0.59,""time_us"":671}}"
2026-02-01T14:18:22.877,"{""ai"":{""class"":3,""confidence"":0.59,""time_us"":671}}"
2026-02-01T14:18:26.207,"{""ai"":{""class"":3,""confidence"":0.59,""time_us"":671}}"
2026-02-01T14:18:29.492,"{""ai"":{""class"":3,""confidence"":0.59,""time_us"":671}}"
2026-02-01T14:18:32.776,"{""ai"":{""class"":3,""confidence"":0.59,""time_us"":671}}"
2026-02-01T14:18:36.107,"{""ai"":{""class"":3,""confidence"":0.59,""time_us"":671}}"
2026-02-01T14:18:39.392,"{""ai"":{""class"":3,""confidence"":0.59,""time_us"":671}}"
2026-02-01T14:18:42.722,"{""ai"":{""class"":3,""confidence"":0.59,""time_us"":671}}"
2026-02-01T14:18:46.052,"{""ai"":{""class"":3,""confidence"":0.59,""time_us"":671}}"
2026-02-01T14:18:49.338,"{""ai"":{""class"":3,""confidence"":0.59,""time_us"":671}}"
2026-02-01T14:18:52.622,"{""ai"":{""class"":3,""confidence"":0.59,""time_us"":671}}"
2026-02-01T14:18:55.957,"{""ai"":{""class"":3,""confidence"":0.59,""time_us"":671}}"
2026-02-01T14:18:59.238,"{""ai"":{""class"":3,""confidence"":0.59,""time_us"":671}}"
2026-02-01T14:19:02.523,"{""ai"":{""class"":3,""confidence"":0.59,""time_us"":671}}"
2026-02-01T14:19:05.853,"{""ai"":{""class"":3,""confidence"":0.59,""time_us"":671}}"
2026-02-01T14:19:09.138,"{""ai"":{""class"":3,""confidence"":0.59,""time_us"":671}}"
2026-02-01T14:19:12.467,"{""ai"":{""class"":3,""confidence"":0.59,""time_us"":671}}"
2026-02-01T14:19:15.753,"{""ai"":{""class"":3,""confidence"":0.59,""time_us"":671}}"
2026-02-01T14:19:19.083,"{""ai"":{""class"":3,""confidence"":0.59,""time_us"":671}}"
2026-02-01T14:19:22.368,"{""ai"":{""class"":3,""confidence"":0.59,""time_us"":671}}"
2026-02-01T14:19:25.698,"{""ai"":{""class"":3,""confidence"":0.59,""time_us"":671}}"
2026-02-01T14:19:28.983,"{""ai"":{""class"":3,""confidence"":0.59,""time_us"":671}}"
2026-02-01T14:19:32.313,"{""ai"":{""class"":3,""confidence"":0.59,""time_us"":671}}"
2026-02-01T14:19:35.598,"{""ai"":{""class"":3,""confidence"":0.59,""time_us"":671}}"
2026-02-01T14:19:38.883,"{""ai"":{""class"":3,""confidence"":0.59,""time_us"":671}}"
2026-02-01T14:19:42.213,"{""ai"":{""class"":3,""confidence"":0.59,""time_us"":671}}"
2026-02-01T14:19:45.498,"{""ai"":{""class"":3,""confidence"":0.59,""time_us"":671}}"
2026-02-01T14:19:48.828,"{""ai"":{""class"":3,""confidence"":0.59,""time_us"":671}}"
2026-02-01T14:19:52.114,"{""ai"":{""class"":3,""confidence"":0.59,""time_us"":671}}"
2026-02-01T14:19:55.444,"{""ai"":{""class"":3,""confidence"":0.59,""time_us"":671}}"
2026-02-01T14:19:58.729,"{""ai"":{""class"":3,""confidence"":0.59,""time_us"":671}}"
2026-02-01T14:20:02.058,"{""ai"":{""class"":3,""confidence"":0.59,""time_us"":671}}"
2026-02-01T14:20:05.344,"{""ai"":{""class"":3,""confidence"":0.59,""time_us"":671}}"
2026-02-01T14:20:08.674,"{""ai"":{""class"":3,""confidence"":0.59,""time_us"":671}}"
2026-02-01T14:20:11.959,"{""ai"":{""class"":3,""confidence"":0.59,""time_us"":671}}"
2026-02-01T14:20:15.244,"{""ai"":{""class"":3,""confidence"":0.59,""time_us"":671}}"
2026-02-01T14:20:18.578,"{""ai"":{""class"":3,""confidence"":0.59,""time_us"":671}}"
2026-02-01T14:20:21.860,"{""ai"":{""class"":3,""confidence"":0.59,""time_us"":671}}"
2026-02-01T14:20:25.189,"{""ai"":{""class"":3,""confidence"":0.59,""time_us"":671}}"
2026-02-01T14:20:28.474,"{""ai"":{""class"":3,""confidence"":0.59,""time_us"":671}}"
2026-02-01T14:20:31.803,"{""ai"":{""class"":3,""confidence"":0.59,""time_us"":671}}"
2026-02-01T14:20:35.089,"{""ai"":{""class"":3,""confidence"":0.59,""time_us"":671}}"
2026-02-01T14:20:38.419,"{""ai"":{""class"":3,""confidence"":0.59,""time_us"":671}}"
2026-02-01T14:20:41.705,"{""ai"":{""class"":3,""confidence"":0.59,""time_us"":671}}"
2026-02-01T14:20:44.989,"{""ai"":{""class"":3,""confidence"":0.59,""time_us"":671}}"
2026-02-01T14:20:48.319,"{""ai"":{""class"":3,""confidence"":0.59,""time_us"":671}}"
2026-02-01T14:20:51.604,"{""ai"":{""class"":3,""confidence"":0.59,""time_us"":671}}"
2026-02-01T14:20:54.934,"{""ai"":{""class"":3,""confidence"":0.59,""time_us"":671}}"
2026-02-01T14:20:58.219,"{""ai"":{""class"":3,""confidence"":0.59,""time_us"":671}}"
2026-02-01T14:21:01.549,"{""ai"":{""class"":3,""confidence"":0.59,""time_us"":671}}"
2026-02-01T14:21:04.835,"{""ai"":{""class"":3,""confidence"":0.59,""time_us"":671}}"
2026-02-01T14:21:08.165,"{""ai"":{""class"":3,""confidence"":0.59,""time_us"":671}}"
2026-02-01T14:21:11.450,"{""ai"":{""class"":3,""confidence"":0.59,""time_us"":671}}"
2026-02-01T14:21:14.735,"{""ai"":{""class"":3,""confidence"":0.59,""time_us"":748}}"
2026-02-01T14:21:18.065,"{""ai"":{""class"":3,""confidence"":0.59,""time_us"":671}}"
2026-02-01T14:21:21.350,"{""ai"":{""class"":3,""confidence"":0.59,""time_us"":671}}"
2026-02-01T14:21:24.680,"{""ai"":{""class"":3,""confidence"":0.59,""time_us"":671}}"
2026-02-01T14:21:27.965,"{""ai"":{""class"":3,""confidence"":0.59,""time_us"":671}}"
2026-02-01T14:21:31.295,"{""ai"":{""class"":3,""confidence"":0.59,""time_us"":671}}"
2026-02-01T14:21:34.580,"{""ai"":{""class"":3,""confidence"":0.59,""time_us"":671}}"
2026-02-01T14:21:37.909,"{""ai"":{""class"":3,""confidence"":0.59,""time_us"":671}}"
2026-02-01T14:21:41.195,"{""ai"":{""class"":3,""confidence"":0.59,""time_us"":671}}"
2026-02-01T14:21:44.525,"{""ai"":{""class"":3,""confidence"":0.59,""time_us"":671}}"
2026-02-01T14:21:47.810,"{""ai"":{""class"":3,""confidence"":0.59,""time_us"":671}}"
2026-02-01T14:21:51.096,"{""ai"":{""class"":3,""confidence"":0.59,""time_us"":671}}"
2026-02-01T14:21:54.471,"{""ai"":{""class"":3,""confidence"":0.59,""time_us"":671}}"
2026-02-01T14:21:57.711,"{""ai"":{""class"":3,""confidence"":0.59,""time_us"":671}}"
2026-02-01T14:22:01.041,"{""ai"":{""class"":3,""confidence"":0.59,""time_us"":671}}"
2026-02-01T14:22:04.326,"{""ai"":{""class"":3,""confidence"":0.59,""time_us"":671}}"
2026-02-01T14:22:07.656,"{""ai"":{""class"":3,""confidence"":0.59,""time_us"":671}}"
2026-02-01T14:22:10.939,"{""ai"":{""class"":3,""confidence"":0.59,""time_us"":671}}"
2026-02-01T14:22:14.269,"{""ai"":{""class"":3,""confidence"":0.59,""time_us"":671}}"
2026-02-01T14:22:17.556,"{""ai"":{""class"":3,""confidence"":0.59,""time_us"":671}}"
2026-02-01T14:22:20.841,"{""ai"":{""class"":3,""confidence"":0.59,""time_us"":671}}"
2026-02-01T14:22:24.171,"{""ai"":{""class"":3,""confidence"":0.59,""time_us"":671}}"
2026-02-01T14:22:27.456,"{""ai"":{""class"":3,""confidence"":0.59,""time_us"":671}}"
2026-02-01T14:22:30.786,"{""ai"":{""class"":3,""confidence"":0.59,""time_us"":671}}"
2026-02-01T14:22:34.071,"{""ai"":{""class"":3,""confidence"":0.59,""time_us"":671}}"
2026-02-01T14:22:37.401,"{""ai"":{""class"":3,""confidence"":0.59,""time_us"":671}}"
2026-02-01T14:22:40.686,"{""ai"":{""class"":3,""confidence"":0.59,""time_us"":671}}"
2026-02-01T14:22:44.016,"{""ai"":{""class"":3,""confidence"":0.59,""time_us"":671}}"
2026-02-01T14:22:47.300,"{""ai"":{""class"":3,""confidence"":0.59,""time_us"":671}}"
2026-02-01T14:22:50.631,"{""ai"":{""class"":3,""confidence"":0.59,""time_us"":671}}"
2026-02-01T14:22:53.916,"{""ai"":{""class"":3,""confidence"":0.59,""time_us"":671}}"
2026-02-01T14:22:57.201,"{""ai"":{""class"":3,""confidence"":0.59,""time_us"":671}}"
2026-02-01T14:23:00.531,"{""ai"":{""class"":3,""confidence"":0.59,""time_us"":671}}"
2026-02-01T14:23:03.816,"{""ai"":{""class"":3,""confidence"":0.59,""time_us"":671}}"
2026-02-01T14:23:07.147,"{""ai"":{""class"":3,""confidence"":0.59,""time_us"":671}}"
2026-02-01T14:23:10.431,"{""ai"":{""class"":3,""confidence"":0.59,""time_us"":671}}"
2026-02-01T14:23:13.762,"{""ai"":{""class"":3,""confidence"":0.59,""time_us"":671}}"
2026-02-01T14:23:17.046,"{""ai"":{""class"":3,""confidence"":0.59,""time_us"":671}}"
2026-02-01T14:23:20.377,"{""ai"":{""class"":3,""confidence"":0.59,""time_us"":671}}"
2026-02-01T14:23:23.662,"{""ai"":{""class"":3,""confidence"":0.59,""time_us"":671}}"
2026-02-01T14:23:26.946,"{""ai"":{""class"":3,""confidence"":0.59,""time_us"":671}}"
2026-02-01T14:23:30.277,"{""ai"":{""class"":3,""confidence"":0.59,""time_us"":671}}"
2026-02-01T14:23:33.562,"{""ai"":{""class"":3,""confidence"":0.59,""time_us"":671}}"
2026-02-01T14:23:36.892,"{""ai"":{""class"":3,""confidence"":0.59,""time_us"":671}}"
2026-02-01T14:23:40.177,"{""ai"":{""class"":3,""confidence"":0.59,""time_us"":671}}"
2026-02-01T14:23:43.507,"{""ai"":{""class"":3,""confidence"":0.59,""time_us"":671}}"
2026-02-01T14:23:46.837,"{""ai"":{""class"":3,""confidence"":0.59,""time_us"":671}}"
2026-02-01T14:23:50.122,"{""ai"":{""class"":3,""confidence"":0.59,""time_us"":671}}"
2026-02-01T14:23:53.407,"{""ai"":{""class"":3,""confidence"":0.59,""time_us"":671}}"
2026-02-01T14:23:56.737,"{""ai"":{""class"":3,""confidence"":0.59,""time_us"":671}}"
2026-02-01T14:24:00.022,"{""ai"":{""class"":3,""confidence"":0.59,""time_us"":671}}"
2026-02-01T14:24:03.307,"{""ai"":{""class"":3,""confidence"":0.59,""time_us"":671}}"
2026-02-01T14:24:06.727,"{""ai"":{""class"":3,""confidence"":0.59,""time_us"":671}}"
2026-02-01T14:24:09.922,"{""ai"":{""class"":3,""confidence"":0.59,""time_us"":671}}"
2026-02-01T14:24:13.252,"{""ai"":{""class"":3,""confidence"":0.59,""time_us"":671}}"
2026-02-01T14:24:16.537,"{""ai"":{""class"":3,""confidence"":0.59,""time_us"":671}}"
2026-02-01T14:24:19.867,"{""ai"":{""class"":3,""confidence"":0.59,""time_us"":671}}"
2026-02-01T14:24:23.152,"{""ai"":{""class"":3,""confidence"":0.59,""time_us"":671}}"
2026-02-01T14:24:26.483,"{""ai"":{""class"":3,""confidence"":0.59,""time_us"":671}}"
2026-02-01T14:24:29.813,"{""ai"":{""class"":3,""confidence"":0.59,""time_us"":671}}"
2026-02-01T14:24:33.052,"{""ai"":{""class"":3,""confidence"":0.59,""time_us"":671}}"
2026-02-01T14:24:36.428,"{""ai"":{""class"":3,""confidence"":0.59,""time_us"":671}}"
2026-02-01T14:24:39.667,"{""ai"":{""class"":3,""confidence"":0.59,""time_us"":671}}"
2026-02-01T14:24:43.043,"{""ai"":{""class"":3,""confidence"":0.59,""time_us"":671}}"
2026-02-01T14:24:46.282,"{""ai"":{""class"":3,""confidence"":0.59,""time_us"":671}}"
2026-02-01T14:24:49.613,"{""ai"":{""class"":3,""confidence"":0.59,""time_us"":671}}"
2026-02-01T14:24:52.898,"{""ai"":{""class"":3,""confidence"":0.59,""time_us"":671}}"
2026-02-01T14:24:56.228,"{""ai"":{""class"":3,""confidence"":0.59,""time_us"":671}}"
2026-02-01T14:24:59.513,"{""ai"":{""class"":3,""confidence"":0.59,""time_us"":671}}"
2026-02-01T14:25:02.843,"{""ai"":{""class"":3,""confidence"":0.59,""time_us"":671}}"
2026-02-01T14:25:06.128,"{""ai"":{""class"":3,""confidence"":0.59,""time_us"":671}}"
2026-02-01T14:25:09.413,"{""ai"":{""class"":3,""confidence"":0.59,""time_us"":671}}"
2026-02-01T14:25:12.743,"{""ai"":{""class"":3,""confidence"":0.59,""time_us"":671}}"
2026-02-01T14:25:16.028,"{""ai"":{""class"":3,""confidence"":0.59,""time_us"":671}}"
2026-02-01T14:25:19.358,"{""ai"":{""class"":3,""confidence"":0.59,""time_us"":671}}"
2026-02-01T14:25:22.643,"{""ai"":{""class"":3,""confidence"":0.59,""time_us"":671}}"
2026-02-01T14:25:25.973,"{""ai"":{""class"":3,""confidence"":0.59,""time_us"":671}}"
2026-02-01T14:25:29.257,"{""ai"":{""class"":3,""confidence"":0.59,""time_us"":671}}"
2026-02-01T14:25:32.588,"{""ai"":{""class"":3,""confidence"":0.59,""time_us"":671}}"
2026-02-01T14:25:35.874,"{""ai"":{""class"":3,""confidence"":0.59,""time_us"":671}}"
2026-02-01T14:25:39.159,"{""ai"":{""class"":3,""confidence"":0.59,""time_us"":671}}"
2026-02-01T14:25:42.489,"{""ai"":{""class"":3,""confidence"":0.59,""time_us"":671}}"
2026-02-01T14:25:45.774,"{""ai"":{""class"":2,""confidence"":1.00,""time_us"":674}}"
2026-02-01T14:25:49.104,"{""ai"":{""class"":3,""confidence"":1.00,""time_us"":637}}"
2026-02-01T14:25:52.389,"{""ai"":{""class"":3,""confidence"":0.59,""time_us"":671}}"
2026-02-01T14:25:55.763,"{""ai"":{""class"":3,""confidence"":0.45,""time_us"":673}}"
2026-02-01T14:25:59.048,"{""ai"":{""class"":3,""confidence"":0.50,""time_us"":671}}"
2026-02-01T14:26:02.334,"{""ai"":{""class"":3,""confidence"":0.59,""time_us"":671}}"
2026-02-01T14:26:05.621,"{""ai"":{""class"":3,""confidence"":0.59,""time_us"":671}}"
2026-02-01T14:26:09.039,"{""ai"":{""class"":3,""confidence"":0.59,""time_us"":671}}"
2026-02-01T14:26:12.234,"{""ai"":{""class"":3,""confidence"":0.59,""time_us"":671}}"
2026-02-01T14:26:15.519,"{""ai"":{""class"":3,""confidence"":0.59,""time_us"":671}}"
2026-02-01T14:27:00.745,"{""ai"":{""class"":3,""confidence"":0.71,""time_us"":673}}"
2026-02-01T14:27:04.030,"{""ai"":{""class"":1,""confidence"":1.00,""time_us"":639}}"
2026-02-01T14:27:07.360,"{""ai"":{""class"":1,""confidence"":1.00,""time_us"":637}}"
2026-02-01T14:27:10.645,"{""ai"":{""class"":1,""confidence"":1.00,""time_us"":638}}"
2026-02-01T14:27:13.975,"{""ai"":{""class"":1,""confidence"":0.99,""time_us"":654}}"
2026-02-01T14:27:17.260,"{""ai"":{""class"":1,""confidence"":0.93,""time_us"":655}}"
2026-02-01T14:27:20.590,"{""ai"":{""class"":0,""confidence"":0.98,""time_us"":656}}"
2026-02-01T14:27:23.875,"{""ai"":{""class"":3,""confidence"":0.79,""time_us"":674}}"
2026-02-01T14:27:27.205,"{""ai"":{""class"":3,""confidence"":0.79,""time_us"":674}}"
2026-02-01T14:27:30.490,"{""ai"":{""class"":3,""confidence"":0.79,""time_us"":674}}"
2026-02-01T14:27:33.820,"{""ai"":{""class"":3,""confidence"":0.79,""time_us"":674}}"
2026-02-01T14:27:37.105,"{""ai"":{""class"":1,""confidence"":1.00,""time_us"":657}}"
2026-02-01T14:27:40.390,"{""ai"":{""class"":3,""confidence"":1.00,""time_us"":619}}"
2026-02-01T14:27:43.721,"{""ai"":{""class"":3,""confidence"":1.00,""time_us"":673}}"
2026-02-01T14:27:47.006,"{""ai"":{""class"":3,""confidence"":0.95,""time_us"":655}}"
2026-02-01T14:27:50.336,"{""ai"":{""class"":3,""confidence"":1.00,""time_us"":620}}"
2026-02-01T14:27:53.621,"{""ai"":{""class"":3,""confidence"":1.00,""time_us"":620}}"
2026-02-01T14:27:56.951,"{""ai"":{""class"":3,""confidence"":1.00,""time_us"":620}}"
2026-02-01T14:28:00.236,"{""ai"":{""class"":3,""confidence"":1.00,""time_us"":620}}"
2026-02-01T14:28:03.565,"{""ai"":{""class"":3,""confidence"":1.00,""time_us"":620}}"
2026-02-01T14:28:06.851,"{""ai"":{""class"":3,""confidence"":1.00,""time_us"":619}}"
2026-02-01T14:28:10.136,"{""ai"":{""class"":3,""confidence"":1.00,""time_us"":619}}"
2026-02-01T14:28:13.466,"{""ai"":{""class"":3,""confidence"":1.00,""time_us"":655}}"
2026-02-01T14:28:16.750,"{""ai"":{""class"":3,""confidence"":1.00,""time_us"":674}}"
2026-02-01T14:28:20.081,"{""ai"":{""class"":3,""confidence"":1.00,""time_us"":619}}"
2026-02-01T14:28:23.366,"{""ai"":{""class"":3,""confidence"":1.00,""time_us"":620}}"
2026-02-01T14:28:26.741,"{""ai"":{""class"":3,""confidence"":1.00,""time_us"":620}}"
2026-02-01T14:28:29.981,"{""ai"":{""class"":3,""confidence"":1.00,""time_us"":620}}"
2026-02-01T14:28:33.311,"{""ai"":{""class"":3,""confidence"":1.00,""time_us"":620}}"
2026-02-01T14:28:36.596,"{""ai"":{""class"":3,""confidence"":1.00,""time_us"":638}}"
2026-02-01T14:28:39.926,"{""ai"":{""class"":2,""confidence"":0.91,""time_us"":673}}"
2026-02-01T14:28:43.211,"{""ai"":{""class"":3,""confidence"":1.00,""time_us"":638}}"
2026-02-01T14:28:46.496,"{""ai"":{""class"":3,""confidence"":1.00,""time_us"":620}}"
2026-02-01T14:28:49.826,"{""ai"":{""class"":3,""confidence"":1.00,""time_us"":620}}"
2026-02-01T14:28:53.111,"{""ai"":{""class"":3,""confidence"":1.00,""time_us"":620}}"
2026-02-01T14:28:56.441,"{""ai"":{""class"":3,""confidence"":1.00,""time_us"":620}}"
2026-02-01T14:28:59.727,"{""ai"":{""class"":3,""confidence"":1.00,""time_us"":638}}"
2026-02-01T14:29:03.057,"{""ai"":{""class"":3,""confidence"":1.00,""time_us"":654}}"
2026-02-01T14:29:06.342,"{""ai"":{""class"":3,""confidence"":0.97,""time_us"":673}}"
2026-02-01T14:29:09.672,"{""ai"":{""class"":3,""confidence"":0.98,""time_us"":675}}"
2026-02-01T14:29:12.956,"{""ai"":{""class"":3,""confidence"":1.00,""time_us"":674}}"
2026-02-01T14:29:16.242,"{""ai"":{""class"":1,""confidence"":0.74,""time_us"":673}}"
2026-02-01T14:29:19.662,"{""ai"":{""class"":1,""confidence"":0.88,""time_us"":673}}"
2026-02-01T14:29:22.857,"{""ai"":{""class"":1,""confidence"":1.00,""time_us"":654}}"
2026-02-01T14:29:26.187,"{""ai"":{""class"":1,""confidence"":1.00,""time_us"":655}}"
2026-02-01T14:29:29.472,"{""ai"":{""class"":1,""confidence"":0.53,""time_us"":656}}"
2026-02-01T14:29:32.802,"{""ai"":{""class"":3,""confidence"":1.00,""time_us"":637}}"
2026-02-01T14:29:36.087,"{""ai"":{""class"":3,""confidence"":1.00,""time_us"":638}}"
2026-02-01T14:29:39.417,"{""ai"":{""class"":3,""confidence"":1.00,""time_us"":637}}"
2026-02-01T14:29:42.702,"{""ai"":{""class"":3,""confidence"":1.00,""time_us"":637}}"
2026-02-01T14:29:46.032,"{""ai"":{""class"":3,""confidence"":0.93,""time_us"":655}}"
2026-02-01T14:29:49.362,"{""ai"":{""class"":3,""confidence"":0.57,""time_us"":673}}"
2026-02-01T14:29:52.601,"{""ai"":{""class"":3,""confidence"":1.00,""time_us"":638}}"
2026-02-01T14:29:55.977,"{""ai"":{""class"":3,""confidence"":1.00,""time_us"":674}}"
2026-02-01T14:29:59.217,"{""ai"":{""class"":3,""confidence"":0.99,""time_us"":672}}"
2026-02-01T14:30:02.547,"{""ai"":{""class"":3,""confidence"":1.00,""time_us"":655}}"
2026-02-01T14:30:05.831,"{""ai"":{""class"":3,""confidence"":0.97,""time_us"":673}}"
2026-02-01T14:30:09.162,"{""ai"":{""class"":3,""confidence"":0.93,""time_us"":671}}"
2026-02-01T14:30:12.448,"{""ai"":{""class"":3,""confidence"":1.00,""time_us"":619}}"
2026-02-01T14:30:15.822,"{""ai"":{""class"":3,""confidence"":1.00,""time_us"":620}}"
2026-02-01T14:30:19.062,"{""ai"":{""class"":3,""confidence"":1.00,""time_us"":620}}"
2026-02-01T14:30:22.347,"{""ai"":{""class"":3,""confidence"":1.00,""time_us"":620}}"
2026-02-01T14:30:25.678,"{""ai"":{""class"":3,""confidence"":1.00,""time_us"":620}}"
2026-02-01T14:30:28.963,"{""ai"":{""class"":3,""confidence"":1.00,""time_us"":620}}"
2026-02-01T14:30:32.293,"{""ai"":{""class"":3,""confidence"":1.00,""time_us"":620}}"
2026-02-01T14:30:35.578,"{""ai"":{""class"":3,""confidence"":1.00,""time_us"":620}}"
2026-02-01T14:30:38.908,"{""ai"":{""class"":3,""confidence"":1.00,""time_us"":620}}"
2026-02-01T14:30:42.193,"{""ai"":{""class"":3,""confidence"":1.00,""time_us"":620}}"
2026-02-01T14:30:45.523,"{""ai"":{""class"":3,""confidence"":1.00,""time_us"":620}}"
2026-02-01T14:30:48.852,"{""ai"":{""class"":3,""confidence"":1.00,""time_us"":620}}"
2026-02-01T14:30:52.138,"{""ai"":{""class"":3,""confidence"":1.00,""time_us"":654}}"
2026-02-01T14:30:55.423,"{""ai"":{""class"":3,""confidence"":1.00,""time_us"":620}}"
2026-02-01T14:30:58.753,"{""ai"":{""class"":3,""confidence"":1.00,""time_us"":620}}"
2026-02-01T14:31:02.038,"{""ai"":{""class"":3,""confidence"":1.00,""time_us"":620}}"
2026-02-01T14:31:05.323,"{""ai"":{""class"":3,""confidence"":1.00,""time_us"":619}}"
2026-02-01T14:31:08.653,"{""ai"":{""class"":3,""confidence"":1.00,""time_us"":656}}"
2026-02-01T14:31:12.028,"{""ai"":{""class"":3,""confidence"":1.00,""time_us"":637}}"
2026-02-01T14:31:15.267,"{""ai"":{""class"":3,""confidence"":1.00,""time_us"":638}}"
2026-02-01T14:31:18.598,"{""ai"":{""class"":3,""confidence"":1.00,""time_us"":638}}"
2026-02-01T14:31:21.882,"{""ai"":{""class"":3,""confidence"":1.00,""time_us"":637}}"
2026-02-01T14:31:25.169,"{""ai"":{""class"":3,""confidence"":1.00,""time_us"":619}}"
2026-02-01T14:31:28.452,"{""ai"":{""class"":3,""confidence"":1.00,""time_us"":637}}"
2026-02-01T14:31:31.783,"{""ai"":{""class"":3,""confidence"":1.00,""time_us"":619}}"
2026-02-01T14:31:35.069,"{""ai"":{""class"":3,""confidence"":1.00,""time_us"":620}}"
2026-02-01T14:31:38.398,"{""ai"":{""class"":3,""confidence"":1.00,""time_us"":620}}"
2026-02-01T14:31:41.682,"{""ai"":{""class"":3,""confidence"":1.00,""time_us"":638}}"
2026-02-01T14:31:45.013,"{""ai"":{""class"":1,""confidence"":1.00,""time_us"":637}}"
2026-02-01T14:31:48.298,"{""ai"":{""class"":3,""confidence"":1.00,""time_us"":619}}"
2026-02-01T14:31:51.629,"{""ai"":{""class"":3,""confidence"":0.91,""time_us"":673}}"
2026-02-01T14:31:54.913,"{""ai"":{""class"":3,""confidence"":1.00,""time_us"":620}}"
2026-02-01T14:31:58.244,"{""ai"":{""class"":3,""confidence"":0.73,""time_us"":676}}"
2026-02-01T14:32:01.529,"{""ai"":{""class"":1,""confidence"":1.00,""time_us"":675}}"
2026-02-01T14:32:04.813,"{""ai"":{""class"":0,""confidence"":0.96,""time_us"":637}}"
2026-02-01T14:32:08.144,"{""ai"":{""class"":3,""confidence"":1.00,""time_us"":637}}"
2026-02-01T14:32:11.428,"{""ai"":{""class"":2,""confidence"":1.00,""time_us"":637}}"
2026-02-01T14:32:14.804,"{""ai"":{""class"":2,""confidence"":1.00,""time_us"":637}}"
2026-02-01T14:32:18.044,"{""ai"":{""class"":0,""confidence"":0.77,""time_us"":672}}"
2026-02-01T14:32:21.375,"{""ai"":{""class"":2,""confidence"":0.99,""time_us"":675}}"
2026-02-01T14:32:24.659,"{""ai"":{""class"":0,""confidence"":0.88,""time_us"":639}}"
2026-02-01T14:32:27.989,"{""ai"":{""class"":0,""confidence"":0.98,""time_us"":671}}"
2026-02-01T14:32:31.274,"{""ai"":{""class"":1,""confidence"":1.00,""time_us"":673}}"
2026-02-01T14:32:34.649,"{""ai"":{""class"":2,""confidence"":0.98,""time_us"":674}}"
2026-02-01T14:32:37.888,"{""ai"":{""class"":3,""confidence"":0.79,""time_us"":674}}"
2026-02-01T14:32:41.174,"{""ai"":{""class"":3,""confidence"":0.79,""time_us"":674}}"
2026-02-01T14:32:44.504,"{""ai"":{""class"":3,""confidence"":0.79,""time_us"":674}}"
2026-02-01T14:32:47.790,"{""ai"":{""class"":2,""confidence"":0.86,""time_us"":674}}"
2026-02-01T14:32:51.120,"{""ai"":{""class"":3,""confidence"":0.79,""time_us"":674}}"
2026-02-01T14:32:54.404,"{""ai"":{""class"":3,""confidence"":0.79,""time_us"":674}}"
2026-02-01T14:32:57.734,"{""ai"":{""class"":3,""confidence"":0.79,""time_us"":674}}"
2026-02-01T14:33:01.020,"{""ai"":{""class"":3,""confidence"":0.79,""time_us"":674}}"
2026-02-01T14:33:04.393,"{""ai"":{""class"":3,""confidence"":0.79,""time_us"":674}}"
2026-02-01T14:33:07.633,"{""ai"":{""class"":3,""confidence"":0.79,""time_us"":674}}"
2026-02-01T14:33:10.964,"{""ai"":{""class"":3,""confidence"":0.79,""time_us"":674}}"
2026-02-01T14:33:14.250,"{""ai"":{""class"":3,""confidence"":0.79,""time_us"":674}}"
2026-02-01T14:33:17.535,"{""ai"":{""class"":3,""confidence"":0.79,""time_us"":674}}"
2026-02-01T14:33:20.865,"{""ai"":{""class"":3,""confidence"":0.79,""time_us"":674}}"
2026-02-01T14:33:24.150,"{""ai"":{""class"":3,""confidence"":0.79,""time_us"":674}}"
2026-02-01T14:33:27.479,"{""ai"":{""class"":3,""confidence"":0.79,""time_us"":674}}"
2026-02-01T14:33:30.764,"{""ai"":{""class"":3,""confidence"":0.79,""time_us"":674}}"
2026-02-01T14:33:34.094,"{""ai"":{""class"":3,""confidence"":0.79,""time_us"":674}}"
2026-02-01T14:33:37.379,"{""ai"":{""class"":3,""confidence"":0.79,""time_us"":674}}"
2026-02-01T14:33:40.709,"{""ai"":{""class"":3,""confidence"":0.79,""time_us"":674}}"
2026-02-01T14:33:43.994,"{""ai"":{""class"":3,""confidence"":0.79,""time_us"":674}}"
2026-02-01T14:33:47.370,"{""ai"":{""class"":3,""confidence"":0.79,""time_us"":674}}"
2026-02-01T14:33:50.610,"{""ai"":{""class"":3,""confidence"":0.79,""time_us"":674}}"
2026-02-01T14:33:53.894,"{""ai"":{""class"":3,""confidence"":0.79,""time_us"":674}}"
2026-02-01T14:33:57.270,"{""ai"":{""class"":3,""confidence"":0.79,""time_us"":674}}"
2026-02-01T14:34:00.509,"{""ai"":{""class"":3,""confidence"":0.79,""time_us"":674}}"
2026-02-01T14:34:03.839,"{""ai"":{""class"":3,""confidence"":0.79,""time_us"":674}}"
2026-02-01T14:34:07.125,"{""ai"":{""class"":3,""confidence"":0.79,""time_us"":674}}"
2026-02-01T14:34:10.454,"{""ai"":{""class"":3,""confidence"":0.79,""time_us"":674}}"
2026-02-01T14:34:13.740,"{""ai"":{""class"":3,""confidence"":0.79,""time_us"":674}}"
2026-02-01T14:34:17.070,"{""ai"":{""class"":3,""confidence"":0.79,""time_us"":674}}"
2026-02-01T14:34:20.354,"{""ai"":{""class"":3,""confidence"":0.79,""time_us"":674}}"
2026-02-01T14:34:23.686,"{""ai"":{""class"":3,""confidence"":0.79,""time_us"":674}}"
2026-02-01T14:34:26.969,"{""ai"":{""class"":3,""confidence"":0.79,""time_us"":674}}"
2026-02-01T14:34:30.256,"{""ai"":{""class"":3,""confidence"":0.79,""time_us"":674}}"
2026-02-01T14:34:33.587,"{""ai"":{""class"":3,""confidence"":0.79,""time_us"":674}}"
2026-02-01T14:34:36.870,"{""ai"":{""class"":3,""confidence"":0.79,""time_us"":674}}"
2026-02-01T14:34:40.200,"{""ai"":{""class"":3,""confidence"":0.79,""time_us"":674}}"
2026-02-01T14:34:43.485,"{""ai"":{""class"":3,""confidence"":0.79,""time_us"":674}}"
2026-02-01T14:34:46.816,"{""ai"":{""class"":3,""confidence"":0.79,""time_us"":674}}"
2026-02-01T14:34:50.100,"{""ai"":{""class"":3,""confidence"":0.79,""time_us"":674}}"
2026-02-01T14:34:53.431,"{""ai"":{""class"":3,""confidence"":0.79,""time_us"":674}}"
2026-02-01T14:34:56.715,"{""ai"":{""class"":3,""confidence"":0.79,""time_us"":674}}"
2026-02-01T14:35:00.048,"{""ai"":{""class"":3,""confidence"":0.79,""time_us"":674}}"
2026-02-01T14:35:03.330,"{""ai"":{""class"":3,""confidence"":0.79,""time_us"":674}}"
2026-02-01T14:35:06.615,"{""ai"":{""class"":3,""confidence"":0.79,""time_us"":674}}"
2026-02-01T14:35:09.945,"{""ai"":{""class"":3,""confidence"":0.79,""time_us"":674}}"
2026-02-01T14:35:13.230,"{""ai"":{""class"":3,""confidence"":0.79,""time_us"":674}}"
2026-02-01T14:35:16.560,"{""ai"":{""class"":3,""confidence"":0.79,""time_us"":674}}"
2026-02-01T14:35:19.891,"{""ai"":{""class"":3,""confidence"":0.79,""time_us"":674}}"
2026-02-01T14:35:23.176,"{""ai"":{""class"":3,""confidence"":0.79,""time_us"":674}}"
2026-02-01T14:35:26.461,"{""ai"":{""class"":3,""confidence"":0.79,""time_us"":674}}"
2026-02-01T14:35:29.795,"{""ai"":{""class"":3,""confidence"":0.79,""time_us"":674}}"
2026-02-01T14:35:33.075,"{""ai"":{""class"":3,""confidence"":0.79,""time_us"":674}}"
2026-02-01T14:35:36.360,"{""ai"":{""class"":3,""confidence"":0.79,""time_us"":674}}"
2026-02-01T14:35:39.692,"{""ai"":{""class"":3,""confidence"":0.79,""time_us"":674}}"
2026-02-01T14:35:42.976,"{""ai"":{""class"":3,""confidence"":0.79,""time_us"":674}}"
2026-02-01T14:35:46.305,"{""ai"":{""class"":3,""confidence"":0.79,""time_us"":674}}"
2026-02-01T14:35:49.591,"{""ai"":{""class"":3,""confidence"":0.79,""time_us"":674}}"
2026-02-01T14:35:52.922,"{""ai"":{""class"":3,""confidence"":0.79,""time_us"":674}}"
2026-02-01T14:35:56.207,"{""ai"":{""class"":3,""confidence"":0.79,""time_us"":674}}"
2026-02-01T14:35:59.537,"{""ai"":{""class"":3,""confidence"":0.79,""time_us"":674}}"
2026-02-01T14:36:02.822,"{""ai"":{""class"":3,""confidence"":0.79,""time_us"":674}}"
2026-02-01T14:36:06.152,"{""ai"":{""class"":3,""confidence"":0.79,""time_us"":674}}"
2026-02-01T14:36:09.436,"{""ai"":{""class"":3,""confidence"":0.79,""time_us"":674}}"
2026-02-01T14:36:12.721,"{""ai"":{""class"":3,""confidence"":0.79,""time_us"":674}}"
2026-02-01T14:36:16.051,"{""ai"":{""class"":3,""confidence"":0.79,""time_us"":674}}"
2026-02-01T14:36:19.337,"{""ai"":{""class"":3,""confidence"":0.79,""time_us"":674}}"
2026-02-01T14:36:22.666,"{""ai"":{""class"":3,""confidence"":0.79,""time_us"":674}}"
2026-02-01T14:36:25.951,"{""ai"":{""class"":3,""confidence"":0.79,""time_us"":674}}"
2026-02-01T14:36:29.281,"{""ai"":{""class"":3,""confidence"":0.79,""time_us"":674}}"
2026-02-01T14:36:32.566,"{""ai"":{""class"":3,""confidence"":0.79,""time_us"":674}}"
2026-02-01T14:36:35.899,"{""ai"":{""class"":3,""confidence"":0.79,""time_us"":674}}"
2026-02-01T14:36:39.181,"{""ai"":{""class"":3,""confidence"":0.79,""time_us"":674}}"
2026-02-01T14:36:42.514,"{""ai"":{""class"":3,""confidence"":0.79,""time_us"":674}}"
2026-02-01T14:36:45.797,"{""ai"":{""class"":3,""confidence"":0.79,""time_us"":674}}"
2026-02-01T14:36:49.081,"{""ai"":{""class"":3,""confidence"":0.79,""time_us"":674}}"
2026-02-01T14:36:52.502,"{""ai"":{""class"":3,""confidence"":0.79,""time_us"":674}}"
2026-02-01T14:36:55.696,"{""ai"":{""class"":3,""confidence"":0.79,""time_us"":674}}"
2026-02-01T14:36:59.026,"{""ai"":{""class"":3,""confidence"":0.79,""time_us"":674}}"
2026-02-01T14:37:02.311,"{""ai"":{""class"":3,""confidence"":0.79,""time_us"":674}}"
2026-02-01T14:37:05.642,"{""ai"":{""class"":3,""confidence"":0.79,""time_us"":674}}"
2026-02-01T14:37:08.927,"{""ai"":{""class"":3,""confidence"":0.79,""time_us"":674}}"
2026-02-01T14:37:12.256,"{""ai"":{""class"":3,""confidence"":0.79,""time_us"":674}}"
2026-02-01T14:37:15.541,"{""ai"":{""class"":3,""confidence"":0.79,""time_us"":674}}"
2026-02-01T14:37:18.873,"{""ai"":{""class"":3,""confidence"":0.79,""time_us"":674}}"
2026-02-01T14:37:22.158,"{""ai"":{""class"":3,""confidence"":0.79,""time_us"":673}}"
2026-02-01T14:37:25.442,"{""ai"":{""class"":3,""confidence"":0.79,""time_us"":674}}"
2026-02-01T14:37:28.773,"{""ai"":{""class"":3,""confidence"":0.79,""time_us"":674}}"
2026-02-01T14:37:32.057,"{""ai"":{""class"":3,""confidence"":0.79,""time_us"":674}}"
2026-02-01T14:37:35.387,"{""ai"":{""class"":3,""confidence"":0.79,""time_us"":674}}"
2026-02-01T14:37:38.672,"{""ai"":{""class"":3,""confidence"":0.79,""time_us"":674}}"
2026-02-01T14:37:42.002,"{""ai"":{""class"":3,""confidence"":0.79,""time_us"":674}}"
2026-02-01T14:37:45.290,"{""ai"":{""class"":3,""confidence"":0.79,""time_us"":674}}"
2026-02-01T14:37:48.620,"{""ai"":{""class"":3,""confidence"":0.79,""time_us"":674}}"
2026-02-01T14:37:51.902,"{""ai"":{""class"":3,""confidence"":0.79,""time_us"":674}}"
2026-02-01T14:37:55.232,"{""ai"":{""class"":3,""confidence"":0.79,""time_us"":674}}"
2026-02-01T14:37:58.517,"{""ai"":{""class"":3,""confidence"":0.79,""time_us"":674}}"
2026-02-01T14:38:01.802,"{""ai"":{""class"":3,""confidence"":0.79,""time_us"":674}}"
2026-02-01T14:38:05.132,"{""ai"":{""class"":3,""confidence"":0.79,""time_us"":674}}"
2026-02-01T14:38:08.419,"{""ai"":{""class"":3,""confidence"":0.79,""time_us"":674}}"
2026-02-01T14:38:11.748,"{""ai"":{""class"":3,""confidence"":0.79,""time_us"":674}}"
2026-02-01T14:38:15.122,"{""ai"":{""class"":3,""confidence"":0.79,""time_us"":674}}"
2026-02-01T14:38:18.453,"{""ai"":{""class"":3,""confidence"":0.79,""time_us"":674}}"
2026-02-01T14:38:21.649,"{""ai"":{""class"":3,""confidence"":0.79,""time_us"":674}}"
2026-02-01T14:38:24.978,"{""ai"":{""class"":3,""confidence"":0.79,""time_us"":674}}"
2026-02-01T14:38:28.263,"{""ai"":{""class"":3,""confidence"":0.79,""time_us"":674}}"
2026-02-01T14:38:31.593,"{""ai"":{""class"":3,""confidence"":0.79,""time_us"":674}}"
2026-02-01T14:38:34.923,"{""ai"":{""class"":3,""confidence"":0.79,""time_us"":674}}"
2026-02-01T14:38:38.162,"{""ai"":{""class"":3,""confidence"":0.79,""time_us"":674}}"
2026-02-01T14:38:41.493,"{""ai"":{""class"":3,""confidence"":0.79,""time_us"":674}}"
2026-02-01T14:38:44.777,"{""ai"":{""class"":3,""confidence"":0.79,""time_us"":674}}"
2026-02-01T14:38:48.108,"{""ai"":{""class"":3,""confidence"":0.79,""time_us"":674}}"
2026-02-01T14:38:51.439,"{""ai"":{""class"":3,""confidence"":0.79,""time_us"":674}}"
2026-02-01T14:38:54.724,"{""ai"":{""class"":3,""confidence"":0.79,""time_us"":673}}"
2026-02-01T14:38:58.008,"{""ai"":{""class"":3,""confidence"":0.79,""time_us"":674}}"
2026-02-01T14:39:01.339,"{""ai"":{""class"":3,""confidence"":0.79,""time_us"":674}}"
2026-02-01T14:39:04.624,"{""ai"":{""class"":3,""confidence"":0.79,""time_us"":674}}"
2026-02-01T14:39:07.953,"{""ai"":{""class"":3,""confidence"":0.79,""time_us"":674}}"
2026-02-01T14:39:11.239,"{""ai"":{""class"":3,""confidence"":0.79,""time_us"":674}}"
2026-02-01T14:39:14.525,"{""ai"":{""class"":3,""confidence"":0.79,""time_us"":674}}"
2026-02-01T14:39:17.853,"{""ai"":{""class"":3,""confidence"":0.79,""time_us"":674}}"
2026-02-01T14:39:21.138,"{""ai"":{""class"":3,""confidence"":0.79,""time_us"":674}}"
2026-02-01T14:39:24.468,"{""ai"":{""class"":3,""confidence"":0.79,""time_us"":674}}"
2026-02-01T14:39:27.754,"{""ai"":{""class"":3,""confidence"":0.79,""time_us"":674}}"
2026-02-01T14:39:31.085,"{""ai"":{""class"":3,""confidence"":0.79,""time_us"":674}}"
2026-02-01T14:39:34.369,"{""ai"":{""class"":3,""confidence"":0.79,""time_us"":674}}"
2026-02-01T14:39:37.744,"{""ai"":{""class"":3,""confidence"":0.79,""time_us"":674}}"
2026-02-01T14:39:40.985,"{""ai"":{""class"":3,""confidence"":0.79,""time_us"":674}}"
2026-02-01T14:39:44.313,"{""ai"":{""class"":3,""confidence"":0.79,""time_us"":674}}"
2026-02-01T14:39:47.598,"{""ai"":{""class"":3,""confidence"":0.79,""time_us"":674}}"
2026-02-01T14:39:50.883,"{""ai"":{""class"":3,""confidence"":0.79,""time_us"":674}}"
2026-02-01T14:39:54.213,"{""ai"":{""class"":3,""confidence"":0.79,""time_us"":674}}"
2026-02-01T14:39:57.500,"{""ai"":{""class"":3,""confidence"":0.79,""time_us"":674}}"
2026-02-01T14:40:00.873,"{""ai"":{""class"":3,""confidence"":0.81,""time_us"":674}}"
2026-02-01T14:40:04.114,"{""ai"":{""class"":3,""confidence"":0.79,""time_us"":674}}"
2026-02-01T14:40:07.444,"{""ai"":{""class"":3,""confidence"":0.79,""time_us"":674}}"
2026-02-01T14:40:10.774,"{""ai"":{""class"":3,""confidence"":0.79,""time_us"":674}}"
2026-02-01T14:40:14.059,"{""ai"":{""class"":3,""confidence"":0.79,""time_us"":674}}"
2026-02-01T14:40:17.346,"{""ai"":{""class"":3,""confidence"":0.79,""time_us"":674}}"
2026-02-01T14:40:20.629,"{""ai"":{""class"":3,""confidence"":0.79,""time_us"":674}}"
2026-02-01T14:40:23.959,"{""ai"":{""class"":3,""confidence"":0.79,""time_us"":674}}"
2026-02-01T14:40:27.244,"{""ai"":{""class"":3,""confidence"":0.79,""time_us"":674}}"
2026-02-01T14:40:30.575,"{""ai"":{""class"":3,""confidence"":0.79,""time_us"":674}}"
2026-02-01T14:40:33.859,"{""ai"":{""class"":3,""confidence"":0.79,""time_us"":674}}"
2026-02-01T14:40:37.189,"{""ai"":{""class"":3,""confidence"":0.79,""time_us"":674}}"
2026-02-01T14:40:40.474,"{""ai"":{""class"":3,""confidence"":0.79,""time_us"":674}}"
2026-02-01T14:40:43.804,"{""ai"":{""class"":3,""confidence"":0.79,""time_us"":674}}"
2026-02-01T14:40:47.089,"{""ai"":{""class"":3,""confidence"":0.79,""time_us"":674}}"
2026-02-01T14:40:50.419,"{""ai"":{""class"":3,""confidence"":0.79,""time_us"":674}}"
2026-02-01T14:40:53.704,"{""ai"":{""class"":3,""confidence"":0.79,""time_us"":674}}"
2026-02-01T14:40:56.991,"{""ai"":{""class"":3,""confidence"":0.79,""time_us"":674}}"
2026-02-01T14:41:00.364,"{""ai"":{""class"":3,""confidence"":0.79,""time_us"":674}}"
2026-02-01T14:41:03.605,"{""ai"":{""class"":3,""confidence"":0.79,""time_us"":674}}"
2026-02-01T14:41:06.936,"{""ai"":{""class"":3,""confidence"":0.79,""time_us"":674}}"
2026-02-01T14:41:10.220,"{""ai"":{""class"":3,""confidence"":0.79,""time_us"":674}}"
2026-02-01T14:41:13.550,"{""ai"":{""class"":2,""confidence"":1.00,""time_us"":638}}"
2026-02-01T14:41:16.835,"{""ai"":{""class"":2,""confidence"":1.00,""time_us"":674}}"
2026-02-01T14:41:20.168,"{""ai"":{""class"":2,""confidence"":1.00,""time_us"":638}}"
2026-02-01T14:41:23.450,"{""ai"":{""class"":2,""confidence"":1.00,""time_us"":621}}"
2026-02-01T14:41:26.780,"{""ai"":{""class"":3,""confidence"":0.83,""time_us"":672}}"
2026-02-01T14:41:30.065,"{""ai"":{""class"":3,""confidence"":0.81,""time_us"":675}}"
2026-02-01T14:42:10.701,"{""ai"":{""class"":3,""confidence"":0.79,""time_us"":674}}"
2026-02-01T14:42:14.031,"{""ai"":{""class"":3,""confidence"":0.79,""time_us"":674}}"
2026-02-01T14:42:17.361,"{""ai"":{""class"":3,""confidence"":0.79,""time_us"":674}}"
2026-02-01T14:42:20.646,"{""ai"":{""class"":3,""confidence"":0.79,""time_us"":674}}"
2026-02-01T14:42:23.931,"{""ai"":{""class"":3,""confidence"":0.79,""time_us"":674}}"
2026-02-01T14:42:27.262,"{""ai"":{""class"":3,""confidence"":0.79,""time_us"":674}}"
2026-02-01T14:42:30.592,"{""ai"":{""class"":3,""confidence"":0.79,""time_us"":674}}"
2026-02-01T14:42:33.876,"{""ai"":{""class"":3,""confidence"":0.79,""time_us"":674}}"
2026-02-01T14:42:37.169,"{""ai"":{""class"":3,""confidence"":0.79,""time_us"":674}}"
2026-02-01T14:42:40.446,"{""ai"":{""class"":3,""confidence"":0.79,""time_us"":674}}"
2026-02-01T14:42:43.777,"{""ai"":{""class"":3,""confidence"":0.79,""time_us"":674}}"
2026-02-01T14:42:47.062,"{""ai"":{""class"":3,""confidence"":0.79,""time_us"":674}}"
2026-02-01T14:42:50.390,"{""ai"":{""class"":3,""confidence"":0.79,""time_us"":674}}"
2026-02-01T14:42:53.677,"{""ai"":{""class"":3,""confidence"":0.79,""time_us"":674}}"
2026-02-01T14:42:57.006,"{""ai"":{""class"":3,""confidence"":0.79,""time_us"":674}}"
2026-02-01T14:43:00.291,"{""ai"":{""class"":3,""confidence"":0.79,""time_us"":674}}"
2026-02-01T14:43:03.621,"{""ai"":{""class"":3,""confidence"":0.79,""time_us"":674}}"
2026-02-01T14:43:06.950,"{""ai"":{""class"":3,""confidence"":0.79,""time_us"":674}}"
2026-02-01T14:43:10.238,"{""ai"":{""class"":3,""confidence"":0.79,""time_us"":674}}"
2026-02-01T14:43:13.522,"{""ai"":{""class"":3,""confidence"":0.79,""time_us"":674}}"
2026-02-01T14:43:16.807,"{""ai"":{""class"":3,""confidence"":0.79,""time_us"":674}}"
2026-02-01T14:43:20.138,"{""ai"":{""class"":3,""confidence"":0.79,""time_us"":674}}"
2026-02-01T14:43:23.422,"{""ai"":{""class"":3,""confidence"":0.79,""time_us"":674}}"
2026-02-01T14:43:26.752,"{""ai"":{""class"":3,""confidence"":0.79,""time_us"":674}}"
2026-02-01T14:43:30.037,"{""ai"":{""class"":3,""confidence"":0.79,""time_us"":674}}"
2026-02-01T14:43:33.367,"{""ai"":{""class"":3,""confidence"":0.79,""time_us"":674}}"
2026-02-01T14:43:36.652,"{""ai"":{""class"":3,""confidence"":0.79,""time_us"":674}}"
2026-02-01T14:43:40.027,"{""ai"":{""class"":3,""confidence"":0.79,""time_us"":674}}"
2026-02-01T14:43:43.267,"{""ai"":{""class"":3,""confidence"":0.79,""time_us"":674}}"
2026-02-01T14:43:46.551,"{""ai"":{""class"":3,""confidence"":0.79,""time_us"":674}}"
2026-02-01T14:43:48.082,"{""status"":""success"",""msg"":""bmi270 calibrated"",""offsets"":{""accel"":{""x"":0.05,""y"":0.00,""z"":-8.23},""gyro"":{""x"":0.00,""y"":0.00,""z"":0.00}}}"
2026-02-01T14:43:49.882,"{""ai"":{""class"":3,""confidence"":0.79,""time_us"":674}}"
2026-02-01T14:43:53.167,"{""ai"":{""class"":3,""confidence"":0.79,""time_us"":674}}"
2026-02-01T14:43:56.497,"{""ai"":{""class"":3,""confidence"":0.79,""time_us"":674}}"
2026-02-01T14:43:59.783,"{""ai"":{""class"":3,""confidence"":0.83,""time_us"":673}}"
2026-02-01T14:44:03.202,"{""ai"":{""class"":1,""confidence"":1.00,""time_us"":656}}"
2026-02-01T14:44:06.397,"{""ai"":{""class"":1,""confidence"":1.00,""time_us"":654}}"
2026-02-01T14:44:08.467,"{""status"":""success"",""msg"":""bmi270 calibrated"",""offsets"":{""accel"":{""x"":6.15,""y"":0.25,""z"":1.86},""gyro"":{""x"":0.07,""y"":0.02,""z"":0.08}}}"
2026-02-01T14:44:09.726,"{""ai"":{""class"":1,""confidence"":1.00,""time_us"":639}}"
2026-02-01T14:44:13.013,"{""ai"":{""class"":1,""confidence"":1.00,""time_us"":638}}"
2026-02-01T14:44:16.342,"{""ai"":{""class"":1,""confidence"":1.00,""time_us"":638}}"
2026-02-01T14:44:19.627,"{""ai"":{""class"":1,""confidence"":1.00,""time_us"":638}}"
2026-02-01T14:44:22.913,"{""ai"":{""class"":1,""confidence"":1.00,""time_us"":638}}"
2026-02-01T14:44:26.288,"{""status"":""success"",""msg"":""bmi270 calibrated"",""offsets"":{""accel"":{""x"":-6.07,""y"":0.06,""z"":-10.00},""gyro"":{""x"":0.05,""y"":0.03,""z"":-0.03}}}"
2026-02-01T14:44:26.333,"{""ai"":{""class"":3,""confidence"":0.79,""time_us"":673}}"
2026-02-01T14:44:29.528,"{""ai"":{""class"":3,""confidence"":0.69,""time_us"":672}}"
2026-02-01T14:44:32.858,"{""ai"":{""class"":3,""confidence"":0.79,""time_us"":673}}"
2026-02-01T14:44:36.143,"{""ai"":{""class"":3,""confidence"":0.61,""time_us"":673}}"
2026-02-01T14:44:39.473,"{""ai"":{""class"":3,""confidence"":1.00,""time_us"":655}}"
2026-02-01T14:44:42.758,"{""ai"":{""class"":1,""confidence"":0.91,""time_us"":655}}"
2026-02-01T14:44:43.791,"{""status"":""success"",""msg"":""bmi270 calibrated"",""offsets"":{""accel"":{""x"":15.62,""y"":0.47,""z"":9.18},""gyro"":{""x"":0.27,""y"":0.71,""z"":0.07}}}"
2026-02-01T14:44:46.087,"{""ai"":{""class"":1,""confidence"":1.00,""time_us"":638}}"
2026-02-01T14:44:47.888,"{""status"":""success"",""msg"":""bmi270 calibrated"",""offsets"":{""accel"":{""x"":15.62,""y"":0.47,""z"":9.18},""gyro"":{""x"":0.27,""y"":0.71,""z"":0.07}}}"
2026-02-01T14:44:49.373,"{""ai"":{""class"":1,""confidence"":1.00,""time_us"":638}}"
2026-02-01T14:44:52.702,"{""ai"":{""class"":1,""confidence"":1.00,""time_us"":637}}"
2026-02-01T14:44:55.987,"{""ai"":{""class"":1,""confidence"":1.00,""time_us"":638}}"
2026-02-01T14:44:59.272,"{""ai"":{""class"":1,""confidence"":1.00,""time_us"":637}}"
2026-02-01T14:45:02.602,"{""ai"":{""class"":1,""confidence"":1.00,""time_us"":655}}"
2026-02-01T14:45:05.888,"{""ai"":{""class"":1,""confidence"":1.00,""time_us"":656}}"
2026-02-01T14:45:09.217,"{""ai"":{""class"":1,""confidence"":1.00,""time_us"":638}}"
2026-02-01T14:45:12.503,"{""ai"":{""class"":1,""confidence"":1.00,""time_us"":656}}"
2026-02-01T14:45:15.833,"{""ai"":{""class"":1,""confidence"":1.00,""time_us"":638}}"
2026-02-01T14:45:19.117,"{""ai"":{""class"":0,""confidence"":1.00,""time_us"":637}}"
2026-02-01T14:45:22.448,"{""ai"":{""class"":3,""confidence"":0.79,""time_us"":674}}"
2026-02-01T14:45:25.823,"{""ai"":{""class"":3,""confidence"":0.77,""time_us"":675}}"
2026-02-01T14:45:29.019,"{""ai"":{""class"":3,""confidence"":0.79,""time_us"":674}}"
2026-02-01T14:45:32.348,"{""ai"":{""class"":3,""confidence"":0.79,""time_us"":674}}"
2026-02-01T14:45:35.632,"{""ai"":{""class"":1,""confidence"":0.86,""time_us"":673}}"
2026-02-01T14:45:38.964,"{""ai"":{""class"":1,""confidence"":1.00,""time_us"":620}}"
2026-02-01T14:45:42.249,"{""ai"":{""class"":0,""confidence"":0.48,""time_us"":674}}"
2026-02-01T14:45:45.580,"{""ai"":{""class"":0,""confidence"":1.00,""time_us"":654}}"
2026-02-01T14:45:48.864,"{""ai"":{""class"":2,""confidence"":0.85,""time_us"":673}}"
2026-02-01T14:45:52.239,"{""ai"":{""class"":0,""confidence"":0.97,""time_us"":672}}"
2026-02-01T14:45:55.479,"{""ai"":{""class"":0,""confidence"":0.40,""time_us"":672}}"
2026-02-01T14:45:58.809,"{""ai"":{""class"":0,""confidence"":0.89,""time_us"":673}}"
2026-02-01T14:46:02.093,"{""ai"":{""class"":0,""confidence"":0.39,""time_us"":674}}"
2026-02-01T14:46:05.379,"{""ai"":{""class"":3,""confidence"":0.83,""time_us"":674}}"
2026-02-01T14:46:08.709,"{""ai"":{""class"":3,""confidence"":0.83,""time_us"":674}}"
2026-02-01T14:46:11.994,"{""ai"":{""class"":3,""confidence"":0.77,""time_us"":673}}"
2026-02-01T14:46:15.324,"{""ai"":{""class"":2,""confidence"":0.69,""time_us"":672}}"
2026-02-01T14:46:18.609,"{""ai"":{""class"":2,""confidence"":1.00,""time_us"":621}}"
2026-02-01T14:46:21.939,"{""ai"":{""class"":2,""confidence"":1.00,""time_us"":621}}"
2026-02-01T14:46:25.224,"{""ai"":{""class"":2,""confidence"":1.00,""time_us"":621}}"
2026-02-01T14:46:28.554,"{""ai"":{""class"":3,""confidence"":0.81,""time_us"":674}}"
2026-02-01T14:46:31.840,"{""ai"":{""class"":3,""confidence"":0.79,""time_us"":674}}"
2026-02-01T14:46:35.168,"{""ai"":{""class"":3,""confidence"":0.81,""time_us"":675}}"
2026-02-01T14:46:38.453,"{""ai"":{""class"":3,""confidence"":0.79,""time_us"":674}}"
2026-02-01T14:46:41.739,"{""ai"":{""class"":3,""confidence"":0.79,""time_us"":674}}"
2026-02-01T14:46:45.070,"{""ai"":{""class"":3,""confidence"":0.79,""time_us"":674}}"
2026-02-01T14:46:48.399,"{""ai"":{""class"":3,""confidence"":0.79,""time_us"":674}}"
2026-02-01T14:46:51.684,"{""ai"":{""class"":3,""confidence"":0.79,""time_us"":674}}"
2026-02-01T14:46:54.968,"{""ai"":{""class"":3,""confidence"":0.79,""time_us"":674}}"
2026-02-01T14:46:58.389,"{""ai"":{""class"":3,""confidence"":0.79,""time_us"":674}}"
2026-02-01T14:47:01.584,"{""ai"":{""class"":3,""confidence"":0.79,""time_us"":674}}"
2026-02-01T14:47:04.914,"{""ai"":{""class"":3,""confidence"":0.79,""time_us"":674}}"
2026-02-01T14:47:08.198,"{""ai"":{""class"":3,""confidence"":0.79,""time_us"":674}}"
2026-02-01T14:47:11.483,"{""ai"":{""class"":3,""confidence"":0.79,""time_us"":674}}"
2026-02-01T14:47:14.815,"{""ai"":{""class"":3,""confidence"":0.79,""time_us"":674}}"
2026-02-01T14:47:18.099,"{""ai"":{""class"":3,""confidence"":0.79,""time_us"":674}}"
2026-02-01T14:47:21.430,"{""ai"":{""class"":3,""confidence"":0.79,""time_us"":674}}"
2026-02-01T14:47:24.714,"{""ai"":{""class"":3,""confidence"":0.79,""time_us"":674}}"
2026-02-01T14:47:28.088,"{""ai"":{""class"":3,""confidence"":0.79,""time_us"":674}}"
2026-02-01T14:47:31.331,"{""ai"":{""class"":3,""confidence"":0.79,""time_us"":674}}"
2026-02-01T14:47:34.659,"{""ai"":{""class"":3,""confidence"":0.79,""time_us"":674}}"
2026-02-01T14:47:37.945,"{""ai"":{""class"":3,""confidence"":0.81,""time_us"":675}}"
2026-02-01T14:47:41.230,"{""ai"":{""class"":3,""confidence"":0.79,""time_us"":674}}"
2026-02-01T14:47:44.559,"{""ai"":{""class"":3,""confidence"":0.79,""time_us"":674}}"
2026-02-01T14:47:47.845,"{""ai"":{""class"":3,""confidence"":0.79,""time_us"":674}}"
2026-02-01T14:47:51.174,"{""ai"":{""class"":3,""confidence"":0.79,""time_us"":674}}"
2026-02-01T14:47:54.459,"{""ai"":{""class"":3,""confidence"":0.79,""time_us"":674}}"
2026-02-01T14:47:57.835,"{""ai"":{""class"":3,""confidence"":0.79,""time_us"":674}}"
2026-02-01T14:48:01.074,"{""ai"":{""class"":3,""confidence"":0.79,""time_us"":674}}"
2026-02-01T14:48:04.404,"{""ai"":{""class"":3,""confidence"":0.79,""time_us"":674}}"
2026-02-01T14:48:07.690,"{""ai"":{""class"":3,""confidence"":0.79,""time_us"":674}}"
2026-02-01T14:48:11.020,"{""ai"":{""class"":3,""confidence"":0.79,""time_us"":674}}"
2026-02-01T14:48:14.306,"{""ai"":{""class"":3,""confidence"":0.79,""time_us"":674}}"
2026-02-01T15:11:48.968,"{""ai"":{""class"":1,""confidence"":1.00,""time_us"":637}}"
2026-02-01T15:11:51.577,"{""status"":""success"",""msg"":""bmi270 calibrated"",""offsets"":{""accel"":{""x"":-6.07,""y"":-0.05,""z"":-8.55},""gyro"":{""x"":-0.13,""y"":-0.68,""z"":0.02}}}"
2026-02-01T15:11:52.297,"{""ai"":{""class"":1,""confidence"":1.00,""time_us"":638}}"
2026-02-01T15:11:55.628,"{""ai"":{""class"":1,""confidence"":1.00,""time_us"":638}}"
2026-02-01T15:11:57.833,"{""status"":""success"",""msg"":""bmi270 calibrated"",""offsets"":{""accel"":{""x"":15.75,""y"":1.01,""z"":8.71},""gyro"":{""x"":0.15,""y"":0.77,""z"":0.01}}}"
2026-02-01T15:11:58.913,"{""ai"":{""class"":1,""confidence"":1.00,""time_us"":637}}"
2026-02-01T15:12:02.198,"{""ai"":{""class"":1,""confidence"":1.00,""time_us"":638}}"
2026-02-01T15:12:05.618,"{""ai"":{""class"":1,""confidence"":1.00,""time_us"":637}}"
2026-02-01T15:12:08.814,"{""ai"":{""class"":1,""confidence"":1.00,""time_us"":638}}"
2026-02-01T15:12:12.143,"{""ai"":{""class"":1,""confidence"":0.95,""time_us"":656}}"
2026-02-01T15:12:15.428,"{""ai"":{""class"":1,""confidence"":1.00,""time_us"":674}}"
2026-02-01T15:12:18.803,"{""ai"":{""class"":1,""confidence"":1.00,""time_us"":655}}"
2026-02-01T15:12:22.044,"{""ai"":{""class"":1,""confidence"":1.00,""time_us"":637}}"
2026-02-01T15:12:25.329,"{""ai"":{""class"":1,""confidence"":1.00,""time_us"":637}}"
2026-02-01T15:12:28.659,"{""ai"":{""class"":1,""confidence"":1.00,""time_us"":637}}"
2026-02-01T15:12:31.944,"{""ai"":{""class"":1,""confidence"":1.00,""time_us"":638}}"
2026-02-01T15:12:35.274,"{""ai"":{""class"":1,""confidence"":1.00,""time_us"":638}}"
2026-02-01T15:12:38.559,"{""ai"":{""class"":1,""confidence"":1.00,""time_us"":637}}"
2026-02-01T15:12:41.889,"{""ai"":{""class"":1,""confidence"":1.00,""time_us"":638}}"
2026-02-01T15:12:45.174,"{""ai"":{""class"":1,""confidence"":1.00,""time_us"":637}}"
2026-02-01T15:12:48.460,"{""ai"":{""class"":1,""confidence"":1.00,""time_us"":637}}"
2026-02-01T15:12:51.790,"{""ai"":{""class"":1,""confidence"":1.00,""time_us"":638}}"
2026-02-01T15:12:55.075,"{""ai"":{""class"":1,""confidence"":1.00,""time_us"":637}}"
2026-02-01T15:12:58.404,"{""ai"":{""class"":0,""confidence"":1.00,""time_us"":638}}"
2026-02-01T15:13:01.690,"{""ai"":{""class"":3,""confidence"":0.79,""time_us"":674}}"
2026-02-01T15:13:05.019,"{""ai"":{""class"":3,""confidence"":0.79,""time_us"":674}}"
2026-02-01T15:13:08.306,"{""ai"":{""class"":3,""confidence"":0.79,""time_us"":674}}"
2026-02-01T15:13:11.635,"{""ai"":{""class"":3,""confidence"":0.79,""time_us"":674}}"
2026-02-01T15:13:14.921,"{""ai"":{""class"":3,""confidence"":0.79,""time_us"":674}}"
2026-02-01T15:13:18.250,"{""ai"":{""class"":3,""confidence"":0.79,""time_us"":674}}"
2026-02-01T15:13:21.536,"{""ai"":{""class"":3,""confidence"":0.79,""time_us"":674}}"
2026-02-01T15:13:24.820,"{""ai"":{""class"":3,""confidence"":0.79,""time_us"":674}}"
2026-02-01T15:13:28.240,"{""ai"":{""class"":3,""confidence"":0.79,""time_us"":674}}"
2026-02-01T15:13:31.434,"{""ai"":{""class"":3,""confidence"":0.79,""time_us"":674}}"
2026-02-01T15:13:34.768,"{""ai"":{""class"":3,""confidence"":0.79,""time_us"":674}}"
2026-02-01T15:13:38.051,"{""ai"":{""class"":3,""confidence"":0.79,""time_us"":673}}"
2026-02-01T15:13:41.383,"{""ai"":{""class"":3,""confidence"":0.79,""time_us"":674}}"
2026-02-01T15:13:44.666,"{""ai"":{""class"":3,""confidence"":0.79,""time_us"":674}}"
2026-02-01T15:13:47.996,"{""ai"":{""class"":3,""confidence"":0.79,""time_us"":674}}"
2026-02-01T15:13:51.281,"{""ai"":{""class"":3,""confidence"":0.79,""time_us"":674}}"
2026-02-01T15:13:54.566,"{""ai"":{""class"":3,""confidence"":0.79,""time_us"":674}}"
2026-02-01T15:13:57.895,"{""ai"":{""class"":3,""confidence"":0.79,""time_us"":674}}"
2026-02-01T15:14:01.181,"{""ai"":{""class"":3,""confidence"":0.79,""time_us"":674}}"
2026-02-01T15:14:04.512,"{""ai"":{""class"":3,""confidence"":0.79,""time_us"":674}}"
2026-02-01T15:14:07.796,"{""ai"":{""class"":3,""confidence"":0.81,""time_us"":675}}"
2026-02-01T15:14:11.127,"{""ai"":{""class"":3,""confidence"":0.79,""time_us"":674}}"
2026-02-01T15:14:14.412,"{""ai"":{""class"":3,""confidence"":0.79,""time_us"":674}}"
2026-02-01T15:14:17.742,"{""ai"":{""class"":3,""confidence"":0.79,""time_us"":674}}"
2026-02-01T15:14:21.027,"{""ai"":{""class"":3,""confidence"":0.79,""time_us"":674}}"
2026-02-01T15:14:24.356,"{""ai"":{""class"":3,""confidence"":0.79,""time_us"":674}}"
2026-02-01T15:14:27.642,"{""ai"":{""class"":3,""confidence"":0.79,""time_us"":674}}"
2026-02-01T15:14:30.927,"{""ai"":{""class"":3,""confidence"":0.79,""time_us"":674}}"
2026-02-01T15:14:34.257,"{""ai"":{""class"":3,""confidence"":0.79,""time_us"":674}}"
2026-02-01T15:14:37.542,"{""ai"":{""class"":3,""confidence"":0.79,""time_us"":674}}"
2026-02-01T15:14:40.873,"{""ai"":{""class"":3,""confidence"":0.79,""time_us"":674}}"
2026-02-01T15:14:44.158,"{""ai"":{""class"":3,""confidence"":0.79,""time_us"":674}}"
2026-02-01T15:14:47.488,"{""ai"":{""class"":3,""confidence"":0.79,""time_us"":674}}"
2026-02-01T15:14:50.863,"{""ai"":{""class"":3,""confidence"":0.79,""time_us"":674}}"
2026-02-01T15:14:54.103,"{""ai"":{""class"":3,""confidence"":0.79,""time_us"":674}}"
2026-02-01T15:14:57.388,"{""ai"":{""class"":3,""confidence"":0.79,""time_us"":674}}"
2026-02-01T15:15:00.673,"{""ai"":{""class"":3,""confidence"":0.79,""time_us"":674}}"
2026-02-01T15:15:04.003,"{""ai"":{""class"":3,""confidence"":0.79,""time_us"":674}}"
2026-02-01T15:15:07.288,"{""ai"":{""class"":3,""confidence"":0.79,""time_us"":674}}"
2026-02-01T15:15:10.618,"{""ai"":{""class"":3,""confidence"":0.79,""time_us"":674}}"
2026-02-01T15:15:13.903,"{""ai"":{""class"":3,""confidence"":0.79,""time_us"":674}}"
2026-02-01T15:15:17.234,"{""ai"":{""class"":3,""confidence"":0.79,""time_us"":674}}"
2026-02-01T15:15:20.518,"{""ai"":{""class"":3,""confidence"":0.79,""time_us"":673}}"
2026-02-01T15:15:23.849,"{""ai"":{""class"":3,""confidence"":0.79,""time_us"":674}}"
2026-02-01T15:15:27.133,"{""ai"":{""class"":3,""confidence"":0.71,""time_us"":674}}"
2026-02-01T15:15:30.464,"{""ai"":{""class"":3,""confidence"":0.79,""time_us"":674}}"
2026-02-01T15:15:33.749,"{""ai"":{""class"":3,""confidence"":0.79,""time_us"":673}}"
2026-02-01T15:15:37.034,"{""ai"":{""class"":3,""confidence"":0.81,""time_us"":675}}"
2026-02-01T15:15:40.364,"{""ai"":{""class"":3,""confidence"":0.79,""time_us"":674}}"
2026-02-01T15:15:43.649,"{""ai"":{""class"":3,""confidence"":0.81,""time_us"":675}}"
2026-02-01T15:15:46.978,"{""ai"":{""class"":3,""confidence"":0.79,""time_us"":674}}"
2026-02-01T15:15:50.264,"{""ai"":{""class"":3,""confidence"":0.79,""time_us"":674}}"
2026-02-01T15:15:53.595,"{""ai"":{""class"":3,""confidence"":0.79,""time_us"":674}}"
2026-02-01T15:15:56.879,"{""ai"":{""class"":3,""confidence"":0.79,""time_us"":674}}"
2026-02-01T15:16:00.210,"{""ai"":{""class"":3,""confidence"":0.79,""time_us"":674}}"
2026-02-01T15:16:03.495,"{""ai"":{""class"":3,""confidence"":0.79,""time_us"":674}}"
2026-02-01T15:16:06.780,"{""ai"":{""class"":3,""confidence"":0.79,""time_us"":674}}"
2026-02-01T15:16:10.109,"{""ai"":{""class"":3,""confidence"":0.81,""time_us"":675}}"
2026-02-01T15:16:13.484,"{""ai"":{""class"":2,""confidence"":1.00,""time_us"":673}}"
2026-02-01T15:16:16.725,"{""ai"":{""class"":3,""confidence"":0.79,""time_us"":674}}"
2026-02-01T15:16:20.009,"{""ai"":{""class"":3,""confidence"":0.79,""time_us"":673}}"
2026-02-01T15:16:23.340,"{""ai"":{""class"":3,""confidence"":0.81,""time_us"":674}}"
2026-02-01T15:16:26.626,"{""ai"":{""class"":3,""confidence"":0.79,""time_us"":674}}"
2026-02-01T15:16:29.955,"{""ai"":{""class"":3,""confidence"":0.79,""time_us"":674}}"
2026-02-01T15:16:33.240,"{""ai"":{""class"":3,""confidence"":0.79,""time_us"":674}}"
2026-02-01T15:16:36.570,"{""ai"":{""class"":3,""confidence"":0.79,""time_us"":674}}"
2026-02-01T15:16:39.856,"{""ai"":{""class"":3,""confidence"":0.79,""time_us"":674}}"
2026-02-01T15:16:43.140,"{""ai"":{""class"":3,""confidence"":0.79,""time_us"":674}}"
2026-02-01T15:16:46.470,"{""ai"":{""class"":3,""confidence"":0.79,""time_us"":674}}"
2026-02-01T15:16:49.756,"{""ai"":{""class"":3,""confidence"":0.79,""time_us"":673}}"
2026-02-01T15:16:53.086,"{""ai"":{""class"":3,""confidence"":0.79,""time_us"":674}}"
2026-02-01T15:16:56.371,"{""ai"":{""class"":3,""confidence"":0.79,""time_us"":674}}"
2026-02-01T15:16:59.701,"{""ai"":{""class"":3,""confidence"":0.79,""time_us"":674}}"
2026-02-01T15:17:02.986,"{""ai"":{""class"":3,""confidence"":0.79,""time_us"":674}}"
2026-02-01T15:17:06.316,"{""ai"":{""class"":3,""confidence"":0.79,""time_us"":674}}"
2026-02-01T15:17:09.601,"{""ai"":{""class"":3,""confidence"":0.79,""time_us"":674}}"
2026-02-01T15:17:12.931,"{""ai"":{""class"":3,""confidence"":0.79,""time_us"":674}}"
2026-02-01T15:17:16.216,"{""ai"":{""class"":3,""confidence"":0.79,""time_us"":674}}"
2026-02-01T15:17:19.501,"{""ai"":{""class"":3,""confidence"":0.79,""time_us"":674}}"
2026-02-01T15:17:22.831,"{""ai"":{""class"":3,""confidence"":0.79,""time_us"":674}}"
2026-02-01T15:17:26.116,"{""ai"":{""class"":3,""confidence"":0.79,""time_us"":674}}"
2026-02-01T15:17:29.448,"{""ai"":{""class"":3,""confidence"":0.79,""time_us"":674}}"
2026-02-01T15:17:32.732,"{""ai"":{""class"":3,""confidence"":0.81,""time_us"":674}}"
2026-02-01T15:17:36.107,"{""ai"":{""class"":3,""confidence"":0.79,""time_us"":674}}"
2026-02-01T15:17:39.347,"{""ai"":{""class"":3,""confidence"":0.79,""time_us"":674}}"
2026-02-01T15:17:42.677,"{""ai"":{""class"":3,""confidence"":0.79,""time_us"":674}}"
2026-02-01T15:17:45.962,"{""ai"":{""class"":3,""confidence"":0.79,""time_us"":674}}"
2026-02-01T15:17:49.247,"{""ai"":{""class"":3,""confidence"":0.79,""time_us"":674}}"
2026-02-01T15:17:52.577,"{""ai"":{""class"":3,""confidence"":0.79,""time_us"":674}}"
2026-02-01T15:17:55.863,"{""ai"":{""class"":3,""confidence"":0.79,""time_us"":674}}"
2026-02-01T15:17:59.193,"{""ai"":{""class"":3,""confidence"":0.79,""time_us"":673}}"
2026-02-01T15:18:02.477,"{""ai"":{""class"":3,""confidence"":0.79,""time_us"":674}}"
2026-02-01T15:18:05.806,"{""ai"":{""class"":3,""confidence"":0.79,""time_us"":674}}"
2026-02-01T15:18:09.093,"{""ai"":{""class"":3,""confidence"":0.79,""time_us"":674}}"
2026-02-01T15:18:12.423,"{""ai"":{""class"":3,""confidence"":0.79,""time_us"":674}}"
2026-02-01T15:18:15.709,"{""ai"":{""class"":3,""confidence"":0.79,""time_us"":674}}"
2026-02-01T15:18:19.038,"{""ai"":{""class"":3,""confidence"":0.79,""time_us"":674}}"
2026-02-01T15:18:22.322,"{""ai"":{""class"":3,""confidence"":0.79,""time_us"":674}}"
2026-02-01T15:18:25.608,"{""ai"":{""class"":3,""confidence"":0.79,""time_us"":674}}"
2026-02-01T15:18:28.938,"{""ai"":{""class"":3,""confidence"":0.79,""time_us"":674}}"
2026-02-01T15:18:32.223,"{""ai"":{""class"":3,""confidence"":0.79,""time_us"":674}}"
2026-02-01T15:18:35.553,"{""ai"":{""class"":3,""confidence"":0.79,""time_us"":673}}"
2026-02-01T15:18:38.838,"{""ai"":{""class"":3,""confidence"":0.79,""time_us"":674}}"
2026-02-01T15:18:42.169,"{""ai"":{""class"":3,""confidence"":0.79,""time_us"":674}}"
2026-02-01T15:18:45.454,"{""ai"":{""class"":3,""confidence"":0.79,""time_us"":674}}"
2026-02-01T15:18:48.784,"{""ai"":{""class"":3,""confidence"":0.81,""time_us"":675}}"
2026-02-01T15:18:52.069,"{""ai"":{""class"":3,""confidence"":0.79,""time_us"":674}}"
2026-02-01T15:18:55.354,"{""ai"":{""class"":3,""confidence"":0.79,""time_us"":674}}"
2026-02-01T15:18:58.729,"{""ai"":{""class"":3,""confidence"":0.79,""time_us"":674}}"
2026-02-01T15:19:01.969,"{""ai"":{""class"":3,""confidence"":0.79,""time_us"":674}}"
2026-02-01T15:19:05.299,"{""ai"":{""class"":3,""confidence"":0.79,""time_us"":674}}"
2026-02-01T15:19:08.584,"{""ai"":{""class"":3,""confidence"":0.79,""time_us"":674}}"
2026-02-01T15:19:11.914,"{""ai"":{""class"":3,""confidence"":0.79,""time_us"":674}}"
2026-02-01T15:19:15.199,"{""ai"":{""class"":3,""confidence"":0.79,""time_us"":674}}"
2026-02-01T15:19:18.529,"{""ai"":{""class"":3,""confidence"":0.79,""time_us"":674}}"
2026-02-01T15:19:21.815,"{""ai"":{""class"":3,""confidence"":0.79,""time_us"":674}}"
2026-02-01T15:19:25.144,"{""ai"":{""class"":3,""confidence"":0.79,""time_us"":674}}"
2026-02-01T15:19:28.430,"{""ai"":{""class"":3,""confidence"":0.79,""time_us"":674}}"
2026-02-01T15:19:31.713,"{""ai"":{""class"":3,""confidence"":0.79,""time_us"":674}}"
2026-02-01T15:19:35.044,"{""ai"":{""class"":3,""confidence"":0.79,""time_us"":674}}"
2026-02-01T15:19:38.331,"{""ai"":{""class"":3,""confidence"":0.79,""time_us"":674}}"
2026-02-01T15:19:41.660,"{""ai"":{""class"":3,""confidence"":0.79,""time_us"":674}}"
2026-02-01T15:19:44.945,"{""ai"":{""class"":3,""confidence"":0.79,""time_us"":674}}"
2026-02-01T15:19:48.275,"{""ai"":{""class"":3,""confidence"":0.79,""time_us"":672}}"
2026-02-01T15:19:51.560,"{""ai"":{""class"":3,""confidence"":0.79,""time_us"":674}}"
2026-02-01T15:19:54.890,"{""ai"":{""class"":3,""confidence"":0.83,""time_us"":673}}"
2026-02-01T15:19:58.175,"{""ai"":{""class"":3,""confidence"":0.79,""time_us"":674}}"
2026-02-01T15:20:01.460,"{""ai"":{""class"":3,""confidence"":0.79,""time_us"":674}}"
2026-02-01T15:20:04.790,"{""ai"":{""class"":3,""confidence"":0.89,""time_us"":674}}"
2026-02-01T15:20:08.076,"{""ai"":{""class"":3,""confidence"":0.81,""time_us"":675}}"
2026-02-01T15:20:11.406,"{""ai"":{""class"":3,""confidence"":0.66,""time_us"":675}}"
2026-02-01T15:20:14.691,"{""ai"":{""class"":3,""confidence"":0.79,""time_us"":674}}"
2026-02-01T15:20:18.022,"{""ai"":{""class"":3,""confidence"":0.79,""time_us"":674}}"
2026-02-01T15:20:21.351,"{""ai"":{""class"":3,""confidence"":0.79,""time_us"":674}}"
2026-02-01T15:20:24.636,"{""ai"":{""class"":3,""confidence"":0.79,""time_us"":674}}"
2026-02-01T15:20:27.921,"{""ai"":{""class"":3,""confidence"":0.79,""time_us"":674}}"
2026-02-01T15:20:31.206,"{""ai"":{""class"":3,""confidence"":0.79,""time_us"":674}}"
2026-02-01T15:20:34.536,"{""ai"":{""class"":3,""confidence"":0.79,""time_us"":674}}"
2026-02-01T15:20:37.821,"{""ai"":{""class"":3,""confidence"":0.79,""time_us"":674}}"
2026-02-01T15:20:41.151,"{""ai"":{""class"":3,""confidence"":0.79,""time_us"":674}}"
2026-02-01T15:20:44.436,"{""ai"":{""class"":3,""confidence"":0.79,""time_us"":674}}"
2026-02-01T15:20:47.766,"{""ai"":{""class"":3,""confidence"":0.79,""time_us"":674}}"
2026-02-01T15:20:51.052,"{""ai"":{""class"":3,""confidence"":0.79,""time_us"":673}}"
2026-02-01T15:20:54.382,"{""ai"":{""class"":3,""confidence"":0.79,""time_us"":674}}"
2026-02-01T15:20:57.667,"{""ai"":{""class"":3,""confidence"":0.79,""time_us"":674}}"
2026-02-01T15:21:00.996,"{""ai"":{""class"":3,""confidence"":0.79,""time_us"":673}}"
2026-02-01T15:21:04.282,"{""ai"":{""class"":3,""confidence"":0.79,""time_us"":674}}"
2026-02-01T15:21:07.567,"{""ai"":{""class"":3,""confidence"":0.81,""time_us"":673}}"
2026-02-01T15:21:10.897,"{""ai"":{""class"":3,""confidence"":0.77,""time_us"":674}}"
2026-02-01T15:21:14.182,"{""ai"":{""class"":3,""confidence"":0.79,""time_us"":673}}"
2026-02-01T15:21:17.512,"{""ai"":{""class"":3,""confidence"":0.79,""time_us"":673}}"
2026-02-01T15:21:20.842,"{""ai"":{""class"":3,""confidence"":0.79,""time_us"":674}}"
2026-02-01T15:21:24.127,"{""ai"":{""class"":3,""confidence"":0.79,""time_us"":674}}"
2026-02-01T15:21:27.412,"{""ai"":{""class"":3,""confidence"":0.79,""time_us"":674}}"
2026-02-01T15:21:30.832,"{""ai"":{""class"":3,""confidence"":0.81,""time_us"":675}}"
2026-02-01T15:21:34.027,"{""ai"":{""class"":3,""confidence"":0.79,""time_us"":674}}"
2026-02-01T15:21:37.313,"{""ai"":{""class"":3,""confidence"":0.79,""time_us"":674}}"
2026-02-01T15:21:40.641,"{""ai"":{""class"":3,""confidence"":0.79,""time_us"":673}}"
2026-02-01T15:21:43.928,"{""ai"":{""class"":3,""confidence"":0.79,""time_us"":674}}"
2026-02-01T15:21:47.259,"{""ai"":{""class"":3,""confidence"":0.79,""time_us"":674}}"
2026-02-01T15:21:50.543,"{""ai"":{""class"":3,""confidence"":0.79,""time_us"":674}}"
2026-02-01T15:21:53.963,"{""ai"":{""class"":3,""confidence"":0.79,""time_us"":674}}"
2026-02-01T15:21:57.158,"{""ai"":{""class"":3,""confidence"":0.83,""time_us"":673}}"
2026-02-01T15:22:00.488,"{""ai"":{""class"":3,""confidence"":0.79,""time_us"":674}}"
2026-02-01T15:22:03.773,"{""ai"":{""class"":3,""confidence"":0.79,""time_us"":674}}"
2026-02-01T15:22:07.103,"{""ai"":{""class"":3,""confidence"":0.79,""time_us"":674}}"
2026-02-01T15:22:10.388,"{""ai"":{""class"":3,""confidence"":0.79,""time_us"":674}}"
2026-02-01T15:22:13.673,"{""ai"":{""class"":3,""confidence"":0.79,""time_us"":674}}"
2026-02-01T15:22:17.003,"{""ai"":{""class"":3,""confidence"":0.81,""time_us"":675}}"
2026-02-01T15:22:20.289,"{""ai"":{""class"":3,""confidence"":0.81,""time_us"":675}}"
2026-02-01T15:22:23.618,"{""ai"":{""class"":3,""confidence"":0.79,""time_us"":673}}"
2026-02-01T15:22:26.903,"{""ai"":{""class"":3,""confidence"":0.79,""time_us"":674}}"
2026-02-01T15:22:30.234,"{""ai"":{""class"":3,""confidence"":0.79,""time_us"":673}}"
2026-02-01T15:22:33.518,"{""ai"":{""class"":3,""confidence"":0.79,""time_us"":674}}"
2026-02-01T15:22:36.849,"{""ai"":{""class"":3,""confidence"":0.79,""time_us"":674}}"
2026-02-01T15:22:40.134,"{""ai"":{""class"":3,""confidence"":0.79,""time_us"":674}}"
2026-02-01T15:22:43.418,"{""ai"":{""class"":3,""confidence"":0.79,""time_us"":674}}"
2026-02-01T15:22:46.750,"{""ai"":{""class"":3,""confidence"":0.79,""time_us"":672}}"
2026-02-01T15:22:50.033,"{""ai"":{""class"":3,""confidence"":0.79,""time_us"":673}}"
2026-02-01T15:22:53.364,"{""ai"":{""class"":3,""confidence"":0.79,""time_us"":673}}"
2026-02-01T15:22:56.648,"{""ai"":{""class"":3,""confidence"":0.79,""time_us"":674}}"
2026-02-01T15:22:59.979,"{""ai"":{""class"":3,""confidence"":0.79,""time_us"":673}}"
2026-02-01T15:23:03.264,"{""ai"":{""class"":3,""confidence"":0.79,""time_us"":674}}"
2026-02-01T15:23:06.593,"{""ai"":{""class"":3,""confidence"":0.79,""time_us"":674}}"
2026-02-01T15:23:09.880,"{""ai"":{""class"":3,""confidence"":0.79,""time_us"":674}}"
2026-02-01T15:23:13.210,"{""ai"":{""class"":3,""confidence"":0.79,""time_us"":674}}"
2026-02-01T15:23:16.585,"{""ai"":{""class"":3,""confidence"":0.79,""time_us"":674}}"
2026-02-01T15:23:19.780,"{""ai"":{""class"":3,""confidence"":0.79,""time_us"":674}}"
2026-02-01T15:23:23.110,"{""ai"":{""class"":3,""confidence"":0.79,""time_us"":674}}"
2026-02-01T15:23:26.395,"{""ai"":{""class"":3,""confidence"":0.79,""time_us"":674}}"
2026-02-01T15:23:29.725,"{""ai"":{""class"":3,""confidence"":0.79,""time_us"":674}}"
2026-02-01T15:23:33.010,"{""ai"":{""class"":3,""confidence"":0.79,""time_us"":674}}"
2026-02-01T15:23:36.340,"{""ai"":{""class"":3,""confidence"":0.79,""time_us"":674}}"
2026-02-01T15:23:39.625,"{""ai"":{""class"":3,""confidence"":0.79,""time_us"":674}}"
2026-02-01T15:23:42.955,"{""ai"":{""class"":3,""confidence"":0.79,""time_us"":674}}"
2026-02-01T15:23:46.240,"{""ai"":{""class"":3,""confidence"":0.79,""time_us"":674}}"
2026-02-01T15:23:49.525,"{""ai"":{""class"":3,""confidence"":0.79,""time_us"":674}}"
2026-02-01T15:23:52.855,"{""ai"":{""class"":3,""confidence"":0.79,""time_us"":674}}"
2026-02-01T15:23:56.141,"{""ai"":{""class"":3,""confidence"":0.79,""time_us"":674}}"
2026-02-01T15:23:59.470,"{""ai"":{""class"":3,""confidence"":0.79,""time_us"":674}}"
2026-02-01T15:24:02.756,"{""ai"":{""class"":3,""confidence"":0.79,""time_us"":674}}"
2026-02-01T15:24:06.086,"{""ai"":{""class"":3,""confidence"":0.79,""time_us"":673}}"
2026-02-01T15:24:09.371,"{""ai"":{""class"":3,""confidence"":0.79,""time_us"":674}}"
2026-02-01T15:24:12.701,"{""ai"":{""class"":3,""confidence"":0.79,""time_us"":674}}"
2026-02-01T15:24:15.986,"{""ai"":{""class"":3,""confidence"":0.79,""time_us"":674}}"
2026-02-01T15:24:19.316,"{""ai"":{""class"":3,""confidence"":0.83,""time_us"":673}}"
2026-02-01T15:24:22.601,"{""ai"":{""class"":3,""confidence"":0.79,""time_us"":674}}"
2026-02-01T15:24:25.886,"{""ai"":{""class"":3,""confidence"":0.79,""time_us"":674}}"
2026-02-01T15:24:29.216,"{""ai"":{""class"":3,""confidence"":0.79,""time_us"":674}}"
2026-02-01T15:24:32.501,"{""ai"":{""class"":3,""confidence"":0.79,""time_us"":674}}"
2026-02-01T15:24:35.831,"{""ai"":{""class"":3,""confidence"":0.79,""time_us"":674}}"
2026-02-01T15:24:39.206,"{""ai"":{""class"":3,""confidence"":0.79,""time_us"":673}}"
2026-02-01T15:24:42.446,"{""ai"":{""class"":3,""confidence"":0.79,""time_us"":674}}"
2026-02-01T15:24:45.731,"{""ai"":{""class"":3,""confidence"":0.79,""time_us"":673}}"
2026-02-01T15:24:49.062,"{""ai"":{""class"":3,""confidence"":0.79,""time_us"":674}}"
2026-02-01T15:24:52.347,"{""ai"":{""class"":3,""confidence"":0.79,""time_us"":674}}"
2026-02-01T15:24:55.632,"{""ai"":{""class"":3,""confidence"":0.79,""time_us"":674}}"
2026-02-01T15:24:58.962,"{""ai"":{""class"":3,""confidence"":0.81,""time_us"":674}}"
2026-02-01T15:25:02.247,"{""ai"":{""class"":3,""confidence"":0.77,""time_us"":674}}"
2026-02-01T15:25:05.576,"{""ai"":{""class"":3,""confidence"":0.79,""time_us"":673}}"
2026-02-01T15:25:08.862,"{""ai"":{""class"":3,""confidence"":0.83,""time_us"":673}}"
2026-02-01T15:25:12.192,"{""ai"":{""class"":3,""confidence"":0.79,""time_us"":674}}"
2026-02-01T15:25:15.477,"{""ai"":{""class"":3,""confidence"":0.81,""time_us"":674}}"
2026-02-01T15:25:18.806,"{""ai"":{""class"":3,""confidence"":0.79,""time_us"":674}}"
2026-02-01T15:25:22.093,"{""ai"":{""class"":3,""confidence"":0.81,""time_us"":675}}"
2026-02-01T15:25:25.422,"{""ai"":{""class"":3,""confidence"":0.81,""time_us"":675}}"
2026-02-01T15:25:28.708,"{""ai"":{""class"":3,""confidence"":0.79,""time_us"":673}}"
2026-02-01T15:25:31.991,"{""ai"":{""class"":3,""confidence"":0.79,""time_us"":673}}"
2026-02-01T15:25:35.322,"{""ai"":{""class"":3,""confidence"":0.79,""time_us"":674}}"
2026-02-01T15:25:38.608,"{""ai"":{""class"":3,""confidence"":0.79,""time_us"":673}}"
2026-02-01T15:25:41.938,"{""ai"":{""class"":3,""confidence"":0.79,""time_us"":674}}"
2026-02-01T15:25:45.222,"{""ai"":{""class"":3,""confidence"":0.79,""time_us"":674}}"
2026-02-01T15:25:48.553,"{""ai"":{""class"":3,""confidence"":0.83,""time_us"":673}}"
2026-02-01T15:25:51.839,"{""ai"":{""class"":3,""confidence"":0.79,""time_us"":674}}"
2026-02-01T15:25:55.168,"{""ai"":{""class"":3,""confidence"":0.81,""time_us"":674}}"
2026-02-01T15:25:58.452,"{""ai"":{""class"":3,""confidence"":0.79,""time_us"":674}}"
2026-02-01T15:26:01.828,"{""ai"":{""class"":3,""confidence"":0.81,""time_us"":675}}"
2026-02-01T15:26:05.068,"{""ai"":{""class"":3,""confidence"":0.79,""time_us"":673}}"
2026-02-01T15:26:08.353,"{""ai"":{""class"":3,""confidence"":0.79,""time_us"":674}}"
2026-02-01T15:26:11.682,"{""ai"":{""class"":3,""confidence"":0.79,""time_us"":674}}"
2026-02-01T15:26:14.969,"{""ai"":{""class"":3,""confidence"":0.79,""time_us"":674}}"
2026-02-01T15:26:18.299,"{""ai"":{""class"":3,""confidence"":0.79,""time_us"":674}}"
2026-02-01T15:26:21.584,"{""ai"":{""class"":3,""confidence"":0.79,""time_us"":673}}"
2026-02-01T15:26:24.914,"{""ai"":{""class"":3,""confidence"":0.79,""time_us"":674}}"
2026-02-01T15:26:28.199,"{""ai"":{""class"":3,""confidence"":0.79,""time_us"":674}}"
2026-02-01T15:26:31.529,"{""ai"":{""class"":3,""confidence"":0.79,""time_us"":674}}"
2026-02-01T15:26:34.814,"{""ai"":{""class"":3,""confidence"":0.79,""time_us"":674}}"
2026-02-01T15:26:38.099,"{""ai"":{""class"":3,""confidence"":0.79,""time_us"":674}}"
2026-02-01T15:26:41.429,"{""ai"":{""class"":3,""confidence"":0.79,""time_us"":673}}"
2026-02-01T15:26:44.714,"{""ai"":{""class"":3,""confidence"":0.79,""time_us"":674}}"
2026-02-01T15:26:48.044,"{""ai"":{""class"":3,""confidence"":0.79,""time_us"":674}}"
2026-02-01T15:26:51.329,"{""ai"":{""class"":3,""confidence"":0.79,""time_us"":674}}"
2026-02-01T15:26:54.658,"{""ai"":{""class"":3,""confidence"":0.79,""time_us"":674}}"
2026-02-01T15:26:57.945,"{""ai"":{""class"":3,""confidence"":0.79,""time_us"":674}}"
2026-02-01T15:27:01.273,"{""ai"":{""class"":3,""confidence"":0.79,""time_us"":674}}"
2026-02-01T15:27:04.559,"{""ai"":{""class"":3,""confidence"":0.79,""time_us"":674}}"
2026-02-01T15:27:07.844,"{""ai"":{""class"":3,""confidence"":0.79,""time_us"":674}}"
2026-02-01T15:27:11.173,"{""ai"":{""class"":3,""confidence"":0.79,""time_us"":674}}"
2026-02-01T15:27:14.460,"{""ai"":{""class"":3,""confidence"":0.79,""time_us"":673}}"
2026-02-01T15:27:17.789,"{""ai"":{""class"":3,""confidence"":0.79,""time_us"":674}}"
2026-02-01T15:27:21.075,"{""ai"":{""class"":3,""confidence"":0.79,""time_us"":674}}"
2026-02-01T15:27:24.405,"{""ai"":{""class"":3,""confidence"":0.79,""time_us"":674}}"
2026-02-01T15:27:27.690,"{""ai"":{""class"":3,""confidence"":0.79,""time_us"":674}}"
2026-02-01T15:27:31.020,"{""ai"":{""class"":3,""confidence"":0.79,""time_us"":674}}"
2026-02-01T15:27:34.305,"{""ai"":{""class"":3,""confidence"":0.79,""time_us"":674}}"
2026-02-01T15:27:37.634,"{""ai"":{""class"":3,""confidence"":0.79,""time_us"":674}}"
2026-02-01T15:27:40.920,"{""ai"":{""class"":3,""confidence"":0.79,""time_us"":674}}"
2026-02-01T15:27:44.205,"{""ai"":{""class"":3,""confidence"":0.79,""time_us"":674}}"
2026-02-01T15:27:47.535,"{""ai"":{""class"":3,""confidence"":0.79,""time_us"":674}}"
2026-02-01T15:27:50.820,"{""ai"":{""class"":3,""confidence"":0.79,""time_us"":674}}"
2026-02-01T15:27:54.152,"{""ai"":{""class"":3,""confidence"":0.79,""time_us"":674}}"
2026-02-01T15:27:57.435,"{""ai"":{""class"":3,""confidence"":0.79,""time_us"":674}}"
2026-02-01T15:28:00.766,"{""ai"":{""class"":3,""confidence"":0.79,""time_us"":673}}"
2026-02-01T15:28:04.051,"{""ai"":{""class"":3,""confidence"":0.81,""time_us"":674}}"
2026-02-01T15:28:07.381,"{""ai"":{""class"":3,""confidence"":0.79,""time_us"":673}}"
2026-02-01T15:28:10.666,"{""ai"":{""class"":3,""confidence"":0.79,""time_us"":674}}"
2026-02-01T15:28:13.951,"{""ai"":{""class"":3,""confidence"":0.79,""time_us"":673}}"
2026-02-01T15:28:17.281,"{""ai"":{""class"":3,""confidence"":0.79,""time_us"":674}}"
2026-02-01T15:28:20.566,"{""ai"":{""class"":3,""confidence"":0.79,""time_us"":674}}"
2026-02-01T15:28:23.896,"{""ai"":{""class"":3,""confidence"":0.79,""time_us"":674}}"
2026-02-01T15:28:27.181,"{""ai"":{""class"":3,""confidence"":0.79,""time_us"":674}}"
2026-02-01T15:28:30.511,"{""ai"":{""class"":3,""confidence"":0.79,""time_us"":674}}"
2026-02-01T15:28:33.796,"{""ai"":{""class"":3,""confidence"":0.79,""time_us"":674}}"
2026-02-01T15:28:37.126,"{""ai"":{""class"":3,""confidence"":0.79,""time_us"":674}}"
2026-02-01T15:28:40.411,"{""ai"":{""class"":3,""confidence"":0.79,""time_us"":674}}"
2026-02-01T15:28:43.741,"{""ai"":{""class"":3,""confidence"":0.79,""time_us"":674}}"
2026-02-01T15:28:47.027,"{""ai"":{""class"":3,""confidence"":0.79,""time_us"":674}}"
2026-02-01T15:28:50.311,"{""ai"":{""class"":3,""confidence"":0.79,""time_us"":674}}"
2026-02-01T15:28:53.641,"{""ai"":{""class"":3,""confidence"":0.79,""time_us"":674}}"
2026-02-01T15:28:56.927,"{""ai"":{""class"":3,""confidence"":0.79,""time_us"":674}}"
2026-02-01T15:29:00.257,"{""ai"":{""class"":3,""confidence"":0.79,""time_us"":674}}"
2026-02-01T15:29:03.542,"{""ai"":{""class"":3,""confidence"":0.79,""time_us"":674}}"
2026-02-01T15:29:06.872,"{""ai"":{""class"":3,""confidence"":0.79,""time_us"":673}}"
2026-02-01T15:29:10.157,"{""ai"":{""class"":3,""confidence"":0.81,""time_us"":675}}"
2026-02-01T15:29:13.486,"{""ai"":{""class"":3,""confidence"":0.79,""time_us"":674}}"
2026-02-01T15:29:16.772,"{""ai"":{""class"":3,""confidence"":0.79,""time_us"":674}}"
2026-02-01T15:29:20.057,"{""ai"":{""class"":3,""confidence"":0.79,""time_us"":674}}"
2026-02-01T15:29:23.387,"{""ai"":{""class"":3,""confidence"":0.79,""time_us"":674}}"
2026-02-01T15:29:26.672,"{""ai"":{""class"":3,""confidence"":0.79,""time_us"":674}}"
2026-02-01T15:29:30.004,"{""ai"":{""class"":3,""confidence"":0.79,""time_us"":674}}"
2026-02-01T15:29:33.287,"{""ai"":{""class"":3,""confidence"":0.79,""time_us"":674}}"
2026-02-01T15:29:36.617,"{""ai"":{""class"":3,""confidence"":0.79,""time_us"":674}}"
2026-02-01T15:29:39.902,"{""ai"":{""class"":3,""confidence"":0.81,""time_us"":675}}"
2026-02-01T15:29:43.232,"{""ai"":{""class"":3,""confidence"":0.79,""time_us"":673}}"
2026-02-01T15:29:46.518,"{""ai"":{""class"":3,""confidence"":0.79,""time_us"":674}}"
2026-02-01T15:29:49.847,"{""ai"":{""class"":3,""confidence"":0.79,""time_us"":674}}"
2026-02-01T15:29:53.133,"{""ai"":{""class"":3,""confidence"":0.79,""time_us"":674}}"
2026-02-01T15:29:56.418,"{""ai"":{""class"":3,""confidence"":0.79,""time_us"":674}}"
2026-02-01T15:29:59.748,"{""ai"":{""class"":3,""confidence"":0.79,""time_us"":673}}"
2026-02-01T15:30:03.033,"{""ai"":{""class"":3,""confidence"":0.83,""time_us"":674}}"
2026-02-01T15:30:06.362,"{""ai"":{""class"":3,""confidence"":0.79,""time_us"":674}}"
2026-02-01T15:30:09.648,"{""ai"":{""class"":3,""confidence"":0.79,""time_us"":674}}"
2026-02-01T15:30:12.978,"{""ai"":{""class"":3,""confidence"":0.79,""time_us"":674}}"
2026-02-01T15:30:16.263,"{""ai"":{""class"":3,""confidence"":0.79,""time_us"":673}}"
2026-02-01T15:30:19.593,"{""ai"":{""class"":3,""confidence"":0.79,""time_us"":673}}"
2026-02-01T15:30:22.878,"{""ai"":{""class"":3,""confidence"":0.79,""time_us"":673}}"
2026-02-01T15:30:26.163,"{""ai"":{""class"":3,""confidence"":0.79,""time_us"":673}}"
2026-02-01T15:30:29.493,"{""ai"":{""class"":3,""confidence"":0.79,""time_us"":674}}"
2026-02-01T15:30:32.777,"{""ai"":{""class"":3,""confidence"":0.79,""time_us"":674}}"
2026-02-01T15:30:36.109,"{""ai"":{""class"":3,""confidence"":0.79,""time_us"":674}}"
2026-02-01T15:30:39.392,"{""ai"":{""class"":3,""confidence"":0.79,""time_us"":673}}"
2026-02-01T15:30:42.724,"{""ai"":{""class"":3,""confidence"":0.79,""time_us"":674}}"
2026-02-01T15:30:46.008,"{""ai"":{""class"":3,""confidence"":0.79,""time_us"":674}}"
2026-02-01T15:30:49.339,"{""ai"":{""class"":3,""confidence"":0.79,""time_us"":674}}"
2026-02-01T15:30:52.624,"{""ai"":{""class"":3,""confidence"":0.79,""time_us"":674}}"
2026-02-01T15:30:55.953,"{""ai"":{""class"":3,""confidence"":0.79,""time_us"":674}}"
2026-02-01T15:30:59.238,"{""ai"":{""class"":3,""confidence"":0.79,""time_us"":674}}"
2026-02-01T15:31:02.524,"{""ai"":{""class"":3,""confidence"":0.79,""time_us"":674}}"
2026-02-01T15:31:05.854,"{""ai"":{""class"":3,""confidence"":0.79,""time_us"":674}}"
2026-02-01T15:31:09.139,"{""ai"":{""class"":3,""confidence"":0.79,""time_us"":673}}"
2026-02-01T15:31:12.469,"{""ai"":{""class"":3,""confidence"":0.79,""time_us"":674}}"
2026-02-01T15:31:15.755,"{""ai"":{""class"":3,""confidence"":0.79,""time_us"":673}}"
2026-02-01T15:31:19.085,"{""ai"":{""class"":3,""confidence"":0.81,""time_us"":675}}"
2026-02-01T15:31:22.369,"{""ai"":{""class"":3,""confidence"":0.79,""time_us"":674}}"
2026-02-01T15:31:25.699,"{""ai"":{""class"":3,""confidence"":0.79,""time_us"":673}}"
2026-02-01T15:31:28.985,"{""ai"":{""class"":3,""confidence"":0.79,""time_us"":674}}"
2026-02-01T15:31:32.270,"{""ai"":{""class"":3,""confidence"":0.79,""time_us"":673}}"
2026-02-01T15:31:35.600,"{""ai"":{""class"":3,""confidence"":0.79,""time_us"":674}}"
2026-02-01T15:31:38.885,"{""ai"":{""class"":3,""confidence"":0.79,""time_us"":674}}"
2026-02-01T15:31:42.214,"{""ai"":{""class"":3,""confidence"":0.79,""time_us"":674}}"
2026-02-01T15:31:45.500,"{""ai"":{""class"":3,""confidence"":0.79,""time_us"":674}}"
2026-02-01T15:31:48.830,"{""ai"":{""class"":3,""confidence"":0.79,""time_us"":674}}"
2026-02-01T15:31:52.115,"{""ai"":{""class"":3,""confidence"":0.79,""time_us"":674}}"
2026-02-01T15:31:55.444,"{""ai"":{""class"":3,""confidence"":0.79,""time_us"":674}}"
2026-02-01T15:31:58.731,"{""ai"":{""class"":3,""confidence"":0.79,""time_us"":673}}"
2026-02-01T15:32:02.060,"{""ai"":{""class"":3,""confidence"":0.79,""time_us"":674}}"
2026-02-01T15:32:05.344,"{""ai"":{""class"":3,""confidence"":0.79,""time_us"":674}}"
2026-02-01T15:32:08.630,"{""ai"":{""class"":3,""confidence"":0.79,""time_us"":674}}"
2026-02-01T15:32:11.961,"{""ai"":{""class"":3,""confidence"":0.79,""time_us"":674}}"
2026-02-01T15:32:15.245,"{""ai"":{""class"":3,""confidence"":0.79,""time_us"":674}}"
2026-02-01T15:32:18.576,"{""ai"":{""class"":3,""confidence"":0.79,""time_us"":674}}"
2026-02-01T15:32:21.860,"{""ai"":{""class"":3,""confidence"":0.79,""time_us"":673}}"
2026-02-01T15:32:25.191,"{""ai"":{""class"":3,""confidence"":0.79,""time_us"":674}}"
2026-02-01T15:32:28.476,"{""ai"":{""class"":3,""confidence"":0.79,""time_us"":674}}"
2026-02-01T15:32:31.807,"{""ai"":{""class"":3,""confidence"":0.79,""time_us"":674}}"
2026-02-01T15:32:35.091,"{""ai"":{""class"":3,""confidence"":0.79,""time_us"":674}}"
2026-02-01T15:32:38.376,"{""ai"":{""class"":3,""confidence"":0.79,""time_us"":673}}"
2026-02-01T15:32:41.706,"{""ai"":{""class"":3,""confidence"":0.79,""time_us"":673}}"
2026-02-01T15:32:44.991,"{""ai"":{""class"":3,""confidence"":0.79,""time_us"":673}}"
2026-02-01T15:32:48.321,"{""ai"":{""class"":3,""confidence"":0.79,""time_us"":673}}"
2026-02-01T15:32:51.606,"{""ai"":{""class"":3,""confidence"":0.79,""time_us"":674}}"
2026-02-01T15:32:54.936,"{""ai"":{""class"":3,""confidence"":0.79,""time_us"":673}}"
2026-02-01T15:32:58.221,"{""ai"":{""class"":3,""confidence"":0.81,""time_us"":675}}"
2026-02-01T15:33:01.551,"{""ai"":{""class"":3,""confidence"":0.79,""time_us"":674}}"
2026-02-01T15:33:04.836,"{""ai"":{""class"":3,""confidence"":0.79,""time_us"":674}}"
2026-02-01T15:33:08.121,"{""ai"":{""class"":3,""confidence"":0.79,""time_us"":674}}"
2026-02-01T15:33:11.452,"{""ai"":{""class"":3,""confidence"":0.79,""time_us"":674}}"
2026-02-01T15:33:14.737,"{""ai"":{""class"":3,""confidence"":0.79,""time_us"":673}}"
2026-02-01T15:33:18.067,"{""ai"":{""class"":3,""confidence"":0.79,""time_us"":674}}"
2026-02-01T15:33:21.352,"{""ai"":{""class"":3,""confidence"":0.79,""time_us"":674}}"
2026-02-01T15:33:24.681,"{""ai"":{""class"":3,""confidence"":0.79,""time_us"":674}}"
2026-02-01T15:33:27.966,"{""ai"":{""class"":3,""confidence"":0.79,""time_us"":674}}"
2026-02-01T15:33:31.296,"{""ai"":{""class"":3,""confidence"":0.79,""time_us"":674}}"
2026-02-01T15:33:34.581,"{""ai"":{""class"":3,""confidence"":0.79,""time_us"":674}}"
2026-02-01T15:33:37.911,"{""ai"":{""class"":3,""confidence"":0.79,""time_us"":674}}"
2026-02-01T15:33:41.196,"{""ai"":{""class"":3,""confidence"":0.79,""time_us"":673}}"
2026-02-01T15:33:44.480,"{""ai"":{""class"":3,""confidence"":0.81,""time_us"":675}}"
2026-02-01T15:33:47.810,"{""ai"":{""class"":3,""confidence"":0.79,""time_us"":674}}"
2026-02-01T15:33:51.095,"{""ai"":{""class"":3,""confidence"":0.79,""time_us"":674}}"
2026-02-01T15:33:54.425,"{""ai"":{""class"":3,""confidence"":0.81,""time_us"":675}}"
2026-02-01T15:33:57.710,"{""ai"":{""class"":3,""confidence"":0.79,""time_us"":673}}"
2026-02-01T15:34:01.041,"{""ai"":{""class"":3,""confidence"":0.79,""time_us"":674}}"
2026-02-01T15:34:04.325,"{""ai"":{""class"":3,""confidence"":0.79,""time_us"":673}}"
2026-02-01T15:34:07.654,"{""ai"":{""class"":3,""confidence"":0.81,""time_us"":675}}"
2026-02-01T15:34:10.939,"{""ai"":{""class"":3,""confidence"":0.79,""time_us"":673}}"
2026-02-01T15:34:14.269,"{""ai"":{""class"":3,""confidence"":0.83,""time_us"":673}}"
2026-02-01T15:34:17.554,"{""ai"":{""class"":3,""confidence"":0.79,""time_us"":674}}"
2026-02-01T15:34:20.839,"{""ai"":{""class"":3,""confidence"":0.79,""time_us"":674}}"
2026-02-01T15:34:24.169,"{""ai"":{""class"":3,""confidence"":0.79,""time_us"":673}}"
2026-02-01T15:34:27.453,"{""ai"":{""class"":3,""confidence"":0.79,""time_us"":674}}"
2026-02-01T15:34:30.828,"{""ai"":{""class"":3,""confidence"":0.83,""time_us"":673}}"
2026-02-01T15:34:34.067,"{""ai"":{""class"":3,""confidence"":0.83,""time_us"":673}}"
2026-02-01T15:34:37.398,"{""ai"":{""class"":3,""confidence"":0.79,""time_us"":674}}"
2026-02-01T15:34:40.683,"{""ai"":{""class"":3,""confidence"":0.79,""time_us"":673}}"
2026-02-01T15:34:44.013,"{""ai"":{""class"":3,""confidence"":0.81,""time_us"":675}}"
2026-02-01T15:34:47.297,"{""ai"":{""class"":3,""confidence"":0.79,""time_us"":674}}"
2026-02-01T15:34:50.583,"{""ai"":{""class"":3,""confidence"":0.79,""time_us"":674}}"
2026-02-01T15:34:53.912,"{""ai"":{""class"":3,""confidence"":0.79,""time_us"":674}}"
2026-02-01T15:34:57.197,"{""ai"":{""class"":3,""confidence"":0.79,""time_us"":674}}"
2026-02-01T15:35:00.527,"{""ai"":{""class"":3,""confidence"":0.79,""time_us"":674}}"
2026-02-01T15:35:03.812,"{""ai"":{""class"":3,""confidence"":0.79,""time_us"":674}}"
2026-02-01T15:35:07.142,"{""ai"":{""class"":3,""confidence"":0.79,""time_us"":673}}"
2026-02-01T15:35:10.427,"{""ai"":{""class"":3,""confidence"":0.79,""time_us"":674}}"
2026-02-01T15:35:13.757,"{""ai"":{""class"":3,""confidence"":0.79,""time_us"":674}}"
2026-02-01T15:35:17.040,"{""ai"":{""class"":3,""confidence"":0.79,""time_us"":674}}"
2026-02-01T15:35:20.372,"{""ai"":{""class"":3,""confidence"":0.79,""time_us"":673}}"
2026-02-01T15:35:23.656,"{""ai"":{""class"":3,""confidence"":0.79,""time_us"":674}}"
2026-02-01T15:35:26.941,"{""ai"":{""class"":3,""confidence"":0.79,""time_us"":674}}"
2026-02-01T15:35:30.271,"{""ai"":{""class"":3,""confidence"":0.79,""time_us"":674}}"
2026-02-01T15:35:33.556,"{""ai"":{""class"":3,""confidence"":0.81,""time_us"":675}}"
2026-02-01T15:35:36.886,"{""ai"":{""class"":3,""confidence"":0.81,""time_us"":675}}"
2026-02-01T15:35:40.171,"{""ai"":{""class"":3,""confidence"":0.79,""time_us"":674}}"
2026-02-01T15:35:43.500,"{""ai"":{""class"":3,""confidence"":0.79,""time_us"":674}}"
2026-02-01T15:35:46.785,"{""ai"":{""class"":3,""confidence"":0.79,""time_us"":674}}"
2026-02-01T15:35:50.115,"{""ai"":{""class"":3,""confidence"":0.79,""time_us"":674}}"
2026-02-01T15:35:53.400,"{""ai"":{""class"":3,""confidence"":0.79,""time_us"":674}}"
2026-02-01T15:35:56.685,"{""ai"":{""class"":3,""confidence"":0.79,""time_us"":674}}"
2026-02-01T15:36:00.015,"{""ai"":{""class"":3,""confidence"":0.79,""time_us"":674}}"
2026-02-01T15:36:03.300,"{""ai"":{""class"":3,""confidence"":0.79,""time_us"":674}}"
2026-02-01T15:36:06.628,"{""ai"":{""class"":3,""confidence"":0.79,""time_us"":674}}"
2026-02-01T15:36:09.914,"{""ai"":{""class"":3,""confidence"":0.79,""time_us"":673}}"
2026-02-01T15:36:13.244,"{""ai"":{""class"":3,""confidence"":0.79,""time_us"":673}}"
2026-02-01T15:36:16.528,"{""ai"":{""class"":3,""confidence"":0.79,""time_us"":673}}"
2026-02-01T15:36:19.858,"{""ai"":{""class"":3,""confidence"":0.79,""time_us"":710}}"
2026-02-01T15:36:23.144,"{""ai"":{""class"":3,""confidence"":0.79,""time_us"":673}}"
2026-02-01T15:36:26.474,"{""ai"":{""class"":3,""confidence"":0.79,""time_us"":674}}"
2026-02-01T15:36:29.759,"{""ai"":{""class"":3,""confidence"":0.79,""time_us"":674}}"
2026-02-01T15:36:33.044,"{""ai"":{""class"":3,""confidence"":0.79,""time_us"":674}}"
2026-02-01T15:36:36.373,"{""ai"":{""class"":3,""confidence"":0.79,""time_us"":674}}"
2026-02-01T15:36:39.703,"{""ai"":{""class"":3,""confidence"":0.79,""time_us"":674}}"
2026-02-01T15:36:42.988,"{""ai"":{""class"":3,""confidence"":0.79,""time_us"":673}}"
2026-02-01T15:36:46.273,"{""ai"":{""class"":3,""confidence"":0.81,""time_us"":675}}"
2026-02-01T15:36:49.603,"{""ai"":{""class"":3,""confidence"":0.79,""time_us"":674}}"
2026-02-01T15:36:52.888,"{""ai"":{""class"":3,""confidence"":0.79,""time_us"":674}}"
2026-02-01T15:36:56.218,"{""ai"":{""class"":3,""confidence"":0.79,""time_us"":673}}"
2026-02-01T15:36:59.503,"{""ai"":{""class"":3,""confidence"":0.79,""time_us"":674}}"
2026-02-01T15:37:02.788,"{""ai"":{""class"":3,""confidence"":0.83,""time_us"":673}}"
2026-02-01T15:37:06.118,"{""ai"":{""class"":3,""confidence"":0.81,""time_us"":675}}"
2026-02-01T15:37:09.402,"{""ai"":{""class"":3,""confidence"":0.79,""time_us"":674}}"
2026-02-01T15:37:12.732,"{""ai"":{""class"":3,""confidence"":0.79,""time_us"":673}}"
2026-02-01T15:37:16.016,"{""ai"":{""class"":3,""confidence"":0.79,""time_us"":674}}"
2026-02-01T15:37:19.346,"{""ai"":{""class"":3,""confidence"":0.79,""time_us"":674}}"
2026-02-01T15:37:22.632,"{""ai"":{""class"":3,""confidence"":0.79,""time_us"":673}}"
2026-02-01T15:37:25.962,"{""ai"":{""class"":3,""confidence"":0.79,""time_us"":674}}"
2026-02-01T15:37:29.246,"{""ai"":{""class"":3,""confidence"":0.79,""time_us"":673}}"
2026-02-01T15:37:32.577,"{""ai"":{""class"":3,""confidence"":0.79,""time_us"":674}}"
2026-02-01T15:37:35.861,"{""ai"":{""class"":3,""confidence"":0.79,""time_us"":674}}"
2026-02-01T15:37:39.147,"{""ai"":{""class"":3,""confidence"":0.79,""time_us"":674}}"
2026-02-01T15:37:42.477,"{""ai"":{""class"":3,""confidence"":0.81,""time_us"":675}}"
2026-02-01T15:37:45.761,"{""ai"":{""class"":3,""confidence"":0.79,""time_us"":673}}"
2026-02-01T15:37:49.091,"{""ai"":{""class"":3,""confidence"":0.81,""time_us"":675}}"
2026-02-01T15:37:52.376,"{""ai"":{""class"":3,""confidence"":0.79,""time_us"":674}}"
2026-02-01T15:37:55.706,"{""ai"":{""class"":3,""confidence"":0.79,""time_us"":674}}"
2026-02-01T15:37:58.990,"{""ai"":{""class"":3,""confidence"":0.81,""time_us"":675}}"
2026-02-01T15:38:02.321,"{""ai"":{""class"":3,""confidence"":0.79,""time_us"":674}}"
2026-02-01T15:38:05.606,"{""ai"":{""class"":3,""confidence"":0.79,""time_us"":673}}"
2026-02-01T15:38:08.891,"{""ai"":{""class"":3,""confidence"":0.81,""time_us"":675}}"
2026-02-01T15:38:12.220,"{""ai"":{""class"":3,""confidence"":0.79,""time_us"":674}}"
2026-02-01T15:38:15.506,"{""ai"":{""class"":3,""confidence"":0.77,""time_us"":675}}"
2026-02-01T15:38:18.836,"{""ai"":{""class"":3,""confidence"":0.79,""time_us"":674}}"
2026-02-01T15:38:22.120,"{""ai"":{""class"":3,""confidence"":0.83,""time_us"":673}}"
2026-02-01T15:38:25.451,"{""ai"":{""class"":3,""confidence"":0.79,""time_us"":673}}"
2026-02-01T15:38:28.735,"{""ai"":{""class"":3,""confidence"":0.81,""time_us"":674}}"
2026-02-01T15:38:32.065,"{""ai"":{""class"":3,""confidence"":0.79,""time_us"":674}}"
2026-02-01T15:38:35.350,"{""ai"":{""class"":3,""confidence"":0.79,""time_us"":674}}"
2026-02-01T15:38:38.680,"{""ai"":{""class"":3,""confidence"":0.79,""time_us"":674}}"
2026-02-01T15:38:41.965,"{""ai"":{""class"":3,""confidence"":0.81,""time_us"":675}}"
2026-02-01T15:38:45.250,"{""ai"":{""class"":3,""confidence"":0.79,""time_us"":673}}"
2026-02-01T15:38:48.579,"{""ai"":{""class"":3,""confidence"":0.79,""time_us"":674}}"
2026-02-01T15:38:51.864,"{""ai"":{""class"":3,""confidence"":0.81,""time_us"":675}}"
2026-02-01T15:38:55.195,"{""ai"":{""class"":3,""confidence"":0.79,""time_us"":674}}"
2026-02-01T15:38:58.480,"{""ai"":{""class"":3,""confidence"":0.81,""time_us"":675}}"
2026-02-01T15:39:01.810,"{""ai"":{""class"":3,""confidence"":0.79,""time_us"":673}}"
2026-02-01T15:39:05.094,"{""ai"":{""class"":3,""confidence"":0.79,""time_us"":674}}"
2026-02-01T15:39:08.424,"{""ai"":{""class"":3,""confidence"":0.79,""time_us"":674}}"
2026-02-01T15:39:11.709,"{""ai"":{""class"":3,""confidence"":0.79,""time_us"":674}}"
2026-02-01T15:39:14.994,"{""ai"":{""class"":3,""confidence"":0.81,""time_us"":675}}"
2026-02-01T15:39:18.324,"{""ai"":{""class"":3,""confidence"":0.79,""time_us"":674}}"
2026-02-01T15:39:21.609,"{""ai"":{""class"":3,""confidence"":0.79,""time_us"":674}}"
2026-02-01T15:39:24.939,"{""ai"":{""class"":3,""confidence"":0.81,""time_us"":675}}"
2026-02-01T15:39:28.224,"{""ai"":{""class"":3,""confidence"":0.79,""time_us"":673}}"
2026-02-01T15:39:31.554,"{""ai"":{""class"":3,""confidence"":0.81,""time_us"":675}}"
2026-02-01T15:39:34.839,"{""ai"":{""class"":3,""confidence"":0.79,""time_us"":674}}"
2026-02-01T15:39:38.169,"{""ai"":{""class"":3,""confidence"":0.79,""time_us"":673}}"
2026-02-01T15:39:41.454,"{""ai"":{""class"":3,""confidence"":0.79,""time_us"":673}}"
2026-02-01T15:39:44.738,"{""ai"":{""class"":3,""confidence"":0.83,""time_us"":673}}"
2026-02-01T15:39:48.068,"{""ai"":{""class"":3,""confidence"":0.79,""time_us"":674}}"
2026-02-01T15:39:51.354,"{""ai"":{""class"":3,""confidence"":0.79,""time_us"":673}}"
2026-02-01T15:39:54.683,"{""ai"":{""class"":3,""confidence"":0.79,""time_us"":674}}"
2026-02-01T15:39:57.968,"{""ai"":{""class"":3,""confidence"":0.79,""time_us"":674}}"
2026-02-01T15:40:01.298,"{""ai"":{""class"":3,""confidence"":0.79,""time_us"":674}}"
2026-02-01T15:40:04.583,"{""ai"":{""class"":3,""confidence"":0.79,""time_us"":674}}"
2026-02-01T15:40:07.913,"{""ai"":{""class"":3,""confidence"":0.79,""time_us"":674}}"
2026-02-01T15:40:11.198,"{""ai"":{""class"":3,""confidence"":0.79,""time_us"":674}}"
2026-02-01T15:40:14.528,"{""ai"":{""class"":3,""confidence"":0.79,""time_us"":674}}"
2026-02-01T15:40:17.813,"{""ai"":{""class"":3,""confidence"":0.79,""time_us"":674}}"
2026-02-01T15:40:21.098,"{""ai"":{""class"":3,""confidence"":0.79,""time_us"":674}}"
2026-02-01T15:40:24.427,"{""ai"":{""class"":3,""confidence"":0.79,""time_us"":674}}"
2026-02-01T15:40:27.713,"{""ai"":{""class"":3,""confidence"":0.79,""time_us"":674}}"
2026-02-01T15:40:31.042,"{""ai"":{""class"":3,""confidence"":0.79,""time_us"":674}}"
2026-02-01T15:40:34.327,"{""ai"":{""class"":3,""confidence"":0.79,""time_us"":673}}"
2026-02-01T15:40:37.657,"{""ai"":{""class"":3,""confidence"":0.79,""time_us"":674}}"
2026-02-01T15:40:40.942,"{""ai"":{""class"":3,""confidence"":0.79,""time_us"":674}}"
2026-02-01T15:40:44.317,"{""ai"":{""class"":3,""confidence"":0.79,""time_us"":674}}"
2026-02-01T15:40:47.557,"{""ai"":{""class"":3,""confidence"":0.79,""time_us"":674}}"
2026-02-01T15:40:50.842,"{""ai"":{""class"":3,""confidence"":0.79,""time_us"":674}}"
2026-02-01T15:40:54.172,"{""ai"":{""class"":3,""confidence"":0.79,""time_us"":674}}"
2026-02-01T15:40:57.457,"{""ai"":{""class"":3,""confidence"":0.79,""time_us"":674}}"
2026-02-01T15:41:00.787,"{""ai"":{""class"":3,""confidence"":0.79,""time_us"":674}}"
2026-02-01T15:41:04.073,"{""ai"":{""class"":3,""confidence"":0.81,""time_us"":674}}"
2026-02-01T15:41:07.402,"{""ai"":{""class"":3,""confidence"":0.79,""time_us"":674}}"
2026-02-01T15:41:10.687,"{""ai"":{""class"":3,""confidence"":0.79,""time_us"":674}}"
2026-02-01T15:41:14.017,"{""ai"":{""class"":3,""confidence"":0.79,""time_us"":674}}"
2026-02-01T15:41:17.302,"{""ai"":{""class"":3,""confidence"":0.79,""time_us"":673}}"
2026-02-01T15:41:20.631,"{""ai"":{""class"":3,""confidence"":0.79,""time_us"":674}}"
2026-02-01T15:41:23.917,"{""ai"":{""class"":3,""confidence"":0.79,""time_us"":673}}"
2026-02-01T15:41:27.202,"{""ai"":{""class"":3,""confidence"":0.79,""time_us"":673}}"
2026-02-01T15:41:30.531,"{""ai"":{""class"":3,""confidence"":0.81,""time_us"":675}}"
2026-02-01T15:41:33.816,"{""ai"":{""class"":3,""confidence"":0.79,""time_us"":674}}"
2026-02-01T15:41:37.146,"{""ai"":{""class"":3,""confidence"":0.79,""time_us"":674}}"
2026-02-01T15:41:40.432,"{""ai"":{""class"":3,""confidence"":0.79,""time_us"":674}}"
2026-02-01T15:41:43.761,"{""ai"":{""class"":3,""confidence"":0.79,""time_us"":674}}"
2026-02-01T15:41:47.046,"{""ai"":{""class"":3,""confidence"":0.79,""time_us"":674}}"
2026-02-01T15:41:50.376,"{""ai"":{""class"":3,""confidence"":0.79,""time_us"":674}}"
2026-02-01T15:41:53.706,"{""ai"":{""class"":3,""confidence"":0.79,""time_us"":674}}"
2026-02-01T15:41:56.946,"{""ai"":{""class"":3,""confidence"":0.79,""time_us"":673}}"
2026-02-01T15:42:00.276,"{""ai"":{""class"":3,""confidence"":0.79,""time_us"":674}}"
2026-02-01T15:42:03.561,"{""ai"":{""class"":3,""confidence"":0.79,""time_us"":674}}"
2026-02-01T15:42:06.891,"{""ai"":{""class"":3,""confidence"":0.79,""time_us"":674}}"
2026-02-01T15:42:10.176,"{""ai"":{""class"":3,""confidence"":0.79,""time_us"":674}}"
2026-02-01T15:42:13.506,"{""ai"":{""class"":3,""confidence"":0.79,""time_us"":674}}"
2026-02-01T15:42:16.791,"{""ai"":{""class"":3,""confidence"":0.79,""time_us"":673}}"
2026-02-01T15:42:20.120,"{""ai"":{""class"":3,""confidence"":0.79,""time_us"":674}}"
2026-02-01T15:42:23.406,"{""ai"":{""class"":3,""confidence"":0.79,""time_us"":673}}"
2026-02-01T15:42:26.736,"{""ai"":{""class"":3,""confidence"":0.79,""time_us"":674}}"
2026-02-01T15:42:30.019,"{""ai"":{""class"":3,""confidence"":0.79,""time_us"":674}}"
2026-02-01T15:42:33.306,"{""ai"":{""class"":3,""confidence"":0.79,""time_us"":674}}"
2026-02-01T15:42:36.636,"{""ai"":{""class"":3,""confidence"":0.79,""time_us"":674}}"
2026-02-01T15:42:39.920,"{""ai"":{""class"":3,""confidence"":0.79,""time_us"":674}}"
2026-02-01T15:42:43.249,"{""ai"":{""class"":3,""confidence"":0.79,""time_us"":674}}"
2026-02-01T15:42:46.535,"{""ai"":{""class"":3,""confidence"":0.79,""time_us"":673}}"
2026-02-01T15:42:49.864,"{""ai"":{""class"":3,""confidence"":0.79,""time_us"":673}}"
2026-02-01T15:42:53.195,"{""ai"":{""class"":3,""confidence"":0.79,""time_us"":673}}"
2026-02-01T15:42:56.480,"{""ai"":{""class"":3,""confidence"":0.79,""time_us"":673}}"
2026-02-01T15:42:59.765,"{""ai"":{""class"":3,""confidence"":0.79,""time_us"":674}}"
2026-02-01T15:43:03.095,"{""ai"":{""class"":3,""confidence"":0.79,""time_us"":674}}"
2026-02-01T15:43:06.380,"{""ai"":{""class"":3,""confidence"":0.79,""time_us"":674}}"
2026-02-01T15:43:09.665,"{""ai"":{""class"":3,""confidence"":0.79,""time_us"":674}}"
2026-02-01T15:43:12.995,"{""ai"":{""class"":3,""confidence"":0.79,""time_us"":674}}"
2026-02-01T15:43:16.280,"{""ai"":{""class"":3,""confidence"":0.79,""time_us"":674}}"
2026-02-01T15:43:19.610,"{""ai"":{""class"":3,""confidence"":0.79,""time_us"":674}}"
2026-02-01T15:43:22.894,"{""ai"":{""class"":3,""confidence"":0.81,""time_us"":675}}"
2026-02-01T15:43:26.225,"{""ai"":{""class"":3,""confidence"":0.79,""time_us"":674}}"
2026-02-01T15:43:29.510,"{""ai"":{""class"":3,""confidence"":0.79,""time_us"":673}}"
2026-02-01T15:43:32.840,"{""ai"":{""class"":3,""confidence"":0.79,""time_us"":674}}"
2026-02-01T15:43:36.125,"{""ai"":{""class"":3,""confidence"":0.79,""time_us"":673}}"
2026-02-01T15:43:39.410,"{""ai"":{""class"":3,""confidence"":0.79,""time_us"":674}}"
2026-02-01T15:43:42.741,"{""ai"":{""class"":3,""confidence"":0.79,""time_us"":674}}"
2026-02-01T15:43:46.025,"{""ai"":{""class"":3,""confidence"":0.79,""time_us"":674}}"
2026-02-01T15:43:49.354,"{""ai"":{""class"":3,""confidence"":0.81,""time_us"":675}}"
2026-02-01T15:43:52.638,"{""ai"":{""class"":3,""confidence"":0.79,""time_us"":674}}"
2026-02-01T15:43:55.969,"{""ai"":{""class"":3,""confidence"":0.79,""time_us"":674}}"
2026-02-01T15:43:59.255,"{""ai"":{""class"":3,""confidence"":0.79,""time_us"":674}}"
2026-02-01T15:44:02.585,"{""ai"":{""class"":3,""confidence"":0.81,""time_us"":675}}"
2026-02-01T15:44:05.869,"{""ai"":{""class"":3,""confidence"":0.81,""time_us"":675}}"
2026-02-01T15:44:09.200,"{""ai"":{""class"":3,""confidence"":0.79,""time_us"":674}}"
2026-02-01T15:44:12.484,"{""ai"":{""class"":3,""confidence"":0.79,""time_us"":674}}"
2026-02-01T15:44:15.769,"{""ai"":{""class"":3,""confidence"":0.79,""time_us"":674}}"
2026-02-01T15:44:19.100,"{""ai"":{""class"":3,""confidence"":0.79,""time_us"":672}}"
2026-02-01T15:44:22.384,"{""ai"":{""class"":3,""confidence"":0.81,""time_us"":675}}"
2026-02-01T15:44:25.714,"{""ai"":{""class"":3,""confidence"":0.79,""time_us"":674}}"
2026-02-01T15:44:28.999,"{""ai"":{""class"":3,""confidence"":0.79,""time_us"":674}}"
2026-02-01T15:44:32.329,"{""ai"":{""class"":3,""confidence"":0.81,""time_us"":675}}"
2026-02-01T15:44:35.613,"{""ai"":{""class"":3,""confidence"":0.81,""time_us"":675}}"
2026-02-01T15:44:38.944,"{""ai"":{""class"":3,""confidence"":0.79,""time_us"":674}}"
2026-02-01T15:44:42.229,"{""ai"":{""class"":3,""confidence"":0.79,""time_us"":672}}"
2026-02-01T15:44:45.559,"{""ai"":{""class"":3,""confidence"":0.79,""time_us"":674}}"
2026-02-01T15:44:48.844,"{""ai"":{""class"":3,""confidence"":0.79,""time_us"":674}}"
2026-02-01T15:44:52.129,"{""ai"":{""class"":3,""confidence"":0.81,""time_us"":675}}"
2026-02-01T15:44:55.459,"{""ai"":{""class"":3,""confidence"":0.79,""time_us"":674}}"
2026-02-01T15:44:58.744,"{""ai"":{""class"":3,""confidence"":0.81,""time_us"":675}}"
2026-02-01T15:45:02.074,"{""ai"":{""class"":3,""confidence"":0.79,""time_us"":674}}"
2026-02-01T15:45:05.359,"{""ai"":{""class"":3,""confidence"":0.79,""time_us"":674}}"
2026-02-01T15:45:08.689,"{""ai"":{""class"":3,""confidence"":0.79,""time_us"":673}}"
2026-02-01T15:45:11.974,"{""ai"":{""class"":3,""confidence"":0.79,""time_us"":674}}"
2026-02-01T15:45:15.258,"{""ai"":{""class"":3,""confidence"":0.81,""time_us"":675}}"
2026-02-01T15:45:18.589,"{""ai"":{""class"":3,""confidence"":0.81,""time_us"":675}}"
2026-02-01T15:45:21.875,"{""ai"":{""class"":3,""confidence"":0.79,""time_us"":673}}"
2026-02-01T15:45:25.204,"{""ai"":{""class"":3,""confidence"":0.81,""time_us"":674}}"
2026-02-01T15:45:28.489,"{""ai"":{""class"":3,""confidence"":0.79,""time_us"":674}}"
2026-02-01T15:45:31.864,"{""ai"":{""class"":3,""confidence"":0.79,""time_us"":674}}"
2026-02-01T15:45:35.105,"{""ai"":{""class"":3,""confidence"":0.83,""time_us"":674}}"
2026-02-01T15:45:38.434,"{""ai"":{""class"":3,""confidence"":0.79,""time_us"":673}}"
2026-02-01T15:45:41.719,"{""ai"":{""class"":3,""confidence"":0.81,""time_us"":674}}"
2026-02-01T15:45:45.049,"{""ai"":{""class"":3,""confidence"":0.79,""time_us"":674}}"
2026-02-01T15:45:48.334,"{""ai"":{""class"":3,""confidence"":0.79,""time_us"":673}}"
2026-02-01T15:45:51.619,"{""ai"":{""class"":3,""confidence"":0.79,""time_us"":674}}"
2026-02-01T15:45:54.949,"{""ai"":{""class"":3,""confidence"":0.79,""time_us"":674}}"
2026-02-01T15:45:58.234,"{""ai"":{""class"":3,""confidence"":0.79,""time_us"":674}}"
2026-02-01T15:46:01.564,"{""ai"":{""class"":3,""confidence"":0.79,""time_us"":674}}"
2026-02-01T15:46:04.849,"{""ai"":{""class"":3,""confidence"":0.79,""time_us"":674}}"
2026-02-01T15:46:08.179,"{""ai"":{""class"":3,""confidence"":0.79,""time_us"":674}}"
2026-02-01T15:46:11.464,"{""ai"":{""class"":3,""confidence"":0.79,""time_us"":674}}"
2026-02-01T15:46:14.794,"{""ai"":{""class"":3,""confidence"":0.79,""time_us"":673}}"
2026-02-01T15:46:18.078,"{""ai"":{""class"":3,""confidence"":0.79,""time_us"":674}}"
2026-02-01T15:46:21.364,"{""ai"":{""class"":3,""confidence"":0.81,""time_us"":675}}"
2026-02-01T15:46:24.693,"{""ai"":{""class"":3,""confidence"":0.81,""time_us"":675}}"
2026-02-01T15:46:27.979,"{""ai"":{""class"":3,""confidence"":0.77,""time_us"":674}}"
2026-02-01T15:46:31.308,"{""ai"":{""class"":3,""confidence"":0.83,""time_us"":673}}"
2026-02-01T15:46:34.594,"{""ai"":{""class"":3,""confidence"":0.79,""time_us"":674}}"
2026-02-01T15:46:37.924,"{""ai"":{""class"":3,""confidence"":0.79,""time_us"":674}}"
2026-02-01T15:46:41.209,"{""ai"":{""class"":3,""confidence"":0.79,""time_us"":673}}"
2026-02-01T15:46:44.538,"{""ai"":{""class"":3,""confidence"":0.79,""time_us"":674}}"
2026-02-01T15:46:47.823,"{""ai"":{""class"":3,""confidence"":0.79,""time_us"":674}}"
2026-02-01T15:46:51.152,"{""ai"":{""class"":3,""confidence"":0.79,""time_us"":674}}"
2026-02-01T15:46:54.438,"{""ai"":{""class"":3,""confidence"":0.79,""time_us"":674}}"
2026-02-01T15:46:57.724,"{""ai"":{""class"":3,""confidence"":0.79,""time_us"":674}}"
2026-02-01T15:47:01.054,"{""ai"":{""class"":3,""confidence"":0.81,""time_us"":675}}"
2026-02-01T15:47:04.338,"{""ai"":{""class"":3,""confidence"":0.79,""time_us"":673}}"
2026-02-01T15:47:07.669,"{""ai"":{""class"":3,""confidence"":0.79,""time_us"":674}}"
2026-02-01T15:47:10.953,"{""ai"":{""class"":3,""confidence"":0.79,""time_us"":674}}"
2026-02-01T15:47:14.283,"{""ai"":{""class"":3,""confidence"":0.79,""time_us"":674}}"
2026-02-01T15:47:17.568,"{""ai"":{""class"":3,""confidence"":0.79,""time_us"":673}}"
2026-02-01T15:47:20.898,"{""ai"":{""class"":3,""confidence"":0.79,""time_us"":673}}"
2026-02-01T15:47:24.183,"{""ai"":{""class"":3,""confidence"":0.81,""time_us"":675}}"
2026-02-01T15:47:27.468,"{""ai"":{""class"":3,""confidence"":0.79,""time_us"":673}}"
2026-02-01T15:47:30.797,"{""ai"":{""class"":3,""confidence"":0.81,""time_us"":675}}"
2026-02-01T15:47:34.084,"{""ai"":{""class"":2,""confidence"":0.74,""time_us"":674}}"
2026-02-01T15:47:37.458,"{""ai"":{""class"":1,""confidence"":0.63,""time_us"":671}}"
2026-02-01T15:47:40.698,"{""ai"":{""class"":3,""confidence"":0.77,""time_us"":675}}"
2026-02-01T15:47:44.028,"{""ai"":{""class"":3,""confidence"":0.79,""time_us"":674}}"
2026-02-01T15:47:47.313,"{""ai"":{""class"":3,""confidence"":0.79,""time_us"":674}}"
2026-02-01T15:47:50.643,"{""ai"":{""class"":3,""confidence"":0.79,""time_us"":674}}"
2026-02-01T15:47:53.928,"{""ai"":{""class"":3,""confidence"":0.79,""time_us"":672}}"
2026-02-01T15:47:57.258,"{""ai"":{""class"":3,""confidence"":0.60,""time_us"":674}}"
2026-02-01T15:48:00.543,"{""ai"":{""class"":2,""confidence"":0.53,""time_us"":674}}"
2026-02-01T15:48:03.829,"{""ai"":{""class"":3,""confidence"":0.81,""time_us"":674}}"
2026-02-01T15:48:07.157,"{""ai"":{""class"":3,""confidence"":0.81,""time_us"":674}}"
2026-02-01T15:48:10.443,"{""ai"":{""class"":3,""confidence"":0.79,""time_us"":674}}"
2026-02-01T15:48:13.773,"{""ai"":{""class"":3,""confidence"":0.79,""time_us"":674}}"
2026-02-01T15:48:17.057,"{""ai"":{""class"":3,""confidence"":0.79,""time_us"":674}}"
2026-02-01T15:48:20.387,"{""ai"":{""class"":3,""confidence"":0.79,""time_us"":674}}"
2026-02-01T15:48:23.672,"{""ai"":{""class"":3,""confidence"":0.79,""time_us"":674}}"
2026-02-01T15:48:27.002,"{""ai"":{""class"":3,""confidence"":0.79,""time_us"":674}}"
2026-02-01T15:48:30.288,"{""ai"":{""class"":3,""confidence"":0.79,""time_us"":674}}"
2026-02-01T15:48:33.572,"{""ai"":{""class"":3,""confidence"":0.79,""time_us"":674}}"
2026-02-01T15:48:36.903,"{""ai"":{""class"":3,""confidence"":0.79,""time_us"":674}}"
2026-02-01T15:48:40.188,"{""ai"":{""class"":3,""confidence"":0.79,""time_us"":674}}"
2026-02-01T15:48:43.517,"{""ai"":{""class"":3,""confidence"":0.79,""time_us"":674}}"
2026-02-01T15:48:46.802,"{""ai"":{""class"":3,""confidence"":0.79,""time_us"":674}}"
2026-02-01T15:48:50.178,"{""ai"":{""class"":3,""confidence"":0.79,""time_us"":674}}"
2026-02-01T15:48:53.418,"{""ai"":{""class"":3,""confidence"":0.79,""time_us"":674}}"
2026-02-01T15:48:56.747,"{""ai"":{""class"":3,""confidence"":0.79,""time_us"":674}}"
2026-02-01T15:49:00.078,"{""ai"":{""class"":3,""confidence"":0.79,""time_us"":674}}"
2026-02-01T15:49:03.362,"{""ai"":{""class"":3,""confidence"":0.79,""time_us"":674}}"
2026-02-01T15:49:06.648,"{""ai"":{""class"":3,""confidence"":0.79,""time_us"":674}}"
2026-02-01T15:49:09.933,"{""ai"":{""class"":3,""confidence"":0.79,""time_us"":674}}"
2026-02-01T15:49:13.262,"{""ai"":{""class"":3,""confidence"":0.79,""time_us"":674}}"
2026-02-01T15:49:16.548,"{""ai"":{""class"":3,""confidence"":0.79,""time_us"":674}}"
2026-02-01T15:49:19.969,"{""ai"":{""class"":3,""confidence"":0.79,""time_us"":674}}"
2026-02-01T15:49:23.162,"{""ai"":{""class"":3,""confidence"":0.79,""time_us"":674}}"
2026-02-01T15:49:26.492,"{""ai"":{""class"":3,""confidence"":0.79,""time_us"":674}}"
2026-02-01T15:49:29.780,"{""ai"":{""class"":3,""confidence"":0.79,""time_us"":674}}"
2026-02-01T15:49:33.107,"{""ai"":{""class"":3,""confidence"":0.79,""time_us"":674}}"
2026-02-01T15:49:36.393,"{""ai"":{""class"":3,""confidence"":0.79,""time_us"":674}}"
2026-02-01T15:49:39.676,"{""ai"":{""class"":3,""confidence"":0.79,""time_us"":674}}"
2026-02-01T15:49:43.007,"{""ai"":{""class"":3,""confidence"":0.79,""time_us"":674}}"
2026-02-01T15:49:46.291,"{""ai"":{""class"":3,""confidence"":0.79,""time_us"":674}}"
2026-02-01T15:49:49.622,"{""ai"":{""class"":3,""confidence"":0.79,""time_us"":674}}"
2026-02-01T15:49:52.907,"{""ai"":{""class"":3,""confidence"":0.79,""time_us"":674}}"
2026-02-01T15:49:56.236,"{""ai"":{""class"":3,""confidence"":0.79,""time_us"":673}}"
2026-02-01T15:49:59.523,"{""ai"":{""class"":3,""confidence"":0.79,""time_us"":674}}"
2026-02-01T15:50:02.852,"{""ai"":{""class"":3,""confidence"":0.79,""time_us"":674}}"
2026-02-01T15:50:06.137,"{""ai"":{""class"":3,""confidence"":0.79,""time_us"":674}}"
2026-02-01T15:50:09.467,"{""ai"":{""class"":3,""confidence"":0.79,""time_us"":674}}"
2026-02-01T15:50:12.753,"{""ai"":{""class"":3,""confidence"":0.79,""time_us"":674}}"
2026-02-01T15:50:16.037,"{""ai"":{""class"":3,""confidence"":0.79,""time_us"":674}}"
2026-02-01T15:50:19.368,"{""ai"":{""class"":3,""confidence"":0.79,""time_us"":674}}"
2026-02-01T15:50:22.651,"{""ai"":{""class"":3,""confidence"":0.79,""time_us"":674}}"
2026-02-01T15:50:25.986,"{""ai"":{""class"":3,""confidence"":0.79,""time_us"":674}}"
2026-02-01T15:50:29.266,"{""ai"":{""class"":3,""confidence"":0.79,""time_us"":674}}"
2026-02-01T15:50:32.597,"{""ai"":{""class"":3,""confidence"":0.79,""time_us"":674}}"
2026-02-01T15:50:35.881,"{""ai"":{""class"":3,""confidence"":0.79,""time_us"":674}}"
2026-02-01T15:50:39.212,"{""ai"":{""class"":3,""confidence"":0.79,""time_us"":674}}"
2026-02-01T15:50:42.497,"{""ai"":{""class"":3,""confidence"":0.79,""time_us"":674}}"
2026-02-01T15:50:45.783,"{""ai"":{""class"":3,""confidence"":0.79,""time_us"":673}}"
2026-02-01T15:50:49.112,"{""ai"":{""class"":3,""confidence"":0.79,""time_us"":674}}"
2026-02-01T15:50:52.398,"{""ai"":{""class"":3,""confidence"":0.79,""time_us"":674}}"
2026-02-01T15:50:55.728,"{""ai"":{""class"":3,""confidence"":0.79,""time_us"":674}}"
2026-02-01T15:50:59.011,"{""ai"":{""class"":3,""confidence"":0.79,""time_us"":674}}"
2026-02-01T15:51:02.341,"{""ai"":{""class"":3,""confidence"":0.79,""time_us"":674}}"
2026-02-01T15:51:05.626,"{""ai"":{""class"":3,""confidence"":0.79,""time_us"":674}}"
2026-02-01T15:51:08.956,"{""ai"":{""class"":3,""confidence"":0.79,""time_us"":674}}"
2026-02-01T15:51:12.242,"{""ai"":{""class"":3,""confidence"":0.79,""time_us"":674}}"
2026-02-01T15:51:15.571,"{""ai"":{""class"":3,""confidence"":0.79,""time_us"":674}}"
2026-02-01T15:51:18.856,"{""ai"":{""class"":3,""confidence"":0.79,""time_us"":674}}"
2026-02-01T15:51:22.141,"{""ai"":{""class"":3,""confidence"":0.79,""time_us"":674}}"
2026-02-01T15:51:25.472,"{""ai"":{""class"":3,""confidence"":0.79,""time_us"":674}}"
2026-02-01T15:51:28.759,"{""ai"":{""class"":3,""confidence"":0.79,""time_us"":674}}"
2026-02-01T15:51:32.087,"{""ai"":{""class"":3,""confidence"":0.79,""time_us"":674}}"
2026-02-01T15:51:35.373,"{""ai"":{""class"":3,""confidence"":0.79,""time_us"":674}}"
2026-02-01T15:51:38.702,"{""ai"":{""class"":3,""confidence"":0.79,""time_us"":674}}"
2026-02-01T15:51:41.987,"{""ai"":{""class"":3,""confidence"":0.79,""time_us"":674}}"
2026-02-01T15:51:45.317,"{""ai"":{""class"":3,""confidence"":0.79,""time_us"":674}}"
2026-02-01T15:51:48.602,"{""ai"":{""class"":3,""confidence"":0.79,""time_us"":674}}"
2026-02-01T15:51:51.887,"{""ai"":{""class"":3,""confidence"":0.79,""time_us"":674}}"
2026-02-01T15:51:55.218,"{""ai"":{""class"":3,""confidence"":0.79,""time_us"":674}}"
2026-02-01T15:51:58.501,"{""ai"":{""class"":3,""confidence"":0.79,""time_us"":674}}"
2026-02-01T15:52:01.832,"{""ai"":{""class"":3,""confidence"":0.79,""time_us"":674}}"
2026-02-01T15:52:05.117,"{""ai"":{""class"":3,""confidence"":0.79,""time_us"":674}}"
2026-02-01T15:52:08.447,"{""ai"":{""class"":3,""confidence"":0.79,""time_us"":674}}"
2026-02-01T15:52:11.734,"{""ai"":{""class"":3,""confidence"":0.79,""time_us"":674}}"
2026-02-01T15:52:15.062,"{""ai"":{""class"":3,""confidence"":0.79,""time_us"":674}}"
2026-02-01T15:52:18.346,"{""ai"":{""class"":3,""confidence"":0.79,""time_us"":674}}"
2026-02-01T15:52:21.677,"{""ai"":{""class"":3,""confidence"":0.79,""time_us"":674}}"
2026-02-01T15:52:25.007,"{""ai"":{""class"":3,""confidence"":0.79,""time_us"":674}}"
2026-02-01T15:52:28.247,"{""ai"":{""class"":3,""confidence"":0.79,""time_us"":674}}"
2026-02-01T15:52:31.578,"{""ai"":{""class"":3,""confidence"":0.79,""time_us"":674}}"
2026-02-01T15:52:34.863,"{""ai"":{""class"":3,""confidence"":0.79,""time_us"":674}}"
2026-02-01T15:52:38.192,"{""ai"":{""class"":3,""confidence"":0.79,""time_us"":674}}"
2026-02-01T15:52:41.477,"{""ai"":{""class"":3,""confidence"":0.79,""time_us"":674}}"
2026-02-01T15:52:44.807,"{""ai"":{""class"":3,""confidence"":0.79,""time_us"":674}}"
2026-02-01T15:52:48.092,"{""ai"":{""class"":3,""confidence"":0.79,""time_us"":674}}"
2026-02-01T15:52:51.422,"{""ai"":{""class"":3,""confidence"":0.79,""time_us"":674}}"
2026-02-01T15:52:54.708,"{""ai"":{""class"":3,""confidence"":0.79,""time_us"":674}}"
2026-02-01T15:52:57.991,"{""ai"":{""class"":3,""confidence"":0.79,""time_us"":674}}"
2026-02-01T15:53:01.323,"{""ai"":{""class"":3,""confidence"":0.79,""time_us"":674}}"
2026-02-01T15:53:04.607,"{""ai"":{""class"":3,""confidence"":0.79,""time_us"":674}}"
2026-02-01T15:53:07.938,"{""ai"":{""class"":3,""confidence"":0.79,""time_us"":674}}"
2026-02-01T15:53:11.221,"{""ai"":{""class"":3,""confidence"":0.79,""time_us"":674}}"
2026-02-01T15:53:14.552,"{""ai"":{""class"":3,""confidence"":0.79,""time_us"":674}}"
2026-02-01T15:53:17.837,"{""ai"":{""class"":3,""confidence"":0.79,""time_us"":674}}"
2026-02-01T15:53:21.167,"{""ai"":{""class"":3,""confidence"":0.79,""time_us"":674}}"
2026-02-01T15:53:24.451,"{""ai"":{""class"":3,""confidence"":0.79,""time_us"":674}}"
2026-02-01T15:53:27.784,"{""ai"":{""class"":3,""confidence"":0.79,""time_us"":674}}"
2026-02-01T15:53:31.066,"{""ai"":{""class"":3,""confidence"":0.79,""time_us"":674}}"
2026-02-01T15:53:34.353,"{""ai"":{""class"":3,""confidence"":0.79,""time_us"":674}}"
2026-02-01T15:53:37.682,"{""ai"":{""class"":3,""confidence"":0.79,""time_us"":674}}"
2026-02-01T15:53:40.966,"{""ai"":{""class"":3,""confidence"":0.79,""time_us"":674}}"
2026-02-01T15:53:44.298,"{""ai"":{""class"":3,""confidence"":0.79,""time_us"":674}}"
2026-02-01T15:53:47.581,"{""ai"":{""class"":3,""confidence"":0.79,""time_us"":674}}"
2026-02-01T15:53:50.913,"{""ai"":{""class"":3,""confidence"":0.79,""time_us"":674}}"
2026-02-01T15:53:54.199,"{""ai"":{""class"":3,""confidence"":0.79,""time_us"":673}}"
2026-02-01T15:53:57.527,"{""ai"":{""class"":3,""confidence"":0.79,""time_us"":674}}"
2026-02-01T15:54:37.397,"{""ai"":{""class"":2,""confidence"":0.99,""time_us"":674}}"
2026-02-01T15:54:40.727,"{""ai"":{""class"":2,""confidence"":1.00,""time_us"":677}}"
2026-02-01T15:54:44.012,"{""ai"":{""class"":2,""confidence"":1.00,""time_us"":676}}"
2026-02-01T15:54:47.342,"{""ai"":{""class"":1,""confidence"":0.75,""time_us"":674}}"
2026-02-01T15:54:50.628,"{""ai"":{""class"":1,""confidence"":1.00,""time_us"":674}}"
2026-02-01T15:54:53.957,"{""ai"":{""class"":1,""confidence"":1.00,""time_us"":674}}"
2026-02-01T15:54:57.242,"{""ai"":{""class"":1,""confidence"":1.00,""time_us"":676}}"
2026-02-01T15:55:00.572,"{""ai"":{""class"":1,""confidence"":1.00,""time_us"":675}}"
2026-02-01T15:55:03.857,"{""ai"":{""class"":0,""confidence"":1.00,""time_us"":639}}"
2026-02-01T15:55:07.142,"{""ai"":{""class"":3,""confidence"":0.41,""time_us"":675}}"
2026-02-01T15:55:10.472,"{""ai"":{""class"":0,""confidence"":1.00,""time_us"":639}}"
2026-02-01T15:55:13.756,"{""ai"":{""class"":2,""confidence"":1.00,""time_us"":676}}"
2026-02-01T15:55:17.087,"{""ai"":{""class"":2,""confidence"":1.00,""time_us"":676}}"
2026-02-01T15:55:20.371,"{""ai"":{""class"":2,""confidence"":1.00,""time_us"":676}}"
2026-02-01T15:55:23.702,"{""ai"":{""class"":2,""confidence"":1.00,""time_us"":676}}"
2026-02-01T15:55:26.987,"{""ai"":{""class"":2,""confidence"":1.00,""time_us"":676}}"
2026-02-01T15:55:30.407,"{""ai"":{""class"":2,""confidence"":1.00,""time_us"":676}}"
2026-02-01T15:55:33.602,"{""ai"":{""class"":2,""confidence"":1.00,""time_us"":674}}"
2026-02-01T15:55:36.887,"{""ai"":{""class"":1,""confidence"":1.00,""time_us"":675}}"
2026-02-01T15:55:40.217,"{""ai"":{""class"":1,""confidence"":1.00,""time_us"":674}}"
2026-02-01T15:55:43.502,"{""ai"":{""class"":1,""confidence"":1.00,""time_us"":674}}"
2026-02-01T15:55:46.832,"{""ai"":{""class"":1,""confidence"":1.00,""time_us"":675}}"
2026-02-01T15:55:50.118,"{""ai"":{""class"":1,""confidence"":1.00,""time_us"":674}}"
2026-02-01T15:55:53.448,"{""ai"":{""class"":1,""confidence"":1.00,""time_us"":674}}"
2026-02-01T15:55:56.732,"{""ai"":{""class"":1,""confidence"":1.00,""time_us"":674}}"
2026-02-01T15:56:00.062,"{""ai"":{""class"":1,""confidence"":1.00,""time_us"":674}}"
2026-02-01T15:56:03.348,"{""ai"":{""class"":1,""confidence"":1.00,""time_us"":675}}"
2026-02-01T15:56:06.677,"{""ai"":{""class"":1,""confidence"":1.00,""time_us"":674}}"
2026-02-01T15:56:09.962,"{""ai"":{""class"":1,""confidence"":1.00,""time_us"":676}}"
2026-02-01T15:56:13.247,"{""ai"":{""class"":3,""confidence"":0.98,""time_us"":675}}"
2026-02-01T15:56:16.577,"{""ai"":{""class"":1,""confidence"":1.00,""time_us"":674}}"
2026-02-01T15:56:19.862,"{""ai"":{""class"":1,""confidence"":1.00,""time_us"":676}}"
2026-02-01T15:56:23.193,"{""ai"":{""class"":1,""confidence"":1.00,""time_us"":675}}"
2026-02-01T15:56:26.476,"{""ai"":{""class"":1,""confidence"":1.00,""time_us"":675}}"
2026-02-01T15:56:29.807,"{""ai"":{""class"":1,""confidence"":1.00,""time_us"":674}}"
2026-02-01T15:56:33.092,"{""ai"":{""class"":1,""confidence"":1.00,""time_us"":640}}"
2026-02-01T15:56:36.422,"{""ai"":{""class"":1,""confidence"":1.00,""time_us"":640}}"
2026-02-01T15:56:39.707,"{""ai"":{""class"":1,""confidence"":1.00,""time_us"":640}}"
2026-02-01T15:56:42.992,"{""ai"":{""class"":1,""confidence"":1.00,""time_us"":640}}"
2026-02-01T15:56:46.322,"{""ai"":{""class"":1,""confidence"":1.00,""time_us"":657}}"
2026-02-01T15:56:49.652,"{""ai"":{""class"":1,""confidence"":1.00,""time_us"":656}}"
2026-02-01T15:56:53.028,"{""ai"":{""class"":1,""confidence"":1.00,""time_us"":674}}"
2026-02-01T15:56:56.268,"{""ai"":{""class"":1,""confidence"":1.00,""time_us"":674}}"
2026-02-01T15:56:59.552,"{""ai"":{""class"":1,""confidence"":1.00,""time_us"":675}}"
2026-02-01T15:57:02.837,"{""ai"":{""class"":0,""confidence"":1.00,""time_us"":656}}"
2026-02-01T15:57:06.168,"{""ai"":{""class"":0,""confidence"":1.00,""time_us"":675}}"
2026-02-01T15:57:09.453,"{""ai"":{""class"":0,""confidence"":1.00,""time_us"":638}}"
2026-02-01T15:57:12.782,"{""ai"":{""class"":0,""confidence"":0.79,""time_us"":674}}"
2026-02-01T15:57:16.066,"{""ai"":{""class"":2,""confidence"":1.00,""time_us"":676}}"
2026-02-01T15:57:19.353,"{""ai"":{""class"":2,""confidence"":1.00,""time_us"":676}}"
2026-02-01T15:57:22.683,"{""ai"":{""class"":2,""confidence"":1.00,""time_us"":676}}"
2026-02-01T15:57:25.968,"{""ai"":{""class"":2,""confidence"":1.00,""time_us"":675}}"
2026-02-01T15:57:29.298,"{""ai"":{""class"":0,""confidence"":1.00,""time_us"":675}}"
2026-02-01T15:57:32.583,"{""ai"":{""class"":2,""confidence"":0.92,""time_us"":675}}"
2026-02-01T15:57:35.913,"{""ai"":{""class"":1,""confidence"":0.98,""time_us"":673}}"
2026-02-01T15:57:39.198,"{""ai"":{""class"":1,""confidence"":1.00,""time_us"":675}}"
2026-02-01T15:57:42.528,"{""ai"":{""class"":1,""confidence"":1.00,""time_us"":640}}"
2026-02-01T15:57:45.813,"{""ai"":{""class"":1,""confidence"":1.00,""time_us"":640}}"
2026-02-01T15:57:49.098,"{""ai"":{""class"":1,""confidence"":1.00,""time_us"":639}}"
2026-02-01T15:57:52.428,"{""ai"":{""class"":1,""confidence"":1.00,""time_us"":640}}"
2026-02-01T15:57:55.713,"{""ai"":{""class"":1,""confidence"":1.00,""time_us"":639}}"
2026-02-01T15:57:59.043,"{""ai"":{""class"":1,""confidence"":1.00,""time_us"":640}}"
2026-02-01T15:58:02.328,"{""ai"":{""class"":1,""confidence"":1.00,""time_us"":640}}"
2026-02-01T15:58:05.658,"{""ai"":{""class"":1,""confidence"":1.00,""time_us"":640}}"
2026-02-01T15:58:08.943,"{""ai"":{""class"":1,""confidence"":1.00,""time_us"":640}}"
2026-02-01T15:58:12.273,"{""ai"":{""class"":1,""confidence"":1.00,""time_us"":640}}"
2026-02-01T15:58:15.648,"{""ai"":{""class"":1,""confidence"":1.00,""time_us"":639}}"
2026-02-01T15:58:18.888,"{""ai"":{""class"":1,""confidence"":1.00,""time_us"":640}}"
2026-02-01T15:58:22.173,"{""ai"":{""class"":1,""confidence"":1.00,""time_us"":640}}"
2026-02-01T15:58:25.458,"{""ai"":{""class"":1,""confidence"":1.00,""time_us"":640}}"
2026-02-01T15:58:28.833,"{""ai"":{""class"":1,""confidence"":1.00,""time_us"":639}}"
2026-02-01T15:58:32.073,"{""ai"":{""class"":1,""confidence"":1.00,""time_us"":639}}"
2026-02-01T15:58:35.403,"{""ai"":{""class"":1,""confidence"":1.00,""time_us"":639}}"
2026-02-01T15:58:38.688,"{""ai"":{""class"":1,""confidence"":1.00,""time_us"":640}}"
2026-02-01T15:58:42.018,"{""ai"":{""class"":1,""confidence"":1.00,""time_us"":639}}"
2026-02-01T15:58:45.303,"{""ai"":{""class"":1,""confidence"":1.00,""time_us"":639}}"
2026-02-01T15:58:48.633,"{""ai"":{""class"":1,""confidence"":1.00,""time_us"":640}}"
2026-02-01T15:58:51.918,"{""ai"":{""class"":1,""confidence"":1.00,""time_us"":640}}"
2026-02-01T15:58:55.203,"{""ai"":{""class"":1,""confidence"":1.00,""time_us"":640}}"
2026-02-01T15:58:58.533,"{""ai"":{""class"":1,""confidence"":1.00,""time_us"":640}}"
2026-02-01T15:59:01.818,"{""ai"":{""class"":1,""confidence"":1.00,""time_us"":639}}"
2026-02-01T15:59:05.148,"{""ai"":{""class"":1,""confidence"":1.00,""time_us"":640}}"
2026-02-01T15:59:08.433,"{""ai"":{""class"":1,""confidence"":1.00,""time_us"":640}}"
2026-02-01T15:59:11.763,"{""ai"":{""class"":1,""confidence"":1.00,""time_us"":640}}"
2026-02-01T15:59:15.049,"{""ai"":{""class"":1,""confidence"":1.00,""time_us"":639}}"
2026-02-01T15:59:18.377,"{""ai"":{""class"":1,""confidence"":1.00,""time_us"":639}}"
2026-02-01T15:59:21.662,"{""ai"":{""class"":1,""confidence"":1.00,""time_us"":640}}"
2026-02-01T15:59:24.994,"{""ai"":{""class"":1,""confidence"":1.00,""time_us"":639}}"
2026-02-01T15:59:28.279,"{""ai"":{""class"":1,""confidence"":1.00,""time_us"":639}}"
2026-02-01T15:59:31.562,"{""ai"":{""class"":1,""confidence"":1.00,""time_us"":640}}"
2026-02-01T15:59:34.892,"{""ai"":{""class"":1,""confidence"":1.00,""time_us"":640}}"
2026-02-01T15:59:38.268,"{""ai"":{""class"":1,""confidence"":1.00,""time_us"":640}}"
2026-02-01T15:59:41.509,"{""ai"":{""class"":1,""confidence"":1.00,""time_us"":639}}"
2026-02-01T15:59:44.793,"{""ai"":{""class"":1,""confidence"":1.00,""time_us"":640}}"
2026-02-01T15:59:48.123,"{""ai"":{""class"":1,""confidence"":1.00,""time_us"":639}}"
2026-02-01T15:59:51.408,"{""ai"":{""class"":1,""confidence"":1.00,""time_us"":639}}"
2026-02-01T15:59:54.738,"{""ai"":{""class"":1,""confidence"":1.00,""time_us"":639}}"
2026-02-01T15:59:58.025,"{""ai"":{""class"":1,""confidence"":1.00,""time_us"":639}}"
2026-02-01T16:00:01.308,"{""ai"":{""class"":1,""confidence"":1.00,""time_us"":639}}"
2026-02-01T16:00:04.637,"{""ai"":{""class"":1,""confidence"":1.00,""time_us"":639}}"
2026-02-01T16:00:07.923,"{""ai"":{""class"":1,""confidence"":1.00,""time_us"":639}}"
2026-02-01T16:00:11.298,"{""ai"":{""class"":1,""confidence"":1.00,""time_us"":640}}"
2026-02-01T16:00:14.538,"{""ai"":{""class"":1,""confidence"":1.00,""time_us"":639}}"
2026-02-01T16:00:17.868,"{""ai"":{""class"":1,""confidence"":1.00,""time_us"":639}}"
2026-02-01T16:00:21.153,"{""ai"":{""class"":1,""confidence"":1.00,""time_us"":639}}"
2026-02-01T16:00:24.483,"{""ai"":{""class"":1,""confidence"":1.00,""time_us"":639}}"
2026-02-01T16:00:27.768,"{""ai"":{""class"":1,""confidence"":1.00,""time_us"":639}}"
2026-02-01T16:00:31.053,"{""ai"":{""class"":1,""confidence"":1.00,""time_us"":639}}"
2026-02-01T16:00:34.383,"{""ai"":{""class"":1,""confidence"":1.00,""time_us"":640}}"
2026-02-01T16:00:37.668,"{""ai"":{""class"":1,""confidence"":1.00,""time_us"":640}}"
2026-02-01T16:00:40.998,"{""ai"":{""class"":1,""confidence"":1.00,""time_us"":640}}"
2026-02-01T16:00:44.284,"{""ai"":{""class"":1,""confidence"":1.00,""time_us"":640}}"
2026-02-01T16:00:47.614,"{""ai"":{""class"":1,""confidence"":1.00,""time_us"":639}}"
2026-02-01T16:00:50.898,"{""ai"":{""class"":1,""confidence"":1.00,""time_us"":639}}"
2026-02-01T16:00:54.229,"{""ai"":{""class"":1,""confidence"":1.00,""time_us"":639}}"
2026-02-01T16:00:57.513,"{""ai"":{""class"":1,""confidence"":1.00,""time_us"":639}}"
2026-02-01T16:01:00.888,"{""ai"":{""class"":1,""confidence"":1.00,""time_us"":640}}"
2026-02-01T16:01:04.127,"{""ai"":{""class"":1,""confidence"":1.00,""time_us"":639}}"
2026-02-01T16:01:07.413,"{""ai"":{""class"":3,""confidence"":1.00,""time_us"":657}}"
2026-02-01T16:01:10.744,"{""ai"":{""class"":1,""confidence"":1.00,""time_us"":639}}"
2026-02-01T16:01:14.028,"{""ai"":{""class"":3,""confidence"":0.95,""time_us"":639}}"
2026-02-01T16:01:17.358,"{""ai"":{""class"":2,""confidence"":1.00,""time_us"":676}}"
2026-02-01T16:01:20.644,"{""ai"":{""class"":2,""confidence"":1.00,""time_us"":676}}"
2026-02-01T16:01:23.973,"{""ai"":{""class"":2,""confidence"":1.00,""time_us"":676}}"
2026-02-01T16:01:27.303,"{""ai"":{""class"":2,""confidence"":1.00,""time_us"":676}}"
2026-02-01T16:01:30.635,"{""ai"":{""class"":2,""confidence"":1.00,""time_us"":676}}"
2026-02-01T16:01:33.874,"{""ai"":{""class"":2,""confidence"":1.00,""time_us"":676}}"
2026-02-01T16:01:37.157,"{""ai"":{""class"":2,""confidence"":1.00,""time_us"":676}}"
2026-02-01T16:01:40.487,"{""ai"":{""class"":2,""confidence"":1.00,""time_us"":676}}"
2026-02-01T16:01:43.818,"{""ai"":{""class"":2,""confidence"":1.00,""time_us"":676}}"
2026-02-01T16:01:47.103,"{""ai"":{""class"":2,""confidence"":1.00,""time_us"":676}}"
2026-02-01T16:01:50.387,"{""ai"":{""class"":2,""confidence"":1.00,""time_us"":676}}"
2026-02-01T16:01:53.719,"{""ai"":{""class"":2,""confidence"":1.00,""time_us"":676}}"
2026-02-01T16:01:57.047,"{""ai"":{""class"":2,""confidence"":1.00,""time_us"":676}}"
2026-02-01T16:02:00.332,"{""ai"":{""class"":2,""confidence"":1.00,""time_us"":676}}"
2026-02-01T16:02:03.618,"{""ai"":{""class"":2,""confidence"":1.00,""time_us"":676}}"
2026-02-01T16:02:06.993,"{""ai"":{""class"":2,""confidence"":1.00,""time_us"":676}}"
2026-02-01T16:02:10.234,"{""ai"":{""class"":2,""confidence"":1.00,""time_us"":674}}"
2026-02-01T16:02:13.519,"{""ai"":{""class"":2,""confidence"":1.00,""time_us"":676}}"
2026-02-01T16:02:16.849,"{""ai"":{""class"":2,""confidence"":1.00,""time_us"":676}}"
2026-02-01T16:02:20.132,"{""ai"":{""class"":2,""confidence"":1.00,""time_us"":676}}"
2026-02-01T16:02:23.463,"{""ai"":{""class"":2,""confidence"":1.00,""time_us"":676}}"
2026-02-01T16:03:04.819,"{""ai"":{""class"":2,""confidence"":1.00,""time_us"":676}}"
2026-02-01T16:03:08.104,"{""ai"":{""class"":2,""confidence"":1.00,""time_us"":676}}"
2026-02-01T16:03:11.434,"{""ai"":{""class"":2,""confidence"":1.00,""time_us"":676}}"
2026-02-01T16:03:14.718,"{""ai"":{""class"":2,""confidence"":1.00,""time_us"":676}}"
2026-02-01T16:03:18.049,"{""ai"":{""class"":2,""confidence"":1.00,""time_us"":676}}"
2026-02-01T16:03:21.336,"{""ai"":{""class"":2,""confidence"":1.00,""time_us"":676}}"
2026-02-01T16:03:24.665,"{""ai"":{""class"":2,""confidence"":1.00,""time_us"":676}}"
2026-02-01T16:03:27.949,"{""ai"":{""class"":2,""confidence"":0.97,""time_us"":675}}"
2026-02-01T16:03:31.279,"{""ai"":{""class"":1,""confidence"":0.98,""time_us"":676}}"
2026-02-01T16:03:34.563,"{""ai"":{""class"":1,""confidence"":1.00,""time_us"":656}}"
2026-02-01T16:03:37.893,"{""ai"":{""class"":0,""confidence"":1.00,""time_us"":674}}"
2026-02-01T16:03:41.178,"{""ai"":{""class"":1,""confidence"":1.00,""time_us"":675}}"
2026-02-01T16:03:41.539,"{""status"":""success"",""msg"":""bmi270 calibrated"",""offsets"":{""accel"":{""x"":11.74,""y"":0.81,""z"":-0.01},""gyro"":{""x"":1.44,""y"":2.32,""z"":0.21}}}"
2026-02-01T16:03:44.464,"{""ai"":{""class"":1,""confidence"":1.00,""time_us"":639}}"
2026-02-01T16:03:47.793,"{""ai"":{""class"":1,""confidence"":1.00,""time_us"":640}}"
2026-02-01T16:03:51.124,"{""ai"":{""class"":1,""confidence"":1.00,""time_us"":674}}"
2026-02-01T16:03:54.408,"{""ai"":{""class"":1,""confidence"":1.00,""time_us"":639}}"
2026-02-01T16:03:57.738,"{""ai"":{""class"":1,""confidence"":1.00,""time_us"":638}}"
2026-02-01T16:04:01.204,"{""ai"":{""class"":1,""confidence"":1.00,""time_us"":640}}"
2026-02-01T16:04:04.308,"{""ai"":{""class"":1,""confidence"":1.00,""time_us"":640}}"
2026-02-01T16:04:07.639,"{""ai"":{""class"":1,""confidence"":1.00,""time_us"":639}}"
2026-02-01T16:04:10.924,"{""ai"":{""class"":1,""confidence"":1.00,""time_us"":657}}"
2026-02-01T16:04:14.210,"{""ai"":{""class"":1,""confidence"":1.00,""time_us"":640}}"
2026-02-01T16:04:17.540,"{""ai"":{""class"":1,""confidence"":1.00,""time_us"":640}}"
2026-02-01T16:04:20.824,"{""ai"":{""class"":1,""confidence"":1.00,""time_us"":639}}"
2026-02-01T16:04:24.154,"{""ai"":{""class"":1,""confidence"":1.00,""time_us"":639}}"
2026-02-01T16:04:27.438,"{""ai"":{""class"":0,""confidence"":1.00,""time_us"":675}}"
2026-02-01T16:04:30.768,"{""ai"":{""class"":0,""confidence"":1.00,""time_us"":638}}"
2026-02-01T16:04:34.054,"{""ai"":{""class"":1,""confidence"":1.00,""time_us"":621}}"
2026-02-01T16:04:37.385,"{""ai"":{""class"":1,""confidence"":1.00,""time_us"":622}}"
2026-02-01T16:04:40.669,"{""ai"":{""class"":3,""confidence"":1.00,""time_us"":656}}"
2026-02-01T16:04:44.000,"{""ai"":{""class"":0,""confidence"":1.00,""time_us"":674}}"
2026-02-01T16:04:47.284,"{""ai"":{""class"":0,""confidence"":1.00,""time_us"":657}}"
2026-02-01T16:04:50.570,"{""ai"":{""class"":1,""confidence"":1.00,""time_us"":641}}"
2026-02-01T16:04:53.899,"{""ai"":{""class"":1,""confidence"":1.00,""time_us"":639}}"
2026-02-01T16:04:57.183,"{""ai"":{""class"":0,""confidence"":0.81,""time_us"":657}}"
2026-02-01T16:05:00.514,"{""ai"":{""class"":1,""confidence"":1.00,""time_us"":639}}"
2026-02-01T16:05:03.799,"{""ai"":{""class"":0,""confidence"":0.86,""time_us"":674}}"
2026-02-01T16:05:07.130,"{""ai"":{""class"":1,""confidence"":1.00,""time_us"":676}}"
2026-02-01T16:05:10.414,"{""ai"":{""class"":3,""confidence"":1.00,""time_us"":676}}"
2026-02-01T16:05:13.744,"{""ai"":{""class"":1,""confidence"":1.00,""time_us"":675}}"
2026-02-01T16:05:17.028,"{""ai"":{""class"":1,""confidence"":0.99,""time_us"":675}}"
2026-02-01T16:05:20.359,"{""ai"":{""class"":1,""confidence"":1.00,""time_us"":674}}"
2026-02-01T16:05:23.644,"{""ai"":{""class"":1,""confidence"":0.90,""time_us"":657}}"
2026-02-01T16:05:26.929,"{""ai"":{""class"":1,""confidence"":1.00,""time_us"":674}}"
2026-02-01T16:05:30.259,"{""ai"":{""class"":3,""confidence"":0.99,""time_us"":657}}"
2026-02-01T16:05:33.544,"{""ai"":{""class"":1,""confidence"":1.00,""time_us"":639}}"
2026-02-01T16:05:36.877,"{""ai"":{""class"":1,""confidence"":1.00,""time_us"":675}}"
2026-02-01T16:05:40.158,"{""ai"":{""class"":1,""confidence"":1.00,""time_us"":675}}"
2026-02-01T16:05:43.490,"{""ai"":{""class"":0,""confidence"":1.00,""time_us"":639}}"
2026-02-01T16:05:46.774,"{""ai"":{""class"":0,""confidence"":0.88,""time_us"":676}}"
2026-02-01T16:05:50.105,"{""ai"":{""class"":2,""confidence"":1.00,""time_us"":674}}"
2026-02-01T16:05:53.390,"{""ai"":{""class"":2,""confidence"":1.00,""time_us"":676}}"
2026-02-01T16:05:56.720,"{""ai"":{""class"":2,""confidence"":1.00,""time_us"":677}}"
2026-02-01T16:06:00.004,"{""ai"":{""class"":2,""confidence"":1.00,""time_us"":677}}"
2026-02-01T16:06:03.290,"{""ai"":{""class"":2,""confidence"":0.97,""time_us"":676}}"
2026-02-01T16:06:06.619,"{""ai"":{""class"":2,""confidence"":1.00,""time_us"":675}}"
2026-02-01T16:06:09.905,"{""ai"":{""class"":2,""confidence"":1.00,""time_us"":675}}"
2026-02-01T16:06:48.920,"{""ai"":{""class"":2,""confidence"":0.98,""time_us"":675}}"
2026-02-01T16:06:51.980,"{""ai"":{""class"":2,""confidence"":0.95,""time_us"":674}}"
2026-02-01T16:06:55.040,"{""ai"":{""class"":2,""confidence"":1.00,""time_us"":675}}"
2026-02-01T16:06:58.100,"{""ai"":{""class"":1,""confidence"":0.78,""time_us"":675}}"
2026-02-01T16:07:01.160,"{""ai"":{""class"":3,""confidence"":1.00,""time_us"":673}}"
2026-02-01T16:07:04.220,"{""ai"":{""class"":2,""confidence"":0.99,""time_us"":674}}"
2026-02-01T16:07:07.279,"{""ai"":{""class"":0,""confidence"":1.00,""time_us"":638}}"
2026-02-01T16:07:10.340,"{""ai"":{""class"":1,""confidence"":1.00,""time_us"":639}}"
2026-02-01T16:07:13.400,"{""ai"":{""class"":1,""confidence"":1.00,""time_us"":640}}"
2026-02-01T16:07:16.460,"{""ai"":{""class"":0,""confidence"":1.00,""time_us"":639}}"
2026-02-01T16:07:19.474,"{""ai"":{""class"":0,""confidence"":1.00,""time_us"":638}}"
2026-02-01T16:07:22.535,"{""ai"":{""class"":0,""confidence"":1.00,""time_us"":675}}"
2026-02-01T16:07:25.595,"{""ai"":{""class"":0,""confidence"":1.00,""time_us"":674}}"
2026-02-01T16:07:28.654,"{""ai"":{""class"":3,""confidence"":0.61,""time_us"":673}}"
2026-02-01T16:07:31.715,"{""ai"":{""class"":1,""confidence"":0.95,""time_us"":675}}"
2026-02-01T16:07:34.776,"{""ai"":{""class"":0,""confidence"":1.00,""time_us"":675}}"
2026-02-01T16:07:37.834,"{""ai"":{""class"":0,""confidence"":1.00,""time_us"":637}}"
2026-02-01T16:07:40.894,"{""ai"":{""class"":0,""confidence"":1.00,""time_us"":674}}"
2026-02-01T16:07:44.000,"{""ai"":{""class"":0,""confidence"":0.71,""time_us"":674}}"
2026-02-01T16:07:46.970,"{""ai"":{""class"":0,""confidence"":0.50,""time_us"":673}}"
2026-02-01T16:07:50.030,"{""ai"":{""class"":0,""confidence"":1.00,""time_us"":639}}"
2026-02-01T16:07:53.090,"{""ai"":{""class"":0,""confidence"":1.00,""time_us"":674}}"
2026-02-01T16:07:56.151,"{""ai"":{""class"":0,""confidence"":0.80,""time_us"":675}}"
2026-02-01T16:07:59.211,"{""ai"":{""class"":2,""confidence"":0.99,""time_us"":675}}"
2026-02-01T16:08:02.270,"{""ai"":{""class"":2,""confidence"":0.99,""time_us"":673}}"
2026-02-01T16:08:05.331,"{""ai"":{""class"":2,""confidence"":1.00,""time_us"":674}}"
2026-02-01T16:08:08.391,"{""ai"":{""class"":2,""confidence"":1.00,""time_us"":674}}"
2026-02-01T16:08:11.496,"{""ai"":{""class"":2,""confidence"":1.00,""time_us"":674}}"
2026-02-01T16:08:14.466,"{""ai"":{""class"":2,""confidence"":1.00,""time_us"":676}}"
2026-02-01T16:08:17.526,"{""ai"":{""class"":2,""confidence"":1.00,""time_us"":676}}"
2026-02-01T16:08:20.586,"{""ai"":{""class"":2,""confidence"":1.00,""time_us"":674}}"
2026-02-01T16:08:23.646,"{""ai"":{""class"":2,""confidence"":1.00,""time_us"":675}}"
2026-02-01T16:08:26.706,"{""ai"":{""class"":2,""confidence"":1.00,""time_us"":674}}"
2026-02-01T16:08:29.766,"{""ai"":{""class"":2,""confidence"":1.00,""time_us"":674}}"
2026-02-01T16:08:32.826,"{""ai"":{""class"":2,""confidence"":1.00,""time_us"":676}}"
2026-02-01T16:08:35.886,"{""ai"":{""class"":2,""confidence"":1.00,""time_us"":676}}"
2026-02-01T16:08:39.036,"{""ai"":{""class"":2,""confidence"":1.00,""time_us"":675}}"
2026-02-01T16:08:41.961,"{""ai"":{""class"":2,""confidence"":1.00,""time_us"":656}}"
2026-02-01T16:08:45.021,"{""ai"":{""class"":2,""confidence"":1.00,""time_us"":675}}"
2026-02-01T16:08:48.081,"{""ai"":{""class"":2,""confidence"":1.00,""time_us"":676}}"
2026-02-01T16:08:51.141,"{""ai"":{""class"":2,""confidence"":1.00,""time_us"":677}}"
2026-02-01T16:08:54.201,"{""ai"":{""class"":2,""confidence"":1.00,""time_us"":674}}"
2026-02-01T16:08:57.261,"{""ai"":{""class"":2,""confidence"":1.00,""time_us"":674}}"
2026-02-01T16:09:00.322,"{""ai"":{""class"":2,""confidence"":1.00,""time_us"":675}}"
2026-02-01T16:09:03.382,"{""ai"":{""class"":2,""confidence"":1.00,""time_us"":676}}"
2026-02-01T16:09:06.441,"{""ai"":{""class"":2,""confidence"":1.00,""time_us"":675}}"
2026-02-01T16:09:09.502,"{""ai"":{""class"":2,""confidence"":1.00,""time_us"":675}}"
2026-02-01T16:09:23.812,"{""ai"":{""class"":2,""confidence"":0.99,""time_us"":674}}"
2026-02-01T16:09:26.872,"{""ai"":{""class"":2,""confidence"":1.00,""time_us"":675}}"
2026-02-01T16:09:29.933,"{""ai"":{""class"":0,""confidence"":1.00,""time_us"":638}}"
2026-02-01T16:09:32.992,"{""ai"":{""class"":2,""confidence"":1.00,""time_us"":675}}"
2026-02-01T16:09:36.052,"{""ai"":{""class"":0,""confidence"":1.00,""time_us"":638}}"
2026-02-01T16:09:39.157,"{""ai"":{""class"":0,""confidence"":1.00,""time_us"":674}}"
2026-02-01T16:09:42.172,"{""ai"":{""class"":0,""confidence"":0.50,""time_us"":674}}"
2026-02-01T16:09:45.187,"{""ai"":{""class"":1,""confidence"":0.78,""time_us"":675}}"
2026-02-01T16:09:48.247,"{""ai"":{""class"":0,""confidence"":1.00,""time_us"":655}}"
2026-02-01T16:09:51.307,"{""ai"":{""class"":3,""confidence"":0.96,""time_us"":675}}"
2026-02-01T16:09:54.367,"{""ai"":{""class"":0,""confidence"":1.00,""time_us"":638}}"
2026-02-01T16:09:57.427,"{""ai"":{""class"":0,""confidence"":1.00,""time_us"":672}}"
2026-02-01T16:10:00.487,"{""ai"":{""class"":1,""confidence"":0.64,""time_us"":675}}"
2026-02-01T16:10:12.861,"{""ai"":{""class"":2,""confidence"":0.98,""time_us"":674}}"
2026-02-01T16:10:15.922,"{""ai"":{""class"":0,""confidence"":1.00,""time_us"":674}}"
2026-02-01T16:10:19.072,"{""ai"":{""class"":0,""confidence"":1.00,""time_us"":674}}"
2026-02-01T16:10:22.042,"{""ai"":{""class"":0,""confidence"":1.00,""time_us"":674}}"
2026-02-01T16:10:25.102,"{""ai"":{""class"":3,""confidence"":0.59,""time_us"":673}}"
2026-02-01T16:10:28.162,"{""ai"":{""class"":2,""confidence"":0.78,""time_us"":675}}"
2026-02-01T16:10:31.177,"{""ai"":{""class"":2,""confidence"":0.98,""time_us"":674}}"
2026-02-01T16:10:34.238,"{""ai"":{""class"":1,""confidence"":1.00,""time_us"":675}}"
2026-02-01T16:10:37.298,"{""ai"":{""class"":1,""confidence"":0.67,""time_us"":675}}"
2026-02-01T16:10:40.357,"{""ai"":{""class"":3,""confidence"":1.00,""time_us"":621}}"
2026-02-01T16:10:43.418,"{""ai"":{""class"":2,""confidence"":1.00,""time_us"":673}}"
2026-02-01T16:10:46.478,"{""ai"":{""class"":0,""confidence"":0.87,""time_us"":674}}"
2026-02-01T16:10:49.538,"{""ai"":{""class"":2,""confidence"":1.00,""time_us"":674}}"
2026-02-01T16:10:52.599,"{""ai"":{""class"":3,""confidence"":0.88,""time_us"":675}}"
2026-02-01T16:10:55.702,"{""ai"":{""class"":2,""confidence"":1.00,""time_us"":674}}"
2026-02-01T16:10:58.717,"{""ai"":{""class"":2,""confidence"":1.00,""time_us"":673}}"
2026-02-01T16:11:01.777,"{""ai"":{""class"":2,""confidence"":1.00,""time_us"":673}}"
2026-02-01T16:11:04.793,"{""ai"":{""class"":2,""confidence"":1.00,""time_us"":673}}"
2026-02-01T16:11:07.853,"{""ai"":{""class"":2,""confidence"":1.00,""time_us"":675}}"
2026-02-01T16:11:10.913,"{""ai"":{""class"":2,""confidence"":1.00,""time_us"":673}}"
2026-02-01T16:11:13.974,"{""ai"":{""class"":2,""confidence"":1.00,""time_us"":675}}"
2026-02-01T16:11:17.032,"{""ai"":{""class"":2,""confidence"":1.00,""time_us"":673}}"
2026-02-01T16:11:20.094,"{""ai"":{""class"":2,""confidence"":1.00,""time_us"":673}}"
2026-02-01T16:11:23.153,"{""ai"":{""class"":2,""confidence"":1.00,""time_us"":673}}"
2026-02-01T16:11:26.213,"{""ai"":{""class"":2,""confidence"":1.00,""time_us"":673}}"
2026-02-01T16:11:29.317,"{""ai"":{""class"":2,""confidence"":1.00,""time_us"":673}}"
2026-02-01T16:11:32.287,"{""ai"":{""class"":2,""confidence"":1.00,""time_us"":673}}"
2026-02-01T16:11:35.348,"{""ai"":{""class"":2,""confidence"":1.00,""time_us"":673}}"
2026-02-01T16:11:38.408,"{""ai"":{""class"":2,""confidence"":1.00,""time_us"":676}}"
2026-02-01T16:11:41.469,"{""ai"":{""class"":2,""confidence"":1.00,""time_us"":674}}"
2026-02-01T16:11:44.529,"{""ai"":{""class"":2,""confidence"":1.00,""time_us"":674}}"
2026-02-01T16:11:47.589,"{""ai"":{""class"":2,""confidence"":1.00,""time_us"":675}}"
2026-02-01T16:11:50.649,"{""ai"":{""class"":2,""confidence"":1.00,""time_us"":675}}"
2026-02-01T16:11:53.708,"{""ai"":{""class"":2,""confidence"":1.00,""time_us"":674}}"
2026-02-01T16:11:56.726,"{""ai"":{""class"":2,""confidence"":1.00,""time_us"":674}}"
2026-02-01T16:11:59.784,"{""ai"":{""class"":2,""confidence"":1.00,""time_us"":674}}"
2026-02-01T16:12:02.843,"{""ai"":{""class"":2,""confidence"":1.00,""time_us"":675}}"
2026-02-01T16:12:05.904,"{""ai"":{""class"":2,""confidence"":1.00,""time_us"":676}}"
2026-02-01T16:12:08.962,"{""ai"":{""class"":2,""confidence"":1.00,""time_us"":673}}"
2026-02-01T16:12:12.023,"{""ai"":{""class"":2,""confidence"":1.00,""time_us"":674}}"
2026-02-01T16:12:15.083,"{""ai"":{""class"":2,""confidence"":1.00,""time_us"":675}}"
2026-02-01T16:12:18.144,"{""ai"":{""class"":3,""confidence"":0.58,""time_us"":675}}"
2026-02-01T16:12:21.204,"{""ai"":{""class"":2,""confidence"":1.00,""time_us"":658}}"
2026-02-01T16:12:24.354,"{""ai"":{""class"":2,""confidence"":1.00,""time_us"":675}}"
2026-02-01T16:12:27.279,"{""ai"":{""class"":2,""confidence"":1.00,""time_us"":676}}"
2026-02-01T16:12:30.339,"{""ai"":{""class"":2,""confidence"":1.00,""time_us"":676}}"
2026-02-01T16:12:33.400,"{""ai"":{""class"":2,""confidence"":1.00,""time_us"":676}}"
2026-02-01T16:12:36.459,"{""ai"":{""class"":2,""confidence"":1.00,""time_us"":676}}"
2026-02-01T16:12:39.518,"{""ai"":{""class"":2,""confidence"":1.00,""time_us"":676}}"
2026-02-01T16:12:42.578,"{""ai"":{""class"":2,""confidence"":1.00,""time_us"":676}}"
2026-02-01T16:12:45.638,"{""ai"":{""class"":2,""confidence"":1.00,""time_us"":675}}"
2026-02-01T16:13:24.968,"{""ai"":{""class"":2,""confidence"":0.85,""time_us"":675}}"
2026-02-01T16:13:28.073,"{""ai"":{""class"":1,""confidence"":1.00,""time_us"":659}}"
2026-02-01T16:13:31.179,"{""ai"":{""class"":1,""confidence"":1.00,""time_us"":639}}"
2026-02-01T16:13:34.240,"{""ai"":{""class"":1,""confidence"":1.00,""time_us"":639}}"
2026-02-01T16:13:37.345,"{""ai"":{""class"":1,""confidence"":1.00,""time_us"":640}}"
2026-02-01T16:13:40.405,"{""ai"":{""class"":1,""confidence"":1.00,""time_us"":639}}"
2026-02-01T16:13:43.555,"{""ai"":{""class"":3,""confidence"":1.00,""time_us"":675}}"
2026-02-01T16:13:46.570,"{""ai"":{""class"":1,""confidence"":1.00,""time_us"":675}}"
2026-02-01T16:13:49.720,"{""ai"":{""class"":1,""confidence"":1.00,""time_us"":657}}"
2026-02-01T16:13:52.735,"{""ai"":{""class"":1,""confidence"":1.00,""time_us"":639}}"
2026-02-01T16:13:55.840,"{""ai"":{""class"":1,""confidence"":1.00,""time_us"":640}}"
2026-02-01T16:13:58.945,"{""ai"":{""class"":1,""confidence"":1.00,""time_us"":639}}"
2026-02-01T16:14:02.005,"{""ai"":{""class"":1,""confidence"":1.00,""time_us"":640}}"
2026-02-01T16:14:05.110,"{""ai"":{""class"":1,""confidence"":1.00,""time_us"":639}}"
2026-02-01T16:14:08.170,"{""ai"":{""class"":1,""confidence"":1.00,""time_us"":639}}"
2026-02-01T16:14:11.365,"{""ai"":{""class"":1,""confidence"":1.00,""time_us"":639}}"
2026-02-01T16:14:14.335,"{""ai"":{""class"":1,""confidence"":1.00,""time_us"":674}}"
2026-02-01T16:14:17.440,"{""ai"":{""class"":1,""confidence"":1.00,""time_us"":673}}"
2026-02-01T16:14:20.545,"{""ai"":{""class"":1,""confidence"":1.00,""time_us"":675}}"
2026-02-01T16:14:23.605,"{""ai"":{""class"":1,""confidence"":1.00,""time_us"":675}}"
2026-02-01T16:14:26.710,"{""ai"":{""class"":1,""confidence"":1.00,""time_us"":657}}"
2026-02-01T16:14:29.770,"{""ai"":{""class"":1,""confidence"":1.00,""time_us"":675}}"
2026-02-01T16:14:32.875,"{""ai"":{""class"":1,""confidence"":1.00,""time_us"":639}}"
2026-02-01T16:14:35.934,"{""ai"":{""class"":1,""confidence"":1.00,""time_us"":639}}"
2026-02-01T16:14:39.040,"{""ai"":{""class"":0,""confidence"":0.98,""time_us"":673}}"
2026-02-01T16:14:42.101,"{""ai"":{""class"":0,""confidence"":1.00,""time_us"":675}}"
2026-02-01T16:14:45.205,"{""ai"":{""class"":0,""confidence"":1.00,""time_us"":675}}"
2026-02-01T16:14:48.311,"{""ai"":{""class"":0,""confidence"":1.00,""time_us"":675}}"
2026-02-01T16:14:51.372,"{""ai"":{""class"":0,""confidence"":1.00,""time_us"":657}}"
2026-02-01T16:14:54.565,"{""ai"":{""class"":0,""confidence"":1.00,""time_us"":675}}"
2026-02-01T16:14:57.535,"{""ai"":{""class"":0,""confidence"":1.00,""time_us"":675}}"
2026-02-01T16:15:00.641,"{""ai"":{""class"":2,""confidence"":1.00,""time_us"":676}}"
2026-02-01T16:15:03.701,"{""ai"":{""class"":2,""confidence"":1.00,""time_us"":676}}"
2026-02-01T16:15:06.805,"{""ai"":{""class"":2,""confidence"":1.00,""time_us"":675}}"
2026-02-01T16:15:09.911,"{""ai"":{""class"":2,""confidence"":1.00,""time_us"":675}}"
2026-02-01T16:15:12.971,"{""ai"":{""class"":2,""confidence"":1.00,""time_us"":675}}"
2026-02-01T16:15:16.121,"{""ai"":{""class"":1,""confidence"":0.99,""time_us"":674}}"
2026-02-01T16:15:19.226,"{""ai"":{""class"":1,""confidence"":0.98,""time_us"":675}}"
2026-02-01T16:15:22.241,"{""ai"":{""class"":0,""confidence"":0.99,""time_us"":673}}"
2026-02-01T16:15:25.346,"{""ai"":{""class"":0,""confidence"":0.96,""time_us"":672}}"
2026-02-01T16:15:28.406,"{""ai"":{""class"":0,""confidence"":1.00,""time_us"":638}}"
2026-02-01T16:15:31.511,"{""ai"":{""class"":0,""confidence"":1.00,""time_us"":638}}"
2026-02-01T16:15:34.616,"{""ai"":{""class"":2,""confidence"":1.00,""time_us"":675}}"
2026-02-01T16:15:37.676,"{""ai"":{""class"":2,""confidence"":1.00,""time_us"":674}}"
2026-02-01T16:15:40.736,"{""ai"":{""class"":2,""confidence"":1.00,""time_us"":675}}"
2026-02-01T16:15:43.841,"{""ai"":{""class"":2,""confidence"":1.00,""time_us"":675}}"
2026-02-01T16:15:46.901,"{""ai"":{""class"":2,""confidence"":0.98,""time_us"":675}}"
2026-02-01T16:15:50.006,"{""ai"":{""class"":2,""confidence"":0.92,""time_us"":675}}"
2026-02-01T16:15:53.066,"{""ai"":{""class"":2,""confidence"":1.00,""time_us"":673}}"
2026-02-01T16:15:56.171,"{""ai"":{""class"":0,""confidence"":1.00,""time_us"":638}}"
2026-02-01T16:15:59.276,"{""ai"":{""class"":1,""confidence"":0.63,""time_us"":675}}"
2026-02-01T16:16:02.336,"{""ai"":{""class"":3,""confidence"":0.82,""time_us"":674}}"
2026-02-01T16:16:05.441,"{""ai"":{""class"":0,""confidence"":1.00,""time_us"":674}}"
2026-02-01T16:16:08.501,"{""ai"":{""class"":1,""confidence"":0.99,""time_us"":675}}"
2026-02-01T16:16:11.606,"{""ai"":{""class"":2,""confidence"":0.67,""time_us"":674}}"
2026-02-01T16:16:14.666,"{""ai"":{""class"":2,""confidence"":1.00,""time_us"":674}}"
2026-02-01T16:16:17.771,"{""ai"":{""class"":2,""confidence"":1.00,""time_us"":673}}"
2026-02-01T16:16:20.877,"{""ai"":{""class"":2,""confidence"":1.00,""time_us"":674}}"
2026-02-01T16:16:23.936,"{""ai"":{""class"":0,""confidence"":0.94,""time_us"":675}}"
2026-02-01T16:16:27.042,"{""ai"":{""class"":0,""confidence"":1.00,""time_us"":673}}"
2026-02-01T16:16:30.101,"{""ai"":{""class"":0,""confidence"":0.48,""time_us"":675}}"
2026-02-01T16:16:33.207,"{""ai"":{""class"":2,""confidence"":1.00,""time_us"":676}}"
2026-02-01T16:16:36.267,"{""ai"":{""class"":2,""confidence"":1.00,""time_us"":674}}"
2026-02-01T16:16:39.371,"{""ai"":{""class"":2,""confidence"":1.00,""time_us"":676}}"
2026-02-01T16:16:42.475,"{""ai"":{""class"":2,""confidence"":1.00,""time_us"":674}}"
2026-02-01T16:16:45.536,"{""ai"":{""class"":2,""confidence"":1.00,""time_us"":674}}"
2026-02-01T16:16:48.642,"{""ai"":{""class"":2,""confidence"":1.00,""time_us"":676}}"
2026-02-01T16:16:51.702,"{""ai"":{""class"":2,""confidence"":1.00,""time_us"":674}}"
2026-02-01T16:16:54.806,"{""ai"":{""class"":2,""confidence"":1.00,""time_us"":676}}"
2026-02-01T16:16:57.867,"{""ai"":{""class"":2,""confidence"":1.00,""time_us"":675}}"
2026-02-01T16:17:00.972,"{""ai"":{""class"":2,""confidence"":1.00,""time_us"":675}}"
2026-02-01T16:17:04.031,"{""ai"":{""class"":2,""confidence"":1.00,""time_us"":676}}"
2026-02-01T16:17:07.136,"{""ai"":{""class"":2,""confidence"":1.00,""time_us"":656}}"
2026-02-01T16:17:10.243,"{""ai"":{""class"":2,""confidence"":1.00,""time_us"":658}}"
2026-02-01T16:17:13.302,"{""ai"":{""class"":2,""confidence"":1.00,""time_us"":675}}"
2026-02-01T16:17:16.406,"{""ai"":{""class"":2,""confidence"":1.00,""time_us"":675}}"
2026-02-01T16:17:19.467,"{""ai"":{""class"":2,""confidence"":1.00,""time_us"":676}}"
2026-02-01T16:17:22.572,"{""ai"":{""class"":2,""confidence"":1.00,""time_us"":676}}"
2026-02-01T16:17:25.632,"{""ai"":{""class"":2,""confidence"":1.00,""time_us"":674}}"
2026-02-01T16:17:28.782,"{""ai"":{""class"":2,""confidence"":1.00,""time_us"":674}}"
2026-02-01T16:17:31.887,"{""ai"":{""class"":2,""confidence"":1.00,""time_us"":676}}"
2026-02-01T16:17:34.992,"{""ai"":{""class"":2,""confidence"":1.00,""time_us"":676}}"
2026-02-01T16:17:38.007,"{""ai"":{""class"":2,""confidence"":1.00,""time_us"":676}}"
2026-02-01T16:17:41.067,"{""ai"":{""class"":2,""confidence"":1.00,""time_us"":676}}"
2026-02-01T16:17:44.171,"{""ai"":{""class"":2,""confidence"":1.00,""time_us"":676}}"
2026-02-01T16:17:47.322,"{""ai"":{""class"":2,""confidence"":1.00,""time_us"":674}}"
2026-02-01T16:17:50.336,"{""ai"":{""class"":2,""confidence"":1.00,""time_us"":675}}"
2026-02-01T16:17:53.442,"{""ai"":{""class"":2,""confidence"":1.00,""time_us"":675}}"
2026-02-01T16:17:56.547,"{""ai"":{""class"":2,""confidence"":1.00,""time_us"":676}}"
2026-02-01T16:17:59.606,"{""ai"":{""class"":2,""confidence"":1.00,""time_us"":676}}"
2026-02-01T16:18:02.668,"{""ai"":{""class"":2,""confidence"":1.00,""time_us"":676}}"
2026-02-01T16:18:05.772,"{""ai"":{""class"":2,""confidence"":1.00,""time_us"":674}}"
2026-02-01T16:18:08.832,"{""ai"":{""class"":2,""confidence"":1.00,""time_us"":677}}"
2026-02-01T16:18:11.936,"{""ai"":{""class"":2,""confidence"":1.00,""time_us"":676}}"
2026-02-01T16:18:15.042,"{""ai"":{""class"":2,""confidence"":1.00,""time_us"":675}}"
2026-02-01T16:18:18.102,"{""ai"":{""class"":2,""confidence"":1.00,""time_us"":676}}"
2026-02-01T16:18:21.208,"{""ai"":{""class"":2,""confidence"":1.00,""time_us"":676}}"
2026-02-01T16:18:24.268,"{""ai"":{""class"":2,""confidence"":1.00,""time_us"":675}}"
2026-02-01T16:18:27.372,"{""ai"":{""class"":2,""confidence"":1.00,""time_us"":677}}"
2026-02-01T16:18:30.433,"{""ai"":{""class"":2,""confidence"":1.00,""time_us"":676}}"
2026-02-01T16:18:33.537,"{""ai"":{""class"":2,""confidence"":1.00,""time_us"":675}}"
2026-02-01T16:18:36.597,"{""ai"":{""class"":2,""confidence"":1.00,""time_us"":675}}"
2026-02-01T16:18:39.703,"{""ai"":{""class"":2,""confidence"":1.00,""time_us"":675}}"
2026-02-01T16:18:42.808,"{""ai"":{""class"":2,""confidence"":1.00,""time_us"":676}}"
2026-02-01T16:18:45.868,"{""ai"":{""class"":2,""confidence"":1.00,""time_us"":676}}"
2026-02-01T16:18:48.973,"{""ai"":{""class"":2,""confidence"":1.00,""time_us"":675}}"
2026-02-01T16:18:52.033,"{""ai"":{""class"":2,""confidence"":1.00,""time_us"":676}}"
2026-02-01T16:18:55.183,"{""ai"":{""class"":2,""confidence"":1.00,""time_us"":675}}"
2026-02-01T16:18:58.198,"{""ai"":{""class"":2,""confidence"":1.00,""time_us"":676}}"
2026-02-01T16:19:01.303,"{""ai"":{""class"":2,""confidence"":1.00,""time_us"":675}}"
2026-02-01T16:19:04.408,"{""ai"":{""class"":2,""confidence"":1.00,""time_us"":676}}"
2026-02-01T16:19:07.468,"{""ai"":{""class"":2,""confidence"":1.00,""time_us"":676}}"
2026-02-01T16:19:10.573,"{""ai"":{""class"":2,""confidence"":1.00,""time_us"":676}}"
2026-02-01T16:19:13.633,"{""ai"":{""class"":2,""confidence"":1.00,""time_us"":676}}"
2026-02-01T16:19:16.738,"{""ai"":{""class"":2,""confidence"":0.98,""time_us"":676}}"
2026-02-01T16:19:19.798,"{""ai"":{""class"":2,""confidence"":1.00,""time_us"":675}}"
2026-02-01T16:19:22.903,"{""ai"":{""class"":0,""confidence"":0.96,""time_us"":675}}"
2026-02-01T16:19:25.963,"{""ai"":{""class"":2,""confidence"":0.93,""time_us"":676}}"
2026-02-01T16:19:29.068,"{""ai"":{""class"":2,""confidence"":1.00,""time_us"":675}}"
2026-02-01T16:19:32.173,"{""ai"":{""class"":2,""confidence"":0.97,""time_us"":676}}"
2026-02-01T16:19:35.233,"{""ai"":{""class"":2,""confidence"":1.00,""time_us"":676}}"
2026-02-01T16:19:38.339,"{""ai"":{""class"":2,""confidence"":1.00,""time_us"":676}}"
2026-02-01T16:19:41.398,"{""ai"":{""class"":2,""confidence"":1.00,""time_us"":676}}"
2026-02-01T16:19:44.503,"{""ai"":{""class"":2,""confidence"":1.00,""time_us"":676}}"
2026-02-01T16:19:47.563,"{""ai"":{""class"":2,""confidence"":1.00,""time_us"":676}}"
2026-02-01T16:19:50.668,"{""ai"":{""class"":2,""confidence"":1.00,""time_us"":676}}"
2026-02-01T16:19:53.773,"{""ai"":{""class"":2,""confidence"":1.00,""time_us"":676}}"
2026-02-01T16:19:56.833,"{""ai"":{""class"":2,""confidence"":1.00,""time_us"":676}}"
2026-02-01T16:20:00.028,"{""ai"":{""class"":2,""confidence"":1.00,""time_us"":676}}"
2026-02-01T16:20:02.997,"{""ai"":{""class"":2,""confidence"":1.00,""time_us"":676}}"
2026-02-01T16:20:06.104,"{""ai"":{""class"":2,""confidence"":0.96,""time_us"":675}}"
2026-02-01T16:20:09.163,"{""ai"":{""class"":1,""confidence"":1.00,""time_us"":675}}"
2026-02-01T16:20:12.268,"{""ai"":{""class"":3,""confidence"":0.55,""time_us"":676}}"
2026-02-01T16:20:15.328,"{""ai"":{""class"":1,""confidence"":1.00,""time_us"":621}}"
2026-02-01T16:20:18.434,"{""ai"":{""class"":3,""confidence"":1.00,""time_us"":640}}"
2026-02-01T16:20:21.539,"{""ai"":{""class"":2,""confidence"":0.93,""time_us"":674}}"
2026-02-01T16:20:24.598,"{""ai"":{""class"":2,""confidence"":1.00,""time_us"":676}}"
2026-02-01T16:20:27.704,"{""ai"":{""class"":2,""confidence"":1.00,""time_us"":676}}"
2026-02-01T16:20:30.763,"{""ai"":{""class"":2,""confidence"":1.00,""time_us"":676}}"
2026-02-01T16:20:33.869,"{""ai"":{""class"":0,""confidence"":1.00,""time_us"":674}}"
2026-02-01T16:20:36.748,"{""status"":""success"",""msg"":""bmi270 calibrated"",""offsets"":{""accel"":{""x"":0.98,""y"":5.05,""z"":-3.50},""gyro"":{""x"":1.50,""y"":0.68,""z"":1.20}}}"
2026-02-01T16:20:36.929,"{""ai"":{""class"":0,""confidence"":0.98,""time_us"":676}}"
2026-02-01T16:20:40.079,"{""ai"":{""class"":0,""confidence"":1.00,""time_us"":656}}"
2026-02-01T16:20:43.139,"{""ai"":{""class"":1,""confidence"":1.00,""time_us"":657}}"
2026-02-01T16:20:46.199,"{""ai"":{""class"":1,""confidence"":1.00,""time_us"":675}}"
2026-02-01T16:20:49.349,"{""ai"":{""class"":1,""confidence"":1.00,""time_us"":673}}"
2026-02-01T16:20:52.364,"{""ai"":{""class"":1,""confidence"":1.00,""time_us"":675}}"
2026-02-01T16:20:55.469,"{""ai"":{""class"":1,""confidence"":1.00,""time_us"":674}}"
2026-02-01T16:20:58.529,"{""ai"":{""class"":3,""confidence"":1.00,""time_us"":673}}"
2026-02-01T16:21:01.634,"{""ai"":{""class"":2,""confidence"":1.00,""time_us"":674}}"
2026-02-01T16:21:04.739,"{""ai"":{""class"":2,""confidence"":1.00,""time_us"":675}}"
2026-02-01T16:21:07.799,"{""ai"":{""class"":2,""confidence"":1.00,""time_us"":675}}"
2026-02-01T16:21:11.040,"{""ai"":{""class"":0,""confidence"":1.00,""time_us"":673}}"
2026-02-01T16:21:13.964,"{""ai"":{""class"":0,""confidence"":1.00,""time_us"":675}}"
2026-02-01T16:21:17.069,"{""ai"":{""class"":2,""confidence"":1.00,""time_us"":674}}"
2026-02-01T16:21:20.129,"{""ai"":{""class"":2,""confidence"":1.00,""time_us"":677}}"
2026-02-01T16:21:23.234,"{""ai"":{""class"":1,""confidence"":0.99,""time_us"":672}}"
2026-02-01T16:21:26.294,"{""ai"":{""class"":1,""confidence"":1.00,""time_us"":656}}"
2026-02-01T16:21:29.399,"{""ai"":{""class"":1,""confidence"":1.00,""time_us"":675}}"
2026-02-01T16:21:32.504,"{""ai"":{""class"":1,""confidence"":1.00,""time_us"":657}}"
2026-02-01T16:21:35.609,"{""ai"":{""class"":1,""confidence"":1.00,""time_us"":657}}"
2026-02-01T16:21:38.714,"{""ai"":{""class"":1,""confidence"":1.00,""time_us"":638}}"
2026-02-01T16:21:41.774,"{""ai"":{""class"":1,""confidence"":1.00,""time_us"":640}}"
2026-02-01T16:21:44.834,"{""ai"":{""class"":1,""confidence"":1.00,""time_us"":639}}"
2026-02-01T16:21:47.894,"{""ai"":{""class"":0,""confidence"":1.00,""time_us"":638}}"
2026-02-01T16:21:50.999,"{""ai"":{""class"":2,""confidence"":0.91,""time_us"":675}}"
2026-02-01T16:21:54.104,"{""ai"":{""class"":2,""confidence"":0.58,""time_us"":675}}"
2026-02-01T16:21:57.164,"{""ai"":{""class"":0,""confidence"":0.49,""time_us"":674}}"
2026-02-01T16:22:00.269,"{""ai"":{""class"":2,""confidence"":0.95,""time_us"":675}}"
2026-02-01T16:22:03.375,"{""ai"":{""class"":2,""confidence"":1.00,""time_us"":674}}"
2026-02-01T16:22:06.434,"{""ai"":{""class"":2,""confidence"":1.00,""time_us"":673}}"
2026-02-01T16:22:09.494,"{""ai"":{""class"":2,""confidence"":1.00,""time_us"":675}}"
2026-02-01T16:22:12.735,"{""ai"":{""class"":2,""confidence"":0.99,""time_us"":675}}"
2026-02-01T16:22:15.704,"{""ai"":{""class"":1,""confidence"":1.00,""time_us"":675}}"
2026-02-01T16:22:18.764,"{""ai"":{""class"":1,""confidence"":1.00,""time_us"":675}}"
2026-02-01T16:22:21.914,"{""ai"":{""class"":1,""confidence"":1.00,""time_us"":640}}"
2026-02-01T16:22:24.930,"{""ai"":{""class"":3,""confidence"":1.00,""time_us"":674}}"
2026-02-01T16:22:28.035,"{""ai"":{""class"":2,""confidence"":0.98,""time_us"":674}}"
2026-02-01T16:22:31.095,"{""ai"":{""class"":2,""confidence"":1.00,""time_us"":676}}"
2026-02-01T16:22:34.200,"{""ai"":{""class"":2,""confidence"":1.00,""time_us"":676}}"
2026-02-01T16:22:37.260,"{""ai"":{""class"":2,""confidence"":1.00,""time_us"":676}}"
2026-02-01T16:22:40.365,"{""ai"":{""class"":2,""confidence"":1.00,""time_us"":676}}"
2026-02-01T16:22:43.471,"{""ai"":{""class"":2,""confidence"":1.00,""time_us"":676}}"
2026-02-01T16:22:46.530,"{""ai"":{""class"":2,""confidence"":1.00,""time_us"":676}}"
2026-02-01T16:22:49.635,"{""ai"":{""class"":2,""confidence"":1.00,""time_us"":676}}"
2026-02-01T16:22:52.739,"{""ai"":{""class"":2,""confidence"":1.00,""time_us"":676}}"
2026-02-01T16:22:55.800,"{""ai"":{""class"":2,""confidence"":1.00,""time_us"":676}}"
2026-02-01T16:22:58.860,"{""ai"":{""class"":2,""confidence"":1.00,""time_us"":676}}"
2026-02-01T16:23:01.965,"{""ai"":{""class"":2,""confidence"":1.00,""time_us"":676}}"
2026-02-01T16:23:05.070,"{""ai"":{""class"":2,""confidence"":1.00,""time_us"":676}}"
2026-02-01T16:23:08.129,"{""ai"":{""class"":2,""confidence"":1.00,""time_us"":676}}"
2026-02-01T16:23:11.235,"{""ai"":{""class"":2,""confidence"":1.00,""time_us"":676}}"
2026-02-01T16:23:14.295,"{""ai"":{""class"":2,""confidence"":1.00,""time_us"":676}}"
2026-02-01T16:23:17.400,"{""ai"":{""class"":2,""confidence"":1.00,""time_us"":676}}"
2026-02-01T16:23:20.460,"{""ai"":{""class"":2,""confidence"":1.00,""time_us"":676}}"
2026-02-01T16:23:23.565,"{""ai"":{""class"":2,""confidence"":1.00,""time_us"":676}}"
2026-02-01T16:23:26.670,"{""ai"":{""class"":2,""confidence"":1.00,""time_us"":676}}"
2026-02-01T16:23:29.730,"{""ai"":{""class"":2,""confidence"":1.00,""time_us"":676}}"
2026-02-01T16:23:32.835,"{""ai"":{""class"":2,""confidence"":1.00,""time_us"":676}}"
2026-02-01T16:23:35.895,"{""ai"":{""class"":2,""confidence"":1.00,""time_us"":676}}"
2026-02-01T16:23:39.001,"{""ai"":{""class"":2,""confidence"":1.00,""time_us"":676}}"
2026-02-01T16:23:42.060,"{""ai"":{""class"":2,""confidence"":1.00,""time_us"":676}}"
2026-02-01T16:23:45.166,"{""ai"":{""class"":2,""confidence"":1.00,""time_us"":676}}"
2026-02-01T16:23:48.225,"{""ai"":{""class"":2,""confidence"":1.00,""time_us"":676}}"
2026-02-01T16:23:51.330,"{""ai"":{""class"":2,""confidence"":1.00,""time_us"":676}}"
2026-02-01T16:23:54.435,"{""ai"":{""class"":2,""confidence"":1.00,""time_us"":676}}"
2026-02-01T16:23:57.495,"{""ai"":{""class"":2,""confidence"":1.00,""time_us"":675}}"
2026-02-01T16:24:00.645,"{""ai"":{""class"":2,""confidence"":1.00,""time_us"":676}}"
2026-02-01T16:24:03.660,"{""ai"":{""class"":2,""confidence"":1.00,""time_us"":676}}"
2026-02-01T16:24:06.765,"{""ai"":{""class"":2,""confidence"":1.00,""time_us"":676}}"
2026-02-01T16:24:09.825,"{""ai"":{""class"":2,""confidence"":1.00,""time_us"":676}}"
2026-02-01T16:24:12.930,"{""ai"":{""class"":2,""confidence"":1.00,""time_us"":676}}"
2026-02-01T16:24:16.035,"{""ai"":{""class"":2,""confidence"":1.00,""time_us"":676}}"
2026-02-01T16:24:19.140,"{""ai"":{""class"":2,""confidence"":1.00,""time_us"":676}}"
2026-02-01T16:24:22.201,"{""ai"":{""class"":2,""confidence"":1.00,""time_us"":676}}"
2026-02-01T16:24:25.260,"{""ai"":{""class"":2,""confidence"":1.00,""time_us"":676}}"
2026-02-01T16:24:28.366,"{""ai"":{""class"":2,""confidence"":1.00,""time_us"":676}}"
2026-02-01T16:24:31.426,"{""ai"":{""class"":2,""confidence"":1.00,""time_us"":676}}"
2026-02-01T16:24:34.531,"{""ai"":{""class"":2,""confidence"":1.00,""time_us"":676}}"
2026-02-01T16:24:37.590,"{""ai"":{""class"":2,""confidence"":1.00,""time_us"":676}}"
2026-02-01T16:24:40.696,"{""ai"":{""class"":2,""confidence"":1.00,""time_us"":676}}"
2026-02-01T16:24:43.801,"{""ai"":{""class"":2,""confidence"":1.00,""time_us"":675}}"
2026-02-01T16:24:46.861,"{""ai"":{""class"":2,""confidence"":1.00,""time_us"":676}}"
2026-02-01T16:24:49.966,"{""ai"":{""class"":2,""confidence"":1.00,""time_us"":676}}"
2026-02-01T16:24:53.026,"{""ai"":{""class"":2,""confidence"":1.00,""time_us"":676}}"
2026-02-01T16:24:56.131,"{""ai"":{""class"":2,""confidence"":1.00,""time_us"":676}}"
2026-02-01T16:24:59.191,"{""ai"":{""class"":2,""confidence"":1.00,""time_us"":676}}"
2026-02-01T16:25:02.296,"{""ai"":{""class"":2,""confidence"":1.00,""time_us"":676}}"
2026-02-01T16:25:05.491,"{""ai"":{""class"":2,""confidence"":1.00,""time_us"":676}}"
2026-02-01T16:25:08.461,"{""ai"":{""class"":2,""confidence"":1.00,""time_us"":676}}"
2026-02-01T16:25:11.566,"{""ai"":{""class"":2,""confidence"":1.00,""time_us"":676}}"
2026-02-01T16:25:14.627,"{""ai"":{""class"":2,""confidence"":1.00,""time_us"":676}}"
2026-02-01T16:25:17.731,"{""ai"":{""class"":2,""confidence"":1.00,""time_us"":676}}"
2026-02-01T16:25:20.790,"{""ai"":{""class"":2,""confidence"":1.00,""time_us"":676}}"
2026-02-01T16:25:23.896,"{""ai"":{""class"":3,""confidence"":0.98,""time_us"":676}}"
2026-02-01T16:25:27.001,"{""ai"":{""class"":2,""confidence"":1.00,""time_us"":675}}"
2026-02-01T16:25:30.064,"{""ai"":{""class"":2,""confidence"":1.00,""time_us"":675}}"
2026-02-01T16:25:33.167,"{""ai"":{""class"":2,""confidence"":1.00,""time_us"":676}}"
2026-02-01T16:25:36.225,"{""ai"":{""class"":2,""confidence"":1.00,""time_us"":675}}"
2026-02-01T16:25:39.331,"{""ai"":{""class"":2,""confidence"":1.00,""time_us"":676}}"
2026-02-01T16:25:42.390,"{""ai"":{""class"":2,""confidence"":1.00,""time_us"":675}}"
2026-02-01T16:25:45.541,"{""ai"":{""class"":2,""confidence"":1.00,""time_us"":675}}"
2026-02-01T16:25:48.557,"{""ai"":{""class"":2,""confidence"":1.00,""time_us"":674}}"
