ts_iso,text
2026-02-02T09:38:05.140,"{""sensor"":{""time"":73652,""status"":true,""class:"":2}}"
2026-02-02T09:38:15.527,"{""sensor"":{""time"":84039,""status"":true,""class:"":2}}"
2026-02-02T09:38:25.924,"{""sensor"":{""time"":94427,""status"":true,""class:"":2}}"
2026-02-02T09:38:36.276,"{""sensor"":{""time"":104814,""status"":true,""class:"":2}}"
2026-02-02T09:38:46.673,"{""sensor"":{""time"":115202,""status"":true,""class:"":2}}"
2026-02-02T09:38:57.070,"{""sensor"":{""time"":125590,""status"":true,""class:"":2}}"
2026-02-02T09:39:07.466,"{""sensor"":{""time"":135977,""status"":true,""class:"":2}}"
2026-02-02T09:39:17.862,"{""sensor"":{""time"":146365,""status"":true,""class:"":2}}"
2026-02-02T09:39:28.258,"{""sensor"":{""time"":156753,""status"":true,""class:"":2}}"
2026-02-02T09:39:38.608,"{""sensor"":{""time"":167140,""status"":true,""class:"":2}}"
2026-02-02T09:39:49.006,"{""sensor"":{""time"":177528,""status"":true,""class:"":2}}"
2026-02-02T09:40:36.932,"{""sensor"":{""time"":11327,""status"":true,""class:"":2}}"
2026-02-02T09:40:47.281,"{""sensor"":{""time"":21714,""status"":true,""class:"":2}}"
2026-02-02T09:40:57.676,"{""sensor"":{""time"":32102,""status"":true,""class:"":2}}"
2026-02-02T09:41:08.071,"{""sensor"":{""time"":42490,""status"":true,""class:"":2}}"
2026-02-02T09:41:18.465,"{""sensor"":{""time"":52878,""status"":true,""class:"":2}}"
2026-02-02T09:41:28.861,"{""sensor"":{""time"":63265,""status"":true,""class:"":2}}"
2026-02-02T09:41:39.256,"{""sensor"":{""time"":73653,""status"":true,""class:"":2}}"
2026-02-02T09:41:49.605,"{""sensor"":{""time"":84041,""status"":true,""class:"":2}}"
2026-02-02T09:41:59.999,"{""sensor"":{""time"":94429,""status"":true,""class:"":2}}"
2026-02-02T09:42:10.394,"{""sensor"":{""time"":104816,""status"":true,""class:"":2}}"
2026-02-02T09:42:20.788,"{""sensor"":{""time"":115204,""status"":true,""class:"":2}}"
2026-02-02T09:42:31.183,"{""sensor"":{""time"":125592,""status"":true,""class:"":2}}"
2026-02-02T09:42:41.622,"{""sensor"":{""time"":135980,""status"":true,""class:"":2}}"
2026-02-02T09:42:51.927,"{""sensor"":{""time"":146368,""status"":true,""class:"":2}}"
2026-02-02T09:43:02.321,"{""sensor"":{""time"":156755,""status"":true,""class:"":2}}"
2026-02-02T09:43:12.716,"{""sensor"":{""time"":167142,""status"":true,""class:"":2}}"
2026-02-02T09:43:23.109,"{""sensor"":{""time"":177530,""status"":true,""class:"":2}}"
2026-02-02T09:43:33.504,"{""sensor"":{""time"":187917,""status"":true,""class:"":2}}"
2026-02-02T09:43:43.854,"{""sensor"":{""time"":198305,""status"":true,""class:"":2}}"
2026-02-02T09:43:54.248,"{""sensor"":{""time"":208692,""status"":true,""class:"":2}}"
2026-02-02T09:44:04.641,"{""sensor"":{""time"":219080,""status"":true,""class:"":2}}"
2026-02-02T09:44:15.036,"{""sensor"":{""time"":229468,""status"":true,""class:"":2}}"
2026-02-02T09:44:25.431,"{""sensor"":{""time"":239855,""status"":true,""class:"":2}}"
2026-02-02T09:44:35.824,"{""sensor"":{""time"":250243,""status"":true,""class:"":2}}"
2026-02-02T09:44:46.174,"{""sensor"":{""time"":260630,""status"":true,""class:"":2}}"
2026-02-02T09:44:56.568,"{""sensor"":{""time"":271017,""status"":true,""class:"":2}}"
2026-02-02T09:45:06.962,"{""sensor"":{""time"":281405,""status"":true,""class:"":2}}"
2026-02-02T09:45:17.355,"{""sensor"":{""time"":291792,""status"":true,""class:"":2}}"
2026-02-02T09:45:27.749,"{""sensor"":{""time"":302180,""status"":true,""class:"":2}}"
2026-02-02T09:45:38.100,"{""sensor"":{""time"":312567,""status"":true,""class:"":2}}"
2026-02-02T09:45:48.494,"{""sensor"":{""time"":322955,""status"":true,""class:"":2}}"
2026-02-02T09:45:58.888,"{""sensor"":{""time"":333343,""status"":true,""class:"":2}}"
2026-02-02T09:46:09.327,"{""sensor"":{""time"":343730,""status"":true,""class:"":2}}"
2026-02-02T09:46:19.676,"{""sensor"":{""time"":354118,""status"":true,""class:"":2}}"
2026-02-02T09:46:30.070,"{""sensor"":{""time"":364505,""status"":true,""class:"":2}}"
2026-02-02T09:46:40.418,"{""sensor"":{""time"":374893,""status"":true,""class:"":2}}"
2026-02-02T09:46:50.817,"{""sensor"":{""time"":385280,""status"":true,""class:"":2}}"
2026-02-02T09:47:01.215,"{""sensor"":{""time"":395668,""status"":true,""class:"":2}}"
2026-02-02T09:47:11.614,"{""sensor"":{""time"":406055,""status"":true,""class:"":2}}"
2026-02-02T09:47:22.012,"{""sensor"":{""time"":416443,""status"":true,""class:"":2}}"
2026-02-02T09:47:32.409,"{""sensor"":{""time"":426830,""status"":true,""class:"":2}}"
2026-02-02T09:47:42.763,"{""sensor"":{""time"":437218,""status"":true,""class:"":2}}"
2026-02-02T09:47:53.160,"{""sensor"":{""time"":447605,""status"":true,""class:"":2}}"
2026-02-02T09:48:03.556,"{""sensor"":{""time"":457993,""status"":true,""class:"":2}}"
2026-02-02T09:48:13.954,"{""sensor"":{""time"":468380,""status"":true,""class:"":2}}"
2026-02-02T09:48:24.348,"{""sensor"":{""time"":478767,""status"":true,""class:"":2}}"
2026-02-02T09:48:34.701,"{""sensor"":{""time"":489155,""status"":true,""class:"":2}}"
2026-02-02T09:48:45.097,"{""sensor"":{""time"":499542,""status"":true,""class:"":2}}"
2026-02-02T09:48:55.494,"{""sensor"":{""time"":509930,""status"":true,""class:"":2}}"
2026-02-02T09:49:05.890,"{""sensor"":{""time"":520317,""status"":true,""class:"":2}}"
2026-02-02T09:49:16.286,"{""sensor"":{""time"":530705,""status"":true,""class:"":2}}"
2026-02-02T09:49:26.681,"{""sensor"":{""time"":541092,""status"":true,""class:"":2}}"
2026-02-02T09:49:37.035,"{""sensor"":{""time"":551480,""status"":true,""class:"":2}}"
2026-02-02T09:49:47.430,"{""sensor"":{""time"":561867,""status"":true,""class:"":2}}"
2026-02-02T09:49:57.824,"{""sensor"":{""time"":572254,""status"":true,""class:"":2}}"
2026-02-02T09:50:08.220,"{""sensor"":{""time"":582642,""status"":true,""class:"":2}}"
2026-02-02T09:50:18.615,"{""sensor"":{""time"":593030,""status"":true,""class:"":2}}"
2026-02-02T09:50:28.965,"{""sensor"":{""time"":603417,""status"":true,""class:"":2}}"
2026-02-02T09:50:39.359,"{""sensor"":{""time"":613805,""status"":true,""class:"":2}}"
2026-02-02T09:50:49.756,"{""sensor"":{""time"":624192,""status"":true,""class:"":2}}"
2026-02-02T09:51:00.150,"{""sensor"":{""time"":634580,""status"":true,""class:"":2}}"
2026-02-02T10:01:33.778,"{""sensor"":{""time"":1268234,""status"":true,""class:"":2}}"
2026-02-02T10:01:44.174,"{""sensor"":{""time"":1278622,""status"":true,""class:"":2}}"
2026-02-02T10:01:54.569,"{""sensor"":{""time"":1289009,""status"":true,""class:"":2}}"
2026-02-02T10:02:05.054,"{""sensor"":{""time"":1299397,""status"":true,""class:"":2}}"
2026-02-02T10:02:15.360,"{""sensor"":{""time"":1309785,""status"":true,""class:"":2}}"
2026-02-02T10:02:25.709,"{""sensor"":{""time"":1320173,""status"":true,""class:"":2}}"
2026-02-02T10:02:36.104,"{""sensor"":{""time"":1330561,""status"":true,""class:"":2}}"
2026-02-02T10:02:46.499,"{""sensor"":{""time"":1340949,""status"":true,""class:"":2}}"
2026-02-02T10:02:56.895,"{""sensor"":{""time"":1351336,""status"":true,""class:"":2}}"
2026-02-02T10:03:07.290,"{""sensor"":{""time"":1361724,""status"":true,""class:"":2}}"
2026-02-02T10:03:17.684,"{""sensor"":{""time"":1372112,""status"":true,""class:"":2}}"
2026-02-02T10:03:28.035,"{""sensor"":{""time"":1382500,""status"":true,""class:"":2}}"
2026-02-02T10:03:38.430,"{""sensor"":{""time"":1392887,""status"":true,""class:"":2}}"
2026-02-02T10:04:16.816,"{""sensor"":{""time"":5205,""status"":true,""class:"":2}}"
2026-02-02T10:04:16.860,"{""sensor"":{""time"":5320,""status"":true,""class:"":2}}"
2026-02-02T10:04:16.950,"{""sensor"":{""time"":5435,""status"":true,""class:"":2}}"
2026-02-02T10:04:17.040,"{""sensor"":{""time"":5551,""status"":true,""class:"":2}}"
2026-02-02T10:04:17.085,"{""sensor"":{""time"":5667,""status"":true,""class:"":2}}"
2026-02-02T10:04:17.220,"{""sensor"":{""time"":5783,""status"":true,""class:"":2}}"
2026-02-02T10:04:17.310,"{""sensor"":{""time"":5898,""status"":true,""class:"":2}}"
2026-02-02T10:04:17.400,"{""sensor"":{""time"":6014,""status"":true,""class:"":2}}"
2026-02-02T10:04:17.535,"{""sensor"":{""time"":6129,""status"":true,""class:"":2}}"
2026-02-02T10:04:17.625,"{""sensor"":{""time"":6245,""status"":true,""class:"":2}}"
2026-02-02T10:04:17.760,"{""sensor"":{""time"":6361,""status"":true,""class:"":2}}"
2026-02-02T10:04:17.850,"{""sensor"":{""time"":6477,""status"":true,""class:"":2}}"
2026-02-02T10:04:17.985,"{""sensor"":{""time"":6593,""status"":true,""class:"":2}}"
2026-02-02T10:04:18.120,"{""sensor"":{""time"":6709,""status"":true,""class:"":2}}"
2026-02-02T10:04:18.210,"{""sensor"":{""time"":6824,""status"":true,""class:"":2}}"
2026-02-02T10:04:18.345,"{""sensor"":{""time"":6940,""status"":true,""class:"":2}}"
2026-02-02T10:04:18.435,"{""sensor"":{""time"":7055,""status"":true,""class:"":2}}"
2026-02-02T10:04:18.570,"{""sensor"":{""time"":7171,""status"":true,""class:"":2}}"
2026-02-02T10:04:18.659,"{""sensor"":{""time"":7287,""status"":true,""class:"":2}}"
2026-02-02T10:04:18.796,"{""sensor"":{""time"":7402,""status"":true,""class:"":2}}"
2026-02-02T10:04:18.930,"{""sensor"":{""time"":7518,""status"":true,""class:"":2}}"
2026-02-02T10:04:19.020,"{""sensor"":{""time"":7634,""status"":true,""class:"":2}}"
2026-02-02T10:04:19.155,"{""sensor"":{""time"":7750,""status"":true,""class:"":2}}"
2026-02-02T10:04:19.246,"{""sensor"":{""time"":7865,""status"":true,""class:"":2}}"
2026-02-02T10:04:19.380,"{""sensor"":{""time"":7981,""status"":true,""class:"":2}}"
2026-02-02T10:04:19.517,"{""sensor"":{""time"":8096,""status"":true,""class:"":2}}"
2026-02-02T10:04:19.606,"{""sensor"":{""time"":8212,""status"":true,""class:"":2}}"
2026-02-02T10:04:19.786,"{""sensor"":{""time"":8327,""status"":true,""class:"":2}}"
2026-02-02T10:04:19.875,"{""sensor"":{""time"":8443,""status"":true,""class:"":2}}"
2026-02-02T10:04:20.011,"{""sensor"":{""time"":8559,""status"":true,""class:"":2}}"
2026-02-02T10:04:20.100,"{""sensor"":{""time"":8675,""status"":true,""class:"":2}}"
2026-02-02T10:04:20.191,"{""sensor"":{""time"":8790,""status"":true,""class:"":2}}"
2026-02-02T10:04:20.325,"{""sensor"":{""time"":8905,""status"":true,""class:"":2}}"
2026-02-02T10:04:20.415,"{""sensor"":{""time"":9021,""status"":true,""class:"":2}}"
2026-02-02T10:04:20.550,"{""sensor"":{""time"":9137,""status"":true,""class:"":2}}"
2026-02-02T10:04:20.640,"{""sensor"":{""time"":9253,""status"":true,""class:"":2}}"
2026-02-02T10:04:20.775,"{""sensor"":{""time"":9369,""status"":true,""class:"":2}}"
2026-02-02T10:04:20.865,"{""sensor"":{""time"":9484,""status"":true,""class:"":2}}"
2026-02-02T10:04:21.000,"{""sensor"":{""time"":9601,""status"":true,""class:"":2}}"
2026-02-02T10:04:21.091,"{""sensor"":{""time"":9716,""status"":true,""class:"":2}}"
2026-02-02T10:04:21.270,"{""sensor"":{""time"":9832,""status"":true,""class:"":2}}"
2026-02-02T10:04:21.361,"{""sensor"":{""time"":9947,""status"":true,""class:"":2}}"
2026-02-02T10:04:21.451,"{""sensor"":{""time"":10063,""status"":true,""class:"":2}}"
2026-02-02T10:04:21.586,"{""sensor"":{""time"":10178,""status"":true,""class:"":2}}"
2026-02-02T10:04:21.676,"{""sensor"":{""time"":10294,""status"":true,""class:"":2}}"
2026-02-02T10:04:21.810,"{""sensor"":{""time"":10410,""status"":true,""class:"":2}}"
2026-02-02T10:04:21.900,"{""sensor"":{""time"":10526,""status"":true,""class:"":2}}"
2026-02-02T10:04:22.035,"{""sensor"":{""time"":10642,""status"":true,""class:"":2}}"
2026-02-02T10:04:22.170,"{""sensor"":{""time"":10758,""status"":true,""class:"":2}}"
2026-02-02T10:04:22.260,"{""sensor"":{""time"":10873,""status"":true,""class:"":2}}"
2026-02-02T10:04:22.396,"{""sensor"":{""time"":10989,""status"":true,""class:"":2}}"
2026-02-02T10:04:22.485,"{""sensor"":{""time"":11104,""status"":true,""class:"":2}}"
2026-02-02T10:04:22.619,"{""sensor"":{""time"":11221,""status"":true,""class:"":2}}"
2026-02-02T10:04:22.711,"{""sensor"":{""time"":11336,""status"":true,""class:"":2}}"
2026-02-02T10:04:22.845,"{""sensor"":{""time"":11452,""status"":true,""class:"":2}}"
2026-02-02T10:04:22.980,"{""sensor"":{""time"":11568,""status"":true,""class:"":2}}"
2026-02-02T10:04:23.070,"{""sensor"":{""time"":11684,""status"":true,""class:"":2}}"
2026-02-02T10:04:23.205,"{""sensor"":{""time"":11799,""status"":true,""class:"":2}}"
2026-02-02T10:04:23.295,"{""sensor"":{""time"":11915,""status"":true,""class:"":2}}"
2026-02-02T10:04:23.431,"{""sensor"":{""time"":12031,""status"":true,""class:"":2}}"
2026-02-02T10:04:23.520,"{""sensor"":{""time"":12146,""status"":true,""class:"":2}}"
2026-02-02T10:04:23.654,"{""sensor"":{""time"":12262,""status"":true,""class:"":2}}"
2026-02-02T10:04:23.790,"{""sensor"":{""time"":12378,""status"":true,""class:"":2}}"
2026-02-02T10:04:23.880,"{""sensor"":{""time"":12494,""status"":true,""class:"":2}}"
2026-02-02T10:04:24.016,"{""sensor"":{""time"":12610,""status"":true,""class:"":2}}"
2026-02-02T10:04:24.104,"{""sensor"":{""time"":12725,""status"":true,""class:"":2}}"
2026-02-02T10:04:24.241,"{""sensor"":{""time"":12841,""status"":true,""class:"":2}}"
2026-02-02T10:04:24.331,"{""sensor"":{""time"":12956,""status"":true,""class:"":2}}"
2026-02-02T10:04:24.465,"{""sensor"":{""time"":13072,""status"":true,""class:"":2}}"
2026-02-02T10:04:24.600,"{""sensor"":{""time"":13188,""status"":true,""class:"":2}}"
2026-02-02T10:04:24.690,"{""sensor"":{""time"":13304,""status"":true,""class:"":2}}"
2026-02-02T10:04:24.826,"{""sensor"":{""time"":13419,""status"":true,""class:"":2}}"
2026-02-02T10:04:24.916,"{""sensor"":{""time"":13535,""status"":true,""class:"":2}}"
2026-02-02T10:04:25.050,"{""sensor"":{""time"":13651,""status"":true,""class:"":2}}"
2026-02-02T10:04:25.141,"{""sensor"":{""time"":13767,""status"":true,""class:"":2}}"
2026-02-02T10:04:25.275,"{""sensor"":{""time"":13882,""status"":true,""class:"":2}}"
2026-02-02T10:04:25.410,"{""sensor"":{""time"":13998,""status"":true,""class:"":2}}"
2026-02-02T10:04:25.499,"{""sensor"":{""time"":14113,""status"":true,""class:"":2}}"
2026-02-02T10:04:25.636,"{""sensor"":{""time"":14229,""status"":true,""class:"":2}}"
2026-02-02T10:04:25.725,"{""sensor"":{""time"":14345,""status"":true,""class:"":2}}"
2026-02-02T10:04:25.861,"{""sensor"":{""time"":14461,""status"":true,""class:"":2}}"
2026-02-02T10:04:25.951,"{""sensor"":{""time"":14577,""status"":true,""class:"":2}}"
2026-02-02T10:04:26.085,"{""sensor"":{""time"":14692,""status"":true,""class:"":2}}"
2026-02-02T10:04:26.310,"{""sensor"":{""time"":14808,""status"":true,""class:"":2}}"
2026-02-02T10:04:26.356,"{""sensor"":{""time"":14923,""status"":true,""class:"":2}}"
2026-02-02T10:04:26.445,"{""sensor"":{""time"":15039,""status"":true,""class:"":2}}"
2026-02-02T10:04:26.535,"{""sensor"":{""time"":15155,""status"":true,""class:"":2}}"
2026-02-02T10:04:26.670,"{""sensor"":{""time"":15271,""status"":true,""class:"":2}}"
2026-02-02T10:04:26.760,"{""sensor"":{""time"":15387,""status"":true,""class:"":2}}"
2026-02-02T10:04:26.896,"{""sensor"":{""time"":15502,""status"":true,""class:"":2}}"
2026-02-02T10:04:27.031,"{""sensor"":{""time"":15618,""status"":true,""class:"":2}}"
2026-02-02T10:04:27.120,"{""sensor"":{""time"":15734,""status"":true,""class:"":2}}"
2026-02-02T10:04:27.255,"{""sensor"":{""time"":15849,""status"":true,""class:"":2}}"
2026-02-02T10:04:27.345,"{""sensor"":{""time"":15965,""status"":true,""class:"":2}}"
2026-02-02T10:04:27.480,"{""sensor"":{""time"":16081,""status"":true,""class:"":2}}"
2026-02-02T10:04:27.570,"{""sensor"":{""time"":16197,""status"":true,""class:"":2}}"
2026-02-02T10:04:27.705,"{""sensor"":{""time"":16312,""status"":true,""class:"":2}}"
2026-02-02T10:04:27.841,"{""sensor"":{""time"":16428,""status"":true,""class:"":2}}"
2026-02-02T10:04:27.930,"{""sensor"":{""time"":16544,""status"":true,""class:"":2}}"
2026-02-02T10:04:28.066,"{""sensor"":{""time"":16660,""status"":true,""class:"":2}}"
2026-02-02T10:04:28.154,"{""sensor"":{""time"":16776,""status"":true,""class:"":2}}"
2026-02-02T10:04:28.291,"{""sensor"":{""time"":16891,""status"":true,""class:"":2}}"
2026-02-02T10:04:28.380,"{""sensor"":{""time"":17006,""status"":true,""class:"":2}}"
2026-02-02T10:04:28.515,"{""sensor"":{""time"":17122,""status"":true,""class:"":2}}"
2026-02-02T10:04:28.650,"{""sensor"":{""time"":17238,""status"":true,""class:"":2}}"
2026-02-02T10:04:28.784,"{""sensor"":{""time"":17354,""status"":true,""class:"":2}}"
2026-02-02T10:04:28.920,"{""sensor"":{""time"":17469,""status"":true,""class:"":2}}"
2026-02-02T10:04:29.011,"{""sensor"":{""time"":17585,""status"":true,""class:"":2}}"
2026-02-02T10:04:29.100,"{""sensor"":{""time"":17701,""status"":true,""class:"":2}}"
2026-02-02T10:04:29.191,"{""sensor"":{""time"":17817,""status"":true,""class:"":2}}"
2026-02-02T10:04:29.324,"{""sensor"":{""time"":17932,""status"":true,""class:"":2}}"
2026-02-02T10:04:29.460,"{""sensor"":{""time"":18048,""status"":true,""class:"":2}}"
2026-02-02T10:04:29.549,"{""sensor"":{""time"":18163,""status"":true,""class:"":2}}"
2026-02-02T10:04:29.731,"{""sensor"":{""time"":18279,""status"":true,""class:"":2}}"
2026-02-02T10:04:29.820,"{""sensor"":{""time"":18395,""status"":true,""class:"":2}}"
2026-02-02T10:04:29.911,"{""sensor"":{""time"":18511,""status"":true,""class:"":2}}"
2026-02-02T10:04:30.000,"{""sensor"":{""time"":18627,""status"":true,""class:"":2}}"
2026-02-02T10:04:30.135,"{""sensor"":{""time"":18742,""status"":true,""class:"":2}}"
2026-02-02T10:04:30.270,"{""sensor"":{""time"":18858,""status"":true,""class:"":2}}"
2026-02-02T10:04:30.361,"{""sensor"":{""time"":18973,""status"":true,""class:"":2}}"
2026-02-02T10:04:30.496,"{""sensor"":{""time"":19089,""status"":true,""class:"":2}}"
2026-02-02T10:04:30.586,"{""sensor"":{""time"":19205,""status"":true,""class:"":2}}"
2026-02-02T10:04:30.720,"{""sensor"":{""time"":19321,""status"":true,""class:"":2}}"
2026-02-02T10:04:30.810,"{""sensor"":{""time"":19437,""status"":true,""class:"":2}}"
2026-02-02T10:04:30.945,"{""sensor"":{""time"":19552,""status"":true,""class:"":2}}"
2026-02-02T10:04:31.080,"{""sensor"":{""time"":19668,""status"":true,""class:"":2}}"
2026-02-02T10:04:31.169,"{""sensor"":{""time"":19784,""status"":true,""class:"":2}}"
2026-02-02T10:04:31.306,"{""sensor"":{""time"":19900,""status"":true,""class:"":2}}"
2026-02-02T10:04:31.395,"{""sensor"":{""time"":20015,""status"":true,""class:"":2}}"
2026-02-02T10:04:31.531,"{""sensor"":{""time"":20131,""status"":true,""class:"":2}}"
2026-02-02T10:04:31.620,"{""sensor"":{""time"":20247,""status"":true,""class:"":2}}"
2026-02-02T10:04:31.755,"{""sensor"":{""time"":20363,""status"":true,""class:"":2}}"
2026-02-02T10:04:31.890,"{""sensor"":{""time"":20478,""status"":true,""class:"":2}}"
2026-02-02T10:04:31.981,"{""sensor"":{""time"":20594,""status"":true,""class:"":2}}"
2026-02-02T10:04:32.116,"{""sensor"":{""time"":20710,""status"":true,""class:"":2}}"
2026-02-02T10:04:32.205,"{""sensor"":{""time"":20826,""status"":true,""class:"":2}}"
2026-02-02T10:04:32.340,"{""sensor"":{""time"":20941,""status"":true,""class:"":2}}"
2026-02-02T10:04:32.431,"{""sensor"":{""time"":21057,""status"":true,""class:"":2}}"
2026-02-02T10:04:32.565,"{""sensor"":{""time"":21173,""status"":true,""class:"":2}}"
2026-02-02T10:04:32.700,"{""sensor"":{""time"":21289,""status"":true,""class:"":2}}"
2026-02-02T10:04:32.790,"{""sensor"":{""time"":21405,""status"":true,""class:"":2}}"
2026-02-02T10:04:32.926,"{""sensor"":{""time"":21521,""status"":true,""class:"":2}}"
2026-02-02T10:04:33.015,"{""sensor"":{""time"":21636,""status"":true,""class:"":2}}"
2026-02-02T10:04:33.150,"{""sensor"":{""time"":21752,""status"":true,""class:"":2}}"
2026-02-02T10:04:33.240,"{""sensor"":{""time"":21867,""status"":true,""class:"":2}}"
2026-02-02T10:04:33.376,"{""sensor"":{""time"":21982,""status"":true,""class:"":2}}"
2026-02-02T10:04:33.511,"{""sensor"":{""time"":22098,""status"":true,""class:"":2}}"
2026-02-02T10:04:33.600,"{""sensor"":{""time"":22214,""status"":true,""class:"":2}}"
2026-02-02T10:04:33.781,"{""sensor"":{""time"":22330,""status"":true,""class:"":2}}"
2026-02-02T10:04:33.870,"{""sensor"":{""time"":22446,""status"":true,""class:"":2}}"
2026-02-02T10:04:33.960,"{""sensor"":{""time"":22562,""status"":true,""class:"":2}}"
2026-02-02T10:04:34.050,"{""sensor"":{""time"":22678,""status"":true,""class:"":2}}"
2026-02-02T10:04:34.184,"{""sensor"":{""time"":22793,""status"":true,""class:"":2}}"
2026-02-02T10:04:34.320,"{""sensor"":{""time"":22909,""status"":true,""class:"":2}}"
2026-02-02T10:04:34.410,"{""sensor"":{""time"":23025,""status"":true,""class:"":2}}"
2026-02-02T10:04:34.545,"{""sensor"":{""time"":23141,""status"":true,""class:"":2}}"
2026-02-02T10:04:34.634,"{""sensor"":{""time"":23256,""status"":true,""class:"":2}}"
2026-02-02T10:04:34.770,"{""sensor"":{""time"":23372,""status"":true,""class:"":2}}"
2026-02-02T10:04:34.860,"{""sensor"":{""time"":23488,""status"":true,""class:"":2}}"
2026-02-02T10:04:34.995,"{""sensor"":{""time"":23604,""status"":true,""class:"":2}}"
2026-02-02T10:04:35.130,"{""sensor"":{""time"":23719,""status"":true,""class:"":2}}"
2026-02-02T10:04:35.220,"{""sensor"":{""time"":23835,""status"":true,""class:"":2}}"
2026-02-02T10:04:35.356,"{""sensor"":{""time"":23950,""status"":true,""class:"":2}}"
2026-02-02T10:04:35.446,"{""sensor"":{""time"":24066,""status"":true,""class:"":2}}"
2026-02-02T10:04:35.580,"{""sensor"":{""time"":24182,""status"":true,""class:"":2}}"
2026-02-02T10:04:35.670,"{""sensor"":{""time"":24298,""status"":true,""class:"":2}}"
2026-02-02T10:04:35.806,"{""sensor"":{""time"":24414,""status"":true,""class:"":2}}"
2026-02-02T10:04:35.941,"{""sensor"":{""time"":24529,""status"":true,""class:"":2}}"
2026-02-02T10:04:36.029,"{""sensor"":{""time"":24645,""status"":true,""class:"":2}}"
2026-02-02T10:04:36.164,"{""sensor"":{""time"":24761,""status"":true,""class:"":2}}"
2026-02-02T10:04:36.300,"{""sensor"":{""time"":24876,""status"":true,""class:"":2}}"
2026-02-02T10:04:36.391,"{""sensor"":{""time"":24992,""status"":true,""class:"":2}}"
2026-02-02T10:04:36.480,"{""sensor"":{""time"":25108,""status"":true,""class:"":2}}"
2026-02-02T10:04:36.614,"{""sensor"":{""time"":25224,""status"":true,""class:"":2}}"
2026-02-02T10:04:36.795,"{""sensor"":{""time"":25339,""status"":true,""class:"":2}}"
2026-02-02T10:04:36.886,"{""sensor"":{""time"":25455,""status"":true,""class:"":2}}"
2026-02-02T10:04:36.975,"{""sensor"":{""time"":25571,""status"":true,""class:"":2}}"
2026-02-02T10:04:37.066,"{""sensor"":{""time"":25687,""status"":true,""class:"":2}}"
2026-02-02T10:04:37.201,"{""sensor"":{""time"":25802,""status"":true,""class:"":2}}"
2026-02-02T10:04:37.291,"{""sensor"":{""time"":25918,""status"":true,""class:"":2}}"
2026-02-02T10:04:37.425,"{""sensor"":{""time"":26033,""status"":true,""class:"":2}}"
2026-02-02T10:04:37.561,"{""sensor"":{""time"":26149,""status"":true,""class:"":2}}"
2026-02-02T10:04:37.650,"{""sensor"":{""time"":26265,""status"":true,""class:"":2}}"
2026-02-02T10:04:37.785,"{""sensor"":{""time"":26381,""status"":true,""class:"":2}}"
2026-02-02T10:04:37.876,"{""sensor"":{""time"":26497,""status"":true,""class:"":2}}"
2026-02-02T10:04:38.055,"{""sensor"":{""time"":26613,""status"":true,""class:"":2}}"
2026-02-02T10:04:38.145,"{""sensor"":{""time"":26728,""status"":true,""class:"":2}}"
2026-02-02T10:04:38.234,"{""sensor"":{""time"":26844,""status"":true,""class:"":2}}"
2026-02-02T10:04:38.370,"{""sensor"":{""time"":26959,""status"":true,""class:"":2}}"
2026-02-02T10:04:38.460,"{""sensor"":{""time"":27075,""status"":true,""class:"":2}}"
2026-02-02T10:04:38.641,"{""sensor"":{""time"":27191,""status"":true,""class:"":2}}"
2026-02-02T10:04:38.731,"{""sensor"":{""time"":27306,""status"":true,""class:"":2}}"
2026-02-02T10:04:38.820,"{""sensor"":{""time"":27422,""status"":true,""class:"":2}}"
2026-02-02T10:04:38.911,"{""sensor"":{""time"":27538,""status"":true,""class:"":2}}"
2026-02-02T10:04:39.045,"{""sensor"":{""time"":27653,""status"":true,""class:"":2}}"
2026-02-02T10:04:39.181,"{""sensor"":{""time"":27769,""status"":true,""class:"":2}}"
2026-02-02T10:04:39.270,"{""sensor"":{""time"":27884,""status"":true,""class:"":2}}"
2026-02-02T10:04:39.405,"{""sensor"":{""time"":28000,""status"":true,""class:"":2}}"
2026-02-02T10:04:39.496,"{""sensor"":{""time"":28116,""status"":true,""class:"":2}}"
2026-02-02T10:04:39.676,"{""sensor"":{""time"":28232,""status"":true,""class:"":2}}"
2026-02-02T10:04:39.856,"{""sensor"":{""time"":28348,""status"":true,""class:"":2}}"
2026-02-02T10:04:39.900,"{""sensor"":{""time"":28463,""status"":true,""class:"":2}}"
2026-02-02T10:04:39.991,"{""sensor"":{""time"":28579,""status"":true,""class:"":2}}"
2026-02-02T10:04:40.079,"{""sensor"":{""time"":28695,""status"":true,""class:"":2}}"
2026-02-02T10:04:40.216,"{""sensor"":{""time"":28811,""status"":true,""class:"":2}}"
2026-02-02T10:04:40.305,"{""sensor"":{""time"":28926,""status"":true,""class:"":2}}"
2026-02-02T10:04:40.441,"{""sensor"":{""time"":29042,""status"":true,""class:"":2}}"
2026-02-02T10:04:40.530,"{""sensor"":{""time"":29157,""status"":true,""class:"":2}}"
2026-02-02T10:04:40.666,"{""sensor"":{""time"":29273,""status"":true,""class:"":2}}"
2026-02-02T10:04:40.800,"{""sensor"":{""time"":29389,""status"":true,""class:"":2}}"
2026-02-02T10:04:40.936,"{""sensor"":{""time"":29505,""status"":true,""class:"":2}}"
2026-02-02T10:04:41.026,"{""sensor"":{""time"":29621,""status"":true,""class:"":2}}"
2026-02-02T10:04:41.116,"{""sensor"":{""time"":29737,""status"":true,""class:"":2}}"
2026-02-02T10:04:41.296,"{""sensor"":{""time"":29852,""status"":true,""class:"":2}}"
2026-02-02T10:04:41.385,"{""sensor"":{""time"":29967,""status"":true,""class:"":2}}"
2026-02-02T10:04:41.474,"{""sensor"":{""time"":30083,""status"":true,""class:"":2}}"
2026-02-02T10:04:41.611,"{""sensor"":{""time"":30199,""status"":true,""class:"":2}}"
2026-02-02T10:04:41.699,"{""sensor"":{""time"":30314,""status"":true,""class:"":2}}"
2026-02-02T10:04:41.835,"{""sensor"":{""time"":30430,""status"":true,""class:"":2}}"
2026-02-02T10:04:41.925,"{""sensor"":{""time"":30546,""status"":true,""class:"":2}}"
2026-02-02T10:04:42.061,"{""sensor"":{""time"":30662,""status"":true,""class:"":2}}"
2026-02-02T10:04:42.150,"{""sensor"":{""time"":30778,""status"":true,""class:"":2}}"
2026-02-02T10:04:42.286,"{""sensor"":{""time"":30893,""status"":true,""class:"":2}}"
2026-02-02T10:04:42.421,"{""sensor"":{""time"":31008,""status"":true,""class:"":2}}"
2026-02-02T10:04:42.510,"{""sensor"":{""time"":31124,""status"":true,""class:"":2}}"
2026-02-02T10:04:42.646,"{""sensor"":{""time"":31240,""status"":true,""class:"":2}}"
2026-02-02T10:04:42.736,"{""sensor"":{""time"":31356,""status"":true,""class:"":2}}"
2026-02-02T10:04:42.869,"{""sensor"":{""time"":31471,""status"":true,""class:"":2}}"
2026-02-02T10:04:42.961,"{""sensor"":{""time"":31587,""status"":true,""class:"":2}}"
2026-02-02T10:04:43.096,"{""sensor"":{""time"":31703,""status"":true,""class:"":2}}"
2026-02-02T10:04:43.231,"{""sensor"":{""time"":31819,""status"":true,""class:"":2}}"
2026-02-02T10:04:43.320,"{""sensor"":{""time"":31934,""status"":true,""class:"":2}}"
2026-02-02T10:04:43.456,"{""sensor"":{""time"":32050,""status"":true,""class:"":2}}"
2026-02-02T10:04:43.545,"{""sensor"":{""time"":32165,""status"":true,""class:"":2}}"
2026-02-02T10:04:43.681,"{""sensor"":{""time"":32281,""status"":true,""class:"":2}}"
2026-02-02T10:04:43.860,"{""sensor"":{""time"":32396,""status"":true,""class:"":2}}"
2026-02-02T10:04:43.950,"{""sensor"":{""time"":32511,""status"":true,""class:"":2}}"
2026-02-02T10:04:44.040,"{""sensor"":{""time"":32627,""status"":true,""class:"":2}}"
2026-02-02T10:04:44.131,"{""sensor"":{""time"":32742,""status"":true,""class:"":2}}"
2026-02-02T10:04:44.266,"{""sensor"":{""time"":32858,""status"":true,""class:"":2}}"
2026-02-02T10:04:44.355,"{""sensor"":{""time"":32973,""status"":true,""class:"":2}}"
2026-02-02T10:04:44.491,"{""sensor"":{""time"":33088,""status"":true,""class:"":2}}"
2026-02-02T10:04:44.579,"{""sensor"":{""time"":33204,""status"":true,""class:"":2}}"
2026-02-02T10:04:44.716,"{""sensor"":{""time"":33319,""status"":true,""class:"":2}}"
2026-02-02T10:04:44.850,"{""sensor"":{""time"":33434,""status"":true,""class:"":2}}"
2026-02-02T10:04:44.940,"{""sensor"":{""time"":33550,""status"":true,""class:"":2}}"
2026-02-02T10:04:45.076,"{""sensor"":{""time"":33665,""status"":true,""class:"":2}}"
2026-02-02T10:04:45.165,"{""sensor"":{""time"":33781,""status"":true,""class:"":2}}"
2026-02-02T10:04:45.301,"{""sensor"":{""time"":33896,""status"":true,""class:"":2}}"
2026-02-02T10:04:45.391,"{""sensor"":{""time"":34011,""status"":true,""class:"":2}}"
2026-02-02T10:04:45.526,"{""sensor"":{""time"":34127,""status"":true,""class:"":2}}"
2026-02-02T10:04:45.616,"{""sensor"":{""time"":34242,""status"":true,""class:"":2}}"
2026-02-02T10:04:45.750,"{""sensor"":{""time"":34357,""status"":true,""class:"":2}}"
2026-02-02T10:04:45.885,"{""sensor"":{""time"":34473,""status"":true,""class:"":2}}"
2026-02-02T10:04:45.975,"{""sensor"":{""time"":34588,""status"":true,""class:"":2}}"
2026-02-02T10:04:46.111,"{""sensor"":{""time"":34703,""status"":true,""class:"":2}}"
2026-02-02T10:04:46.203,"{""sensor"":{""time"":34819,""status"":true,""class:"":2}}"
2026-02-02T10:04:46.336,"{""sensor"":{""time"":34934,""status"":true,""class:"":2}}"
2026-02-02T10:04:46.426,"{""sensor"":{""time"":35049,""status"":true,""class:"":2}}"
2026-02-02T10:04:46.561,"{""sensor"":{""time"":35165,""status"":true,""class:"":2}}"
2026-02-02T10:04:46.696,"{""sensor"":{""time"":35280,""status"":true,""class:"":2}}"
2026-02-02T10:04:46.784,"{""sensor"":{""time"":35395,""status"":true,""class:"":2}}"
2026-02-02T10:04:46.920,"{""sensor"":{""time"":35511,""status"":true,""class:"":2}}"
2026-02-02T10:04:47.010,"{""sensor"":{""time"":35626,""status"":true,""class:"":2}}"
2026-02-02T10:04:47.145,"{""sensor"":{""time"":35742,""status"":true,""class:"":2}}"
2026-02-02T10:04:47.236,"{""sensor"":{""time"":35857,""status"":true,""class:"":2}}"
2026-02-02T10:04:47.371,"{""sensor"":{""time"":35972,""status"":true,""class:"":2}}"
2026-02-02T10:04:47.461,"{""sensor"":{""time"":36088,""status"":true,""class:"":2}}"
2026-02-02T10:04:47.596,"{""sensor"":{""time"":36203,""status"":true,""class:"":2}}"
2026-02-02T10:04:47.731,"{""sensor"":{""time"":36318,""status"":true,""class:"":2}}"
2026-02-02T10:04:47.819,"{""sensor"":{""time"":36434,""status"":true,""class:"":2}}"
2026-02-02T10:04:47.954,"{""sensor"":{""time"":36549,""status"":true,""class:"":2}}"
2026-02-02T10:04:48.045,"{""sensor"":{""time"":36664,""status"":true,""class:"":2}}"
2026-02-02T10:04:48.181,"{""sensor"":{""time"":36779,""status"":true,""class:"":2}}"
2026-02-02T10:04:48.270,"{""sensor"":{""time"":36895,""status"":true,""class:"":2}}"
2026-02-02T10:04:48.406,"{""sensor"":{""time"":37010,""status"":true,""class:"":2}}"
2026-02-02T10:04:48.586,"{""sensor"":{""time"":37125,""status"":true,""class:"":2}}"
2026-02-02T10:04:48.676,"{""sensor"":{""time"":37240,""status"":true,""class:"":2}}"
2026-02-02T10:04:48.810,"{""sensor"":{""time"":37356,""status"":true,""class:"":2}}"
2026-02-02T10:04:48.900,"{""sensor"":{""time"":37472,""status"":true,""class:"":2}}"
2026-02-02T10:04:48.991,"{""sensor"":{""time"":37587,""status"":true,""class:"":2}}"
2026-02-02T10:04:49.081,"{""sensor"":{""time"":37702,""status"":true,""class:"":2}}"
2026-02-02T10:04:49.216,"{""sensor"":{""time"":37817,""status"":true,""class:"":2}}"
2026-02-02T10:04:49.306,"{""sensor"":{""time"":37933,""status"":true,""class:"":2}}"
2026-02-02T10:04:49.440,"{""sensor"":{""time"":38048,""status"":true,""class:"":2}}"
2026-02-02T10:04:49.576,"{""sensor"":{""time"":38164,""status"":true,""class:"":2}}"
2026-02-02T10:04:49.664,"{""sensor"":{""time"":38279,""status"":true,""class:"":2}}"
2026-02-02T10:04:49.801,"{""sensor"":{""time"":38394,""status"":true,""class:"":2}}"
2026-02-02T10:04:49.890,"{""sensor"":{""time"":38510,""status"":true,""class:"":2}}"
2026-02-02T10:04:50.026,"{""sensor"":{""time"":38625,""status"":true,""class:"":2}}"
2026-02-02T10:04:50.116,"{""sensor"":{""time"":38741,""status"":true,""class:"":2}}"
2026-02-02T10:04:50.251,"{""sensor"":{""time"":38856,""status"":true,""class:"":2}}"
2026-02-02T10:04:50.431,"{""sensor"":{""time"":38971,""status"":true,""class:"":2}}"
2026-02-02T10:04:50.566,"{""sensor"":{""time"":39086,""status"":true,""class:"":2}}"
2026-02-02T10:04:50.655,"{""sensor"":{""time"":39201,""status"":true,""class:"":2}}"
2026-02-02T10:04:50.745,"{""sensor"":{""time"":39317,""status"":true,""class:"":2}}"
2026-02-02T10:04:50.836,"{""sensor"":{""time"":39432,""status"":true,""class:"":2}}"
2026-02-02T10:04:50.925,"{""sensor"":{""time"":39547,""status"":true,""class:"":2}}"
2026-02-02T10:04:51.106,"{""sensor"":{""time"":39663,""status"":true,""class:"":2}}"
2026-02-02T10:04:51.196,"{""sensor"":{""time"":39778,""status"":true,""class:"":2}}"
2026-02-02T10:04:51.331,"{""sensor"":{""time"":39893,""status"":true,""class:"":2}}"
2026-02-02T10:04:51.421,"{""sensor"":{""time"":40009,""status"":true,""class:"":2}}"
2026-02-02T10:04:51.511,"{""sensor"":{""time"":40124,""status"":true,""class:"":2}}"
2026-02-02T10:04:51.646,"{""sensor"":{""time"":40239,""status"":true,""class:"":2}}"
2026-02-02T10:04:51.736,"{""sensor"":{""time"":40355,""status"":true,""class:"":2}}"
2026-02-02T10:04:51.871,"{""sensor"":{""time"":40470,""status"":true,""class:"":2}}"
2026-02-02T10:04:51.961,"{""sensor"":{""time"":40586,""status"":true,""class:"":2}}"
2026-02-02T10:04:52.095,"{""sensor"":{""time"":40701,""status"":true,""class:"":2}}"
2026-02-02T10:04:52.231,"{""sensor"":{""time"":40816,""status"":true,""class:"":2}}"
2026-02-02T10:04:52.320,"{""sensor"":{""time"":40932,""status"":true,""class:"":2}}"
2026-02-02T10:04:52.456,"{""sensor"":{""time"":41047,""status"":true,""class:"":2}}"
2026-02-02T10:04:52.546,"{""sensor"":{""time"":41162,""status"":true,""class:"":2}}"
2026-02-02T10:04:52.680,"{""sensor"":{""time"":41278,""status"":true,""class:"":2}}"
2026-02-02T10:04:52.770,"{""sensor"":{""time"":41393,""status"":true,""class:"":2}}"
2026-02-02T10:04:52.905,"{""sensor"":{""time"":41508,""status"":true,""class:"":2}}"
2026-02-02T10:04:52.995,"{""sensor"":{""time"":41624,""status"":true,""class:"":2}}"
2026-02-02T10:04:53.131,"{""sensor"":{""time"":41739,""status"":true,""class:"":2}}"
2026-02-02T10:04:53.266,"{""sensor"":{""time"":41854,""status"":true,""class:"":2}}"
2026-02-02T10:04:53.356,"{""sensor"":{""time"":41970,""status"":true,""class:"":2}}"
2026-02-02T10:04:53.491,"{""sensor"":{""time"":42085,""status"":true,""class:"":2}}"
2026-02-02T10:04:53.582,"{""sensor"":{""time"":42200,""status"":true,""class:"":2}}"
2026-02-02T10:04:53.719,"{""sensor"":{""time"":42315,""status"":true,""class:"":2}}"
2026-02-02T10:04:53.851,"{""sensor"":{""time"":42431,""status"":true,""class:"":2}}"
2026-02-02T10:04:53.940,"{""sensor"":{""time"":42546,""status"":true,""class:"":2}}"
2026-02-02T10:04:54.076,"{""sensor"":{""time"":42662,""status"":true,""class:"":2}}"
2026-02-02T10:04:54.165,"{""sensor"":{""time"":42777,""status"":true,""class:"":2}}"
2026-02-02T10:04:54.301,"{""sensor"":{""time"":42893,""status"":true,""class:"":2}}"
2026-02-02T10:04:54.390,"{""sensor"":{""time"":43008,""status"":true,""class:"":2}}"
2026-02-02T10:04:54.526,"{""sensor"":{""time"":43123,""status"":true,""class:"":2}}"
2026-02-02T10:04:54.615,"{""sensor"":{""time"":43238,""status"":true,""class:"":2}}"
2026-02-02T10:04:54.751,"{""sensor"":{""time"":43354,""status"":true,""class:"":2}}"
2026-02-02T10:04:54.840,"{""sensor"":{""time"":43469,""status"":true,""class:"":2}}"
2026-02-02T10:04:54.976,"{""sensor"":{""time"":43584,""status"":true,""class:"":2}}"
2026-02-02T10:04:55.111,"{""sensor"":{""time"":43700,""status"":true,""class:"":2}}"
2026-02-02T10:04:55.201,"{""sensor"":{""time"":43815,""status"":true,""class:"":2}}"
2026-02-02T10:04:55.336,"{""sensor"":{""time"":43931,""status"":true,""class:"":2}}"
2026-02-02T10:04:55.426,"{""sensor"":{""time"":44046,""status"":true,""class:"":2}}"
2026-02-02T10:04:55.561,"{""sensor"":{""time"":44161,""status"":true,""class:"":2}}"
2026-02-02T10:04:55.651,"{""sensor"":{""time"":44277,""status"":true,""class:"":2}}"
2026-02-02T10:04:55.787,"{""sensor"":{""time"":44392,""status"":true,""class:"":2}}"
2026-02-02T10:04:55.921,"{""sensor"":{""time"":44508,""status"":true,""class:"":2}}"
2026-02-02T10:04:56.010,"{""sensor"":{""time"":44623,""status"":true,""class:"":2}}"
2026-02-02T10:04:56.146,"{""sensor"":{""time"":44738,""status"":true,""class:"":2}}"
2026-02-02T10:04:56.326,"{""sensor"":{""time"":44854,""status"":true,""class:"":2}}"
2026-02-02T10:04:56.415,"{""sensor"":{""time"":44969,""status"":true,""class:"":2}}"
2026-02-02T10:04:56.505,"{""sensor"":{""time"":45085,""status"":true,""class:"":2}}"
2026-02-02T10:04:56.596,"{""sensor"":{""time"":45200,""status"":true,""class:"":2}}"
2026-02-02T10:04:56.731,"{""sensor"":{""time"":45316,""status"":true,""class:"":2}}"
2026-02-02T10:04:56.820,"{""sensor"":{""time"":45431,""status"":true,""class:"":2}}"
2026-02-02T10:04:56.956,"{""sensor"":{""time"":45546,""status"":true,""class:"":2}}"
2026-02-02T10:04:57.045,"{""sensor"":{""time"":45662,""status"":true,""class:"":2}}"
2026-02-02T10:04:57.181,"{""sensor"":{""time"":45777,""status"":true,""class:"":2}}"
2026-02-02T10:04:57.270,"{""sensor"":{""time"":45892,""status"":true,""class:"":2}}"
2026-02-02T10:04:57.406,"{""sensor"":{""time"":46008,""status"":true,""class:"":2}}"
2026-02-02T10:04:57.496,"{""sensor"":{""time"":46123,""status"":true,""class:"":2}}"
2026-02-02T10:04:57.631,"{""sensor"":{""time"":46238,""status"":true,""class:"":2}}"
2026-02-02T10:04:57.767,"{""sensor"":{""time"":46354,""status"":true,""class:"":2}}"
2026-02-02T10:04:57.855,"{""sensor"":{""time"":46469,""status"":true,""class:"":2}}"
2026-02-02T10:04:57.991,"{""sensor"":{""time"":46584,""status"":true,""class:"":2}}"
2026-02-02T10:04:58.081,"{""sensor"":{""time"":46700,""status"":true,""class:"":2}}"
2026-02-02T10:04:58.216,"{""sensor"":{""time"":46815,""status"":true,""class:"":2}}"
2026-02-02T10:04:58.306,"{""sensor"":{""time"":46930,""status"":true,""class:"":2}}"
2026-02-02T10:04:58.441,"{""sensor"":{""time"":47046,""status"":true,""class:"":2}}"
2026-02-02T10:04:58.576,"{""sensor"":{""time"":47161,""status"":true,""class:"":2}}"
2026-02-02T10:04:58.665,"{""sensor"":{""time"":47276,""status"":true,""class:"":2}}"
2026-02-02T10:04:58.846,"{""sensor"":{""time"":47392,""status"":true,""class:"":2}}"
2026-02-02T10:04:58.936,"{""sensor"":{""time"":47507,""status"":true,""class:"":2}}"
2026-02-02T10:04:59.026,"{""sensor"":{""time"":47622,""status"":true,""class:"":2}}"
2026-02-02T10:04:59.115,"{""sensor"":{""time"":47738,""status"":true,""class:"":2}}"
2026-02-02T10:04:59.251,"{""sensor"":{""time"":47853,""status"":true,""class:"":2}}"
2026-02-02T10:04:59.339,"{""sensor"":{""time"":47968,""status"":true,""class:"":2}}"
2026-02-02T10:04:59.476,"{""sensor"":{""time"":48083,""status"":true,""class:"":2}}"
2026-02-02T10:04:59.611,"{""sensor"":{""time"":48199,""status"":true,""class:"":2}}"
2026-02-02T10:04:59.701,"{""sensor"":{""time"":48314,""status"":true,""class:"":2}}"
2026-02-02T10:04:59.836,"{""sensor"":{""time"":48429,""status"":true,""class:"":2}}"
2026-02-02T10:04:59.926,"{""sensor"":{""time"":48545,""status"":true,""class:"":2}}"
2026-02-02T10:05:00.062,"{""sensor"":{""time"":48660,""status"":true,""class:"":2}}"
2026-02-02T10:05:00.195,"{""sensor"":{""time"":48776,""status"":true,""class:"":2}}"
2026-02-02T10:05:00.286,"{""sensor"":{""time"":48891,""status"":true,""class:"":2}}"
2026-02-02T10:05:00.421,"{""sensor"":{""time"":49007,""status"":true,""class:"":2}}"
2026-02-02T10:05:00.509,"{""sensor"":{""time"":49122,""status"":true,""class:"":2}}"
2026-02-02T10:05:00.691,"{""sensor"":{""time"":49237,""status"":true,""class:"":2}}"
2026-02-02T10:05:00.780,"{""sensor"":{""time"":49353,""status"":true,""class:"":2}}"
2026-02-02T10:05:00.871,"{""sensor"":{""time"":49468,""status"":true,""class:"":2}}"
2026-02-02T10:05:00.960,"{""sensor"":{""time"":49583,""status"":true,""class:"":2}}"
2026-02-02T10:05:01.096,"{""sensor"":{""time"":49699,""status"":true,""class:"":2}}"
2026-02-02T10:05:01.186,"{""sensor"":{""time"":49814,""status"":true,""class:"":2}}"
2026-02-02T10:05:01.321,"{""sensor"":{""time"":49929,""status"":true,""class:"":2}}"
2026-02-02T10:05:01.456,"{""sensor"":{""time"":50044,""status"":true,""class:"":2}}"
2026-02-02T10:05:01.546,"{""sensor"":{""time"":50160,""status"":true,""class:"":2}}"
2026-02-02T10:05:01.681,"{""sensor"":{""time"":50275,""status"":true,""class:"":2}}"
2026-02-02T10:05:01.771,"{""sensor"":{""time"":50390,""status"":true,""class:"":2}}"
2026-02-02T10:05:01.906,"{""sensor"":{""time"":50506,""status"":true,""class:"":2}}"
2026-02-02T10:05:01.996,"{""sensor"":{""time"":50621,""status"":true,""class:"":2}}"
2026-02-02T10:05:02.131,"{""sensor"":{""time"":50737,""status"":true,""class:"":2}}"
2026-02-02T10:05:02.266,"{""sensor"":{""time"":50852,""status"":true,""class:"":2}}"
2026-02-02T10:05:02.356,"{""sensor"":{""time"":50967,""status"":true,""class:"":2}}"
2026-02-02T10:05:02.491,"{""sensor"":{""time"":51083,""status"":true,""class:"":2}}"
2026-02-02T10:05:02.581,"{""sensor"":{""time"":51198,""status"":true,""class:"":2}}"
2026-02-02T10:05:02.717,"{""sensor"":{""time"":51313,""status"":true,""class:"":2}}"
2026-02-02T10:05:02.806,"{""sensor"":{""time"":51429,""status"":true,""class:"":2}}"
2026-02-02T10:05:02.941,"{""sensor"":{""time"":51544,""status"":true,""class:"":2}}"
2026-02-02T10:05:03.032,"{""sensor"":{""time"":51660,""status"":true,""class:"":2}}"
2026-02-02T10:05:03.166,"{""sensor"":{""time"":51775,""status"":true,""class:"":2}}"
2026-02-02T10:05:03.301,"{""sensor"":{""time"":51890,""status"":true,""class:"":2}}"
2026-02-02T10:05:03.389,"{""sensor"":{""time"":52005,""status"":true,""class:"":2}}"
2026-02-02T10:05:03.526,"{""sensor"":{""time"":52121,""status"":true,""class:"":2}}"
2026-02-02T10:05:03.615,"{""sensor"":{""time"":52236,""status"":true,""class:"":2}}"
2026-02-02T10:05:03.840,"{""sensor"":{""time"":52351,""status"":true,""class:"":2}}"
2026-02-02T10:05:03.886,"{""sensor"":{""time"":52467,""status"":true,""class:"":2}}"
2026-02-02T10:05:04.021,"{""sensor"":{""time"":52582,""status"":true,""class:"":2}}"
2026-02-02T10:05:04.111,"{""sensor"":{""time"":52698,""status"":true,""class:"":2}}"
2026-02-02T10:05:04.201,"{""sensor"":{""time"":52813,""status"":true,""class:"":2}}"
2026-02-02T10:05:04.336,"{""sensor"":{""time"":52928,""status"":true,""class:"":2}}"
2026-02-02T10:05:04.426,"{""sensor"":{""time"":53044,""status"":true,""class:"":2}}"
2026-02-02T10:05:04.561,"{""sensor"":{""time"":53159,""status"":true,""class:"":2}}"
2026-02-02T10:05:04.651,"{""sensor"":{""time"":53274,""status"":true,""class:"":2}}"
2026-02-02T10:05:04.786,"{""sensor"":{""time"":53389,""status"":true,""class:"":2}}"
2026-02-02T10:05:04.876,"{""sensor"":{""time"":53505,""status"":true,""class:"":2}}"
2026-02-02T10:05:05.011,"{""sensor"":{""time"":53620,""status"":true,""class:"":2}}"
2026-02-02T10:05:05.146,"{""sensor"":{""time"":53736,""status"":true,""class:"":2}}"
2026-02-02T10:05:05.235,"{""sensor"":{""time"":53851,""status"":true,""class:"":2}}"
2026-02-02T10:05:05.371,"{""sensor"":{""time"":53967,""status"":true,""class:"":2}}"
2026-02-02T10:05:05.461,"{""sensor"":{""time"":54082,""status"":true,""class:"":2}}"
2026-02-02T10:05:05.596,"{""sensor"":{""time"":54198,""status"":true,""class:"":2}}"
2026-02-02T10:05:05.685,"{""sensor"":{""time"":54313,""status"":true,""class:"":2}}"
2026-02-02T10:05:05.821,"{""sensor"":{""time"":54428,""status"":true,""class:"":2}}"
2026-02-02T10:05:05.956,"{""sensor"":{""time"":54544,""status"":true,""class:"":2}}"
2026-02-02T10:05:06.046,"{""sensor"":{""time"":54659,""status"":true,""class:"":2}}"
2026-02-02T10:05:06.181,"{""sensor"":{""time"":54774,""status"":true,""class:"":2}}"
2026-02-02T10:05:06.361,"{""sensor"":{""time"":54890,""status"":true,""class:"":2}}"
2026-02-02T10:05:06.450,"{""sensor"":{""time"":55005,""status"":true,""class:"":2}}"
2026-02-02T10:05:06.540,"{""sensor"":{""time"":55120,""status"":true,""class:"":2}}"
2026-02-02T10:05:06.631,"{""sensor"":{""time"":55236,""status"":true,""class:"":2}}"
2026-02-02T10:05:06.811,"{""sensor"":{""time"":55351,""status"":true,""class:"":2}}"
2026-02-02T10:05:06.900,"{""sensor"":{""time"":55466,""status"":true,""class:"":2}}"
2026-02-02T10:05:06.991,"{""sensor"":{""time"":55582,""status"":true,""class:"":2}}"
2026-02-02T10:05:07.080,"{""sensor"":{""time"":55697,""status"":true,""class:"":2}}"
2026-02-02T10:05:07.216,"{""sensor"":{""time"":55813,""status"":true,""class:"":2}}"
2026-02-02T10:05:07.305,"{""sensor"":{""time"":55928,""status"":true,""class:"":2}}"
2026-02-02T10:05:07.485,"{""sensor"":{""time"":56043,""status"":true,""class:"":2}}"
2026-02-02T10:05:07.576,"{""sensor"":{""time"":56158,""status"":true,""class:"":2}}"
2026-02-02T10:05:07.711,"{""sensor"":{""time"":56274,""status"":true,""class:"":2}}"
2026-02-02T10:05:07.801,"{""sensor"":{""time"":56389,""status"":true,""class:"":2}}"
2026-02-02T10:05:07.891,"{""sensor"":{""time"":56505,""status"":true,""class:"":2}}"
2026-02-02T10:05:08.026,"{""sensor"":{""time"":56620,""status"":true,""class:"":2}}"
2026-02-02T10:05:08.115,"{""sensor"":{""time"":56736,""status"":true,""class:"":2}}"
2026-02-02T10:05:08.251,"{""sensor"":{""time"":56851,""status"":true,""class:"":2}}"
2026-02-02T10:05:08.341,"{""sensor"":{""time"":56967,""status"":true,""class:"":2}}"
2026-02-02T10:05:08.476,"{""sensor"":{""time"":57082,""status"":true,""class:"":2}}"
2026-02-02T10:05:08.611,"{""sensor"":{""time"":57197,""status"":true,""class:"":2}}"
2026-02-02T10:05:08.701,"{""sensor"":{""time"":57313,""status"":true,""class:"":2}}"
2026-02-02T10:05:08.836,"{""sensor"":{""time"":57428,""status"":true,""class:"":2}}"
2026-02-02T10:05:08.925,"{""sensor"":{""time"":57543,""status"":true,""class:"":2}}"
2026-02-02T10:05:09.061,"{""sensor"":{""time"":57658,""status"":true,""class:"":2}}"
2026-02-02T10:05:09.151,"{""sensor"":{""time"":57774,""status"":true,""class:"":2}}"
2026-02-02T10:05:09.285,"{""sensor"":{""time"":57889,""status"":true,""class:"":2}}"
2026-02-02T10:05:09.375,"{""sensor"":{""time"":58005,""status"":true,""class:"":2}}"
2026-02-02T10:05:09.510,"{""sensor"":{""time"":58120,""status"":true,""class:"":2}}"
2026-02-02T10:05:09.644,"{""sensor"":{""time"":58236,""status"":true,""class:"":2}}"
2026-02-02T10:05:09.734,"{""sensor"":{""time"":58351,""status"":true,""class:"":2}}"
2026-02-02T10:05:09.869,"{""sensor"":{""time"":58466,""status"":true,""class:"":2}}"
2026-02-02T10:05:09.959,"{""sensor"":{""time"":58581,""status"":true,""class:"":2}}"
2026-02-02T10:05:10.097,"{""sensor"":{""time"":58697,""status"":true,""class:"":2}}"
2026-02-02T10:05:10.185,"{""sensor"":{""time"":58812,""status"":true,""class:"":2}}"
2026-02-02T10:05:10.321,"{""sensor"":{""time"":58928,""status"":true,""class:"":2}}"
2026-02-02T10:05:10.500,"{""sensor"":{""time"":59043,""status"":true,""class:"":2}}"
2026-02-02T10:05:10.590,"{""sensor"":{""time"":59158,""status"":true,""class:"":2}}"
2026-02-02T10:05:10.681,"{""sensor"":{""time"":59274,""status"":true,""class:"":2}}"
2026-02-02T10:05:10.817,"{""sensor"":{""time"":59389,""status"":true,""class:"":2}}"
2026-02-02T10:05:10.904,"{""sensor"":{""time"":59505,""status"":true,""class:"":2}}"
2026-02-02T10:05:10.997,"{""sensor"":{""time"":59620,""status"":true,""class:"":2}}"
2026-02-02T10:05:11.129,"{""sensor"":{""time"":59735,""status"":true,""class:"":2}}"
2026-02-02T10:05:11.310,"{""sensor"":{""time"":59850,""status"":true,""class:"":2}}"
2026-02-02T10:05:11.401,"{""sensor"":{""time"":59966,""status"":true,""class:"":2}}"
2026-02-02T10:05:11.489,"{""sensor"":{""time"":60081,""status"":true,""class:"":2}}"
2026-02-02T10:05:11.579,"{""sensor"":{""time"":60196,""status"":true,""class:"":2}}"
2026-02-02T10:05:11.715,"{""sensor"":{""time"":60312,""status"":true,""class:"":2}}"
2026-02-02T10:05:11.804,"{""sensor"":{""time"":60427,""status"":true,""class:"":2}}"
2026-02-02T10:05:11.942,"{""sensor"":{""time"":60543,""status"":true,""class:"":2}}"
2026-02-02T10:05:12.030,"{""sensor"":{""time"":60658,""status"":true,""class:"":2}}"
2026-02-02T10:05:12.165,"{""sensor"":{""time"":60774,""status"":true,""class:"":2}}"
2026-02-02T10:05:12.301,"{""sensor"":{""time"":60889,""status"":true,""class:"":2}}"
2026-02-02T10:05:12.391,"{""sensor"":{""time"":61004,""status"":true,""class:"":2}}"
2026-02-02T10:05:12.526,"{""sensor"":{""time"":61119,""status"":true,""class:"":2}}"
2026-02-02T10:05:12.615,"{""sensor"":{""time"":61235,""status"":true,""class:"":2}}"
2026-02-02T10:05:12.749,"{""sensor"":{""time"":61350,""status"":true,""class:"":2}}"
2026-02-02T10:05:12.840,"{""sensor"":{""time"":61466,""status"":true,""class:"":2}}"
2026-02-02T10:05:12.976,"{""sensor"":{""time"":61581,""status"":true,""class:"":2}}"
2026-02-02T10:05:13.111,"{""sensor"":{""time"":61696,""status"":true,""class:"":2}}"
2026-02-02T10:05:13.244,"{""sensor"":{""time"":61812,""status"":true,""class:"":2}}"
2026-02-02T10:05:13.335,"{""sensor"":{""time"":61927,""status"":true,""class:"":2}}"
2026-02-02T10:05:13.425,"{""sensor"":{""time"":62042,""status"":true,""class:"":2}}"
2026-02-02T10:05:13.561,"{""sensor"":{""time"":62158,""status"":true,""class:"":2}}"
2026-02-02T10:05:13.650,"{""sensor"":{""time"":62273,""status"":true,""class:"":2}}"
2026-02-02T10:05:13.875,"{""sensor"":{""time"":62389,""status"":true,""class:"":2}}"
2026-02-02T10:05:13.920,"{""sensor"":{""time"":62504,""status"":true,""class:"":2}}"
2026-02-02T10:05:14.011,"{""sensor"":{""time"":62619,""status"":true,""class:"":2}}"
2026-02-02T10:05:14.146,"{""sensor"":{""time"":62735,""status"":true,""class:"":2}}"
2026-02-02T10:05:14.234,"{""sensor"":{""time"":62850,""status"":true,""class:"":2}}"
2026-02-02T10:05:14.371,"{""sensor"":{""time"":62966,""status"":true,""class:"":2}}"
2026-02-02T10:05:14.461,"{""sensor"":{""time"":63081,""status"":true,""class:"":2}}"
2026-02-02T10:05:14.596,"{""sensor"":{""time"":63197,""status"":true,""class:"":2}}"
2026-02-02T10:05:14.685,"{""sensor"":{""time"":63312,""status"":true,""class:"":2}}"
2026-02-02T10:05:14.820,"{""sensor"":{""time"":63427,""status"":true,""class:"":2}}"
2026-02-02T10:05:14.956,"{""sensor"":{""time"":63543,""status"":true,""class:"":2}}"
2026-02-02T10:05:15.046,"{""sensor"":{""time"":63658,""status"":true,""class:"":2}}"
2026-02-02T10:05:15.180,"{""sensor"":{""time"":63773,""status"":true,""class:"":2}}"
2026-02-02T10:05:15.271,"{""sensor"":{""time"":63889,""status"":true,""class:"":2}}"
2026-02-02T10:05:15.406,"{""sensor"":{""time"":64004,""status"":true,""class:"":2}}"
2026-02-02T10:05:15.496,"{""sensor"":{""time"":64119,""status"":true,""class:"":2}}"
2026-02-02T10:05:15.631,"{""sensor"":{""time"":64235,""status"":true,""class:"":2}}"
2026-02-02T10:05:15.765,"{""sensor"":{""time"":64350,""status"":true,""class:"":2}}"
2026-02-02T10:05:15.900,"{""sensor"":{""time"":64465,""status"":true,""class:"":2}}"
2026-02-02T10:05:15.991,"{""sensor"":{""time"":64581,""status"":true,""class:"":2}}"
2026-02-02T10:05:16.079,"{""sensor"":{""time"":64696,""status"":true,""class:"":2}}"
2026-02-02T10:05:16.216,"{""sensor"":{""time"":64812,""status"":true,""class:"":2}}"
2026-02-02T10:05:16.350,"{""sensor"":{""time"":64927,""status"":true,""class:"":2}}"
2026-02-02T10:05:16.484,"{""sensor"":{""time"":65042,""status"":true,""class:"":2}}"
2026-02-02T10:05:16.575,"{""sensor"":{""time"":65158,""status"":true,""class:"":2}}"
2026-02-02T10:05:16.666,"{""sensor"":{""time"":65273,""status"":true,""class:"":2}}"
2026-02-02T10:05:16.801,"{""sensor"":{""time"":65388,""status"":true,""class:"":2}}"
2026-02-02T10:05:16.891,"{""sensor"":{""time"":65504,""status"":true,""class:"":2}}"
2026-02-02T10:05:17.026,"{""sensor"":{""time"":65619,""status"":true,""class:"":2}}"
2026-02-02T10:05:17.116,"{""sensor"":{""time"":65735,""status"":true,""class:"":2}}"
2026-02-02T10:05:17.295,"{""sensor"":{""time"":65850,""status"":true,""class:"":2}}"
2026-02-02T10:05:17.386,"{""sensor"":{""time"":65965,""status"":true,""class:"":2}}"
2026-02-02T10:05:17.475,"{""sensor"":{""time"":66081,""status"":true,""class:"":2}}"
2026-02-02T10:05:17.656,"{""sensor"":{""time"":66196,""status"":true,""class:"":2}}"
2026-02-02T10:05:17.745,"{""sensor"":{""time"":66312,""status"":true,""class:"":2}}"
2026-02-02T10:05:17.836,"{""sensor"":{""time"":66428,""status"":true,""class:"":2}}"
2026-02-02T10:05:17.970,"{""sensor"":{""time"":66543,""status"":true,""class:"":2}}"
2026-02-02T10:05:18.060,"{""sensor"":{""time"":66658,""status"":true,""class:"":2}}"
2026-02-02T10:05:18.150,"{""sensor"":{""time"":66774,""status"":true,""class:"":2}}"
2026-02-02T10:05:18.287,"{""sensor"":{""time"":66889,""status"":true,""class:"":2}}"
2026-02-02T10:05:18.376,"{""sensor"":{""time"":67004,""status"":true,""class:"":2}}"
2026-02-02T10:05:18.512,"{""sensor"":{""time"":67119,""status"":true,""class:"":2}}"
2026-02-02T10:05:18.647,"{""sensor"":{""time"":67234,""status"":true,""class:"":2}}"
2026-02-02T10:05:18.780,"{""sensor"":{""time"":67350,""status"":true,""class:"":2}}"
2026-02-02T10:05:18.871,"{""sensor"":{""time"":67465,""status"":true,""class:"":2}}"
2026-02-02T10:05:18.961,"{""sensor"":{""time"":67581,""status"":true,""class:"":2}}"
2026-02-02T10:05:19.096,"{""sensor"":{""time"":67696,""status"":true,""class:"":2}}"
2026-02-02T10:05:19.189,"{""sensor"":{""time"":67811,""status"":true,""class:"":2}}"
2026-02-02T10:05:19.322,"{""sensor"":{""time"":67926,""status"":true,""class:"":2}}"
2026-02-02T10:05:19.456,"{""sensor"":{""time"":68042,""status"":true,""class:"":2}}"
2026-02-02T10:05:19.546,"{""sensor"":{""time"":68157,""status"":true,""class:"":2}}"
2026-02-02T10:05:19.681,"{""sensor"":{""time"":68273,""status"":true,""class:"":2}}"
2026-02-02T10:05:19.771,"{""sensor"":{""time"":68388,""status"":true,""class:"":2}}"
2026-02-02T10:05:19.907,"{""sensor"":{""time"":68504,""status"":true,""class:"":2}}"
2026-02-02T10:05:19.995,"{""sensor"":{""time"":68619,""status"":true,""class:"":2}}"
2026-02-02T10:05:20.131,"{""sensor"":{""time"":68734,""status"":true,""class:"":2}}"
2026-02-02T10:05:20.221,"{""sensor"":{""time"":68849,""status"":true,""class:"":2}}"
2026-02-02T10:05:20.356,"{""sensor"":{""time"":68965,""status"":true,""class:"":2}}"
2026-02-02T10:05:20.491,"{""sensor"":{""time"":69080,""status"":true,""class:"":2}}"
2026-02-02T10:05:20.580,"{""sensor"":{""time"":69195,""status"":true,""class:"":2}}"
2026-02-02T10:05:20.716,"{""sensor"":{""time"":69311,""status"":true,""class:"":2}}"
2026-02-02T10:05:20.805,"{""sensor"":{""time"":69426,""status"":true,""class:"":2}}"
2026-02-02T10:05:20.941,"{""sensor"":{""time"":69542,""status"":true,""class:"":2}}"
2026-02-02T10:05:21.030,"{""sensor"":{""time"":69657,""status"":true,""class:"":2}}"
2026-02-02T10:05:21.166,"{""sensor"":{""time"":69772,""status"":true,""class:"":2}}"
2026-02-02T10:05:21.390,"{""sensor"":{""time"":69887,""status"":true,""class:"":2}}"
2026-02-02T10:05:21.436,"{""sensor"":{""time"":70003,""status"":true,""class:"":2}}"
2026-02-02T10:05:21.526,"{""sensor"":{""time"":70118,""status"":true,""class:"":2}}"
2026-02-02T10:05:21.616,"{""sensor"":{""time"":70233,""status"":true,""class:"":2}}"
2026-02-02T10:05:21.752,"{""sensor"":{""time"":70349,""status"":true,""class:"":2}}"
2026-02-02T10:05:21.841,"{""sensor"":{""time"":70464,""status"":true,""class:"":2}}"
2026-02-02T10:05:22.021,"{""sensor"":{""time"":70579,""status"":true,""class:"":2}}"
2026-02-02T10:05:22.111,"{""sensor"":{""time"":70695,""status"":true,""class:"":2}}"
2026-02-02T10:05:22.201,"{""sensor"":{""time"":70810,""status"":true,""class:"":2}}"
2026-02-02T10:05:22.337,"{""sensor"":{""time"":70926,""status"":true,""class:"":2}}"
2026-02-02T10:05:22.425,"{""sensor"":{""time"":71041,""status"":true,""class:"":2}}"
2026-02-02T10:05:22.561,"{""sensor"":{""time"":71156,""status"":true,""class:"":2}}"
2026-02-02T10:05:22.650,"{""sensor"":{""time"":71272,""status"":true,""class:"":2}}"
2026-02-02T10:05:22.786,"{""sensor"":{""time"":71387,""status"":true,""class:"":2}}"
2026-02-02T10:05:22.875,"{""sensor"":{""time"":71502,""status"":true,""class:"":2}}"
2026-02-02T10:05:23.056,"{""sensor"":{""time"":71618,""status"":true,""class:"":2}}"
2026-02-02T10:05:23.146,"{""sensor"":{""time"":71733,""status"":true,""class:"":2}}"
2026-02-02T10:05:23.236,"{""sensor"":{""time"":71849,""status"":true,""class:"":2}}"
2026-02-02T10:05:23.371,"{""sensor"":{""time"":71964,""status"":true,""class:"":2}}"
2026-02-02T10:05:23.461,"{""sensor"":{""time"":72079,""status"":true,""class:"":2}}"
2026-02-02T10:05:23.597,"{""sensor"":{""time"":72195,""status"":true,""class:"":2}}"
2026-02-02T10:05:23.686,"{""sensor"":{""time"":72310,""status"":true,""class:"":2}}"
2026-02-02T10:05:23.865,"{""sensor"":{""time"":72425,""status"":true,""class:"":2}}"
2026-02-02T10:05:23.955,"{""sensor"":{""time"":72541,""status"":true,""class:"":2}}"
2026-02-02T10:05:24.045,"{""sensor"":{""time"":72656,""status"":true,""class:"":2}}"
2026-02-02T10:05:24.181,"{""sensor"":{""time"":72772,""status"":true,""class:"":2}}"
2026-02-02T10:05:24.269,"{""sensor"":{""time"":72887,""status"":true,""class:"":2}}"
2026-02-02T10:05:24.407,"{""sensor"":{""time"":73003,""status"":true,""class:"":2}}"
2026-02-02T10:05:24.496,"{""sensor"":{""time"":73118,""status"":true,""class:"":2}}"
2026-02-02T10:05:24.631,"{""sensor"":{""time"":73234,""status"":true,""class:"":2}}"
2026-02-02T10:05:24.719,"{""sensor"":{""time"":73349,""status"":true,""class:"":2}}"
2026-02-02T10:05:24.857,"{""sensor"":{""time"":73464,""status"":true,""class:"":2}}"
2026-02-02T10:05:24.991,"{""sensor"":{""time"":73580,""status"":true,""class:"":2}}"
2026-02-02T10:05:25.080,"{""sensor"":{""time"":73695,""status"":true,""class:"":2}}"
2026-02-02T10:05:25.216,"{""sensor"":{""time"":73810,""status"":true,""class:"":2}}"
2026-02-02T10:05:25.306,"{""sensor"":{""time"":73926,""status"":true,""class:"":2}}"
2026-02-02T10:05:25.441,"{""sensor"":{""time"":74041,""status"":true,""class:"":2}}"
2026-02-02T10:05:25.531,"{""sensor"":{""time"":74156,""status"":true,""class:"":2}}"
2026-02-02T10:05:25.665,"{""sensor"":{""time"":74272,""status"":true,""class:"":2}}"
2026-02-02T10:05:25.801,"{""sensor"":{""time"":74387,""status"":true,""class:"":2}}"
2026-02-02T10:05:25.935,"{""sensor"":{""time"":74502,""status"":true,""class:"":2}}"
2026-02-02T10:05:26.025,"{""sensor"":{""time"":74618,""status"":true,""class:"":2}}"
2026-02-02T10:05:26.114,"{""sensor"":{""time"":74733,""status"":true,""class:"":2}}"
2026-02-02T10:05:26.250,"{""sensor"":{""time"":74849,""status"":true,""class:"":2}}"
2026-02-02T10:05:26.431,"{""sensor"":{""time"":74964,""status"":true,""class:"":2}}"
2026-02-02T10:05:26.520,"{""sensor"":{""time"":75079,""status"":true,""class:"":2}}"
2026-02-02T10:05:26.610,"{""sensor"":{""time"":75195,""status"":true,""class:"":2}}"
2026-02-02T10:05:26.701,"{""sensor"":{""time"":75310,""status"":true,""class:"":2}}"
2026-02-02T10:05:26.836,"{""sensor"":{""time"":75425,""status"":true,""class:"":2}}"
2026-02-02T10:05:26.926,"{""sensor"":{""time"":75541,""status"":true,""class:"":2}}"
2026-02-02T10:05:27.061,"{""sensor"":{""time"":75656,""status"":true,""class:"":2}}"
2026-02-02T10:05:27.149,"{""sensor"":{""time"":75772,""status"":true,""class:"":2}}"
2026-02-02T10:05:27.285,"{""sensor"":{""time"":75887,""status"":true,""class:"":2}}"
2026-02-02T10:05:27.379,"{""sensor"":{""time"":76003,""status"":true,""class:"":2}}"
2026-02-02T10:05:27.511,"{""sensor"":{""time"":76118,""status"":true,""class:"":2}}"
2026-02-02T10:05:27.646,"{""sensor"":{""time"":76233,""status"":true,""class:"":2}}"
2026-02-02T10:05:27.735,"{""sensor"":{""time"":76349,""status"":true,""class:"":2}}"
2026-02-02T10:05:27.871,"{""sensor"":{""time"":76464,""status"":true,""class:"":2}}"
2026-02-02T10:05:27.959,"{""sensor"":{""time"":76579,""status"":true,""class:"":2}}"
2026-02-02T10:05:28.096,"{""sensor"":{""time"":76695,""status"":true,""class:"":2}}"
2026-02-02T10:05:28.187,"{""sensor"":{""time"":76810,""status"":true,""class:"":2}}"
2026-02-02T10:05:28.321,"{""sensor"":{""time"":76925,""status"":true,""class:"":2}}"
2026-02-02T10:05:28.410,"{""sensor"":{""time"":77041,""status"":true,""class:"":2}}"
2026-02-02T10:05:28.546,"{""sensor"":{""time"":77156,""status"":true,""class:"":2}}"
2026-02-02T10:05:28.680,"{""sensor"":{""time"":77271,""status"":true,""class:"":2}}"
2026-02-02T10:05:28.861,"{""sensor"":{""time"":77387,""status"":true,""class:"":2}}"
2026-02-02T10:05:28.950,"{""sensor"":{""time"":77502,""status"":true,""class:"":2}}"
2026-02-02T10:05:29.040,"{""sensor"":{""time"":77617,""status"":true,""class:"":2}}"
2026-02-02T10:05:29.131,"{""sensor"":{""time"":77733,""status"":true,""class:"":2}}"
2026-02-02T10:05:29.221,"{""sensor"":{""time"":77848,""status"":true,""class:"":2}}"
2026-02-02T10:05:29.402,"{""sensor"":{""time"":77963,""status"":true,""class:"":2}}"
2026-02-02T10:05:29.491,"{""sensor"":{""time"":78079,""status"":true,""class:"":2}}"
2026-02-02T10:05:29.582,"{""sensor"":{""time"":78194,""status"":true,""class:"":2}}"
2026-02-02T10:05:29.716,"{""sensor"":{""time"":78310,""status"":true,""class:"":2}}"
2026-02-02T10:05:29.804,"{""sensor"":{""time"":78425,""status"":true,""class:"":2}}"
2026-02-02T10:05:29.985,"{""sensor"":{""time"":78541,""status"":true,""class:"":2}}"
2026-02-02T10:05:30.075,"{""sensor"":{""time"":78656,""status"":true,""class:"":2}}"
2026-02-02T10:05:30.166,"{""sensor"":{""time"":78771,""status"":true,""class:"":2}}"
2026-02-02T10:05:30.256,"{""sensor"":{""time"":78886,""status"":true,""class:"":2}}"
2026-02-02T10:05:30.391,"{""sensor"":{""time"":79001,""status"":true,""class:"":2}}"
2026-02-02T10:05:30.525,"{""sensor"":{""time"":79117,""status"":true,""class:"":2}}"
2026-02-02T10:05:30.616,"{""sensor"":{""time"":79232,""status"":true,""class:"":2}}"
2026-02-02T10:05:30.750,"{""sensor"":{""time"":79348,""status"":true,""class:"":2}}"
2026-02-02T10:05:30.841,"{""sensor"":{""time"":79463,""status"":true,""class:"":2}}"
2026-02-02T10:05:30.977,"{""sensor"":{""time"":79578,""status"":true,""class:"":2}}"
2026-02-02T10:05:31.066,"{""sensor"":{""time"":79694,""status"":true,""class:"":2}}"
2026-02-02T10:05:31.200,"{""sensor"":{""time"":79809,""status"":true,""class:"":2}}"
2026-02-02T10:05:31.381,"{""sensor"":{""time"":79924,""status"":true,""class:"":2}}"
2026-02-02T10:05:31.470,"{""sensor"":{""time"":80040,""status"":true,""class:"":2}}"
2026-02-02T10:05:31.561,"{""sensor"":{""time"":80155,""status"":true,""class:"":2}}"
2026-02-02T10:05:31.651,"{""sensor"":{""time"":80271,""status"":true,""class:"":2}}"
2026-02-02T10:05:31.786,"{""sensor"":{""time"":80386,""status"":true,""class:"":2}}"
2026-02-02T10:05:31.875,"{""sensor"":{""time"":80501,""status"":true,""class:"":2}}"
2026-02-02T10:05:32.011,"{""sensor"":{""time"":80617,""status"":true,""class:"":2}}"
2026-02-02T10:05:32.146,"{""sensor"":{""time"":80732,""status"":true,""class:"":2}}"
2026-02-02T10:05:32.236,"{""sensor"":{""time"":80847,""status"":true,""class:"":2}}"
2026-02-02T10:05:32.371,"{""sensor"":{""time"":80964,""status"":true,""class:"":2}}"
2026-02-02T10:05:32.506,"{""sensor"":{""time"":81079,""status"":true,""class:"":2}}"
2026-02-02T10:05:32.595,"{""sensor"":{""time"":81194,""status"":true,""class:"":2}}"
2026-02-02T10:05:32.686,"{""sensor"":{""time"":81310,""status"":true,""class:"":2}}"
2026-02-02T10:05:32.820,"{""sensor"":{""time"":81425,""status"":true,""class:"":2}}"
2026-02-02T10:05:32.911,"{""sensor"":{""time"":81541,""status"":true,""class:"":2}}"
2026-02-02T10:05:33.090,"{""sensor"":{""time"":81656,""status"":true,""class:"":2}}"
2026-02-02T10:05:33.181,"{""sensor"":{""time"":81771,""status"":true,""class:"":2}}"
2026-02-02T10:05:33.274,"{""sensor"":{""time"":81886,""status"":true,""class:"":2}}"
2026-02-02T10:05:33.406,"{""sensor"":{""time"":82002,""status"":true,""class:"":2}}"
2026-02-02T10:05:33.497,"{""sensor"":{""time"":82117,""status"":true,""class:"":2}}"
2026-02-02T10:05:33.631,"{""sensor"":{""time"":82232,""status"":true,""class:"":2}}"
2026-02-02T10:05:33.721,"{""sensor"":{""time"":82348,""status"":true,""class:"":2}}"
2026-02-02T10:05:33.901,"{""sensor"":{""time"":82463,""status"":true,""class:"":2}}"
2026-02-02T10:05:33.991,"{""sensor"":{""time"":82579,""status"":true,""class:"":2}}"
2026-02-02T10:05:34.081,"{""sensor"":{""time"":82694,""status"":true,""class:"":2}}"
2026-02-02T10:05:34.215,"{""sensor"":{""time"":82809,""status"":true,""class:"":2}}"
2026-02-02T10:05:34.306,"{""sensor"":{""time"":82925,""status"":true,""class:"":2}}"
2026-02-02T10:05:34.441,"{""sensor"":{""time"":83040,""status"":true,""class:"":2}}"
2026-02-02T10:05:34.531,"{""sensor"":{""time"":83155,""status"":true,""class:"":2}}"
2026-02-02T10:05:34.756,"{""sensor"":{""time"":83271,""status"":true,""class:"":2}}"
2026-02-02T10:05:34.801,"{""sensor"":{""time"":83386,""status"":true,""class:"":2}}"
2026-02-02T10:05:34.891,"{""sensor"":{""time"":83502,""status"":true,""class:"":2}}"
2026-02-02T10:05:35.027,"{""sensor"":{""time"":83617,""status"":true,""class:"":2}}"
2026-02-02T10:05:35.116,"{""sensor"":{""time"":83733,""status"":true,""class:"":2}}"
2026-02-02T10:05:35.295,"{""sensor"":{""time"":83848,""status"":true,""class:"":2}}"
2026-02-02T10:05:35.385,"{""sensor"":{""time"":83963,""status"":true,""class:"":2}}"
2026-02-02T10:05:35.521,"{""sensor"":{""time"":84079,""status"":true,""class:"":2}}"
2026-02-02T10:05:35.611,"{""sensor"":{""time"":84194,""status"":true,""class:"":2}}"
2026-02-02T10:05:35.746,"{""sensor"":{""time"":84309,""status"":true,""class:"":2}}"
2026-02-02T10:05:35.880,"{""sensor"":{""time"":84425,""status"":true,""class:"":0}}"
2026-02-02T10:05:35.971,"{""sensor"":{""time"":84540,""status"":true,""class:"":0}}"
2026-02-02T10:05:36.106,"{""sensor"":{""time"":84656,""status"":true,""class:"":0}}"
2026-02-02T10:05:36.195,"{""sensor"":{""time"":84771,""status"":true,""class:"":0}}"
2026-02-02T10:05:36.375,"{""sensor"":{""time"":84886,""status"":true,""class:"":0}}"
2026-02-02T10:05:36.421,"{""sensor"":{""time"":85002,""status"":true,""class:"":0}}"
2026-02-02T10:05:36.511,"{""sensor"":{""time"":85118,""status"":true,""class:"":0}}"
2026-02-02T10:05:36.646,"{""sensor"":{""time"":85233,""status"":true,""class:"":1}}"
2026-02-02T10:05:36.736,"{""sensor"":{""time"":85348,""status"":true,""class:"":1}}"
2026-02-02T10:05:36.871,"{""sensor"":{""time"":85464,""status"":true,""class:"":1}}"
2026-02-02T10:05:36.960,"{""sensor"":{""time"":85579,""status"":true,""class:"":1}}"
2026-02-02T10:05:37.141,"{""sensor"":{""time"":85695,""status"":true,""class:"":1}}"
2026-02-02T10:05:37.231,"{""sensor"":{""time"":85810,""status"":true,""class:"":1}}"
2026-02-02T10:05:37.321,"{""sensor"":{""time"":85925,""status"":true,""class:"":1}}"
2026-02-02T10:05:37.410,"{""sensor"":{""time"":86040,""status"":true,""class:"":1}}"
2026-02-02T10:05:37.546,"{""sensor"":{""time"":86156,""status"":true,""class:"":1}}"
2026-02-02T10:05:37.682,"{""sensor"":{""time"":86271,""status"":true,""class:"":1}}"
2026-02-02T10:05:37.816,"{""sensor"":{""time"":86386,""status"":true,""class:"":1}}"
2026-02-02T10:05:37.906,"{""sensor"":{""time"":86502,""status"":true,""class:"":1}}"
2026-02-02T10:05:37.997,"{""sensor"":{""time"":86617,""status"":true,""class:"":1}}"
2026-02-02T10:05:38.130,"{""sensor"":{""time"":86732,""status"":true,""class:"":1}}"
2026-02-02T10:05:38.221,"{""sensor"":{""time"":86848,""status"":true,""class:"":1}}"
2026-02-02T10:05:38.356,"{""sensor"":{""time"":86964,""status"":true,""class:"":1}}"
2026-02-02T10:05:38.491,"{""sensor"":{""time"":87080,""status"":true,""class:"":1}}"
2026-02-02T10:05:38.580,"{""sensor"":{""time"":87195,""status"":true,""class:"":1}}"
2026-02-02T10:05:38.716,"{""sensor"":{""time"":87310,""status"":true,""class:"":1}}"
2026-02-02T10:05:38.895,"{""sensor"":{""time"":87426,""status"":true,""class:"":1}}"
2026-02-02T10:05:38.985,"{""sensor"":{""time"":87541,""status"":true,""class:"":1}}"
2026-02-02T10:05:39.075,"{""sensor"":{""time"":87656,""status"":true,""class:"":0}}"
2026-02-02T10:05:39.166,"{""sensor"":{""time"":87772,""status"":true,""class:"":3}}"
2026-02-02T10:05:39.256,"{""sensor"":{""time"":87887,""status"":true,""class:"":0}}"
2026-02-02T10:05:39.391,"{""sensor"":{""time"":88002,""status"":true,""class:"":2}}"
2026-02-02T10:05:39.525,"{""sensor"":{""time"":88117,""status"":true,""class:"":2}}"
2026-02-02T10:05:39.615,"{""sensor"":{""time"":88233,""status"":true,""class:"":2}}"
2026-02-02T10:05:39.751,"{""sensor"":{""time"":88348,""status"":true,""class:"":2}}"
2026-02-02T10:05:39.840,"{""sensor"":{""time"":88464,""status"":true,""class:"":2}}"
2026-02-02T10:05:39.976,"{""sensor"":{""time"":88579,""status"":true,""class:"":2}}"
2026-02-02T10:05:40.066,"{""sensor"":{""time"":88695,""status"":true,""class:"":2}}"
2026-02-02T10:05:40.200,"{""sensor"":{""time"":88810,""status"":true,""class:"":2}}"
2026-02-02T10:05:40.336,"{""sensor"":{""time"":88926,""status"":true,""class:"":2}}"
2026-02-02T10:05:40.471,"{""sensor"":{""time"":89041,""status"":true,""class:"":2}}"
2026-02-02T10:05:40.561,"{""sensor"":{""time"":89156,""status"":true,""class:"":2}}"
2026-02-02T10:05:40.649,"{""sensor"":{""time"":89272,""status"":true,""class:"":2}}"
2026-02-02T10:05:40.786,"{""sensor"":{""time"":89387,""status"":true,""class:"":2}}"
2026-02-02T10:05:40.966,"{""sensor"":{""time"":89502,""status"":true,""class:"":2}}"
2026-02-02T10:05:41.056,"{""sensor"":{""time"":89618,""status"":true,""class:"":2}}"
2026-02-02T10:05:41.191,"{""sensor"":{""time"":89733,""status"":true,""class:"":2}}"
2026-02-02T10:05:41.283,"{""sensor"":{""time"":89849,""status"":true,""class:"":2}}"
2026-02-02T10:05:41.416,"{""sensor"":{""time"":89964,""status"":true,""class:"":2}}"
2026-02-02T10:05:41.506,"{""sensor"":{""time"":90080,""status"":true,""class:"":2}}"
2026-02-02T10:05:41.595,"{""sensor"":{""time"":90195,""status"":true,""class:"":2}}"
2026-02-02T10:05:41.687,"{""sensor"":{""time"":90311,""status"":true,""class:"":2}}"
2026-02-02T10:05:41.866,"{""sensor"":{""time"":90426,""status"":true,""class:"":2}}"
2026-02-02T10:05:41.956,"{""sensor"":{""time"":90541,""status"":true,""class:"":2}}"
2026-02-02T10:05:42.046,"{""sensor"":{""time"":90657,""status"":true,""class:"":2}}"
2026-02-02T10:05:42.181,"{""sensor"":{""time"":90772,""status"":true,""class:"":2}}"
2026-02-02T10:05:42.270,"{""sensor"":{""time"":90887,""status"":true,""class:"":2}}"
2026-02-02T10:05:42.406,"{""sensor"":{""time"":91003,""status"":true,""class:"":2}}"
2026-02-02T10:05:42.496,"{""sensor"":{""time"":91118,""status"":true,""class:"":2}}"
2026-02-02T10:05:42.631,"{""sensor"":{""time"":91233,""status"":true,""class:"":2}}"
2026-02-02T10:05:42.720,"{""sensor"":{""time"":91349,""status"":true,""class:"":2}}"
2026-02-02T10:05:42.857,"{""sensor"":{""time"":91464,""status"":true,""class:"":2}}"
2026-02-02T10:05:42.991,"{""sensor"":{""time"":91579,""status"":true,""class:"":2}}"
2026-02-02T10:05:43.081,"{""sensor"":{""time"":91695,""status"":true,""class:"":2}}"
2026-02-02T10:05:43.217,"{""sensor"":{""time"":91810,""status"":true,""class:"":2}}"
2026-02-02T10:05:43.307,"{""sensor"":{""time"":91925,""status"":true,""class:"":2}}"
2026-02-02T10:05:43.441,"{""sensor"":{""time"":92041,""status"":true,""class:"":2}}"
2026-02-02T10:05:43.576,"{""sensor"":{""time"":92156,""status"":true,""class:"":2}}"
2026-02-02T10:05:43.665,"{""sensor"":{""time"":92271,""status"":true,""class:"":2}}"
2026-02-02T10:05:43.756,"{""sensor"":{""time"":92387,""status"":true,""class:"":2}}"
2026-02-02T10:05:43.891,"{""sensor"":{""time"":92502,""status"":true,""class:"":2}}"
2026-02-02T10:05:44.026,"{""sensor"":{""time"":92618,""status"":true,""class:"":2}}"
2026-02-02T10:05:44.115,"{""sensor"":{""time"":92733,""status"":true,""class:"":2}}"
2026-02-02T10:05:44.251,"{""sensor"":{""time"":92848,""status"":true,""class:"":2}}"
2026-02-02T10:05:44.340,"{""sensor"":{""time"":92964,""status"":true,""class:"":2}}"
2026-02-02T10:05:44.476,"{""sensor"":{""time"":93079,""status"":true,""class:"":2}}"
2026-02-02T10:05:44.568,"{""sensor"":{""time"":93195,""status"":true,""class:"":2}}"
2026-02-02T10:05:44.701,"{""sensor"":{""time"":93310,""status"":true,""class:"":2}}"
2026-02-02T10:05:44.836,"{""sensor"":{""time"":93425,""status"":true,""class:"":2}}"
2026-02-02T10:05:44.926,"{""sensor"":{""time"":93540,""status"":true,""class:"":2}}"
2026-02-02T10:05:45.061,"{""sensor"":{""time"":93656,""status"":true,""class:"":2}}"
2026-02-02T10:05:45.196,"{""sensor"":{""time"":93771,""status"":true,""class:"":2}}"
2026-02-02T10:05:45.286,"{""sensor"":{""time"":93886,""status"":true,""class:"":2}}"
2026-02-02T10:05:45.421,"{""sensor"":{""time"":94002,""status"":true,""class:"":2}}"
2026-02-02T10:05:45.556,"{""sensor"":{""time"":94117,""status"":true,""class:"":2}}"
2026-02-02T10:05:45.646,"{""sensor"":{""time"":94233,""status"":true,""class:"":2}}"
2026-02-02T10:05:45.780,"{""sensor"":{""time"":94348,""status"":true,""class:"":2}}"
2026-02-02T10:05:45.870,"{""sensor"":{""time"":94463,""status"":true,""class:"":2}}"
2026-02-02T10:05:45.960,"{""sensor"":{""time"":94579,""status"":true,""class:"":2}}"
2026-02-02T10:05:46.096,"{""sensor"":{""time"":94694,""status"":true,""class:"":2}}"
2026-02-02T10:05:46.186,"{""sensor"":{""time"":94810,""status"":true,""class:"":2}}"
2026-02-02T10:05:46.411,"{""sensor"":{""time"":94925,""status"":true,""class:"":2}}"
2026-02-02T10:05:46.455,"{""sensor"":{""time"":95040,""status"":true,""class:"":2}}"
2026-02-02T10:05:46.546,"{""sensor"":{""time"":95156,""status"":true,""class:"":2}}"
2026-02-02T10:05:46.681,"{""sensor"":{""time"":95271,""status"":true,""class:"":2}}"
2026-02-02T10:05:46.771,"{""sensor"":{""time"":95386,""status"":true,""class:"":2}}"
2026-02-02T10:05:46.906,"{""sensor"":{""time"":95502,""status"":true,""class:"":2}}"
2026-02-02T10:05:46.995,"{""sensor"":{""time"":95617,""status"":true,""class:"":2}}"
2026-02-02T10:05:47.131,"{""sensor"":{""time"":95732,""status"":true,""class:"":2}}"
2026-02-02T10:05:47.221,"{""sensor"":{""time"":95848,""status"":true,""class:"":2}}"
2026-02-02T10:05:47.356,"{""sensor"":{""time"":95963,""status"":true,""class:"":2}}"
2026-02-02T10:05:47.491,"{""sensor"":{""time"":96078,""status"":true,""class:"":2}}"
2026-02-02T10:05:47.580,"{""sensor"":{""time"":96194,""status"":true,""class:"":2}}"
2026-02-02T10:05:47.716,"{""sensor"":{""time"":96310,""status"":true,""class:"":2}}"
2026-02-02T10:05:47.806,"{""sensor"":{""time"":96425,""status"":true,""class:"":2}}"
2026-02-02T10:05:47.941,"{""sensor"":{""time"":96540,""status"":true,""class:"":2}}"
2026-02-02T10:05:48.030,"{""sensor"":{""time"":96656,""status"":true,""class:"":2}}"
2026-02-02T10:05:48.164,"{""sensor"":{""time"":96771,""status"":true,""class:"":2}}"
2026-02-02T10:05:48.256,"{""sensor"":{""time"":96886,""status"":true,""class:"":2}}"
2026-02-02T10:05:48.391,"{""sensor"":{""time"":97001,""status"":true,""class:"":2}}"
2026-02-02T10:05:48.526,"{""sensor"":{""time"":97117,""status"":true,""class:"":2}}"
2026-02-02T10:05:48.616,"{""sensor"":{""time"":97232,""status"":true,""class:"":2}}"
2026-02-02T10:05:48.753,"{""sensor"":{""time"":97347,""status"":true,""class:"":2}}"
2026-02-02T10:05:48.975,"{""sensor"":{""time"":97463,""status"":true,""class:"":2}}"
2026-02-02T10:05:49.019,"{""sensor"":{""time"":97578,""status"":true,""class:"":2}}"
2026-02-02T10:05:49.111,"{""sensor"":{""time"":97694,""status"":true,""class:"":2}}"
2026-02-02T10:05:49.246,"{""sensor"":{""time"":97809,""status"":true,""class:"":2}}"
2026-02-02T10:05:49.336,"{""sensor"":{""time"":97925,""status"":true,""class:"":2}}"
2026-02-02T10:05:49.425,"{""sensor"":{""time"":98040,""status"":true,""class:"":2}}"
2026-02-02T10:05:49.561,"{""sensor"":{""time"":98156,""status"":true,""class:"":2}}"
2026-02-02T10:05:49.695,"{""sensor"":{""time"":98271,""status"":true,""class:"":2}}"
2026-02-02T10:05:49.787,"{""sensor"":{""time"":98386,""status"":true,""class:"":2}}"
2026-02-02T10:05:49.921,"{""sensor"":{""time"":98501,""status"":true,""class:"":2}}"
2026-02-02T10:05:50.011,"{""sensor"":{""time"":98617,""status"":true,""class:"":2}}"
2026-02-02T10:05:50.101,"{""sensor"":{""time"":98732,""status"":true,""class:"":2}}"
2026-02-02T10:05:50.236,"{""sensor"":{""time"":98847,""status"":true,""class:"":2}}"
2026-02-02T10:05:50.371,"{""sensor"":{""time"":98962,""status"":true,""class:"":2}}"
2026-02-02T10:05:50.461,"{""sensor"":{""time"":99078,""status"":true,""class:"":2}}"
2026-02-02T10:05:50.595,"{""sensor"":{""time"":99193,""status"":true,""class:"":2}}"
2026-02-02T10:05:50.685,"{""sensor"":{""time"":99308,""status"":true,""class:"":2}}"
2026-02-02T10:05:50.821,"{""sensor"":{""time"":99424,""status"":true,""class:"":2}}"
2026-02-02T10:05:50.911,"{""sensor"":{""time"":99539,""status"":true,""class:"":2}}"
2026-02-02T10:05:51.046,"{""sensor"":{""time"":99654,""status"":true,""class:"":2}}"
2026-02-02T10:05:51.181,"{""sensor"":{""time"":99770,""status"":true,""class:"":2}}"
2026-02-02T10:05:51.272,"{""sensor"":{""time"":99885,""status"":true,""class:"":2}}"
2026-02-02T10:05:51.406,"{""sensor"":{""time"":100000,""status"":true,""class:"":2}}"
2026-02-02T10:05:51.540,"{""sensor"":{""time"":100116,""status"":true,""class:"":2}}"
2026-02-02T10:05:51.631,"{""sensor"":{""time"":100231,""status"":true,""class:"":2}}"
2026-02-02T10:05:51.721,"{""sensor"":{""time"":100346,""status"":true,""class:"":2}}"
2026-02-02T10:05:51.856,"{""sensor"":{""time"":100462,""status"":true,""class:"":2}}"
2026-02-02T10:05:51.946,"{""sensor"":{""time"":100577,""status"":true,""class:"":2}}"
2026-02-02T10:05:52.127,"{""sensor"":{""time"":100692,""status"":true,""class:"":2}}"
2026-02-02T10:05:52.216,"{""sensor"":{""time"":100807,""status"":true,""class:"":2}}"
2026-02-02T10:05:52.306,"{""sensor"":{""time"":100923,""status"":true,""class:"":2}}"
2026-02-02T10:05:52.441,"{""sensor"":{""time"":101038,""status"":true,""class:"":2}}"
2026-02-02T10:05:52.533,"{""sensor"":{""time"":101154,""status"":true,""class:"":2}}"
2026-02-02T10:05:52.756,"{""sensor"":{""time"":101269,""status"":true,""class:"":2}}"
2026-02-02T10:05:52.800,"{""sensor"":{""time"":101384,""status"":true,""class:"":2}}"
2026-02-02T10:05:52.891,"{""sensor"":{""time"":101500,""status"":true,""class:"":2}}"
2026-02-02T10:05:53.071,"{""sensor"":{""time"":101615,""status"":true,""class:"":2}}"
2026-02-02T10:05:53.161,"{""sensor"":{""time"":101730,""status"":true,""class:"":2}}"
2026-02-02T10:05:53.249,"{""sensor"":{""time"":101846,""status"":true,""class:"":2}}"
2026-02-02T10:05:53.339,"{""sensor"":{""time"":101961,""status"":true,""class:"":2}}"
2026-02-02T10:05:53.476,"{""sensor"":{""time"":102076,""status"":true,""class:"":2}}"
2026-02-02T10:05:53.564,"{""sensor"":{""time"":102192,""status"":true,""class:"":2}}"
2026-02-02T10:05:53.701,"{""sensor"":{""time"":102307,""status"":true,""class:"":2}}"
2026-02-02T10:05:53.790,"{""sensor"":{""time"":102422,""status"":true,""class:"":2}}"
2026-02-02T10:05:53.926,"{""sensor"":{""time"":102537,""status"":true,""class:"":2}}"
2026-02-02T10:05:54.062,"{""sensor"":{""time"":102653,""status"":true,""class:"":2}}"
2026-02-02T10:05:54.151,"{""sensor"":{""time"":102768,""status"":true,""class:"":2}}"
2026-02-02T10:05:54.288,"{""sensor"":{""time"":102883,""status"":true,""class:"":2}}"
2026-02-02T10:05:54.374,"{""sensor"":{""time"":102999,""status"":true,""class:"":2}}"
2026-02-02T10:05:54.511,"{""sensor"":{""time"":103114,""status"":true,""class:"":2}}"
2026-02-02T10:05:54.601,"{""sensor"":{""time"":103230,""status"":true,""class:"":2}}"
2026-02-02T10:05:54.735,"{""sensor"":{""time"":103345,""status"":true,""class:"":2}}"
2026-02-02T10:05:54.869,"{""sensor"":{""time"":103460,""status"":true,""class:"":2}}"
2026-02-02T10:05:54.959,"{""sensor"":{""time"":103576,""status"":true,""class:"":2}}"
2026-02-02T10:05:55.095,"{""sensor"":{""time"":103691,""status"":true,""class:"":2}}"
2026-02-02T10:05:55.184,"{""sensor"":{""time"":103806,""status"":true,""class:"":2}}"
2026-02-02T10:05:55.321,"{""sensor"":{""time"":103922,""status"":true,""class:"":2}}"
2026-02-02T10:05:55.410,"{""sensor"":{""time"":104037,""status"":true,""class:"":2}}"
2026-02-02T10:05:55.546,"{""sensor"":{""time"":104152,""status"":true,""class:"":2}}"
2026-02-02T10:05:55.636,"{""sensor"":{""time"":104268,""status"":true,""class:"":2}}"
2026-02-02T10:05:55.771,"{""sensor"":{""time"":104383,""status"":true,""class:"":2}}"
2026-02-02T10:05:55.906,"{""sensor"":{""time"":104498,""status"":true,""class:"":2}}"
2026-02-02T10:05:55.996,"{""sensor"":{""time"":104614,""status"":true,""class:"":2}}"
2026-02-02T10:05:56.130,"{""sensor"":{""time"":104729,""status"":true,""class:"":2}}"
2026-02-02T10:05:56.221,"{""sensor"":{""time"":104844,""status"":true,""class:"":2}}"
2026-02-02T10:05:56.400,"{""sensor"":{""time"":104959,""status"":true,""class:"":2}}"
2026-02-02T10:05:56.490,"{""sensor"":{""time"":105075,""status"":true,""class:"":2}}"
2026-02-02T10:05:56.582,"{""sensor"":{""time"":105190,""status"":true,""class:"":2}}"
2026-02-02T10:05:56.761,"{""sensor"":{""time"":105305,""status"":true,""class:"":2}}"
2026-02-02T10:05:56.850,"{""sensor"":{""time"":105421,""status"":true,""class:"":2}}"
2026-02-02T10:05:56.986,"{""sensor"":{""time"":105536,""status"":true,""class:"":2}}"
2026-02-02T10:05:57.075,"{""sensor"":{""time"":105651,""status"":true,""class:"":2}}"
2026-02-02T10:05:57.166,"{""sensor"":{""time"":105767,""status"":true,""class:"":2}}"
2026-02-02T10:05:57.254,"{""sensor"":{""time"":105882,""status"":true,""class:"":2}}"
2026-02-02T10:05:57.391,"{""sensor"":{""time"":105997,""status"":true,""class:"":2}}"
2026-02-02T10:05:57.481,"{""sensor"":{""time"":106113,""status"":true,""class:"":2}}"
2026-02-02T10:05:57.616,"{""sensor"":{""time"":106228,""status"":true,""class:"":2}}"
2026-02-02T10:05:57.751,"{""sensor"":{""time"":106343,""status"":true,""class:"":2}}"
2026-02-02T10:05:57.841,"{""sensor"":{""time"":106458,""status"":true,""class:"":2}}"
2026-02-02T10:05:57.976,"{""sensor"":{""time"":106574,""status"":true,""class:"":2}}"
2026-02-02T10:05:58.066,"{""sensor"":{""time"":106689,""status"":true,""class:"":2}}"
2026-02-02T10:05:58.200,"{""sensor"":{""time"":106804,""status"":true,""class:"":2}}"
2026-02-02T10:05:58.291,"{""sensor"":{""time"":106920,""status"":true,""class:"":2}}"
2026-02-02T10:05:58.426,"{""sensor"":{""time"":107035,""status"":true,""class:"":2}}"
2026-02-02T10:05:58.561,"{""sensor"":{""time"":107151,""status"":true,""class:"":2}}"
2026-02-02T10:05:58.650,"{""sensor"":{""time"":107266,""status"":true,""class:"":2}}"
2026-02-02T10:05:58.786,"{""sensor"":{""time"":107381,""status"":true,""class:"":2}}"
2026-02-02T10:05:58.921,"{""sensor"":{""time"":107497,""status"":true,""class:"":2}}"
2026-02-02T10:05:59.011,"{""sensor"":{""time"":107612,""status"":true,""class:"":2}}"
2026-02-02T10:05:59.101,"{""sensor"":{""time"":107727,""status"":true,""class:"":2}}"
2026-02-02T10:05:59.235,"{""sensor"":{""time"":107842,""status"":true,""class:"":2}}"
2026-02-02T10:05:59.325,"{""sensor"":{""time"":107958,""status"":true,""class:"":2}}"
2026-02-02T10:05:59.461,"{""sensor"":{""time"":108073,""status"":true,""class:"":2}}"
2026-02-02T10:05:59.595,"{""sensor"":{""time"":108188,""status"":true,""class:"":2}}"
2026-02-02T10:05:59.686,"{""sensor"":{""time"":108304,""status"":true,""class:"":2}}"
2026-02-02T10:05:59.821,"{""sensor"":{""time"":108419,""status"":true,""class:"":2}}"
2026-02-02T10:05:59.911,"{""sensor"":{""time"":108535,""status"":true,""class:"":2}}"
2026-02-02T10:06:00.181,"{""sensor"":{""time"":108650,""status"":true,""class:"":2}}"
2026-02-02T10:06:00.225,"{""sensor"":{""time"":108766,""status"":true,""class:"":2}}"
2026-02-02T10:06:00.314,"{""sensor"":{""time"":108881,""status"":true,""class:"":2}}"
2026-02-02T10:06:00.449,"{""sensor"":{""time"":108996,""status"":true,""class:"":2}}"
2026-02-02T10:06:00.540,"{""sensor"":{""time"":109111,""status"":true,""class:"":2}}"
2026-02-02T10:06:00.631,"{""sensor"":{""time"":109227,""status"":true,""class:"":2}}"
2026-02-02T10:06:00.719,"{""sensor"":{""time"":109342,""status"":true,""class:"":2}}"
2026-02-02T10:06:00.856,"{""sensor"":{""time"":109458,""status"":true,""class:"":2}}"
2026-02-02T10:06:00.945,"{""sensor"":{""time"":109573,""status"":true,""class:"":2}}"
2026-02-02T10:06:01.082,"{""sensor"":{""time"":109689,""status"":true,""class:"":2}}"
2026-02-02T10:06:01.216,"{""sensor"":{""time"":109804,""status"":true,""class:"":2}}"
2026-02-02T10:06:01.308,"{""sensor"":{""time"":109919,""status"":true,""class:"":2}}"
2026-02-02T10:06:01.441,"{""sensor"":{""time"":110034,""status"":true,""class:"":2}}"
2026-02-02T10:06:01.530,"{""sensor"":{""time"":110150,""status"":true,""class:"":2}}"
2026-02-02T10:06:01.665,"{""sensor"":{""time"":110265,""status"":true,""class:"":2}}"
2026-02-02T10:06:01.756,"{""sensor"":{""time"":110381,""status"":true,""class:"":2}}"
2026-02-02T10:06:01.890,"{""sensor"":{""time"":110496,""status"":true,""class:"":2}}"
2026-02-02T10:06:01.981,"{""sensor"":{""time"":110612,""status"":true,""class:"":2}}"
2026-02-02T10:06:02.161,"{""sensor"":{""time"":110727,""status"":true,""class:"":2}}"
2026-02-02T10:06:02.250,"{""sensor"":{""time"":110842,""status"":true,""class:"":2}}"
2026-02-02T10:06:02.340,"{""sensor"":{""time"":110958,""status"":true,""class:"":2}}"
2026-02-02T10:06:02.476,"{""sensor"":{""time"":111073,""status"":true,""class:"":2}}"
2026-02-02T10:06:02.565,"{""sensor"":{""time"":111188,""status"":true,""class:"":2}}"
2026-02-02T10:06:02.699,"{""sensor"":{""time"":111304,""status"":true,""class:"":2}}"
2026-02-02T10:06:02.789,"{""sensor"":{""time"":111419,""status"":true,""class:"":2}}"
2026-02-02T10:06:02.926,"{""sensor"":{""time"":111535,""status"":true,""class:"":2}}"
2026-02-02T10:06:03.061,"{""sensor"":{""time"":111650,""status"":true,""class:"":2}}"
2026-02-02T10:06:03.151,"{""sensor"":{""time"":111766,""status"":true,""class:"":2}}"
2026-02-02T10:06:03.286,"{""sensor"":{""time"":111881,""status"":true,""class:"":2}}"
2026-02-02T10:06:03.376,"{""sensor"":{""time"":111996,""status"":true,""class:"":2}}"
2026-02-02T10:06:03.511,"{""sensor"":{""time"":112111,""status"":true,""class:"":2}}"
2026-02-02T10:06:03.600,"{""sensor"":{""time"":112227,""status"":true,""class:"":2}}"
2026-02-02T10:06:03.734,"{""sensor"":{""time"":112342,""status"":true,""class:"":2}}"
2026-02-02T10:06:03.916,"{""sensor"":{""time"":112458,""status"":true,""class:"":2}}"
2026-02-02T10:06:04.006,"{""sensor"":{""time"":112573,""status"":true,""class:"":2}}"
2026-02-02T10:06:04.141,"{""sensor"":{""time"":112688,""status"":true,""class:"":2}}"
2026-02-02T10:06:04.231,"{""sensor"":{""time"":112804,""status"":true,""class:"":2}}"
2026-02-02T10:06:04.322,"{""sensor"":{""time"":112919,""status"":true,""class:"":2}}"
2026-02-02T10:06:04.409,"{""sensor"":{""time"":113034,""status"":true,""class:"":2}}"
2026-02-02T10:06:04.546,"{""sensor"":{""time"":113150,""status"":true,""class:"":2}}"
2026-02-02T10:06:04.635,"{""sensor"":{""time"":113265,""status"":true,""class:"":2}}"
2026-02-02T10:06:04.771,"{""sensor"":{""time"":113380,""status"":true,""class:"":2}}"
2026-02-02T10:06:04.906,"{""sensor"":{""time"":113495,""status"":true,""class:"":2}}"
2026-02-02T10:06:04.996,"{""sensor"":{""time"":113611,""status"":true,""class:"":2}}"
2026-02-02T10:06:05.131,"{""sensor"":{""time"":113726,""status"":true,""class:"":2}}"
2026-02-02T10:06:05.219,"{""sensor"":{""time"":113841,""status"":true,""class:"":2}}"
2026-02-02T10:06:05.356,"{""sensor"":{""time"":113957,""status"":true,""class:"":2}}"
2026-02-02T10:06:05.445,"{""sensor"":{""time"":114072,""status"":true,""class:"":2}}"
2026-02-02T10:06:05.626,"{""sensor"":{""time"":114187,""status"":true,""class:"":2}}"
2026-02-02T10:06:05.716,"{""sensor"":{""time"":114303,""status"":true,""class:"":2}}"
2026-02-02T10:06:05.804,"{""sensor"":{""time"":114418,""status"":true,""class:"":2}}"
2026-02-02T10:06:05.942,"{""sensor"":{""time"":114534,""status"":true,""class:"":2}}"
2026-02-02T10:06:06.031,"{""sensor"":{""time"":114649,""status"":true,""class:"":2}}"
2026-02-02T10:06:06.165,"{""sensor"":{""time"":114764,""status"":true,""class:"":2}}"
2026-02-02T10:06:06.254,"{""sensor"":{""time"":114879,""status"":true,""class:"":2}}"
2026-02-02T10:06:06.434,"{""sensor"":{""time"":114995,""status"":true,""class:"":2}}"
2026-02-02T10:06:06.525,"{""sensor"":{""time"":115110,""status"":true,""class:"":2}}"
2026-02-02T10:06:06.615,"{""sensor"":{""time"":115226,""status"":true,""class:"":2}}"
2026-02-02T10:06:06.752,"{""sensor"":{""time"":115341,""status"":true,""class:"":2}}"
2026-02-02T10:06:06.841,"{""sensor"":{""time"":115456,""status"":true,""class:"":2}}"
2026-02-02T10:06:06.976,"{""sensor"":{""time"":115571,""status"":true,""class:"":2}}"
2026-02-02T10:06:07.111,"{""sensor"":{""time"":115687,""status"":true,""class:"":2}}"
2026-02-02T10:06:07.201,"{""sensor"":{""time"":115802,""status"":true,""class:"":2}}"
2026-02-02T10:06:07.291,"{""sensor"":{""time"":115918,""status"":true,""class:"":2}}"
2026-02-02T10:06:07.426,"{""sensor"":{""time"":116033,""status"":true,""class:"":2}}"
2026-02-02T10:06:07.515,"{""sensor"":{""time"":116148,""status"":true,""class:"":2}}"
2026-02-02T10:06:07.650,"{""sensor"":{""time"":116263,""status"":true,""class:"":2}}"
2026-02-02T10:06:07.786,"{""sensor"":{""time"":116379,""status"":true,""class:"":2}}"
2026-02-02T10:06:07.875,"{""sensor"":{""time"":116495,""status"":true,""class:"":2}}"
2026-02-02T10:06:08.011,"{""sensor"":{""time"":116610,""status"":true,""class:"":2}}"
2026-02-02T10:06:08.100,"{""sensor"":{""time"":116725,""status"":true,""class:"":2}}"
2026-02-02T10:06:08.235,"{""sensor"":{""time"":116841,""status"":true,""class:"":2}}"
2026-02-02T10:06:08.325,"{""sensor"":{""time"":116956,""status"":true,""class:"":2}}"
2026-02-02T10:06:08.461,"{""sensor"":{""time"":117071,""status"":true,""class:"":2}}"
2026-02-02T10:06:08.596,"{""sensor"":{""time"":117187,""status"":true,""class:"":2}}"
2026-02-02T10:06:08.686,"{""sensor"":{""time"":117302,""status"":true,""class:"":2}}"
2026-02-02T10:06:08.824,"{""sensor"":{""time"":117417,""status"":true,""class:"":2}}"
2026-02-02T10:06:08.956,"{""sensor"":{""time"":117533,""status"":true,""class:"":2}}"
2026-02-02T10:06:09.046,"{""sensor"":{""time"":117648,""status"":true,""class:"":2}}"
2026-02-02T10:06:09.134,"{""sensor"":{""time"":117764,""status"":true,""class:"":2}}"
2026-02-02T10:06:09.270,"{""sensor"":{""time"":117879,""status"":true,""class:"":2}}"
2026-02-02T10:06:09.406,"{""sensor"":{""time"":117994,""status"":true,""class:"":2}}"
2026-02-02T10:06:09.495,"{""sensor"":{""time"":118110,""status"":true,""class:"":2}}"
2026-02-02T10:06:09.630,"{""sensor"":{""time"":118225,""status"":true,""class:"":2}}"
2026-02-02T10:06:09.720,"{""sensor"":{""time"":118341,""status"":true,""class:"":2}}"
2026-02-02T10:06:09.856,"{""sensor"":{""time"":118456,""status"":true,""class:"":2}}"
2026-02-02T10:06:09.947,"{""sensor"":{""time"":118571,""status"":true,""class:"":2}}"
2026-02-02T10:06:10.081,"{""sensor"":{""time"":118687,""status"":true,""class:"":2}}"
2026-02-02T10:06:10.170,"{""sensor"":{""time"":118802,""status"":true,""class:"":2}}"
2026-02-02T10:06:10.306,"{""sensor"":{""time"":118917,""status"":true,""class:"":2}}"
2026-02-02T10:06:10.441,"{""sensor"":{""time"":119032,""status"":true,""class:"":2}}"
2026-02-02T10:06:10.531,"{""sensor"":{""time"":119148,""status"":true,""class:"":2}}"
2026-02-02T10:06:10.665,"{""sensor"":{""time"":119263,""status"":true,""class:"":2}}"
2026-02-02T10:06:10.757,"{""sensor"":{""time"":119378,""status"":true,""class:"":2}}"
2026-02-02T10:06:10.936,"{""sensor"":{""time"":119494,""status"":true,""class:"":2}}"
2026-02-02T10:06:11.025,"{""sensor"":{""time"":119609,""status"":true,""class:"":2}}"
2026-02-02T10:06:11.116,"{""sensor"":{""time"":119724,""status"":true,""class:"":2}}"
2026-02-02T10:06:11.296,"{""sensor"":{""time"":119840,""status"":true,""class:"":2}}"
2026-02-02T10:06:11.430,"{""sensor"":{""time"":119955,""status"":true,""class:"":2}}"
2026-02-02T10:06:11.520,"{""sensor"":{""time"":120071,""status"":true,""class:"":2}}"
2026-02-02T10:06:11.609,"{""sensor"":{""time"":120186,""status"":true,""class:"":2}}"
2026-02-02T10:06:11.700,"{""sensor"":{""time"":120301,""status"":true,""class:"":2}}"
2026-02-02T10:06:11.790,"{""sensor"":{""time"":120417,""status"":true,""class:"":2}}"
2026-02-02T10:06:11.925,"{""sensor"":{""time"":120532,""status"":true,""class:"":2}}"
2026-02-02T10:06:12.015,"{""sensor"":{""time"":120647,""status"":true,""class:"":2}}"
2026-02-02T10:06:12.151,"{""sensor"":{""time"":120763,""status"":true,""class:"":2}}"
2026-02-02T10:06:12.330,"{""sensor"":{""time"":120878,""status"":true,""class:"":2}}"
2026-02-02T10:06:12.420,"{""sensor"":{""time"":120993,""status"":true,""class:"":2}}"
2026-02-02T10:06:12.511,"{""sensor"":{""time"":121109,""status"":true,""class:"":2}}"
2026-02-02T10:06:12.600,"{""sensor"":{""time"":121224,""status"":true,""class:"":2}}"
2026-02-02T10:06:12.734,"{""sensor"":{""time"":121340,""status"":true,""class:"":2}}"
2026-02-02T10:06:12.825,"{""sensor"":{""time"":121455,""status"":true,""class:"":2}}"
2026-02-02T10:06:12.960,"{""sensor"":{""time"":121571,""status"":true,""class:"":2}}"
2026-02-02T10:06:13.095,"{""sensor"":{""time"":121686,""status"":true,""class:"":2}}"
2026-02-02T10:06:13.185,"{""sensor"":{""time"":121801,""status"":true,""class:"":2}}"
2026-02-02T10:06:13.321,"{""sensor"":{""time"":121917,""status"":true,""class:"":2}}"
2026-02-02T10:06:13.410,"{""sensor"":{""time"":122032,""status"":true,""class:"":2}}"
2026-02-02T10:06:13.546,"{""sensor"":{""time"":122147,""status"":true,""class:"":2}}"
2026-02-02T10:06:13.634,"{""sensor"":{""time"":122263,""status"":true,""class:"":2}}"
2026-02-02T10:06:13.771,"{""sensor"":{""time"":122378,""status"":true,""class:"":2}}"
2026-02-02T10:06:13.950,"{""sensor"":{""time"":122493,""status"":true,""class:"":2}}"
2026-02-02T10:06:14.040,"{""sensor"":{""time"":122609,""status"":true,""class:"":2}}"
2026-02-02T10:06:14.131,"{""sensor"":{""time"":122724,""status"":true,""class:"":2}}"
2026-02-02T10:06:14.309,"{""sensor"":{""time"":122840,""status"":true,""class:"":2}}"
2026-02-02T10:06:14.400,"{""sensor"":{""time"":122955,""status"":true,""class:"":2}}"
2026-02-02T10:06:14.490,"{""sensor"":{""time"":123070,""status"":true,""class:"":2}}"
2026-02-02T10:06:14.579,"{""sensor"":{""time"":123186,""status"":true,""class:"":2}}"
2026-02-02T10:06:14.669,"{""sensor"":{""time"":123301,""status"":true,""class:"":2}}"
2026-02-02T10:06:14.806,"{""sensor"":{""time"":123416,""status"":true,""class:"":2}}"
2026-02-02T10:06:14.940,"{""sensor"":{""time"":123532,""status"":true,""class:"":2}}"
2026-02-02T10:06:15.031,"{""sensor"":{""time"":123647,""status"":true,""class:"":2}}"
2026-02-02T10:06:15.166,"{""sensor"":{""time"":123762,""status"":true,""class:"":2}}"
2026-02-02T10:06:15.256,"{""sensor"":{""time"":123878,""status"":true,""class:"":2}}"
2026-02-02T10:06:15.435,"{""sensor"":{""time"":123993,""status"":true,""class:"":2}}"
2026-02-02T10:06:15.525,"{""sensor"":{""time"":124108,""status"":true,""class:"":2}}"
2026-02-02T10:06:15.616,"{""sensor"":{""time"":124224,""status"":true,""class:"":2}}"
2026-02-02T10:06:15.750,"{""sensor"":{""time"":124339,""status"":true,""class:"":2}}"
2026-02-02T10:06:15.840,"{""sensor"":{""time"":124454,""status"":true,""class:"":2}}"
2026-02-02T10:06:15.976,"{""sensor"":{""time"":124570,""status"":true,""class:"":2}}"
2026-02-02T10:06:16.065,"{""sensor"":{""time"":124685,""status"":true,""class:"":2}}"
2026-02-02T10:06:16.199,"{""sensor"":{""time"":124801,""status"":true,""class:"":2}}"
2026-02-02T10:06:16.289,"{""sensor"":{""time"":124916,""status"":true,""class:"":2}}"
2026-02-02T10:06:16.426,"{""sensor"":{""time"":125032,""status"":true,""class:"":2}}"
2026-02-02T10:06:16.514,"{""sensor"":{""time"":125147,""status"":true,""class:"":2}}"
2026-02-02T10:06:16.650,"{""sensor"":{""time"":125262,""status"":true,""class:"":2}}"
2026-02-02T10:06:16.786,"{""sensor"":{""time"":125378,""status"":true,""class:"":2}}"
2026-02-02T10:06:16.876,"{""sensor"":{""time"":125493,""status"":true,""class:"":2}}"
2026-02-02T10:06:17.011,"{""sensor"":{""time"":125608,""status"":true,""class:"":2}}"
2026-02-02T10:06:17.146,"{""sensor"":{""time"":125724,""status"":true,""class:"":2}}"
2026-02-02T10:06:17.281,"{""sensor"":{""time"":125839,""status"":true,""class:"":2}}"
2026-02-02T10:06:17.370,"{""sensor"":{""time"":125954,""status"":true,""class:"":2}}"
2026-02-02T10:06:17.464,"{""sensor"":{""time"":126070,""status"":true,""class:"":2}}"
2026-02-02T10:06:17.597,"{""sensor"":{""time"":126185,""status"":true,""class:"":2}}"
2026-02-02T10:06:17.684,"{""sensor"":{""time"":126300,""status"":true,""class:"":2}}"
2026-02-02T10:06:17.821,"{""sensor"":{""time"":126416,""status"":true,""class:"":2}}"
2026-02-02T10:06:17.909,"{""sensor"":{""time"":126532,""status"":true,""class:"":2}}"
2026-02-02T10:06:18.046,"{""sensor"":{""time"":126647,""status"":true,""class:"":2}}"
2026-02-02T10:06:18.135,"{""sensor"":{""time"":126762,""status"":true,""class:"":2}}"
2026-02-02T10:06:18.270,"{""sensor"":{""time"":126878,""status"":true,""class:"":2}}"
2026-02-02T10:06:18.361,"{""sensor"":{""time"":126993,""status"":true,""class:"":2}}"
2026-02-02T10:06:18.494,"{""sensor"":{""time"":127108,""status"":true,""class:"":2}}"
2026-02-02T10:06:18.630,"{""sensor"":{""time"":127223,""status"":true,""class:"":2}}"
2026-02-02T10:06:18.721,"{""sensor"":{""time"":127339,""status"":true,""class:"":2}}"
2026-02-02T10:06:18.948,"{""sensor"":{""time"":127454,""status"":true,""class:"":2}}"
2026-02-02T10:06:18.991,"{""sensor"":{""time"":127570,""status"":true,""class:"":2}}"
2026-02-02T10:06:19.080,"{""sensor"":{""time"":127685,""status"":true,""class:"":2}}"
2026-02-02T10:06:19.172,"{""sensor"":{""time"":127800,""status"":true,""class:"":2}}"
2026-02-02T10:06:19.304,"{""sensor"":{""time"":127916,""status"":true,""class:"":2}}"
2026-02-02T10:06:19.441,"{""sensor"":{""time"":128031,""status"":true,""class:"":2}}"
2026-02-02T10:06:19.620,"{""sensor"":{""time"":128146,""status"":true,""class:"":2}}"
2026-02-02T10:06:19.710,"{""sensor"":{""time"":128262,""status"":true,""class:"":2}}"
2026-02-02T10:06:19.801,"{""sensor"":{""time"":128377,""status"":true,""class:"":2}}"
2026-02-02T10:06:19.979,"{""sensor"":{""time"":128493,""status"":true,""class:"":2}}"
2026-02-02T10:06:20.026,"{""sensor"":{""time"":128608,""status"":true,""class:"":2}}"
2026-02-02T10:06:20.116,"{""sensor"":{""time"":128723,""status"":true,""class:"":2}}"
2026-02-02T10:06:20.205,"{""sensor"":{""time"":128839,""status"":true,""class:"":2}}"
2026-02-02T10:06:20.339,"{""sensor"":{""time"":128954,""status"":true,""class:"":2}}"
2026-02-02T10:06:20.476,"{""sensor"":{""time"":129069,""status"":true,""class:"":2}}"
2026-02-02T10:06:20.610,"{""sensor"":{""time"":129184,""status"":true,""class:"":2}}"
2026-02-02T10:06:20.701,"{""sensor"":{""time"":129300,""status"":true,""class:"":2}}"
2026-02-02T10:06:20.790,"{""sensor"":{""time"":129415,""status"":true,""class:"":2}}"
2026-02-02T10:06:20.926,"{""sensor"":{""time"":129530,""status"":true,""class:"":2}}"
2026-02-02T10:06:21.015,"{""sensor"":{""time"":129646,""status"":true,""class:"":2}}"
2026-02-02T10:06:21.151,"{""sensor"":{""time"":129761,""status"":true,""class:"":2}}"
2026-02-02T10:06:21.285,"{""sensor"":{""time"":129876,""status"":true,""class:"":2}}"
2026-02-02T10:06:21.466,"{""sensor"":{""time"":129992,""status"":true,""class:"":2}}"
2026-02-02T10:06:21.556,"{""sensor"":{""time"":130107,""status"":true,""class:"":2}}"
2026-02-02T10:06:21.646,"{""sensor"":{""time"":130222,""status"":true,""class:"":2}}"
2026-02-02T10:06:21.736,"{""sensor"":{""time"":130338,""status"":true,""class:"":2}}"
2026-02-02T10:06:21.826,"{""sensor"":{""time"":130453,""status"":true,""class:"":2}}"
2026-02-02T10:06:21.961,"{""sensor"":{""time"":130568,""status"":true,""class:"":2}}"
2026-02-02T10:06:22.051,"{""sensor"":{""time"":130684,""status"":true,""class:"":2}}"
2026-02-02T10:06:22.231,"{""sensor"":{""time"":130799,""status"":true,""class:"":2}}"
2026-02-02T10:06:22.409,"{""sensor"":{""time"":130915,""status"":true,""class:"":2}}"
2026-02-02T10:06:22.589,"{""sensor"":{""time"":131030,""status"":true,""class:"":2}}"
2026-02-02T10:06:22.634,"{""sensor"":{""time"":131145,""status"":true,""class:"":2}}"
2026-02-02T10:06:22.725,"{""sensor"":{""time"":131260,""status"":true,""class:"":2}}"
2026-02-02T10:06:22.815,"{""sensor"":{""time"":131376,""status"":true,""class:"":2}}"
2026-02-02T10:06:22.904,"{""sensor"":{""time"":131491,""status"":true,""class:"":2}}"
2026-02-02T10:06:22.996,"{""sensor"":{""time"":131607,""status"":true,""class:"":2}}"
2026-02-02T10:06:23.132,"{""sensor"":{""time"":131722,""status"":true,""class:"":2}}"
2026-02-02T10:06:23.220,"{""sensor"":{""time"":131837,""status"":true,""class:"":2}}"
2026-02-02T10:06:23.355,"{""sensor"":{""time"":131953,""status"":true,""class:"":2}}"
2026-02-02T10:06:23.447,"{""sensor"":{""time"":132068,""status"":true,""class:"":2}}"
2026-02-02T10:06:23.580,"{""sensor"":{""time"":132183,""status"":true,""class:"":2}}"
2026-02-02T10:06:23.715,"{""sensor"":{""time"":132299,""status"":true,""class:"":2}}"
2026-02-02T10:06:23.804,"{""sensor"":{""time"":132414,""status"":true,""class:"":2}}"
2026-02-02T10:06:23.940,"{""sensor"":{""time"":132530,""status"":true,""class:"":2}}"
2026-02-02T10:06:24.076,"{""sensor"":{""time"":132645,""status"":true,""class:"":2}}"
2026-02-02T10:06:24.166,"{""sensor"":{""time"":132760,""status"":true,""class:"":2}}"
2026-02-02T10:06:24.301,"{""sensor"":{""time"":132876,""status"":true,""class:"":2}}"
2026-02-02T10:06:24.391,"{""sensor"":{""time"":132991,""status"":true,""class:"":2}}"
2026-02-02T10:06:24.479,"{""sensor"":{""time"":133106,""status"":true,""class:"":2}}"
2026-02-02T10:06:24.616,"{""sensor"":{""time"":133222,""status"":true,""class:"":2}}"
2026-02-02T10:06:24.749,"{""sensor"":{""time"":133337,""status"":true,""class:"":2}}"
2026-02-02T10:06:24.841,"{""sensor"":{""time"":133453,""status"":true,""class:"":2}}"
2026-02-02T10:06:25.022,"{""sensor"":{""time"":133568,""status"":true,""class:"":2}}"
2026-02-02T10:06:25.200,"{""sensor"":{""time"":133683,""status"":true,""class:"":2}}"
2026-02-02T10:06:25.246,"{""sensor"":{""time"":133798,""status"":true,""class:"":2}}"
2026-02-02T10:06:25.335,"{""sensor"":{""time"":133914,""status"":true,""class:"":2}}"
2026-02-02T10:06:25.425,"{""sensor"":{""time"":134029,""status"":true,""class:"":2}}"
2026-02-02T10:06:25.516,"{""sensor"":{""time"":134145,""status"":true,""class:"":2}}"
2026-02-02T10:06:25.649,"{""sensor"":{""time"":134260,""status"":true,""class:"":2}}"
2026-02-02T10:06:25.786,"{""sensor"":{""time"":134375,""status"":true,""class:"":2}}"
2026-02-02T10:06:25.874,"{""sensor"":{""time"":134491,""status"":true,""class:"":2}}"
2026-02-02T10:06:26.011,"{""sensor"":{""time"":134606,""status"":true,""class:"":2}}"
2026-02-02T10:06:26.100,"{""sensor"":{""time"":134722,""status"":true,""class:"":2}}"
2026-02-02T10:06:26.280,"{""sensor"":{""time"":134837,""status"":true,""class:"":2}}"
2026-02-02T10:06:26.370,"{""sensor"":{""time"":134952,""status"":true,""class:"":2}}"
2026-02-02T10:06:26.461,"{""sensor"":{""time"":135069,""status"":true,""class:"":2}}"
2026-02-02T10:06:26.549,"{""sensor"":{""time"":135184,""status"":true,""class:"":2}}"
2026-02-02T10:06:26.685,"{""sensor"":{""time"":135299,""status"":true,""class:"":2}}"
2026-02-02T10:06:26.821,"{""sensor"":{""time"":135415,""status"":true,""class:"":2}}"
2026-02-02T10:06:26.955,"{""sensor"":{""time"":135530,""status"":true,""class:"":2}}"
2026-02-02T10:06:27.091,"{""sensor"":{""time"":135645,""status"":true,""class:"":2}}"
2026-02-02T10:06:27.181,"{""sensor"":{""time"":135761,""status"":true,""class:"":2}}"
2026-02-02T10:06:27.272,"{""sensor"":{""time"":135876,""status"":true,""class:"":2}}"
2026-02-02T10:06:27.361,"{""sensor"":{""time"":135992,""status"":true,""class:"":2}}"
2026-02-02T10:06:27.494,"{""sensor"":{""time"":136107,""status"":true,""class:"":2}}"
2026-02-02T10:06:27.629,"{""sensor"":{""time"":136222,""status"":true,""class:"":2}}"
2026-02-02T10:06:27.765,"{""sensor"":{""time"":136338,""status"":true,""class:"":2}}"
2026-02-02T10:06:27.855,"{""sensor"":{""time"":136453,""status"":true,""class:"":2}}"
2026-02-02T10:06:27.947,"{""sensor"":{""time"":136568,""status"":true,""class:"":2}}"
2026-02-02T10:06:28.082,"{""sensor"":{""time"":136684,""status"":true,""class:"":2}}"
2026-02-02T10:06:28.171,"{""sensor"":{""time"":136799,""status"":true,""class:"":2}}"
2026-02-02T10:06:28.305,"{""sensor"":{""time"":136914,""status"":true,""class:"":2}}"
2026-02-02T10:06:28.396,"{""sensor"":{""time"":137030,""status"":true,""class:"":2}}"
2026-02-02T10:06:28.529,"{""sensor"":{""time"":137145,""status"":true,""class:"":2}}"
2026-02-02T10:06:28.755,"{""sensor"":{""time"":137260,""status"":true,""class:"":2}}"
2026-02-02T10:06:28.849,"{""sensor"":{""time"":137375,""status"":true,""class:"":2}}"
2026-02-02T10:06:28.937,"{""sensor"":{""time"":137491,""status"":true,""class:"":2}}"
2026-02-02T10:06:29.027,"{""sensor"":{""time"":137606,""status"":true,""class:"":2}}"
2026-02-02T10:06:29.114,"{""sensor"":{""time"":137722,""status"":true,""class:"":2}}"
2026-02-02T10:06:29.205,"{""sensor"":{""time"":137837,""status"":true,""class:"":2}}"
2026-02-02T10:06:29.339,"{""sensor"":{""time"":137952,""status"":true,""class:"":2}}"
2026-02-02T10:06:29.474,"{""sensor"":{""time"":138067,""status"":true,""class:"":2}}"
2026-02-02T10:06:29.565,"{""sensor"":{""time"":138183,""status"":true,""class:"":2}}"
2026-02-02T10:06:29.702,"{""sensor"":{""time"":138298,""status"":true,""class:"":2}}"
2026-02-02T10:06:29.835,"{""sensor"":{""time"":138414,""status"":true,""class:"":2}}"
2026-02-02T10:06:29.925,"{""sensor"":{""time"":138529,""status"":true,""class:"":2}}"
2026-02-02T10:06:30.016,"{""sensor"":{""time"":138644,""status"":true,""class:"":2}}"
2026-02-02T10:06:30.150,"{""sensor"":{""time"":138760,""status"":true,""class:"":2}}"
2026-02-02T10:06:30.285,"{""sensor"":{""time"":138875,""status"":true,""class:"":2}}"
2026-02-02T10:06:30.375,"{""sensor"":{""time"":138991,""status"":true,""class:"":2}}"
2026-02-02T10:06:30.511,"{""sensor"":{""time"":139106,""status"":true,""class:"":2}}"
2026-02-02T10:06:30.600,"{""sensor"":{""time"":139222,""status"":true,""class:"":2}}"
2026-02-02T10:06:30.735,"{""sensor"":{""time"":139337,""status"":true,""class:"":2}}"
2026-02-02T10:06:30.824,"{""sensor"":{""time"":139452,""status"":true,""class:"":2}}"
2026-02-02T10:06:30.960,"{""sensor"":{""time"":139568,""status"":true,""class:"":2}}"
2026-02-02T10:06:31.049,"{""sensor"":{""time"":139683,""status"":true,""class:"":2}}"
2026-02-02T10:06:31.184,"{""sensor"":{""time"":139798,""status"":true,""class:"":2}}"
2026-02-02T10:06:31.320,"{""sensor"":{""time"":139913,""status"":true,""class:"":2}}"
2026-02-02T10:06:31.455,"{""sensor"":{""time"":140029,""status"":true,""class:"":2}}"
2026-02-02T10:06:31.546,"{""sensor"":{""time"":140144,""status"":true,""class:"":2}}"
2026-02-02T10:06:31.635,"{""sensor"":{""time"":140260,""status"":true,""class:"":2}}"
2026-02-02T10:06:31.769,"{""sensor"":{""time"":140375,""status"":true,""class:"":2}}"
2026-02-02T10:06:31.860,"{""sensor"":{""time"":140490,""status"":true,""class:"":2}}"
2026-02-02T10:06:31.996,"{""sensor"":{""time"":140605,""status"":true,""class:"":2}}"
2026-02-02T10:06:32.131,"{""sensor"":{""time"":140721,""status"":true,""class:"":2}}"
2026-02-02T10:06:32.220,"{""sensor"":{""time"":140836,""status"":true,""class:"":2}}"
2026-02-02T10:06:32.356,"{""sensor"":{""time"":140952,""status"":true,""class:"":2}}"
2026-02-02T10:06:32.446,"{""sensor"":{""time"":141067,""status"":true,""class:"":2}}"
2026-02-02T10:06:32.580,"{""sensor"":{""time"":141182,""status"":true,""class:"":2}}"
2026-02-02T10:06:32.670,"{""sensor"":{""time"":141298,""status"":true,""class:"":2}}"
2026-02-02T10:06:32.806,"{""sensor"":{""time"":141413,""status"":true,""class:"":2}}"
2026-02-02T10:06:32.896,"{""sensor"":{""time"":141528,""status"":true,""class:"":2}}"
2026-02-02T10:06:33.029,"{""sensor"":{""time"":141644,""status"":true,""class:"":2}}"
2026-02-02T10:06:33.211,"{""sensor"":{""time"":141759,""status"":true,""class:"":2}}"
2026-02-02T10:06:33.300,"{""sensor"":{""time"":141874,""status"":true,""class:"":2}}"
2026-02-02T10:06:33.389,"{""sensor"":{""time"":141990,""status"":true,""class:"":2}}"
2026-02-02T10:06:33.481,"{""sensor"":{""time"":142105,""status"":true,""class:"":2}}"
2026-02-02T10:06:33.615,"{""sensor"":{""time"":142220,""status"":true,""class:"":2}}"
2026-02-02T10:06:33.705,"{""sensor"":{""time"":142336,""status"":true,""class:"":2}}"
2026-02-02T10:06:33.840,"{""sensor"":{""time"":142451,""status"":true,""class:"":2}}"
2026-02-02T10:06:33.976,"{""sensor"":{""time"":142566,""status"":true,""class:"":2}}"
2026-02-02T10:06:34.066,"{""sensor"":{""time"":142682,""status"":true,""class:"":2}}"
2026-02-02T10:06:34.200,"{""sensor"":{""time"":142797,""status"":true,""class:"":2}}"
2026-02-02T10:06:34.291,"{""sensor"":{""time"":142912,""status"":true,""class:"":2}}"
2026-02-02T10:06:34.426,"{""sensor"":{""time"":143028,""status"":true,""class:"":2}}"
2026-02-02T10:06:34.515,"{""sensor"":{""time"":143143,""status"":true,""class:"":2}}"
2026-02-02T10:06:34.696,"{""sensor"":{""time"":143258,""status"":true,""class:"":2}}"
2026-02-02T10:06:34.785,"{""sensor"":{""time"":143374,""status"":true,""class:"":2}}"
2026-02-02T10:06:34.874,"{""sensor"":{""time"":143489,""status"":true,""class:"":2}}"
2026-02-02T10:06:35.013,"{""sensor"":{""time"":143605,""status"":true,""class:"":2}}"
2026-02-02T10:06:35.100,"{""sensor"":{""time"":143720,""status"":true,""class:"":2}}"
2026-02-02T10:06:35.235,"{""sensor"":{""time"":143835,""status"":true,""class:"":2}}"
2026-02-02T10:06:35.327,"{""sensor"":{""time"":143950,""status"":true,""class:"":2}}"
2026-02-02T10:06:35.459,"{""sensor"":{""time"":144066,""status"":true,""class:"":2}}"
2026-02-02T10:06:35.594,"{""sensor"":{""time"":144181,""status"":true,""class:"":2}}"
2026-02-02T10:06:35.684,"{""sensor"":{""time"":144297,""status"":true,""class:"":2}}"
2026-02-02T10:06:35.819,"{""sensor"":{""time"":144412,""status"":true,""class:"":2}}"
2026-02-02T10:06:35.954,"{""sensor"":{""time"":144528,""status"":true,""class:"":2}}"
2026-02-02T10:06:36.044,"{""sensor"":{""time"":144643,""status"":true,""class:"":2}}"
2026-02-02T10:06:36.134,"{""sensor"":{""time"":144758,""status"":true,""class:"":2}}"
2026-02-02T10:06:36.270,"{""sensor"":{""time"":144874,""status"":true,""class:"":2}}"
2026-02-02T10:06:36.449,"{""sensor"":{""time"":144989,""status"":true,""class:"":2}}"
2026-02-02T10:06:36.539,"{""sensor"":{""time"":145104,""status"":true,""class:"":2}}"
2026-02-02T10:06:36.674,"{""sensor"":{""time"":145220,""status"":true,""class:"":2}}"
2026-02-02T10:06:36.765,"{""sensor"":{""time"":145335,""status"":true,""class:"":2}}"
2026-02-02T10:06:36.855,"{""sensor"":{""time"":145451,""status"":true,""class:"":2}}"
2026-02-02T10:06:37.035,"{""sensor"":{""time"":145566,""status"":true,""class:"":2}}"
2026-02-02T10:06:37.125,"{""sensor"":{""time"":145682,""status"":true,""class:"":2}}"
2026-02-02T10:06:37.215,"{""sensor"":{""time"":145797,""status"":true,""class:"":2}}"
2026-02-02T10:06:37.350,"{""sensor"":{""time"":145912,""status"":true,""class:"":2}}"
2026-02-02T10:06:37.439,"{""sensor"":{""time"":146028,""status"":true,""class:"":2}}"
2026-02-02T10:06:37.529,"{""sensor"":{""time"":146143,""status"":true,""class:"":2}}"
2026-02-02T10:06:37.664,"{""sensor"":{""time"":146258,""status"":true,""class:"":2}}"
2026-02-02T10:06:37.755,"{""sensor"":{""time"":146374,""status"":true,""class:"":2}}"
2026-02-02T10:06:37.890,"{""sensor"":{""time"":146489,""status"":true,""class:"":2}}"
2026-02-02T10:06:37.980,"{""sensor"":{""time"":146605,""status"":true,""class:"":2}}"
2026-02-02T10:06:38.161,"{""sensor"":{""time"":146720,""status"":true,""class:"":2}}"
2026-02-02T10:06:38.251,"{""sensor"":{""time"":146835,""status"":true,""class:"":2}}"
2026-02-02T10:06:38.339,"{""sensor"":{""time"":146951,""status"":true,""class:"":2}}"
2026-02-02T10:06:38.475,"{""sensor"":{""time"":147066,""status"":true,""class:"":2}}"
2026-02-02T10:06:38.611,"{""sensor"":{""time"":147182,""status"":true,""class:"":2}}"
2026-02-02T10:06:38.700,"{""sensor"":{""time"":147297,""status"":true,""class:"":2}}"
2026-02-02T10:06:38.790,"{""sensor"":{""time"":147412,""status"":true,""class:"":2}}"
2026-02-02T10:06:38.970,"{""sensor"":{""time"":147528,""status"":true,""class:"":2}}"
2026-02-02T10:06:39.060,"{""sensor"":{""time"":147643,""status"":true,""class:"":2}}"
2026-02-02T10:06:39.150,"{""sensor"":{""time"":147758,""status"":true,""class:"":2}}"
2026-02-02T10:06:39.240,"{""sensor"":{""time"":147874,""status"":true,""class:"":2}}"
2026-02-02T10:06:39.374,"{""sensor"":{""time"":147989,""status"":true,""class:"":2}}"
2026-02-02T10:06:39.510,"{""sensor"":{""time"":148104,""status"":true,""class:"":2}}"
2026-02-02T10:06:39.600,"{""sensor"":{""time"":148220,""status"":true,""class:"":2}}"
2026-02-02T10:06:39.781,"{""sensor"":{""time"":148335,""status"":true,""class:"":2}}"
2026-02-02T10:06:39.870,"{""sensor"":{""time"":148451,""status"":true,""class:"":2}}"
2026-02-02T10:06:39.959,"{""sensor"":{""time"":148566,""status"":true,""class:"":2}}"
2026-02-02T10:06:40.050,"{""sensor"":{""time"":148681,""status"":true,""class:"":2}}"
2026-02-02T10:06:40.186,"{""sensor"":{""time"":148797,""status"":true,""class:"":2}}"
2026-02-02T10:06:40.321,"{""sensor"":{""time"":148912,""status"":true,""class:"":2}}"
2026-02-02T10:06:40.409,"{""sensor"":{""time"":149027,""status"":true,""class:"":2}}"
2026-02-02T10:06:40.546,"{""sensor"":{""time"":149143,""status"":true,""class:"":2}}"
2026-02-02T10:06:40.634,"{""sensor"":{""time"":149258,""status"":true,""class:"":2}}"
2026-02-02T10:06:40.816,"{""sensor"":{""time"":149373,""status"":true,""class:"":2}}"
2026-02-02T10:06:40.905,"{""sensor"":{""time"":149489,""status"":true,""class:"":2}}"
2026-02-02T10:06:40.995,"{""sensor"":{""time"":149604,""status"":true,""class:"":2}}"
2026-02-02T10:06:41.130,"{""sensor"":{""time"":149720,""status"":true,""class:"":2}}"
2026-02-02T10:06:41.219,"{""sensor"":{""time"":149835,""status"":true,""class:"":2}}"
2026-02-02T10:06:41.354,"{""sensor"":{""time"":149950,""status"":true,""class:"":2}}"
2026-02-02T10:06:41.489,"{""sensor"":{""time"":150066,""status"":true,""class:"":2}}"
2026-02-02T10:06:41.580,"{""sensor"":{""time"":150181,""status"":true,""class:"":2}}"
2026-02-02T10:06:41.670,"{""sensor"":{""time"":150296,""status"":true,""class:"":2}}"
2026-02-02T10:06:41.849,"{""sensor"":{""time"":150412,""status"":true,""class:"":2}}"
2026-02-02T10:06:41.939,"{""sensor"":{""time"":150527,""status"":true,""class:"":2}}"
2026-02-02T10:06:42.075,"{""sensor"":{""time"":150642,""status"":true,""class:"":2}}"
2026-02-02T10:06:42.164,"{""sensor"":{""time"":150758,""status"":true,""class:"":2}}"
2026-02-02T10:06:42.255,"{""sensor"":{""time"":150873,""status"":true,""class:"":2}}"
2026-02-02T10:06:42.389,"{""sensor"":{""time"":150988,""status"":true,""class:"":2}}"
2026-02-02T10:06:42.481,"{""sensor"":{""time"":151104,""status"":true,""class:"":2}}"
2026-02-02T10:06:42.659,"{""sensor"":{""time"":151219,""status"":true,""class:"":2}}"
2026-02-02T10:06:42.749,"{""sensor"":{""time"":151335,""status"":true,""class:"":2}}"
2026-02-02T10:06:42.840,"{""sensor"":{""time"":151450,""status"":true,""class:"":2}}"
2026-02-02T10:06:42.975,"{""sensor"":{""time"":151566,""status"":true,""class:"":2}}"
2026-02-02T10:06:43.065,"{""sensor"":{""time"":151681,""status"":true,""class:"":2}}"
2026-02-02T10:06:43.199,"{""sensor"":{""time"":151796,""status"":true,""class:"":2}}"
2026-02-02T10:06:43.290,"{""sensor"":{""time"":151912,""status"":true,""class:"":2}}"
2026-02-02T10:06:43.425,"{""sensor"":{""time"":152027,""status"":true,""class:"":2}}"
2026-02-02T10:06:43.515,"{""sensor"":{""time"":152142,""status"":true,""class:"":2}}"
2026-02-02T10:06:43.651,"{""sensor"":{""time"":152258,""status"":true,""class:"":2}}"
2026-02-02T10:06:43.740,"{""sensor"":{""time"":152373,""status"":true,""class:"":2}}"
2026-02-02T10:06:43.966,"{""sensor"":{""time"":152489,""status"":true,""class:"":2}}"
2026-02-02T10:06:44.055,"{""sensor"":{""time"":152604,""status"":true,""class:"":2}}"
2026-02-02T10:06:44.145,"{""sensor"":{""time"":152719,""status"":true,""class:"":2}}"
2026-02-02T10:06:44.236,"{""sensor"":{""time"":152835,""status"":true,""class:"":2}}"
2026-02-02T10:06:44.326,"{""sensor"":{""time"":152950,""status"":true,""class:"":2}}"
2026-02-02T10:06:44.506,"{""sensor"":{""time"":153065,""status"":true,""class:"":2}}"
2026-02-02T10:06:44.595,"{""sensor"":{""time"":153181,""status"":true,""class:"":2}}"
2026-02-02T10:06:44.685,"{""sensor"":{""time"":153296,""status"":true,""class:"":2}}"
2026-02-02T10:06:44.821,"{""sensor"":{""time"":153411,""status"":true,""class:"":2}}"
2026-02-02T10:06:44.910,"{""sensor"":{""time"":153527,""status"":true,""class:"":2}}"
2026-02-02T10:06:45.045,"{""sensor"":{""time"":153642,""status"":true,""class:"":2}}"
2026-02-02T10:06:45.135,"{""sensor"":{""time"":153758,""status"":true,""class:"":2}}"
2026-02-02T10:06:45.269,"{""sensor"":{""time"":153873,""status"":true,""class:"":2}}"
2026-02-02T10:06:45.361,"{""sensor"":{""time"":153988,""status"":true,""class:"":2}}"
2026-02-02T10:06:45.495,"{""sensor"":{""time"":154104,""status"":true,""class:"":2}}"
2026-02-02T10:06:45.584,"{""sensor"":{""time"":154219,""status"":true,""class:"":2}}"
2026-02-02T10:06:45.720,"{""sensor"":{""time"":154334,""status"":true,""class:"":2}}"
2026-02-02T10:06:45.856,"{""sensor"":{""time"":154450,""status"":true,""class:"":2}}"
2026-02-02T10:06:45.947,"{""sensor"":{""time"":154565,""status"":true,""class:"":2}}"
2026-02-02T10:06:46.080,"{""sensor"":{""time"":154681,""status"":true,""class:"":2}}"
2026-02-02T10:06:46.170,"{""sensor"":{""time"":154796,""status"":true,""class:"":2}}"
2026-02-02T10:06:46.305,"{""sensor"":{""time"":154911,""status"":true,""class:"":2}}"
2026-02-02T10:06:46.484,"{""sensor"":{""time"":155027,""status"":true,""class:"":2}}"
2026-02-02T10:06:46.576,"{""sensor"":{""time"":155142,""status"":true,""class:"":2}}"
2026-02-02T10:06:46.666,"{""sensor"":{""time"":155258,""status"":true,""class:"":2}}"
2026-02-02T10:06:46.800,"{""sensor"":{""time"":155373,""status"":true,""class:"":2}}"
2026-02-02T10:06:46.889,"{""sensor"":{""time"":155489,""status"":true,""class:"":2}}"
2026-02-02T10:06:46.979,"{""sensor"":{""time"":155604,""status"":true,""class:"":2}}"
2026-02-02T10:06:47.115,"{""sensor"":{""time"":155720,""status"":true,""class:"":2}}"
2026-02-02T10:06:47.205,"{""sensor"":{""time"":155835,""status"":true,""class:"":2}}"
2026-02-02T10:06:47.340,"{""sensor"":{""time"":155950,""status"":true,""class:"":2}}"
2026-02-02T10:06:47.430,"{""sensor"":{""time"":156066,""status"":true,""class:"":2}}"
2026-02-02T10:06:47.566,"{""sensor"":{""time"":156181,""status"":true,""class:"":2}}"
2026-02-02T10:06:47.699,"{""sensor"":{""time"":156296,""status"":true,""class:"":2}}"
2026-02-02T10:06:47.789,"{""sensor"":{""time"":156412,""status"":true,""class:"":2}}"
2026-02-02T10:06:47.969,"{""sensor"":{""time"":156527,""status"":true,""class:"":2}}"
2026-02-02T10:06:48.060,"{""sensor"":{""time"":156643,""status"":true,""class:"":2}}"
2026-02-02T10:06:48.195,"{""sensor"":{""time"":156758,""status"":true,""class:"":2}}"
2026-02-02T10:06:48.285,"{""sensor"":{""time"":156873,""status"":true,""class:"":2}}"
2026-02-02T10:06:48.375,"{""sensor"":{""time"":156989,""status"":true,""class:"":2}}"
2026-02-02T10:06:48.511,"{""sensor"":{""time"":157104,""status"":true,""class:"":2}}"
2026-02-02T10:06:48.599,"{""sensor"":{""time"":157219,""status"":true,""class:"":2}}"
2026-02-02T10:06:48.734,"{""sensor"":{""time"":157335,""status"":true,""class:"":2}}"
2026-02-02T10:06:48.825,"{""sensor"":{""time"":157450,""status"":true,""class:"":2}}"
2026-02-02T10:06:49.005,"{""sensor"":{""time"":157565,""status"":true,""class:"":2}}"
2026-02-02T10:06:49.095,"{""sensor"":{""time"":157681,""status"":true,""class:"":2}}"
2026-02-02T10:06:49.185,"{""sensor"":{""time"":157796,""status"":true,""class:"":2}}"
2026-02-02T10:06:49.319,"{""sensor"":{""time"":157912,""status"":true,""class:"":2}}"
2026-02-02T10:06:49.409,"{""sensor"":{""time"":158027,""status"":true,""class:"":2}}"
2026-02-02T10:06:49.544,"{""sensor"":{""time"":158143,""status"":true,""class:"":2}}"
2026-02-02T10:06:49.637,"{""sensor"":{""time"":158258,""status"":true,""class:"":2}}"
2026-02-02T10:06:49.814,"{""sensor"":{""time"":158373,""status"":true,""class:"":2}}"
2026-02-02T10:06:49.905,"{""sensor"":{""time"":158489,""status"":true,""class:"":2}}"
2026-02-02T10:06:49.995,"{""sensor"":{""time"":158604,""status"":true,""class:"":2}}"
2026-02-02T10:06:50.084,"{""sensor"":{""time"":158719,""status"":true,""class:"":2}}"
2026-02-02T10:06:50.219,"{""sensor"":{""time"":158834,""status"":true,""class:"":2}}"
2026-02-02T10:06:50.354,"{""sensor"":{""time"":158949,""status"":true,""class:"":2}}"
2026-02-02T10:06:50.445,"{""sensor"":{""time"":159065,""status"":true,""class:"":2}}"
2026-02-02T10:06:50.579,"{""sensor"":{""time"":159180,""status"":true,""class:"":2}}"
2026-02-02T10:06:50.669,"{""sensor"":{""time"":159295,""status"":true,""class:"":2}}"
2026-02-02T10:06:50.805,"{""sensor"":{""time"":159411,""status"":true,""class:"":2}}"
2026-02-02T10:06:50.894,"{""sensor"":{""time"":159526,""status"":true,""class:"":2}}"
2026-02-02T10:06:51.029,"{""sensor"":{""time"":159641,""status"":true,""class:"":2}}"
2026-02-02T10:06:51.166,"{""sensor"":{""time"":159757,""status"":true,""class:"":2}}"
2026-02-02T10:06:51.254,"{""sensor"":{""time"":159872,""status"":true,""class:"":2}}"
2026-02-02T10:06:51.480,"{""sensor"":{""time"":159987,""status"":true,""class:"":2}}"
2026-02-02T10:06:51.525,"{""sensor"":{""time"":160103,""status"":true,""class:"":2}}"
2026-02-02T10:06:51.615,"{""sensor"":{""time"":160218,""status"":true,""class:"":2}}"
2026-02-02T10:06:51.705,"{""sensor"":{""time"":160333,""status"":true,""class:"":2}}"
2026-02-02T10:06:51.839,"{""sensor"":{""time"":160449,""status"":true,""class:"":2}}"
2026-02-02T10:06:51.931,"{""sensor"":{""time"":160564,""status"":true,""class:"":2}}"
2026-02-02T10:06:52.065,"{""sensor"":{""time"":160680,""status"":true,""class:"":2}}"
2026-02-02T10:06:52.199,"{""sensor"":{""time"":160795,""status"":true,""class:"":2}}"
2026-02-02T10:06:52.289,"{""sensor"":{""time"":160910,""status"":true,""class:"":2}}"
2026-02-02T10:06:52.425,"{""sensor"":{""time"":161026,""status"":true,""class:"":2}}"
2026-02-02T10:06:52.515,"{""sensor"":{""time"":161141,""status"":true,""class:"":2}}"
2026-02-02T10:06:52.651,"{""sensor"":{""time"":161257,""status"":true,""class:"":2}}"
2026-02-02T10:06:52.785,"{""sensor"":{""time"":161372,""status"":true,""class:"":2}}"
2026-02-02T10:06:52.876,"{""sensor"":{""time"":161487,""status"":true,""class:"":2}}"
2026-02-02T10:06:53.099,"{""sensor"":{""time"":161603,""status"":true,""class:"":2}}"
2026-02-02T10:06:53.235,"{""sensor"":{""time"":161718,""status"":true,""class:"":2}}"
2026-02-02T10:06:53.326,"{""sensor"":{""time"":161834,""status"":true,""class:"":2}}"
2026-02-02T10:06:53.369,"{""sensor"":{""time"":161949,""status"":true,""class:"":2}}"
2026-02-02T10:06:53.459,"{""sensor"":{""time"":162065,""status"":true,""class:"":2}}"
2026-02-02T10:06:53.595,"{""sensor"":{""time"":162180,""status"":true,""class:"":2}}"
2026-02-02T10:06:53.688,"{""sensor"":{""time"":162295,""status"":true,""class:"":2}}"
2026-02-02T10:06:53.864,"{""sensor"":{""time"":162411,""status"":true,""class:"":2}}"
2026-02-02T10:06:54.000,"{""sensor"":{""time"":162526,""status"":true,""class:"":2}}"
2026-02-02T10:06:54.089,"{""sensor"":{""time"":162641,""status"":true,""class:"":2}}"
2026-02-02T10:06:54.180,"{""sensor"":{""time"":162757,""status"":true,""class:"":2}}"
2026-02-02T10:06:54.270,"{""sensor"":{""time"":162872,""status"":true,""class:"":2}}"
2026-02-02T10:06:54.359,"{""sensor"":{""time"":162988,""status"":true,""class:"":2}}"
2026-02-02T10:06:54.494,"{""sensor"":{""time"":163103,""status"":true,""class:"":2}}"
2026-02-02T10:06:54.585,"{""sensor"":{""time"":163218,""status"":true,""class:"":2}}"
2026-02-02T10:06:54.764,"{""sensor"":{""time"":163334,""status"":true,""class:"":2}}"
2026-02-02T10:06:54.900,"{""sensor"":{""time"":163449,""status"":true,""class:"":2}}"
2026-02-02T10:06:54.989,"{""sensor"":{""time"":163565,""status"":true,""class:"":2}}"
2026-02-02T10:06:55.080,"{""sensor"":{""time"":163680,""status"":true,""class:"":2}}"
2026-02-02T10:06:55.170,"{""sensor"":{""time"":163796,""status"":true,""class:"":2}}"
2026-02-02T10:06:55.305,"{""sensor"":{""time"":163911,""status"":true,""class:"":2}}"
2026-02-02T10:06:55.394,"{""sensor"":{""time"":164027,""status"":true,""class:"":2}}"
2026-02-02T10:06:55.533,"{""sensor"":{""time"":164142,""status"":true,""class:"":2}}"
2026-02-02T10:06:55.664,"{""sensor"":{""time"":164257,""status"":true,""class:"":2}}"
2026-02-02T10:06:55.754,"{""sensor"":{""time"":164373,""status"":true,""class:"":2}}"
2026-02-02T10:06:55.889,"{""sensor"":{""time"":164488,""status"":true,""class:"":2}}"
2026-02-02T10:06:55.980,"{""sensor"":{""time"":164603,""status"":true,""class:"":2}}"
2026-02-02T10:06:56.115,"{""sensor"":{""time"":164719,""status"":true,""class:"":2}}"
2026-02-02T10:06:56.205,"{""sensor"":{""time"":164834,""status"":true,""class:"":2}}"
2026-02-02T10:06:56.341,"{""sensor"":{""time"":164949,""status"":true,""class:"":2}}"
2026-02-02T10:06:56.475,"{""sensor"":{""time"":165065,""status"":true,""class:"":2}}"
2026-02-02T10:06:56.565,"{""sensor"":{""time"":165180,""status"":true,""class:"":2}}"
2026-02-02T10:06:56.700,"{""sensor"":{""time"":165296,""status"":true,""class:"":2}}"
2026-02-02T10:06:56.791,"{""sensor"":{""time"":165411,""status"":true,""class:"":2}}"
2026-02-02T10:06:56.924,"{""sensor"":{""time"":165526,""status"":true,""class:"":2}}"
2026-02-02T10:06:57.014,"{""sensor"":{""time"":165642,""status"":true,""class:"":2}}"
2026-02-02T10:06:57.150,"{""sensor"":{""time"":165757,""status"":true,""class:"":2}}"
2026-02-02T10:06:57.240,"{""sensor"":{""time"":165872,""status"":true,""class:"":2}}"
2026-02-02T10:06:57.374,"{""sensor"":{""time"":165988,""status"":true,""class:"":2}}"
2026-02-02T10:06:57.510,"{""sensor"":{""time"":166103,""status"":true,""class:"":2}}"
2026-02-02T10:06:57.599,"{""sensor"":{""time"":166218,""status"":true,""class:"":2}}"
2026-02-02T10:06:57.736,"{""sensor"":{""time"":166334,""status"":true,""class:"":2}}"
2026-02-02T10:06:57.825,"{""sensor"":{""time"":166449,""status"":true,""class:"":2}}"
2026-02-02T10:06:57.960,"{""sensor"":{""time"":166565,""status"":true,""class:"":2}}"
2026-02-02T10:06:58.050,"{""sensor"":{""time"":166680,""status"":true,""class:"":2}}"
2026-02-02T10:06:58.229,"{""sensor"":{""time"":166795,""status"":true,""class:"":2}}"
2026-02-02T10:06:58.365,"{""sensor"":{""time"":166911,""status"":true,""class:"":2}}"
2026-02-02T10:06:58.455,"{""sensor"":{""time"":167026,""status"":true,""class:"":2}}"
2026-02-02T10:06:58.545,"{""sensor"":{""time"":167141,""status"":true,""class:"":2}}"
2026-02-02T10:06:58.679,"{""sensor"":{""time"":167257,""status"":true,""class:"":2}}"
2026-02-02T10:06:58.769,"{""sensor"":{""time"":167372,""status"":true,""class:"":2}}"
2026-02-02T10:06:58.860,"{""sensor"":{""time"":167488,""status"":true,""class:"":2}}"
2026-02-02T10:06:58.998,"{""sensor"":{""time"":167603,""status"":true,""class:"":2}}"
2026-02-02T10:06:59.130,"{""sensor"":{""time"":167719,""status"":true,""class:"":2}}"
2026-02-02T10:06:59.219,"{""sensor"":{""time"":167834,""status"":true,""class:"":2}}"
2026-02-02T10:06:59.354,"{""sensor"":{""time"":167949,""status"":true,""class:"":2}}"
2026-02-02T10:06:59.444,"{""sensor"":{""time"":168065,""status"":true,""class:"":2}}"
2026-02-02T10:06:59.580,"{""sensor"":{""time"":168180,""status"":true,""class:"":2}}"
2026-02-02T10:06:59.670,"{""sensor"":{""time"":168296,""status"":true,""class:"":2}}"
2026-02-02T10:06:59.804,"{""sensor"":{""time"":168411,""status"":true,""class:"":2}}"
2026-02-02T10:06:59.894,"{""sensor"":{""time"":168526,""status"":true,""class:"":2}}"
2026-02-02T10:07:00.029,"{""sensor"":{""time"":168642,""status"":true,""class:"":2}}"
2026-02-02T10:07:00.164,"{""sensor"":{""time"":168757,""status"":true,""class:"":2}}"
2026-02-02T10:07:00.255,"{""sensor"":{""time"":168872,""status"":true,""class:"":2}}"
2026-02-02T10:07:00.390,"{""sensor"":{""time"":168988,""status"":true,""class:"":2}}"
2026-02-02T10:07:00.479,"{""sensor"":{""time"":169103,""status"":true,""class:"":2}}"
2026-02-02T10:07:00.614,"{""sensor"":{""time"":169219,""status"":true,""class:"":2}}"
2026-02-02T10:07:00.704,"{""sensor"":{""time"":169334,""status"":true,""class:"":2}}"
2026-02-02T10:07:00.885,"{""sensor"":{""time"":169449,""status"":true,""class:"":2}}"
2026-02-02T10:07:00.975,"{""sensor"":{""time"":169565,""status"":true,""class:"":2}}"
2026-02-02T10:07:01.065,"{""sensor"":{""time"":169680,""status"":true,""class:"":2}}"
2026-02-02T10:07:01.200,"{""sensor"":{""time"":169796,""status"":true,""class:"":2}}"
2026-02-02T10:07:01.290,"{""sensor"":{""time"":169911,""status"":true,""class:"":2}}"
2026-02-02T10:07:01.514,"{""sensor"":{""time"":170026,""status"":true,""class:"":2}}"
2026-02-02T10:07:01.561,"{""sensor"":{""time"":170142,""status"":true,""class:"":2}}"
2026-02-02T10:07:01.649,"{""sensor"":{""time"":170257,""status"":true,""class:"":2}}"
2026-02-02T10:07:01.740,"{""sensor"":{""time"":170372,""status"":true,""class:"":2}}"
2026-02-02T10:07:01.875,"{""sensor"":{""time"":170488,""status"":true,""class:"":2}}"
2026-02-02T10:07:02.010,"{""sensor"":{""time"":170603,""status"":true,""class:"":2}}"
2026-02-02T10:07:02.100,"{""sensor"":{""time"":170718,""status"":true,""class:"":2}}"
2026-02-02T10:07:02.235,"{""sensor"":{""time"":170834,""status"":true,""class:"":2}}"
2026-02-02T10:07:02.324,"{""sensor"":{""time"":170949,""status"":true,""class:"":2}}"
2026-02-02T10:07:02.504,"{""sensor"":{""time"":171065,""status"":true,""class:"":2}}"
2026-02-02T10:07:02.595,"{""sensor"":{""time"":171180,""status"":true,""class:"":2}}"
2026-02-02T10:07:02.685,"{""sensor"":{""time"":171296,""status"":true,""class:"":2}}"
2026-02-02T10:07:02.864,"{""sensor"":{""time"":171411,""status"":true,""class:"":2}}"
2026-02-02T10:07:02.954,"{""sensor"":{""time"":171526,""status"":true,""class:"":2}}"
2026-02-02T10:07:03.045,"{""sensor"":{""time"":171642,""status"":true,""class:"":2}}"
2026-02-02T10:07:03.135,"{""sensor"":{""time"":171757,""status"":true,""class:"":2}}"
2026-02-02T10:07:03.270,"{""sensor"":{""time"":171873,""status"":true,""class:"":2}}"
2026-02-02T10:07:03.360,"{""sensor"":{""time"":171988,""status"":true,""class:"":2}}"
2026-02-02T10:07:03.494,"{""sensor"":{""time"":172103,""status"":true,""class:"":2}}"
2026-02-02T10:07:03.584,"{""sensor"":{""time"":172219,""status"":true,""class:"":2}}"
2026-02-02T10:07:03.720,"{""sensor"":{""time"":172334,""status"":true,""class:"":2}}"
2026-02-02T10:07:03.856,"{""sensor"":{""time"":172449,""status"":true,""class:"":2}}"
2026-02-02T10:07:03.990,"{""sensor"":{""time"":172565,""status"":true,""class:"":2}}"
2026-02-02T10:07:04.079,"{""sensor"":{""time"":172680,""status"":true,""class:"":2}}"
2026-02-02T10:07:04.169,"{""sensor"":{""time"":172795,""status"":true,""class:"":2}}"
2026-02-02T10:07:04.305,"{""sensor"":{""time"":172911,""status"":true,""class:"":2}}"
2026-02-02T10:07:04.439,"{""sensor"":{""time"":173026,""status"":true,""class:"":2}}"
2026-02-02T10:07:04.530,"{""sensor"":{""time"":173141,""status"":true,""class:"":2}}"
2026-02-02T10:07:04.619,"{""sensor"":{""time"":173257,""status"":true,""class:"":2}}"
2026-02-02T10:07:04.754,"{""sensor"":{""time"":173372,""status"":true,""class:"":2}}"
2026-02-02T10:07:04.889,"{""sensor"":{""time"":173487,""status"":true,""class:"":2}}"
2026-02-02T10:07:04.979,"{""sensor"":{""time"":173603,""status"":true,""class:"":2}}"
2026-02-02T10:07:05.114,"{""sensor"":{""time"":173718,""status"":true,""class:"":2}}"
2026-02-02T10:07:05.205,"{""sensor"":{""time"":173834,""status"":true,""class:"":2}}"
2026-02-02T10:07:05.385,"{""sensor"":{""time"":173949,""status"":true,""class:"":2}}"
2026-02-02T10:07:05.475,"{""sensor"":{""time"":174065,""status"":true,""class:"":2}}"
2026-02-02T10:07:05.564,"{""sensor"":{""time"":174180,""status"":true,""class:"":2}}"
2026-02-02T10:07:05.700,"{""sensor"":{""time"":174295,""status"":true,""class:"":2}}"
2026-02-02T10:07:05.790,"{""sensor"":{""time"":174411,""status"":true,""class:"":2}}"
2026-02-02T10:07:05.924,"{""sensor"":{""time"":174526,""status"":true,""class:"":2}}"
2026-02-02T10:07:06.060,"{""sensor"":{""time"":174641,""status"":true,""class:"":2}}"
2026-02-02T10:07:06.150,"{""sensor"":{""time"":174756,""status"":true,""class:"":2}}"
2026-02-02T10:07:06.241,"{""sensor"":{""time"":174872,""status"":true,""class:"":2}}"
2026-02-02T10:07:06.374,"{""sensor"":{""time"":174987,""status"":true,""class:"":2}}"
2026-02-02T10:07:06.510,"{""sensor"":{""time"":175103,""status"":true,""class:"":2}}"
2026-02-02T10:07:06.600,"{""sensor"":{""time"":175218,""status"":true,""class:"":2}}"
2026-02-02T10:07:06.779,"{""sensor"":{""time"":175334,""status"":true,""class:"":2}}"
2026-02-02T10:07:06.869,"{""sensor"":{""time"":175449,""status"":true,""class:"":2}}"
2026-02-02T10:07:06.960,"{""sensor"":{""time"":175564,""status"":true,""class:"":2}}"
2026-02-02T10:07:07.049,"{""sensor"":{""time"":175680,""status"":true,""class:"":2}}"
2026-02-02T10:07:07.229,"{""sensor"":{""time"":175795,""status"":true,""class:"":2}}"
2026-02-02T10:07:07.320,"{""sensor"":{""time"":175910,""status"":true,""class:"":2}}"
2026-02-02T10:07:07.410,"{""sensor"":{""time"":176026,""status"":true,""class:"":2}}"
2026-02-02T10:07:07.545,"{""sensor"":{""time"":176141,""status"":true,""class:"":2}}"
2026-02-02T10:07:07.634,"{""sensor"":{""time"":176256,""status"":true,""class:"":2}}"
2026-02-02T10:07:07.770,"{""sensor"":{""time"":176372,""status"":true,""class:"":2}}"
2026-02-02T10:07:07.861,"{""sensor"":{""time"":176487,""status"":true,""class:"":2}}"
2026-02-02T10:07:07.994,"{""sensor"":{""time"":176603,""status"":true,""class:"":2}}"
2026-02-02T10:07:08.085,"{""sensor"":{""time"":176718,""status"":true,""class:"":2}}"
2026-02-02T10:07:08.219,"{""sensor"":{""time"":176833,""status"":true,""class:"":2}}"
2026-02-02T10:07:08.354,"{""sensor"":{""time"":176949,""status"":true,""class:"":2}}"
2026-02-02T10:07:08.445,"{""sensor"":{""time"":177064,""status"":true,""class:"":2}}"
2026-02-02T10:07:08.579,"{""sensor"":{""time"":177180,""status"":true,""class:"":2}}"
2026-02-02T10:07:08.670,"{""sensor"":{""time"":177295,""status"":true,""class:"":2}}"
2026-02-02T10:07:08.804,"{""sensor"":{""time"":177410,""status"":true,""class:"":2}}"
2026-02-02T10:07:08.897,"{""sensor"":{""time"":177526,""status"":true,""class:"":2}}"
2026-02-02T10:07:09.120,"{""sensor"":{""time"":177641,""status"":true,""class:"":2}}"
2026-02-02T10:07:09.164,"{""sensor"":{""time"":177757,""status"":true,""class:"":2}}"
2026-02-02T10:07:09.299,"{""sensor"":{""time"":177872,""status"":true,""class:"":2}}"
2026-02-02T10:07:09.390,"{""sensor"":{""time"":177987,""status"":true,""class:"":2}}"
2026-02-02T10:07:09.479,"{""sensor"":{""time"":178102,""status"":true,""class:"":2}}"
2026-02-02T10:07:09.615,"{""sensor"":{""time"":178218,""status"":true,""class:"":2}}"
2026-02-02T10:07:09.749,"{""sensor"":{""time"":178333,""status"":true,""class:"":2}}"
2026-02-02T10:07:09.841,"{""sensor"":{""time"":178449,""status"":true,""class:"":2}}"
2026-02-02T10:07:09.930,"{""sensor"":{""time"":178564,""status"":true,""class:"":2}}"
2026-02-02T10:07:10.065,"{""sensor"":{""time"":178679,""status"":true,""class:"":2}}"
2026-02-02T10:07:10.199,"{""sensor"":{""time"":178795,""status"":true,""class:"":2}}"
2026-02-02T10:07:10.289,"{""sensor"":{""time"":178910,""status"":true,""class:"":2}}"
2026-02-02T10:07:10.469,"{""sensor"":{""time"":179025,""status"":true,""class:"":2}}"
2026-02-02T10:07:10.560,"{""sensor"":{""time"":179141,""status"":true,""class:"":2}}"
2026-02-02T10:07:10.649,"{""sensor"":{""time"":179256,""status"":true,""class:"":2}}"
2026-02-02T10:07:10.739,"{""sensor"":{""time"":179372,""status"":true,""class:"":2}}"
2026-02-02T10:07:10.875,"{""sensor"":{""time"":179487,""status"":true,""class:"":2}}"
2026-02-02T10:07:11.009,"{""sensor"":{""time"":179602,""status"":true,""class:"":2}}"
2026-02-02T10:07:11.099,"{""sensor"":{""time"":179717,""status"":true,""class:"":2}}"
2026-02-02T10:07:11.234,"{""sensor"":{""time"":179833,""status"":true,""class:"":2}}"
2026-02-02T10:07:11.324,"{""sensor"":{""time"":179948,""status"":true,""class:"":2}}"
2026-02-02T10:07:11.505,"{""sensor"":{""time"":180064,""status"":true,""class:"":2}}"
2026-02-02T10:07:11.595,"{""sensor"":{""time"":180179,""status"":true,""class:"":2}}"
2026-02-02T10:07:11.685,"{""sensor"":{""time"":180294,""status"":true,""class:"":2}}"
2026-02-02T10:07:11.774,"{""sensor"":{""time"":180410,""status"":true,""class:"":2}}"
2026-02-02T10:07:11.909,"{""sensor"":{""time"":180525,""status"":true,""class:"":2}}"
2026-02-02T10:07:12.045,"{""sensor"":{""time"":180640,""status"":true,""class:"":2}}"
2026-02-02T10:07:12.134,"{""sensor"":{""time"":180756,""status"":true,""class:"":2}}"
2026-02-02T10:07:12.269,"{""sensor"":{""time"":180871,""status"":true,""class:"":2}}"
2026-02-02T10:07:12.360,"{""sensor"":{""time"":180986,""status"":true,""class:"":2}}"
2026-02-02T10:07:12.495,"{""sensor"":{""time"":181102,""status"":true,""class:"":2}}"
2026-02-02T10:07:12.585,"{""sensor"":{""time"":181217,""status"":true,""class:"":2}}"
2026-02-02T10:07:12.810,"{""sensor"":{""time"":181333,""status"":true,""class:"":2}}"
2026-02-02T10:07:12.900,"{""sensor"":{""time"":181448,""status"":true,""class:"":2}}"
2026-02-02T10:07:12.990,"{""sensor"":{""time"":181563,""status"":true,""class:"":2}}"
2026-02-02T10:07:13.125,"{""sensor"":{""time"":181679,""status"":true,""class:"":2}}"
2026-02-02T10:07:13.215,"{""sensor"":{""time"":181794,""status"":true,""class:"":2}}"
2026-02-02T10:07:13.304,"{""sensor"":{""time"":181910,""status"":true,""class:"":2}}"
2026-02-02T10:07:13.440,"{""sensor"":{""time"":182025,""status"":true,""class:"":2}}"
2026-02-02T10:07:13.529,"{""sensor"":{""time"":182140,""status"":true,""class:"":2}}"
2026-02-02T10:07:13.620,"{""sensor"":{""time"":182256,""status"":true,""class:"":2}}"
2026-02-02T10:07:13.755,"{""sensor"":{""time"":182371,""status"":true,""class:"":2}}"
2026-02-02T10:07:13.889,"{""sensor"":{""time"":182486,""status"":true,""class:"":2}}"
2026-02-02T10:07:14.024,"{""sensor"":{""time"":182602,""status"":true,""class:"":2}}"
2026-02-02T10:07:14.115,"{""sensor"":{""time"":182717,""status"":true,""class:"":2}}"
2026-02-02T10:07:14.204,"{""sensor"":{""time"":182833,""status"":true,""class:"":2}}"
2026-02-02T10:07:14.340,"{""sensor"":{""time"":182948,""status"":true,""class:"":2}}"
2026-02-02T10:07:14.430,"{""sensor"":{""time"":183064,""status"":true,""class:"":2}}"
2026-02-02T10:07:14.564,"{""sensor"":{""time"":183179,""status"":true,""class:"":2}}"
2026-02-02T10:07:14.699,"{""sensor"":{""time"":183294,""status"":true,""class:"":2}}"
2026-02-02T10:07:14.834,"{""sensor"":{""time"":183410,""status"":true,""class:"":2}}"
2026-02-02T10:07:14.924,"{""sensor"":{""time"":183525,""status"":true,""class:"":2}}"
2026-02-02T10:07:15.014,"{""sensor"":{""time"":183640,""status"":true,""class:"":2}}"
2026-02-02T10:07:15.149,"{""sensor"":{""time"":183756,""status"":true,""class:"":2}}"
2026-02-02T10:07:15.239,"{""sensor"":{""time"":183871,""status"":true,""class:"":2}}"
2026-02-02T10:07:15.376,"{""sensor"":{""time"":183986,""status"":true,""class:"":2}}"
2026-02-02T10:07:15.465,"{""sensor"":{""time"":184102,""status"":true,""class:"":2}}"
2026-02-02T10:07:15.599,"{""sensor"":{""time"":184217,""status"":true,""class:"":2}}"
2026-02-02T10:07:15.734,"{""sensor"":{""time"":184333,""status"":true,""class:"":2}}"
2026-02-02T10:07:15.870,"{""sensor"":{""time"":184448,""status"":true,""class:"":2}}"
2026-02-02T10:07:15.959,"{""sensor"":{""time"":184564,""status"":true,""class:"":2}}"
2026-02-02T10:07:16.049,"{""sensor"":{""time"":184679,""status"":true,""class:"":2}}"
2026-02-02T10:07:16.184,"{""sensor"":{""time"":184794,""status"":true,""class:"":2}}"
2026-02-02T10:07:16.275,"{""sensor"":{""time"":184910,""status"":true,""class:"":2}}"
2026-02-02T10:07:16.454,"{""sensor"":{""time"":185025,""status"":true,""class:"":2}}"
2026-02-02T10:07:16.545,"{""sensor"":{""time"":185140,""status"":true,""class:"":2}}"
2026-02-02T10:07:16.634,"{""sensor"":{""time"":185256,""status"":true,""class:"":2}}"
2026-02-02T10:07:16.769,"{""sensor"":{""time"":185371,""status"":true,""class:"":2}}"
2026-02-02T10:07:16.905,"{""sensor"":{""time"":185487,""status"":true,""class:"":2}}"
2026-02-02T10:07:16.995,"{""sensor"":{""time"":185602,""status"":true,""class:"":2}}"
2026-02-02T10:07:17.085,"{""sensor"":{""time"":185717,""status"":true,""class:"":2}}"
2026-02-02T10:07:17.219,"{""sensor"":{""time"":185833,""status"":true,""class:"":2}}"
2026-02-02T10:07:17.356,"{""sensor"":{""time"":185948,""status"":true,""class:"":2}}"
2026-02-02T10:07:17.444,"{""sensor"":{""time"":186064,""status"":true,""class:"":2}}"
2026-02-02T10:07:17.579,"{""sensor"":{""time"":186179,""status"":true,""class:"":2}}"
2026-02-02T10:07:17.670,"{""sensor"":{""time"":186295,""status"":true,""class:"":2}}"
2026-02-02T10:07:17.805,"{""sensor"":{""time"":186410,""status"":true,""class:"":2}}"
2026-02-02T10:07:17.941,"{""sensor"":{""time"":186525,""status"":true,""class:"":2}}"
2026-02-02T10:07:18.030,"{""sensor"":{""time"":186641,""status"":true,""class:"":2}}"
2026-02-02T10:07:18.120,"{""sensor"":{""time"":186756,""status"":true,""class:"":2}}"
2026-02-02T10:07:18.256,"{""sensor"":{""time"":186871,""status"":true,""class:"":2}}"
2026-02-02T10:07:18.390,"{""sensor"":{""time"":186986,""status"":true,""class:"":2}}"
2026-02-02T10:07:18.480,"{""sensor"":{""time"":187102,""status"":true,""class:"":2}}"
2026-02-02T10:07:18.614,"{""sensor"":{""time"":187217,""status"":true,""class:"":2}}"
2026-02-02T10:07:18.705,"{""sensor"":{""time"":187332,""status"":true,""class:"":2}}"
2026-02-02T10:07:18.840,"{""sensor"":{""time"":187448,""status"":true,""class:"":2}}"
2026-02-02T10:07:19.019,"{""sensor"":{""time"":187563,""status"":true,""class:"":2}}"
2026-02-02T10:07:19.110,"{""sensor"":{""time"":187678,""status"":true,""class:"":2}}"
2026-02-02T10:07:19.199,"{""sensor"":{""time"":187794,""status"":true,""class:"":2}}"
2026-02-02T10:07:19.289,"{""sensor"":{""time"":187909,""status"":true,""class:"":2}}"
2026-02-02T10:07:19.425,"{""sensor"":{""time"":188024,""status"":true,""class:"":2}}"
2026-02-02T10:07:19.514,"{""sensor"":{""time"":188140,""status"":true,""class:"":2}}"
2026-02-02T10:07:19.649,"{""sensor"":{""time"":188255,""status"":true,""class:"":2}}"
2026-02-02T10:07:19.784,"{""sensor"":{""time"":188370,""status"":true,""class:"":2}}"
2026-02-02T10:07:19.875,"{""sensor"":{""time"":188486,""status"":true,""class:"":2}}"
2026-02-02T10:07:19.964,"{""sensor"":{""time"":188601,""status"":true,""class:"":2}}"
2026-02-02T10:07:20.145,"{""sensor"":{""time"":188716,""status"":true,""class:"":2}}"
2026-02-02T10:07:20.234,"{""sensor"":{""time"":188832,""status"":true,""class:"":2}}"
2026-02-02T10:07:20.325,"{""sensor"":{""time"":188947,""status"":true,""class:"":2}}"
2026-02-02T10:07:20.461,"{""sensor"":{""time"":189062,""status"":true,""class:"":2}}"
2026-02-02T10:07:20.549,"{""sensor"":{""time"":189178,""status"":true,""class:"":2}}"
2026-02-02T10:07:20.684,"{""sensor"":{""time"":189293,""status"":true,""class:"":2}}"
2026-02-02T10:07:20.774,"{""sensor"":{""time"":189408,""status"":true,""class:"":2}}"
2026-02-02T10:07:20.910,"{""sensor"":{""time"":189523,""status"":true,""class:"":2}}"
2026-02-02T10:07:21.045,"{""sensor"":{""time"":189639,""status"":true,""class:"":2}}"
2026-02-02T10:07:21.180,"{""sensor"":{""time"":189754,""status"":true,""class:"":2}}"
2026-02-02T10:07:21.269,"{""sensor"":{""time"":189870,""status"":true,""class:"":2}}"
2026-02-02T10:07:21.360,"{""sensor"":{""time"":189985,""status"":true,""class:"":2}}"
2026-02-02T10:07:21.540,"{""sensor"":{""time"":190100,""status"":true,""class:"":2}}"
2026-02-02T10:07:21.629,"{""sensor"":{""time"":190216,""status"":true,""class:"":2}}"
2026-02-02T10:07:21.720,"{""sensor"":{""time"":190331,""status"":true,""class:"":2}}"
2026-02-02T10:07:21.810,"{""sensor"":{""time"":190446,""status"":true,""class:"":2}}"
2026-02-02T10:07:21.945,"{""sensor"":{""time"":190562,""status"":true,""class:"":2}}"
2026-02-02T10:07:22.080,"{""sensor"":{""time"":190677,""status"":true,""class:"":2}}"
2026-02-02T10:07:22.260,"{""sensor"":{""time"":190792,""status"":true,""class:"":2}}"
2026-02-02T10:07:22.394,"{""sensor"":{""time"":190908,""status"":true,""class:"":2}}"
2026-02-02T10:07:22.441,"{""sensor"":{""time"":191023,""status"":true,""class:"":2}}"
2026-02-02T10:07:22.529,"{""sensor"":{""time"":191138,""status"":true,""class:"":2}}"
2026-02-02T10:07:22.620,"{""sensor"":{""time"":191254,""status"":true,""class:"":2}}"
2026-02-02T10:07:22.801,"{""sensor"":{""time"":191369,""status"":true,""class:"":2}}"
2026-02-02T10:07:22.891,"{""sensor"":{""time"":191484,""status"":true,""class:"":2}}"
2026-02-02T10:07:22.979,"{""sensor"":{""time"":191599,""status"":true,""class:"":2}}"
2026-02-02T10:07:23.114,"{""sensor"":{""time"":191715,""status"":true,""class:"":2}}"
2026-02-02T10:07:23.205,"{""sensor"":{""time"":191830,""status"":true,""class:"":2}}"
2026-02-02T10:07:23.340,"{""sensor"":{""time"":191945,""status"":true,""class:"":2}}"
2026-02-02T10:07:23.475,"{""sensor"":{""time"":192061,""status"":true,""class:"":2}}"
2026-02-02T10:07:23.565,"{""sensor"":{""time"":192176,""status"":true,""class:"":2}}"
2026-02-02T10:07:23.655,"{""sensor"":{""time"":192292,""status"":true,""class:"":2}}"
2026-02-02T10:07:23.789,"{""sensor"":{""time"":192407,""status"":true,""class:"":2}}"
2026-02-02T10:07:24.015,"{""sensor"":{""time"":192522,""status"":true,""class:"":2}}"
2026-02-02T10:07:24.060,"{""sensor"":{""time"":192638,""status"":true,""class:"":2}}"
2026-02-02T10:07:24.149,"{""sensor"":{""time"":192753,""status"":true,""class:"":2}}"
2026-02-02T10:07:24.239,"{""sensor"":{""time"":192868,""status"":true,""class:"":2}}"
2026-02-02T10:07:24.375,"{""sensor"":{""time"":192984,""status"":true,""class:"":2}}"
2026-02-02T10:07:24.465,"{""sensor"":{""time"":193099,""status"":true,""class:"":2}}"
2026-02-02T10:07:24.599,"{""sensor"":{""time"":193215,""status"":true,""class:"":2}}"
2026-02-02T10:07:24.735,"{""sensor"":{""time"":193330,""status"":true,""class:"":2}}"
2026-02-02T10:07:24.825,"{""sensor"":{""time"":193445,""status"":true,""class:"":2}}"
2026-02-02T10:07:24.961,"{""sensor"":{""time"":193560,""status"":true,""class:"":2}}"
2026-02-02T10:07:25.050,"{""sensor"":{""time"":193676,""status"":true,""class:"":2}}"
2026-02-02T10:07:25.184,"{""sensor"":{""time"":193791,""status"":true,""class:"":2}}"
2026-02-02T10:07:25.276,"{""sensor"":{""time"":193907,""status"":true,""class:"":2}}"
2026-02-02T10:07:25.409,"{""sensor"":{""time"":194022,""status"":true,""class:"":2}}"
2026-02-02T10:07:25.500,"{""sensor"":{""time"":194137,""status"":true,""class:"":2}}"
2026-02-02T10:07:25.634,"{""sensor"":{""time"":194253,""status"":true,""class:"":2}}"
2026-02-02T10:07:25.771,"{""sensor"":{""time"":194368,""status"":true,""class:"":2}}"
2026-02-02T10:07:25.859,"{""sensor"":{""time"":194483,""status"":true,""class:"":2}}"
2026-02-02T10:07:25.995,"{""sensor"":{""time"":194599,""status"":true,""class:"":2}}"
2026-02-02T10:07:26.084,"{""sensor"":{""time"":194714,""status"":true,""class:"":2}}"
2026-02-02T10:07:26.220,"{""sensor"":{""time"":194829,""status"":true,""class:"":2}}"
2026-02-02T10:07:26.354,"{""sensor"":{""time"":194945,""status"":true,""class:"":2}}"
2026-02-02T10:07:26.535,"{""sensor"":{""time"":195060,""status"":true,""class:"":2}}"
2026-02-02T10:07:26.625,"{""sensor"":{""time"":195176,""status"":true,""class:"":2}}"
2026-02-02T10:07:26.715,"{""sensor"":{""time"":195291,""status"":true,""class:"":2}}"
2026-02-02T10:07:26.849,"{""sensor"":{""time"":195407,""status"":true,""class:"":2}}"
2026-02-02T10:07:26.940,"{""sensor"":{""time"":195522,""status"":true,""class:"":2}}"
2026-02-02T10:07:27.032,"{""sensor"":{""time"":195637,""status"":true,""class:"":2}}"
2026-02-02T10:07:27.165,"{""sensor"":{""time"":195752,""status"":true,""class:"":2}}"
2026-02-02T10:07:27.256,"{""sensor"":{""time"":195868,""status"":true,""class:"":2}}"
2026-02-02T10:07:27.344,"{""sensor"":{""time"":195983,""status"":true,""class:"":2}}"
2026-02-02T10:07:27.480,"{""sensor"":{""time"":196098,""status"":true,""class:"":2}}"
2026-02-02T10:07:27.614,"{""sensor"":{""time"":196214,""status"":true,""class:"":2}}"
2026-02-02T10:07:27.705,"{""sensor"":{""time"":196329,""status"":true,""class:"":2}}"
2026-02-02T10:07:27.840,"{""sensor"":{""time"":196444,""status"":true,""class:"":2}}"
2026-02-02T10:07:27.931,"{""sensor"":{""time"":196560,""status"":true,""class:"":2}}"
2026-02-02T10:07:28.064,"{""sensor"":{""time"":196675,""status"":true,""class:"":2}}"
2026-02-02T10:07:28.154,"{""sensor"":{""time"":196791,""status"":true,""class:"":2}}"
2026-02-02T10:07:28.290,"{""sensor"":{""time"":196906,""status"":true,""class:"":2}}"
2026-02-02T10:07:28.426,"{""sensor"":{""time"":197021,""status"":true,""class:"":2}}"
2026-02-02T10:07:28.515,"{""sensor"":{""time"":197137,""status"":true,""class:"":2}}"
2026-02-02T10:07:28.649,"{""sensor"":{""time"":197252,""status"":true,""class:"":2}}"
2026-02-02T10:07:28.740,"{""sensor"":{""time"":197367,""status"":true,""class:"":2}}"
2026-02-02T10:07:28.876,"{""sensor"":{""time"":197483,""status"":true,""class:"":2}}"
2026-02-02T10:07:29.054,"{""sensor"":{""time"":197598,""status"":true,""class:"":2}}"
2026-02-02T10:07:29.144,"{""sensor"":{""time"":197714,""status"":true,""class:"":2}}"
2026-02-02T10:07:29.235,"{""sensor"":{""time"":197829,""status"":true,""class:"":2}}"
2026-02-02T10:07:29.324,"{""sensor"":{""time"":197944,""status"":true,""class:"":2}}"
2026-02-02T10:07:29.459,"{""sensor"":{""time"":198059,""status"":true,""class:"":2}}"
2026-02-02T10:07:29.550,"{""sensor"":{""time"":198175,""status"":true,""class:"":2}}"
2026-02-02T10:07:29.684,"{""sensor"":{""time"":198290,""status"":true,""class:"":2}}"
2026-02-02T10:07:29.774,"{""sensor"":{""time"":198406,""status"":true,""class:"":2}}"
2026-02-02T10:07:29.910,"{""sensor"":{""time"":198521,""status"":true,""class:"":2}}"
2026-02-02T10:07:29.999,"{""sensor"":{""time"":198637,""status"":true,""class:"":2}}"
2026-02-02T10:07:30.134,"{""sensor"":{""time"":198752,""status"":true,""class:"":2}}"
2026-02-02T10:07:30.269,"{""sensor"":{""time"":198867,""status"":true,""class:"":2}}"
2026-02-02T10:07:30.359,"{""sensor"":{""time"":198982,""status"":true,""class:"":2}}"
2026-02-02T10:07:30.495,"{""sensor"":{""time"":199098,""status"":true,""class:"":2}}"
2026-02-02T10:07:30.630,"{""sensor"":{""time"":199213,""status"":true,""class:"":2}}"
2026-02-02T10:07:30.765,"{""sensor"":{""time"":199329,""status"":true,""class:"":2}}"
2026-02-02T10:07:30.854,"{""sensor"":{""time"":199444,""status"":true,""class:"":2}}"
2026-02-02T10:07:30.946,"{""sensor"":{""time"":199559,""status"":true,""class:"":2}}"
2026-02-02T10:07:31.079,"{""sensor"":{""time"":199675,""status"":true,""class:"":2}}"
2026-02-02T10:07:31.169,"{""sensor"":{""time"":199790,""status"":true,""class:"":2}}"
2026-02-02T10:07:31.304,"{""sensor"":{""time"":199906,""status"":true,""class:"":2}}"
2026-02-02T10:07:31.396,"{""sensor"":{""time"":200021,""status"":true,""class:"":2}}"
2026-02-02T10:07:31.529,"{""sensor"":{""time"":200136,""status"":true,""class:"":2}}"
2026-02-02T10:07:31.620,"{""sensor"":{""time"":200252,""status"":true,""class:"":2}}"
2026-02-02T10:07:31.754,"{""sensor"":{""time"":200367,""status"":true,""class:"":2}}"
2026-02-02T10:07:31.889,"{""sensor"":{""time"":200483,""status"":true,""class:"":2}}"
2026-02-02T10:07:31.979,"{""sensor"":{""time"":200598,""status"":true,""class:"":2}}"
2026-02-02T10:07:32.115,"{""sensor"":{""time"":200713,""status"":true,""class:"":2}}"
2026-02-02T10:07:32.204,"{""sensor"":{""time"":200829,""status"":true,""class:"":2}}"
2026-02-02T10:07:32.340,"{""sensor"":{""time"":200944,""status"":true,""class:"":2}}"
2026-02-02T10:07:32.430,"{""sensor"":{""time"":201059,""status"":true,""class:"":2}}"
2026-02-02T10:07:32.564,"{""sensor"":{""time"":201175,""status"":true,""class:"":2}}"
2026-02-02T10:07:32.701,"{""sensor"":{""time"":201290,""status"":true,""class:"":2}}"
2026-02-02T10:07:32.790,"{""sensor"":{""time"":201406,""status"":true,""class:"":2}}"
2026-02-02T10:07:32.924,"{""sensor"":{""time"":201521,""status"":true,""class:"":2}}"
2026-02-02T10:07:33.015,"{""sensor"":{""time"":201636,""status"":true,""class:"":2}}"
2026-02-02T10:07:33.149,"{""sensor"":{""time"":201752,""status"":true,""class:"":2}}"
2026-02-02T10:07:33.240,"{""sensor"":{""time"":201867,""status"":true,""class:"":2}}"
2026-02-02T10:07:33.374,"{""sensor"":{""time"":201982,""status"":true,""class:"":2}}"
2026-02-02T10:07:33.465,"{""sensor"":{""time"":202098,""status"":true,""class:"":2}}"
2026-02-02T10:07:33.646,"{""sensor"":{""time"":202213,""status"":true,""class:"":2}}"
2026-02-02T10:07:33.735,"{""sensor"":{""time"":202328,""status"":true,""class:"":2}}"
2026-02-02T10:07:33.825,"{""sensor"":{""time"":202444,""status"":true,""class:"":2}}"
2026-02-02T10:07:34.051,"{""sensor"":{""time"":202559,""status"":true,""class:"":2}}"
2026-02-02T10:07:34.095,"{""sensor"":{""time"":202674,""status"":true,""class:"":2}}"
2026-02-02T10:07:34.185,"{""sensor"":{""time"":202790,""status"":true,""class:"":2}}"
2026-02-02T10:07:34.274,"{""sensor"":{""time"":202905,""status"":true,""class:"":2}}"
2026-02-02T10:07:34.409,"{""sensor"":{""time"":203020,""status"":true,""class:"":2}}"
2026-02-02T10:07:34.499,"{""sensor"":{""time"":203136,""status"":true,""class:"":2}}"
2026-02-02T10:07:34.634,"{""sensor"":{""time"":203251,""status"":true,""class:"":2}}"
2026-02-02T10:07:34.770,"{""sensor"":{""time"":203367,""status"":true,""class:"":2}}"
2026-02-02T10:07:34.859,"{""sensor"":{""time"":203482,""status"":true,""class:"":2}}"
2026-02-02T10:07:34.994,"{""sensor"":{""time"":203597,""status"":true,""class:"":2}}"
2026-02-02T10:07:35.084,"{""sensor"":{""time"":203713,""status"":true,""class:"":2}}"
2026-02-02T10:07:35.220,"{""sensor"":{""time"":203828,""status"":true,""class:"":2}}"
2026-02-02T10:07:35.354,"{""sensor"":{""time"":203943,""status"":true,""class:"":2}}"
2026-02-02T10:07:35.446,"{""sensor"":{""time"":204059,""status"":true,""class:"":2}}"
2026-02-02T10:07:35.580,"{""sensor"":{""time"":204174,""status"":true,""class:"":2}}"
2026-02-02T10:07:35.669,"{""sensor"":{""time"":204290,""status"":true,""class:"":2}}"
2026-02-02T10:07:35.804,"{""sensor"":{""time"":204405,""status"":true,""class:"":2}}"
2026-02-02T10:07:35.895,"{""sensor"":{""time"":204521,""status"":true,""class:"":2}}"
2026-02-02T10:07:36.031,"{""sensor"":{""time"":204636,""status"":true,""class:"":2}}"
2026-02-02T10:07:36.119,"{""sensor"":{""time"":204751,""status"":true,""class:"":2}}"
2026-02-02T10:07:36.254,"{""sensor"":{""time"":204867,""status"":true,""class:"":2}}"
2026-02-02T10:07:36.346,"{""sensor"":{""time"":204982,""status"":true,""class:"":2}}"
2026-02-02T10:07:36.569,"{""sensor"":{""time"":205097,""status"":true,""class:"":2}}"
2026-02-02T10:07:36.705,"{""sensor"":{""time"":205213,""status"":true,""class:"":2}}"
2026-02-02T10:07:36.749,"{""sensor"":{""time"":205328,""status"":true,""class:"":2}}"
2026-02-02T10:07:36.840,"{""sensor"":{""time"":205444,""status"":true,""class:"":2}}"
2026-02-02T10:07:36.929,"{""sensor"":{""time"":205559,""status"":true,""class:"":2}}"
2026-02-02T10:07:37.110,"{""sensor"":{""time"":205674,""status"":true,""class:"":2}}"
2026-02-02T10:07:37.199,"{""sensor"":{""time"":205790,""status"":true,""class:"":2}}"
2026-02-02T10:07:37.289,"{""sensor"":{""time"":205905,""status"":true,""class:"":2}}"
2026-02-02T10:07:37.425,"{""sensor"":{""time"":206020,""status"":true,""class:"":2}}"
2026-02-02T10:07:37.515,"{""sensor"":{""time"":206136,""status"":true,""class:"":2}}"
2026-02-02T10:07:37.651,"{""sensor"":{""time"":206251,""status"":true,""class:"":2}}"
2026-02-02T10:07:37.739,"{""sensor"":{""time"":206367,""status"":true,""class:"":2}}"
2026-02-02T10:07:37.875,"{""sensor"":{""time"":206482,""status"":true,""class:"":2}}"
2026-02-02T10:07:37.965,"{""sensor"":{""time"":206597,""status"":true,""class:"":2}}"
2026-02-02T10:07:38.099,"{""sensor"":{""time"":206713,""status"":true,""class:"":2}}"
2026-02-02T10:07:38.190,"{""sensor"":{""time"":206828,""status"":true,""class:"":2}}"
2026-02-02T10:07:38.325,"{""sensor"":{""time"":206943,""status"":true,""class:"":2}}"
2026-02-02T10:07:38.461,"{""sensor"":{""time"":207059,""status"":true,""class:"":2}}"
2026-02-02T10:07:38.551,"{""sensor"":{""time"":207175,""status"":true,""class:"":2}}"
2026-02-02T10:07:38.685,"{""sensor"":{""time"":207290,""status"":true,""class:"":2}}"
2026-02-02T10:07:38.775,"{""sensor"":{""time"":207405,""status"":true,""class:"":2}}"
2026-02-02T10:07:38.909,"{""sensor"":{""time"":207520,""status"":true,""class:"":2}}"
2026-02-02T10:07:39.045,"{""sensor"":{""time"":207636,""status"":true,""class:"":2}}"
2026-02-02T10:07:39.180,"{""sensor"":{""time"":207751,""status"":true,""class:"":2}}"
2026-02-02T10:07:39.269,"{""sensor"":{""time"":207867,""status"":true,""class:"":2}}"
2026-02-02T10:07:39.359,"{""sensor"":{""time"":207982,""status"":true,""class:"":2}}"
2026-02-02T10:07:39.496,"{""sensor"":{""time"":208097,""status"":true,""class:"":2}}"
2026-02-02T10:07:39.584,"{""sensor"":{""time"":208213,""status"":true,""class:"":2}}"
2026-02-02T10:07:39.720,"{""sensor"":{""time"":208328,""status"":true,""class:"":2}}"
2026-02-02T10:07:39.809,"{""sensor"":{""time"":208444,""status"":true,""class:"":2}}"
2026-02-02T10:07:39.945,"{""sensor"":{""time"":208559,""status"":true,""class:"":2}}"
2026-02-02T10:07:40.079,"{""sensor"":{""time"":208674,""status"":true,""class:"":2}}"
2026-02-02T10:07:40.215,"{""sensor"":{""time"":208790,""status"":true,""class:"":2}}"
2026-02-02T10:07:40.305,"{""sensor"":{""time"":208905,""status"":true,""class:"":2}}"
2026-02-02T10:07:40.440,"{""sensor"":{""time"":209021,""status"":true,""class:"":2}}"
2026-02-02T10:07:40.529,"{""sensor"":{""time"":209136,""status"":true,""class:"":2}}"
2026-02-02T10:07:40.619,"{""sensor"":{""time"":209251,""status"":true,""class:"":2}}"
2026-02-02T10:07:40.754,"{""sensor"":{""time"":209367,""status"":true,""class:"":2}}"
2026-02-02T10:07:40.844,"{""sensor"":{""time"":209482,""status"":true,""class:"":2}}"
2026-02-02T10:07:40.980,"{""sensor"":{""time"":209597,""status"":true,""class:"":2}}"
2026-02-02T10:07:41.115,"{""sensor"":{""time"":209713,""status"":true,""class:"":2}}"
2026-02-02T10:07:41.205,"{""sensor"":{""time"":209828,""status"":true,""class:"":2}}"
2026-02-02T10:07:41.340,"{""sensor"":{""time"":209944,""status"":true,""class:"":2}}"
2026-02-02T10:07:41.429,"{""sensor"":{""time"":210059,""status"":true,""class:"":2}}"
2026-02-02T10:07:41.655,"{""sensor"":{""time"":210175,""status"":true,""class:"":2}}"
2026-02-02T10:07:41.790,"{""sensor"":{""time"":210290,""status"":true,""class:"":2}}"
2026-02-02T10:07:41.924,"{""sensor"":{""time"":210405,""status"":true,""class:"":2}}"
2026-02-02T10:07:41.969,"{""sensor"":{""time"":210520,""status"":true,""class:"":2}}"
2026-02-02T10:07:42.104,"{""sensor"":{""time"":210636,""status"":true,""class:"":2}}"
2026-02-02T10:07:42.195,"{""sensor"":{""time"":210751,""status"":true,""class:"":2}}"
2026-02-02T10:07:42.331,"{""sensor"":{""time"":210867,""status"":true,""class:"":2}}"
2026-02-02T10:07:42.422,"{""sensor"":{""time"":210982,""status"":true,""class:"":2}}"
2026-02-02T10:07:42.511,"{""sensor"":{""time"":211098,""status"":true,""class:"":2}}"
2026-02-02T10:07:42.599,"{""sensor"":{""time"":211213,""status"":true,""class:"":2}}"
2026-02-02T10:07:42.690,"{""sensor"":{""time"":211329,""status"":true,""class:"":2}}"
2026-02-02T10:07:42.824,"{""sensor"":{""time"":211444,""status"":true,""class:"":2}}"
2026-02-02T10:07:42.961,"{""sensor"":{""time"":211559,""status"":true,""class:"":2}}"
2026-02-02T10:07:43.049,"{""sensor"":{""time"":211675,""status"":true,""class:"":2}}"
2026-02-02T10:07:43.185,"{""sensor"":{""time"":211790,""status"":true,""class:"":2}}"
2026-02-02T10:07:43.274,"{""sensor"":{""time"":211905,""status"":true,""class:"":2}}"
2026-02-02T10:07:43.410,"{""sensor"":{""time"":212021,""status"":true,""class:"":2}}"
2026-02-02T10:07:43.499,"{""sensor"":{""time"":212136,""status"":true,""class:"":2}}"
2026-02-02T10:07:43.635,"{""sensor"":{""time"":212251,""status"":true,""class:"":2}}"
2026-02-02T10:07:43.769,"{""sensor"":{""time"":212367,""status"":true,""class:"":2}}"
2026-02-02T10:07:43.859,"{""sensor"":{""time"":212482,""status"":true,""class:"":2}}"
2026-02-02T10:07:44.041,"{""sensor"":{""time"":212597,""status"":true,""class:"":2}}"
2026-02-02T10:07:44.130,"{""sensor"":{""time"":212713,""status"":true,""class:"":2}}"
2026-02-02T10:07:44.219,"{""sensor"":{""time"":212828,""status"":true,""class:"":2}}"
2026-02-02T10:07:44.310,"{""sensor"":{""time"":212944,""status"":true,""class:"":2}}"
2026-02-02T10:07:44.445,"{""sensor"":{""time"":213059,""status"":true,""class:"":2}}"
2026-02-02T10:07:44.580,"{""sensor"":{""time"":213174,""status"":true,""class:"":2}}"
2026-02-02T10:07:44.669,"{""sensor"":{""time"":213290,""status"":true,""class:"":2}}"
2026-02-02T10:07:44.805,"{""sensor"":{""time"":213405,""status"":true,""class:"":2}}"
2026-02-02T10:07:44.941,"{""sensor"":{""time"":213521,""status"":true,""class:"":2}}"
2026-02-02T10:07:45.030,"{""sensor"":{""time"":213636,""status"":true,""class:"":2}}"
2026-02-02T10:07:45.120,"{""sensor"":{""time"":213751,""status"":true,""class:"":2}}"
2026-02-02T10:07:45.254,"{""sensor"":{""time"":213867,""status"":true,""class:"":2}}"
2026-02-02T10:07:45.346,"{""sensor"":{""time"":213982,""status"":true,""class:"":2}}"
2026-02-02T10:07:45.479,"{""sensor"":{""time"":214097,""status"":true,""class:"":2}}"
2026-02-02T10:07:45.615,"{""sensor"":{""time"":214213,""status"":true,""class:"":2}}"
2026-02-02T10:07:45.705,"{""sensor"":{""time"":214328,""status"":true,""class:"":2}}"
2026-02-02T10:07:45.839,"{""sensor"":{""time"":214444,""status"":true,""class:"":2}}"
2026-02-02T10:07:45.929,"{""sensor"":{""time"":214559,""status"":true,""class:"":2}}"
2026-02-02T10:07:46.064,"{""sensor"":{""time"":214675,""status"":true,""class:"":2}}"
2026-02-02T10:07:46.154,"{""sensor"":{""time"":214790,""status"":true,""class:"":2}}"
2026-02-02T10:07:46.290,"{""sensor"":{""time"":214905,""status"":true,""class:"":2}}"
2026-02-02T10:07:46.424,"{""sensor"":{""time"":215020,""status"":true,""class:"":2}}"
2026-02-02T10:07:46.605,"{""sensor"":{""time"":215136,""status"":true,""class:"":2}}"
2026-02-02T10:07:46.695,"{""sensor"":{""time"":215251,""status"":true,""class:"":2}}"
2026-02-02T10:07:46.784,"{""sensor"":{""time"":215366,""status"":true,""class:"":2}}"
2026-02-02T10:07:46.877,"{""sensor"":{""time"":215482,""status"":true,""class:"":2}}"
2026-02-02T10:07:46.964,"{""sensor"":{""time"":215597,""status"":true,""class:"":2}}"
2026-02-02T10:07:47.101,"{""sensor"":{""time"":215712,""status"":true,""class:"":2}}"
2026-02-02T10:07:47.190,"{""sensor"":{""time"":215828,""status"":true,""class:"":2}}"
2026-02-02T10:07:47.324,"{""sensor"":{""time"":215943,""status"":true,""class:"":2}}"
2026-02-02T10:07:47.461,"{""sensor"":{""time"":216058,""status"":true,""class:"":2}}"
2026-02-02T10:07:47.550,"{""sensor"":{""time"":216174,""status"":true,""class:"":2}}"
2026-02-02T10:07:47.684,"{""sensor"":{""time"":216289,""status"":true,""class:"":2}}"
2026-02-02T10:07:47.819,"{""sensor"":{""time"":216404,""status"":true,""class:"":2}}"
2026-02-02T10:07:47.910,"{""sensor"":{""time"":216520,""status"":true,""class:"":2}}"
2026-02-02T10:07:48.000,"{""sensor"":{""time"":216635,""status"":true,""class:"":2}}"
2026-02-02T10:07:48.134,"{""sensor"":{""time"":216751,""status"":true,""class:"":2}}"
2026-02-02T10:07:48.270,"{""sensor"":{""time"":216866,""status"":true,""class:"":2}}"
2026-02-02T10:07:48.360,"{""sensor"":{""time"":216981,""status"":true,""class:"":2}}"
2026-02-02T10:07:48.495,"{""sensor"":{""time"":217097,""status"":true,""class:"":2}}"
2026-02-02T10:07:48.584,"{""sensor"":{""time"":217212,""status"":true,""class:"":2}}"
2026-02-02T10:07:48.719,"{""sensor"":{""time"":217327,""status"":true,""class:"":2}}"
2026-02-02T10:07:48.810,"{""sensor"":{""time"":217443,""status"":true,""class:"":2}}"
2026-02-02T10:07:48.948,"{""sensor"":{""time"":217558,""status"":true,""class:"":2}}"
2026-02-02T10:07:49.079,"{""sensor"":{""time"":217674,""status"":true,""class:"":2}}"
2026-02-02T10:07:49.170,"{""sensor"":{""time"":217789,""status"":true,""class:"":2}}"
2026-02-02T10:07:49.305,"{""sensor"":{""time"":217905,""status"":true,""class:"":2}}"
2026-02-02T10:07:49.394,"{""sensor"":{""time"":218020,""status"":true,""class:"":2}}"
2026-02-02T10:07:49.530,"{""sensor"":{""time"":218136,""status"":true,""class:"":2}}"
2026-02-02T10:07:49.619,"{""sensor"":{""time"":218251,""status"":true,""class:"":2}}"
2026-02-02T10:07:49.755,"{""sensor"":{""time"":218367,""status"":true,""class:"":2}}"
2026-02-02T10:07:49.844,"{""sensor"":{""time"":218482,""status"":true,""class:"":2}}"
2026-02-02T10:07:49.979,"{""sensor"":{""time"":218597,""status"":true,""class:"":2}}"
2026-02-02T10:07:50.116,"{""sensor"":{""time"":218713,""status"":true,""class:"":2}}"
2026-02-02T10:07:50.250,"{""sensor"":{""time"":218828,""status"":true,""class:"":2}}"
2026-02-02T10:07:50.340,"{""sensor"":{""time"":218943,""status"":true,""class:"":2}}"
2026-02-02T10:07:50.429,"{""sensor"":{""time"":219059,""status"":true,""class:"":2}}"
2026-02-02T10:07:50.566,"{""sensor"":{""time"":219174,""status"":true,""class:"":2}}"
2026-02-02T10:07:50.655,"{""sensor"":{""time"":219289,""status"":true,""class:"":2}}"
2026-02-02T10:07:50.789,"{""sensor"":{""time"":219405,""status"":true,""class:"":2}}"
2026-02-02T10:07:50.925,"{""sensor"":{""time"":219520,""status"":true,""class:"":2}}"
2026-02-02T10:07:51.014,"{""sensor"":{""time"":219635,""status"":true,""class:"":2}}"
2026-02-02T10:07:51.195,"{""sensor"":{""time"":219751,""status"":true,""class:"":2}}"
2026-02-02T10:07:51.286,"{""sensor"":{""time"":219866,""status"":true,""class:"":2}}"
2026-02-02T10:07:51.375,"{""sensor"":{""time"":219982,""status"":true,""class:"":2}}"
2026-02-02T10:07:51.555,"{""sensor"":{""time"":220097,""status"":true,""class:"":2}}"
2026-02-02T10:07:51.645,"{""sensor"":{""time"":220212,""status"":true,""class:"":2}}"
2026-02-02T10:07:51.735,"{""sensor"":{""time"":220328,""status"":true,""class:"":2}}"
2026-02-02T10:07:51.824,"{""sensor"":{""time"":220443,""status"":true,""class:"":2}}"
2026-02-02T10:07:51.960,"{""sensor"":{""time"":220559,""status"":true,""class:"":2}}"
2026-02-02T10:07:52.049,"{""sensor"":{""time"":220674,""status"":true,""class:"":2}}"
2026-02-02T10:07:52.185,"{""sensor"":{""time"":220790,""status"":true,""class:"":2}}"
2026-02-02T10:07:52.274,"{""sensor"":{""time"":220905,""status"":true,""class:"":2}}"
2026-02-02T10:07:52.409,"{""sensor"":{""time"":221020,""status"":true,""class:"":2}}"
2026-02-02T10:07:52.545,"{""sensor"":{""time"":221135,""status"":true,""class:"":2}}"
2026-02-02T10:07:52.679,"{""sensor"":{""time"":221251,""status"":true,""class:"":2}}"
2026-02-02T10:07:52.770,"{""sensor"":{""time"":221366,""status"":true,""class:"":2}}"
2026-02-02T10:07:52.860,"{""sensor"":{""time"":221482,""status"":true,""class:"":2}}"
2026-02-02T10:07:52.995,"{""sensor"":{""time"":221597,""status"":true,""class:"":2}}"
2026-02-02T10:07:53.085,"{""sensor"":{""time"":221713,""status"":true,""class:"":2}}"
2026-02-02T10:07:53.221,"{""sensor"":{""time"":221828,""status"":true,""class:"":2}}"
2026-02-02T10:07:53.311,"{""sensor"":{""time"":221943,""status"":true,""class:"":2}}"
2026-02-02T10:07:53.444,"{""sensor"":{""time"":222058,""status"":true,""class:"":2}}"
2026-02-02T10:07:53.535,"{""sensor"":{""time"":222174,""status"":true,""class:"":2}}"
2026-02-02T10:07:53.670,"{""sensor"":{""time"":222289,""status"":true,""class:"":2}}"
2026-02-02T10:07:53.804,"{""sensor"":{""time"":222405,""status"":true,""class:"":2}}"
2026-02-02T10:07:53.894,"{""sensor"":{""time"":222520,""status"":true,""class:"":2}}"
2026-02-02T10:07:54.076,"{""sensor"":{""time"":222636,""status"":true,""class:"":2}}"
2026-02-02T10:07:54.165,"{""sensor"":{""time"":222751,""status"":true,""class:"":2}}"
2026-02-02T10:07:54.299,"{""sensor"":{""time"":222867,""status"":true,""class:"":2}}"
2026-02-02T10:07:54.390,"{""sensor"":{""time"":222982,""status"":true,""class:"":2}}"
2026-02-02T10:07:54.480,"{""sensor"":{""time"":223097,""status"":true,""class:"":2}}"
2026-02-02T10:07:54.615,"{""sensor"":{""time"":223212,""status"":true,""class:"":2}}"
2026-02-02T10:07:54.704,"{""sensor"":{""time"":223328,""status"":true,""class:"":2}}"
2026-02-02T10:07:54.884,"{""sensor"":{""time"":223443,""status"":true,""class:"":2}}"
2026-02-02T10:07:54.975,"{""sensor"":{""time"":223559,""status"":true,""class:"":2}}"
2026-02-02T10:07:55.065,"{""sensor"":{""time"":223674,""status"":true,""class:"":2}}"
2026-02-02T10:07:55.154,"{""sensor"":{""time"":223790,""status"":true,""class:"":2}}"
2026-02-02T10:07:55.289,"{""sensor"":{""time"":223905,""status"":true,""class:"":2}}"
2026-02-02T10:07:55.424,"{""sensor"":{""time"":224020,""status"":true,""class:"":2}}"
2026-02-02T10:07:55.561,"{""sensor"":{""time"":224136,""status"":true,""class:"":2}}"
2026-02-02T10:07:55.649,"{""sensor"":{""time"":224251,""status"":true,""class:"":2}}"
2026-02-02T10:07:55.740,"{""sensor"":{""time"":224366,""status"":true,""class:"":2}}"
2026-02-02T10:07:55.876,"{""sensor"":{""time"":224482,""status"":true,""class:"":2}}"
2026-02-02T10:07:55.964,"{""sensor"":{""time"":224597,""status"":true,""class:"":2}}"
2026-02-02T10:07:56.099,"{""sensor"":{""time"":224713,""status"":true,""class:"":2}}"
2026-02-02T10:07:56.235,"{""sensor"":{""time"":224828,""status"":true,""class:"":2}}"
2026-02-02T10:07:56.324,"{""sensor"":{""time"":224944,""status"":true,""class:"":2}}"
2026-02-02T10:07:56.549,"{""sensor"":{""time"":225059,""status"":true,""class:"":2}}"
2026-02-02T10:07:56.596,"{""sensor"":{""time"":225174,""status"":true,""class:"":2}}"
2026-02-02T10:07:56.684,"{""sensor"":{""time"":225290,""status"":true,""class:"":2}}"
2026-02-02T10:07:56.774,"{""sensor"":{""time"":225405,""status"":true,""class:"":2}}"
2026-02-02T10:07:56.955,"{""sensor"":{""time"":225520,""status"":true,""class:"":2}}"
2026-02-02T10:07:57.089,"{""sensor"":{""time"":225635,""status"":true,""class:"":2}}"
2026-02-02T10:07:57.180,"{""sensor"":{""time"":225751,""status"":true,""class:"":2}}"
2026-02-02T10:07:57.316,"{""sensor"":{""time"":225866,""status"":true,""class:"":2}}"
2026-02-02T10:07:57.405,"{""sensor"":{""time"":225981,""status"":true,""class:"":2}}"
2026-02-02T10:07:57.495,"{""sensor"":{""time"":226097,""status"":true,""class:"":2}}"
2026-02-02T10:07:57.630,"{""sensor"":{""time"":226212,""status"":true,""class:"":2}}"
2026-02-02T10:07:57.811,"{""sensor"":{""time"":226328,""status"":true,""class:"":2}}"
2026-02-02T10:07:57.854,"{""sensor"":{""time"":226443,""status"":true,""class:"":2}}"
2026-02-02T10:07:57.946,"{""sensor"":{""time"":226558,""status"":true,""class:"":2}}"
2026-02-02T10:07:58.079,"{""sensor"":{""time"":226674,""status"":true,""class:"":2}}"
2026-02-02T10:07:58.170,"{""sensor"":{""time"":226789,""status"":true,""class:"":2}}"
2026-02-02T10:07:58.305,"{""sensor"":{""time"":226905,""status"":true,""class:"":2}}"
2026-02-02T10:07:58.395,"{""sensor"":{""time"":227020,""status"":true,""class:"":2}}"
2026-02-02T10:07:58.529,"{""sensor"":{""time"":227135,""status"":true,""class:"":2}}"
2026-02-02T10:07:58.665,"{""sensor"":{""time"":227251,""status"":true,""class:"":2}}"
2026-02-02T10:07:58.754,"{""sensor"":{""time"":227366,""status"":true,""class:"":2}}"
2026-02-02T10:07:58.844,"{""sensor"":{""time"":227481,""status"":true,""class:"":2}}"
2026-02-02T10:07:59.071,"{""sensor"":{""time"":227597,""status"":true,""class:"":2}}"
2026-02-02T10:07:59.160,"{""sensor"":{""time"":227712,""status"":true,""class:"":2}}"
2026-02-02T10:07:59.249,"{""sensor"":{""time"":227827,""status"":true,""class:"":2}}"
2026-02-02T10:07:59.340,"{""sensor"":{""time"":227943,""status"":true,""class:"":2}}"
2026-02-02T10:07:59.430,"{""sensor"":{""time"":228058,""status"":true,""class:"":2}}"
2026-02-02T10:07:59.564,"{""sensor"":{""time"":228173,""status"":true,""class:"":2}}"
2026-02-02T10:07:59.654,"{""sensor"":{""time"":228289,""status"":true,""class:"":2}}"
2026-02-02T10:07:59.790,"{""sensor"":{""time"":228404,""status"":true,""class:"":2}}"
2026-02-02T10:07:59.880,"{""sensor"":{""time"":228520,""status"":true,""class:"":2}}"
2026-02-02T10:08:00.015,"{""sensor"":{""time"":228635,""status"":true,""class:"":2}}"
2026-02-02T10:08:00.150,"{""sensor"":{""time"":228750,""status"":true,""class:"":2}}"
2026-02-02T10:08:00.239,"{""sensor"":{""time"":228866,""status"":true,""class:"":2}}"
2026-02-02T10:08:00.374,"{""sensor"":{""time"":228981,""status"":true,""class:"":2}}"
2026-02-02T10:08:00.465,"{""sensor"":{""time"":229096,""status"":true,""class:"":2}}"
2026-02-02T10:08:00.601,"{""sensor"":{""time"":229212,""status"":true,""class:"":2}}"
2026-02-02T10:08:00.689,"{""sensor"":{""time"":229327,""status"":true,""class:"":2}}"
2026-02-02T10:08:00.825,"{""sensor"":{""time"":229442,""status"":true,""class:"":2}}"
2026-02-02T10:08:00.961,"{""sensor"":{""time"":229558,""status"":true,""class:"":2}}"
2026-02-02T10:08:01.139,"{""sensor"":{""time"":229673,""status"":true,""class:"":2}}"
2026-02-02T10:08:01.231,"{""sensor"":{""time"":229788,""status"":true,""class:"":2}}"
2026-02-02T10:08:01.410,"{""sensor"":{""time"":229904,""status"":true,""class:"":2}}"
2026-02-02T10:08:01.455,"{""sensor"":{""time"":230019,""status"":true,""class:"":2}}"
2026-02-02T10:08:01.590,"{""sensor"":{""time"":230134,""status"":true,""class:"":2}}"
2026-02-02T10:08:01.680,"{""sensor"":{""time"":230249,""status"":true,""class:"":2}}"
2026-02-02T10:08:01.769,"{""sensor"":{""time"":230365,""status"":true,""class:"":2}}"
2026-02-02T10:08:01.859,"{""sensor"":{""time"":230480,""status"":true,""class:"":2}}"
2026-02-02T10:08:01.996,"{""sensor"":{""time"":230596,""status"":true,""class:"":2}}"
2026-02-02T10:08:02.084,"{""sensor"":{""time"":230711,""status"":true,""class:"":2}}"
2026-02-02T10:08:02.220,"{""sensor"":{""time"":230827,""status"":true,""class:"":2}}"
2026-02-02T10:08:02.309,"{""sensor"":{""time"":230942,""status"":true,""class:"":2}}"
2026-02-02T10:08:02.445,"{""sensor"":{""time"":231058,""status"":true,""class:"":2}}"
2026-02-02T10:08:02.534,"{""sensor"":{""time"":231173,""status"":true,""class:"":2}}"
2026-02-02T10:08:02.670,"{""sensor"":{""time"":231288,""status"":true,""class:"":2}}"
2026-02-02T10:08:02.805,"{""sensor"":{""time"":231404,""status"":true,""class:"":2}}"
2026-02-02T10:08:02.894,"{""sensor"":{""time"":231519,""status"":true,""class:"":2}}"
2026-02-02T10:08:03.030,"{""sensor"":{""time"":231635,""status"":true,""class:"":2}}"
2026-02-02T10:08:03.119,"{""sensor"":{""time"":231750,""status"":true,""class:"":2}}"
2026-02-02T10:08:03.254,"{""sensor"":{""time"":231866,""status"":true,""class:"":2}}"
2026-02-02T10:08:03.345,"{""sensor"":{""time"":231981,""status"":true,""class:"":2}}"
2026-02-02T10:08:03.480,"{""sensor"":{""time"":232096,""status"":true,""class:"":2}}"
2026-02-02T10:08:03.616,"{""sensor"":{""time"":232211,""status"":true,""class:"":2}}"
2026-02-02T10:08:03.704,"{""sensor"":{""time"":232327,""status"":true,""class:"":2}}"
2026-02-02T10:08:03.840,"{""sensor"":{""time"":232442,""status"":true,""class:"":2}}"
2026-02-02T10:08:03.929,"{""sensor"":{""time"":232557,""status"":true,""class:"":2}}"
2026-02-02T10:08:04.065,"{""sensor"":{""time"":232673,""status"":true,""class:"":2}}"
2026-02-02T10:08:04.154,"{""sensor"":{""time"":232788,""status"":true,""class:"":2}}"
2026-02-02T10:08:04.335,"{""sensor"":{""time"":232903,""status"":true,""class:"":2}}"
2026-02-02T10:08:04.425,"{""sensor"":{""time"":233019,""status"":true,""class:"":2}}"
2026-02-02T10:08:04.514,"{""sensor"":{""time"":233134,""status"":true,""class:"":2}}"
2026-02-02T10:08:04.650,"{""sensor"":{""time"":233250,""status"":true,""class:"":2}}"
2026-02-02T10:08:04.739,"{""sensor"":{""time"":233365,""status"":true,""class:"":2}}"
2026-02-02T10:08:04.874,"{""sensor"":{""time"":233480,""status"":true,""class:"":2}}"
2026-02-02T10:08:04.966,"{""sensor"":{""time"":233596,""status"":true,""class:"":2}}"
2026-02-02T10:08:05.100,"{""sensor"":{""time"":233711,""status"":true,""class:"":2}}"
2026-02-02T10:08:05.325,"{""sensor"":{""time"":233826,""status"":true,""class:"":2}}"
2026-02-02T10:08:05.369,"{""sensor"":{""time"":233942,""status"":true,""class:"":2}}"
2026-02-02T10:08:05.460,"{""sensor"":{""time"":234057,""status"":true,""class:"":2}}"
2026-02-02T10:08:05.549,"{""sensor"":{""time"":234173,""status"":true,""class:"":2}}"
2026-02-02T10:08:05.730,"{""sensor"":{""time"":234288,""status"":true,""class:"":2}}"
2026-02-02T10:08:05.864,"{""sensor"":{""time"":234403,""status"":true,""class:"":2}}"
2026-02-02T10:08:05.956,"{""sensor"":{""time"":234519,""status"":true,""class:"":2}}"
2026-02-02T10:08:06.045,"{""sensor"":{""time"":234634,""status"":true,""class:"":2}}"
2026-02-02T10:08:06.134,"{""sensor"":{""time"":234749,""status"":true,""class:"":2}}"
2026-02-02T10:08:06.225,"{""sensor"":{""time"":234865,""status"":true,""class:"":2}}"
2026-02-02T10:08:06.360,"{""sensor"":{""time"":234980,""status"":true,""class:"":2}}"
2026-02-02T10:08:06.584,"{""sensor"":{""time"":235096,""status"":true,""class:"":2}}"
2026-02-02T10:08:06.630,"{""sensor"":{""time"":235211,""status"":true,""class:"":2}}"
2026-02-02T10:08:06.721,"{""sensor"":{""time"":235326,""status"":true,""class:"":2}}"
2026-02-02T10:08:06.809,"{""sensor"":{""time"":235441,""status"":true,""class:"":2}}"
2026-02-02T10:08:06.945,"{""sensor"":{""time"":235557,""status"":true,""class:"":2}}"
2026-02-02T10:08:07.080,"{""sensor"":{""time"":235672,""status"":true,""class:"":2}}"
2026-02-02T10:08:07.171,"{""sensor"":{""time"":235788,""status"":true,""class:"":2}}"
2026-02-02T10:08:07.350,"{""sensor"":{""time"":235903,""status"":true,""class:"":2}}"
2026-02-02T10:08:07.440,"{""sensor"":{""time"":236018,""status"":true,""class:"":2}}"
2026-02-02T10:08:07.575,"{""sensor"":{""time"":236134,""status"":true,""class:"":2}}"
2026-02-02T10:08:07.664,"{""sensor"":{""time"":236249,""status"":true,""class:"":2}}"
2026-02-02T10:08:07.755,"{""sensor"":{""time"":236364,""status"":true,""class:"":2}}"
2026-02-02T10:08:07.845,"{""sensor"":{""time"":236480,""status"":true,""class:"":2}}"
2026-02-02T10:08:07.980,"{""sensor"":{""time"":236595,""status"":true,""class:"":2}}"
2026-02-02T10:08:08.160,"{""sensor"":{""time"":236711,""status"":true,""class:"":2}}"
2026-02-02T10:08:08.251,"{""sensor"":{""time"":236826,""status"":true,""class:"":2}}"
2026-02-02T10:08:08.384,"{""sensor"":{""time"":236941,""status"":true,""class:"":2}}"
2026-02-02T10:08:08.429,"{""sensor"":{""time"":237057,""status"":true,""class:"":2}}"
2026-02-02T10:08:08.611,"{""sensor"":{""time"":237172,""status"":true,""class:"":2}}"
2026-02-02T10:08:08.745,"{""sensor"":{""time"":237288,""status"":true,""class:"":2}}"
2026-02-02T10:08:08.925,"{""sensor"":{""time"":237403,""status"":true,""class:"":2}}"
2026-02-02T10:08:08.974,"{""sensor"":{""time"":237518,""status"":true,""class:"":2}}"
2026-02-02T10:08:09.106,"{""sensor"":{""time"":237634,""status"":true,""class:"":2}}"
2026-02-02T10:08:09.195,"{""sensor"":{""time"":237749,""status"":true,""class:"":2}}"
2026-02-02T10:08:09.285,"{""sensor"":{""time"":237864,""status"":true,""class:"":2}}"
2026-02-02T10:08:09.375,"{""sensor"":{""time"":237980,""status"":true,""class:"":2}}"
2026-02-02T10:08:09.510,"{""sensor"":{""time"":238095,""status"":true,""class:"":2}}"
2026-02-02T10:08:09.599,"{""sensor"":{""time"":238210,""status"":true,""class:"":2}}"
2026-02-02T10:08:09.691,"{""sensor"":{""time"":238326,""status"":true,""class:"":2}}"
2026-02-02T10:08:09.825,"{""sensor"":{""time"":238441,""status"":true,""class:"":2}}"
2026-02-02T10:08:09.959,"{""sensor"":{""time"":238556,""status"":true,""class:"":2}}"
2026-02-02T10:08:10.051,"{""sensor"":{""time"":238672,""status"":true,""class:"":2}}"
2026-02-02T10:08:10.184,"{""sensor"":{""time"":238787,""status"":true,""class:"":2}}"
2026-02-02T10:08:10.274,"{""sensor"":{""time"":238903,""status"":true,""class:"":2}}"
2026-02-02T10:08:10.409,"{""sensor"":{""time"":239018,""status"":true,""class:"":2}}"
2026-02-02T10:08:10.499,"{""sensor"":{""time"":239133,""status"":true,""class:"":2}}"
2026-02-02T10:08:10.635,"{""sensor"":{""time"":239248,""status"":true,""class:"":2}}"
2026-02-02T10:08:10.725,"{""sensor"":{""time"":239364,""status"":true,""class:"":2}}"
2026-02-02T10:08:10.860,"{""sensor"":{""time"":239479,""status"":true,""class:"":2}}"
2026-02-02T10:08:10.995,"{""sensor"":{""time"":239595,""status"":true,""class:"":2}}"
2026-02-02T10:08:11.084,"{""sensor"":{""time"":239710,""status"":true,""class:"":2}}"
2026-02-02T10:08:11.219,"{""sensor"":{""time"":239825,""status"":true,""class:"":2}}"
2026-02-02T10:08:11.310,"{""sensor"":{""time"":239941,""status"":true,""class:"":2}}"
2026-02-02T10:08:11.446,"{""sensor"":{""time"":240056,""status"":true,""class:"":2}}"
2026-02-02T10:08:11.580,"{""sensor"":{""time"":240171,""status"":true,""class:"":2}}"
2026-02-02T10:08:11.670,"{""sensor"":{""time"":240287,""status"":true,""class:"":2}}"
2026-02-02T10:08:11.804,"{""sensor"":{""time"":240402,""status"":true,""class:"":2}}"
2026-02-02T10:08:11.896,"{""sensor"":{""time"":240518,""status"":true,""class:"":2}}"
2026-02-02T10:08:12.030,"{""sensor"":{""time"":240633,""status"":true,""class:"":2}}"
2026-02-02T10:08:12.120,"{""sensor"":{""time"":240749,""status"":true,""class:"":2}}"
2026-02-02T10:08:12.255,"{""sensor"":{""time"":240864,""status"":true,""class:"":2}}"
2026-02-02T10:08:12.389,"{""sensor"":{""time"":240979,""status"":true,""class:"":2}}"
2026-02-02T10:08:12.479,"{""sensor"":{""time"":241095,""status"":true,""class:"":2}}"
2026-02-02T10:08:12.571,"{""sensor"":{""time"":241210,""status"":true,""class:"":2}}"
2026-02-02T10:08:12.749,"{""sensor"":{""time"":241325,""status"":true,""class:"":2}}"
2026-02-02T10:08:12.840,"{""sensor"":{""time"":241441,""status"":true,""class:"":2}}"
2026-02-02T10:08:12.974,"{""sensor"":{""time"":241556,""status"":true,""class:"":2}}"
2026-02-02T10:08:13.067,"{""sensor"":{""time"":241672,""status"":true,""class:"":2}}"
2026-02-02T10:08:13.154,"{""sensor"":{""time"":241787,""status"":true,""class:"":2}}"
2026-02-02T10:08:13.335,"{""sensor"":{""time"":241903,""status"":true,""class:"":2}}"
2026-02-02T10:08:13.425,"{""sensor"":{""time"":242018,""status"":true,""class:"":2}}"
2026-02-02T10:08:13.515,"{""sensor"":{""time"":242133,""status"":true,""class:"":2}}"
2026-02-02T10:08:13.649,"{""sensor"":{""time"":242248,""status"":true,""class:"":2}}"
2026-02-02T10:08:13.739,"{""sensor"":{""time"":242364,""status"":true,""class:"":2}}"
2026-02-02T10:08:13.875,"{""sensor"":{""time"":242479,""status"":true,""class:"":2}}"
2026-02-02T10:08:13.965,"{""sensor"":{""time"":242595,""status"":true,""class:"":2}}"
2026-02-02T10:08:14.145,"{""sensor"":{""time"":242710,""status"":true,""class:"":2}}"
2026-02-02T10:08:14.235,"{""sensor"":{""time"":242825,""status"":true,""class:"":2}}"
2026-02-02T10:08:14.324,"{""sensor"":{""time"":242941,""status"":true,""class:"":2}}"
2026-02-02T10:08:14.461,"{""sensor"":{""time"":243056,""status"":true,""class:"":2}}"
2026-02-02T10:08:14.549,"{""sensor"":{""time"":243172,""status"":true,""class:"":2}}"
2026-02-02T10:08:14.686,"{""sensor"":{""time"":243287,""status"":true,""class:"":2}}"
2026-02-02T10:08:14.819,"{""sensor"":{""time"":243402,""status"":true,""class:"":2}}"
2026-02-02T10:08:14.954,"{""sensor"":{""time"":243518,""status"":true,""class:"":2}}"
2026-02-02T10:08:15.046,"{""sensor"":{""time"":243633,""status"":true,""class:"":2}}"
2026-02-02T10:08:15.180,"{""sensor"":{""time"":243748,""status"":true,""class:"":2}}"
2026-02-02T10:08:15.315,"{""sensor"":{""time"":243864,""status"":true,""class:"":2}}"
2026-02-02T10:08:15.404,"{""sensor"":{""time"":243979,""status"":true,""class:"":2}}"
2026-02-02T10:08:15.496,"{""sensor"":{""time"":244095,""status"":true,""class:"":2}}"
2026-02-02T10:08:15.585,"{""sensor"":{""time"":244210,""status"":true,""class:"":2}}"
2026-02-02T10:08:15.720,"{""sensor"":{""time"":244326,""status"":true,""class:"":2}}"
2026-02-02T10:08:15.810,"{""sensor"":{""time"":244441,""status"":true,""class:"":2}}"
2026-02-02T10:08:15.946,"{""sensor"":{""time"":244556,""status"":true,""class:"":2}}"
2026-02-02T10:08:16.081,"{""sensor"":{""time"":244672,""status"":true,""class:"":2}}"
2026-02-02T10:08:16.215,"{""sensor"":{""time"":244787,""status"":true,""class:"":2}}"
2026-02-02T10:08:16.305,"{""sensor"":{""time"":244902,""status"":true,""class:"":2}}"
2026-02-02T10:08:16.440,"{""sensor"":{""time"":245017,""status"":true,""class:"":2}}"
2026-02-02T10:08:16.619,"{""sensor"":{""time"":245133,""status"":true,""class:"":2}}"
2026-02-02T10:08:16.666,"{""sensor"":{""time"":245249,""status"":true,""class:"":2}}"
2026-02-02T10:08:16.755,"{""sensor"":{""time"":245364,""status"":true,""class:"":2}}"
2026-02-02T10:08:16.845,"{""sensor"":{""time"":245480,""status"":true,""class:"":2}}"
2026-02-02T10:08:16.979,"{""sensor"":{""time"":245595,""status"":true,""class:"":2}}"
2026-02-02T10:08:17.071,"{""sensor"":{""time"":245710,""status"":true,""class:"":2}}"
2026-02-02T10:08:17.204,"{""sensor"":{""time"":245826,""status"":true,""class:"":2}}"
2026-02-02T10:08:17.340,"{""sensor"":{""time"":245941,""status"":true,""class:"":2}}"
2026-02-02T10:08:17.429,"{""sensor"":{""time"":246056,""status"":true,""class:"":2}}"
2026-02-02T10:08:17.566,"{""sensor"":{""time"":246172,""status"":true,""class:"":2}}"
2026-02-02T10:08:17.700,"{""sensor"":{""time"":246287,""status"":true,""class:"":2}}"
2026-02-02T10:08:17.791,"{""sensor"":{""time"":246402,""status"":true,""class:"":2}}"
2026-02-02T10:08:17.924,"{""sensor"":{""time"":246518,""status"":true,""class:"":2}}"
2026-02-02T10:08:18.015,"{""sensor"":{""time"":246633,""status"":true,""class:"":2}}"
2026-02-02T10:08:18.195,"{""sensor"":{""time"":246749,""status"":true,""class:"":2}}"
2026-02-02T10:08:18.284,"{""sensor"":{""time"":246864,""status"":true,""class:"":2}}"
2026-02-02T10:08:18.374,"{""sensor"":{""time"":246979,""status"":true,""class:"":2}}"
2026-02-02T10:08:18.464,"{""sensor"":{""time"":247095,""status"":true,""class:"":2}}"
2026-02-02T10:08:18.599,"{""sensor"":{""time"":247210,""status"":true,""class:"":2}}"
2026-02-02T10:08:18.690,"{""sensor"":{""time"":247326,""status"":true,""class:"":2}}"
2026-02-02T10:08:18.825,"{""sensor"":{""time"":247441,""status"":true,""class:"":2}}"
2026-02-02T10:08:18.961,"{""sensor"":{""time"":247557,""status"":true,""class:"":2}}"
2026-02-02T10:08:19.094,"{""sensor"":{""time"":247672,""status"":true,""class:"":2}}"
2026-02-02T10:08:19.184,"{""sensor"":{""time"":247787,""status"":true,""class:"":2}}"
2026-02-02T10:08:19.275,"{""sensor"":{""time"":247903,""status"":true,""class:"":2}}"
2026-02-02T10:08:19.411,"{""sensor"":{""time"":248018,""status"":true,""class:"":2}}"
2026-02-02T10:08:19.500,"{""sensor"":{""time"":248133,""status"":true,""class:"":2}}"
2026-02-02T10:08:19.680,"{""sensor"":{""time"":248249,""status"":true,""class:"":2}}"
2026-02-02T10:08:19.770,"{""sensor"":{""time"":248364,""status"":true,""class:"":2}}"
2026-02-02T10:08:19.861,"{""sensor"":{""time"":248480,""status"":true,""class:"":2}}"
2026-02-02T10:08:19.994,"{""sensor"":{""time"":248595,""status"":true,""class:"":2}}"
2026-02-02T10:08:20.131,"{""sensor"":{""time"":248710,""status"":true,""class:"":2}}"
2026-02-02T10:08:20.219,"{""sensor"":{""time"":248826,""status"":true,""class:"":2}}"
2026-02-02T10:08:20.309,"{""sensor"":{""time"":248941,""status"":true,""class:"":2}}"
2026-02-02T10:08:20.445,"{""sensor"":{""time"":249056,""status"":true,""class:"":2}}"
2026-02-02T10:08:20.534,"{""sensor"":{""time"":249171,""status"":true,""class:"":2}}"
2026-02-02T10:08:20.670,"{""sensor"":{""time"":249287,""status"":true,""class:"":2}}"
2026-02-02T10:08:20.805,"{""sensor"":{""time"":249402,""status"":true,""class:"":2}}"
2026-02-02T10:08:20.894,"{""sensor"":{""time"":249517,""status"":true,""class:"":2}}"
2026-02-02T10:08:21.030,"{""sensor"":{""time"":249633,""status"":true,""class:"":2}}"
2026-02-02T10:08:21.122,"{""sensor"":{""time"":249748,""status"":true,""class:"":2}}"
2026-02-02T10:08:21.255,"{""sensor"":{""time"":249864,""status"":true,""class:"":2}}"
2026-02-02T10:08:21.345,"{""sensor"":{""time"":249979,""status"":true,""class:"":2}}"
2026-02-02T10:08:21.480,"{""sensor"":{""time"":250094,""status"":true,""class:"":2}}"
2026-02-02T10:08:21.705,"{""sensor"":{""time"":250210,""status"":true,""class:"":2}}"
2026-02-02T10:08:21.749,"{""sensor"":{""time"":250325,""status"":true,""class:"":2}}"
2026-02-02T10:08:21.840,"{""sensor"":{""time"":250440,""status"":true,""class:"":2}}"
2026-02-02T10:08:21.929,"{""sensor"":{""time"":250556,""status"":true,""class:"":2}}"
2026-02-02T10:08:22.065,"{""sensor"":{""time"":250671,""status"":true,""class:"":2}}"
2026-02-02T10:08:22.155,"{""sensor"":{""time"":250786,""status"":true,""class:"":2}}"
2026-02-02T10:08:22.290,"{""sensor"":{""time"":250902,""status"":true,""class:"":2}}"
2026-02-02T10:08:22.379,"{""sensor"":{""time"":251017,""status"":true,""class:"":2}}"
2026-02-02T10:08:22.514,"{""sensor"":{""time"":251133,""status"":true,""class:"":2}}"
2026-02-02T10:08:22.740,"{""sensor"":{""time"":251248,""status"":true,""class:"":2}}"
2026-02-02T10:08:22.829,"{""sensor"":{""time"":251363,""status"":true,""class:"":2}}"
2026-02-02T10:08:23.010,"{""sensor"":{""time"":251479,""status"":true,""class:"":2}}"
2026-02-02T10:08:23.055,"{""sensor"":{""time"":251594,""status"":true,""class:"":2}}"
2026-02-02T10:08:23.145,"{""sensor"":{""time"":251710,""status"":true,""class:"":2}}"
2026-02-02T10:08:23.236,"{""sensor"":{""time"":251825,""status"":true,""class:"":2}}"
2026-02-02T10:08:23.324,"{""sensor"":{""time"":251940,""status"":true,""class:"":2}}"
2026-02-02T10:08:23.415,"{""sensor"":{""time"":252056,""status"":true,""class:"":2}}"
2026-02-02T10:08:23.595,"{""sensor"":{""time"":252171,""status"":true,""class:"":2}}"
2026-02-02T10:08:23.685,"{""sensor"":{""time"":252287,""status"":true,""class:"":2}}"
2026-02-02T10:08:23.775,"{""sensor"":{""time"":252402,""status"":true,""class:"":2}}"
2026-02-02T10:08:23.910,"{""sensor"":{""time"":252517,""status"":true,""class:"":2}}"
2026-02-02T10:08:24.003,"{""sensor"":{""time"":252633,""status"":true,""class:"":2}}"
2026-02-02T10:08:24.136,"{""sensor"":{""time"":252748,""status"":true,""class:"":2}}"
2026-02-02T10:08:24.224,"{""sensor"":{""time"":252864,""status"":true,""class:"":2}}"
2026-02-02T10:08:24.360,"{""sensor"":{""time"":252979,""status"":true,""class:"":2}}"
2026-02-02T10:08:24.495,"{""sensor"":{""time"":253094,""status"":true,""class:"":2}}"
2026-02-02T10:08:24.630,"{""sensor"":{""time"":253210,""status"":true,""class:"":2}}"
2026-02-02T10:08:24.719,"{""sensor"":{""time"":253325,""status"":true,""class:"":2}}"
2026-02-02T10:08:24.810,"{""sensor"":{""time"":253441,""status"":true,""class:"":2}}"
2026-02-02T10:08:24.945,"{""sensor"":{""time"":253556,""status"":true,""class:"":2}}"
2026-02-02T10:08:25.034,"{""sensor"":{""time"":253671,""status"":true,""class:"":2}}"
2026-02-02T10:08:25.170,"{""sensor"":{""time"":253787,""status"":true,""class:"":2}}"
2026-02-02T10:08:25.305,"{""sensor"":{""time"":253902,""status"":true,""class:"":2}}"
2026-02-02T10:08:25.395,"{""sensor"":{""time"":254017,""status"":true,""class:"":2}}"
2026-02-02T10:08:25.530,"{""sensor"":{""time"":254133,""status"":true,""class:"":2}}"
2026-02-02T10:08:25.619,"{""sensor"":{""time"":254248,""status"":true,""class:"":2}}"
2026-02-02T10:08:25.755,"{""sensor"":{""time"":254364,""status"":true,""class:"":2}}"
2026-02-02T10:08:25.891,"{""sensor"":{""time"":254479,""status"":true,""class:"":2}}"
2026-02-02T10:08:26.025,"{""sensor"":{""time"":254594,""status"":true,""class:"":2}}"
2026-02-02T10:08:26.115,"{""sensor"":{""time"":254710,""status"":true,""class:"":2}}"
2026-02-02T10:08:26.205,"{""sensor"":{""time"":254825,""status"":true,""class:"":2}}"
2026-02-02T10:08:26.339,"{""sensor"":{""time"":254940,""status"":true,""class:"":2}}"
2026-02-02T10:08:26.429,"{""sensor"":{""time"":255056,""status"":true,""class:"":2}}"
2026-02-02T10:08:26.610,"{""sensor"":{""time"":255171,""status"":true,""class:"":2}}"
2026-02-02T10:08:26.699,"{""sensor"":{""time"":255286,""status"":true,""class:"":2}}"
2026-02-02T10:08:26.791,"{""sensor"":{""time"":255402,""status"":true,""class:"":2}}"
2026-02-02T10:08:26.879,"{""sensor"":{""time"":255517,""status"":true,""class:"":2}}"
2026-02-02T10:08:27.014,"{""sensor"":{""time"":255632,""status"":true,""class:"":2}}"
2026-02-02T10:08:27.149,"{""sensor"":{""time"":255748,""status"":true,""class:"":2}}"
2026-02-02T10:08:27.284,"{""sensor"":{""time"":255863,""status"":true,""class:"":2}}"
2026-02-02T10:08:27.374,"{""sensor"":{""time"":255978,""status"":true,""class:"":2}}"
2026-02-02T10:08:27.465,"{""sensor"":{""time"":256094,""status"":true,""class:"":2}}"
2026-02-02T10:08:27.599,"{""sensor"":{""time"":256209,""status"":true,""class:"":2}}"
2026-02-02T10:08:27.690,"{""sensor"":{""time"":256324,""status"":true,""class:"":2}}"
2026-02-02T10:08:27.825,"{""sensor"":{""time"":256440,""status"":true,""class:"":2}}"
2026-02-02T10:08:27.960,"{""sensor"":{""time"":256555,""status"":true,""class:"":2}}"
2026-02-02T10:08:28.050,"{""sensor"":{""time"":256670,""status"":true,""class:"":2}}"
2026-02-02T10:08:28.184,"{""sensor"":{""time"":256786,""status"":true,""class:"":2}}"
2026-02-02T10:08:28.274,"{""sensor"":{""time"":256901,""status"":true,""class:"":2}}"
2026-02-02T10:08:28.410,"{""sensor"":{""time"":257017,""status"":true,""class:"":2}}"
2026-02-02T10:08:28.500,"{""sensor"":{""time"":257132,""status"":true,""class:"":2}}"
2026-02-02T10:08:28.636,"{""sensor"":{""time"":257247,""status"":true,""class:"":2}}"
2026-02-02T10:08:28.725,"{""sensor"":{""time"":257363,""status"":true,""class:"":2}}"
2026-02-02T10:08:28.860,"{""sensor"":{""time"":257478,""status"":true,""class:"":2}}"
2026-02-02T10:08:28.994,"{""sensor"":{""time"":257593,""status"":true,""class:"":2}}"
2026-02-02T10:08:29.175,"{""sensor"":{""time"":257709,""status"":true,""class:"":2}}"
2026-02-02T10:08:29.310,"{""sensor"":{""time"":257824,""status"":true,""class:"":2}}"
2026-02-02T10:08:29.355,"{""sensor"":{""time"":257939,""status"":true,""class:"":2}}"
2026-02-02T10:08:29.444,"{""sensor"":{""time"":258055,""status"":true,""class:"":2}}"
2026-02-02T10:08:29.535,"{""sensor"":{""time"":258170,""status"":true,""class:"":2}}"
2026-02-02T10:08:29.670,"{""sensor"":{""time"":258286,""status"":true,""class:"":2}}"
2026-02-02T10:08:29.805,"{""sensor"":{""time"":258401,""status"":true,""class:"":2}}"
2026-02-02T10:08:29.895,"{""sensor"":{""time"":258516,""status"":true,""class:"":2}}"
2026-02-02T10:08:30.030,"{""sensor"":{""time"":258632,""status"":true,""class:"":2}}"
2026-02-02T10:08:30.120,"{""sensor"":{""time"":258747,""status"":true,""class:"":2}}"
2026-02-02T10:08:30.255,"{""sensor"":{""time"":258863,""status"":true,""class:"":2}}"
2026-02-02T10:08:30.345,"{""sensor"":{""time"":258978,""status"":true,""class:"":2}}"
2026-02-02T10:08:30.480,"{""sensor"":{""time"":259094,""status"":true,""class:"":2}}"
2026-02-02T10:08:30.570,"{""sensor"":{""time"":259209,""status"":true,""class:"":2}}"
2026-02-02T10:08:30.705,"{""sensor"":{""time"":259324,""status"":true,""class:"":2}}"
2026-02-02T10:08:30.840,"{""sensor"":{""time"":259439,""status"":true,""class:"":2}}"
2026-02-02T10:08:30.930,"{""sensor"":{""time"":259555,""status"":true,""class:"":2}}"
2026-02-02T10:08:31.110,"{""sensor"":{""time"":259670,""status"":true,""class:"":2}}"
2026-02-02T10:08:31.200,"{""sensor"":{""time"":259786,""status"":true,""class:"":2}}"
2026-02-02T10:08:31.290,"{""sensor"":{""time"":259901,""status"":true,""class:"":2}}"
2026-02-02T10:08:31.380,"{""sensor"":{""time"":260016,""status"":true,""class:"":2}}"
2026-02-02T10:08:31.518,"{""sensor"":{""time"":260132,""status"":true,""class:"":2}}"
2026-02-02T10:08:31.650,"{""sensor"":{""time"":260247,""status"":true,""class:"":2}}"
2026-02-02T10:08:31.739,"{""sensor"":{""time"":260363,""status"":true,""class:"":2}}"
2026-02-02T10:08:31.876,"{""sensor"":{""time"":260478,""status"":true,""class:"":2}}"
2026-02-02T10:08:31.964,"{""sensor"":{""time"":260593,""status"":true,""class:"":2}}"
2026-02-02T10:08:32.099,"{""sensor"":{""time"":260709,""status"":true,""class:"":2}}"
2026-02-02T10:08:32.189,"{""sensor"":{""time"":260824,""status"":true,""class:"":2}}"
2026-02-02T10:08:32.369,"{""sensor"":{""time"":260940,""status"":true,""class:"":2}}"
2026-02-02T10:08:32.460,"{""sensor"":{""time"":261055,""status"":true,""class:"":2}}"
2026-02-02T10:08:32.550,"{""sensor"":{""time"":261170,""status"":true,""class:"":2}}"
2026-02-02T10:08:32.687,"{""sensor"":{""time"":261286,""status"":true,""class:"":2}}"
2026-02-02T10:08:32.776,"{""sensor"":{""time"":261401,""status"":true,""class:"":2}}"
2026-02-02T10:08:32.910,"{""sensor"":{""time"":261517,""status"":true,""class:"":2}}"
2026-02-02T10:08:33.000,"{""sensor"":{""time"":261632,""status"":true,""class:"":2}}"
2026-02-02T10:08:33.134,"{""sensor"":{""time"":261747,""status"":true,""class:"":2}}"
2026-02-02T10:08:33.224,"{""sensor"":{""time"":261863,""status"":true,""class:"":2}}"
2026-02-02T10:08:33.360,"{""sensor"":{""time"":261978,""status"":true,""class:"":2}}"
2026-02-02T10:08:33.495,"{""sensor"":{""time"":262093,""status"":true,""class:"":2}}"
2026-02-02T10:08:33.629,"{""sensor"":{""time"":262209,""status"":true,""class:"":2}}"
2026-02-02T10:08:33.719,"{""sensor"":{""time"":262324,""status"":true,""class:"":2}}"
2026-02-02T10:08:33.810,"{""sensor"":{""time"":262440,""status"":true,""class:"":2}}"
2026-02-02T10:08:33.944,"{""sensor"":{""time"":262555,""status"":true,""class:"":2}}"
2026-02-02T10:08:34.126,"{""sensor"":{""time"":262670,""status"":true,""class:"":2}}"
2026-02-02T10:08:34.215,"{""sensor"":{""time"":262785,""status"":true,""class:"":2}}"
2026-02-02T10:08:34.304,"{""sensor"":{""time"":262901,""status"":true,""class:"":2}}"
2026-02-02T10:08:34.395,"{""sensor"":{""time"":263016,""status"":true,""class:"":2}}"
2026-02-02T10:08:34.530,"{""sensor"":{""time"":263132,""status"":true,""class:"":2}}"
2026-02-02T10:08:34.619,"{""sensor"":{""time"":263247,""status"":true,""class:"":2}}"
2026-02-02T10:08:34.799,"{""sensor"":{""time"":263362,""status"":true,""class:"":2}}"
2026-02-02T10:08:34.889,"{""sensor"":{""time"":263478,""status"":true,""class:"":2}}"
2026-02-02T10:08:34.981,"{""sensor"":{""time"":263593,""status"":true,""class:"":2}}"
2026-02-02T10:08:35.069,"{""sensor"":{""time"":263709,""status"":true,""class:"":2}}"
2026-02-02T10:08:35.205,"{""sensor"":{""time"":263824,""status"":true,""class:"":2}}"
2026-02-02T10:08:35.339,"{""sensor"":{""time"":263939,""status"":true,""class:"":2}}"
2026-02-02T10:08:35.430,"{""sensor"":{""time"":264055,""status"":true,""class:"":2}}"
2026-02-02T10:08:35.565,"{""sensor"":{""time"":264170,""status"":true,""class:"":2}}"
2026-02-02T10:08:35.656,"{""sensor"":{""time"":264286,""status"":true,""class:"":2}}"
2026-02-02T10:08:35.791,"{""sensor"":{""time"":264401,""status"":true,""class:"":2}}"
2026-02-02T10:08:35.880,"{""sensor"":{""time"":264517,""status"":true,""class:"":2}}"
2026-02-02T10:08:36.016,"{""sensor"":{""time"":264632,""status"":true,""class:"":2}}"
2026-02-02T10:08:36.150,"{""sensor"":{""time"":264748,""status"":true,""class:"":2}}"
2026-02-02T10:08:36.240,"{""sensor"":{""time"":264863,""status"":true,""class:"":2}}"
2026-02-02T10:08:36.376,"{""sensor"":{""time"":264978,""status"":true,""class:"":2}}"
2026-02-02T10:08:36.554,"{""sensor"":{""time"":265094,""status"":true,""class:"":2}}"
2026-02-02T10:08:36.646,"{""sensor"":{""time"":265209,""status"":true,""class:"":2}}"
2026-02-02T10:08:36.733,"{""sensor"":{""time"":265324,""status"":true,""class:"":2}}"
2026-02-02T10:08:36.824,"{""sensor"":{""time"":265440,""status"":true,""class:"":2}}"
2026-02-02T10:08:36.914,"{""sensor"":{""time"":265555,""status"":true,""class:"":2}}"
2026-02-02T10:08:37.049,"{""sensor"":{""time"":265670,""status"":true,""class:"":2}}"
2026-02-02T10:08:37.186,"{""sensor"":{""time"":265786,""status"":true,""class:"":2}}"
2026-02-02T10:08:37.275,"{""sensor"":{""time"":265901,""status"":true,""class:"":2}}"
2026-02-02T10:08:37.411,"{""sensor"":{""time"":266016,""status"":true,""class:"":2}}"
2026-02-02T10:08:37.500,"{""sensor"":{""time"":266132,""status"":true,""class:"":2}}"
2026-02-02T10:08:37.635,"{""sensor"":{""time"":266247,""status"":true,""class:"":2}}"
2026-02-02T10:08:37.725,"{""sensor"":{""time"":266362,""status"":true,""class:"":2}}"
2026-02-02T10:08:37.860,"{""sensor"":{""time"":266478,""status"":true,""class:"":2}}"
2026-02-02T10:08:37.994,"{""sensor"":{""time"":266593,""status"":true,""class:"":2}}"
2026-02-02T10:08:38.084,"{""sensor"":{""time"":266708,""status"":true,""class:"":2}}"
2026-02-02T10:08:38.219,"{""sensor"":{""time"":266824,""status"":true,""class:"":2}}"
2026-02-02T10:08:38.309,"{""sensor"":{""time"":266939,""status"":true,""class:"":2}}"
2026-02-02T10:08:38.445,"{""sensor"":{""time"":267055,""status"":true,""class:"":2}}"
2026-02-02T10:08:38.535,"{""sensor"":{""time"":267170,""status"":true,""class:"":2}}"
2026-02-02T10:08:38.670,"{""sensor"":{""time"":267285,""status"":true,""class:"":2}}"
2026-02-02T10:08:38.760,"{""sensor"":{""time"":267401,""status"":true,""class:"":2}}"
2026-02-02T10:08:38.894,"{""sensor"":{""time"":267516,""status"":true,""class:"":2}}"
2026-02-02T10:08:39.029,"{""sensor"":{""time"":267632,""status"":true,""class:"":2}}"
2026-02-02T10:08:39.165,"{""sensor"":{""time"":267747,""status"":true,""class:"":2}}"
2026-02-02T10:08:39.255,"{""sensor"":{""time"":267862,""status"":true,""class:"":2}}"
2026-02-02T10:08:39.344,"{""sensor"":{""time"":267978,""status"":true,""class:"":2}}"
2026-02-02T10:08:39.480,"{""sensor"":{""time"":268093,""status"":true,""class:"":2}}"
2026-02-02T10:08:39.569,"{""sensor"":{""time"":268209,""status"":true,""class:"":2}}"
2026-02-02T10:08:39.705,"{""sensor"":{""time"":268324,""status"":true,""class:"":2}}"
2026-02-02T10:08:39.841,"{""sensor"":{""time"":268439,""status"":true,""class:"":2}}"
2026-02-02T10:08:39.930,"{""sensor"":{""time"":268554,""status"":true,""class:"":2}}"
2026-02-02T10:08:40.065,"{""sensor"":{""time"":268670,""status"":true,""class:"":2}}"
2026-02-02T10:08:40.154,"{""sensor"":{""time"":268785,""status"":true,""class:"":2}}"
2026-02-02T10:08:40.290,"{""sensor"":{""time"":268900,""status"":true,""class:"":2}}"
2026-02-02T10:08:40.380,"{""sensor"":{""time"":269016,""status"":true,""class:"":2}}"
2026-02-02T10:08:40.514,"{""sensor"":{""time"":269131,""status"":true,""class:"":2}}"
2026-02-02T10:08:40.605,"{""sensor"":{""time"":269247,""status"":true,""class:"":2}}"
2026-02-02T10:08:40.739,"{""sensor"":{""time"":269362,""status"":true,""class:"":2}}"
2026-02-02T10:08:40.875,"{""sensor"":{""time"":269477,""status"":true,""class:"":2}}"
2026-02-02T10:08:40.964,"{""sensor"":{""time"":269593,""status"":true,""class:"":2}}"
2026-02-02T10:08:41.100,"{""sensor"":{""time"":269708,""status"":true,""class:"":2}}"
2026-02-02T10:08:41.189,"{""sensor"":{""time"":269823,""status"":true,""class:"":2}}"
2026-02-02T10:08:41.325,"{""sensor"":{""time"":269939,""status"":true,""class:"":2}}"
2026-02-02T10:08:41.415,"{""sensor"":{""time"":270054,""status"":true,""class:"":2}}"
2026-02-02T10:08:41.639,"{""sensor"":{""time"":270169,""status"":true,""class:"":2}}"
2026-02-02T10:08:41.729,"{""sensor"":{""time"":270285,""status"":true,""class:"":2}}"
2026-02-02T10:08:41.819,"{""sensor"":{""time"":270400,""status"":true,""class:"":2}}"
2026-02-02T10:08:41.910,"{""sensor"":{""time"":270516,""status"":true,""class:"":2}}"
2026-02-02T10:08:42.000,"{""sensor"":{""time"":270631,""status"":true,""class:"":2}}"
2026-02-02T10:08:42.133,"{""sensor"":{""time"":270747,""status"":true,""class:"":2}}"
2026-02-02T10:08:42.225,"{""sensor"":{""time"":270862,""status"":true,""class:"":2}}"
2026-02-02T10:08:42.361,"{""sensor"":{""time"":270977,""status"":true,""class:"":2}}"
2026-02-02T10:08:42.495,"{""sensor"":{""time"":271093,""status"":true,""class:"":2}}"
2026-02-02T10:08:42.585,"{""sensor"":{""time"":271208,""status"":true,""class:"":2}}"
2026-02-02T10:08:42.721,"{""sensor"":{""time"":271323,""status"":true,""class:"":2}}"
2026-02-02T10:08:42.809,"{""sensor"":{""time"":271439,""status"":true,""class:"":2}}"
2026-02-02T10:08:42.947,"{""sensor"":{""time"":271554,""status"":true,""class:"":2}}"
2026-02-02T10:08:43.079,"{""sensor"":{""time"":271670,""status"":true,""class:"":2}}"
2026-02-02T10:08:43.170,"{""sensor"":{""time"":271785,""status"":true,""class:"":2}}"
2026-02-02T10:08:43.258,"{""sensor"":{""time"":271900,""status"":true,""class:"":2}}"
2026-02-02T10:08:43.395,"{""sensor"":{""time"":272015,""status"":true,""class:"":2}}"
2026-02-02T10:08:43.574,"{""sensor"":{""time"":272131,""status"":true,""class:"":2}}"
2026-02-02T10:08:43.664,"{""sensor"":{""time"":272246,""status"":true,""class:"":2}}"
2026-02-02T10:08:43.800,"{""sensor"":{""time"":272361,""status"":true,""class:"":2}}"
2026-02-02T10:08:43.888,"{""sensor"":{""time"":272477,""status"":true,""class:"":2}}"
2026-02-02T10:08:43.980,"{""sensor"":{""time"":272592,""status"":true,""class:"":2}}"
2026-02-02T10:08:44.203,"{""sensor"":{""time"":272708,""status"":true,""class:"":2}}"
2026-02-02T10:08:44.248,"{""sensor"":{""time"":272823,""status"":true,""class:"":2}}"
2026-02-02T10:08:44.339,"{""sensor"":{""time"":272938,""status"":true,""class:"":2}}"
2026-02-02T10:08:44.430,"{""sensor"":{""time"":273054,""status"":true,""class:"":2}}"
2026-02-02T10:08:44.565,"{""sensor"":{""time"":273169,""status"":true,""class:"":2}}"
2026-02-02T10:08:44.655,"{""sensor"":{""time"":273285,""status"":true,""class:"":2}}"
2026-02-02T10:08:44.790,"{""sensor"":{""time"":273400,""status"":true,""class:"":2}}"
2026-02-02T10:08:44.880,"{""sensor"":{""time"":273515,""status"":true,""class:"":2}}"
2026-02-02T10:08:45.015,"{""sensor"":{""time"":273631,""status"":true,""class:"":2}}"
2026-02-02T10:08:45.105,"{""sensor"":{""time"":273746,""status"":true,""class:"":2}}"
2026-02-02T10:08:45.238,"{""sensor"":{""time"":273861,""status"":true,""class:"":2}}"
2026-02-02T10:08:45.375,"{""sensor"":{""time"":273977,""status"":true,""class:"":2}}"
2026-02-02T10:08:45.465,"{""sensor"":{""time"":274092,""status"":true,""class:"":2}}"
2026-02-02T10:08:45.599,"{""sensor"":{""time"":274207,""status"":true,""class:"":2}}"
2026-02-02T10:08:45.689,"{""sensor"":{""time"":274323,""status"":true,""class:"":2}}"
2026-02-02T10:08:45.825,"{""sensor"":{""time"":274438,""status"":true,""class:"":2}}"
2026-02-02T10:08:45.914,"{""sensor"":{""time"":274554,""status"":true,""class:"":2}}"
2026-02-02T10:08:46.050,"{""sensor"":{""time"":274669,""status"":true,""class:"":2}}"
2026-02-02T10:08:46.185,"{""sensor"":{""time"":274784,""status"":true,""class:"":2}}"
2026-02-02T10:08:46.275,"{""sensor"":{""time"":274899,""status"":true,""class:"":2}}"
2026-02-02T10:08:46.410,"{""sensor"":{""time"":275015,""status"":true,""class:"":2}}"
2026-02-02T10:08:46.500,"{""sensor"":{""time"":275130,""status"":true,""class:"":2}}"
2026-02-02T10:08:46.680,"{""sensor"":{""time"":275246,""status"":true,""class:"":2}}"
2026-02-02T10:08:46.769,"{""sensor"":{""time"":275361,""status"":true,""class:"":2}}"
2026-02-02T10:08:46.860,"{""sensor"":{""time"":275476,""status"":true,""class:"":2}}"
2026-02-02T10:08:46.950,"{""sensor"":{""time"":275592,""status"":true,""class:"":2}}"
2026-02-02T10:08:47.084,"{""sensor"":{""time"":275707,""status"":true,""class:"":2}}"
2026-02-02T10:08:47.220,"{""sensor"":{""time"":275823,""status"":true,""class:"":2}}"
2026-02-02T10:08:47.310,"{""sensor"":{""time"":275938,""status"":true,""class:"":2}}"
2026-02-02T10:08:47.445,"{""sensor"":{""time"":276054,""status"":true,""class:"":2}}"
2026-02-02T10:08:47.533,"{""sensor"":{""time"":276169,""status"":true,""class:"":2}}"
2026-02-02T10:08:47.670,"{""sensor"":{""time"":276285,""status"":true,""class:"":2}}"
2026-02-02T10:08:47.759,"{""sensor"":{""time"":276400,""status"":true,""class:"":2}}"
2026-02-02T10:08:47.895,"{""sensor"":{""time"":276515,""status"":true,""class:"":2}}"
2026-02-02T10:08:48.030,"{""sensor"":{""time"":276631,""status"":true,""class:"":2}}"
2026-02-02T10:08:48.120,"{""sensor"":{""time"":276746,""status"":true,""class:"":2}}"
2026-02-02T10:08:48.255,"{""sensor"":{""time"":276861,""status"":true,""class:"":2}}"
2026-02-02T10:08:48.344,"{""sensor"":{""time"":276977,""status"":true,""class:"":2}}"
2026-02-02T10:08:48.480,"{""sensor"":{""time"":277092,""status"":true,""class:"":2}}"
2026-02-02T10:08:48.569,"{""sensor"":{""time"":277208,""status"":true,""class:"":2}}"
2026-02-02T10:08:48.703,"{""sensor"":{""time"":277323,""status"":true,""class:"":2}}"
2026-02-02T10:08:48.840,"{""sensor"":{""time"":277438,""status"":true,""class:"":2}}"
2026-02-02T10:08:48.928,"{""sensor"":{""time"":277554,""status"":true,""class:"":2}}"
2026-02-02T10:08:49.154,"{""sensor"":{""time"":277669,""status"":true,""class:"":2}}"
2026-02-02T10:08:49.245,"{""sensor"":{""time"":277784,""status"":true,""class:"":2}}"
2026-02-02T10:08:49.333,"{""sensor"":{""time"":277900,""status"":true,""class:"":2}}"
2026-02-02T10:08:49.423,"{""sensor"":{""time"":278015,""status"":true,""class:"":2}}"
2026-02-02T10:08:49.558,"{""sensor"":{""time"":278130,""status"":true,""class:"":2}}"
2026-02-02T10:08:49.649,"{""sensor"":{""time"":278246,""status"":true,""class:"":2}}"
2026-02-02T10:08:49.740,"{""sensor"":{""time"":278361,""status"":true,""class:"":2}}"
2026-02-02T10:08:49.875,"{""sensor"":{""time"":278476,""status"":true,""class:"":2}}"
2026-02-02T10:08:49.964,"{""sensor"":{""time"":278592,""status"":true,""class:"":2}}"
2026-02-02T10:08:50.145,"{""sensor"":{""time"":278707,""status"":true,""class:"":2}}"
2026-02-02T10:08:50.279,"{""sensor"":{""time"":278822,""status"":true,""class:"":2}}"
2026-02-02T10:08:50.369,"{""sensor"":{""time"":278937,""status"":true,""class:"":2}}"
2026-02-02T10:08:50.458,"{""sensor"":{""time"":279053,""status"":true,""class:"":2}}"
2026-02-02T10:08:50.550,"{""sensor"":{""time"":279168,""status"":true,""class:"":2}}"
2026-02-02T10:08:50.684,"{""sensor"":{""time"":279284,""status"":true,""class:"":2}}"
2026-02-02T10:08:50.774,"{""sensor"":{""time"":279399,""status"":true,""class:"":2}}"
2026-02-02T10:08:50.910,"{""sensor"":{""time"":279515,""status"":true,""class:"":2}}"
2026-02-02T10:08:50.999,"{""sensor"":{""time"":279630,""status"":true,""class:"":2}}"
2026-02-02T10:08:51.134,"{""sensor"":{""time"":279746,""status"":true,""class:"":2}}"
2026-02-02T10:08:51.224,"{""sensor"":{""time"":279861,""status"":true,""class:"":2}}"
2026-02-02T10:08:51.358,"{""sensor"":{""time"":279976,""status"":true,""class:"":2}}"
2026-02-02T10:08:51.538,"{""sensor"":{""time"":280091,""status"":true,""class:"":2}}"
2026-02-02T10:08:51.675,"{""sensor"":{""time"":280207,""status"":true,""class:"":2}}"
2026-02-02T10:08:51.764,"{""sensor"":{""time"":280322,""status"":true,""class:"":2}}"
2026-02-02T10:08:51.854,"{""sensor"":{""time"":280437,""status"":true,""class:"":2}}"
2026-02-02T10:08:51.945,"{""sensor"":{""time"":280553,""status"":true,""class:"":2}}"
2026-02-02T10:08:52.033,"{""sensor"":{""time"":280668,""status"":true,""class:"":2}}"
2026-02-02T10:08:52.170,"{""sensor"":{""time"":280784,""status"":true,""class:"":2}}"
2026-02-02T10:08:52.260,"{""sensor"":{""time"":280899,""status"":true,""class:"":2}}"
2026-02-02T10:08:52.393,"{""sensor"":{""time"":281014,""status"":true,""class:"":2}}"
2026-02-02T10:08:52.529,"{""sensor"":{""time"":281129,""status"":true,""class:"":2}}"
2026-02-02T10:08:52.619,"{""sensor"":{""time"":281245,""status"":true,""class:"":2}}"
2026-02-02T10:08:52.753,"{""sensor"":{""time"":281360,""status"":true,""class:"":2}}"
2026-02-02T10:08:52.844,"{""sensor"":{""time"":281476,""status"":true,""class:"":2}}"
2026-02-02T10:08:52.979,"{""sensor"":{""time"":281591,""status"":true,""class:"":2}}"
2026-02-02T10:08:53.115,"{""sensor"":{""time"":281706,""status"":true,""class:"":2}}"
2026-02-02T10:08:53.204,"{""sensor"":{""time"":281822,""status"":true,""class:"":2}}"
2026-02-02T10:08:53.295,"{""sensor"":{""time"":281937,""status"":true,""class:"":2}}"
2026-02-02T10:08:53.428,"{""sensor"":{""time"":282053,""status"":true,""class:"":2}}"
2026-02-02T10:08:53.564,"{""sensor"":{""time"":282168,""status"":true,""class:"":2}}"
2026-02-02T10:08:53.654,"{""sensor"":{""time"":282283,""status"":true,""class:"":2}}"
2026-02-02T10:08:53.788,"{""sensor"":{""time"":282399,""status"":true,""class:"":2}}"
2026-02-02T10:08:53.878,"{""sensor"":{""time"":282514,""status"":true,""class:"":2}}"
2026-02-02T10:08:54.013,"{""sensor"":{""time"":282630,""status"":true,""class:"":2}}"
2026-02-02T10:08:54.194,"{""sensor"":{""time"":282745,""status"":true,""class:"":2}}"
2026-02-02T10:08:54.283,"{""sensor"":{""time"":282860,""status"":true,""class:"":2}}"
2026-02-02T10:08:54.374,"{""sensor"":{""time"":282976,""status"":true,""class:"":2}}"
2026-02-02T10:08:54.464,"{""sensor"":{""time"":283091,""status"":true,""class:"":2}}"
2026-02-02T10:08:54.598,"{""sensor"":{""time"":283207,""status"":true,""class:"":2}}"
2026-02-02T10:08:54.688,"{""sensor"":{""time"":283322,""status"":true,""class:"":2}}"
2026-02-02T10:08:54.823,"{""sensor"":{""time"":283437,""status"":true,""class:"":2}}"
2026-02-02T10:08:54.913,"{""sensor"":{""time"":283553,""status"":true,""class:"":2}}"
2026-02-02T10:08:55.049,"{""sensor"":{""time"":283668,""status"":true,""class:"":2}}"
2026-02-02T10:08:55.185,"{""sensor"":{""time"":283784,""status"":true,""class:"":2}}"
2026-02-02T10:08:55.273,"{""sensor"":{""time"":283899,""status"":true,""class:"":2}}"
2026-02-02T10:08:55.409,"{""sensor"":{""time"":284015,""status"":true,""class:"":2}}"
2026-02-02T10:08:55.498,"{""sensor"":{""time"":284130,""status"":true,""class:"":2}}"
2026-02-02T10:08:55.633,"{""sensor"":{""time"":284245,""status"":true,""class:"":2}}"
2026-02-02T10:08:55.723,"{""sensor"":{""time"":284361,""status"":true,""class:"":2}}"
2026-02-02T10:08:55.859,"{""sensor"":{""time"":284476,""status"":true,""class:"":2}}"
2026-02-02T10:08:55.949,"{""sensor"":{""time"":284591,""status"":true,""class:"":2}}"
2026-02-02T10:08:56.084,"{""sensor"":{""time"":284706,""status"":true,""class:"":2}}"
2026-02-02T10:08:56.219,"{""sensor"":{""time"":284822,""status"":true,""class:"":2}}"
2026-02-02T10:08:56.309,"{""sensor"":{""time"":284937,""status"":true,""class:"":2}}"
2026-02-02T10:08:56.443,"{""sensor"":{""time"":285053,""status"":true,""class:"":2}}"
2026-02-02T10:08:56.624,"{""sensor"":{""time"":285168,""status"":true,""class:"":2}}"
2026-02-02T10:08:56.714,"{""sensor"":{""time"":285283,""status"":true,""class:"":2}}"
2026-02-02T10:08:56.804,"{""sensor"":{""time"":285399,""status"":true,""class:"":2}}"
2026-02-02T10:08:56.894,"{""sensor"":{""time"":285514,""status"":true,""class:"":2}}"
2026-02-02T10:08:57.030,"{""sensor"":{""time"":285629,""status"":true,""class:"":2}}"
2026-02-02T10:08:57.119,"{""sensor"":{""time"":285745,""status"":true,""class:"":2}}"
2026-02-02T10:08:57.254,"{""sensor"":{""time"":285860,""status"":true,""class:"":2}}"
2026-02-02T10:08:57.344,"{""sensor"":{""time"":285975,""status"":true,""class:"":2}}"
2026-02-02T10:08:57.480,"{""sensor"":{""time"":286091,""status"":true,""class:"":2}}"
2026-02-02T10:08:57.569,"{""sensor"":{""time"":286206,""status"":true,""class:"":2}}"
2026-02-02T10:08:57.703,"{""sensor"":{""time"":286322,""status"":true,""class:"":2}}"
2026-02-02T10:08:57.793,"{""sensor"":{""time"":286437,""status"":true,""class:"":2}}"
2026-02-02T10:08:57.929,"{""sensor"":{""time"":286552,""status"":true,""class:"":2}}"
2026-02-02T10:08:58.064,"{""sensor"":{""time"":286668,""status"":true,""class:"":2}}"
2026-02-02T10:08:58.154,"{""sensor"":{""time"":286783,""status"":true,""class:"":2}}"
2026-02-02T10:08:58.289,"{""sensor"":{""time"":286899,""status"":true,""class:"":2}}"
2026-02-02T10:08:58.379,"{""sensor"":{""time"":287014,""status"":true,""class:"":2}}"
2026-02-02T10:08:58.513,"{""sensor"":{""time"":287129,""status"":true,""class:"":2}}"
2026-02-02T10:08:58.650,"{""sensor"":{""time"":287245,""status"":true,""class:"":2}}"
2026-02-02T10:08:58.740,"{""sensor"":{""time"":287360,""status"":true,""class:"":2}}"
2026-02-02T10:08:58.875,"{""sensor"":{""time"":287475,""status"":true,""class:"":2}}"
2026-02-02T10:08:58.963,"{""sensor"":{""time"":287591,""status"":true,""class:"":2}}"
2026-02-02T10:08:59.188,"{""sensor"":{""time"":287706,""status"":true,""class:"":2}}"
2026-02-02T10:08:59.234,"{""sensor"":{""time"":287821,""status"":true,""class:"":2}}"
2026-02-02T10:08:59.324,"{""sensor"":{""time"":287937,""status"":true,""class:"":2}}"
2026-02-02T10:08:59.414,"{""sensor"":{""time"":288052,""status"":true,""class:"":2}}"
2026-02-02T10:08:59.548,"{""sensor"":{""time"":288167,""status"":true,""class:"":2}}"
2026-02-02T10:08:59.639,"{""sensor"":{""time"":288283,""status"":true,""class:"":2}}"
2026-02-02T10:08:59.773,"{""sensor"":{""time"":288398,""status"":true,""class:"":2}}"
2026-02-02T10:08:59.908,"{""sensor"":{""time"":288514,""status"":true,""class:"":2}}"
2026-02-02T10:09:00.044,"{""sensor"":{""time"":288629,""status"":true,""class:"":2}}"
2026-02-02T10:09:00.134,"{""sensor"":{""time"":288744,""status"":true,""class:"":2}}"
2026-02-02T10:09:00.223,"{""sensor"":{""time"":288859,""status"":true,""class:"":2}}"
2026-02-02T10:09:00.358,"{""sensor"":{""time"":288975,""status"":true,""class:"":2}}"
2026-02-02T10:09:00.448,"{""sensor"":{""time"":289090,""status"":true,""class:"":2}}"
2026-02-02T10:09:00.585,"{""sensor"":{""time"":289205,""status"":true,""class:"":2}}"
2026-02-02T10:09:00.719,"{""sensor"":{""time"":289321,""status"":true,""class:"":2}}"
2026-02-02T10:09:00.809,"{""sensor"":{""time"":289436,""status"":true,""class:"":2}}"
2026-02-02T10:09:00.943,"{""sensor"":{""time"":289552,""status"":true,""class:"":2}}"
2026-02-02T10:09:01.035,"{""sensor"":{""time"":289667,""status"":true,""class:"":2}}"
2026-02-02T10:09:01.168,"{""sensor"":{""time"":289782,""status"":true,""class:"":2}}"
2026-02-02T10:09:01.260,"{""sensor"":{""time"":289898,""status"":true,""class:"":2}}"
2026-02-02T10:09:01.393,"{""sensor"":{""time"":290013,""status"":true,""class:"":2}}"
2026-02-02T10:09:01.529,"{""sensor"":{""time"":290128,""status"":true,""class:"":2}}"
2026-02-02T10:09:01.664,"{""sensor"":{""time"":290244,""status"":true,""class:"":2}}"
2026-02-02T10:09:01.754,"{""sensor"":{""time"":290359,""status"":true,""class:"":2}}"
2026-02-02T10:09:01.843,"{""sensor"":{""time"":290475,""status"":true,""class:"":2}}"
2026-02-02T10:09:01.979,"{""sensor"":{""time"":290590,""status"":true,""class:"":2}}"
2026-02-02T10:09:02.069,"{""sensor"":{""time"":290705,""status"":true,""class:"":2}}"
2026-02-02T10:09:02.250,"{""sensor"":{""time"":290821,""status"":true,""class:"":2}}"
2026-02-02T10:09:02.340,"{""sensor"":{""time"":290936,""status"":true,""class:"":2}}"
2026-02-02T10:09:02.429,"{""sensor"":{""time"":291051,""status"":true,""class:"":2}}"
2026-02-02T10:09:02.564,"{""sensor"":{""time"":291167,""status"":true,""class:"":2}}"
2026-02-02T10:09:02.653,"{""sensor"":{""time"":291282,""status"":true,""class:"":2}}"
2026-02-02T10:09:02.789,"{""sensor"":{""time"":291397,""status"":true,""class:"":2}}"
2026-02-02T10:09:02.879,"{""sensor"":{""time"":291513,""status"":true,""class:"":2}}"
2026-02-02T10:09:03.014,"{""sensor"":{""time"":291628,""status"":true,""class:"":2}}"
2026-02-02T10:09:03.103,"{""sensor"":{""time"":291743,""status"":true,""class:"":2}}"
2026-02-02T10:09:03.238,"{""sensor"":{""time"":291859,""status"":true,""class:"":2}}"
2026-02-02T10:09:03.373,"{""sensor"":{""time"":291974,""status"":true,""class:"":2}}"
2026-02-02T10:09:03.464,"{""sensor"":{""time"":292089,""status"":true,""class:"":2}}"
2026-02-02T10:09:03.599,"{""sensor"":{""time"":292205,""status"":true,""class:"":2}}"
2026-02-02T10:09:03.688,"{""sensor"":{""time"":292320,""status"":true,""class:"":2}}"
2026-02-02T10:09:03.824,"{""sensor"":{""time"":292435,""status"":true,""class:"":2}}"
2026-02-02T10:09:03.914,"{""sensor"":{""time"":292551,""status"":true,""class:"":2}}"
2026-02-02T10:09:04.049,"{""sensor"":{""time"":292666,""status"":true,""class:"":2}}"
2026-02-02T10:09:04.184,"{""sensor"":{""time"":292782,""status"":true,""class:"":2}}"
2026-02-02T10:09:04.274,"{""sensor"":{""time"":292897,""status"":true,""class:"":2}}"
2026-02-02T10:09:04.410,"{""sensor"":{""time"":293013,""status"":true,""class:"":2}}"
2026-02-02T10:09:04.498,"{""sensor"":{""time"":293128,""status"":true,""class:"":2}}"
2026-02-02T10:09:04.634,"{""sensor"":{""time"":293243,""status"":true,""class:"":2}}"
2026-02-02T10:09:04.768,"{""sensor"":{""time"":293359,""status"":true,""class:"":2}}"
2026-02-02T10:09:04.860,"{""sensor"":{""time"":293474,""status"":true,""class:"":2}}"
2026-02-02T10:09:04.948,"{""sensor"":{""time"":293590,""status"":true,""class:"":2}}"
2026-02-02T10:09:05.084,"{""sensor"":{""time"":293705,""status"":true,""class:"":2}}"
2026-02-02T10:09:05.219,"{""sensor"":{""time"":293820,""status"":true,""class:"":2}}"
2026-02-02T10:09:05.310,"{""sensor"":{""time"":293936,""status"":true,""class:"":2}}"
2026-02-02T10:09:05.444,"{""sensor"":{""time"":294051,""status"":true,""class:"":2}}"
2026-02-02T10:09:05.534,"{""sensor"":{""time"":294166,""status"":true,""class:"":2}}"
2026-02-02T10:09:05.668,"{""sensor"":{""time"":294281,""status"":true,""class:"":2}}"
2026-02-02T10:09:05.804,"{""sensor"":{""time"":294397,""status"":true,""class:"":2}}"
2026-02-02T10:09:05.894,"{""sensor"":{""time"":294512,""status"":true,""class:"":2}}"
2026-02-02T10:09:05.983,"{""sensor"":{""time"":294628,""status"":true,""class:"":2}}"
2026-02-02T10:09:06.118,"{""sensor"":{""time"":294743,""status"":true,""class:"":2}}"
2026-02-02T10:09:06.254,"{""sensor"":{""time"":294859,""status"":true,""class:"":2}}"
2026-02-02T10:09:06.343,"{""sensor"":{""time"":294974,""status"":true,""class:"":2}}"
2026-02-02T10:09:06.479,"{""sensor"":{""time"":295089,""status"":true,""class:"":2}}"
2026-02-02T10:09:06.569,"{""sensor"":{""time"":295204,""status"":true,""class:"":2}}"
2026-02-02T10:09:06.704,"{""sensor"":{""time"":295320,""status"":true,""class:"":2}}"
2026-02-02T10:09:06.794,"{""sensor"":{""time"":295435,""status"":true,""class:"":2}}"
2026-02-02T10:09:06.929,"{""sensor"":{""time"":295551,""status"":true,""class:"":2}}"
2026-02-02T10:09:07.110,"{""sensor"":{""time"":295666,""status"":true,""class:"":2}}"
2026-02-02T10:09:07.199,"{""sensor"":{""time"":295781,""status"":true,""class:"":2}}"
2026-02-02T10:09:07.288,"{""sensor"":{""time"":295897,""status"":true,""class:"":2}}"
2026-02-02T10:09:07.379,"{""sensor"":{""time"":296012,""status"":true,""class:"":2}}"
2026-02-02T10:09:07.515,"{""sensor"":{""time"":296127,""status"":true,""class:"":2}}"
2026-02-02T10:09:07.603,"{""sensor"":{""time"":296243,""status"":true,""class:"":2}}"
2026-02-02T10:09:07.738,"{""sensor"":{""time"":296358,""status"":true,""class:"":2}}"
2026-02-02T10:09:07.829,"{""sensor"":{""time"":296474,""status"":true,""class:"":2}}"
2026-02-02T10:09:07.964,"{""sensor"":{""time"":296589,""status"":true,""class:"":2}}"
2026-02-02T10:09:08.098,"{""sensor"":{""time"":296704,""status"":true,""class:"":2}}"
2026-02-02T10:09:08.188,"{""sensor"":{""time"":296820,""status"":true,""class:"":2}}"
2026-02-02T10:09:08.323,"{""sensor"":{""time"":296935,""status"":true,""class:"":2}}"
2026-02-02T10:09:08.413,"{""sensor"":{""time"":297050,""status"":true,""class:"":2}}"
2026-02-02T10:09:08.548,"{""sensor"":{""time"":297166,""status"":true,""class:"":2}}"
2026-02-02T10:09:08.638,"{""sensor"":{""time"":297282,""status"":true,""class:"":2}}"
2026-02-02T10:09:08.773,"{""sensor"":{""time"":297397,""status"":true,""class:"":2}}"
2026-02-02T10:09:08.909,"{""sensor"":{""time"":297512,""status"":true,""class:"":2}}"
2026-02-02T10:09:08.998,"{""sensor"":{""time"":297627,""status"":true,""class:"":2}}"
2026-02-02T10:09:09.179,"{""sensor"":{""time"":297743,""status"":true,""class:"":2}}"
2026-02-02T10:09:09.269,"{""sensor"":{""time"":297858,""status"":true,""class:"":2}}"
2026-02-02T10:09:09.358,"{""sensor"":{""time"":297974,""status"":true,""class:"":2}}"
2026-02-02T10:09:09.494,"{""sensor"":{""time"":298089,""status"":true,""class:"":2}}"
2026-02-02T10:09:09.585,"{""sensor"":{""time"":298205,""status"":true,""class:"":2}}"
2026-02-02T10:09:09.718,"{""sensor"":{""time"":298320,""status"":true,""class:"":2}}"
2026-02-02T10:09:09.809,"{""sensor"":{""time"":298435,""status"":true,""class:"":2}}"
2026-02-02T10:09:09.944,"{""sensor"":{""time"":298551,""status"":true,""class:"":2}}"
2026-02-02T10:09:10.034,"{""sensor"":{""time"":298666,""status"":true,""class:"":2}}"
2026-02-02T10:09:10.168,"{""sensor"":{""time"":298781,""status"":true,""class:"":2}}"
2026-02-02T10:09:10.258,"{""sensor"":{""time"":298897,""status"":true,""class:"":2}}"
2026-02-02T10:09:10.394,"{""sensor"":{""time"":299012,""status"":true,""class:"":2}}"
2026-02-02T10:09:10.484,"{""sensor"":{""time"":299127,""status"":true,""class:"":2}}"
2026-02-02T10:09:10.618,"{""sensor"":{""time"":299243,""status"":true,""class:"":2}}"
2026-02-02T10:09:10.799,"{""sensor"":{""time"":299358,""status"":true,""class:"":2}}"
2026-02-02T10:09:10.888,"{""sensor"":{""time"":299473,""status"":true,""class:"":2}}"
2026-02-02T10:09:10.980,"{""sensor"":{""time"":299589,""status"":true,""class:"":2}}"
2026-02-02T10:09:11.114,"{""sensor"":{""time"":299704,""status"":true,""class:"":2}}"
2026-02-02T10:09:11.205,"{""sensor"":{""time"":299819,""status"":true,""class:"":2}}"
2026-02-02T10:09:11.293,"{""sensor"":{""time"":299935,""status"":true,""class:"":2}}"
2026-02-02T10:09:11.429,"{""sensor"":{""time"":300050,""status"":true,""class:"":2}}"
2026-02-02T10:09:11.566,"{""sensor"":{""time"":300165,""status"":true,""class:"":2}}"
2026-02-02T10:09:11.700,"{""sensor"":{""time"":300281,""status"":true,""class:"":2}}"
2026-02-02T10:09:11.788,"{""sensor"":{""time"":300396,""status"":true,""class:"":2}}"
2026-02-02T10:09:11.878,"{""sensor"":{""time"":300511,""status"":true,""class:"":2}}"
2026-02-02T10:09:12.014,"{""sensor"":{""time"":300626,""status"":true,""class:"":2}}"
2026-02-02T10:09:12.103,"{""sensor"":{""time"":300742,""status"":true,""class:"":2}}"
2026-02-02T10:09:12.238,"{""sensor"":{""time"":300857,""status"":true,""class:"":2}}"
2026-02-02T10:09:12.328,"{""sensor"":{""time"":300973,""status"":true,""class:"":2}}"
2026-02-02T10:09:12.463,"{""sensor"":{""time"":301088,""status"":true,""class:"":2}}"
2026-02-02T10:09:12.599,"{""sensor"":{""time"":301203,""status"":true,""class:"":2}}"
2026-02-02T10:09:12.688,"{""sensor"":{""time"":301319,""status"":true,""class:"":2}}"
2026-02-02T10:09:12.823,"{""sensor"":{""time"":301434,""status"":true,""class:"":2}}"
2026-02-02T10:09:12.914,"{""sensor"":{""time"":301549,""status"":true,""class:"":2}}"
2026-02-02T10:09:13.049,"{""sensor"":{""time"":301665,""status"":true,""class:"":2}}"
2026-02-02T10:09:13.139,"{""sensor"":{""time"":301780,""status"":true,""class:"":2}}"
2026-02-02T10:09:13.273,"{""sensor"":{""time"":301895,""status"":true,""class:"":2}}"
2026-02-02T10:09:13.409,"{""sensor"":{""time"":302010,""status"":true,""class:"":2}}"
2026-02-02T10:09:13.498,"{""sensor"":{""time"":302126,""status"":true,""class:"":2}}"
2026-02-02T10:09:13.633,"{""sensor"":{""time"":302242,""status"":true,""class:"":2}}"
2026-02-02T10:09:13.724,"{""sensor"":{""time"":302357,""status"":true,""class:"":2}}"
2026-02-02T10:09:13.903,"{""sensor"":{""time"":302472,""status"":true,""class:"":2}}"
2026-02-02T10:09:13.994,"{""sensor"":{""time"":302588,""status"":true,""class:"":2}}"
2026-02-02T10:09:14.083,"{""sensor"":{""time"":302703,""status"":true,""class:"":2}}"
2026-02-02T10:09:14.219,"{""sensor"":{""time"":302819,""status"":true,""class:"":2}}"
2026-02-02T10:09:14.310,"{""sensor"":{""time"":302934,""status"":true,""class:"":2}}"
2026-02-02T10:09:14.444,"{""sensor"":{""time"":303049,""status"":true,""class:"":2}}"
2026-02-02T10:09:14.534,"{""sensor"":{""time"":303165,""status"":true,""class:"":2}}"
2026-02-02T10:09:14.669,"{""sensor"":{""time"":303280,""status"":true,""class:"":2}}"
2026-02-02T10:09:14.759,"{""sensor"":{""time"":303395,""status"":true,""class:"":2}}"
2026-02-02T10:09:14.894,"{""sensor"":{""time"":303511,""status"":true,""class:"":2}}"
2026-02-02T10:09:14.984,"{""sensor"":{""time"":303626,""status"":true,""class:"":2}}"
2026-02-02T10:09:15.164,"{""sensor"":{""time"":303741,""status"":true,""class:"":2}}"
2026-02-02T10:09:15.255,"{""sensor"":{""time"":303857,""status"":true,""class:"":2}}"
2026-02-02T10:09:15.343,"{""sensor"":{""time"":303972,""status"":true,""class:"":2}}"
2026-02-02T10:09:15.479,"{""sensor"":{""time"":304088,""status"":true,""class:"":2}}"
2026-02-02T10:09:15.568,"{""sensor"":{""time"":304203,""status"":true,""class:"":2}}"
2026-02-02T10:09:15.703,"{""sensor"":{""time"":304319,""status"":true,""class:"":2}}"
2026-02-02T10:09:15.794,"{""sensor"":{""time"":304434,""status"":true,""class:"":2}}"
2026-02-02T10:09:15.929,"{""sensor"":{""time"":304549,""status"":true,""class:"":2}}"
2026-02-02T10:09:16.064,"{""sensor"":{""time"":304665,""status"":true,""class:"":2}}"
2026-02-02T10:09:16.155,"{""sensor"":{""time"":304780,""status"":true,""class:"":2}}"
2026-02-02T10:09:16.288,"{""sensor"":{""time"":304896,""status"":true,""class:"":2}}"
2026-02-02T10:09:16.379,"{""sensor"":{""time"":305011,""status"":true,""class:"":2}}"
2026-02-02T10:09:16.513,"{""sensor"":{""time"":305126,""status"":true,""class:"":2}}"
2026-02-02T10:09:16.694,"{""sensor"":{""time"":305242,""status"":true,""class:"":2}}"
2026-02-02T10:09:16.784,"{""sensor"":{""time"":305357,""status"":true,""class:"":2}}"
2026-02-02T10:09:16.874,"{""sensor"":{""time"":305473,""status"":true,""class:"":2}}"
2026-02-02T10:09:17.053,"{""sensor"":{""time"":305588,""status"":true,""class:"":2}}"
2026-02-02T10:09:17.144,"{""sensor"":{""time"":305704,""status"":true,""class:"":2}}"
2026-02-02T10:09:17.233,"{""sensor"":{""time"":305819,""status"":true,""class:"":2}}"
2026-02-02T10:09:17.324,"{""sensor"":{""time"":305934,""status"":true,""class:"":2}}"
2026-02-02T10:09:17.413,"{""sensor"":{""time"":306049,""status"":true,""class:"":2}}"
2026-02-02T10:09:17.549,"{""sensor"":{""time"":306165,""status"":true,""class:"":2}}"
2026-02-02T10:09:17.639,"{""sensor"":{""time"":306280,""status"":true,""class:"":2}}"
2026-02-02T10:09:17.773,"{""sensor"":{""time"":306395,""status"":true,""class:"":2}}"
2026-02-02T10:09:17.910,"{""sensor"":{""time"":306510,""status"":true,""class:"":2}}"
2026-02-02T10:09:17.999,"{""sensor"":{""time"":306626,""status"":true,""class:"":2}}"
2026-02-02T10:09:18.135,"{""sensor"":{""time"":306741,""status"":true,""class:"":2}}"
2026-02-02T10:09:18.223,"{""sensor"":{""time"":306857,""status"":true,""class:"":2}}"
2026-02-02T10:09:18.358,"{""sensor"":{""time"":306972,""status"":true,""class:"":2}}"
2026-02-02T10:09:18.449,"{""sensor"":{""time"":307087,""status"":true,""class:"":2}}"
2026-02-02T10:09:18.584,"{""sensor"":{""time"":307202,""status"":true,""class:"":2}}"
2026-02-02T10:09:18.675,"{""sensor"":{""time"":307318,""status"":true,""class:"":2}}"
2026-02-02T10:09:18.808,"{""sensor"":{""time"":307433,""status"":true,""class:"":2}}"
2026-02-02T10:09:18.944,"{""sensor"":{""time"":307549,""status"":true,""class:"":2}}"
2026-02-02T10:09:19.034,"{""sensor"":{""time"":307664,""status"":true,""class:"":2}}"
2026-02-02T10:09:19.214,"{""sensor"":{""time"":307779,""status"":true,""class:"":2}}"
2026-02-02T10:09:19.304,"{""sensor"":{""time"":307894,""status"":true,""class:"":2}}"
2026-02-02T10:09:19.395,"{""sensor"":{""time"":308010,""status"":true,""class:"":2}}"
2026-02-02T10:09:19.484,"{""sensor"":{""time"":308125,""status"":true,""class:"":2}}"
2026-02-02T10:09:19.620,"{""sensor"":{""time"":308240,""status"":true,""class:"":2}}"
2026-02-02T10:09:19.754,"{""sensor"":{""time"":308356,""status"":true,""class:"":2}}"
2026-02-02T10:09:19.845,"{""sensor"":{""time"":308471,""status"":true,""class:"":2}}"
2026-02-02T10:09:19.979,"{""sensor"":{""time"":308587,""status"":true,""class:"":2}}"
2026-02-02T10:09:20.068,"{""sensor"":{""time"":308702,""status"":true,""class:"":2}}"
2026-02-02T10:09:20.204,"{""sensor"":{""time"":308817,""status"":true,""class:"":2}}"
2026-02-02T10:09:20.294,"{""sensor"":{""time"":308933,""status"":true,""class:"":2}}"
2026-02-02T10:09:20.430,"{""sensor"":{""time"":309048,""status"":true,""class:"":2}}"
2026-02-02T10:09:20.518,"{""sensor"":{""time"":309163,""status"":true,""class:"":2}}"
2026-02-02T10:09:20.654,"{""sensor"":{""time"":309278,""status"":true,""class:"":2}}"
2026-02-02T10:09:20.788,"{""sensor"":{""time"":309394,""status"":true,""class:"":2}}"
2026-02-02T10:09:20.878,"{""sensor"":{""time"":309509,""status"":true,""class:"":2}}"
2026-02-02T10:09:21.014,"{""sensor"":{""time"":309624,""status"":true,""class:"":2}}"
2026-02-02T10:09:21.103,"{""sensor"":{""time"":309740,""status"":true,""class:"":2}}"
2026-02-02T10:09:21.283,"{""sensor"":{""time"":309855,""status"":true,""class:"":2}}"
2026-02-02T10:09:21.374,"{""sensor"":{""time"":309970,""status"":true,""class:"":2}}"
2026-02-02T10:09:21.464,"{""sensor"":{""time"":310086,""status"":true,""class:"":2}}"
2026-02-02T10:09:21.600,"{""sensor"":{""time"":310201,""status"":true,""class:"":2}}"
2026-02-02T10:09:21.733,"{""sensor"":{""time"":310317,""status"":true,""class:"":2}}"
2026-02-02T10:09:21.823,"{""sensor"":{""time"":310432,""status"":true,""class:"":2}}"
2026-02-02T10:09:21.913,"{""sensor"":{""time"":310547,""status"":true,""class:"":2}}"
2026-02-02T10:09:22.049,"{""sensor"":{""time"":310663,""status"":true,""class:"":2}}"
2026-02-02T10:09:22.138,"{""sensor"":{""time"":310778,""status"":true,""class:"":2}}"
2026-02-02T10:09:22.274,"{""sensor"":{""time"":310893,""status"":true,""class:"":2}}"
2026-02-02T10:09:22.363,"{""sensor"":{""time"":311008,""status"":true,""class:"":2}}"
2026-02-02T10:09:22.500,"{""sensor"":{""time"":311123,""status"":true,""class:"":2}}"
2026-02-02T10:09:22.634,"{""sensor"":{""time"":311239,""status"":true,""class:"":2}}"
2026-02-02T10:09:22.723,"{""sensor"":{""time"":311354,""status"":true,""class:"":2}}"
2026-02-02T10:09:22.858,"{""sensor"":{""time"":311470,""status"":true,""class:"":2}}"
2026-02-02T10:09:22.949,"{""sensor"":{""time"":311585,""status"":true,""class:"":2}}"
2026-02-02T10:09:23.084,"{""sensor"":{""time"":311700,""status"":true,""class:"":2}}"
2026-02-02T10:09:23.219,"{""sensor"":{""time"":311816,""status"":true,""class:"":2}}"
2026-02-02T10:09:23.309,"{""sensor"":{""time"":311931,""status"":true,""class:"":2}}"
2026-02-02T10:09:23.445,"{""sensor"":{""time"":312047,""status"":true,""class:"":2}}"
2026-02-02T10:09:23.534,"{""sensor"":{""time"":312162,""status"":true,""class:"":2}}"
2026-02-02T10:09:23.668,"{""sensor"":{""time"":312277,""status"":true,""class:"":2}}"
2026-02-02T10:09:23.760,"{""sensor"":{""time"":312393,""status"":true,""class:"":2}}"
2026-02-02T10:09:23.894,"{""sensor"":{""time"":312508,""status"":true,""class:"":2}}"
2026-02-02T10:09:23.983,"{""sensor"":{""time"":312623,""status"":true,""class:"":2}}"
2026-02-02T10:09:24.164,"{""sensor"":{""time"":312739,""status"":true,""class:"":2}}"
2026-02-02T10:09:24.254,"{""sensor"":{""time"":312854,""status"":true,""class:"":2}}"
2026-02-02T10:09:24.345,"{""sensor"":{""time"":312969,""status"":true,""class:"":2}}"
2026-02-02T10:09:24.480,"{""sensor"":{""time"":313085,""status"":true,""class:"":2}}"
2026-02-02T10:09:24.568,"{""sensor"":{""time"":313200,""status"":true,""class:"":2}}"
2026-02-02T10:09:24.704,"{""sensor"":{""time"":313316,""status"":true,""class:"":2}}"
2026-02-02T10:09:24.794,"{""sensor"":{""time"":313431,""status"":true,""class:"":2}}"
2026-02-02T10:09:24.928,"{""sensor"":{""time"":313547,""status"":true,""class:"":2}}"
2026-02-02T10:09:25.020,"{""sensor"":{""time"":313662,""status"":true,""class:"":2}}"
2026-02-02T10:09:25.153,"{""sensor"":{""time"":313777,""status"":true,""class:"":2}}"
2026-02-02T10:09:25.288,"{""sensor"":{""time"":313893,""status"":true,""class:"":2}}"
2026-02-02T10:09:25.378,"{""sensor"":{""time"":314008,""status"":true,""class:"":2}}"
2026-02-02T10:09:25.514,"{""sensor"":{""time"":314123,""status"":true,""class:"":2}}"
2026-02-02T10:09:25.649,"{""sensor"":{""time"":314239,""status"":true,""class:"":2}}"
2026-02-02T10:09:25.738,"{""sensor"":{""time"":314354,""status"":true,""class:"":2}}"
2026-02-02T10:09:25.828,"{""sensor"":{""time"":314470,""status"":true,""class:"":2}}"
2026-02-02T10:09:25.963,"{""sensor"":{""time"":314585,""status"":true,""class:"":2}}"
2026-02-02T10:09:26.100,"{""sensor"":{""time"":314700,""status"":true,""class:"":2}}"
2026-02-02T10:09:26.234,"{""sensor"":{""time"":314816,""status"":true,""class:"":2}}"
2026-02-02T10:09:26.324,"{""sensor"":{""time"":314932,""status"":true,""class:"":2}}"
2026-02-02T10:09:26.414,"{""sensor"":{""time"":315047,""status"":true,""class:"":2}}"
2026-02-02T10:09:26.593,"{""sensor"":{""time"":315162,""status"":true,""class:"":2}}"
2026-02-02T10:09:26.728,"{""sensor"":{""time"":315278,""status"":true,""class:"":2}}"
2026-02-02T10:09:26.818,"{""sensor"":{""time"":315393,""status"":true,""class:"":2}}"
2026-02-02T10:09:26.909,"{""sensor"":{""time"":315508,""status"":true,""class:"":2}}"
2026-02-02T10:09:26.999,"{""sensor"":{""time"":315624,""status"":true,""class:"":2}}"
2026-02-02T10:09:27.133,"{""sensor"":{""time"":315739,""status"":true,""class:"":2}}"
2026-02-02T10:09:27.224,"{""sensor"":{""time"":315854,""status"":true,""class:"":2}}"
2026-02-02T10:09:27.359,"{""sensor"":{""time"":315970,""status"":true,""class:"":2}}"
2026-02-02T10:09:27.448,"{""sensor"":{""time"":316085,""status"":true,""class:"":2}}"
2026-02-02T10:09:27.628,"{""sensor"":{""time"":316200,""status"":true,""class:"":2}}"
2026-02-02T10:09:27.719,"{""sensor"":{""time"":316316,""status"":true,""class:"":2}}"
2026-02-02T10:09:27.809,"{""sensor"":{""time"":316431,""status"":true,""class:"":2}}"
2026-02-02T10:09:27.944,"{""sensor"":{""time"":316547,""status"":true,""class:"":2}}"
2026-02-02T10:09:28.034,"{""sensor"":{""time"":316662,""status"":true,""class:"":2}}"
2026-02-02T10:09:28.168,"{""sensor"":{""time"":316777,""status"":true,""class:"":2}}"
2026-02-02T10:09:28.259,"{""sensor"":{""time"":316893,""status"":true,""class:"":2}}"
2026-02-02T10:09:28.394,"{""sensor"":{""time"":317008,""status"":true,""class:"":2}}"
2026-02-02T10:09:28.483,"{""sensor"":{""time"":317123,""status"":true,""class:"":2}}"
2026-02-02T10:09:28.664,"{""sensor"":{""time"":317238,""status"":true,""class:"":2}}"
2026-02-02T10:09:28.798,"{""sensor"":{""time"":317354,""status"":true,""class:"":2}}"
2026-02-02T10:09:28.889,"{""sensor"":{""time"":317469,""status"":true,""class:"":2}}"
2026-02-02T10:09:28.979,"{""sensor"":{""time"":317584,""status"":true,""class:"":2}}"
2026-02-02T10:09:29.068,"{""sensor"":{""time"":317700,""status"":true,""class:"":2}}"
2026-02-02T10:09:29.249,"{""sensor"":{""time"":317815,""status"":true,""class:"":2}}"
2026-02-02T10:09:29.339,"{""sensor"":{""time"":317931,""status"":true,""class:"":2}}"
2026-02-02T10:09:29.428,"{""sensor"":{""time"":318046,""status"":true,""class:"":2}}"
2026-02-02T10:09:29.519,"{""sensor"":{""time"":318162,""status"":true,""class:"":2}}"
2026-02-02T10:09:29.653,"{""sensor"":{""time"":318277,""status"":true,""class:"":2}}"
2026-02-02T10:09:29.789,"{""sensor"":{""time"":318393,""status"":true,""class:"":2}}"
2026-02-02T10:09:29.879,"{""sensor"":{""time"":318508,""status"":true,""class:"":2}}"
2026-02-02T10:09:30.013,"{""sensor"":{""time"":318623,""status"":true,""class:"":2}}"
2026-02-02T10:09:30.104,"{""sensor"":{""time"":318739,""status"":true,""class:"":2}}"
2026-02-02T10:09:30.240,"{""sensor"":{""time"":318854,""status"":true,""class:"":2}}"
2026-02-02T10:09:30.328,"{""sensor"":{""time"":318969,""status"":true,""class:"":2}}"
2026-02-02T10:09:30.464,"{""sensor"":{""time"":319085,""status"":true,""class:"":2}}"
2026-02-02T10:09:30.554,"{""sensor"":{""time"":319200,""status"":true,""class:"":2}}"
2026-02-02T10:09:30.688,"{""sensor"":{""time"":319315,""status"":true,""class:"":2}}"
2026-02-02T10:09:30.825,"{""sensor"":{""time"":319430,""status"":true,""class:"":2}}"
2026-02-02T10:09:30.914,"{""sensor"":{""time"":319546,""status"":true,""class:"":2}}"
2026-02-02T10:09:31.049,"{""sensor"":{""time"":319661,""status"":true,""class:"":2}}"
2026-02-02T10:09:31.140,"{""sensor"":{""time"":319777,""status"":true,""class:"":2}}"
2026-02-02T10:09:31.273,"{""sensor"":{""time"":319892,""status"":true,""class:"":2}}"
2026-02-02T10:09:31.364,"{""sensor"":{""time"":320008,""status"":true,""class:"":2}}"
2026-02-02T10:09:31.498,"{""sensor"":{""time"":320123,""status"":true,""class:"":2}}"
2026-02-02T10:09:31.724,"{""sensor"":{""time"":320238,""status"":true,""class:"":2}}"
2026-02-02T10:09:31.768,"{""sensor"":{""time"":320354,""status"":true,""class:"":2}}"
2026-02-02T10:09:31.859,"{""sensor"":{""time"":320469,""status"":true,""class:"":2}}"
2026-02-02T10:09:31.948,"{""sensor"":{""time"":320584,""status"":true,""class:"":2}}"
2026-02-02T10:09:32.085,"{""sensor"":{""time"":320700,""status"":true,""class:"":2}}"
2026-02-02T10:09:32.174,"{""sensor"":{""time"":320815,""status"":true,""class:"":2}}"
2026-02-02T10:09:32.309,"{""sensor"":{""time"":320930,""status"":true,""class:"":2}}"
2026-02-02T10:09:32.445,"{""sensor"":{""time"":321045,""status"":true,""class:"":2}}"
2026-02-02T10:09:32.534,"{""sensor"":{""time"":321161,""status"":true,""class:"":2}}"
2026-02-02T10:09:32.669,"{""sensor"":{""time"":321276,""status"":true,""class:"":2}}"
2026-02-02T10:09:32.759,"{""sensor"":{""time"":321392,""status"":true,""class:"":2}}"
2026-02-02T10:09:32.894,"{""sensor"":{""time"":321507,""status"":true,""class:"":2}}"
2026-02-02T10:09:32.984,"{""sensor"":{""time"":321622,""status"":true,""class:"":2}}"
2026-02-02T10:09:33.119,"{""sensor"":{""time"":321738,""status"":true,""class:"":2}}"
2026-02-02T10:09:33.208,"{""sensor"":{""time"":321853,""status"":true,""class:"":2}}"
2026-02-02T10:09:33.344,"{""sensor"":{""time"":321968,""status"":true,""class:"":2}}"
2026-02-02T10:09:33.479,"{""sensor"":{""time"":322084,""status"":true,""class:"":2}}"
2026-02-02T10:09:33.570,"{""sensor"":{""time"":322199,""status"":true,""class:"":2}}"
2026-02-02T10:09:33.705,"{""sensor"":{""time"":322315,""status"":true,""class:"":2}}"
2026-02-02T10:09:33.795,"{""sensor"":{""time"":322430,""status"":true,""class:"":2}}"
2026-02-02T10:09:33.974,"{""sensor"":{""time"":322545,""status"":true,""class:"":2}}"
2026-02-02T10:09:34.065,"{""sensor"":{""time"":322661,""status"":true,""class:"":2}}"
2026-02-02T10:09:34.244,"{""sensor"":{""time"":322776,""status"":true,""class:"":2}}"
2026-02-02T10:09:34.333,"{""sensor"":{""time"":322891,""status"":true,""class:"":2}}"
2026-02-02T10:09:34.424,"{""sensor"":{""time"":323006,""status"":true,""class:"":2}}"
2026-02-02T10:09:34.514,"{""sensor"":{""time"":323122,""status"":true,""class:"":2}}"
2026-02-02T10:09:34.604,"{""sensor"":{""time"":323237,""status"":true,""class:"":2}}"
2026-02-02T10:09:34.738,"{""sensor"":{""time"":323353,""status"":true,""class:"":2}}"
2026-02-02T10:09:34.828,"{""sensor"":{""time"":323468,""status"":true,""class:"":2}}"
2026-02-02T10:09:34.964,"{""sensor"":{""time"":323583,""status"":true,""class:"":2}}"
2026-02-02T10:09:35.098,"{""sensor"":{""time"":323699,""status"":true,""class:"":2}}"
2026-02-02T10:09:35.188,"{""sensor"":{""time"":323814,""status"":true,""class:"":2}}"
2026-02-02T10:09:35.323,"{""sensor"":{""time"":323929,""status"":true,""class:"":2}}"
2026-02-02T10:09:35.413,"{""sensor"":{""time"":324045,""status"":true,""class:"":2}}"
2026-02-02T10:09:35.550,"{""sensor"":{""time"":324160,""status"":true,""class:"":2}}"
2026-02-02T10:09:35.638,"{""sensor"":{""time"":324275,""status"":true,""class:"":2}}"
2026-02-02T10:09:35.774,"{""sensor"":{""time"":324391,""status"":true,""class:"":2}}"
2026-02-02T10:09:35.863,"{""sensor"":{""time"":324506,""status"":true,""class:"":2}}"
2026-02-02T10:09:35.998,"{""sensor"":{""time"":324622,""status"":true,""class:"":2}}"
2026-02-02T10:09:36.134,"{""sensor"":{""time"":324737,""status"":true,""class:"":2}}"
2026-02-02T10:09:36.268,"{""sensor"":{""time"":324852,""status"":true,""class:"":2}}"
2026-02-02T10:09:36.360,"{""sensor"":{""time"":324968,""status"":true,""class:"":2}}"
2026-02-02T10:09:36.449,"{""sensor"":{""time"":325083,""status"":true,""class:"":2}}"
2026-02-02T10:09:36.585,"{""sensor"":{""time"":325198,""status"":true,""class:"":2}}"
2026-02-02T10:09:36.763,"{""sensor"":{""time"":325313,""status"":true,""class:"":2}}"
2026-02-02T10:09:36.854,"{""sensor"":{""time"":325429,""status"":true,""class:"":2}}"
2026-02-02T10:09:36.945,"{""sensor"":{""time"":325544,""status"":true,""class:"":2}}"
2026-02-02T10:09:37.033,"{""sensor"":{""time"":325660,""status"":true,""class:"":2}}"
2026-02-02T10:09:37.168,"{""sensor"":{""time"":325775,""status"":true,""class:"":2}}"
2026-02-02T10:09:37.259,"{""sensor"":{""time"":325890,""status"":true,""class:"":2}}"
2026-02-02T10:09:37.394,"{""sensor"":{""time"":326005,""status"":true,""class:"":2}}"
2026-02-02T10:09:37.483,"{""sensor"":{""time"":326121,""status"":true,""class:"":2}}"
2026-02-02T10:09:37.618,"{""sensor"":{""time"":326236,""status"":true,""class:"":2}}"
2026-02-02T10:09:37.710,"{""sensor"":{""time"":326352,""status"":true,""class:"":2}}"
2026-02-02T10:09:37.843,"{""sensor"":{""time"":326467,""status"":true,""class:"":2}}"
2026-02-02T10:09:37.978,"{""sensor"":{""time"":326582,""status"":true,""class:"":2}}"
2026-02-02T10:09:38.068,"{""sensor"":{""time"":326698,""status"":true,""class:"":2}}"
2026-02-02T10:09:38.203,"{""sensor"":{""time"":326813,""status"":true,""class:"":2}}"
2026-02-02T10:09:38.293,"{""sensor"":{""time"":326928,""status"":true,""class:"":2}}"
2026-02-02T10:09:38.428,"{""sensor"":{""time"":327044,""status"":true,""class:"":2}}"
2026-02-02T10:09:38.519,"{""sensor"":{""time"":327159,""status"":true,""class:"":2}}"
2026-02-02T10:09:38.654,"{""sensor"":{""time"":327274,""status"":true,""class:"":2}}"
2026-02-02T10:09:38.744,"{""sensor"":{""time"":327390,""status"":true,""class:"":2}}"
2026-02-02T10:09:38.879,"{""sensor"":{""time"":327505,""status"":true,""class:"":2}}"
2026-02-02T10:09:39.058,"{""sensor"":{""time"":327621,""status"":true,""class:"":2}}"
2026-02-02T10:09:39.148,"{""sensor"":{""time"":327736,""status"":true,""class:"":2}}"
2026-02-02T10:09:39.239,"{""sensor"":{""time"":327851,""status"":true,""class:"":2}}"
2026-02-02T10:09:39.328,"{""sensor"":{""time"":327966,""status"":true,""class:"":2}}"
2026-02-02T10:09:39.465,"{""sensor"":{""time"":328082,""status"":true,""class:"":2}}"
2026-02-02T10:09:39.554,"{""sensor"":{""time"":328197,""status"":true,""class:"":2}}"
2026-02-02T10:09:39.688,"{""sensor"":{""time"":328313,""status"":true,""class:"":2}}"
2026-02-02T10:09:39.824,"{""sensor"":{""time"":328428,""status"":true,""class:"":2}}"
2026-02-02T10:09:39.914,"{""sensor"":{""time"":328543,""status"":true,""class:"":2}}"
2026-02-02T10:09:40.048,"{""sensor"":{""time"":328659,""status"":true,""class:"":2}}"
2026-02-02T10:09:40.138,"{""sensor"":{""time"":328774,""status"":true,""class:"":2}}"
2026-02-02T10:09:40.274,"{""sensor"":{""time"":328889,""status"":true,""class:"":2}}"
2026-02-02T10:09:40.364,"{""sensor"":{""time"":329005,""status"":true,""class:"":2}}"
2026-02-02T10:09:40.498,"{""sensor"":{""time"":329120,""status"":true,""class:"":2}}"
2026-02-02T10:09:40.588,"{""sensor"":{""time"":329235,""status"":true,""class:"":2}}"
2026-02-02T10:09:40.769,"{""sensor"":{""time"":329351,""status"":true,""class:"":2}}"
2026-02-02T10:09:40.858,"{""sensor"":{""time"":329466,""status"":true,""class:"":2}}"
2026-02-02T10:09:40.948,"{""sensor"":{""time"":329582,""status"":true,""class:"":2}}"
2026-02-02T10:09:41.084,"{""sensor"":{""time"":329697,""status"":true,""class:"":2}}"
2026-02-02T10:09:41.174,"{""sensor"":{""time"":329812,""status"":true,""class:"":2}}"
2026-02-02T10:09:41.309,"{""sensor"":{""time"":329928,""status"":true,""class:"":2}}"
2026-02-02T10:09:41.398,"{""sensor"":{""time"":330043,""status"":true,""class:"":2}}"
2026-02-02T10:09:41.533,"{""sensor"":{""time"":330158,""status"":true,""class:"":2}}"
2026-02-02T10:09:41.760,"{""sensor"":{""time"":330274,""status"":true,""class:"":2}}"
2026-02-02T10:09:41.804,"{""sensor"":{""time"":330389,""status"":true,""class:"":2}}"
2026-02-02T10:09:41.893,"{""sensor"":{""time"":330504,""status"":true,""class:"":2}}"
2026-02-02T10:09:41.984,"{""sensor"":{""time"":330620,""status"":true,""class:"":2}}"
2026-02-02T10:09:42.119,"{""sensor"":{""time"":330735,""status"":true,""class:"":2}}"
2026-02-02T10:09:42.208,"{""sensor"":{""time"":330851,""status"":true,""class:"":2}}"
2026-02-02T10:09:42.344,"{""sensor"":{""time"":330966,""status"":true,""class:"":2}}"
2026-02-02T10:09:42.479,"{""sensor"":{""time"":331081,""status"":true,""class:"":2}}"
2026-02-02T10:09:42.569,"{""sensor"":{""time"":331197,""status"":true,""class:"":2}}"
2026-02-02T10:09:42.705,"{""sensor"":{""time"":331312,""status"":true,""class:"":2}}"
2026-02-02T10:09:42.793,"{""sensor"":{""time"":331428,""status"":true,""class:"":2}}"
2026-02-02T10:09:42.929,"{""sensor"":{""time"":331543,""status"":true,""class:"":2}}"
2026-02-02T10:09:43.019,"{""sensor"":{""time"":331658,""status"":true,""class:"":2}}"
2026-02-02T10:09:43.153,"{""sensor"":{""time"":331774,""status"":true,""class:"":2}}"
2026-02-02T10:09:43.244,"{""sensor"":{""time"":331889,""status"":true,""class:"":2}}"
2026-02-02T10:09:43.379,"{""sensor"":{""time"":332004,""status"":true,""class:"":2}}"
2026-02-02T10:09:43.513,"{""sensor"":{""time"":332119,""status"":true,""class:"":2}}"
2026-02-02T10:09:43.604,"{""sensor"":{""time"":332235,""status"":true,""class:"":2}}"
2026-02-02T10:09:43.738,"{""sensor"":{""time"":332350,""status"":true,""class:"":2}}"
2026-02-02T10:09:43.828,"{""sensor"":{""time"":332465,""status"":true,""class:"":2}}"
2026-02-02T10:09:43.963,"{""sensor"":{""time"":332580,""status"":true,""class:"":2}}"
2026-02-02T10:09:44.054,"{""sensor"":{""time"":332696,""status"":true,""class:"":2}}"
2026-02-02T10:09:44.279,"{""sensor"":{""time"":332811,""status"":true,""class:"":2}}"
2026-02-02T10:09:44.369,"{""sensor"":{""time"":332927,""status"":true,""class:"":2}}"
2026-02-02T10:09:44.458,"{""sensor"":{""time"":333042,""status"":true,""class:"":2}}"
2026-02-02T10:09:44.548,"{""sensor"":{""time"":333158,""status"":true,""class:"":2}}"
2026-02-02T10:09:44.640,"{""sensor"":{""time"":333273,""status"":true,""class:"":2}}"
2026-02-02T10:09:44.821,"{""sensor"":{""time"":333388,""status"":true,""class:"":2}}"
2026-02-02T10:09:44.908,"{""sensor"":{""time"":333504,""status"":true,""class:"":2}}"
2026-02-02T10:09:45.000,"{""sensor"":{""time"":333619,""status"":true,""class:"":2}}"
2026-02-02T10:09:45.089,"{""sensor"":{""time"":333735,""status"":true,""class:"":2}}"
2026-02-02T10:09:45.223,"{""sensor"":{""time"":333850,""status"":true,""class:"":2}}"
2026-02-02T10:09:45.359,"{""sensor"":{""time"":333965,""status"":true,""class:"":2}}"
2026-02-02T10:09:45.449,"{""sensor"":{""time"":334080,""status"":true,""class:"":2}}"
2026-02-02T10:09:45.583,"{""sensor"":{""time"":334196,""status"":true,""class:"":2}}"
2026-02-02T10:09:45.673,"{""sensor"":{""time"":334311,""status"":true,""class:"":2}}"
2026-02-02T10:09:45.809,"{""sensor"":{""time"":334427,""status"":true,""class:"":2}}"
2026-02-02T10:09:45.898,"{""sensor"":{""time"":334542,""status"":true,""class:"":2}}"
2026-02-02T10:09:46.034,"{""sensor"":{""time"":334657,""status"":true,""class:"":2}}"
2026-02-02T10:09:46.170,"{""sensor"":{""time"":334773,""status"":true,""class:"":2}}"
2026-02-02T10:09:46.259,"{""sensor"":{""time"":334888,""status"":true,""class:"":2}}"
2026-02-02T10:09:46.393,"{""sensor"":{""time"":335003,""status"":true,""class:"":2}}"
2026-02-02T10:09:46.483,"{""sensor"":{""time"":335119,""status"":true,""class:"":2}}"
2026-02-02T10:09:46.618,"{""sensor"":{""time"":335234,""status"":true,""class:"":2}}"
2026-02-02T10:09:46.754,"{""sensor"":{""time"":335349,""status"":true,""class:"":2}}"
2026-02-02T10:09:46.843,"{""sensor"":{""time"":335465,""status"":true,""class:"":2}}"
2026-02-02T10:09:46.935,"{""sensor"":{""time"":335580,""status"":true,""class:"":2}}"
2026-02-02T10:09:47.068,"{""sensor"":{""time"":335695,""status"":true,""class:"":2}}"
2026-02-02T10:09:47.204,"{""sensor"":{""time"":335811,""status"":true,""class:"":2}}"
2026-02-02T10:09:47.294,"{""sensor"":{""time"":335926,""status"":true,""class:"":2}}"
2026-02-02T10:09:47.432,"{""sensor"":{""time"":336041,""status"":true,""class:"":2}}"
2026-02-02T10:09:47.519,"{""sensor"":{""time"":336157,""status"":true,""class:"":2}}"
2026-02-02T10:09:47.654,"{""sensor"":{""time"":336272,""status"":true,""class:"":2}}"
2026-02-02T10:09:47.744,"{""sensor"":{""time"":336387,""status"":true,""class:"":2}}"
2026-02-02T10:09:47.879,"{""sensor"":{""time"":336503,""status"":true,""class:"":2}}"
2026-02-02T10:09:48.013,"{""sensor"":{""time"":336618,""status"":true,""class:"":2}}"
2026-02-02T10:09:48.103,"{""sensor"":{""time"":336734,""status"":true,""class:"":2}}"
2026-02-02T10:09:48.238,"{""sensor"":{""time"":336849,""status"":true,""class:"":2}}"
2026-02-02T10:09:48.328,"{""sensor"":{""time"":336964,""status"":true,""class:"":2}}"
2026-02-02T10:09:48.464,"{""sensor"":{""time"":337080,""status"":true,""class:"":2}}"
2026-02-02T10:09:48.644,"{""sensor"":{""time"":337195,""status"":true,""class:"":2}}"
2026-02-02T10:09:48.733,"{""sensor"":{""time"":337310,""status"":true,""class:"":2}}"
2026-02-02T10:09:48.869,"{""sensor"":{""time"":337426,""status"":true,""class:"":2}}"
2026-02-02T10:09:48.959,"{""sensor"":{""time"":337541,""status"":true,""class:"":2}}"
2026-02-02T10:09:49.049,"{""sensor"":{""time"":337656,""status"":true,""class:"":2}}"
2026-02-02T10:09:49.138,"{""sensor"":{""time"":337772,""status"":true,""class:"":2}}"
2026-02-02T10:09:49.275,"{""sensor"":{""time"":337887,""status"":true,""class:"":2}}"
2026-02-02T10:09:49.364,"{""sensor"":{""time"":338002,""status"":true,""class:"":2}}"
2026-02-02T10:09:49.498,"{""sensor"":{""time"":338118,""status"":true,""class:"":2}}"
2026-02-02T10:09:49.588,"{""sensor"":{""time"":338233,""status"":true,""class:"":2}}"
2026-02-02T10:09:49.724,"{""sensor"":{""time"":338348,""status"":true,""class:"":2}}"
2026-02-02T10:09:49.859,"{""sensor"":{""time"":338464,""status"":true,""class:"":2}}"
2026-02-02T10:09:49.948,"{""sensor"":{""time"":338579,""status"":true,""class:"":2}}"
2026-02-02T10:09:50.083,"{""sensor"":{""time"":338695,""status"":true,""class:"":2}}"
2026-02-02T10:09:50.173,"{""sensor"":{""time"":338810,""status"":true,""class:"":2}}"
2026-02-02T10:09:50.310,"{""sensor"":{""time"":338926,""status"":true,""class:"":2}}"
2026-02-02T10:09:50.400,"{""sensor"":{""time"":339041,""status"":true,""class:"":2}}"
2026-02-02T10:09:50.533,"{""sensor"":{""time"":339156,""status"":true,""class:"":2}}"
2026-02-02T10:09:50.669,"{""sensor"":{""time"":339272,""status"":true,""class:"":2}}"
2026-02-02T10:09:50.758,"{""sensor"":{""time"":339387,""status"":true,""class:"":2}}"
2026-02-02T10:09:50.893,"{""sensor"":{""time"":339503,""status"":true,""class:"":2}}"
2026-02-02T10:09:50.984,"{""sensor"":{""time"":339618,""status"":true,""class:"":2}}"
2026-02-02T10:09:51.118,"{""sensor"":{""time"":339733,""status"":true,""class:"":2}}"
2026-02-02T10:09:51.208,"{""sensor"":{""time"":339849,""status"":true,""class:"":2}}"
2026-02-02T10:09:51.344,"{""sensor"":{""time"":339964,""status"":true,""class:"":2}}"
2026-02-02T10:09:51.434,"{""sensor"":{""time"":340079,""status"":true,""class:"":2}}"
2026-02-02T10:09:51.568,"{""sensor"":{""time"":340195,""status"":true,""class:"":2}}"
2026-02-02T10:09:51.794,"{""sensor"":{""time"":340310,""status"":true,""class:"":2}}"
2026-02-02T10:09:51.839,"{""sensor"":{""time"":340425,""status"":true,""class:"":2}}"
2026-02-02T10:09:51.928,"{""sensor"":{""time"":340541,""status"":true,""class:"":2}}"
2026-02-02T10:09:52.018,"{""sensor"":{""time"":340656,""status"":true,""class:"":2}}"
2026-02-02T10:09:52.155,"{""sensor"":{""time"":340772,""status"":true,""class:"":2}}"
2026-02-02T10:09:52.288,"{""sensor"":{""time"":340887,""status"":true,""class:"":2}}"
2026-02-02T10:09:52.380,"{""sensor"":{""time"":341002,""status"":true,""class:"":2}}"
2026-02-02T10:09:52.514,"{""sensor"":{""time"":341118,""status"":true,""class:"":2}}"
2026-02-02T10:09:52.649,"{""sensor"":{""time"":341233,""status"":true,""class:"":2}}"
2026-02-02T10:09:52.739,"{""sensor"":{""time"":341349,""status"":true,""class:"":2}}"
2026-02-02T10:09:52.829,"{""sensor"":{""time"":341464,""status"":true,""class:"":2}}"
2026-02-02T10:09:52.963,"{""sensor"":{""time"":341579,""status"":true,""class:"":2}}"
2026-02-02T10:09:53.054,"{""sensor"":{""time"":341695,""status"":true,""class:"":2}}"
2026-02-02T10:09:53.189,"{""sensor"":{""time"":341810,""status"":true,""class:"":2}}"
2026-02-02T10:09:53.279,"{""sensor"":{""time"":341926,""status"":true,""class:"":2}}"
2026-02-02T10:09:53.414,"{""sensor"":{""time"":342041,""status"":true,""class:"":2}}"
2026-02-02T10:09:53.551,"{""sensor"":{""time"":342157,""status"":true,""class:"":2}}"
2026-02-02T10:09:53.638,"{""sensor"":{""time"":342272,""status"":true,""class:"":2}}"
2026-02-02T10:09:53.775,"{""sensor"":{""time"":342388,""status"":true,""class:"":2}}"
2026-02-02T10:09:53.863,"{""sensor"":{""time"":342503,""status"":true,""class:"":2}}"
2026-02-02T10:09:53.998,"{""sensor"":{""time"":342618,""status"":true,""class:"":2}}"
2026-02-02T10:09:54.089,"{""sensor"":{""time"":342734,""status"":true,""class:"":2}}"
2026-02-02T10:09:54.269,"{""sensor"":{""time"":342849,""status"":true,""class:"":2}}"
2026-02-02T10:09:54.358,"{""sensor"":{""time"":342964,""status"":true,""class:"":2}}"
2026-02-02T10:09:54.448,"{""sensor"":{""time"":343080,""status"":true,""class:"":2}}"
2026-02-02T10:09:54.583,"{""sensor"":{""time"":343195,""status"":true,""class:"":2}}"
2026-02-02T10:09:54.673,"{""sensor"":{""time"":343311,""status"":true,""class:"":2}}"
2026-02-02T10:09:54.811,"{""sensor"":{""time"":343426,""status"":true,""class:"":2}}"
2026-02-02T10:09:54.899,"{""sensor"":{""time"":343541,""status"":true,""class:"":2}}"
2026-02-02T10:09:55.035,"{""sensor"":{""time"":343657,""status"":true,""class:"":2}}"
2026-02-02T10:09:55.168,"{""sensor"":{""time"":343772,""status"":true,""class:"":2}}"
2026-02-02T10:09:55.259,"{""sensor"":{""time"":343887,""status"":true,""class:"":2}}"
2026-02-02T10:09:55.395,"{""sensor"":{""time"":344003,""status"":true,""class:"":2}}"
2026-02-02T10:09:55.483,"{""sensor"":{""time"":344118,""status"":true,""class:"":2}}"
2026-02-02T10:09:55.618,"{""sensor"":{""time"":344234,""status"":true,""class:"":2}}"
2026-02-02T10:09:55.709,"{""sensor"":{""time"":344349,""status"":true,""class:"":2}}"
2026-02-02T10:09:55.844,"{""sensor"":{""time"":344464,""status"":true,""class:"":2}}"
2026-02-02T10:09:55.933,"{""sensor"":{""time"":344580,""status"":true,""class:"":2}}"
2026-02-02T10:09:56.069,"{""sensor"":{""time"":344695,""status"":true,""class:"":2}}"
2026-02-02T10:09:56.203,"{""sensor"":{""time"":344810,""status"":true,""class:"":2}}"
2026-02-02T10:09:56.294,"{""sensor"":{""time"":344926,""status"":true,""class:"":2}}"
2026-02-02T10:09:56.429,"{""sensor"":{""time"":345041,""status"":true,""class:"":2}}"
2026-02-02T10:09:56.518,"{""sensor"":{""time"":345156,""status"":true,""class:"":2}}"
2026-02-02T10:09:56.653,"{""sensor"":{""time"":345271,""status"":true,""class:"":2}}"
2026-02-02T10:09:56.789,"{""sensor"":{""time"":345387,""status"":true,""class:"":2}}"
2026-02-02T10:09:56.880,"{""sensor"":{""time"":345502,""status"":true,""class:"":2}}"
2026-02-02T10:09:57.014,"{""sensor"":{""time"":345618,""status"":true,""class:"":2}}"
2026-02-02T10:09:57.105,"{""sensor"":{""time"":345733,""status"":true,""class:"":2}}"
2026-02-02T10:09:57.239,"{""sensor"":{""time"":345848,""status"":true,""class:"":2}}"
2026-02-02T10:09:57.329,"{""sensor"":{""time"":345964,""status"":true,""class:"":2}}"
2026-02-02T10:09:57.509,"{""sensor"":{""time"":346079,""status"":true,""class:"":2}}"
2026-02-02T10:09:57.599,"{""sensor"":{""time"":346194,""status"":true,""class:"":2}}"
2026-02-02T10:09:57.689,"{""sensor"":{""time"":346310,""status"":true,""class:"":2}}"
2026-02-02T10:09:57.779,"{""sensor"":{""time"":346425,""status"":true,""class:"":2}}"
2026-02-02T10:09:57.914,"{""sensor"":{""time"":346540,""status"":true,""class:"":2}}"
2026-02-02T10:09:58.048,"{""sensor"":{""time"":346656,""status"":true,""class:"":2}}"
2026-02-02T10:09:58.138,"{""sensor"":{""time"":346771,""status"":true,""class:"":2}}"
2026-02-02T10:09:58.273,"{""sensor"":{""time"":346887,""status"":true,""class:"":2}}"
2026-02-02T10:09:58.363,"{""sensor"":{""time"":347002,""status"":true,""class:"":2}}"
2026-02-02T10:09:58.545,"{""sensor"":{""time"":347117,""status"":true,""class:"":2}}"
2026-02-02T10:09:58.633,"{""sensor"":{""time"":347233,""status"":true,""class:"":2}}"
2026-02-02T10:09:58.772,"{""sensor"":{""time"":347348,""status"":true,""class:"":2}}"
2026-02-02T10:09:58.859,"{""sensor"":{""time"":347463,""status"":true,""class:"":2}}"
2026-02-02T10:09:58.949,"{""sensor"":{""time"":347579,""status"":true,""class:"":2}}"
2026-02-02T10:09:59.083,"{""sensor"":{""time"":347694,""status"":true,""class:"":2}}"
2026-02-02T10:09:59.177,"{""sensor"":{""time"":347810,""status"":true,""class:"":2}}"
2026-02-02T10:09:59.309,"{""sensor"":{""time"":347925,""status"":true,""class:"":2}}"
2026-02-02T10:09:59.399,"{""sensor"":{""time"":348040,""status"":true,""class:"":2}}"
2026-02-02T10:09:59.533,"{""sensor"":{""time"":348155,""status"":true,""class:"":2}}"
2026-02-02T10:09:59.624,"{""sensor"":{""time"":348271,""status"":true,""class:"":2}}"
2026-02-02T10:09:59.758,"{""sensor"":{""time"":348386,""status"":true,""class:"":2}}"
2026-02-02T10:09:59.894,"{""sensor"":{""time"":348502,""status"":true,""class:"":2}}"
2026-02-02T10:09:59.983,"{""sensor"":{""time"":348617,""status"":true,""class:"":2}}"
2026-02-02T10:10:00.119,"{""sensor"":{""time"":348733,""status"":true,""class:"":2}}"
2026-02-02T10:10:00.208,"{""sensor"":{""time"":348848,""status"":true,""class:"":2}}"
2026-02-02T10:10:00.389,"{""sensor"":{""time"":348964,""status"":true,""class:"":2}}"
2026-02-02T10:10:00.479,"{""sensor"":{""time"":349079,""status"":true,""class:"":2}}"
2026-02-02T10:10:00.568,"{""sensor"":{""time"":349194,""status"":true,""class:"":2}}"
2026-02-02T10:10:00.704,"{""sensor"":{""time"":349309,""status"":true,""class:"":2}}"
2026-02-02T10:10:00.794,"{""sensor"":{""time"":349425,""status"":true,""class:"":2}}"
2026-02-02T10:10:00.929,"{""sensor"":{""time"":349540,""status"":true,""class:"":2}}"
2026-02-02T10:10:01.019,"{""sensor"":{""time"":349656,""status"":true,""class:"":2}}"
2026-02-02T10:10:01.153,"{""sensor"":{""time"":349771,""status"":true,""class:"":2}}"
2026-02-02T10:10:01.245,"{""sensor"":{""time"":349886,""status"":true,""class:"":2}}"
2026-02-02T10:10:01.378,"{""sensor"":{""time"":350002,""status"":true,""class:"":2}}"
2026-02-02T10:10:01.514,"{""sensor"":{""time"":350117,""status"":true,""class:"":2}}"
2026-02-02T10:10:01.606,"{""sensor"":{""time"":350233,""status"":true,""class:"":2}}"
2026-02-02T10:10:01.786,"{""sensor"":{""time"":350348,""status"":true,""class:"":2}}"
2026-02-02T10:10:01.875,"{""sensor"":{""time"":350464,""status"":true,""class:"":2}}"
2026-02-02T10:10:02.010,"{""sensor"":{""time"":350579,""status"":true,""class:"":2}}"
2026-02-02T10:10:02.099,"{""sensor"":{""time"":350694,""status"":true,""class:"":2}}"
2026-02-02T10:10:02.189,"{""sensor"":{""time"":350810,""status"":true,""class:"":2}}"
2026-02-02T10:10:02.279,"{""sensor"":{""time"":350925,""status"":true,""class:"":2}}"
2026-02-02T10:10:02.414,"{""sensor"":{""time"":351040,""status"":true,""class:"":2}}"
2026-02-02T10:10:02.548,"{""sensor"":{""time"":351155,""status"":true,""class:"":2}}"
2026-02-02T10:10:02.639,"{""sensor"":{""time"":351271,""status"":true,""class:"":2}}"
2026-02-02T10:10:02.774,"{""sensor"":{""time"":351386,""status"":true,""class:"":2}}"
2026-02-02T10:10:02.863,"{""sensor"":{""time"":351501,""status"":true,""class:"":2}}"
2026-02-02T10:10:02.999,"{""sensor"":{""time"":351617,""status"":true,""class:"":2}}"
2026-02-02T10:10:03.089,"{""sensor"":{""time"":351732,""status"":true,""class:"":2}}"
2026-02-02T10:10:03.359,"{""sensor"":{""time"":351847,""status"":true,""class:"":2}}"
2026-02-02T10:10:03.403,"{""sensor"":{""time"":351962,""status"":true,""class:"":2}}"
2026-02-02T10:10:03.494,"{""sensor"":{""time"":352078,""status"":true,""class:"":2}}"
2026-02-02T10:10:03.584,"{""sensor"":{""time"":352194,""status"":true,""class:"":2}}"
2026-02-02T10:10:03.674,"{""sensor"":{""time"":352309,""status"":true,""class:"":2}}"
2026-02-02T10:10:03.809,"{""sensor"":{""time"":352424,""status"":true,""class:"":2}}"
2026-02-02T10:10:03.899,"{""sensor"":{""time"":352540,""status"":true,""class:"":2}}"
2026-02-02T10:10:04.034,"{""sensor"":{""time"":352655,""status"":true,""class:"":2}}"
2026-02-02T10:10:04.124,"{""sensor"":{""time"":352771,""status"":true,""class:"":2}}"
2026-02-02T10:10:04.349,"{""sensor"":{""time"":352886,""status"":true,""class:"":2}}"
2026-02-02T10:10:04.439,"{""sensor"":{""time"":353001,""status"":true,""class:"":2}}"
2026-02-02T10:10:04.529,"{""sensor"":{""time"":353117,""status"":true,""class:"":2}}"
2026-02-02T10:10:04.620,"{""sensor"":{""time"":353232,""status"":true,""class:"":2}}"
2026-02-02T10:10:04.754,"{""sensor"":{""time"":353347,""status"":true,""class:"":2}}"
2026-02-02T10:10:04.844,"{""sensor"":{""time"":353463,""status"":true,""class:"":2}}"
2026-02-02T10:10:04.934,"{""sensor"":{""time"":353578,""status"":true,""class:"":2}}"
2026-02-02T10:10:05.069,"{""sensor"":{""time"":353694,""status"":true,""class:"":2}}"
2026-02-02T10:10:05.203,"{""sensor"":{""time"":353809,""status"":true,""class:"":2}}"
2026-02-02T10:10:05.294,"{""sensor"":{""time"":353924,""status"":true,""class:"":2}}"
2026-02-02T10:10:05.474,"{""sensor"":{""time"":354040,""status"":true,""class:"":2}}"
2026-02-02T10:10:05.564,"{""sensor"":{""time"":354155,""status"":true,""class:"":2}}"
2026-02-02T10:10:05.653,"{""sensor"":{""time"":354270,""status"":true,""class:"":2}}"
2026-02-02T10:10:05.743,"{""sensor"":{""time"":354386,""status"":true,""class:"":2}}"
2026-02-02T10:10:05.879,"{""sensor"":{""time"":354501,""status"":true,""class:"":2}}"
2026-02-02T10:10:05.968,"{""sensor"":{""time"":354617,""status"":true,""class:"":2}}"
2026-02-02T10:10:06.104,"{""sensor"":{""time"":354732,""status"":true,""class:"":2}}"
2026-02-02T10:10:06.240,"{""sensor"":{""time"":354847,""status"":true,""class:"":2}}"
2026-02-02T10:10:06.328,"{""sensor"":{""time"":354962,""status"":true,""class:"":2}}"
2026-02-02T10:10:06.463,"{""sensor"":{""time"":355078,""status"":true,""class:"":2}}"
2026-02-02T10:10:06.553,"{""sensor"":{""time"":355193,""status"":true,""class:"":2}}"
2026-02-02T10:10:06.693,"{""sensor"":{""time"":355308,""status"":true,""class:"":2}}"
2026-02-02T10:10:06.825,"{""sensor"":{""time"":355424,""status"":true,""class:"":2}}"
2026-02-02T10:10:06.914,"{""sensor"":{""time"":355539,""status"":true,""class:"":2}}"
2026-02-02T10:10:07.048,"{""sensor"":{""time"":355655,""status"":true,""class:"":2}}"
2026-02-02T10:10:07.138,"{""sensor"":{""time"":355770,""status"":true,""class:"":2}}"
2026-02-02T10:10:07.273,"{""sensor"":{""time"":355885,""status"":true,""class:"":2}}"
2026-02-02T10:10:07.363,"{""sensor"":{""time"":356001,""status"":true,""class:"":2}}"
2026-02-02T10:10:07.498,"{""sensor"":{""time"":356116,""status"":true,""class:"":2}}"
2026-02-02T10:10:07.588,"{""sensor"":{""time"":356232,""status"":true,""class:"":2}}"
2026-02-02T10:10:07.724,"{""sensor"":{""time"":356347,""status"":true,""class:"":2}}"
2026-02-02T10:10:07.859,"{""sensor"":{""time"":356463,""status"":true,""class:"":2}}"
2026-02-02T10:10:07.992,"{""sensor"":{""time"":356578,""status"":true,""class:"":2}}"
2026-02-02T10:10:08.083,"{""sensor"":{""time"":356694,""status"":true,""class:"":2}}"
2026-02-02T10:10:08.173,"{""sensor"":{""time"":356809,""status"":true,""class:"":2}}"
2026-02-02T10:10:08.309,"{""sensor"":{""time"":356925,""status"":true,""class:"":2}}"
2026-02-02T10:10:08.444,"{""sensor"":{""time"":357040,""status"":true,""class:"":2}}"
2026-02-02T10:10:08.534,"{""sensor"":{""time"":357155,""status"":true,""class:"":2}}"
2026-02-02T10:10:08.623,"{""sensor"":{""time"":357271,""status"":true,""class:"":2}}"
2026-02-02T10:10:08.758,"{""sensor"":{""time"":357386,""status"":true,""class:"":2}}"
2026-02-02T10:10:08.895,"{""sensor"":{""time"":357501,""status"":true,""class:"":2}}"
2026-02-02T10:10:08.983,"{""sensor"":{""time"":357617,""status"":true,""class:"":2}}"
2026-02-02T10:10:09.120,"{""sensor"":{""time"":357732,""status"":true,""class:"":2}}"
2026-02-02T10:10:09.297,"{""sensor"":{""time"":357847,""status"":true,""class:"":2}}"
2026-02-02T10:10:09.388,"{""sensor"":{""time"":357963,""status"":true,""class:"":2}}"
2026-02-02T10:10:09.478,"{""sensor"":{""time"":358078,""status"":true,""class:"":2}}"
2026-02-02T10:10:09.570,"{""sensor"":{""time"":358194,""status"":true,""class:"":2}}"
2026-02-02T10:10:09.704,"{""sensor"":{""time"":358309,""status"":true,""class:"":2}}"
2026-02-02T10:10:09.794,"{""sensor"":{""time"":358424,""status"":true,""class:"":2}}"
2026-02-02T10:10:09.929,"{""sensor"":{""time"":358540,""status"":true,""class:"":2}}"
2026-02-02T10:10:10.018,"{""sensor"":{""time"":358655,""status"":true,""class:"":2}}"
2026-02-02T10:10:10.153,"{""sensor"":{""time"":358770,""status"":true,""class:"":2}}"
2026-02-02T10:10:10.244,"{""sensor"":{""time"":358886,""status"":true,""class:"":2}}"
2026-02-02T10:10:10.424,"{""sensor"":{""time"":359001,""status"":true,""class:"":2}}"
2026-02-02T10:10:10.514,"{""sensor"":{""time"":359116,""status"":true,""class:"":2}}"
2026-02-02T10:10:10.603,"{""sensor"":{""time"":359232,""status"":true,""class:"":2}}"
2026-02-02T10:10:10.783,"{""sensor"":{""time"":359347,""status"":true,""class:"":2}}"
2026-02-02T10:10:10.873,"{""sensor"":{""time"":359462,""status"":true,""class:"":2}}"
2026-02-02T10:10:10.965,"{""sensor"":{""time"":359578,""status"":true,""class:"":2}}"
2026-02-02T10:10:11.053,"{""sensor"":{""time"":359693,""status"":true,""class:"":2}}"
2026-02-02T10:10:11.190,"{""sensor"":{""time"":359808,""status"":true,""class:"":2}}"
2026-02-02T10:10:11.278,"{""sensor"":{""time"":359924,""status"":true,""class:"":2}}"
2026-02-02T10:10:11.414,"{""sensor"":{""time"":360039,""status"":true,""class:"":2}}"
2026-02-02T10:10:11.550,"{""sensor"":{""time"":360154,""status"":true,""class:"":2}}"
2026-02-02T10:10:11.640,"{""sensor"":{""time"":360270,""status"":true,""class:"":2}}"
2026-02-02T10:10:11.818,"{""sensor"":{""time"":360385,""status"":true,""class:"":2}}"
2026-02-02T10:10:11.908,"{""sensor"":{""time"":360500,""status"":true,""class:"":2}}"
2026-02-02T10:10:11.998,"{""sensor"":{""time"":360616,""status"":true,""class:"":2}}"
2026-02-02T10:10:12.089,"{""sensor"":{""time"":360731,""status"":true,""class:"":2}}"
2026-02-02T10:10:12.223,"{""sensor"":{""time"":360846,""status"":true,""class:"":2}}"
2026-02-02T10:10:12.315,"{""sensor"":{""time"":360962,""status"":true,""class:"":2}}"
2026-02-02T10:10:12.448,"{""sensor"":{""time"":361077,""status"":true,""class:"":2}}"
2026-02-02T10:10:12.584,"{""sensor"":{""time"":361193,""status"":true,""class:"":2}}"
2026-02-02T10:10:12.672,"{""sensor"":{""time"":361308,""status"":true,""class:"":2}}"
2026-02-02T10:10:12.809,"{""sensor"":{""time"":361423,""status"":true,""class:"":2}}"
2026-02-02T10:10:12.897,"{""sensor"":{""time"":361539,""status"":true,""class:"":2}}"
2026-02-02T10:10:13.035,"{""sensor"":{""time"":361654,""status"":true,""class:"":2}}"
2026-02-02T10:10:13.169,"{""sensor"":{""time"":361770,""status"":true,""class:"":2}}"
2026-02-02T10:10:13.258,"{""sensor"":{""time"":361885,""status"":true,""class:"":2}}"
2026-02-02T10:10:13.393,"{""sensor"":{""time"":362000,""status"":true,""class:"":2}}"
2026-02-02T10:10:13.484,"{""sensor"":{""time"":362116,""status"":true,""class:"":2}}"
2026-02-02T10:10:13.619,"{""sensor"":{""time"":362231,""status"":true,""class:"":2}}"
2026-02-02T10:10:13.711,"{""sensor"":{""time"":362347,""status"":true,""class:"":2}}"
2026-02-02T10:10:13.844,"{""sensor"":{""time"":362462,""status"":true,""class:"":2}}"
2026-02-02T10:10:13.935,"{""sensor"":{""time"":362577,""status"":true,""class:"":2}}"
2026-02-02T10:10:14.068,"{""sensor"":{""time"":362693,""status"":true,""class:"":2}}"
2026-02-02T10:10:14.205,"{""sensor"":{""time"":362808,""status"":true,""class:"":2}}"
2026-02-02T10:10:14.339,"{""sensor"":{""time"":362923,""status"":true,""class:"":2}}"
2026-02-02T10:10:14.428,"{""sensor"":{""time"":363039,""status"":true,""class:"":2}}"
2026-02-02T10:10:14.520,"{""sensor"":{""time"":363154,""status"":true,""class:"":2}}"
2026-02-02T10:10:14.652,"{""sensor"":{""time"":363269,""status"":true,""class:"":2}}"
2026-02-02T10:10:14.744,"{""sensor"":{""time"":363385,""status"":true,""class:"":2}}"
2026-02-02T10:10:14.879,"{""sensor"":{""time"":363500,""status"":true,""class:"":2}}"
2026-02-02T10:10:14.969,"{""sensor"":{""time"":363616,""status"":true,""class:"":2}}"
2026-02-02T10:10:15.103,"{""sensor"":{""time"":363731,""status"":true,""class:"":2}}"
2026-02-02T10:10:15.239,"{""sensor"":{""time"":363847,""status"":true,""class:"":2}}"
2026-02-02T10:10:15.328,"{""sensor"":{""time"":363962,""status"":true,""class:"":2}}"
2026-02-02T10:10:15.464,"{""sensor"":{""time"":364077,""status"":true,""class:"":2}}"
2026-02-02T10:10:15.553,"{""sensor"":{""time"":364193,""status"":true,""class:"":2}}"
2026-02-02T10:10:15.688,"{""sensor"":{""time"":364308,""status"":true,""class:"":2}}"
2026-02-02T10:10:15.778,"{""sensor"":{""time"":364424,""status"":true,""class:"":2}}"
2026-02-02T10:10:15.914,"{""sensor"":{""time"":364539,""status"":true,""class:"":2}}"
2026-02-02T10:10:16.051,"{""sensor"":{""time"":364654,""status"":true,""class:"":2}}"
2026-02-02T10:10:16.138,"{""sensor"":{""time"":364770,""status"":true,""class:"":2}}"
2026-02-02T10:10:16.274,"{""sensor"":{""time"":364885,""status"":true,""class:"":2}}"
2026-02-02T10:10:16.409,"{""sensor"":{""time"":365000,""status"":true,""class:"":2}}"
2026-02-02T10:10:16.498,"{""sensor"":{""time"":365116,""status"":true,""class:"":2}}"
2026-02-02T10:10:16.590,"{""sensor"":{""time"":365231,""status"":true,""class:"":2}}"
2026-02-02T10:10:16.813,"{""sensor"":{""time"":365346,""status"":true,""class:"":2}}"
2026-02-02T10:10:16.859,"{""sensor"":{""time"":365462,""status"":true,""class:"":2}}"
2026-02-02T10:10:16.948,"{""sensor"":{""time"":365577,""status"":true,""class:"":2}}"
2026-02-02T10:10:17.084,"{""sensor"":{""time"":365693,""status"":true,""class:"":2}}"
2026-02-02T10:10:17.173,"{""sensor"":{""time"":365808,""status"":true,""class:"":2}}"
2026-02-02T10:10:17.308,"{""sensor"":{""time"":365924,""status"":true,""class:"":2}}"
2026-02-02T10:10:17.397,"{""sensor"":{""time"":366039,""status"":true,""class:"":2}}"
2026-02-02T10:10:17.532,"{""sensor"":{""time"":366155,""status"":true,""class:"":2}}"
2026-02-02T10:10:17.623,"{""sensor"":{""time"":366270,""status"":true,""class:"":2}}"
2026-02-02T10:10:17.804,"{""sensor"":{""time"":366385,""status"":true,""class:"":2}}"
2026-02-02T10:10:17.895,"{""sensor"":{""time"":366501,""status"":true,""class:"":2}}"
2026-02-02T10:10:17.982,"{""sensor"":{""time"":366616,""status"":true,""class:"":2}}"
2026-02-02T10:10:18.119,"{""sensor"":{""time"":366731,""status"":true,""class:"":2}}"
2026-02-02T10:10:18.253,"{""sensor"":{""time"":366847,""status"":true,""class:"":2}}"
2026-02-02T10:10:18.345,"{""sensor"":{""time"":366962,""status"":true,""class:"":2}}"
2026-02-02T10:10:18.478,"{""sensor"":{""time"":367078,""status"":true,""class:"":2}}"
2026-02-02T10:10:18.613,"{""sensor"":{""time"":367193,""status"":true,""class:"":2}}"
2026-02-02T10:10:18.704,"{""sensor"":{""time"":367308,""status"":true,""class:"":2}}"
2026-02-02T10:10:18.792,"{""sensor"":{""time"":367423,""status"":true,""class:"":2}}"
2026-02-02T10:10:18.929,"{""sensor"":{""time"":367539,""status"":true,""class:"":2}}"
2026-02-02T10:10:19.018,"{""sensor"":{""time"":367654,""status"":true,""class:"":2}}"
2026-02-02T10:10:19.153,"{""sensor"":{""time"":367770,""status"":true,""class:"":2}}"
2026-02-02T10:10:19.378,"{""sensor"":{""time"":367885,""status"":true,""class:"":2}}"
2026-02-02T10:10:19.424,"{""sensor"":{""time"":368001,""status"":true,""class:"":2}}"
2026-02-02T10:10:19.513,"{""sensor"":{""time"":368116,""status"":true,""class:"":2}}"
2026-02-02T10:10:19.603,"{""sensor"":{""time"":368231,""status"":true,""class:"":2}}"
2026-02-02T10:10:19.737,"{""sensor"":{""time"":368347,""status"":true,""class:"":2}}"
2026-02-02T10:10:19.830,"{""sensor"":{""time"":368462,""status"":true,""class:"":2}}"
2026-02-02T10:10:19.964,"{""sensor"":{""time"":368578,""status"":true,""class:"":2}}"
2026-02-02T10:10:20.053,"{""sensor"":{""time"":368693,""status"":true,""class:"":2}}"
2026-02-02T10:10:20.187,"{""sensor"":{""time"":368808,""status"":true,""class:"":2}}"
2026-02-02T10:10:20.279,"{""sensor"":{""time"":368924,""status"":true,""class:"":2}}"
2026-02-02T10:10:20.459,"{""sensor"":{""time"":369040,""status"":true,""class:"":2}}"
2026-02-02T10:10:20.547,"{""sensor"":{""time"":369155,""status"":true,""class:"":2}}"
2026-02-02T10:10:20.638,"{""sensor"":{""time"":369271,""status"":true,""class:"":2}}"
2026-02-02T10:10:20.773,"{""sensor"":{""time"":369386,""status"":true,""class:"":2}}"
2026-02-02T10:10:20.864,"{""sensor"":{""time"":369502,""status"":true,""class:"":2}}"
2026-02-02T10:10:20.997,"{""sensor"":{""time"":369617,""status"":true,""class:"":2}}"
2026-02-02T10:10:21.087,"{""sensor"":{""time"":369733,""status"":true,""class:"":2}}"
2026-02-02T10:10:21.223,"{""sensor"":{""time"":369848,""status"":true,""class:"":2}}"
2026-02-02T10:10:21.359,"{""sensor"":{""time"":369963,""status"":true,""class:"":2}}"
2026-02-02T10:10:21.447,"{""sensor"":{""time"":370078,""status"":true,""class:"":2}}"
2026-02-02T10:10:21.583,"{""sensor"":{""time"":370194,""status"":true,""class:"":2}}"
2026-02-02T10:10:21.673,"{""sensor"":{""time"":370310,""status"":true,""class:"":2}}"
2026-02-02T10:10:21.853,"{""sensor"":{""time"":370425,""status"":true,""class:"":2}}"
2026-02-02T10:10:21.944,"{""sensor"":{""time"":370540,""status"":true,""class:"":2}}"
2026-02-02T10:10:22.033,"{""sensor"":{""time"":370656,""status"":true,""class:"":2}}"
2026-02-02T10:10:22.169,"{""sensor"":{""time"":370771,""status"":true,""class:"":2}}"
2026-02-02T10:10:22.257,"{""sensor"":{""time"":370887,""status"":true,""class:"":2}}"
2026-02-02T10:10:22.394,"{""sensor"":{""time"":371002,""status"":true,""class:"":2}}"
2026-02-02T10:10:22.484,"{""sensor"":{""time"":371117,""status"":true,""class:"":2}}"
2026-02-02T10:10:22.618,"{""sensor"":{""time"":371233,""status"":true,""class:"":2}}"
2026-02-02T10:10:22.798,"{""sensor"":{""time"":371348,""status"":true,""class:"":2}}"
2026-02-02T10:10:22.934,"{""sensor"":{""time"":371463,""status"":true,""class:"":2}}"
2026-02-02T10:10:22.979,"{""sensor"":{""time"":371579,""status"":true,""class:"":2}}"
2026-02-02T10:10:23.068,"{""sensor"":{""time"":371694,""status"":true,""class:"":2}}"
2026-02-02T10:10:23.203,"{""sensor"":{""time"":371809,""status"":true,""class:"":2}}"
2026-02-02T10:10:23.342,"{""sensor"":{""time"":371925,""status"":true,""class:"":2}}"
2026-02-02T10:10:23.427,"{""sensor"":{""time"":372040,""status"":true,""class:"":2}}"
2026-02-02T10:10:23.517,"{""sensor"":{""time"":372156,""status"":true,""class:"":2}}"
2026-02-02T10:10:23.698,"{""sensor"":{""time"":372271,""status"":true,""class:"":2}}"
2026-02-02T10:10:23.788,"{""sensor"":{""time"":372386,""status"":true,""class:"":2}}"
2026-02-02T10:10:23.924,"{""sensor"":{""time"":372502,""status"":true,""class:"":2}}"
2026-02-02T10:10:24.012,"{""sensor"":{""time"":372617,""status"":true,""class:"":2}}"
2026-02-02T10:10:24.148,"{""sensor"":{""time"":372732,""status"":true,""class:"":2}}"
2026-02-02T10:10:24.327,"{""sensor"":{""time"":372847,""status"":true,""class:"":2}}"
2026-02-02T10:10:24.372,"{""sensor"":{""time"":372963,""status"":true,""class:"":2}}"
2026-02-02T10:10:24.464,"{""sensor"":{""time"":373078,""status"":true,""class:"":2}}"
2026-02-02T10:10:24.554,"{""sensor"":{""time"":373194,""status"":true,""class:"":2}}"
2026-02-02T10:10:24.687,"{""sensor"":{""time"":373309,""status"":true,""class:"":2}}"
2026-02-02T10:10:24.777,"{""sensor"":{""time"":373425,""status"":true,""class:"":2}}"
2026-02-02T10:10:24.913,"{""sensor"":{""time"":373540,""status"":true,""class:"":2}}"
2026-02-02T10:10:25.048,"{""sensor"":{""time"":373656,""status"":true,""class:"":2}}"
2026-02-02T10:10:25.138,"{""sensor"":{""time"":373771,""status"":true,""class:"":2}}"
2026-02-02T10:10:25.274,"{""sensor"":{""time"":373886,""status"":true,""class:"":2}}"
2026-02-02T10:10:25.362,"{""sensor"":{""time"":374002,""status"":true,""class:"":2}}"
2026-02-02T10:10:25.499,"{""sensor"":{""time"":374117,""status"":true,""class:"":2}}"
2026-02-02T10:10:25.587,"{""sensor"":{""time"":374232,""status"":true,""class:"":2}}"
2026-02-02T10:10:25.722,"{""sensor"":{""time"":374348,""status"":true,""class:"":2}}"
2026-02-02T10:10:25.813,"{""sensor"":{""time"":374463,""status"":true,""class:"":2}}"
2026-02-02T10:10:25.948,"{""sensor"":{""time"":374578,""status"":true,""class:"":2}}"
2026-02-02T10:10:26.083,"{""sensor"":{""time"":374693,""status"":true,""class:"":2}}"
2026-02-02T10:10:26.173,"{""sensor"":{""time"":374809,""status"":true,""class:"":2}}"
2026-02-02T10:10:26.308,"{""sensor"":{""time"":374924,""status"":true,""class:"":2}}"
2026-02-02T10:10:26.397,"{""sensor"":{""time"":375040,""status"":true,""class:"":2}}"
2026-02-02T10:10:26.533,"{""sensor"":{""time"":375155,""status"":true,""class:"":2}}"
2026-02-02T10:10:26.622,"{""sensor"":{""time"":375270,""status"":true,""class:"":2}}"
2026-02-02T10:10:26.848,"{""sensor"":{""time"":375386,""status"":true,""class:"":2}}"
2026-02-02T10:10:26.937,"{""sensor"":{""time"":375501,""status"":true,""class:"":2}}"
2026-02-02T10:10:27.028,"{""sensor"":{""time"":375617,""status"":true,""class:"":2}}"
2026-02-02T10:10:27.118,"{""sensor"":{""time"":375732,""status"":true,""class:"":2}}"
2026-02-02T10:10:27.208,"{""sensor"":{""time"":375847,""status"":true,""class:"":2}}"
2026-02-02T10:10:27.342,"{""sensor"":{""time"":375963,""status"":true,""class:"":2}}"
2026-02-02T10:10:27.436,"{""sensor"":{""time"":376078,""status"":true,""class:"":2}}"
2026-02-02T10:10:27.567,"{""sensor"":{""time"":376193,""status"":true,""class:"":2}}"
2026-02-02T10:10:27.703,"{""sensor"":{""time"":376309,""status"":true,""class:"":2}}"
2026-02-02T10:10:27.793,"{""sensor"":{""time"":376424,""status"":true,""class:"":2}}"
2026-02-02T10:10:27.928,"{""sensor"":{""time"":376540,""status"":true,""class:"":2}}"
2026-02-02T10:10:28.018,"{""sensor"":{""time"":376655,""status"":true,""class:"":2}}"
2026-02-02T10:10:28.153,"{""sensor"":{""time"":376771,""status"":true,""class:"":2}}"
2026-02-02T10:10:28.244,"{""sensor"":{""time"":376886,""status"":true,""class:"":2}}"
2026-02-02T10:10:28.377,"{""sensor"":{""time"":377001,""status"":true,""class:"":2}}"
2026-02-02T10:10:28.513,"{""sensor"":{""time"":377117,""status"":true,""class:"":2}}"
2026-02-02T10:10:28.603,"{""sensor"":{""time"":377232,""status"":true,""class:"":2}}"
2026-02-02T10:10:28.782,"{""sensor"":{""time"":377347,""status"":true,""class:"":2}}"
2026-02-02T10:10:28.873,"{""sensor"":{""time"":377463,""status"":true,""class:"":2}}"
2026-02-02T10:10:28.962,"{""sensor"":{""time"":377578,""status"":true,""class:"":2}}"
2026-02-02T10:10:29.053,"{""sensor"":{""time"":377694,""status"":true,""class:"":2}}"
2026-02-02T10:10:29.187,"{""sensor"":{""time"":377809,""status"":true,""class:"":2}}"
2026-02-02T10:10:29.323,"{""sensor"":{""time"":377925,""status"":true,""class:"":2}}"
2026-02-02T10:10:29.413,"{""sensor"":{""time"":378040,""status"":true,""class:"":2}}"
2026-02-02T10:10:29.547,"{""sensor"":{""time"":378155,""status"":true,""class:"":2}}"
2026-02-02T10:10:29.637,"{""sensor"":{""time"":378270,""status"":true,""class:"":2}}"
2026-02-02T10:10:29.772,"{""sensor"":{""time"":378386,""status"":true,""class:"":2}}"
2026-02-02T10:10:29.862,"{""sensor"":{""time"":378501,""status"":true,""class:"":2}}"
2026-02-02T10:10:29.998,"{""sensor"":{""time"":378617,""status"":true,""class:"":2}}"
2026-02-02T10:10:30.088,"{""sensor"":{""time"":378732,""status"":true,""class:"":2}}"
2026-02-02T10:10:30.222,"{""sensor"":{""time"":378847,""status"":true,""class:"":2}}"
2026-02-02T10:10:30.313,"{""sensor"":{""time"":378962,""status"":true,""class:"":2}}"
2026-02-02T10:10:30.447,"{""sensor"":{""time"":379077,""status"":true,""class:"":2}}"
2026-02-02T10:10:30.584,"{""sensor"":{""time"":379193,""status"":true,""class:"":2}}"
2026-02-02T10:10:30.672,"{""sensor"":{""time"":379308,""status"":true,""class:"":2}}"
2026-02-02T10:10:30.808,"{""sensor"":{""time"":379423,""status"":true,""class:"":2}}"
2026-02-02T10:10:30.897,"{""sensor"":{""time"":379539,""status"":true,""class:"":2}}"
2026-02-02T10:10:31.033,"{""sensor"":{""time"":379654,""status"":true,""class:"":2}}"
2026-02-02T10:10:31.122,"{""sensor"":{""time"":379770,""status"":true,""class:"":2}}"
2026-02-02T10:10:31.260,"{""sensor"":{""time"":379885,""status"":true,""class:"":2}}"
2026-02-02T10:10:31.395,"{""sensor"":{""time"":380000,""status"":true,""class:"":2}}"
2026-02-02T10:10:31.482,"{""sensor"":{""time"":380115,""status"":true,""class:"":2}}"
2026-02-02T10:10:31.618,"{""sensor"":{""time"":380231,""status"":true,""class:"":2}}"
2026-02-02T10:10:31.707,"{""sensor"":{""time"":380346,""status"":true,""class:"":2}}"
2026-02-02T10:10:31.888,"{""sensor"":{""time"":380462,""status"":true,""class:"":2}}"
2026-02-02T10:10:31.978,"{""sensor"":{""time"":380577,""status"":true,""class:"":2}}"
2026-02-02T10:10:32.068,"{""sensor"":{""time"":380692,""status"":true,""class:"":2}}"
2026-02-02T10:10:32.159,"{""sensor"":{""time"":380808,""status"":true,""class:"":2}}"
2026-02-02T10:10:32.292,"{""sensor"":{""time"":380923,""status"":true,""class:"":2}}"
2026-02-02T10:10:32.428,"{""sensor"":{""time"":381038,""status"":true,""class:"":2}}"
2026-02-02T10:10:32.517,"{""sensor"":{""time"":381153,""status"":true,""class:"":2}}"
2026-02-02T10:10:32.653,"{""sensor"":{""time"":381269,""status"":true,""class:"":2}}"
2026-02-02T10:10:32.742,"{""sensor"":{""time"":381384,""status"":true,""class:"":2}}"
2026-02-02T10:10:32.877,"{""sensor"":{""time"":381500,""status"":true,""class:"":2}}"
2026-02-02T10:10:32.968,"{""sensor"":{""time"":381615,""status"":true,""class:"":2}}"
2026-02-02T10:10:33.104,"{""sensor"":{""time"":381730,""status"":true,""class:"":2}}"
2026-02-02T10:10:33.238,"{""sensor"":{""time"":381845,""status"":true,""class:"":2}}"
2026-02-02T10:10:33.329,"{""sensor"":{""time"":381961,""status"":true,""class:"":2}}"
2026-02-02T10:10:33.463,"{""sensor"":{""time"":382076,""status"":true,""class:"":2}}"
2026-02-02T10:10:33.552,"{""sensor"":{""time"":382191,""status"":true,""class:"":2}}"
2026-02-02T10:10:33.687,"{""sensor"":{""time"":382307,""status"":true,""class:"":2}}"
2026-02-02T10:10:33.778,"{""sensor"":{""time"":382422,""status"":true,""class:"":2}}"
2026-02-02T10:10:33.912,"{""sensor"":{""time"":382537,""status"":true,""class:"":2}}"
2026-02-02T10:10:34.004,"{""sensor"":{""time"":382653,""status"":true,""class:"":2}}"
2026-02-02T10:10:34.137,"{""sensor"":{""time"":382768,""status"":true,""class:"":2}}"
2026-02-02T10:10:34.362,"{""sensor"":{""time"":382884,""status"":true,""class:"":2}}"
2026-02-02T10:10:34.409,"{""sensor"":{""time"":382999,""status"":true,""class:"":2}}"
2026-02-02T10:10:34.499,"{""sensor"":{""time"":383114,""status"":true,""class:"":2}}"
2026-02-02T10:10:34.587,"{""sensor"":{""time"":383230,""status"":true,""class:"":2}}"
2026-02-02T10:10:34.722,"{""sensor"":{""time"":383345,""status"":true,""class:"":2}}"
2026-02-02T10:10:34.813,"{""sensor"":{""time"":383461,""status"":true,""class:"":2}}"
2026-02-02T10:10:34.948,"{""sensor"":{""time"":383576,""status"":true,""class:"":2}}"
2026-02-02T10:10:35.083,"{""sensor"":{""time"":383691,""status"":true,""class:"":2}}"
2026-02-02T10:10:35.174,"{""sensor"":{""time"":383807,""status"":true,""class:"":2}}"
2026-02-02T10:10:35.309,"{""sensor"":{""time"":383922,""status"":true,""class:"":2}}"
2026-02-02T10:10:35.399,"{""sensor"":{""time"":384037,""status"":true,""class:"":2}}"
2026-02-02T10:10:35.578,"{""sensor"":{""time"":384152,""status"":true,""class:"":2}}"
2026-02-02T10:10:35.667,"{""sensor"":{""time"":384268,""status"":true,""class:"":2}}"
2026-02-02T10:10:35.757,"{""sensor"":{""time"":384383,""status"":true,""class:"":2}}"
2026-02-02T10:10:35.892,"{""sensor"":{""time"":384499,""status"":true,""class:"":2}}"
2026-02-02T10:10:35.982,"{""sensor"":{""time"":384614,""status"":true,""class:"":2}}"
2026-02-02T10:10:36.118,"{""sensor"":{""time"":384730,""status"":true,""class:"":2}}"
2026-02-02T10:10:36.207,"{""sensor"":{""time"":384845,""status"":true,""class:"":2}}"
2026-02-02T10:10:36.342,"{""sensor"":{""time"":384960,""status"":true,""class:"":2}}"
2026-02-02T10:10:36.477,"{""sensor"":{""time"":385076,""status"":true,""class:"":2}}"
2026-02-02T10:10:36.567,"{""sensor"":{""time"":385191,""status"":true,""class:"":2}}"
2026-02-02T10:10:36.702,"{""sensor"":{""time"":385306,""status"":true,""class:"":2}}"
2026-02-02T10:10:36.838,"{""sensor"":{""time"":385422,""status"":true,""class:"":2}}"
2026-02-02T10:10:36.928,"{""sensor"":{""time"":385537,""status"":true,""class:"":2}}"
2026-02-02T10:10:37.018,"{""sensor"":{""time"":385653,""status"":true,""class:"":2}}"
2026-02-02T10:10:37.153,"{""sensor"":{""time"":385768,""status"":true,""class:"":2}}"
2026-02-02T10:10:37.333,"{""sensor"":{""time"":385883,""status"":true,""class:"":2}}"
2026-02-02T10:10:37.423,"{""sensor"":{""time"":385998,""status"":true,""class:"":2}}"
2026-02-02T10:10:37.514,"{""sensor"":{""time"":386114,""status"":true,""class:"":2}}"
2026-02-02T10:10:37.603,"{""sensor"":{""time"":386229,""status"":true,""class:"":2}}"
2026-02-02T10:10:37.739,"{""sensor"":{""time"":386345,""status"":true,""class:"":2}}"
2026-02-02T10:10:37.829,"{""sensor"":{""time"":386460,""status"":true,""class:"":2}}"
2026-02-02T10:10:37.963,"{""sensor"":{""time"":386575,""status"":true,""class:"":2}}"
2026-02-02T10:10:38.052,"{""sensor"":{""time"":386691,""status"":true,""class:"":2}}"
2026-02-02T10:10:38.189,"{""sensor"":{""time"":386806,""status"":true,""class:"":2}}"
2026-02-02T10:10:38.323,"{""sensor"":{""time"":386921,""status"":true,""class:"":2}}"
2026-02-02T10:10:38.412,"{""sensor"":{""time"":387036,""status"":true,""class:"":2}}"
2026-02-02T10:10:38.502,"{""sensor"":{""time"":387152,""status"":true,""class:"":2}}"
2026-02-02T10:10:38.637,"{""sensor"":{""time"":387267,""status"":true,""class:"":2}}"
2026-02-02T10:10:38.773,"{""sensor"":{""time"":387383,""status"":true,""class:"":2}}"
2026-02-02T10:10:38.862,"{""sensor"":{""time"":387498,""status"":true,""class:"":2}}"
2026-02-02T10:10:38.997,"{""sensor"":{""time"":387613,""status"":true,""class:"":2}}"
2026-02-02T10:10:39.087,"{""sensor"":{""time"":387729,""status"":true,""class:"":2}}"
2026-02-02T10:10:39.222,"{""sensor"":{""time"":387844,""status"":true,""class:"":2}}"
2026-02-02T10:10:39.402,"{""sensor"":{""time"":387959,""status"":true,""class:"":2}}"
2026-02-02T10:10:39.493,"{""sensor"":{""time"":388075,""status"":true,""class:"":2}}"
2026-02-02T10:10:39.582,"{""sensor"":{""time"":388190,""status"":true,""class:"":2}}"
2026-02-02T10:10:39.673,"{""sensor"":{""time"":388306,""status"":true,""class:"":2}}"
2026-02-02T10:10:39.807,"{""sensor"":{""time"":388421,""status"":true,""class:"":2}}"
2026-02-02T10:10:39.897,"{""sensor"":{""time"":388537,""status"":true,""class:"":2}}"
2026-02-02T10:10:40.077,"{""sensor"":{""time"":388652,""status"":true,""class:"":2}}"
2026-02-02T10:10:40.167,"{""sensor"":{""time"":388767,""status"":true,""class:"":2}}"
2026-02-02T10:10:40.257,"{""sensor"":{""time"":388882,""status"":true,""class:"":2}}"
2026-02-02T10:10:40.347,"{""sensor"":{""time"":388998,""status"":true,""class:"":2}}"
2026-02-02T10:10:40.482,"{""sensor"":{""time"":389113,""status"":true,""class:"":2}}"
2026-02-02T10:10:40.617,"{""sensor"":{""time"":389229,""status"":true,""class:"":2}}"
2026-02-02T10:10:40.798,"{""sensor"":{""time"":389344,""status"":true,""class:"":2}}"
2026-02-02T10:10:40.889,"{""sensor"":{""time"":389459,""status"":true,""class:"":2}}"
2026-02-02T10:10:40.977,"{""sensor"":{""time"":389574,""status"":true,""class:"":2}}"
2026-02-02T10:10:41.068,"{""sensor"":{""time"":389690,""status"":true,""class:"":2}}"
2026-02-02T10:10:41.202,"{""sensor"":{""time"":389805,""status"":true,""class:"":2}}"
2026-02-02T10:10:41.294,"{""sensor"":{""time"":389921,""status"":true,""class:"":2}}"
2026-02-02T10:10:41.428,"{""sensor"":{""time"":390036,""status"":true,""class:"":2}}"
2026-02-02T10:10:41.518,"{""sensor"":{""time"":390151,""status"":true,""class:"":2}}"
2026-02-02T10:10:41.652,"{""sensor"":{""time"":390267,""status"":true,""class:"":2}}"
2026-02-02T10:10:41.744,"{""sensor"":{""time"":390382,""status"":true,""class:"":2}}"
2026-02-02T10:10:41.877,"{""sensor"":{""time"":390497,""status"":true,""class:"":2}}"
2026-02-02T10:10:41.968,"{""sensor"":{""time"":390613,""status"":true,""class:"":2}}"
2026-02-02T10:10:42.102,"{""sensor"":{""time"":390728,""status"":true,""class:"":2}}"
2026-02-02T10:10:42.192,"{""sensor"":{""time"":390844,""status"":true,""class:"":2}}"
2026-02-02T10:10:42.327,"{""sensor"":{""time"":390959,""status"":true,""class:"":2}}"
2026-02-02T10:10:42.463,"{""sensor"":{""time"":391074,""status"":true,""class:"":2}}"
2026-02-02T10:10:42.552,"{""sensor"":{""time"":391189,""status"":true,""class:"":2}}"
2026-02-02T10:10:42.687,"{""sensor"":{""time"":391305,""status"":true,""class:"":2}}"
2026-02-02T10:10:42.867,"{""sensor"":{""time"":391420,""status"":true,""class:"":2}}"
2026-02-02T10:10:42.960,"{""sensor"":{""time"":391536,""status"":true,""class:"":2}}"
2026-02-02T10:10:43.093,"{""sensor"":{""time"":391651,""status"":true,""class:"":2}}"
2026-02-02T10:10:43.182,"{""sensor"":{""time"":391766,""status"":true,""class:"":2}}"
2026-02-02T10:10:43.273,"{""sensor"":{""time"":391882,""status"":true,""class:"":2}}"
2026-02-02T10:10:43.363,"{""sensor"":{""time"":391997,""status"":true,""class:"":2}}"
2026-02-02T10:10:43.498,"{""sensor"":{""time"":392112,""status"":true,""class:"":2}}"
2026-02-02T10:10:43.588,"{""sensor"":{""time"":392228,""status"":true,""class:"":2}}"
2026-02-02T10:10:43.722,"{""sensor"":{""time"":392343,""status"":true,""class:"":2}}"
2026-02-02T10:10:43.812,"{""sensor"":{""time"":392459,""status"":true,""class:"":2}}"
2026-02-02T10:10:43.947,"{""sensor"":{""time"":392574,""status"":true,""class:"":2}}"
2026-02-02T10:10:44.129,"{""sensor"":{""time"":392690,""status"":true,""class:"":2}}"
2026-02-02T10:10:44.217,"{""sensor"":{""time"":392805,""status"":true,""class:"":2}}"
2026-02-02T10:10:44.352,"{""sensor"":{""time"":392921,""status"":true,""class:"":2}}"
2026-02-02T10:10:44.443,"{""sensor"":{""time"":393036,""status"":true,""class:"":2}}"
2026-02-02T10:10:44.533,"{""sensor"":{""time"":393151,""status"":true,""class:"":2}}"
2026-02-02T10:10:44.623,"{""sensor"":{""time"":393267,""status"":true,""class:"":2}}"
2026-02-02T10:10:44.758,"{""sensor"":{""time"":393382,""status"":true,""class:"":2}}"
2026-02-02T10:10:44.849,"{""sensor"":{""time"":393497,""status"":true,""class:"":2}}"
2026-02-02T10:10:44.983,"{""sensor"":{""time"":393613,""status"":true,""class:"":2}}"
2026-02-02T10:10:45.117,"{""sensor"":{""time"":393728,""status"":true,""class:"":2}}"
2026-02-02T10:10:45.208,"{""sensor"":{""time"":393843,""status"":true,""class:"":2}}"
2026-02-02T10:10:45.343,"{""sensor"":{""time"":393959,""status"":true,""class:"":2}}"
2026-02-02T10:10:45.433,"{""sensor"":{""time"":394074,""status"":true,""class:"":2}}"
2026-02-02T10:10:45.567,"{""sensor"":{""time"":394190,""status"":true,""class:"":2}}"
2026-02-02T10:10:45.658,"{""sensor"":{""time"":394305,""status"":true,""class:"":2}}"
2026-02-02T10:10:45.793,"{""sensor"":{""time"":394420,""status"":true,""class:"":2}}"
2026-02-02T10:10:45.929,"{""sensor"":{""time"":394535,""status"":true,""class:"":2}}"
2026-02-02T10:10:46.017,"{""sensor"":{""time"":394651,""status"":true,""class:"":2}}"
2026-02-02T10:10:46.153,"{""sensor"":{""time"":394766,""status"":true,""class:"":2}}"
2026-02-02T10:10:46.243,"{""sensor"":{""time"":394882,""status"":true,""class:"":2}}"
2026-02-02T10:10:46.377,"{""sensor"":{""time"":394997,""status"":true,""class:"":2}}"
2026-02-02T10:10:46.467,"{""sensor"":{""time"":395113,""status"":true,""class:"":2}}"
2026-02-02T10:10:46.603,"{""sensor"":{""time"":395228,""status"":true,""class:"":2}}"
2026-02-02T10:10:46.783,"{""sensor"":{""time"":395344,""status"":true,""class:"":2}}"
2026-02-02T10:10:46.873,"{""sensor"":{""time"":395459,""status"":true,""class:"":2}}"
2026-02-02T10:10:46.962,"{""sensor"":{""time"":395574,""status"":true,""class:"":2}}"
2026-02-02T10:10:47.143,"{""sensor"":{""time"":395690,""status"":true,""class:"":2}}"
2026-02-02T10:10:47.232,"{""sensor"":{""time"":395805,""status"":true,""class:"":2}}"
2026-02-02T10:10:47.322,"{""sensor"":{""time"":395920,""status"":true,""class:"":2}}"
2026-02-02T10:10:47.412,"{""sensor"":{""time"":396036,""status"":true,""class:"":2}}"
2026-02-02T10:10:47.502,"{""sensor"":{""time"":396151,""status"":true,""class:"":2}}"
2026-02-02T10:10:47.637,"{""sensor"":{""time"":396267,""status"":true,""class:"":2}}"
2026-02-02T10:10:47.772,"{""sensor"":{""time"":396382,""status"":true,""class:"":2}}"
2026-02-02T10:10:47.863,"{""sensor"":{""time"":396498,""status"":true,""class:"":2}}"
2026-02-02T10:10:47.998,"{""sensor"":{""time"":396613,""status"":true,""class:"":2}}"
2026-02-02T10:10:48.089,"{""sensor"":{""time"":396729,""status"":true,""class:"":2}}"
2026-02-02T10:10:48.223,"{""sensor"":{""time"":396844,""status"":true,""class:"":2}}"
2026-02-02T10:10:48.358,"{""sensor"":{""time"":396959,""status"":true,""class:"":2}}"
2026-02-02T10:10:48.448,"{""sensor"":{""time"":397074,""status"":true,""class:"":2}}"
2026-02-02T10:10:48.583,"{""sensor"":{""time"":397190,""status"":true,""class:"":2}}"
2026-02-02T10:10:48.718,"{""sensor"":{""time"":397305,""status"":true,""class:"":2}}"
2026-02-02T10:10:48.808,"{""sensor"":{""time"":397421,""status"":true,""class:"":2}}"
2026-02-02T10:10:48.898,"{""sensor"":{""time"":397536,""status"":true,""class:"":2}}"
2026-02-02T10:10:49.032,"{""sensor"":{""time"":397652,""status"":true,""class:"":2}}"
2026-02-02T10:10:49.123,"{""sensor"":{""time"":397767,""status"":true,""class:"":2}}"
2026-02-02T10:10:49.263,"{""sensor"":{""time"":397882,""status"":true,""class:"":2}}"
2026-02-02T10:10:49.393,"{""sensor"":{""time"":397997,""status"":true,""class:"":2}}"
2026-02-02T10:10:49.483,"{""sensor"":{""time"":398113,""status"":true,""class:"":2}}"
2026-02-02T10:10:49.617,"{""sensor"":{""time"":398228,""status"":true,""class:"":2}}"
2026-02-02T10:10:49.707,"{""sensor"":{""time"":398344,""status"":true,""class:"":2}}"
2026-02-02T10:10:49.843,"{""sensor"":{""time"":398459,""status"":true,""class:"":2}}"
2026-02-02T10:10:49.932,"{""sensor"":{""time"":398575,""status"":true,""class:"":2}}"
2026-02-02T10:10:50.068,"{""sensor"":{""time"":398690,""status"":true,""class:"":2}}"
2026-02-02T10:10:50.158,"{""sensor"":{""time"":398806,""status"":true,""class:"":2}}"
2026-02-02T10:10:50.292,"{""sensor"":{""time"":398921,""status"":true,""class:"":2}}"
2026-02-02T10:10:50.429,"{""sensor"":{""time"":399036,""status"":true,""class:"":2}}"
2026-02-02T10:10:50.517,"{""sensor"":{""time"":399152,""status"":true,""class:"":2}}"
2026-02-02T10:10:50.653,"{""sensor"":{""time"":399267,""status"":true,""class:"":2}}"
2026-02-02T10:10:50.743,"{""sensor"":{""time"":399382,""status"":true,""class:"":2}}"
2026-02-02T10:10:50.877,"{""sensor"":{""time"":399498,""status"":true,""class:"":2}}"
2026-02-02T10:10:50.968,"{""sensor"":{""time"":399613,""status"":true,""class:"":2}}"
2026-02-02T10:10:51.102,"{""sensor"":{""time"":399728,""status"":true,""class:"":2}}"
2026-02-02T10:10:51.193,"{""sensor"":{""time"":399844,""status"":true,""class:"":2}}"
2026-02-02T10:10:51.327,"{""sensor"":{""time"":399959,""status"":true,""class:"":2}}"
2026-02-02T10:10:51.463,"{""sensor"":{""time"":400075,""status"":true,""class:"":2}}"
2026-02-02T10:10:51.553,"{""sensor"":{""time"":400190,""status"":true,""class:"":2}}"
2026-02-02T10:10:51.689,"{""sensor"":{""time"":400305,""status"":true,""class:"":2}}"
2026-02-02T10:10:51.913,"{""sensor"":{""time"":400421,""status"":true,""class:"":2}}"
2026-02-02T10:10:51.958,"{""sensor"":{""time"":400536,""status"":true,""class:"":2}}"
2026-02-02T10:10:52.047,"{""sensor"":{""time"":400652,""status"":true,""class:"":2}}"
2026-02-02T10:10:52.138,"{""sensor"":{""time"":400767,""status"":true,""class:"":2}}"
2026-02-02T10:10:52.272,"{""sensor"":{""time"":400882,""status"":true,""class:"":2}}"
2026-02-02T10:10:52.364,"{""sensor"":{""time"":400997,""status"":true,""class:"":2}}"
2026-02-02T10:10:52.497,"{""sensor"":{""time"":401113,""status"":true,""class:"":2}}"
2026-02-02T10:10:52.587,"{""sensor"":{""time"":401228,""status"":true,""class:"":2}}"
2026-02-02T10:10:52.813,"{""sensor"":{""time"":401343,""status"":true,""class:"":2}}"
2026-02-02T10:10:52.858,"{""sensor"":{""time"":401459,""status"":true,""class:"":2}}"
2026-02-02T10:10:52.949,"{""sensor"":{""time"":401574,""status"":true,""class:"":2}}"
2026-02-02T10:10:53.083,"{""sensor"":{""time"":401690,""status"":true,""class:"":2}}"
2026-02-02T10:10:53.172,"{""sensor"":{""time"":401805,""status"":true,""class:"":2}}"
2026-02-02T10:10:53.308,"{""sensor"":{""time"":401920,""status"":true,""class:"":2}}"
2026-02-02T10:10:53.397,"{""sensor"":{""time"":402036,""status"":true,""class:"":2}}"
2026-02-02T10:10:53.533,"{""sensor"":{""time"":402151,""status"":true,""class:"":2}}"
2026-02-02T10:10:53.623,"{""sensor"":{""time"":402266,""status"":true,""class:"":2}}"
2026-02-02T10:10:53.757,"{""sensor"":{""time"":402382,""status"":true,""class:"":2}}"
2026-02-02T10:10:53.893,"{""sensor"":{""time"":402497,""status"":true,""class:"":2}}"
2026-02-02T10:10:53.984,"{""sensor"":{""time"":402613,""status"":true,""class:"":2}}"
2026-02-02T10:10:54.118,"{""sensor"":{""time"":402728,""status"":true,""class:"":2}}"
2026-02-02T10:10:54.208,"{""sensor"":{""time"":402843,""status"":true,""class:"":2}}"
2026-02-02T10:10:54.387,"{""sensor"":{""time"":402958,""status"":true,""class:"":2}}"
2026-02-02T10:10:54.478,"{""sensor"":{""time"":403074,""status"":true,""class:"":2}}"
2026-02-02T10:10:54.613,"{""sensor"":{""time"":403189,""status"":true,""class:"":2}}"
2026-02-02T10:10:54.703,"{""sensor"":{""time"":403305,""status"":true,""class:"":2}}"
2026-02-02T10:10:54.793,"{""sensor"":{""time"":403420,""status"":true,""class:"":2}}"
2026-02-02T10:10:54.930,"{""sensor"":{""time"":403536,""status"":true,""class:"":2}}"
2026-02-02T10:10:55.018,"{""sensor"":{""time"":403651,""status"":true,""class:"":2}}"
2026-02-02T10:10:55.153,"{""sensor"":{""time"":403766,""status"":true,""class:"":2}}"
2026-02-02T10:10:55.243,"{""sensor"":{""time"":403882,""status"":true,""class:"":2}}"
2026-02-02T10:10:55.378,"{""sensor"":{""time"":403997,""status"":true,""class:"":2}}"
2026-02-02T10:10:55.468,"{""sensor"":{""time"":404112,""status"":true,""class:"":2}}"
2026-02-02T10:10:55.602,"{""sensor"":{""time"":404228,""status"":true,""class:"":2}}"
2026-02-02T10:10:55.738,"{""sensor"":{""time"":404343,""status"":true,""class:"":2}}"
2026-02-02T10:10:55.828,"{""sensor"":{""time"":404459,""status"":true,""class:"":2}}"
2026-02-02T10:10:56.007,"{""sensor"":{""time"":404574,""status"":true,""class:"":2}}"
2026-02-02T10:10:56.098,"{""sensor"":{""time"":404689,""status"":true,""class:"":2}}"
2026-02-02T10:10:56.187,"{""sensor"":{""time"":404805,""status"":true,""class:"":2}}"
2026-02-02T10:10:56.278,"{""sensor"":{""time"":404920,""status"":true,""class:"":2}}"
2026-02-02T10:10:56.413,"{""sensor"":{""time"":405036,""status"":true,""class:"":2}}"
2026-02-02T10:10:56.504,"{""sensor"":{""time"":405152,""status"":true,""class:"":2}}"
2026-02-02T10:10:56.637,"{""sensor"":{""time"":405267,""status"":true,""class:"":2}}"
2026-02-02T10:10:56.864,"{""sensor"":{""time"":405382,""status"":true,""class:"":2}}"
2026-02-02T10:10:56.908,"{""sensor"":{""time"":405498,""status"":true,""class:"":2}}"
2026-02-02T10:10:56.997,"{""sensor"":{""time"":405613,""status"":true,""class:"":2}}"
2026-02-02T10:10:57.088,"{""sensor"":{""time"":405729,""status"":true,""class:"":2}}"
2026-02-02T10:10:57.268,"{""sensor"":{""time"":405844,""status"":true,""class:"":2}}"
2026-02-02T10:10:57.358,"{""sensor"":{""time"":405960,""status"":true,""class:"":2}}"
2026-02-02T10:10:57.494,"{""sensor"":{""time"":406075,""status"":true,""class:"":2}}"
2026-02-02T10:10:57.628,"{""sensor"":{""time"":406190,""status"":true,""class:"":2}}"
2026-02-02T10:10:57.718,"{""sensor"":{""time"":406306,""status"":true,""class:"":2}}"
2026-02-02T10:10:57.809,"{""sensor"":{""time"":406422,""status"":true,""class:"":2}}"
2026-02-02T10:10:57.897,"{""sensor"":{""time"":406537,""status"":true,""class:"":2}}"
2026-02-02T10:10:58.033,"{""sensor"":{""time"":406652,""status"":true,""class:"":2}}"
2026-02-02T10:10:58.124,"{""sensor"":{""time"":406768,""status"":true,""class:"":2}}"
2026-02-02T10:10:58.258,"{""sensor"":{""time"":406883,""status"":true,""class:"":2}}"
2026-02-02T10:10:58.347,"{""sensor"":{""time"":406998,""status"":true,""class:"":2}}"
2026-02-02T10:10:58.483,"{""sensor"":{""time"":407113,""status"":true,""class:"":2}}"
2026-02-02T10:10:58.617,"{""sensor"":{""time"":407228,""status"":true,""class:"":2}}"
2026-02-02T10:10:58.707,"{""sensor"":{""time"":407344,""status"":true,""class:"":2}}"
2026-02-02T10:10:58.843,"{""sensor"":{""time"":407459,""status"":true,""class:"":2}}"
2026-02-02T10:10:58.978,"{""sensor"":{""time"":407575,""status"":true,""class:"":2}}"
2026-02-02T10:10:59.068,"{""sensor"":{""time"":407690,""status"":true,""class:"":2}}"
2026-02-02T10:10:59.157,"{""sensor"":{""time"":407805,""status"":true,""class:"":2}}"
2026-02-02T10:10:59.383,"{""sensor"":{""time"":407921,""status"":true,""class:"":2}}"
2026-02-02T10:10:59.473,"{""sensor"":{""time"":408036,""status"":true,""class:"":2}}"
2026-02-02T10:10:59.563,"{""sensor"":{""time"":408151,""status"":true,""class:"":2}}"
2026-02-02T10:10:59.652,"{""sensor"":{""time"":408267,""status"":true,""class:"":2}}"
2026-02-02T10:10:59.742,"{""sensor"":{""time"":408382,""status"":true,""class:"":2}}"
2026-02-02T10:10:59.878,"{""sensor"":{""time"":408498,""status"":true,""class:"":2}}"
2026-02-02T10:10:59.968,"{""sensor"":{""time"":408613,""status"":true,""class:"":2}}"
2026-02-02T10:11:00.104,"{""sensor"":{""time"":408728,""status"":true,""class:"":2}}"
2026-02-02T10:11:00.193,"{""sensor"":{""time"":408843,""status"":true,""class:"":2}}"
2026-02-02T10:11:00.328,"{""sensor"":{""time"":408959,""status"":true,""class:"":2}}"
2026-02-02T10:11:00.463,"{""sensor"":{""time"":409074,""status"":true,""class:"":2}}"
2026-02-02T10:11:00.553,"{""sensor"":{""time"":409189,""status"":true,""class:"":2}}"
2026-02-02T10:11:00.687,"{""sensor"":{""time"":409305,""status"":true,""class:"":2}}"
2026-02-02T10:11:00.778,"{""sensor"":{""time"":409420,""status"":true,""class:"":2}}"
2026-02-02T10:11:00.913,"{""sensor"":{""time"":409535,""status"":true,""class:"":2}}"
2026-02-02T10:11:01.003,"{""sensor"":{""time"":409651,""status"":true,""class:"":2}}"
2026-02-02T10:11:01.138,"{""sensor"":{""time"":409766,""status"":true,""class:"":2}}"
2026-02-02T10:11:01.274,"{""sensor"":{""time"":409882,""status"":true,""class:"":2}}"
2026-02-02T10:11:01.363,"{""sensor"":{""time"":409997,""status"":true,""class:"":2}}"
2026-02-02T10:11:01.497,"{""sensor"":{""time"":410112,""status"":true,""class:"":2}}"
2026-02-02T10:11:01.588,"{""sensor"":{""time"":410228,""status"":true,""class:"":2}}"
2026-02-02T10:11:01.723,"{""sensor"":{""time"":410343,""status"":true,""class:"":2}}"
2026-02-02T10:11:01.902,"{""sensor"":{""time"":410458,""status"":true,""class:"":2}}"
2026-02-02T10:11:01.994,"{""sensor"":{""time"":410574,""status"":true,""class:"":2}}"
2026-02-02T10:11:02.083,"{""sensor"":{""time"":410689,""status"":true,""class:"":2}}"
2026-02-02T10:11:02.173,"{""sensor"":{""time"":410804,""status"":true,""class:"":2}}"
2026-02-02T10:11:02.309,"{""sensor"":{""time"":410920,""status"":true,""class:"":2}}"
2026-02-02T10:11:02.397,"{""sensor"":{""time"":411035,""status"":true,""class:"":2}}"
2026-02-02T10:11:02.533,"{""sensor"":{""time"":411150,""status"":true,""class:"":2}}"
2026-02-02T10:11:02.623,"{""sensor"":{""time"":411266,""status"":true,""class:"":2}}"
2026-02-02T10:11:02.759,"{""sensor"":{""time"":411381,""status"":true,""class:"":2}}"
2026-02-02T10:11:02.847,"{""sensor"":{""time"":411497,""status"":true,""class:"":2}}"
2026-02-02T10:11:02.983,"{""sensor"":{""time"":411612,""status"":true,""class:"":2}}"
2026-02-02T10:11:03.117,"{""sensor"":{""time"":411727,""status"":true,""class:"":2}}"
2026-02-02T10:11:03.207,"{""sensor"":{""time"":411842,""status"":true,""class:"":2}}"
2026-02-02T10:11:03.343,"{""sensor"":{""time"":411958,""status"":true,""class:"":2}}"
2026-02-02T10:11:03.478,"{""sensor"":{""time"":412073,""status"":true,""class:"":2}}"
2026-02-02T10:11:03.567,"{""sensor"":{""time"":412189,""status"":true,""class:"":2}}"
2026-02-02T10:11:03.657,"{""sensor"":{""time"":412304,""status"":true,""class:"":2}}"
2026-02-02T10:11:03.792,"{""sensor"":{""time"":412419,""status"":true,""class:"":2}}"
2026-02-02T10:11:03.883,"{""sensor"":{""time"":412535,""status"":true,""class:"":2}}"
2026-02-02T10:11:04.017,"{""sensor"":{""time"":412650,""status"":true,""class:"":2}}"
2026-02-02T10:11:04.154,"{""sensor"":{""time"":412765,""status"":true,""class:"":2}}"
2026-02-02T10:11:04.243,"{""sensor"":{""time"":412881,""status"":true,""class:"":2}}"
2026-02-02T10:11:04.378,"{""sensor"":{""time"":412996,""status"":true,""class:"":2}}"
2026-02-02T10:11:04.468,"{""sensor"":{""time"":413112,""status"":true,""class:"":2}}"
2026-02-02T10:11:04.603,"{""sensor"":{""time"":413227,""status"":true,""class:"":2}}"
2026-02-02T10:11:04.692,"{""sensor"":{""time"":413342,""status"":true,""class:"":2}}"
2026-02-02T10:11:04.828,"{""sensor"":{""time"":413458,""status"":true,""class:"":2}}"
2026-02-02T10:11:04.963,"{""sensor"":{""time"":413573,""status"":true,""class:"":2}}"
2026-02-02T10:11:05.052,"{""sensor"":{""time"":413688,""status"":true,""class:"":2}}"
2026-02-02T10:11:05.188,"{""sensor"":{""time"":413803,""status"":true,""class:"":2}}"
2026-02-02T10:11:05.324,"{""sensor"":{""time"":413919,""status"":true,""class:"":2}}"
2026-02-02T10:11:05.413,"{""sensor"":{""time"":414034,""status"":true,""class:"":2}}"
2026-02-02T10:11:05.547,"{""sensor"":{""time"":414150,""status"":true,""class:"":2}}"
2026-02-02T10:11:05.637,"{""sensor"":{""time"":414265,""status"":true,""class:"":2}}"
2026-02-02T10:11:05.773,"{""sensor"":{""time"":414381,""status"":true,""class:"":2}}"
2026-02-02T10:11:05.862,"{""sensor"":{""time"":414496,""status"":true,""class:"":2}}"
2026-02-02T10:11:05.997,"{""sensor"":{""time"":414611,""status"":true,""class:"":2}}"
2026-02-02T10:11:06.087,"{""sensor"":{""time"":414727,""status"":true,""class:"":2}}"
2026-02-02T10:11:06.223,"{""sensor"":{""time"":414842,""status"":true,""class:"":2}}"
2026-02-02T10:11:06.312,"{""sensor"":{""time"":414958,""status"":true,""class:"":2}}"
2026-02-02T10:11:06.447,"{""sensor"":{""time"":415073,""status"":true,""class:"":2}}"
2026-02-02T10:11:06.537,"{""sensor"":{""time"":415188,""status"":true,""class:"":2}}"
2026-02-02T10:11:06.672,"{""sensor"":{""time"":415304,""status"":true,""class:"":2}}"
2026-02-02T10:11:06.898,"{""sensor"":{""time"":415419,""status"":true,""class:"":2}}"
2026-02-02T10:11:06.942,"{""sensor"":{""time"":415534,""status"":true,""class:"":2}}"
2026-02-02T10:11:07.033,"{""sensor"":{""time"":415650,""status"":true,""class:"":2}}"
2026-02-02T10:11:07.123,"{""sensor"":{""time"":415765,""status"":true,""class:"":2}}"
2026-02-02T10:11:07.257,"{""sensor"":{""time"":415880,""status"":true,""class:"":2}}"
2026-02-02T10:11:07.348,"{""sensor"":{""time"":415996,""status"":true,""class:"":2}}"
2026-02-02T10:11:07.483,"{""sensor"":{""time"":416111,""status"":true,""class:"":2}}"
2026-02-02T10:11:07.618,"{""sensor"":{""time"":416226,""status"":true,""class:"":2}}"
2026-02-02T10:11:07.708,"{""sensor"":{""time"":416341,""status"":true,""class:"":2}}"
2026-02-02T10:11:07.844,"{""sensor"":{""time"":416457,""status"":true,""class:"":2}}"
2026-02-02T10:11:07.933,"{""sensor"":{""time"":416572,""status"":true,""class:"":2}}"
2026-02-02T10:11:08.067,"{""sensor"":{""time"":416688,""status"":true,""class:"":2}}"
2026-02-02T10:11:08.158,"{""sensor"":{""time"":416803,""status"":true,""class:"":2}}"
2026-02-02T10:11:08.294,"{""sensor"":{""time"":416918,""status"":true,""class:"":2}}"
2026-02-02T10:11:08.382,"{""sensor"":{""time"":417034,""status"":true,""class:"":2}}"
2026-02-02T10:11:08.517,"{""sensor"":{""time"":417149,""status"":true,""class:"":2}}"
2026-02-02T10:11:08.652,"{""sensor"":{""time"":417264,""status"":true,""class:"":2}}"
2026-02-02T10:11:08.742,"{""sensor"":{""time"":417380,""status"":true,""class:"":2}}"
2026-02-02T10:11:08.878,"{""sensor"":{""time"":417495,""status"":true,""class:"":2}}"
2026-02-02T10:11:08.967,"{""sensor"":{""time"":417611,""status"":true,""class:"":2}}"
2026-02-02T10:11:09.102,"{""sensor"":{""time"":417726,""status"":true,""class:"":2}}"
2026-02-02T10:11:09.193,"{""sensor"":{""time"":417842,""status"":true,""class:"":2}}"
2026-02-02T10:11:09.417,"{""sensor"":{""time"":417957,""status"":true,""class:"":2}}"
2026-02-02T10:11:09.507,"{""sensor"":{""time"":418073,""status"":true,""class:"":2}}"
2026-02-02T10:11:09.600,"{""sensor"":{""time"":418188,""status"":true,""class:"":2}}"
2026-02-02T10:11:09.687,"{""sensor"":{""time"":418303,""status"":true,""class:"":2}}"
2026-02-02T10:11:09.777,"{""sensor"":{""time"":418419,""status"":true,""class:"":2}}"
2026-02-02T10:11:09.958,"{""sensor"":{""time"":418534,""status"":true,""class:"":2}}"
2026-02-02T10:11:10.047,"{""sensor"":{""time"":418650,""status"":true,""class:"":2}}"
2026-02-02T10:11:10.138,"{""sensor"":{""time"":418765,""status"":true,""class:"":2}}"
2026-02-02T10:11:10.228,"{""sensor"":{""time"":418880,""status"":true,""class:"":2}}"
2026-02-02T10:11:10.364,"{""sensor"":{""time"":418996,""status"":true,""class:"":2}}"
2026-02-02T10:11:10.499,"{""sensor"":{""time"":419111,""status"":true,""class:"":2}}"
2026-02-02T10:11:10.634,"{""sensor"":{""time"":419227,""status"":true,""class:"":2}}"
2026-02-02T10:11:10.812,"{""sensor"":{""time"":419342,""status"":true,""class:"":2}}"
2026-02-02T10:11:10.857,"{""sensor"":{""time"":419457,""status"":true,""class:"":2}}"
2026-02-02T10:11:10.947,"{""sensor"":{""time"":419573,""status"":true,""class:"":2}}"
2026-02-02T10:11:11.037,"{""sensor"":{""time"":419688,""status"":true,""class:"":2}}"
2026-02-02T10:11:11.173,"{""sensor"":{""time"":419803,""status"":true,""class:"":2}}"
2026-02-02T10:11:11.354,"{""sensor"":{""time"":419919,""status"":true,""class:"":2}}"
2026-02-02T10:11:11.443,"{""sensor"":{""time"":420034,""status"":true,""class:"":2}}"
2026-02-02T10:11:11.532,"{""sensor"":{""time"":420149,""status"":true,""class:"":2}}"
2026-02-02T10:11:11.622,"{""sensor"":{""time"":420265,""status"":true,""class:"":2}}"
2026-02-02T10:11:11.757,"{""sensor"":{""time"":420380,""status"":true,""class:"":2}}"
2026-02-02T10:11:11.892,"{""sensor"":{""time"":420495,""status"":true,""class:"":2}}"
2026-02-02T10:11:11.983,"{""sensor"":{""time"":420611,""status"":true,""class:"":2}}"
2026-02-02T10:11:12.117,"{""sensor"":{""time"":420726,""status"":true,""class:"":2}}"
2026-02-02T10:11:12.207,"{""sensor"":{""time"":420842,""status"":true,""class:"":2}}"
2026-02-02T10:11:12.342,"{""sensor"":{""time"":420957,""status"":true,""class:"":2}}"
2026-02-02T10:11:12.432,"{""sensor"":{""time"":421073,""status"":true,""class:"":2}}"
2026-02-02T10:11:12.567,"{""sensor"":{""time"":421188,""status"":true,""class:"":2}}"
2026-02-02T10:11:12.657,"{""sensor"":{""time"":421303,""status"":true,""class:"":2}}"
2026-02-02T10:11:12.793,"{""sensor"":{""time"":421419,""status"":true,""class:"":2}}"
2026-02-02T10:11:12.973,"{""sensor"":{""time"":421534,""status"":true,""class:"":2}}"
2026-02-02T10:11:13.063,"{""sensor"":{""time"":421650,""status"":true,""class:"":2}}"
2026-02-02T10:11:13.197,"{""sensor"":{""time"":421765,""status"":true,""class:"":2}}"
2026-02-02T10:11:13.287,"{""sensor"":{""time"":421881,""status"":true,""class:"":2}}"
2026-02-02T10:11:13.378,"{""sensor"":{""time"":421996,""status"":true,""class:"":2}}"
2026-02-02T10:11:13.467,"{""sensor"":{""time"":422111,""status"":true,""class:"":2}}"
2026-02-02T10:11:13.606,"{""sensor"":{""time"":422226,""status"":true,""class:"":2}}"
2026-02-02T10:11:13.692,"{""sensor"":{""time"":422342,""status"":true,""class:"":2}}"
2026-02-02T10:11:13.827,"{""sensor"":{""time"":422457,""status"":true,""class:"":2}}"
2026-02-02T10:11:13.963,"{""sensor"":{""time"":422573,""status"":true,""class:"":2}}"
2026-02-02T10:11:14.052,"{""sensor"":{""time"":422688,""status"":true,""class:"":2}}"
2026-02-02T10:11:14.188,"{""sensor"":{""time"":422804,""status"":true,""class:"":2}}"
2026-02-02T10:11:14.278,"{""sensor"":{""time"":422919,""status"":true,""class:"":2}}"
2026-02-02T10:11:14.413,"{""sensor"":{""time"":423034,""status"":true,""class:"":2}}"
2026-02-02T10:11:14.502,"{""sensor"":{""time"":423150,""status"":true,""class:"":2}}"
2026-02-02T10:11:14.637,"{""sensor"":{""time"":423265,""status"":true,""class:"":2}}"
2026-02-02T10:11:14.727,"{""sensor"":{""time"":423380,""status"":true,""class:"":2}}"
2026-02-02T10:11:14.862,"{""sensor"":{""time"":423496,""status"":true,""class:"":2}}"
2026-02-02T10:11:14.998,"{""sensor"":{""time"":423611,""status"":true,""class:"":2}}"
2026-02-02T10:11:15.087,"{""sensor"":{""time"":423727,""status"":true,""class:"":2}}"
2026-02-02T10:11:15.222,"{""sensor"":{""time"":423842,""status"":true,""class:"":2}}"
2026-02-02T10:11:15.358,"{""sensor"":{""time"":423957,""status"":true,""class:"":2}}"
2026-02-02T10:11:15.448,"{""sensor"":{""time"":424072,""status"":true,""class:"":2}}"
2026-02-02T10:11:15.583,"{""sensor"":{""time"":424188,""status"":true,""class:"":2}}"
2026-02-02T10:11:15.672,"{""sensor"":{""time"":424303,""status"":true,""class:"":2}}"
2026-02-02T10:11:15.809,"{""sensor"":{""time"":424418,""status"":true,""class:"":2}}"
2026-02-02T10:11:15.897,"{""sensor"":{""time"":424534,""status"":true,""class:"":2}}"
2026-02-02T10:11:16.033,"{""sensor"":{""time"":424649,""status"":true,""class:"":2}}"
2026-02-02T10:11:16.169,"{""sensor"":{""time"":424765,""status"":true,""class:"":2}}"
2026-02-02T10:11:16.302,"{""sensor"":{""time"":424880,""status"":true,""class:"":2}}"
2026-02-02T10:11:16.393,"{""sensor"":{""time"":424995,""status"":true,""class:"":2}}"
2026-02-02T10:11:16.482,"{""sensor"":{""time"":425111,""status"":true,""class:"":2}}"
2026-02-02T10:11:16.663,"{""sensor"":{""time"":425226,""status"":true,""class:"":2}}"
2026-02-02T10:11:16.754,"{""sensor"":{""time"":425342,""status"":true,""class:"":2}}"
2026-02-02T10:11:16.932,"{""sensor"":{""time"":425457,""status"":true,""class:"":2}}"
2026-02-02T10:11:16.979,"{""sensor"":{""time"":425573,""status"":true,""class:"":2}}"
2026-02-02T10:11:17.067,"{""sensor"":{""time"":425688,""status"":true,""class:"":2}}"
2026-02-02T10:11:17.158,"{""sensor"":{""time"":425803,""status"":true,""class:"":2}}"
2026-02-02T10:11:17.293,"{""sensor"":{""time"":425919,""status"":true,""class:"":2}}"
2026-02-02T10:11:17.427,"{""sensor"":{""time"":426034,""status"":true,""class:"":2}}"
2026-02-02T10:11:17.518,"{""sensor"":{""time"":426150,""status"":true,""class:"":2}}"
2026-02-02T10:11:17.653,"{""sensor"":{""time"":426265,""status"":true,""class:"":2}}"
2026-02-02T10:11:17.744,"{""sensor"":{""time"":426380,""status"":true,""class:"":2}}"
2026-02-02T10:11:17.878,"{""sensor"":{""time"":426496,""status"":true,""class:"":2}}"
2026-02-02T10:11:17.968,"{""sensor"":{""time"":426611,""status"":true,""class:"":2}}"
2026-02-02T10:11:18.103,"{""sensor"":{""time"":426726,""status"":true,""class:"":2}}"
2026-02-02T10:11:18.194,"{""sensor"":{""time"":426842,""status"":true,""class:"":2}}"
2026-02-02T10:11:18.328,"{""sensor"":{""time"":426957,""status"":true,""class:"":2}}"
2026-02-02T10:11:18.462,"{""sensor"":{""time"":427072,""status"":true,""class:"":2}}"
2026-02-02T10:11:18.553,"{""sensor"":{""time"":427188,""status"":true,""class:"":2}}"
2026-02-02T10:11:18.688,"{""sensor"":{""time"":427303,""status"":true,""class:"":2}}"
2026-02-02T10:11:18.778,"{""sensor"":{""time"":427419,""status"":true,""class:"":2}}"
2026-02-02T10:11:18.913,"{""sensor"":{""time"":427534,""status"":true,""class:"":2}}"
2026-02-02T10:11:19.002,"{""sensor"":{""time"":427649,""status"":true,""class:"":2}}"
2026-02-02T10:11:19.137,"{""sensor"":{""time"":427765,""status"":true,""class:"":2}}"
2026-02-02T10:11:19.228,"{""sensor"":{""time"":427880,""status"":true,""class:"":2}}"
2026-02-02T10:11:19.408,"{""sensor"":{""time"":427996,""status"":true,""class:"":2}}"
2026-02-02T10:11:19.542,"{""sensor"":{""time"":428111,""status"":true,""class:"":2}}"
2026-02-02T10:11:19.632,"{""sensor"":{""time"":428226,""status"":true,""class:"":2}}"
2026-02-02T10:11:19.722,"{""sensor"":{""time"":428342,""status"":true,""class:"":2}}"
2026-02-02T10:11:19.814,"{""sensor"":{""time"":428457,""status"":true,""class:"":2}}"
2026-02-02T10:11:19.992,"{""sensor"":{""time"":428572,""status"":true,""class:"":2}}"
2026-02-02T10:11:20.083,"{""sensor"":{""time"":428688,""status"":true,""class:"":2}}"
2026-02-02T10:11:20.173,"{""sensor"":{""time"":428803,""status"":true,""class:"":2}}"
2026-02-02T10:11:20.308,"{""sensor"":{""time"":428919,""status"":true,""class:"":2}}"
2026-02-02T10:11:20.443,"{""sensor"":{""time"":429034,""status"":true,""class:"":2}}"
2026-02-02T10:11:20.533,"{""sensor"":{""time"":429149,""status"":true,""class:"":2}}"
2026-02-02T10:11:20.622,"{""sensor"":{""time"":429265,""status"":true,""class:"":2}}"
2026-02-02T10:11:20.758,"{""sensor"":{""time"":429380,""status"":true,""class:"":2}}"
2026-02-02T10:11:20.848,"{""sensor"":{""time"":429495,""status"":true,""class:"":2}}"
2026-02-02T10:11:20.983,"{""sensor"":{""time"":429611,""status"":true,""class:"":2}}"
2026-02-02T10:11:21.072,"{""sensor"":{""time"":429726,""status"":true,""class:"":2}}"
2026-02-02T10:11:21.208,"{""sensor"":{""time"":429841,""status"":true,""class:"":2}}"
2026-02-02T10:11:21.342,"{""sensor"":{""time"":429957,""status"":true,""class:"":2}}"
2026-02-02T10:11:21.432,"{""sensor"":{""time"":430072,""status"":true,""class:"":2}}"
2026-02-02T10:11:21.567,"{""sensor"":{""time"":430188,""status"":true,""class:"":2}}"
2026-02-02T10:11:21.658,"{""sensor"":{""time"":430303,""status"":true,""class:"":2}}"
2026-02-02T10:11:21.794,"{""sensor"":{""time"":430419,""status"":true,""class:"":2}}"
2026-02-02T10:11:21.928,"{""sensor"":{""time"":430534,""status"":true,""class:"":2}}"
2026-02-02T10:11:22.018,"{""sensor"":{""time"":430649,""status"":true,""class:"":2}}"
2026-02-02T10:11:22.152,"{""sensor"":{""time"":430765,""status"":true,""class:"":2}}"
2026-02-02T10:11:22.244,"{""sensor"":{""time"":430880,""status"":true,""class:"":2}}"
2026-02-02T10:11:22.377,"{""sensor"":{""time"":430995,""status"":true,""class:"":2}}"
2026-02-02T10:11:22.468,"{""sensor"":{""time"":431111,""status"":true,""class:"":2}}"
2026-02-02T10:11:22.602,"{""sensor"":{""time"":431226,""status"":true,""class:"":2}}"
2026-02-02T10:11:22.693,"{""sensor"":{""time"":431341,""status"":true,""class:"":2}}"
2026-02-02T10:11:22.828,"{""sensor"":{""time"":431457,""status"":true,""class:"":2}}"
2026-02-02T10:11:22.963,"{""sensor"":{""time"":431572,""status"":true,""class:"":2}}"
2026-02-02T10:11:23.052,"{""sensor"":{""time"":431687,""status"":true,""class:"":2}}"
2026-02-02T10:11:23.189,"{""sensor"":{""time"":431803,""status"":true,""class:"":2}}"
2026-02-02T10:11:23.278,"{""sensor"":{""time"":431918,""status"":true,""class:"":2}}"
2026-02-02T10:11:23.413,"{""sensor"":{""time"":432034,""status"":true,""class:"":2}}"
2026-02-02T10:11:23.503,"{""sensor"":{""time"":432149,""status"":true,""class:"":2}}"
2026-02-02T10:11:23.637,"{""sensor"":{""time"":432264,""status"":true,""class:"":2}}"
2026-02-02T10:11:23.773,"{""sensor"":{""time"":432380,""status"":true,""class:"":2}}"
2026-02-02T10:11:23.863,"{""sensor"":{""time"":432495,""status"":true,""class:"":2}}"
2026-02-02T10:11:23.997,"{""sensor"":{""time"":432610,""status"":true,""class:"":2}}"
2026-02-02T10:11:24.087,"{""sensor"":{""time"":432726,""status"":true,""class:"":2}}"
2026-02-02T10:11:24.223,"{""sensor"":{""time"":432841,""status"":true,""class:"":2}}"
2026-02-02T10:11:24.317,"{""sensor"":{""time"":432957,""status"":true,""class:"":2}}"
2026-02-02T10:11:24.448,"{""sensor"":{""time"":433072,""status"":true,""class:"":2}}"
2026-02-02T10:11:24.538,"{""sensor"":{""time"":433188,""status"":true,""class:"":2}}"
2026-02-02T10:11:24.672,"{""sensor"":{""time"":433303,""status"":true,""class:"":2}}"
2026-02-02T10:11:24.809,"{""sensor"":{""time"":433418,""status"":true,""class:"":2}}"
2026-02-02T10:11:24.898,"{""sensor"":{""time"":433534,""status"":true,""class:"":2}}"
2026-02-02T10:11:25.033,"{""sensor"":{""time"":433649,""status"":true,""class:"":2}}"
2026-02-02T10:11:25.122,"{""sensor"":{""time"":433764,""status"":true,""class:"":2}}"
2026-02-02T10:11:25.258,"{""sensor"":{""time"":433880,""status"":true,""class:"":2}}"
2026-02-02T10:11:25.348,"{""sensor"":{""time"":433995,""status"":true,""class:"":2}}"
2026-02-02T10:11:25.483,"{""sensor"":{""time"":434110,""status"":true,""class:"":2}}"
2026-02-02T10:11:25.572,"{""sensor"":{""time"":434225,""status"":true,""class:"":2}}"
2026-02-02T10:11:25.708,"{""sensor"":{""time"":434340,""status"":true,""class:"":2}}"
2026-02-02T10:11:25.843,"{""sensor"":{""time"":434456,""status"":true,""class:"":2}}"
2026-02-02T10:11:25.932,"{""sensor"":{""time"":434571,""status"":true,""class:"":2}}"
2026-02-02T10:11:26.068,"{""sensor"":{""time"":434686,""status"":true,""class:"":2}}"
2026-02-02T10:11:26.157,"{""sensor"":{""time"":434802,""status"":true,""class:"":2}}"
2026-02-02T10:11:26.292,"{""sensor"":{""time"":434917,""status"":true,""class:"":2}}"
2026-02-02T10:11:26.382,"{""sensor"":{""time"":435033,""status"":true,""class:"":2}}"
2026-02-02T10:11:26.518,"{""sensor"":{""time"":435148,""status"":true,""class:"":2}}"
2026-02-02T10:11:26.743,"{""sensor"":{""time"":435263,""status"":true,""class:"":2}}"
2026-02-02T10:11:26.786,"{""sensor"":{""time"":435379,""status"":true,""class:"":2}}"
2026-02-02T10:11:26.924,"{""sensor"":{""time"":435494,""status"":true,""class:"":2}}"
2026-02-02T10:11:27.012,"{""sensor"":{""time"":435610,""status"":true,""class:"":2}}"
2026-02-02T10:11:27.102,"{""sensor"":{""time"":435725,""status"":true,""class:"":2}}"
2026-02-02T10:11:27.193,"{""sensor"":{""time"":435840,""status"":true,""class:"":2}}"
2026-02-02T10:11:27.327,"{""sensor"":{""time"":435956,""status"":true,""class:"":2}}"
2026-02-02T10:11:27.417,"{""sensor"":{""time"":436071,""status"":true,""class:"":2}}"
2026-02-02T10:11:27.552,"{""sensor"":{""time"":436186,""status"":true,""class:"":2}}"
2026-02-02T10:11:27.687,"{""sensor"":{""time"":436302,""status"":true,""class:"":2}}"
2026-02-02T10:11:27.777,"{""sensor"":{""time"":436417,""status"":true,""class:"":2}}"
2026-02-02T10:11:27.912,"{""sensor"":{""time"":436533,""status"":true,""class:"":2}}"
2026-02-02T10:11:28.002,"{""sensor"":{""time"":436648,""status"":true,""class:"":2}}"
2026-02-02T10:11:28.182,"{""sensor"":{""time"":436764,""status"":true,""class:"":2}}"
2026-02-02T10:11:28.274,"{""sensor"":{""time"":436879,""status"":true,""class:"":2}}"
2026-02-02T10:11:28.364,"{""sensor"":{""time"":436994,""status"":true,""class:"":2}}"
2026-02-02T10:11:28.497,"{""sensor"":{""time"":437109,""status"":true,""class:"":2}}"
2026-02-02T10:11:28.589,"{""sensor"":{""time"":437225,""status"":true,""class:"":2}}"
2026-02-02T10:11:28.813,"{""sensor"":{""time"":437340,""status"":true,""class:"":2}}"
2026-02-02T10:11:28.858,"{""sensor"":{""time"":437456,""status"":true,""class:"":2}}"
2026-02-02T10:11:28.947,"{""sensor"":{""time"":437571,""status"":true,""class:"":2}}"
2026-02-02T10:11:29.038,"{""sensor"":{""time"":437686,""status"":true,""class:"":2}}"
2026-02-02T10:11:29.172,"{""sensor"":{""time"":437802,""status"":true,""class:"":2}}"
2026-02-02T10:11:29.310,"{""sensor"":{""time"":437917,""status"":true,""class:"":2}}"
2026-02-02T10:11:29.442,"{""sensor"":{""time"":438032,""status"":true,""class:"":2}}"
2026-02-02T10:11:29.533,"{""sensor"":{""time"":438148,""status"":true,""class:"":2}}"
2026-02-02T10:11:29.668,"{""sensor"":{""time"":438263,""status"":true,""class:"":2}}"
2026-02-02T10:11:29.759,"{""sensor"":{""time"":438379,""status"":true,""class:"":2}}"
2026-02-02T10:11:29.849,"{""sensor"":{""time"":438494,""status"":true,""class:"":2}}"
2026-02-02T10:11:29.982,"{""sensor"":{""time"":438610,""status"":true,""class:"":2}}"
2026-02-02T10:11:30.118,"{""sensor"":{""time"":438725,""status"":true,""class:"":2}}"
2026-02-02T10:11:30.208,"{""sensor"":{""time"":438841,""status"":true,""class:"":2}}"
2026-02-02T10:11:30.343,"{""sensor"":{""time"":438956,""status"":true,""class:"":2}}"
2026-02-02T10:11:30.433,"{""sensor"":{""time"":439071,""status"":true,""class:"":2}}"
2026-02-02T10:11:30.567,"{""sensor"":{""time"":439187,""status"":true,""class:"":2}}"
2026-02-02T10:11:30.703,"{""sensor"":{""time"":439302,""status"":true,""class:"":2}}"
2026-02-02T10:11:30.794,"{""sensor"":{""time"":439417,""status"":true,""class:"":2}}"
2026-02-02T10:11:30.883,"{""sensor"":{""time"":439533,""status"":true,""class:"":2}}"
2026-02-02T10:11:31.017,"{""sensor"":{""time"":439648,""status"":true,""class:"":2}}"
2026-02-02T10:11:31.153,"{""sensor"":{""time"":439763,""status"":true,""class:"":2}}"
2026-02-02T10:11:31.242,"{""sensor"":{""time"":439878,""status"":true,""class:"":2}}"
2026-02-02T10:11:31.423,"{""sensor"":{""time"":439994,""status"":true,""class:"":2}}"
2026-02-02T10:11:31.512,"{""sensor"":{""time"":440109,""status"":true,""class:"":2}}"
2026-02-02T10:11:31.604,"{""sensor"":{""time"":440225,""status"":true,""class:"":2}}"
2026-02-02T10:11:31.693,"{""sensor"":{""time"":440340,""status"":true,""class:"":2}}"
2026-02-02T10:11:31.828,"{""sensor"":{""time"":440456,""status"":true,""class:"":2}}"
2026-02-02T10:11:31.962,"{""sensor"":{""time"":440571,""status"":true,""class:"":2}}"
2026-02-02T10:11:32.053,"{""sensor"":{""time"":440686,""status"":true,""class:"":2}}"
2026-02-02T10:11:32.188,"{""sensor"":{""time"":440802,""status"":true,""class:"":2}}"
2026-02-02T10:11:32.277,"{""sensor"":{""time"":440917,""status"":true,""class:"":2}}"
2026-02-02T10:11:32.415,"{""sensor"":{""time"":441033,""status"":true,""class:"":2}}"
2026-02-02T10:11:32.504,"{""sensor"":{""time"":441148,""status"":true,""class:"":2}}"
2026-02-02T10:11:32.637,"{""sensor"":{""time"":441263,""status"":true,""class:"":2}}"
2026-02-02T10:11:32.728,"{""sensor"":{""time"":441379,""status"":true,""class:"":2}}"
2026-02-02T10:11:32.865,"{""sensor"":{""time"":441494,""status"":true,""class:"":2}}"
2026-02-02T10:11:32.997,"{""sensor"":{""time"":441610,""status"":true,""class:"":2}}"
2026-02-02T10:11:33.088,"{""sensor"":{""time"":441725,""status"":true,""class:"":2}}"
2026-02-02T10:11:33.224,"{""sensor"":{""time"":441840,""status"":true,""class:"":2}}"
2026-02-02T10:11:33.312,"{""sensor"":{""time"":441955,""status"":true,""class:"":2}}"
2026-02-02T10:11:33.448,"{""sensor"":{""time"":442071,""status"":true,""class:"":2}}"
2026-02-02T10:11:33.537,"{""sensor"":{""time"":442186,""status"":true,""class:"":2}}"
2026-02-02T10:11:33.673,"{""sensor"":{""time"":442301,""status"":true,""class:"":2}}"
2026-02-02T10:11:33.763,"{""sensor"":{""time"":442417,""status"":true,""class:"":2}}"
2026-02-02T10:11:33.897,"{""sensor"":{""time"":442532,""status"":true,""class:"":2}}"
2026-02-02T10:11:34.031,"{""sensor"":{""time"":442647,""status"":true,""class:"":2}}"
2026-02-02T10:11:34.123,"{""sensor"":{""time"":442763,""status"":true,""class:"":2}}"
2026-02-02T10:11:34.258,"{""sensor"":{""time"":442878,""status"":true,""class:"":2}}"
2026-02-02T10:11:34.437,"{""sensor"":{""time"":442994,""status"":true,""class:"":2}}"
2026-02-02T10:11:34.527,"{""sensor"":{""time"":443109,""status"":true,""class:"":2}}"
2026-02-02T10:11:34.618,"{""sensor"":{""time"":443224,""status"":true,""class:"":2}}"
2026-02-02T10:11:34.707,"{""sensor"":{""time"":443340,""status"":true,""class:"":2}}"
2026-02-02T10:11:34.843,"{""sensor"":{""time"":443455,""status"":true,""class:"":2}}"
2026-02-02T10:11:34.932,"{""sensor"":{""time"":443570,""status"":true,""class:"":2}}"
2026-02-02T10:11:35.067,"{""sensor"":{""time"":443686,""status"":true,""class:"":2}}"
2026-02-02T10:11:35.157,"{""sensor"":{""time"":443801,""status"":true,""class:"":2}}"
2026-02-02T10:11:35.292,"{""sensor"":{""time"":443916,""status"":true,""class:"":2}}"
2026-02-02T10:11:35.381,"{""sensor"":{""time"":444032,""status"":true,""class:"":2}}"
2026-02-02T10:11:35.517,"{""sensor"":{""time"":444147,""status"":true,""class:"":2}}"
2026-02-02T10:11:35.652,"{""sensor"":{""time"":444262,""status"":true,""class:"":2}}"
2026-02-02T10:11:35.742,"{""sensor"":{""time"":444378,""status"":true,""class:"":2}}"
2026-02-02T10:11:35.878,"{""sensor"":{""time"":444493,""status"":true,""class:"":2}}"
2026-02-02T10:11:35.966,"{""sensor"":{""time"":444609,""status"":true,""class:"":2}}"
2026-02-02T10:11:36.101,"{""sensor"":{""time"":444724,""status"":true,""class:"":2}}"
2026-02-02T10:11:36.194,"{""sensor"":{""time"":444839,""status"":true,""class:"":2}}"
2026-02-02T10:11:36.327,"{""sensor"":{""time"":444955,""status"":true,""class:"":2}}"
2026-02-02T10:11:36.461,"{""sensor"":{""time"":445070,""status"":true,""class:"":2}}"
2026-02-02T10:11:36.552,"{""sensor"":{""time"":445186,""status"":true,""class:"":2}}"
2026-02-02T10:11:36.687,"{""sensor"":{""time"":445301,""status"":true,""class:"":2}}"
2026-02-02T10:11:36.776,"{""sensor"":{""time"":445416,""status"":true,""class:"":2}}"
2026-02-02T10:11:37.002,"{""sensor"":{""time"":445532,""status"":true,""class:"":2}}"
2026-02-02T10:11:37.047,"{""sensor"":{""time"":445647,""status"":true,""class:"":2}}"
2026-02-02T10:11:37.137,"{""sensor"":{""time"":445763,""status"":true,""class:"":2}}"
2026-02-02T10:11:37.227,"{""sensor"":{""time"":445878,""status"":true,""class:"":2}}"
2026-02-02T10:11:37.363,"{""sensor"":{""time"":445993,""status"":true,""class:"":2}}"
2026-02-02T10:11:37.497,"{""sensor"":{""time"":446108,""status"":true,""class:"":2}}"
2026-02-02T10:11:37.588,"{""sensor"":{""time"":446224,""status"":true,""class:"":2}}"
2026-02-02T10:11:37.721,"{""sensor"":{""time"":446339,""status"":true,""class:"":2}}"
2026-02-02T10:11:37.813,"{""sensor"":{""time"":446454,""status"":true,""class:"":2}}"
2026-02-02T10:11:37.947,"{""sensor"":{""time"":446570,""status"":true,""class:"":2}}"
2026-02-02T10:11:38.037,"{""sensor"":{""time"":446685,""status"":true,""class:"":2}}"
2026-02-02T10:11:38.171,"{""sensor"":{""time"":446800,""status"":true,""class:"":2}}"
2026-02-02T10:11:38.264,"{""sensor"":{""time"":446916,""status"":true,""class:"":2}}"
2026-02-02T10:11:38.396,"{""sensor"":{""time"":447031,""status"":true,""class:"":2}}"
2026-02-02T10:11:38.531,"{""sensor"":{""time"":447146,""status"":true,""class:"":2}}"
2026-02-02T10:11:38.666,"{""sensor"":{""time"":447261,""status"":true,""class:"":2}}"
2026-02-02T10:11:38.757,"{""sensor"":{""time"":447377,""status"":true,""class:"":2}}"
2026-02-02T10:11:38.846,"{""sensor"":{""time"":447492,""status"":true,""class:"":2}}"
2026-02-02T10:11:38.982,"{""sensor"":{""time"":447608,""status"":true,""class:"":2}}"
2026-02-02T10:11:39.072,"{""sensor"":{""time"":447723,""status"":true,""class:"":2}}"
2026-02-02T10:11:39.207,"{""sensor"":{""time"":447838,""status"":true,""class:"":2}}"
2026-02-02T10:11:39.432,"{""sensor"":{""time"":447953,""status"":true,""class:"":2}}"
2026-02-02T10:11:39.477,"{""sensor"":{""time"":448069,""status"":true,""class:"":2}}"
2026-02-02T10:11:39.566,"{""sensor"":{""time"":448184,""status"":true,""class:"":2}}"
2026-02-02T10:11:39.657,"{""sensor"":{""time"":448300,""status"":true,""class:"":2}}"
2026-02-02T10:11:39.791,"{""sensor"":{""time"":448415,""status"":true,""class:"":2}}"
2026-02-02T10:11:39.882,"{""sensor"":{""time"":448530,""status"":true,""class:"":2}}"
2026-02-02T10:11:40.017,"{""sensor"":{""time"":448646,""status"":true,""class:"":2}}"
2026-02-02T10:11:40.107,"{""sensor"":{""time"":448761,""status"":true,""class:"":2}}"
2026-02-02T10:11:40.242,"{""sensor"":{""time"":448876,""status"":true,""class:"":2}}"
2026-02-02T10:11:40.377,"{""sensor"":{""time"":448992,""status"":true,""class:"":2}}"
2026-02-02T10:11:40.466,"{""sensor"":{""time"":449107,""status"":true,""class:"":2}}"
2026-02-02T10:11:40.602,"{""sensor"":{""time"":449222,""status"":true,""class:"":2}}"
2026-02-02T10:11:40.692,"{""sensor"":{""time"":449338,""status"":true,""class:"":2}}"
2026-02-02T10:11:40.827,"{""sensor"":{""time"":449453,""status"":true,""class:"":2}}"
2026-02-02T10:11:40.917,"{""sensor"":{""time"":449569,""status"":true,""class:"":2}}"
2026-02-02T10:11:41.053,"{""sensor"":{""time"":449684,""status"":true,""class:"":2}}"
2026-02-02T10:11:41.231,"{""sensor"":{""time"":449799,""status"":true,""class:"":2}}"
2026-02-02T10:11:41.366,"{""sensor"":{""time"":449915,""status"":true,""class:"":2}}"
2026-02-02T10:11:41.456,"{""sensor"":{""time"":450030,""status"":true,""class:"":2}}"
2026-02-02T10:11:41.547,"{""sensor"":{""time"":450145,""status"":true,""class:"":2}}"
2026-02-02T10:11:41.637,"{""sensor"":{""time"":450261,""status"":true,""class:"":2}}"
2026-02-02T10:11:41.773,"{""sensor"":{""time"":450376,""status"":true,""class:"":2}}"
2026-02-02T10:11:41.952,"{""sensor"":{""time"":450492,""status"":true,""class:"":2}}"
2026-02-02T10:11:41.998,"{""sensor"":{""time"":450607,""status"":true,""class:"":2}}"
2026-02-02T10:11:42.088,"{""sensor"":{""time"":450723,""status"":true,""class:"":2}}"
2026-02-02T10:11:42.223,"{""sensor"":{""time"":450838,""status"":true,""class:"":2}}"
2026-02-02T10:11:42.311,"{""sensor"":{""time"":450953,""status"":true,""class:"":2}}"
2026-02-02T10:11:42.448,"{""sensor"":{""time"":451069,""status"":true,""class:"":2}}"
2026-02-02T10:11:42.537,"{""sensor"":{""time"":451184,""status"":true,""class:"":2}}"
2026-02-02T10:11:42.671,"{""sensor"":{""time"":451300,""status"":true,""class:"":2}}"
2026-02-02T10:11:42.852,"{""sensor"":{""time"":451415,""status"":true,""class:"":2}}"
2026-02-02T10:11:42.942,"{""sensor"":{""time"":451530,""status"":true,""class:"":2}}"
2026-02-02T10:11:43.032,"{""sensor"":{""time"":451646,""status"":true,""class:"":2}}"
2026-02-02T10:11:43.122,"{""sensor"":{""time"":451761,""status"":true,""class:"":2}}"
2026-02-02T10:11:43.258,"{""sensor"":{""time"":451876,""status"":true,""class:"":2}}"
2026-02-02T10:11:43.347,"{""sensor"":{""time"":451992,""status"":true,""class:"":2}}"
2026-02-02T10:11:43.482,"{""sensor"":{""time"":452107,""status"":true,""class:"":2}}"
2026-02-02T10:11:43.573,"{""sensor"":{""time"":452222,""status"":true,""class:"":2}}"
2026-02-02T10:11:43.708,"{""sensor"":{""time"":452338,""status"":true,""class:"":2}}"
2026-02-02T10:11:43.843,"{""sensor"":{""time"":452453,""status"":true,""class:"":2}}"
2026-02-02T10:11:43.932,"{""sensor"":{""time"":452569,""status"":true,""class:"":2}}"
2026-02-02T10:11:44.067,"{""sensor"":{""time"":452684,""status"":true,""class:"":2}}"
2026-02-02T10:11:44.156,"{""sensor"":{""time"":452800,""status"":true,""class:"":2}}"
2026-02-02T10:11:44.292,"{""sensor"":{""time"":452915,""status"":true,""class:"":2}}"
2026-02-02T10:11:44.473,"{""sensor"":{""time"":453030,""status"":true,""class:"":2}}"
2026-02-02T10:11:44.563,"{""sensor"":{""time"":453145,""status"":true,""class:"":2}}"
2026-02-02T10:11:44.652,"{""sensor"":{""time"":453261,""status"":true,""class:"":2}}"
2026-02-02T10:11:44.742,"{""sensor"":{""time"":453376,""status"":true,""class:"":2}}"
2026-02-02T10:11:44.878,"{""sensor"":{""time"":453491,""status"":true,""class:"":2}}"
2026-02-02T10:11:44.969,"{""sensor"":{""time"":453607,""status"":true,""class:"":2}}"
2026-02-02T10:11:45.102,"{""sensor"":{""time"":453722,""status"":true,""class:"":2}}"
2026-02-02T10:11:45.192,"{""sensor"":{""time"":453838,""status"":true,""class:"":2}}"
2026-02-02T10:11:45.326,"{""sensor"":{""time"":453953,""status"":true,""class:"":2}}"
2026-02-02T10:11:45.418,"{""sensor"":{""time"":454069,""status"":true,""class:"":2}}"
2026-02-02T10:11:45.554,"{""sensor"":{""time"":454184,""status"":true,""class:"":2}}"
2026-02-02T10:11:45.686,"{""sensor"":{""time"":454299,""status"":true,""class:"":2}}"
2026-02-02T10:11:45.776,"{""sensor"":{""time"":454414,""status"":true,""class:"":2}}"
2026-02-02T10:11:45.911,"{""sensor"":{""time"":454530,""status"":true,""class:"":2}}"
2026-02-02T10:11:46.002,"{""sensor"":{""time"":454645,""status"":true,""class:"":2}}"
2026-02-02T10:11:46.137,"{""sensor"":{""time"":454761,""status"":true,""class:"":2}}"
2026-02-02T10:11:46.226,"{""sensor"":{""time"":454876,""status"":true,""class:"":2}}"
2026-02-02T10:11:46.363,"{""sensor"":{""time"":454991,""status"":true,""class:"":2}}"
2026-02-02T10:11:46.452,"{""sensor"":{""time"":455107,""status"":true,""class:"":2}}"
2026-02-02T10:11:46.591,"{""sensor"":{""time"":455222,""status"":true,""class:"":2}}"
2026-02-02T10:11:46.721,"{""sensor"":{""time"":455337,""status"":true,""class:"":2}}"
2026-02-02T10:11:46.815,"{""sensor"":{""time"":455453,""status"":true,""class:"":2}}"
2026-02-02T10:11:46.947,"{""sensor"":{""time"":455568,""status"":true,""class:"":2}}"
2026-02-02T10:11:47.038,"{""sensor"":{""time"":455684,""status"":true,""class:"":2}}"
2026-02-02T10:11:47.172,"{""sensor"":{""time"":455799,""status"":true,""class:"":2}}"
2026-02-02T10:11:47.263,"{""sensor"":{""time"":455914,""status"":true,""class:"":2}}"
2026-02-02T10:11:47.396,"{""sensor"":{""time"":456030,""status"":true,""class:"":2}}"
2026-02-02T10:11:47.532,"{""sensor"":{""time"":456145,""status"":true,""class:"":2}}"
2026-02-02T10:11:47.667,"{""sensor"":{""time"":456260,""status"":true,""class:"":2}}"
2026-02-02T10:11:47.802,"{""sensor"":{""time"":456376,""status"":true,""class:"":2}}"
2026-02-02T10:11:47.892,"{""sensor"":{""time"":456491,""status"":true,""class:"":2}}"
2026-02-02T10:11:47.984,"{""sensor"":{""time"":456606,""status"":true,""class:"":2}}"
2026-02-02T10:11:48.074,"{""sensor"":{""time"":456722,""status"":true,""class:"":2}}"
2026-02-02T10:11:48.207,"{""sensor"":{""time"":456837,""status"":true,""class:"":2}}"
2026-02-02T10:11:48.344,"{""sensor"":{""time"":456952,""status"":true,""class:"":2}}"
2026-02-02T10:11:48.523,"{""sensor"":{""time"":457068,""status"":true,""class:"":2}}"
2026-02-02T10:11:48.613,"{""sensor"":{""time"":457183,""status"":true,""class:"":2}}"
2026-02-02T10:11:48.703,"{""sensor"":{""time"":457299,""status"":true,""class:"":2}}"
2026-02-02T10:11:48.793,"{""sensor"":{""time"":457414,""status"":true,""class:"":2}}"
2026-02-02T10:11:48.882,"{""sensor"":{""time"":457529,""status"":true,""class:"":2}}"
2026-02-02T10:11:49.016,"{""sensor"":{""time"":457645,""status"":true,""class:"":2}}"
2026-02-02T10:11:49.106,"{""sensor"":{""time"":457760,""status"":true,""class:"":2}}"
2026-02-02T10:11:49.241,"{""sensor"":{""time"":457875,""status"":true,""class:"":2}}"
2026-02-02T10:11:49.466,"{""sensor"":{""time"":457991,""status"":true,""class:"":2}}"
2026-02-02T10:11:49.512,"{""sensor"":{""time"":458106,""status"":true,""class:"":2}}"
2026-02-02T10:11:49.648,"{""sensor"":{""time"":458222,""status"":true,""class:"":2}}"
2026-02-02T10:11:49.737,"{""sensor"":{""time"":458337,""status"":true,""class:"":2}}"
2026-02-02T10:11:49.827,"{""sensor"":{""time"":458452,""status"":true,""class:"":2}}"
2026-02-02T10:11:49.918,"{""sensor"":{""time"":458567,""status"":true,""class:"":2}}"
2026-02-02T10:11:50.052,"{""sensor"":{""time"":458683,""status"":true,""class:"":2}}"
2026-02-02T10:11:50.189,"{""sensor"":{""time"":458798,""status"":true,""class:"":2}}"
2026-02-02T10:11:50.322,"{""sensor"":{""time"":458914,""status"":true,""class:"":2}}"
2026-02-02T10:11:50.415,"{""sensor"":{""time"":459029,""status"":true,""class:"":2}}"
2026-02-02T10:11:50.502,"{""sensor"":{""time"":459145,""status"":true,""class:"":2}}"
2026-02-02T10:11:50.638,"{""sensor"":{""time"":459260,""status"":true,""class:"":2}}"
2026-02-02T10:11:50.772,"{""sensor"":{""time"":459375,""status"":true,""class:"":2}}"
2026-02-02T10:11:50.862,"{""sensor"":{""time"":459490,""status"":true,""class:"":2}}"
2026-02-02T10:11:50.952,"{""sensor"":{""time"":459606,""status"":true,""class:"":2}}"
2026-02-02T10:11:51.086,"{""sensor"":{""time"":459721,""status"":true,""class:"":2}}"
2026-02-02T10:11:51.223,"{""sensor"":{""time"":459837,""status"":true,""class:"":2}}"
2026-02-02T10:11:51.312,"{""sensor"":{""time"":459952,""status"":true,""class:"":2}}"
2026-02-02T10:11:51.447,"{""sensor"":{""time"":460067,""status"":true,""class:"":2}}"
2026-02-02T10:11:51.536,"{""sensor"":{""time"":460182,""status"":true,""class:"":2}}"
2026-02-02T10:11:51.673,"{""sensor"":{""time"":460298,""status"":true,""class:"":2}}"
2026-02-02T10:11:51.762,"{""sensor"":{""time"":460413,""status"":true,""class:"":2}}"
2026-02-02T10:11:51.988,"{""sensor"":{""time"":460528,""status"":true,""class:"":2}}"
2026-02-02T10:11:52.077,"{""sensor"":{""time"":460643,""status"":true,""class:"":2}}"
2026-02-02T10:11:52.168,"{""sensor"":{""time"":460759,""status"":true,""class:"":2}}"
2026-02-02T10:11:52.258,"{""sensor"":{""time"":460875,""status"":true,""class:"":2}}"
2026-02-02T10:11:52.346,"{""sensor"":{""time"":460990,""status"":true,""class:"":2}}"
2026-02-02T10:11:52.482,"{""sensor"":{""time"":461105,""status"":true,""class:"":2}}"
2026-02-02T10:11:52.572,"{""sensor"":{""time"":461221,""status"":true,""class:"":2}}"
2026-02-02T10:11:52.708,"{""sensor"":{""time"":461336,""status"":true,""class:"":2}}"
2026-02-02T10:11:52.797,"{""sensor"":{""time"":461452,""status"":true,""class:"":2}}"
2026-02-02T10:11:52.931,"{""sensor"":{""time"":461567,""status"":true,""class:"":2}}"
2026-02-02T10:11:53.067,"{""sensor"":{""time"":461682,""status"":true,""class:"":2}}"
2026-02-02T10:11:53.156,"{""sensor"":{""time"":461798,""status"":true,""class:"":2}}"
2026-02-02T10:11:53.292,"{""sensor"":{""time"":461913,""status"":true,""class:"":2}}"
2026-02-02T10:11:53.381,"{""sensor"":{""time"":462028,""status"":true,""class:"":2}}"
2026-02-02T10:11:53.517,"{""sensor"":{""time"":462144,""status"":true,""class:"":2}}"
2026-02-02T10:11:53.606,"{""sensor"":{""time"":462259,""status"":true,""class:"":2}}"
2026-02-02T10:11:53.743,"{""sensor"":{""time"":462374,""status"":true,""class:"":2}}"
2026-02-02T10:11:53.878,"{""sensor"":{""time"":462490,""status"":true,""class:"":2}}"
2026-02-02T10:11:53.967,"{""sensor"":{""time"":462605,""status"":true,""class:"":2}}"
2026-02-02T10:11:54.102,"{""sensor"":{""time"":462721,""status"":true,""class:"":2}}"
2026-02-02T10:11:54.193,"{""sensor"":{""time"":462836,""status"":true,""class:"":2}}"
2026-02-02T10:11:54.328,"{""sensor"":{""time"":462951,""status"":true,""class:"":2}}"
2026-02-02T10:11:54.462,"{""sensor"":{""time"":463067,""status"":true,""class:"":2}}"
2026-02-02T10:11:54.551,"{""sensor"":{""time"":463182,""status"":true,""class:"":2}}"
2026-02-02T10:11:54.642,"{""sensor"":{""time"":463298,""status"":true,""class:"":2}}"
2026-02-02T10:11:54.776,"{""sensor"":{""time"":463413,""status"":true,""class:"":2}}"
2026-02-02T10:11:54.911,"{""sensor"":{""time"":463528,""status"":true,""class:"":2}}"
2026-02-02T10:11:55.002,"{""sensor"":{""time"":463644,""status"":true,""class:"":2}}"
2026-02-02T10:11:55.136,"{""sensor"":{""time"":463759,""status"":true,""class:"":2}}"
2026-02-02T10:11:55.227,"{""sensor"":{""time"":463874,""status"":true,""class:"":2}}"
2026-02-02T10:11:55.361,"{""sensor"":{""time"":463990,""status"":true,""class:"":2}}"
2026-02-02T10:11:55.451,"{""sensor"":{""time"":464105,""status"":true,""class:"":2}}"
2026-02-02T10:11:55.587,"{""sensor"":{""time"":464220,""status"":true,""class:"":2}}"
2026-02-02T10:11:55.722,"{""sensor"":{""time"":464336,""status"":true,""class:"":2}}"
2026-02-02T10:11:55.812,"{""sensor"":{""time"":464451,""status"":true,""class:"":2}}"
2026-02-02T10:11:55.947,"{""sensor"":{""time"":464566,""status"":true,""class:"":2}}"
2026-02-02T10:11:56.038,"{""sensor"":{""time"":464682,""status"":true,""class:"":2}}"
2026-02-02T10:11:56.173,"{""sensor"":{""time"":464797,""status"":true,""class:"":2}}"
2026-02-02T10:11:56.263,"{""sensor"":{""time"":464912,""status"":true,""class:"":2}}"
2026-02-02T10:11:56.397,"{""sensor"":{""time"":465027,""status"":true,""class:"":2}}"
2026-02-02T10:11:56.488,"{""sensor"":{""time"":465143,""status"":true,""class:"":2}}"
2026-02-02T10:11:56.623,"{""sensor"":{""time"":465258,""status"":true,""class:"":2}}"
2026-02-02T10:11:56.758,"{""sensor"":{""time"":465373,""status"":true,""class:"":2}}"
2026-02-02T10:11:56.846,"{""sensor"":{""time"":465489,""status"":true,""class:"":2}}"
2026-02-02T10:11:56.982,"{""sensor"":{""time"":465604,""status"":true,""class:"":2}}"
2026-02-02T10:11:57.072,"{""sensor"":{""time"":465720,""status"":true,""class:"":2}}"
2026-02-02T10:11:57.252,"{""sensor"":{""time"":465835,""status"":true,""class:"":2}}"
2026-02-02T10:11:57.342,"{""sensor"":{""time"":465951,""status"":true,""class:"":2}}"
2026-02-02T10:11:57.432,"{""sensor"":{""time"":466066,""status"":true,""class:"":2}}"
2026-02-02T10:11:57.568,"{""sensor"":{""time"":466181,""status"":true,""class:"":2}}"
2026-02-02T10:11:57.658,"{""sensor"":{""time"":466297,""status"":true,""class:"":2}}"
2026-02-02T10:11:57.792,"{""sensor"":{""time"":466412,""status"":true,""class:"":2}}"
2026-02-02T10:11:57.882,"{""sensor"":{""time"":466527,""status"":true,""class:"":2}}"
2026-02-02T10:11:58.018,"{""sensor"":{""time"":466643,""status"":true,""class:"":2}}"
2026-02-02T10:11:58.152,"{""sensor"":{""time"":466758,""status"":true,""class:"":2}}"
2026-02-02T10:11:58.241,"{""sensor"":{""time"":466874,""status"":true,""class:"":2}}"
2026-02-02T10:11:58.378,"{""sensor"":{""time"":466989,""status"":true,""class:"":2}}"
2026-02-02T10:11:58.468,"{""sensor"":{""time"":467104,""status"":true,""class:"":2}}"
2026-02-02T10:11:58.602,"{""sensor"":{""time"":467220,""status"":true,""class:"":2}}"
2026-02-02T10:11:58.692,"{""sensor"":{""time"":467335,""status"":true,""class:"":2}}"
2026-02-02T10:11:58.873,"{""sensor"":{""time"":467451,""status"":true,""class:"":2}}"
2026-02-02T10:11:58.962,"{""sensor"":{""time"":467566,""status"":true,""class:"":2}}"
2026-02-02T10:11:59.052,"{""sensor"":{""time"":467681,""status"":true,""class:"":2}}"
2026-02-02T10:11:59.143,"{""sensor"":{""time"":467796,""status"":true,""class:"":2}}"
2026-02-02T10:11:59.278,"{""sensor"":{""time"":467912,""status"":true,""class:"":2}}"
2026-02-02T10:11:59.548,"{""sensor"":{""time"":468027,""status"":true,""class:"":2}}"
2026-02-02T10:11:59.592,"{""sensor"":{""time"":468142,""status"":true,""class:"":2}}"
2026-02-02T10:11:59.682,"{""sensor"":{""time"":468258,""status"":true,""class:"":2}}"
2026-02-02T10:11:59.772,"{""sensor"":{""time"":468373,""status"":true,""class:"":2}}"
2026-02-02T10:11:59.862,"{""sensor"":{""time"":468488,""status"":true,""class:"":2}}"
2026-02-02T10:11:59.951,"{""sensor"":{""time"":468604,""status"":true,""class:"":2}}"
2026-02-02T10:12:00.086,"{""sensor"":{""time"":468719,""status"":true,""class:"":2}}"
2026-02-02T10:12:00.266,"{""sensor"":{""time"":468835,""status"":true,""class:"":2}}"
2026-02-02T10:12:00.357,"{""sensor"":{""time"":468950,""status"":true,""class:"":2}}"
2026-02-02T10:12:00.447,"{""sensor"":{""time"":469065,""status"":true,""class:"":2}}"
2026-02-02T10:12:00.536,"{""sensor"":{""time"":469181,""status"":true,""class:"":2}}"
2026-02-02T10:12:00.672,"{""sensor"":{""time"":469296,""status"":true,""class:"":2}}"
2026-02-02T10:12:00.761,"{""sensor"":{""time"":469411,""status"":true,""class:"":2}}"
2026-02-02T10:12:00.897,"{""sensor"":{""time"":469527,""status"":true,""class:"":2}}"
2026-02-02T10:12:00.987,"{""sensor"":{""time"":469642,""status"":true,""class:"":2}}"
2026-02-02T10:12:01.122,"{""sensor"":{""time"":469757,""status"":true,""class:"":2}}"
2026-02-02T10:12:01.256,"{""sensor"":{""time"":469872,""status"":true,""class:"":2}}"
2026-02-02T10:12:01.348,"{""sensor"":{""time"":469988,""status"":true,""class:"":2}}"
2026-02-02T10:12:01.481,"{""sensor"":{""time"":470103,""status"":true,""class:"":2}}"
2026-02-02T10:12:01.573,"{""sensor"":{""time"":470219,""status"":true,""class:"":2}}"
2026-02-02T10:12:01.706,"{""sensor"":{""time"":470334,""status"":true,""class:"":2}}"
2026-02-02T10:12:01.798,"{""sensor"":{""time"":470450,""status"":true,""class:"":2}}"
2026-02-02T10:12:01.977,"{""sensor"":{""time"":470565,""status"":true,""class:"":2}}"
2026-02-02T10:12:02.067,"{""sensor"":{""time"":470681,""status"":true,""class:"":2}}"
2026-02-02T10:12:02.156,"{""sensor"":{""time"":470796,""status"":true,""class:"":2}}"
2026-02-02T10:12:02.292,"{""sensor"":{""time"":470911,""status"":true,""class:"":2}}"
2026-02-02T10:12:02.381,"{""sensor"":{""time"":471026,""status"":true,""class:"":2}}"
2026-02-02T10:12:02.517,"{""sensor"":{""time"":471143,""status"":true,""class:"":2}}"
2026-02-02T10:12:02.607,"{""sensor"":{""time"":471258,""status"":true,""class:"":2}}"
2026-02-02T10:12:02.742,"{""sensor"":{""time"":471373,""status"":true,""class:"":2}}"
2026-02-02T10:12:02.831,"{""sensor"":{""time"":471488,""status"":true,""class:"":2}}"
2026-02-02T10:12:02.967,"{""sensor"":{""time"":471604,""status"":true,""class:"":2}}"
2026-02-02T10:12:03.102,"{""sensor"":{""time"":471719,""status"":true,""class:"":2}}"
2026-02-02T10:12:03.191,"{""sensor"":{""time"":471835,""status"":true,""class:"":2}}"
2026-02-02T10:12:03.327,"{""sensor"":{""time"":471950,""status"":true,""class:"":2}}"
2026-02-02T10:12:03.416,"{""sensor"":{""time"":472065,""status"":true,""class:"":2}}"
2026-02-02T10:12:03.551,"{""sensor"":{""time"":472181,""status"":true,""class:"":2}}"
2026-02-02T10:12:03.642,"{""sensor"":{""time"":472296,""status"":true,""class:"":2}}"
2026-02-02T10:12:03.777,"{""sensor"":{""time"":472411,""status"":true,""class:"":2}}"
2026-02-02T10:12:03.911,"{""sensor"":{""time"":472527,""status"":true,""class:"":2}}"
2026-02-02T10:12:04.002,"{""sensor"":{""time"":472642,""status"":true,""class:"":2}}"
2026-02-02T10:12:04.137,"{""sensor"":{""time"":472758,""status"":true,""class:"":2}}"
2026-02-02T10:12:04.227,"{""sensor"":{""time"":472873,""status"":true,""class:"":2}}"
2026-02-02T10:12:04.361,"{""sensor"":{""time"":472988,""status"":true,""class:"":2}}"
2026-02-02T10:12:04.497,"{""sensor"":{""time"":473104,""status"":true,""class:"":2}}"
2026-02-02T10:12:04.587,"{""sensor"":{""time"":473219,""status"":true,""class:"":2}}"
2026-02-02T10:12:04.723,"{""sensor"":{""time"":473335,""status"":true,""class:"":2}}"
2026-02-02T10:12:04.811,"{""sensor"":{""time"":473450,""status"":true,""class:"":2}}"
2026-02-02T10:12:04.946,"{""sensor"":{""time"":473565,""status"":true,""class:"":2}}"
2026-02-02T10:12:05.081,"{""sensor"":{""time"":473681,""status"":true,""class:"":2}}"
2026-02-02T10:12:05.172,"{""sensor"":{""time"":473796,""status"":true,""class:"":2}}"
2026-02-02T10:12:05.261,"{""sensor"":{""time"":473912,""status"":true,""class:"":2}}"
2026-02-02T10:12:05.396,"{""sensor"":{""time"":474027,""status"":true,""class:"":2}}"
2026-02-02T10:12:05.486,"{""sensor"":{""time"":474142,""status"":true,""class:"":2}}"
2026-02-02T10:12:05.622,"{""sensor"":{""time"":474257,""status"":true,""class:"":2}}"
2026-02-02T10:12:05.757,"{""sensor"":{""time"":474373,""status"":true,""class:"":2}}"
2026-02-02T10:12:05.846,"{""sensor"":{""time"":474488,""status"":true,""class:"":2}}"
2026-02-02T10:12:05.982,"{""sensor"":{""time"":474604,""status"":true,""class:"":2}}"
2026-02-02T10:12:06.072,"{""sensor"":{""time"":474719,""status"":true,""class:"":2}}"
2026-02-02T10:12:06.207,"{""sensor"":{""time"":474834,""status"":true,""class:"":2}}"
2026-02-02T10:12:06.296,"{""sensor"":{""time"":474949,""status"":true,""class:"":2}}"
2026-02-02T10:12:06.476,"{""sensor"":{""time"":475065,""status"":true,""class:"":2}}"
2026-02-02T10:12:06.566,"{""sensor"":{""time"":475180,""status"":true,""class:"":2}}"
2026-02-02T10:12:06.657,"{""sensor"":{""time"":475295,""status"":true,""class:"":2}}"
2026-02-02T10:12:06.792,"{""sensor"":{""time"":475411,""status"":true,""class:"":2}}"
2026-02-02T10:12:06.972,"{""sensor"":{""time"":475526,""status"":true,""class:"":2}}"
2026-02-02T10:12:07.062,"{""sensor"":{""time"":475641,""status"":true,""class:"":2}}"
2026-02-02T10:12:07.152,"{""sensor"":{""time"":475757,""status"":true,""class:"":2}}"
2026-02-02T10:12:07.242,"{""sensor"":{""time"":475872,""status"":true,""class:"":2}}"
2026-02-02T10:12:07.332,"{""sensor"":{""time"":475987,""status"":true,""class:"":2}}"
2026-02-02T10:12:07.466,"{""sensor"":{""time"":476103,""status"":true,""class:"":2}}"
2026-02-02T10:12:07.602,"{""sensor"":{""time"":476218,""status"":true,""class:"":2}}"
2026-02-02T10:12:07.691,"{""sensor"":{""time"":476333,""status"":true,""class:"":2}}"
2026-02-02T10:12:07.827,"{""sensor"":{""time"":476449,""status"":true,""class:"":2}}"
2026-02-02T10:12:07.917,"{""sensor"":{""time"":476564,""status"":true,""class:"":2}}"
2026-02-02T10:12:08.051,"{""sensor"":{""time"":476680,""status"":true,""class:"":2}}"
2026-02-02T10:12:08.141,"{""sensor"":{""time"":476795,""status"":true,""class:"":2}}"
2026-02-02T10:12:08.277,"{""sensor"":{""time"":476910,""status"":true,""class:"":2}}"
2026-02-02T10:12:08.412,"{""sensor"":{""time"":477025,""status"":true,""class:"":2}}"
2026-02-02T10:12:08.502,"{""sensor"":{""time"":477141,""status"":true,""class:"":2}}"
2026-02-02T10:12:08.636,"{""sensor"":{""time"":477256,""status"":true,""class:"":2}}"
2026-02-02T10:12:08.727,"{""sensor"":{""time"":477372,""status"":true,""class:"":2}}"
2026-02-02T10:12:08.861,"{""sensor"":{""time"":477487,""status"":true,""class:"":2}}"
2026-02-02T10:12:08.952,"{""sensor"":{""time"":477602,""status"":true,""class:"":2}}"
2026-02-02T10:12:09.087,"{""sensor"":{""time"":477718,""status"":true,""class:"":2}}"
2026-02-02T10:12:09.176,"{""sensor"":{""time"":477833,""status"":true,""class:"":2}}"
2026-02-02T10:12:09.311,"{""sensor"":{""time"":477949,""status"":true,""class:"":2}}"
2026-02-02T10:12:09.492,"{""sensor"":{""time"":478064,""status"":true,""class:"":2}}"
2026-02-02T10:12:09.582,"{""sensor"":{""time"":478179,""status"":true,""class:"":2}}"
2026-02-02T10:12:09.672,"{""sensor"":{""time"":478295,""status"":true,""class:"":2}}"
2026-02-02T10:12:09.762,"{""sensor"":{""time"":478410,""status"":true,""class:"":2}}"
2026-02-02T10:12:09.897,"{""sensor"":{""time"":478525,""status"":true,""class:"":2}}"
2026-02-02T10:12:09.986,"{""sensor"":{""time"":478641,""status"":true,""class:"":2}}"
2026-02-02T10:12:10.122,"{""sensor"":{""time"":478756,""status"":true,""class:"":2}}"
2026-02-02T10:12:10.258,"{""sensor"":{""time"":478871,""status"":true,""class:"":2}}"
2026-02-02T10:12:10.347,"{""sensor"":{""time"":478987,""status"":true,""class:"":2}}"
2026-02-02T10:12:10.482,"{""sensor"":{""time"":479102,""status"":true,""class:"":2}}"
2026-02-02T10:12:10.572,"{""sensor"":{""time"":479217,""status"":true,""class:"":2}}"
2026-02-02T10:12:10.707,"{""sensor"":{""time"":479332,""status"":true,""class:"":2}}"
2026-02-02T10:12:10.796,"{""sensor"":{""time"":479448,""status"":true,""class:"":2}}"
2026-02-02T10:12:10.933,"{""sensor"":{""time"":479563,""status"":true,""class:"":2}}"
2026-02-02T10:12:11.022,"{""sensor"":{""time"":479679,""status"":true,""class:"":2}}"
2026-02-02T10:12:11.157,"{""sensor"":{""time"":479794,""status"":true,""class:"":2}}"
2026-02-02T10:12:11.292,"{""sensor"":{""time"":479909,""status"":true,""class:"":2}}"
2026-02-02T10:12:11.381,"{""sensor"":{""time"":480025,""status"":true,""class:"":2}}"
2026-02-02T10:12:11.516,"{""sensor"":{""time"":480140,""status"":true,""class:"":2}}"
2026-02-02T10:12:11.652,"{""sensor"":{""time"":480255,""status"":true,""class:"":2}}"
2026-02-02T10:12:11.743,"{""sensor"":{""time"":480371,""status"":true,""class:"":2}}"
2026-02-02T10:12:11.832,"{""sensor"":{""time"":480486,""status"":true,""class:"":2}}"
2026-02-02T10:12:12.011,"{""sensor"":{""time"":480601,""status"":true,""class:"":2}}"
2026-02-02T10:12:12.102,"{""sensor"":{""time"":480717,""status"":true,""class:"":2}}"
2026-02-02T10:12:12.191,"{""sensor"":{""time"":480832,""status"":true,""class:"":2}}"
2026-02-02T10:12:12.326,"{""sensor"":{""time"":480947,""status"":true,""class:"":2}}"
2026-02-02T10:12:12.417,"{""sensor"":{""time"":481063,""status"":true,""class:"":2}}"
2026-02-02T10:12:12.552,"{""sensor"":{""time"":481178,""status"":true,""class:"":2}}"
2026-02-02T10:12:12.687,"{""sensor"":{""time"":481294,""status"":true,""class:"":2}}"
2026-02-02T10:12:12.776,"{""sensor"":{""time"":481409,""status"":true,""class:"":2}}"
2026-02-02T10:12:12.912,"{""sensor"":{""time"":481525,""status"":true,""class:"":2}}"
2026-02-02T10:12:13.001,"{""sensor"":{""time"":481640,""status"":true,""class:"":2}}"
2026-02-02T10:12:13.181,"{""sensor"":{""time"":481755,""status"":true,""class:"":2}}"
2026-02-02T10:12:13.272,"{""sensor"":{""time"":481870,""status"":true,""class:"":2}}"
2026-02-02T10:12:13.362,"{""sensor"":{""time"":481986,""status"":true,""class:"":2}}"
2026-02-02T10:12:13.451,"{""sensor"":{""time"":482101,""status"":true,""class:"":2}}"
2026-02-02T10:12:13.587,"{""sensor"":{""time"":482217,""status"":true,""class:"":2}}"
2026-02-02T10:12:13.678,"{""sensor"":{""time"":482332,""status"":true,""class:"":2}}"
2026-02-02T10:12:13.811,"{""sensor"":{""time"":482447,""status"":true,""class:"":2}}"
2026-02-02T10:12:13.947,"{""sensor"":{""time"":482563,""status"":true,""class:"":2}}"
2026-02-02T10:12:14.082,"{""sensor"":{""time"":482678,""status"":true,""class:"":2}}"
2026-02-02T10:12:14.173,"{""sensor"":{""time"":482793,""status"":true,""class:"":2}}"
2026-02-02T10:12:14.261,"{""sensor"":{""time"":482909,""status"":true,""class:"":2}}"
2026-02-02T10:12:14.532,"{""sensor"":{""time"":483024,""status"":true,""class:"":2}}"
2026-02-02T10:12:14.578,"{""sensor"":{""time"":483139,""status"":true,""class:"":2}}"
2026-02-02T10:12:14.668,"{""sensor"":{""time"":483255,""status"":true,""class:"":2}}"
2026-02-02T10:12:14.757,"{""sensor"":{""time"":483370,""status"":true,""class:"":2}}"
2026-02-02T10:12:14.847,"{""sensor"":{""time"":483486,""status"":true,""class:"":2}}"
2026-02-02T10:12:14.982,"{""sensor"":{""time"":483601,""status"":true,""class:"":2}}"
2026-02-02T10:12:15.071,"{""sensor"":{""time"":483717,""status"":true,""class:"":2}}"
2026-02-02T10:12:15.207,"{""sensor"":{""time"":483832,""status"":true,""class:"":2}}"
2026-02-02T10:12:15.296,"{""sensor"":{""time"":483947,""status"":true,""class:"":2}}"
2026-02-02T10:12:15.431,"{""sensor"":{""time"":484062,""status"":true,""class:"":2}}"
2026-02-02T10:12:15.521,"{""sensor"":{""time"":484178,""status"":true,""class:"":2}}"
2026-02-02T10:12:15.656,"{""sensor"":{""time"":484293,""status"":true,""class:"":2}}"
2026-02-02T10:12:15.792,"{""sensor"":{""time"":484409,""status"":true,""class:"":2}}"
2026-02-02T10:12:15.881,"{""sensor"":{""time"":484524,""status"":true,""class:"":2}}"
2026-02-02T10:12:16.017,"{""sensor"":{""time"":484640,""status"":true,""class:"":2}}"
2026-02-02T10:12:16.107,"{""sensor"":{""time"":484755,""status"":true,""class:"":2}}"
2026-02-02T10:12:16.241,"{""sensor"":{""time"":484871,""status"":true,""class:"":2}}"
2026-02-02T10:12:16.331,"{""sensor"":{""time"":484986,""status"":true,""class:"":2}}"
2026-02-02T10:12:16.466,"{""sensor"":{""time"":485101,""status"":true,""class:"":2}}"
2026-02-02T10:12:16.602,"{""sensor"":{""time"":485217,""status"":true,""class:"":2}}"
2026-02-02T10:12:16.692,"{""sensor"":{""time"":485332,""status"":true,""class:"":2}}"
2026-02-02T10:12:16.873,"{""sensor"":{""time"":485447,""status"":true,""class:"":2}}"
2026-02-02T10:12:17.007,"{""sensor"":{""time"":485563,""status"":true,""class:"":2}}"
2026-02-02T10:12:17.097,"{""sensor"":{""time"":485678,""status"":true,""class:"":2}}"
2026-02-02T10:12:17.186,"{""sensor"":{""time"":485793,""status"":true,""class:"":2}}"
2026-02-02T10:12:17.276,"{""sensor"":{""time"":485909,""status"":true,""class:"":2}}"
2026-02-02T10:12:17.366,"{""sensor"":{""time"":486024,""status"":true,""class:"":2}}"
2026-02-02T10:12:17.502,"{""sensor"":{""time"":486139,""status"":true,""class:"":2}}"
2026-02-02T10:12:17.637,"{""sensor"":{""time"":486255,""status"":true,""class:"":2}}"
2026-02-02T10:12:17.728,"{""sensor"":{""time"":486370,""status"":true,""class:"":2}}"
2026-02-02T10:12:17.862,"{""sensor"":{""time"":486486,""status"":true,""class:"":2}}"
2026-02-02T10:12:17.951,"{""sensor"":{""time"":486601,""status"":true,""class:"":2}}"
2026-02-02T10:12:18.086,"{""sensor"":{""time"":486716,""status"":true,""class:"":2}}"
2026-02-02T10:12:18.178,"{""sensor"":{""time"":486832,""status"":true,""class:"":2}}"
2026-02-02T10:12:18.311,"{""sensor"":{""time"":486947,""status"":true,""class:"":2}}"
2026-02-02T10:12:18.447,"{""sensor"":{""time"":487062,""status"":true,""class:"":2}}"
2026-02-02T10:12:18.537,"{""sensor"":{""time"":487178,""status"":true,""class:"":2}}"
2026-02-02T10:12:18.717,"{""sensor"":{""time"":487293,""status"":true,""class:"":2}}"
2026-02-02T10:12:18.807,"{""sensor"":{""time"":487408,""status"":true,""class:"":2}}"
2026-02-02T10:12:18.942,"{""sensor"":{""time"":487524,""status"":true,""class:"":2}}"
2026-02-02T10:12:19.032,"{""sensor"":{""time"":487639,""status"":true,""class:"":2}}"
2026-02-02T10:12:19.166,"{""sensor"":{""time"":487755,""status"":true,""class:"":2}}"
2026-02-02T10:12:19.258,"{""sensor"":{""time"":487870,""status"":true,""class:"":2}}"
2026-02-02T10:12:19.347,"{""sensor"":{""time"":487985,""status"":true,""class:"":2}}"
2026-02-02T10:12:19.527,"{""sensor"":{""time"":488101,""status"":true,""class:"":2}}"
2026-02-02T10:12:19.617,"{""sensor"":{""time"":488216,""status"":true,""class:"":2}}"
2026-02-02T10:12:19.706,"{""sensor"":{""time"":488331,""status"":true,""class:"":2}}"
2026-02-02T10:12:19.842,"{""sensor"":{""time"":488446,""status"":true,""class:"":2}}"
2026-02-02T10:12:19.931,"{""sensor"":{""time"":488562,""status"":true,""class:"":2}}"
2026-02-02T10:12:20.022,"{""sensor"":{""time"":488677,""status"":true,""class:"":2}}"
2026-02-02T10:12:20.157,"{""sensor"":{""time"":488792,""status"":true,""class:"":2}}"
2026-02-02T10:12:20.293,"{""sensor"":{""time"":488908,""status"":true,""class:"":2}}"
2026-02-02T10:12:20.383,"{""sensor"":{""time"":489023,""status"":true,""class:"":2}}"
2026-02-02T10:12:20.517,"{""sensor"":{""time"":489138,""status"":true,""class:"":2}}"
2026-02-02T10:12:20.606,"{""sensor"":{""time"":489254,""status"":true,""class:"":2}}"
2026-02-02T10:12:20.742,"{""sensor"":{""time"":489369,""status"":true,""class:"":2}}"
2026-02-02T10:12:20.877,"{""sensor"":{""time"":489484,""status"":true,""class:"":2}}"
2026-02-02T10:12:20.967,"{""sensor"":{""time"":489600,""status"":true,""class:"":2}}"
2026-02-02T10:12:21.101,"{""sensor"":{""time"":489715,""status"":true,""class:"":2}}"
2026-02-02T10:12:21.192,"{""sensor"":{""time"":489831,""status"":true,""class:"":2}}"
2026-02-02T10:12:21.327,"{""sensor"":{""time"":489946,""status"":true,""class:"":2}}"
2026-02-02T10:12:21.461,"{""sensor"":{""time"":490062,""status"":true,""class:"":2}}"
2026-02-02T10:12:21.596,"{""sensor"":{""time"":490177,""status"":true,""class:"":2}}"
2026-02-02T10:12:21.687,"{""sensor"":{""time"":490292,""status"":true,""class:"":2}}"
2026-02-02T10:12:21.777,"{""sensor"":{""time"":490408,""status"":true,""class:"":2}}"
2026-02-02T10:12:21.867,"{""sensor"":{""time"":490523,""status"":true,""class:"":2}}"
2026-02-02T10:12:22.001,"{""sensor"":{""time"":490638,""status"":true,""class:"":2}}"
2026-02-02T10:12:22.182,"{""sensor"":{""time"":490754,""status"":true,""class:"":2}}"
2026-02-02T10:12:22.272,"{""sensor"":{""time"":490869,""status"":true,""class:"":2}}"
2026-02-02T10:12:22.362,"{""sensor"":{""time"":490985,""status"":true,""class:"":2}}"
2026-02-02T10:12:22.452,"{""sensor"":{""time"":491100,""status"":true,""class:"":2}}"
2026-02-02T10:12:22.590,"{""sensor"":{""time"":491215,""status"":true,""class:"":2}}"
2026-02-02T10:12:22.676,"{""sensor"":{""time"":491330,""status"":true,""class:"":2}}"
2026-02-02T10:12:22.811,"{""sensor"":{""time"":491446,""status"":true,""class:"":2}}"
2026-02-02T10:12:22.948,"{""sensor"":{""time"":491561,""status"":true,""class:"":2}}"
2026-02-02T10:12:23.038,"{""sensor"":{""time"":491676,""status"":true,""class:"":2}}"
2026-02-02T10:12:23.216,"{""sensor"":{""time"":491792,""status"":true,""class:"":2}}"
2026-02-02T10:12:23.307,"{""sensor"":{""time"":491907,""status"":true,""class:"":2}}"
2026-02-02T10:12:23.396,"{""sensor"":{""time"":492023,""status"":true,""class:"":2}}"
2026-02-02T10:12:23.487,"{""sensor"":{""time"":492138,""status"":true,""class:"":2}}"
2026-02-02T10:12:23.667,"{""sensor"":{""time"":492253,""status"":true,""class:"":2}}"
2026-02-02T10:12:23.757,"{""sensor"":{""time"":492369,""status"":true,""class:"":2}}"
2026-02-02T10:12:23.847,"{""sensor"":{""time"":492484,""status"":true,""class:"":2}}"
2026-02-02T10:12:23.983,"{""sensor"":{""time"":492599,""status"":true,""class:"":2}}"
2026-02-02T10:12:24.071,"{""sensor"":{""time"":492715,""status"":true,""class:"":2}}"
2026-02-02T10:12:24.251,"{""sensor"":{""time"":492830,""status"":true,""class:"":2}}"
2026-02-02T10:12:24.342,"{""sensor"":{""time"":492945,""status"":true,""class:"":2}}"
2026-02-02T10:12:24.521,"{""sensor"":{""time"":493061,""status"":true,""class:"":2}}"
2026-02-02T10:12:24.566,"{""sensor"":{""time"":493176,""status"":true,""class:"":2}}"
2026-02-02T10:12:24.657,"{""sensor"":{""time"":493291,""status"":true,""class:"":2}}"
2026-02-02T10:12:24.791,"{""sensor"":{""time"":493406,""status"":true,""class:"":2}}"
2026-02-02T10:12:24.883,"{""sensor"":{""time"":493522,""status"":true,""class:"":2}}"
2026-02-02T10:12:25.017,"{""sensor"":{""time"":493637,""status"":true,""class:"":2}}"
2026-02-02T10:12:25.107,"{""sensor"":{""time"":493753,""status"":true,""class:"":2}}"
2026-02-02T10:12:25.242,"{""sensor"":{""time"":493868,""status"":true,""class:"":2}}"
2026-02-02T10:12:25.331,"{""sensor"":{""time"":493984,""status"":true,""class:"":2}}"
2026-02-02T10:12:25.466,"{""sensor"":{""time"":494099,""status"":true,""class:"":2}}"
2026-02-02T10:12:25.557,"{""sensor"":{""time"":494214,""status"":true,""class:"":2}}"
2026-02-02T10:12:25.692,"{""sensor"":{""time"":494330,""status"":true,""class:"":2}}"
2026-02-02T10:12:25.827,"{""sensor"":{""time"":494445,""status"":true,""class:"":2}}"
2026-02-02T10:12:25.917,"{""sensor"":{""time"":494561,""status"":true,""class:"":2}}"
2026-02-02T10:12:26.052,"{""sensor"":{""time"":494676,""status"":true,""class:"":2}}"
2026-02-02T10:12:26.142,"{""sensor"":{""time"":494791,""status"":true,""class:"":2}}"
2026-02-02T10:12:26.278,"{""sensor"":{""time"":494907,""status"":true,""class:"":2}}"
2026-02-02T10:12:26.366,"{""sensor"":{""time"":495022,""status"":true,""class:"":2}}"
2026-02-02T10:12:26.501,"{""sensor"":{""time"":495137,""status"":true,""class:"":2}}"
2026-02-02T10:12:26.637,"{""sensor"":{""time"":495253,""status"":true,""class:"":2}}"
2026-02-02T10:12:26.726,"{""sensor"":{""time"":495368,""status"":true,""class:"":2}}"
2026-02-02T10:12:26.862,"{""sensor"":{""time"":495483,""status"":true,""class:"":2}}"
2026-02-02T10:12:26.997,"{""sensor"":{""time"":495599,""status"":true,""class:"":2}}"
2026-02-02T10:12:27.132,"{""sensor"":{""time"":495714,""status"":true,""class:"":2}}"
2026-02-02T10:12:27.221,"{""sensor"":{""time"":495829,""status"":true,""class:"":2}}"
2026-02-02T10:12:27.310,"{""sensor"":{""time"":495945,""status"":true,""class:"":2}}"
2026-02-02T10:12:27.402,"{""sensor"":{""time"":496060,""status"":true,""class:"":2}}"
2026-02-02T10:12:27.626,"{""sensor"":{""time"":496175,""status"":true,""class:"":2}}"
2026-02-02T10:12:27.715,"{""sensor"":{""time"":496290,""status"":true,""class:"":2}}"
2026-02-02T10:12:27.808,"{""sensor"":{""time"":496406,""status"":true,""class:"":2}}"
2026-02-02T10:12:27.896,"{""sensor"":{""time"":496521,""status"":true,""class:"":2}}"
2026-02-02T10:12:27.986,"{""sensor"":{""time"":496636,""status"":true,""class:"":2}}"
2026-02-02T10:12:28.120,"{""sensor"":{""time"":496752,""status"":true,""class:"":2}}"
2026-02-02T10:12:28.212,"{""sensor"":{""time"":496867,""status"":true,""class:"":2}}"
2026-02-02T10:12:28.345,"{""sensor"":{""time"":496982,""status"":true,""class:"":2}}"
2026-02-02T10:12:28.481,"{""sensor"":{""time"":497098,""status"":true,""class:"":2}}"
2026-02-02T10:12:28.571,"{""sensor"":{""time"":497213,""status"":true,""class:"":2}}"
2026-02-02T10:12:28.750,"{""sensor"":{""time"":497328,""status"":true,""class:"":2}}"
2026-02-02T10:12:28.842,"{""sensor"":{""time"":497444,""status"":true,""class:"":2}}"
2026-02-02T10:12:28.977,"{""sensor"":{""time"":497559,""status"":true,""class:"":2}}"
2026-02-02T10:12:29.065,"{""sensor"":{""time"":497674,""status"":true,""class:"":2}}"
2026-02-02T10:12:29.157,"{""sensor"":{""time"":497790,""status"":true,""class:"":2}}"
2026-02-02T10:12:29.246,"{""sensor"":{""time"":497905,""status"":true,""class:"":2}}"
2026-02-02T10:12:29.382,"{""sensor"":{""time"":498020,""status"":true,""class:"":2}}"
2026-02-02T10:12:29.607,"{""sensor"":{""time"":498135,""status"":true,""class:"":2}}"
2026-02-02T10:12:29.650,"{""sensor"":{""time"":498251,""status"":true,""class:"":2}}"
2026-02-02T10:12:29.741,"{""sensor"":{""time"":498366,""status"":true,""class:"":2}}"
2026-02-02T10:12:29.831,"{""sensor"":{""time"":498482,""status"":true,""class:"":2}}"
2026-02-02T10:12:29.966,"{""sensor"":{""time"":498597,""status"":true,""class:"":2}}"
2026-02-02T10:12:30.056,"{""sensor"":{""time"":498712,""status"":true,""class:"":2}}"
2026-02-02T10:12:30.191,"{""sensor"":{""time"":498828,""status"":true,""class:"":2}}"
2026-02-02T10:12:30.325,"{""sensor"":{""time"":498943,""status"":true,""class:"":2}}"
2026-02-02T10:12:30.415,"{""sensor"":{""time"":499058,""status"":true,""class:"":2}}"
2026-02-02T10:12:30.595,"{""sensor"":{""time"":499174,""status"":true,""class:"":2}}"
2026-02-02T10:12:30.687,"{""sensor"":{""time"":499289,""status"":true,""class:"":2}}"
2026-02-02T10:12:30.775,"{""sensor"":{""time"":499404,""status"":true,""class:"":2}}"
2026-02-02T10:12:30.866,"{""sensor"":{""time"":499520,""status"":true,""class:"":2}}"
2026-02-02T10:12:31.001,"{""sensor"":{""time"":499635,""status"":true,""class:"":2}}"
2026-02-02T10:12:31.090,"{""sensor"":{""time"":499750,""status"":true,""class:"":2}}"
2026-02-02T10:12:31.226,"{""sensor"":{""time"":499865,""status"":true,""class:"":2}}"
2026-02-02T10:12:31.361,"{""sensor"":{""time"":499980,""status"":true,""class:"":2}}"
2026-02-02T10:12:31.450,"{""sensor"":{""time"":500096,""status"":true,""class:"":2}}"
2026-02-02T10:12:31.586,"{""sensor"":{""time"":500211,""status"":true,""class:"":2}}"
2026-02-02T10:12:31.721,"{""sensor"":{""time"":500327,""status"":true,""class:"":2}}"
2026-02-02T10:12:31.811,"{""sensor"":{""time"":500442,""status"":true,""class:"":2}}"
2026-02-02T10:12:31.906,"{""sensor"":{""time"":500558,""status"":true,""class:"":2}}"
2026-02-02T10:12:32.035,"{""sensor"":{""time"":500673,""status"":true,""class:"":2}}"
2026-02-02T10:12:32.171,"{""sensor"":{""time"":500788,""status"":true,""class:"":2}}"
2026-02-02T10:12:32.261,"{""sensor"":{""time"":500903,""status"":true,""class:"":2}}"
2026-02-02T10:12:32.441,"{""sensor"":{""time"":501019,""status"":true,""class:"":2}}"
2026-02-02T10:12:32.531,"{""sensor"":{""time"":501134,""status"":true,""class:"":2}}"
2026-02-02T10:12:32.666,"{""sensor"":{""time"":501250,""status"":true,""class:"":2}}"
2026-02-02T10:12:32.755,"{""sensor"":{""time"":501365,""status"":true,""class:"":2}}"
2026-02-02T10:12:32.891,"{""sensor"":{""time"":501481,""status"":true,""class:"":2}}"
2026-02-02T10:12:32.980,"{""sensor"":{""time"":501596,""status"":true,""class:"":2}}"
2026-02-02T10:12:33.070,"{""sensor"":{""time"":501711,""status"":true,""class:"":2}}"
2026-02-02T10:12:33.207,"{""sensor"":{""time"":501827,""status"":true,""class:"":2}}"
2026-02-02T10:12:33.295,"{""sensor"":{""time"":501942,""status"":true,""class:"":2}}"
2026-02-02T10:12:33.431,"{""sensor"":{""time"":502058,""status"":true,""class:"":2}}"
2026-02-02T10:12:33.521,"{""sensor"":{""time"":502173,""status"":true,""class:"":2}}"
2026-02-02T10:12:33.656,"{""sensor"":{""time"":502288,""status"":true,""class:"":2}}"
2026-02-02T10:12:33.745,"{""sensor"":{""time"":502404,""status"":true,""class:"":2}}"
2026-02-02T10:12:33.880,"{""sensor"":{""time"":502519,""status"":true,""class:"":2}}"
2026-02-02T10:12:34.017,"{""sensor"":{""time"":502634,""status"":true,""class:"":2}}"
2026-02-02T10:12:34.105,"{""sensor"":{""time"":502750,""status"":true,""class:"":2}}"
2026-02-02T10:12:34.241,"{""sensor"":{""time"":502865,""status"":true,""class:"":2}}"
2026-02-02T10:12:34.331,"{""sensor"":{""time"":502980,""status"":true,""class:"":2}}"
2026-02-02T10:12:34.511,"{""sensor"":{""time"":503096,""status"":true,""class:"":2}}"
2026-02-02T10:12:34.601,"{""sensor"":{""time"":503211,""status"":true,""class:"":2}}"
2026-02-02T10:12:34.690,"{""sensor"":{""time"":503326,""status"":true,""class:"":2}}"
2026-02-02T10:12:34.871,"{""sensor"":{""time"":503442,""status"":true,""class:"":2}}"
2026-02-02T10:12:34.961,"{""sensor"":{""time"":503557,""status"":true,""class:"":2}}"
2026-02-02T10:12:35.051,"{""sensor"":{""time"":503673,""status"":true,""class:"":2}}"
2026-02-02T10:12:35.141,"{""sensor"":{""time"":503788,""status"":true,""class:"":2}}"
2026-02-02T10:12:35.276,"{""sensor"":{""time"":503903,""status"":true,""class:"":2}}"
2026-02-02T10:12:35.365,"{""sensor"":{""time"":504018,""status"":true,""class:"":2}}"
2026-02-02T10:12:35.502,"{""sensor"":{""time"":504134,""status"":true,""class:"":2}}"
2026-02-02T10:12:35.590,"{""sensor"":{""time"":504249,""status"":true,""class:"":2}}"
2026-02-02T10:12:35.726,"{""sensor"":{""time"":504364,""status"":true,""class:"":2}}"
2026-02-02T10:12:35.907,"{""sensor"":{""time"":504479,""status"":true,""class:"":2}}"
2026-02-02T10:12:35.996,"{""sensor"":{""time"":504595,""status"":true,""class:"":2}}"
2026-02-02T10:12:36.085,"{""sensor"":{""time"":504710,""status"":true,""class:"":2}}"
2026-02-02T10:12:36.175,"{""sensor"":{""time"":504826,""status"":true,""class:"":2}}"
2026-02-02T10:12:36.312,"{""sensor"":{""time"":504941,""status"":true,""class:"":2}}"
2026-02-02T10:12:36.401,"{""sensor"":{""time"":505057,""status"":true,""class:"":2}}"
2026-02-02T10:12:36.536,"{""sensor"":{""time"":505172,""status"":true,""class:"":2}}"
2026-02-02T10:12:36.670,"{""sensor"":{""time"":505287,""status"":true,""class:"":2}}"
2026-02-02T10:12:36.760,"{""sensor"":{""time"":505403,""status"":true,""class:"":2}}"
2026-02-02T10:12:36.985,"{""sensor"":{""time"":505518,""status"":true,""class:"":2}}"
2026-02-02T10:12:37.120,"{""sensor"":{""time"":505633,""status"":true,""class:"":2}}"
2026-02-02T10:12:37.210,"{""sensor"":{""time"":505749,""status"":true,""class:"":2}}"
2026-02-02T10:12:37.255,"{""sensor"":{""time"":505864,""status"":true,""class:"":2}}"
2026-02-02T10:12:37.346,"{""sensor"":{""time"":505979,""status"":true,""class:"":2}}"
2026-02-02T10:12:37.437,"{""sensor"":{""time"":506095,""status"":true,""class:"":2}}"
2026-02-02T10:12:37.570,"{""sensor"":{""time"":506210,""status"":true,""class:"":2}}"
2026-02-02T10:12:37.706,"{""sensor"":{""time"":506325,""status"":true,""class:"":2}}"
2026-02-02T10:12:37.796,"{""sensor"":{""time"":506441,""status"":true,""class:"":2}}"
2026-02-02T10:12:37.930,"{""sensor"":{""time"":506556,""status"":true,""class:"":2}}"
2026-02-02T10:12:38.066,"{""sensor"":{""time"":506671,""status"":true,""class:"":2}}"
2026-02-02T10:12:38.155,"{""sensor"":{""time"":506787,""status"":true,""class:"":2}}"
2026-02-02T10:12:38.246,"{""sensor"":{""time"":506902,""status"":true,""class:"":2}}"
2026-02-02T10:12:38.380,"{""sensor"":{""time"":507017,""status"":true,""class:"":2}}"
2026-02-02T10:12:38.515,"{""sensor"":{""time"":507133,""status"":true,""class:"":2}}"
2026-02-02T10:12:38.607,"{""sensor"":{""time"":507248,""status"":true,""class:"":2}}"
2026-02-02T10:12:38.786,"{""sensor"":{""time"":507363,""status"":true,""class:"":2}}"
2026-02-02T10:12:38.876,"{""sensor"":{""time"":507479,""status"":true,""class:"":2}}"
2026-02-02T10:12:38.966,"{""sensor"":{""time"":507594,""status"":true,""class:"":2}}"
2026-02-02T10:12:39.055,"{""sensor"":{""time"":507710,""status"":true,""class:"":2}}"
2026-02-02T10:12:39.191,"{""sensor"":{""time"":507825,""status"":true,""class:"":2}}"
2026-02-02T10:12:39.325,"{""sensor"":{""time"":507941,""status"":true,""class:"":2}}"
2026-02-02T10:12:39.419,"{""sensor"":{""time"":508056,""status"":true,""class:"":2}}"
2026-02-02T10:12:39.550,"{""sensor"":{""time"":508171,""status"":true,""class:"":2}}"
2026-02-02T10:12:39.641,"{""sensor"":{""time"":508287,""status"":true,""class:"":2}}"
2026-02-02T10:12:39.776,"{""sensor"":{""time"":508402,""status"":true,""class:"":2}}"
2026-02-02T10:12:39.865,"{""sensor"":{""time"":508517,""status"":true,""class:"":2}}"
2026-02-02T10:12:40.000,"{""sensor"":{""time"":508633,""status"":true,""class:"":2}}"
2026-02-02T10:12:40.092,"{""sensor"":{""time"":508748,""status"":true,""class:"":2}}"
2026-02-02T10:12:40.226,"{""sensor"":{""time"":508864,""status"":true,""class:"":2}}"
2026-02-02T10:12:40.361,"{""sensor"":{""time"":508979,""status"":true,""class:"":2}}"
2026-02-02T10:12:40.450,"{""sensor"":{""time"":509094,""status"":true,""class:"":2}}"
2026-02-02T10:12:40.586,"{""sensor"":{""time"":509210,""status"":true,""class:"":2}}"
2026-02-02T10:12:40.721,"{""sensor"":{""time"":509325,""status"":true,""class:"":2}}"
2026-02-02T10:12:40.810,"{""sensor"":{""time"":509440,""status"":true,""class:"":2}}"
2026-02-02T10:12:40.900,"{""sensor"":{""time"":509556,""status"":true,""class:"":2}}"
2026-02-02T10:12:41.036,"{""sensor"":{""time"":509671,""status"":true,""class:"":2}}"
2026-02-02T10:12:41.171,"{""sensor"":{""time"":509787,""status"":true,""class:"":2}}"
2026-02-02T10:12:41.260,"{""sensor"":{""time"":509902,""status"":true,""class:"":2}}"
2026-02-02T10:12:41.395,"{""sensor"":{""time"":510017,""status"":true,""class:"":2}}"
2026-02-02T10:12:41.530,"{""sensor"":{""time"":510133,""status"":true,""class:"":2}}"
2026-02-02T10:12:41.667,"{""sensor"":{""time"":510248,""status"":true,""class:"":2}}"
2026-02-02T10:12:41.801,"{""sensor"":{""time"":510363,""status"":true,""class:"":2}}"
2026-02-02T10:12:41.981,"{""sensor"":{""time"":510479,""status"":true,""class:"":2}}"
2026-02-02T10:12:42.071,"{""sensor"":{""time"":510594,""status"":true,""class:"":2}}"
2026-02-02T10:12:42.117,"{""sensor"":{""time"":510710,""status"":true,""class:"":2}}"
2026-02-02T10:12:42.205,"{""sensor"":{""time"":510825,""status"":true,""class:"":2}}"
2026-02-02T10:12:42.295,"{""sensor"":{""time"":510940,""status"":true,""class:"":2}}"
2026-02-02T10:12:42.430,"{""sensor"":{""time"":511056,""status"":true,""class:"":2}}"
2026-02-02T10:12:42.521,"{""sensor"":{""time"":511171,""status"":true,""class:"":2}}"
2026-02-02T10:12:42.657,"{""sensor"":{""time"":511286,""status"":true,""class:"":2}}"
2026-02-02T10:12:42.790,"{""sensor"":{""time"":511402,""status"":true,""class:"":2}}"
2026-02-02T10:12:42.880,"{""sensor"":{""time"":511517,""status"":true,""class:"":2}}"
2026-02-02T10:12:43.016,"{""sensor"":{""time"":511633,""status"":true,""class:"":2}}"
2026-02-02T10:12:43.105,"{""sensor"":{""time"":511748,""status"":true,""class:"":2}}"
2026-02-02T10:12:43.286,"{""sensor"":{""time"":511863,""status"":true,""class:"":2}}"
2026-02-02T10:12:43.376,"{""sensor"":{""time"":511979,""status"":true,""class:"":2}}"
2026-02-02T10:12:43.467,"{""sensor"":{""time"":512094,""status"":true,""class:"":2}}"
2026-02-02T10:12:43.555,"{""sensor"":{""time"":512210,""status"":true,""class:"":2}}"
2026-02-02T10:12:43.692,"{""sensor"":{""time"":512326,""status"":true,""class:"":2}}"
2026-02-02T10:12:43.827,"{""sensor"":{""time"":512441,""status"":true,""class:"":2}}"
2026-02-02T10:12:43.915,"{""sensor"":{""time"":512557,""status"":true,""class:"":2}}"
2026-02-02T10:12:44.052,"{""sensor"":{""time"":512673,""status"":true,""class:"":2}}"
2026-02-02T10:12:44.142,"{""sensor"":{""time"":512789,""status"":true,""class:"":2}}"
2026-02-02T10:12:44.276,"{""sensor"":{""time"":512904,""status"":true,""class:"":2}}"
2026-02-02T10:12:44.366,"{""sensor"":{""time"":513019,""status"":true,""class:"":2}}"
2026-02-02T10:12:44.545,"{""sensor"":{""time"":513135,""status"":true,""class:"":2}}"
2026-02-02T10:12:44.636,"{""sensor"":{""time"":513251,""status"":true,""class:"":2}}"
2026-02-02T10:12:44.726,"{""sensor"":{""time"":513367,""status"":true,""class:"":2}}"
2026-02-02T10:12:44.860,"{""sensor"":{""time"":513483,""status"":true,""class:"":2}}"
2026-02-02T10:12:44.952,"{""sensor"":{""time"":513599,""status"":true,""class:"":2}}"
2026-02-02T10:12:45.085,"{""sensor"":{""time"":513714,""status"":true,""class:"":2}}"
2026-02-02T10:12:45.221,"{""sensor"":{""time"":513830,""status"":true,""class:"":2}}"
2026-02-02T10:12:45.310,"{""sensor"":{""time"":513945,""status"":true,""class:"":2}}"
2026-02-02T10:12:45.492,"{""sensor"":{""time"":514061,""status"":true,""class:"":2}}"
2026-02-02T10:12:45.580,"{""sensor"":{""time"":514177,""status"":true,""class:"":2}}"
2026-02-02T10:12:45.671,"{""sensor"":{""time"":514293,""status"":true,""class:"":2}}"
2026-02-02T10:12:45.761,"{""sensor"":{""time"":514409,""status"":true,""class:"":2}}"
2026-02-02T10:12:45.896,"{""sensor"":{""time"":514525,""status"":true,""class:"":2}}"
2026-02-02T10:12:45.985,"{""sensor"":{""time"":514640,""status"":true,""class:"":2}}"
2026-02-02T10:12:46.166,"{""sensor"":{""time"":514756,""status"":true,""class:"":2}}"
2026-02-02T10:12:46.255,"{""sensor"":{""time"":514872,""status"":true,""class:"":2}}"
2026-02-02T10:12:46.480,"{""sensor"":{""time"":514987,""status"":true,""class:"":2}}"
2026-02-02T10:12:46.571,"{""sensor"":{""time"":515103,""status"":true,""class:"":2}}"
2026-02-02T10:12:46.616,"{""sensor"":{""time"":515219,""status"":true,""class:"":2}}"
2026-02-02T10:12:46.706,"{""sensor"":{""time"":515334,""status"":true,""class:"":2}}"
2026-02-02T10:12:46.796,"{""sensor"":{""time"":515450,""status"":true,""class:"":2}}"
2026-02-02T10:12:46.935,"{""sensor"":{""time"":515566,""status"":true,""class:"":2}}"
2026-02-02T10:12:47.066,"{""sensor"":{""time"":515682,""status"":true,""class:"":2}}"
2026-02-02T10:12:47.155,"{""sensor"":{""time"":515798,""status"":true,""class:"":2}}"
2026-02-02T10:12:47.290,"{""sensor"":{""time"":515913,""status"":true,""class:"":2}}"
2026-02-02T10:12:47.379,"{""sensor"":{""time"":516029,""status"":true,""class:"":2}}"
2026-02-02T10:12:47.515,"{""sensor"":{""time"":516145,""status"":true,""class:"":2}}"
2026-02-02T10:12:47.604,"{""sensor"":{""time"":516260,""status"":true,""class:"":2}}"
2026-02-02T10:12:47.787,"{""sensor"":{""time"":516376,""status"":true,""class:"":2}}"
2026-02-02T10:12:47.875,"{""sensor"":{""time"":516492,""status"":true,""class:"":2}}"
2026-02-02T10:12:47.965,"{""sensor"":{""time"":516608,""status"":true,""class:"":2}}"
2026-02-02T10:12:48.101,"{""sensor"":{""time"":516723,""status"":true,""class:"":2}}"
2026-02-02T10:12:48.191,"{""sensor"":{""time"":516839,""status"":true,""class:"":2}}"
2026-02-02T10:12:48.326,"{""sensor"":{""time"":516954,""status"":true,""class:"":2}}"
2026-02-02T10:12:48.414,"{""sensor"":{""time"":517070,""status"":true,""class:"":2}}"
2026-02-02T10:12:48.549,"{""sensor"":{""time"":517186,""status"":true,""class:"":2}}"
2026-02-02T10:12:48.684,"{""sensor"":{""time"":517302,""status"":true,""class:"":2}}"
2026-02-02T10:12:48.775,"{""sensor"":{""time"":517417,""status"":true,""class:"":2}}"
2026-02-02T10:12:48.911,"{""sensor"":{""time"":517533,""status"":true,""class:"":2}}"
2026-02-02T10:12:48.999,"{""sensor"":{""time"":517649,""status"":true,""class:"":2}}"
2026-02-02T10:12:49.134,"{""sensor"":{""time"":517765,""status"":true,""class:"":2}}"
2026-02-02T10:12:49.225,"{""sensor"":{""time"":517880,""status"":true,""class:"":2}}"
2026-02-02T10:12:49.359,"{""sensor"":{""time"":517996,""status"":true,""class:"":2}}"
2026-02-02T10:12:49.540,"{""sensor"":{""time"":518111,""status"":true,""class:"":2}}"
2026-02-02T10:12:49.630,"{""sensor"":{""time"":518227,""status"":true,""class:"":2}}"
2026-02-02T10:12:49.720,"{""sensor"":{""time"":518343,""status"":true,""class:"":2}}"
2026-02-02T10:12:49.810,"{""sensor"":{""time"":518459,""status"":true,""class:"":2}}"
2026-02-02T10:12:49.945,"{""sensor"":{""time"":518575,""status"":true,""class:"":2}}"
2026-02-02T10:12:50.037,"{""sensor"":{""time"":518691,""status"":true,""class:"":2}}"
2026-02-02T10:12:50.169,"{""sensor"":{""time"":518807,""status"":true,""class:"":2}}"
2026-02-02T10:12:50.350,"{""sensor"":{""time"":518922,""status"":true,""class:"":2}}"
2026-02-02T10:12:50.440,"{""sensor"":{""time"":519037,""status"":true,""class:"":2}}"
2026-02-02T10:12:50.574,"{""sensor"":{""time"":519153,""status"":true,""class:"":2}}"
2026-02-02T10:12:50.664,"{""sensor"":{""time"":519269,""status"":true,""class:"":2}}"
2026-02-02T10:12:50.755,"{""sensor"":{""time"":519385,""status"":true,""class:"":2}}"
2026-02-02T10:12:50.891,"{""sensor"":{""time"":519501,""status"":true,""class:"":2}}"
2026-02-02T10:12:50.980,"{""sensor"":{""time"":519617,""status"":true,""class:"":2}}"
2026-02-02T10:12:51.115,"{""sensor"":{""time"":519732,""status"":true,""class:"":2}}"
2026-02-02T10:12:51.204,"{""sensor"":{""time"":519848,""status"":true,""class:"":2}}"
2026-02-02T10:12:51.386,"{""sensor"":{""time"":519963,""status"":true,""class:"":2}}"
2026-02-02T10:12:51.475,"{""sensor"":{""time"":520079,""status"":true,""class:"":2}}"
2026-02-02T10:12:51.565,"{""sensor"":{""time"":520195,""status"":true,""class:"":2}}"
2026-02-02T10:12:51.654,"{""sensor"":{""time"":520311,""status"":true,""class:"":2}}"
2026-02-02T10:12:51.834,"{""sensor"":{""time"":520427,""status"":true,""class:"":2}}"
2026-02-02T10:12:51.924,"{""sensor"":{""time"":520543,""status"":true,""class:"":2}}"
2026-02-02T10:12:52.059,"{""sensor"":{""time"":520658,""status"":true,""class:"":2}}"
2026-02-02T10:12:52.151,"{""sensor"":{""time"":520774,""status"":true,""class:"":2}}"
2026-02-02T10:12:52.240,"{""sensor"":{""time"":520889,""status"":true,""class:"":2}}"
2026-02-02T10:12:52.375,"{""sensor"":{""time"":521005,""status"":true,""class:"":2}}"
2026-02-02T10:12:52.464,"{""sensor"":{""time"":521120,""status"":true,""class:"":2}}"
2026-02-02T10:12:52.600,"{""sensor"":{""time"":521236,""status"":true,""class:"":2}}"
2026-02-02T10:12:52.734,"{""sensor"":{""time"":521352,""status"":true,""class:"":2}}"
2026-02-02T10:12:52.824,"{""sensor"":{""time"":521468,""status"":true,""class:"":2}}"
2026-02-02T10:12:53.005,"{""sensor"":{""time"":521584,""status"":true,""class:"":2}}"
2026-02-02T10:12:53.095,"{""sensor"":{""time"":521700,""status"":true,""class:"":2}}"
2026-02-02T10:12:53.184,"{""sensor"":{""time"":521815,""status"":true,""class:"":2}}"
2026-02-02T10:12:53.276,"{""sensor"":{""time"":521931,""status"":true,""class:"":2}}"
2026-02-02T10:12:53.409,"{""sensor"":{""time"":522046,""status"":true,""class:"":2}}"
2026-02-02T10:12:53.545,"{""sensor"":{""time"":522162,""status"":true,""class:"":2}}"
2026-02-02T10:12:53.634,"{""sensor"":{""time"":522278,""status"":true,""class:"":2}}"
2026-02-02T10:12:53.771,"{""sensor"":{""time"":522394,""status"":true,""class:"":2}}"
2026-02-02T10:12:53.859,"{""sensor"":{""time"":522509,""status"":true,""class:"":2}}"
2026-02-02T10:12:53.995,"{""sensor"":{""time"":522625,""status"":true,""class:"":2}}"
2026-02-02T10:12:54.084,"{""sensor"":{""time"":522741,""status"":true,""class:"":2}}"
2026-02-02T10:12:54.219,"{""sensor"":{""time"":522857,""status"":true,""class:"":2}}"
2026-02-02T10:12:54.354,"{""sensor"":{""time"":522972,""status"":true,""class:"":2}}"
2026-02-02T10:12:54.535,"{""sensor"":{""time"":523087,""status"":true,""class:"":2}}"
2026-02-02T10:12:54.669,"{""sensor"":{""time"":523203,""status"":true,""class:"":2}}"
2026-02-02T10:12:54.715,"{""sensor"":{""time"":523319,""status"":true,""class:"":2}}"
2026-02-02T10:12:54.805,"{""sensor"":{""time"":523435,""status"":true,""class:"":2}}"
2026-02-02T10:12:54.895,"{""sensor"":{""time"":523551,""status"":true,""class:"":2}}"
2026-02-02T10:12:55.029,"{""sensor"":{""time"":523667,""status"":true,""class:"":2}}"
2026-02-02T10:12:55.210,"{""sensor"":{""time"":523783,""status"":true,""class:"":2}}"
2026-02-02T10:12:55.299,"{""sensor"":{""time"":523898,""status"":true,""class:"":2}}"
2026-02-02T10:12:55.390,"{""sensor"":{""time"":524014,""status"":true,""class:"":2}}"
2026-02-02T10:12:55.480,"{""sensor"":{""time"":524129,""status"":true,""class:"":2}}"
2026-02-02T10:12:55.615,"{""sensor"":{""time"":524245,""status"":true,""class:"":2}}"
2026-02-02T10:12:55.705,"{""sensor"":{""time"":524361,""status"":true,""class:"":2}}"
2026-02-02T10:12:55.839,"{""sensor"":{""time"":524476,""status"":true,""class:"":2}}"
2026-02-02T10:12:55.975,"{""sensor"":{""time"":524592,""status"":true,""class:"":2}}"
2026-02-02T10:12:56.065,"{""sensor"":{""time"":524708,""status"":true,""class:"":2}}"
2026-02-02T10:12:56.199,"{""sensor"":{""time"":524824,""status"":true,""class:"":2}}"
2026-02-02T10:12:56.289,"{""sensor"":{""time"":524939,""status"":true,""class:"":2}}"
2026-02-02T10:12:56.470,"{""sensor"":{""time"":525054,""status"":true,""class:"":2}}"
2026-02-02T10:12:56.561,"{""sensor"":{""time"":525170,""status"":true,""class:"":2}}"
2026-02-02T10:12:56.650,"{""sensor"":{""time"":525286,""status"":true,""class:"":2}}"
2026-02-02T10:12:56.740,"{""sensor"":{""time"":525401,""status"":true,""class:"":2}}"
2026-02-02T10:12:56.875,"{""sensor"":{""time"":525517,""status"":true,""class:"":2}}"
2026-02-02T10:12:57.101,"{""sensor"":{""time"":525633,""status"":true,""class:"":2}}"
2026-02-02T10:12:57.145,"{""sensor"":{""time"":525749,""status"":true,""class:"":2}}"
2026-02-02T10:12:57.234,"{""sensor"":{""time"":525864,""status"":true,""class:"":2}}"
2026-02-02T10:12:57.326,"{""sensor"":{""time"":525980,""status"":true,""class:"":2}}"
2026-02-02T10:12:57.459,"{""sensor"":{""time"":526095,""status"":true,""class:"":2}}"
2026-02-02T10:12:57.549,"{""sensor"":{""time"":526211,""status"":true,""class:"":2}}"
2026-02-02T10:12:57.684,"{""sensor"":{""time"":526327,""status"":true,""class:"":2}}"
2026-02-02T10:12:57.820,"{""sensor"":{""time"":526443,""status"":true,""class:"":2}}"
2026-02-02T10:12:57.910,"{""sensor"":{""time"":526559,""status"":true,""class:"":2}}"
2026-02-02T10:12:58.046,"{""sensor"":{""time"":526675,""status"":true,""class:"":2}}"
2026-02-02T10:12:58.135,"{""sensor"":{""time"":526790,""status"":true,""class:"":2}}"
2026-02-02T10:12:58.270,"{""sensor"":{""time"":526905,""status"":true,""class:"":2}}"
2026-02-02T10:12:58.359,"{""sensor"":{""time"":527021,""status"":true,""class:"":2}}"
2026-02-02T10:12:58.495,"{""sensor"":{""time"":527136,""status"":true,""class:"":2}}"
2026-02-02T10:12:58.630,"{""sensor"":{""time"":527252,""status"":true,""class:"":2}}"
2026-02-02T10:12:58.809,"{""sensor"":{""time"":527368,""status"":true,""class:"":2}}"
2026-02-02T10:12:58.900,"{""sensor"":{""time"":527484,""status"":true,""class:"":2}}"
2026-02-02T10:12:58.990,"{""sensor"":{""time"":527600,""status"":true,""class:"":2}}"
2026-02-02T10:12:59.080,"{""sensor"":{""time"":527715,""status"":true,""class:"":2}}"
2026-02-02T10:12:59.170,"{""sensor"":{""time"":527831,""status"":true,""class:"":2}}"
2026-02-02T10:12:59.305,"{""sensor"":{""time"":527947,""status"":true,""class:"":2}}"
2026-02-02T10:12:59.440,"{""sensor"":{""time"":528062,""status"":true,""class:"":2}}"
2026-02-02T10:12:59.620,"{""sensor"":{""time"":528178,""status"":true,""class:"":2}}"
2026-02-02T10:12:59.754,"{""sensor"":{""time"":528294,""status"":true,""class:"":2}}"
2026-02-02T10:12:59.890,"{""sensor"":{""time"":528410,""status"":true,""class:"":2}}"
2026-02-02T10:12:59.935,"{""sensor"":{""time"":528526,""status"":true,""class:"":2}}"
2026-02-02T10:13:00.025,"{""sensor"":{""time"":528642,""status"":true,""class:"":2}}"
2026-02-02T10:13:00.114,"{""sensor"":{""time"":528757,""status"":true,""class:"":2}}"
2026-02-02T10:13:00.251,"{""sensor"":{""time"":528873,""status"":true,""class:"":2}}"
2026-02-02T10:13:00.341,"{""sensor"":{""time"":528988,""status"":true,""class:"":2}}"
2026-02-02T10:13:00.519,"{""sensor"":{""time"":529104,""status"":true,""class:"":2}}"
2026-02-02T10:13:00.615,"{""sensor"":{""time"":529220,""status"":true,""class:"":2}}"
2026-02-02T10:13:00.699,"{""sensor"":{""time"":529336,""status"":true,""class:"":2}}"
2026-02-02T10:13:00.791,"{""sensor"":{""time"":529452,""status"":true,""class:"":2}}"
2026-02-02T10:13:00.925,"{""sensor"":{""time"":529567,""status"":true,""class:"":2}}"
2026-02-02T10:13:01.059,"{""sensor"":{""time"":529683,""status"":true,""class:"":2}}"
2026-02-02T10:13:01.149,"{""sensor"":{""time"":529799,""status"":true,""class:"":2}}"
2026-02-02T10:13:01.285,"{""sensor"":{""time"":529914,""status"":true,""class:"":2}}"
2026-02-02T10:13:01.420,"{""sensor"":{""time"":530030,""status"":true,""class:"":2}}"
2026-02-02T10:13:01.510,"{""sensor"":{""time"":530145,""status"":true,""class:"":2}}"
2026-02-02T10:13:01.645,"{""sensor"":{""time"":530261,""status"":true,""class:"":2}}"
2026-02-02T10:13:01.735,"{""sensor"":{""time"":530377,""status"":true,""class:"":2}}"
2026-02-02T10:13:01.870,"{""sensor"":{""time"":530493,""status"":true,""class:"":2}}"
2026-02-02T10:13:02.050,"{""sensor"":{""time"":530609,""status"":true,""class:"":2}}"
2026-02-02T10:13:02.140,"{""sensor"":{""time"":530724,""status"":true,""class:"":2}}"
2026-02-02T10:13:02.229,"{""sensor"":{""time"":530840,""status"":true,""class:"":2}}"
2026-02-02T10:13:02.320,"{""sensor"":{""time"":530955,""status"":true,""class:"":2}}"
2026-02-02T10:13:02.409,"{""sensor"":{""time"":531071,""status"":true,""class:"":2}}"
2026-02-02T10:13:02.544,"{""sensor"":{""time"":531187,""status"":true,""class:"":2}}"
2026-02-02T10:13:02.679,"{""sensor"":{""time"":531303,""status"":true,""class:"":2}}"
2026-02-02T10:13:02.770,"{""sensor"":{""time"":531419,""status"":true,""class:"":2}}"
2026-02-02T10:13:02.906,"{""sensor"":{""time"":531534,""status"":true,""class:"":2}}"
2026-02-02T10:13:02.995,"{""sensor"":{""time"":531650,""status"":true,""class:"":2}}"
2026-02-02T10:13:03.129,"{""sensor"":{""time"":531766,""status"":true,""class:"":2}}"
2026-02-02T10:13:03.220,"{""sensor"":{""time"":531882,""status"":true,""class:"":2}}"
2026-02-02T10:13:03.354,"{""sensor"":{""time"":531997,""status"":true,""class:"":2}}"
2026-02-02T10:13:03.534,"{""sensor"":{""time"":532113,""status"":true,""class:"":2}}"
2026-02-02T10:13:03.625,"{""sensor"":{""time"":532228,""status"":true,""class:"":2}}"
2026-02-02T10:13:03.716,"{""sensor"":{""time"":532344,""status"":true,""class:"":2}}"
2026-02-02T10:13:03.805,"{""sensor"":{""time"":532460,""status"":true,""class:"":2}}"
2026-02-02T10:13:03.940,"{""sensor"":{""time"":532576,""status"":true,""class:"":2}}"
2026-02-02T10:13:04.075,"{""sensor"":{""time"":532692,""status"":true,""class:"":2}}"
2026-02-02T10:13:04.166,"{""sensor"":{""time"":532808,""status"":true,""class:"":2}}"
2026-02-02T10:13:04.300,"{""sensor"":{""time"":532923,""status"":true,""class:"":2}}"
2026-02-02T10:13:04.390,"{""sensor"":{""time"":533039,""status"":true,""class:"":2}}"
2026-02-02T10:13:04.570,"{""sensor"":{""time"":533154,""status"":true,""class:"":2}}"
2026-02-02T10:13:04.659,"{""sensor"":{""time"":533270,""status"":true,""class:"":2}}"
2026-02-02T10:13:04.750,"{""sensor"":{""time"":533386,""status"":true,""class:"":2}}"
2026-02-02T10:13:04.884,"{""sensor"":{""time"":533502,""status"":true,""class:"":2}}"
2026-02-02T10:13:05.019,"{""sensor"":{""time"":533618,""status"":true,""class:"":2}}"
2026-02-02T10:13:05.110,"{""sensor"":{""time"":533734,""status"":true,""class:"":2}}"
2026-02-02T10:13:05.200,"{""sensor"":{""time"":533849,""status"":true,""class:"":2}}"
2026-02-02T10:13:05.381,"{""sensor"":{""time"":533964,""status"":true,""class:"":2}}"
2026-02-02T10:13:05.469,"{""sensor"":{""time"":534080,""status"":true,""class:"":2}}"
2026-02-02T10:13:05.560,"{""sensor"":{""time"":534196,""status"":true,""class:"":2}}"
2026-02-02T10:13:05.695,"{""sensor"":{""time"":534312,""status"":true,""class:"":2}}"
2026-02-02T10:13:05.785,"{""sensor"":{""time"":534428,""status"":true,""class:"":2}}"
2026-02-02T10:13:05.964,"{""sensor"":{""time"":534543,""status"":true,""class:"":2}}"
2026-02-02T10:13:06.054,"{""sensor"":{""time"":534659,""status"":true,""class:"":2}}"
2026-02-02T10:13:06.145,"{""sensor"":{""time"":534775,""status"":true,""class:"":2}}"
2026-02-02T10:13:06.236,"{""sensor"":{""time"":534891,""status"":true,""class:"":2}}"
2026-02-02T10:13:06.370,"{""sensor"":{""time"":535006,""status"":true,""class:"":2}}"
2026-02-02T10:13:06.460,"{""sensor"":{""time"":535122,""status"":true,""class:"":2}}"
2026-02-02T10:13:06.594,"{""sensor"":{""time"":535238,""status"":true,""class:"":2}}"
2026-02-02T10:13:06.730,"{""sensor"":{""time"":535353,""status"":true,""class:"":2}}"
2026-02-02T10:13:06.819,"{""sensor"":{""time"":535469,""status"":true,""class:"":2}}"
2026-02-02T10:13:07.044,"{""sensor"":{""time"":535585,""status"":true,""class:"":2}}"
2026-02-02T10:13:07.089,"{""sensor"":{""time"":535701,""status"":true,""class:"":2}}"
2026-02-02T10:13:07.180,"{""sensor"":{""time"":535817,""status"":true,""class:"":2}}"
2026-02-02T10:13:07.315,"{""sensor"":{""time"":535932,""status"":true,""class:"":2}}"
2026-02-02T10:13:07.449,"{""sensor"":{""time"":536047,""status"":true,""class:"":2}}"
2026-02-02T10:13:07.539,"{""sensor"":{""time"":536163,""status"":true,""class:"":2}}"
2026-02-02T10:13:07.628,"{""sensor"":{""time"":536279,""status"":true,""class:"":2}}"
2026-02-02T10:13:07.765,"{""sensor"":{""time"":536395,""status"":true,""class:"":2}}"
2026-02-02T10:13:07.943,"{""sensor"":{""time"":536511,""status"":true,""class:"":2}}"
2026-02-02T10:13:08.033,"{""sensor"":{""time"":536626,""status"":true,""class:"":2}}"
2026-02-02T10:13:08.125,"{""sensor"":{""time"":536742,""status"":true,""class:"":2}}"
2026-02-02T10:13:08.214,"{""sensor"":{""time"":536858,""status"":true,""class:"":2}}"
2026-02-02T10:13:08.349,"{""sensor"":{""time"":536973,""status"":true,""class:"":2}}"
2026-02-02T10:13:08.485,"{""sensor"":{""time"":537089,""status"":true,""class:"":2}}"
2026-02-02T10:13:08.575,"{""sensor"":{""time"":537205,""status"":true,""class:"":2}}"
2026-02-02T10:13:08.709,"{""sensor"":{""time"":537320,""status"":true,""class:"":2}}"
2026-02-02T10:13:08.800,"{""sensor"":{""time"":537436,""status"":true,""class:"":2}}"
2026-02-02T10:13:08.890,"{""sensor"":{""time"":537552,""status"":true,""class:"":2}}"
2026-02-02T10:13:09.025,"{""sensor"":{""time"":537668,""status"":true,""class:"":2}}"
2026-02-02T10:13:09.160,"{""sensor"":{""time"":537784,""status"":true,""class:"":2}}"
2026-02-02T10:13:09.249,"{""sensor"":{""time"":537899,""status"":true,""class:"":2}}"
2026-02-02T10:13:09.384,"{""sensor"":{""time"":538014,""status"":true,""class:"":2}}"
2026-02-02T10:13:09.564,"{""sensor"":{""time"":538130,""status"":true,""class:"":2}}"
2026-02-02T10:13:09.654,"{""sensor"":{""time"":538246,""status"":true,""class:"":2}}"
2026-02-02T10:13:09.744,"{""sensor"":{""time"":538362,""status"":true,""class:"":2}}"
2026-02-02T10:13:09.835,"{""sensor"":{""time"":538478,""status"":true,""class:"":2}}"
2026-02-02T10:13:09.969,"{""sensor"":{""time"":538593,""status"":true,""class:"":2}}"
2026-02-02T10:13:10.058,"{""sensor"":{""time"":538709,""status"":true,""class:"":2}}"
2026-02-02T10:13:10.195,"{""sensor"":{""time"":538825,""status"":true,""class:"":2}}"
2026-02-02T10:13:10.284,"{""sensor"":{""time"":538940,""status"":true,""class:"":2}}"
2026-02-02T10:13:10.419,"{""sensor"":{""time"":539056,""status"":true,""class:"":2}}"
2026-02-02T10:13:10.509,"{""sensor"":{""time"":539172,""status"":true,""class:"":2}}"
2026-02-02T10:13:10.689,"{""sensor"":{""time"":539288,""status"":true,""class:"":2}}"
2026-02-02T10:13:10.779,"{""sensor"":{""time"":539403,""status"":true,""class:"":2}}"
2026-02-02T10:13:10.869,"{""sensor"":{""time"":539519,""status"":true,""class:"":2}}"
2026-02-02T10:13:11.003,"{""sensor"":{""time"":539635,""status"":true,""class:"":2}}"
2026-02-02T10:13:11.140,"{""sensor"":{""time"":539751,""status"":true,""class:"":2}}"
2026-02-02T10:13:11.229,"{""sensor"":{""time"":539866,""status"":true,""class:"":2}}"
2026-02-02T10:13:11.365,"{""sensor"":{""time"":539982,""status"":true,""class:"":2}}"
2026-02-02T10:13:11.457,"{""sensor"":{""time"":540097,""status"":true,""class:"":2}}"
2026-02-02T10:13:11.590,"{""sensor"":{""time"":540213,""status"":true,""class:"":2}}"
2026-02-02T10:13:11.679,"{""sensor"":{""time"":540329,""status"":true,""class:"":2}}"
2026-02-02T10:13:11.814,"{""sensor"":{""time"":540445,""status"":true,""class:"":2}}"
2026-02-02T10:13:11.905,"{""sensor"":{""time"":540561,""status"":true,""class:"":2}}"
2026-02-02T10:13:12.084,"{""sensor"":{""time"":540677,""status"":true,""class:"":2}}"
2026-02-02T10:13:12.173,"{""sensor"":{""time"":540793,""status"":true,""class:"":2}}"
2026-02-02T10:13:12.263,"{""sensor"":{""time"":540908,""status"":true,""class:"":2}}"
2026-02-02T10:13:12.399,"{""sensor"":{""time"":541023,""status"":true,""class:"":2}}"
2026-02-02T10:13:12.488,"{""sensor"":{""time"":541139,""status"":true,""class:"":2}}"
2026-02-02T10:13:12.624,"{""sensor"":{""time"":541255,""status"":true,""class:"":2}}"
2026-02-02T10:13:12.713,"{""sensor"":{""time"":541371,""status"":true,""class:"":2}}"
2026-02-02T10:13:12.849,"{""sensor"":{""time"":541487,""status"":true,""class:"":2}}"
2026-02-02T10:13:12.940,"{""sensor"":{""time"":541602,""status"":true,""class:"":2}}"
2026-02-02T10:13:13.075,"{""sensor"":{""time"":541718,""status"":true,""class:"":2}}"
2026-02-02T10:13:13.209,"{""sensor"":{""time"":541834,""status"":true,""class:"":2}}"
2026-02-02T10:13:13.299,"{""sensor"":{""time"":541949,""status"":true,""class:"":2}}"
2026-02-02T10:13:13.437,"{""sensor"":{""time"":542065,""status"":true,""class:"":2}}"
2026-02-02T10:13:13.524,"{""sensor"":{""time"":542180,""status"":true,""class:"":2}}"
2026-02-02T10:13:13.659,"{""sensor"":{""time"":542296,""status"":true,""class:"":2}}"
2026-02-02T10:13:13.748,"{""sensor"":{""time"":542412,""status"":true,""class:"":2}}"
2026-02-02T10:13:13.883,"{""sensor"":{""time"":542528,""status"":true,""class:"":2}}"
2026-02-02T10:13:14.018,"{""sensor"":{""time"":542644,""status"":true,""class:"":2}}"
2026-02-02T10:13:14.108,"{""sensor"":{""time"":542760,""status"":true,""class:"":2}}"
2026-02-02T10:13:14.290,"{""sensor"":{""time"":542875,""status"":true,""class:"":2}}"
2026-02-02T10:13:14.379,"{""sensor"":{""time"":542990,""status"":true,""class:"":2}}"
2026-02-02T10:13:14.559,"{""sensor"":{""time"":543106,""status"":true,""class:"":2}}"
2026-02-02T10:13:14.604,"{""sensor"":{""time"":543222,""status"":true,""class:"":2}}"
2026-02-02T10:13:14.694,"{""sensor"":{""time"":543338,""status"":true,""class:"":2}}"
2026-02-02T10:13:14.874,"{""sensor"":{""time"":543454,""status"":true,""class:"":2}}"
2026-02-02T10:13:14.964,"{""sensor"":{""time"":543569,""status"":true,""class:"":2}}"
2026-02-02T10:13:15.056,"{""sensor"":{""time"":543685,""status"":true,""class:"":2}}"
2026-02-02T10:13:15.143,"{""sensor"":{""time"":543801,""status"":true,""class:"":2}}"
2026-02-02T10:13:15.279,"{""sensor"":{""time"":543916,""status"":true,""class:"":2}}"
2026-02-02T10:13:15.414,"{""sensor"":{""time"":544031,""status"":true,""class:"":2}}"
2026-02-02T10:13:15.549,"{""sensor"":{""time"":544147,""status"":true,""class:"":2}}"
2026-02-02T10:13:15.638,"{""sensor"":{""time"":544262,""status"":true,""class:"":2}}"
2026-02-02T10:13:15.729,"{""sensor"":{""time"":544377,""status"":true,""class:"":2}}"
2026-02-02T10:13:15.863,"{""sensor"":{""time"":544493,""status"":true,""class:"":2}}"
2026-02-02T10:13:15.954,"{""sensor"":{""time"":544608,""status"":true,""class:"":2}}"
2026-02-02T10:13:16.089,"{""sensor"":{""time"":544723,""status"":true,""class:"":2}}"
2026-02-02T10:13:16.179,"{""sensor"":{""time"":544839,""status"":true,""class:"":2}}"
2026-02-02T10:13:16.360,"{""sensor"":{""time"":544954,""status"":true,""class:"":2}}"
2026-02-02T10:13:16.448,"{""sensor"":{""time"":545070,""status"":true,""class:"":2}}"
2026-02-02T10:13:16.538,"{""sensor"":{""time"":545185,""status"":true,""class:"":2}}"
2026-02-02T10:13:16.763,"{""sensor"":{""time"":545301,""status"":true,""class:"":2}}"
2026-02-02T10:13:16.899,"{""sensor"":{""time"":545416,""status"":true,""class:"":2}}"
2026-02-02T10:13:16.943,"{""sensor"":{""time"":545531,""status"":true,""class:"":2}}"
2026-02-02T10:13:17.034,"{""sensor"":{""time"":545647,""status"":true,""class:"":2}}"
2026-02-02T10:13:17.215,"{""sensor"":{""time"":545762,""status"":true,""class:"":2}}"
2026-02-02T10:13:17.259,"{""sensor"":{""time"":545877,""status"":true,""class:"":2}}"
2026-02-02T10:13:17.349,"{""sensor"":{""time"":545993,""status"":true,""class:"":2}}"
2026-02-02T10:13:17.483,"{""sensor"":{""time"":546108,""status"":true,""class:"":2}}"
2026-02-02T10:13:17.575,"{""sensor"":{""time"":546223,""status"":true,""class:"":2}}"
2026-02-02T10:13:17.708,"{""sensor"":{""time"":546339,""status"":true,""class:"":2}}"
2026-02-02T10:13:17.799,"{""sensor"":{""time"":546454,""status"":true,""class:"":2}}"
2026-02-02T10:13:17.933,"{""sensor"":{""time"":546570,""status"":true,""class:"":2}}"
2026-02-02T10:13:18.024,"{""sensor"":{""time"":546685,""status"":true,""class:"":2}}"
2026-02-02T10:13:18.159,"{""sensor"":{""time"":546800,""status"":true,""class:"":2}}"
2026-02-02T10:13:18.295,"{""sensor"":{""time"":546916,""status"":true,""class:"":2}}"
2026-02-02T10:13:18.383,"{""sensor"":{""time"":547031,""status"":true,""class:"":2}}"
2026-02-02T10:13:18.519,"{""sensor"":{""time"":547146,""status"":true,""class:"":2}}"
2026-02-02T10:13:18.654,"{""sensor"":{""time"":547262,""status"":true,""class:"":2}}"
2026-02-02T10:13:18.744,"{""sensor"":{""time"":547377,""status"":true,""class:"":2}}"
2026-02-02T10:13:18.878,"{""sensor"":{""time"":547493,""status"":true,""class:"":2}}"
2026-02-02T10:13:18.969,"{""sensor"":{""time"":547608,""status"":true,""class:"":2}}"
2026-02-02T10:13:19.149,"{""sensor"":{""time"":547723,""status"":true,""class:"":2}}"
2026-02-02T10:13:19.238,"{""sensor"":{""time"":547839,""status"":true,""class:"":2}}"
2026-02-02T10:13:19.329,"{""sensor"":{""time"":547955,""status"":true,""class:"":2}}"
2026-02-02T10:13:19.418,"{""sensor"":{""time"":548070,""status"":true,""class:"":2}}"
2026-02-02T10:13:19.599,"{""sensor"":{""time"":548185,""status"":true,""class:"":2}}"
2026-02-02T10:13:19.690,"{""sensor"":{""time"":548301,""status"":true,""class:"":2}}"
2026-02-02T10:13:19.778,"{""sensor"":{""time"":548416,""status"":true,""class:"":2}}"
2026-02-02T10:13:19.869,"{""sensor"":{""time"":548531,""status"":true,""class:"":2}}"
2026-02-02T10:13:20.003,"{""sensor"":{""time"":548647,""status"":true,""class:"":2}}"
2026-02-02T10:13:20.140,"{""sensor"":{""time"":548762,""status"":true,""class:"":2}}"
2026-02-02T10:13:20.229,"{""sensor"":{""time"":548877,""status"":true,""class:"":2}}"
2026-02-02T10:13:20.363,"{""sensor"":{""time"":548993,""status"":true,""class:"":2}}"
2026-02-02T10:13:20.454,"{""sensor"":{""time"":549108,""status"":true,""class:"":2}}"
2026-02-02T10:13:20.634,"{""sensor"":{""time"":549224,""status"":true,""class:"":2}}"
2026-02-02T10:13:20.725,"{""sensor"":{""time"":549339,""status"":true,""class:"":2}}"
2026-02-02T10:13:20.813,"{""sensor"":{""time"":549454,""status"":true,""class:"":2}}"
2026-02-02T10:13:20.949,"{""sensor"":{""time"":549570,""status"":true,""class:"":2}}"
2026-02-02T10:13:21.039,"{""sensor"":{""time"":549685,""status"":true,""class:"":2}}"
2026-02-02T10:13:21.173,"{""sensor"":{""time"":549800,""status"":true,""class:"":2}}"
2026-02-02T10:13:21.263,"{""sensor"":{""time"":549916,""status"":true,""class:"":2}}"
2026-02-02T10:13:21.399,"{""sensor"":{""time"":550031,""status"":true,""class:"":2}}"
2026-02-02T10:13:21.489,"{""sensor"":{""time"":550146,""status"":true,""class:"":2}}"
2026-02-02T10:13:21.624,"{""sensor"":{""time"":550262,""status"":true,""class:"":2}}"
2026-02-02T10:13:21.759,"{""sensor"":{""time"":550377,""status"":true,""class:"":2}}"
2026-02-02T10:13:21.848,"{""sensor"":{""time"":550492,""status"":true,""class:"":2}}"
2026-02-02T10:13:22.073,"{""sensor"":{""time"":550608,""status"":true,""class:"":2}}"
2026-02-02T10:13:22.119,"{""sensor"":{""time"":550723,""status"":true,""class:"":2}}"
2026-02-02T10:13:22.208,"{""sensor"":{""time"":550839,""status"":true,""class:"":2}}"
2026-02-02T10:13:22.299,"{""sensor"":{""time"":550954,""status"":true,""class:"":2}}"
2026-02-02T10:13:22.433,"{""sensor"":{""time"":551069,""status"":true,""class:"":2}}"
2026-02-02T10:13:22.524,"{""sensor"":{""time"":551185,""status"":true,""class:"":2}}"
2026-02-02T10:13:22.659,"{""sensor"":{""time"":551300,""status"":true,""class:"":2}}"
2026-02-02T10:13:22.793,"{""sensor"":{""time"":551416,""status"":true,""class:"":2}}"
2026-02-02T10:13:22.883,"{""sensor"":{""time"":551531,""status"":true,""class:"":2}}"
2026-02-02T10:13:23.019,"{""sensor"":{""time"":551646,""status"":true,""class:"":2}}"
2026-02-02T10:13:23.109,"{""sensor"":{""time"":551762,""status"":true,""class:"":2}}"
2026-02-02T10:13:23.244,"{""sensor"":{""time"":551877,""status"":true,""class:"":2}}"
2026-02-02T10:13:23.334,"{""sensor"":{""time"":551993,""status"":true,""class:"":2}}"
2026-02-02T10:13:23.469,"{""sensor"":{""time"":552108,""status"":true,""class:"":2}}"
2026-02-02T10:13:23.604,"{""sensor"":{""time"":552223,""status"":true,""class:"":2}}"
2026-02-02T10:13:23.693,"{""sensor"":{""time"":552339,""status"":true,""class:"":2}}"
2026-02-02T10:13:23.828,"{""sensor"":{""time"":552454,""status"":true,""class:"":2}}"
2026-02-02T10:13:23.919,"{""sensor"":{""time"":552570,""status"":true,""class:"":2}}"
2026-02-02T10:13:24.054,"{""sensor"":{""time"":552685,""status"":true,""class:"":2}}"
2026-02-02T10:13:24.145,"{""sensor"":{""time"":552800,""status"":true,""class:"":2}}"
2026-02-02T10:13:24.279,"{""sensor"":{""time"":552916,""status"":true,""class:"":2}}"
2026-02-02T10:13:24.369,"{""sensor"":{""time"":553031,""status"":true,""class:"":2}}"
2026-02-02T10:13:24.593,"{""sensor"":{""time"":553147,""status"":true,""class:"":2}}"
2026-02-02T10:13:24.729,"{""sensor"":{""time"":553262,""status"":true,""class:"":2}}"
2026-02-02T10:13:24.774,"{""sensor"":{""time"":553377,""status"":true,""class:"":2}}"
2026-02-02T10:13:24.865,"{""sensor"":{""time"":553493,""status"":true,""class:"":2}}"
2026-02-02T10:13:24.954,"{""sensor"":{""time"":553608,""status"":true,""class:"":2}}"
2026-02-02T10:13:25.089,"{""sensor"":{""time"":553724,""status"":true,""class:"":2}}"
2026-02-02T10:13:25.178,"{""sensor"":{""time"":553839,""status"":true,""class:"":2}}"
2026-02-02T10:13:25.315,"{""sensor"":{""time"":553954,""status"":true,""class:"":2}}"
2026-02-02T10:13:25.449,"{""sensor"":{""time"":554069,""status"":true,""class:"":2}}"
2026-02-02T10:13:25.540,"{""sensor"":{""time"":554185,""status"":true,""class:"":2}}"
2026-02-02T10:13:25.764,"{""sensor"":{""time"":554300,""status"":true,""class:"":2}}"
2026-02-02T10:13:25.945,"{""sensor"":{""time"":554415,""status"":true,""class:"":2}}"
2026-02-02T10:13:25.989,"{""sensor"":{""time"":554531,""status"":true,""class:"":2}}"
2026-02-02T10:13:26.079,"{""sensor"":{""time"":554646,""status"":true,""class:"":2}}"
2026-02-02T10:13:26.169,"{""sensor"":{""time"":554761,""status"":true,""class:"":2}}"
2026-02-02T10:13:26.214,"{""sensor"":{""time"":554877,""status"":true,""class:"":2}}"
2026-02-02T10:13:26.348,"{""sensor"":{""time"":554992,""status"":true,""class:"":2}}"
2026-02-02T10:13:26.529,"{""sensor"":{""time"":555107,""status"":true,""class:"":2}}"
2026-02-02T10:13:26.664,"{""sensor"":{""time"":555223,""status"":true,""class:"":2}}"
2026-02-02T10:13:26.753,"{""sensor"":{""time"":555338,""status"":true,""class:"":2}}"
2026-02-02T10:13:26.845,"{""sensor"":{""time"":555454,""status"":true,""class:"":2}}"
2026-02-02T10:13:27.024,"{""sensor"":{""time"":555569,""status"":true,""class:"":2}}"
2026-02-02T10:13:27.113,"{""sensor"":{""time"":555684,""status"":true,""class:"":2}}"
2026-02-02T10:13:27.205,"{""sensor"":{""time"":555800,""status"":true,""class:"":2}}"
2026-02-02T10:13:27.296,"{""sensor"":{""time"":555915,""status"":true,""class:"":2}}"
2026-02-02T10:13:27.383,"{""sensor"":{""time"":556030,""status"":true,""class:"":2}}"
2026-02-02T10:13:27.519,"{""sensor"":{""time"":556146,""status"":true,""class:"":2}}"
2026-02-02T10:13:27.610,"{""sensor"":{""time"":556261,""status"":true,""class:"":2}}"
2026-02-02T10:13:27.743,"{""sensor"":{""time"":556376,""status"":true,""class:"":2}}"
2026-02-02T10:13:27.833,"{""sensor"":{""time"":556492,""status"":true,""class:"":2}}"
2026-02-02T10:13:27.969,"{""sensor"":{""time"":556607,""status"":true,""class:"":2}}"
2026-02-02T10:13:28.060,"{""sensor"":{""time"":556722,""status"":true,""class:"":2}}"
2026-02-02T10:13:28.193,"{""sensor"":{""time"":556837,""status"":true,""class:"":2}}"
2026-02-02T10:13:28.330,"{""sensor"":{""time"":556953,""status"":true,""class:"":2}}"
2026-02-02T10:13:28.418,"{""sensor"":{""time"":557068,""status"":true,""class:"":2}}"
2026-02-02T10:13:28.599,"{""sensor"":{""time"":557183,""status"":true,""class:"":2}}"
2026-02-02T10:13:28.689,"{""sensor"":{""time"":557299,""status"":true,""class:"":2}}"
2026-02-02T10:13:28.777,"{""sensor"":{""time"":557414,""status"":true,""class:"":2}}"
2026-02-02T10:13:28.869,"{""sensor"":{""time"":557530,""status"":true,""class:"":2}}"
2026-02-02T10:13:29.048,"{""sensor"":{""time"":557645,""status"":true,""class:"":2}}"
2026-02-02T10:13:29.138,"{""sensor"":{""time"":557761,""status"":true,""class:"":2}}"
2026-02-02T10:13:29.228,"{""sensor"":{""time"":557876,""status"":true,""class:"":2}}"
2026-02-02T10:13:29.363,"{""sensor"":{""time"":557991,""status"":true,""class:"":2}}"
2026-02-02T10:13:29.453,"{""sensor"":{""time"":558107,""status"":true,""class:"":2}}"
2026-02-02T10:13:29.634,"{""sensor"":{""time"":558222,""status"":true,""class:"":2}}"
2026-02-02T10:13:29.723,"{""sensor"":{""time"":558337,""status"":true,""class:"":2}}"
2026-02-02T10:13:29.812,"{""sensor"":{""time"":558453,""status"":true,""class:"":2}}"
2026-02-02T10:13:29.903,"{""sensor"":{""time"":558568,""status"":true,""class:"":2}}"
2026-02-02T10:13:30.040,"{""sensor"":{""time"":558683,""status"":true,""class:"":2}}"
2026-02-02T10:13:30.173,"{""sensor"":{""time"":558798,""status"":true,""class:"":2}}"
2026-02-02T10:13:30.265,"{""sensor"":{""time"":558914,""status"":true,""class:"":2}}"
2026-02-02T10:13:30.399,"{""sensor"":{""time"":559029,""status"":true,""class:"":2}}"
2026-02-02T10:13:30.488,"{""sensor"":{""time"":559145,""status"":true,""class:"":2}}"
2026-02-02T10:13:30.623,"{""sensor"":{""time"":559260,""status"":true,""class:"":2}}"
2026-02-02T10:13:30.804,"{""sensor"":{""time"":559376,""status"":true,""class:"":2}}"
2026-02-02T10:13:30.894,"{""sensor"":{""time"":559491,""status"":true,""class:"":2}}"
2026-02-02T10:13:30.983,"{""sensor"":{""time"":559606,""status"":true,""class:"":2}}"
2026-02-02T10:13:31.118,"{""sensor"":{""time"":559722,""status"":true,""class:"":2}}"
2026-02-02T10:13:31.207,"{""sensor"":{""time"":559837,""status"":true,""class:"":2}}"
2026-02-02T10:13:31.298,"{""sensor"":{""time"":559953,""status"":true,""class:"":2}}"
2026-02-02T10:13:31.432,"{""sensor"":{""time"":560068,""status"":true,""class:"":2}}"
2026-02-02T10:13:31.569,"{""sensor"":{""time"":560183,""status"":true,""class:"":2}}"
2026-02-02T10:13:31.703,"{""sensor"":{""time"":560299,""status"":true,""class:"":2}}"
2026-02-02T10:13:31.794,"{""sensor"":{""time"":560414,""status"":true,""class:"":2}}"
2026-02-02T10:13:31.882,"{""sensor"":{""time"":560530,""status"":true,""class:"":2}}"
2026-02-02T10:13:32.107,"{""sensor"":{""time"":560646,""status"":true,""class:"":2}}"
2026-02-02T10:13:32.152,"{""sensor"":{""time"":560761,""status"":true,""class:"":2}}"
2026-02-02T10:13:32.242,"{""sensor"":{""time"":560877,""status"":true,""class:"":2}}"
2026-02-02T10:13:32.333,"{""sensor"":{""time"":560992,""status"":true,""class:"":2}}"
2026-02-02T10:13:32.513,"{""sensor"":{""time"":561108,""status"":true,""class:"":2}}"
2026-02-02T10:13:32.603,"{""sensor"":{""time"":561223,""status"":true,""class:"":2}}"
2026-02-02T10:13:32.737,"{""sensor"":{""time"":561338,""status"":true,""class:"":2}}"
2026-02-02T10:13:32.829,"{""sensor"":{""time"":561454,""status"":true,""class:"":2}}"
2026-02-02T10:13:32.964,"{""sensor"":{""time"":561569,""status"":true,""class:"":2}}"
2026-02-02T10:13:33.098,"{""sensor"":{""time"":561685,""status"":true,""class:"":2}}"
2026-02-02T10:13:33.188,"{""sensor"":{""time"":561800,""status"":true,""class:"":2}}"
2026-02-02T10:13:33.278,"{""sensor"":{""time"":561915,""status"":true,""class:"":2}}"
2026-02-02T10:13:33.369,"{""sensor"":{""time"":562031,""status"":true,""class:"":2}}"
2026-02-02T10:13:33.503,"{""sensor"":{""time"":562146,""status"":true,""class:"":2}}"
2026-02-02T10:13:33.639,"{""sensor"":{""time"":562262,""status"":true,""class:"":2}}"
2026-02-02T10:13:33.772,"{""sensor"":{""time"":562377,""status"":true,""class:"":2}}"
2026-02-02T10:13:33.863,"{""sensor"":{""time"":562492,""status"":true,""class:"":2}}"
2026-02-02T10:13:33.953,"{""sensor"":{""time"":562608,""status"":true,""class:"":2}}"
2026-02-02T10:13:34.089,"{""sensor"":{""time"":562723,""status"":true,""class:"":2}}"
2026-02-02T10:13:34.178,"{""sensor"":{""time"":562838,""status"":true,""class:"":2}}"
2026-02-02T10:13:34.312,"{""sensor"":{""time"":562954,""status"":true,""class:"":2}}"
2026-02-02T10:13:34.447,"{""sensor"":{""time"":563069,""status"":true,""class:"":2}}"
2026-02-02T10:13:34.583,"{""sensor"":{""time"":563185,""status"":true,""class:"":2}}"
2026-02-02T10:13:34.674,"{""sensor"":{""time"":563300,""status"":true,""class:"":2}}"
2026-02-02T10:13:34.763,"{""sensor"":{""time"":563415,""status"":true,""class:"":2}}"
2026-02-02T10:13:34.943,"{""sensor"":{""time"":563531,""status"":true,""class:"":2}}"
2026-02-02T10:13:35.032,"{""sensor"":{""time"":563646,""status"":true,""class:"":2}}"
2026-02-02T10:13:35.169,"{""sensor"":{""time"":563761,""status"":true,""class:"":2}}"
2026-02-02T10:13:35.258,"{""sensor"":{""time"":563877,""status"":true,""class:"":2}}"
2026-02-02T10:13:35.348,"{""sensor"":{""time"":563992,""status"":true,""class:"":2}}"
2026-02-02T10:13:35.483,"{""sensor"":{""time"":564108,""status"":true,""class:"":2}}"
2026-02-02T10:13:35.573,"{""sensor"":{""time"":564223,""status"":true,""class:"":2}}"
2026-02-02T10:13:35.708,"{""sensor"":{""time"":564338,""status"":true,""class:"":2}}"
2026-02-02T10:13:35.798,"{""sensor"":{""time"":564454,""status"":true,""class:"":2}}"
2026-02-02T10:13:35.933,"{""sensor"":{""time"":564569,""status"":true,""class:"":2}}"
2026-02-02T10:13:36.023,"{""sensor"":{""time"":564684,""status"":true,""class:"":2}}"
2026-02-02T10:13:36.158,"{""sensor"":{""time"":564800,""status"":true,""class:"":2}}"
2026-02-02T10:13:36.294,"{""sensor"":{""time"":564915,""status"":true,""class:"":2}}"
2026-02-02T10:13:36.383,"{""sensor"":{""time"":565030,""status"":true,""class:"":2}}"
2026-02-02T10:13:36.517,"{""sensor"":{""time"":565146,""status"":true,""class:"":2}}"
2026-02-02T10:13:36.608,"{""sensor"":{""time"":565261,""status"":true,""class:"":2}}"
2026-02-02T10:13:36.743,"{""sensor"":{""time"":565377,""status"":true,""class:"":2}}"
2026-02-02T10:13:36.833,"{""sensor"":{""time"":565492,""status"":true,""class:"":2}}"
2026-02-02T10:13:36.967,"{""sensor"":{""time"":565607,""status"":true,""class:"":2}}"
2026-02-02T10:13:37.103,"{""sensor"":{""time"":565723,""status"":true,""class:"":2}}"
2026-02-02T10:13:37.194,"{""sensor"":{""time"":565838,""status"":true,""class:"":2}}"
2026-02-02T10:13:37.327,"{""sensor"":{""time"":565953,""status"":true,""class:"":2}}"
2026-02-02T10:13:37.418,"{""sensor"":{""time"":566068,""status"":true,""class:"":2}}"
2026-02-02T10:13:37.553,"{""sensor"":{""time"":566184,""status"":true,""class:"":2}}"
2026-02-02T10:13:37.642,"{""sensor"":{""time"":566299,""status"":true,""class:"":2}}"
2026-02-02T10:13:37.779,"{""sensor"":{""time"":566415,""status"":true,""class:"":2}}"
2026-02-02T10:13:37.868,"{""sensor"":{""time"":566530,""status"":true,""class:"":2}}"
2026-02-02T10:13:38.003,"{""sensor"":{""time"":566645,""status"":true,""class:"":2}}"
2026-02-02T10:13:38.138,"{""sensor"":{""time"":566761,""status"":true,""class:"":2}}"
2026-02-02T10:13:38.227,"{""sensor"":{""time"":566876,""status"":true,""class:"":2}}"
2026-02-02T10:13:38.363,"{""sensor"":{""time"":566991,""status"":true,""class:"":2}}"
2026-02-02T10:13:38.453,"{""sensor"":{""time"":567107,""status"":true,""class:"":2}}"
2026-02-02T10:13:38.633,"{""sensor"":{""time"":567222,""status"":true,""class:"":2}}"
2026-02-02T10:13:38.723,"{""sensor"":{""time"":567337,""status"":true,""class:"":2}}"
2026-02-02T10:13:38.812,"{""sensor"":{""time"":567453,""status"":true,""class:"":2}}"
2026-02-02T10:13:38.904,"{""sensor"":{""time"":567568,""status"":true,""class:"":2}}"
2026-02-02T10:13:39.037,"{""sensor"":{""time"":567683,""status"":true,""class:"":2}}"
2026-02-02T10:13:39.173,"{""sensor"":{""time"":567798,""status"":true,""class:"":2}}"
2026-02-02T10:13:39.264,"{""sensor"":{""time"":567914,""status"":true,""class:"":2}}"
2026-02-02T10:13:39.398,"{""sensor"":{""time"":568029,""status"":true,""class:"":2}}"
2026-02-02T10:13:39.491,"{""sensor"":{""time"":568144,""status"":true,""class:"":2}}"
2026-02-02T10:13:39.623,"{""sensor"":{""time"":568260,""status"":true,""class:"":2}}"
2026-02-02T10:13:39.758,"{""sensor"":{""time"":568375,""status"":true,""class:"":2}}"
2026-02-02T10:13:39.847,"{""sensor"":{""time"":568491,""status"":true,""class:"":2}}"
2026-02-02T10:13:39.982,"{""sensor"":{""time"":568606,""status"":true,""class:"":2}}"
2026-02-02T10:13:40.073,"{""sensor"":{""time"":568721,""status"":true,""class:"":2}}"
2026-02-02T10:13:40.207,"{""sensor"":{""time"":568837,""status"":true,""class:"":2}}"
2026-02-02T10:13:40.297,"{""sensor"":{""time"":568952,""status"":true,""class:"":2}}"
2026-02-02T10:13:40.477,"{""sensor"":{""time"":569067,""status"":true,""class:"":2}}"
2026-02-02T10:13:40.568,"{""sensor"":{""time"":569182,""status"":true,""class:"":2}}"
2026-02-02T10:13:40.658,"{""sensor"":{""time"":569298,""status"":true,""class:"":2}}"
2026-02-02T10:13:40.792,"{""sensor"":{""time"":569413,""status"":true,""class:"":2}}"
2026-02-02T10:13:40.883,"{""sensor"":{""time"":569529,""status"":true,""class:"":2}}"
2026-02-02T10:13:41.019,"{""sensor"":{""time"":569644,""status"":true,""class:"":2}}"
2026-02-02T10:13:41.107,"{""sensor"":{""time"":569760,""status"":true,""class:"":2}}"
2026-02-02T10:13:41.243,"{""sensor"":{""time"":569875,""status"":true,""class:"":2}}"
2026-02-02T10:13:41.333,"{""sensor"":{""time"":569990,""status"":true,""class:"":2}}"
2026-02-02T10:13:41.468,"{""sensor"":{""time"":570106,""status"":true,""class:"":2}}"
2026-02-02T10:13:41.557,"{""sensor"":{""time"":570221,""status"":true,""class:"":2}}"
2026-02-02T10:13:41.693,"{""sensor"":{""time"":570337,""status"":true,""class:"":2}}"
2026-02-02T10:13:41.918,"{""sensor"":{""time"":570452,""status"":true,""class:"":2}}"
2026-02-02T10:13:42.008,"{""sensor"":{""time"":570567,""status"":true,""class:"":2}}"
2026-02-02T10:13:42.098,"{""sensor"":{""time"":570683,""status"":true,""class:"":2}}"
2026-02-02T10:13:42.188,"{""sensor"":{""time"":570798,""status"":true,""class:"":2}}"
2026-02-02T10:13:42.323,"{""sensor"":{""time"":570914,""status"":true,""class:"":2}}"
2026-02-02T10:13:42.412,"{""sensor"":{""time"":571029,""status"":true,""class:"":2}}"
2026-02-02T10:13:42.547,"{""sensor"":{""time"":571144,""status"":true,""class:"":2}}"
2026-02-02T10:13:42.637,"{""sensor"":{""time"":571259,""status"":true,""class:"":2}}"
2026-02-02T10:13:42.728,"{""sensor"":{""time"":571375,""status"":true,""class:"":2}}"
2026-02-02T10:13:42.864,"{""sensor"":{""time"":571490,""status"":true,""class:"":2}}"
2026-02-02T10:13:42.953,"{""sensor"":{""time"":571606,""status"":true,""class:"":2}}"
2026-02-02T10:13:43.089,"{""sensor"":{""time"":571721,""status"":true,""class:"":2}}"
2026-02-02T10:13:43.177,"{""sensor"":{""time"":571837,""status"":true,""class:"":2}}"
2026-02-02T10:13:43.312,"{""sensor"":{""time"":571952,""status"":true,""class:"":2}}"
2026-02-02T10:13:43.403,"{""sensor"":{""time"":572067,""status"":true,""class:"":2}}"
2026-02-02T10:13:43.538,"{""sensor"":{""time"":572183,""status"":true,""class:"":2}}"
2026-02-02T10:13:43.718,"{""sensor"":{""time"":572298,""status"":true,""class:"":2}}"
2026-02-02T10:13:43.808,"{""sensor"":{""time"":572413,""status"":true,""class:"":2}}"
2026-02-02T10:13:43.897,"{""sensor"":{""time"":572529,""status"":true,""class:"":2}}"
2026-02-02T10:13:43.987,"{""sensor"":{""time"":572644,""status"":true,""class:"":2}}"
2026-02-02T10:13:44.124,"{""sensor"":{""time"":572760,""status"":true,""class:"":2}}"
2026-02-02T10:13:44.213,"{""sensor"":{""time"":572875,""status"":true,""class:"":2}}"
2026-02-02T10:13:44.349,"{""sensor"":{""time"":572990,""status"":true,""class:"":2}}"
2026-02-02T10:13:44.573,"{""sensor"":{""time"":573106,""status"":true,""class:"":2}}"
2026-02-02T10:13:44.663,"{""sensor"":{""time"":573221,""status"":true,""class:"":2}}"
2026-02-02T10:13:44.753,"{""sensor"":{""time"":573336,""status"":true,""class:"":2}}"
2026-02-02T10:13:44.842,"{""sensor"":{""time"":573452,""status"":true,""class:"":2}}"
2026-02-02T10:13:44.934,"{""sensor"":{""time"":573567,""status"":true,""class:"":2}}"
2026-02-02T10:13:45.022,"{""sensor"":{""time"":573683,""status"":true,""class:"":2}}"
2026-02-02T10:13:45.158,"{""sensor"":{""time"":573798,""status"":true,""class:"":2}}"
2026-02-02T10:13:45.247,"{""sensor"":{""time"":573913,""status"":true,""class:"":2}}"
2026-02-02T10:13:45.383,"{""sensor"":{""time"":574028,""status"":true,""class:"":2}}"
2026-02-02T10:13:45.519,"{""sensor"":{""time"":574143,""status"":true,""class:"":2}}"
2026-02-02T10:13:45.608,"{""sensor"":{""time"":574259,""status"":true,""class:"":2}}"
2026-02-02T10:13:45.742,"{""sensor"":{""time"":574374,""status"":true,""class:"":2}}"
2026-02-02T10:13:45.834,"{""sensor"":{""time"":574490,""status"":true,""class:"":2}}"
2026-02-02T10:13:45.968,"{""sensor"":{""time"":574605,""status"":true,""class:"":2}}"
2026-02-02T10:13:46.058,"{""sensor"":{""time"":574721,""status"":true,""class:"":2}}"
2026-02-02T10:13:46.192,"{""sensor"":{""time"":574836,""status"":true,""class:"":2}}"
2026-02-02T10:13:46.328,"{""sensor"":{""time"":574951,""status"":true,""class:"":2}}"
2026-02-02T10:13:46.417,"{""sensor"":{""time"":575067,""status"":true,""class:"":2}}"
2026-02-02T10:13:46.554,"{""sensor"":{""time"":575182,""status"":true,""class:"":2}}"
2026-02-02T10:13:46.643,"{""sensor"":{""time"":575297,""status"":true,""class:"":2}}"
2026-02-02T10:13:46.777,"{""sensor"":{""time"":575413,""status"":true,""class:"":2}}"
2026-02-02T10:13:46.867,"{""sensor"":{""time"":575528,""status"":true,""class:"":2}}"
2026-02-02T10:13:47.138,"{""sensor"":{""time"":575643,""status"":true,""class:"":2}}"
2026-02-02T10:13:47.229,"{""sensor"":{""time"":575759,""status"":true,""class:"":2}}"
2026-02-02T10:13:47.273,"{""sensor"":{""time"":575874,""status"":true,""class:"":2}}"
2026-02-02T10:13:47.364,"{""sensor"":{""time"":575989,""status"":true,""class:"":2}}"
2026-02-02T10:13:47.454,"{""sensor"":{""time"":576105,""status"":true,""class:"":2}}"
2026-02-02T10:13:47.588,"{""sensor"":{""time"":576220,""status"":true,""class:"":2}}"
2026-02-02T10:13:47.679,"{""sensor"":{""time"":576336,""status"":true,""class:"":2}}"
2026-02-02T10:13:47.812,"{""sensor"":{""time"":576451,""status"":true,""class:"":2}}"
2026-02-02T10:13:47.903,"{""sensor"":{""time"":576566,""status"":true,""class:"":2}}"
2026-02-02T10:13:48.083,"{""sensor"":{""time"":576682,""status"":true,""class:"":2}}"
2026-02-02T10:13:48.219,"{""sensor"":{""time"":576797,""status"":true,""class:"":2}}"
2026-02-02T10:13:48.307,"{""sensor"":{""time"":576913,""status"":true,""class:"":2}}"
2026-02-02T10:13:48.398,"{""sensor"":{""time"":577028,""status"":true,""class:"":2}}"
2026-02-02T10:13:48.487,"{""sensor"":{""time"":577143,""status"":true,""class:"":2}}"
2026-02-02T10:13:48.669,"{""sensor"":{""time"":577259,""status"":true,""class:"":2}}"
2026-02-02T10:13:48.758,"{""sensor"":{""time"":577374,""status"":true,""class:"":2}}"
2026-02-02T10:13:48.849,"{""sensor"":{""time"":577490,""status"":true,""class:"":2}}"
2026-02-02T10:13:48.984,"{""sensor"":{""time"":577605,""status"":true,""class:"":2}}"
2026-02-02T10:13:49.072,"{""sensor"":{""time"":577720,""status"":true,""class:"":2}}"
2026-02-02T10:13:49.208,"{""sensor"":{""time"":577836,""status"":true,""class:"":2}}"
2026-02-02T10:13:49.300,"{""sensor"":{""time"":577951,""status"":true,""class:"":2}}"
2026-02-02T10:13:49.432,"{""sensor"":{""time"":578066,""status"":true,""class:"":2}}"
2026-02-02T10:13:49.702,"{""sensor"":{""time"":578182,""status"":true,""class:"":2}}"
2026-02-02T10:13:49.792,"{""sensor"":{""time"":578297,""status"":true,""class:"":2}}"
2026-02-02T10:13:49.836,"{""sensor"":{""time"":578412,""status"":true,""class:"":2}}"
2026-02-02T10:13:49.926,"{""sensor"":{""time"":578528,""status"":true,""class:"":2}}"
2026-02-02T10:13:50.018,"{""sensor"":{""time"":578643,""status"":true,""class:"":2}}"
2026-02-02T10:13:50.108,"{""sensor"":{""time"":578758,""status"":true,""class:"":2}}"
2026-02-02T10:13:50.288,"{""sensor"":{""time"":578874,""status"":true,""class:"":2}}"
2026-02-02T10:13:50.421,"{""sensor"":{""time"":578989,""status"":true,""class:"":2}}"
2026-02-02T10:13:50.511,"{""sensor"":{""time"":579104,""status"":true,""class:"":2}}"
2026-02-02T10:13:50.602,"{""sensor"":{""time"":579220,""status"":true,""class:"":2}}"
2026-02-02T10:13:50.692,"{""sensor"":{""time"":579335,""status"":true,""class:"":2}}"
2026-02-02T10:13:50.829,"{""sensor"":{""time"":579451,""status"":true,""class:"":2}}"
2026-02-02T10:13:50.917,"{""sensor"":{""time"":579566,""status"":true,""class:"":2}}"
2026-02-02T10:13:51.053,"{""sensor"":{""time"":579682,""status"":true,""class:"":2}}"
2026-02-02T10:13:51.141,"{""sensor"":{""time"":579797,""status"":true,""class:"":2}}"
2026-02-02T10:13:51.277,"{""sensor"":{""time"":579912,""status"":true,""class:"":2}}"
2026-02-02T10:13:51.457,"{""sensor"":{""time"":580027,""status"":true,""class:"":2}}"
2026-02-02T10:13:51.546,"{""sensor"":{""time"":580143,""status"":true,""class:"":2}}"
2026-02-02T10:13:51.683,"{""sensor"":{""time"":580258,""status"":true,""class:"":2}}"
2026-02-02T10:13:51.817,"{""sensor"":{""time"":580374,""status"":true,""class:"":2}}"
2026-02-02T10:13:51.908,"{""sensor"":{""time"":580489,""status"":true,""class:"":2}}"
2026-02-02T10:13:52.000,"{""sensor"":{""time"":580605,""status"":true,""class:"":2}}"
2026-02-02T10:13:52.132,"{""sensor"":{""time"":580720,""status"":true,""class:"":2}}"
2026-02-02T10:13:52.222,"{""sensor"":{""time"":580835,""status"":true,""class:"":2}}"
2026-02-02T10:13:52.311,"{""sensor"":{""time"":580951,""status"":true,""class:"":2}}"
2026-02-02T10:13:52.402,"{""sensor"":{""time"":581066,""status"":true,""class:"":2}}"
2026-02-02T10:13:52.536,"{""sensor"":{""time"":581181,""status"":true,""class:"":2}}"
2026-02-02T10:13:52.671,"{""sensor"":{""time"":581297,""status"":true,""class:"":2}}"
2026-02-02T10:13:52.807,"{""sensor"":{""time"":581412,""status"":true,""class:"":2}}"
2026-02-02T10:13:52.896,"{""sensor"":{""time"":581527,""status"":true,""class:"":2}}"
2026-02-02T10:13:53.076,"{""sensor"":{""time"":581643,""status"":true,""class:"":2}}"
2026-02-02T10:13:53.166,"{""sensor"":{""time"":581758,""status"":true,""class:"":2}}"
2026-02-02T10:13:53.391,"{""sensor"":{""time"":581874,""status"":true,""class:"":2}}"
2026-02-02T10:13:53.436,"{""sensor"":{""time"":581989,""status"":true,""class:"":2}}"
2026-02-02T10:13:53.485,"{""sensor"":{""time"":582105,""status"":true,""class:"":2}}"
2026-02-02T10:13:53.617,"{""sensor"":{""time"":582220,""status"":true,""class:"":2}}"
2026-02-02T10:13:53.708,"{""sensor"":{""time"":582335,""status"":true,""class:"":2}}"
2026-02-02T10:13:53.797,"{""sensor"":{""time"":582451,""status"":true,""class:"":2}}"
2026-02-02T10:13:53.931,"{""sensor"":{""time"":582566,""status"":true,""class:"":2}}"
2026-02-02T10:13:54.022,"{""sensor"":{""time"":582682,""status"":true,""class:"":2}}"
2026-02-02T10:13:54.157,"{""sensor"":{""time"":582797,""status"":true,""class:"":2}}"
2026-02-02T10:13:54.246,"{""sensor"":{""time"":582913,""status"":true,""class:"":2}}"
2026-02-02T10:13:54.381,"{""sensor"":{""time"":583028,""status"":true,""class:"":2}}"
2026-02-02T10:13:54.606,"{""sensor"":{""time"":583144,""status"":true,""class:"":2}}"
2026-02-02T10:13:54.652,"{""sensor"":{""time"":583259,""status"":true,""class:"":2}}"
2026-02-02T10:13:54.745,"{""sensor"":{""time"":583374,""status"":true,""class:"":2}}"
2026-02-02T10:13:54.877,"{""sensor"":{""time"":583489,""status"":true,""class:"":2}}"
2026-02-02T10:13:54.967,"{""sensor"":{""time"":583605,""status"":true,""class:"":2}}"
2026-02-02T10:13:55.056,"{""sensor"":{""time"":583720,""status"":true,""class:"":2}}"
2026-02-02T10:13:55.191,"{""sensor"":{""time"":583835,""status"":true,""class:"":2}}"
2026-02-02T10:13:55.371,"{""sensor"":{""time"":583951,""status"":true,""class:"":2}}"
2026-02-02T10:13:55.462,"{""sensor"":{""time"":584066,""status"":true,""class:"":2}}"
2026-02-02T10:13:55.596,"{""sensor"":{""time"":584182,""status"":true,""class:"":2}}"
2026-02-02T10:13:55.777,"{""sensor"":{""time"":584297,""status"":true,""class:"":2}}"
2026-02-02T10:13:55.822,"{""sensor"":{""time"":584412,""status"":true,""class:"":2}}"
2026-02-02T10:13:55.912,"{""sensor"":{""time"":584528,""status"":true,""class:"":2}}"
2026-02-02T10:13:56.002,"{""sensor"":{""time"":584643,""status"":true,""class:"":2}}"
2026-02-02T10:13:56.092,"{""sensor"":{""time"":584759,""status"":true,""class:"":2}}"
2026-02-02T10:13:56.226,"{""sensor"":{""time"":584874,""status"":true,""class:"":2}}"
2026-02-02T10:13:56.362,"{""sensor"":{""time"":584989,""status"":true,""class:"":2}}"
2026-02-02T10:13:56.452,"{""sensor"":{""time"":585105,""status"":true,""class:"":2}}"
2026-02-02T10:13:56.587,"{""sensor"":{""time"":585220,""status"":true,""class:"":2}}"
2026-02-02T10:13:56.721,"{""sensor"":{""time"":585335,""status"":true,""class:"":2}}"
2026-02-02T10:13:56.857,"{""sensor"":{""time"":585451,""status"":true,""class:"":2}}"
2026-02-02T10:13:56.947,"{""sensor"":{""time"":585566,""status"":true,""class:"":2}}"
2026-02-02T10:13:57.126,"{""sensor"":{""time"":585682,""status"":true,""class:"":2}}"
2026-02-02T10:13:57.216,"{""sensor"":{""time"":585797,""status"":true,""class:"":2}}"
2026-02-02T10:13:57.306,"{""sensor"":{""time"":585913,""status"":true,""class:"":2}}"
2026-02-02T10:13:57.398,"{""sensor"":{""time"":586028,""status"":true,""class:"":2}}"
2026-02-02T10:13:57.486,"{""sensor"":{""time"":586143,""status"":true,""class:"":2}}"
2026-02-02T10:13:57.622,"{""sensor"":{""time"":586259,""status"":true,""class:"":2}}"
2026-02-02T10:13:57.711,"{""sensor"":{""time"":586374,""status"":true,""class:"":2}}"
2026-02-02T10:13:57.847,"{""sensor"":{""time"":586489,""status"":true,""class:"":2}}"
2026-02-02T10:13:57.936,"{""sensor"":{""time"":586605,""status"":true,""class:"":2}}"
2026-02-02T10:13:58.072,"{""sensor"":{""time"":586720,""status"":true,""class:"":2}}"
2026-02-02T10:13:58.207,"{""sensor"":{""time"":586835,""status"":true,""class:"":2}}"
2026-02-02T10:13:58.297,"{""sensor"":{""time"":586951,""status"":true,""class:"":2}}"
2026-02-02T10:13:58.431,"{""sensor"":{""time"":587066,""status"":true,""class:"":2}}"
2026-02-02T10:13:58.522,"{""sensor"":{""time"":587181,""status"":true,""class:"":2}}"
2026-02-02T10:13:58.656,"{""sensor"":{""time"":587296,""status"":true,""class:"":2}}"
2026-02-02T10:13:58.748,"{""sensor"":{""time"":587412,""status"":true,""class:"":2}}"
2026-02-02T10:13:58.881,"{""sensor"":{""time"":587527,""status"":true,""class:"":2}}"
2026-02-02T10:13:59.017,"{""sensor"":{""time"":587643,""status"":true,""class:"":2}}"
2026-02-02T10:13:59.106,"{""sensor"":{""time"":587758,""status"":true,""class:"":2}}"
2026-02-02T10:13:59.242,"{""sensor"":{""time"":587873,""status"":true,""class:"":2}}"
2026-02-02T10:13:59.331,"{""sensor"":{""time"":587988,""status"":true,""class:"":2}}"
2026-02-02T10:13:59.467,"{""sensor"":{""time"":588104,""status"":true,""class:"":2}}"
2026-02-02T10:13:59.646,"{""sensor"":{""time"":588219,""status"":true,""class:"":2}}"
2026-02-02T10:13:59.737,"{""sensor"":{""time"":588335,""status"":true,""class:"":2}}"
2026-02-02T10:13:59.827,"{""sensor"":{""time"":588450,""status"":true,""class:"":2}}"
2026-02-02T10:13:59.918,"{""sensor"":{""time"":588565,""status"":true,""class:"":2}}"
2026-02-02T10:14:00.051,"{""sensor"":{""time"":588681,""status"":true,""class:"":2}}"
2026-02-02T10:14:00.141,"{""sensor"":{""time"":588796,""status"":true,""class:"":2}}"
2026-02-02T10:14:00.276,"{""sensor"":{""time"":588911,""status"":true,""class:"":2}}"
2026-02-02T10:14:00.368,"{""sensor"":{""time"":589027,""status"":true,""class:"":2}}"
2026-02-02T10:14:00.502,"{""sensor"":{""time"":589142,""status"":true,""class:"":2}}"
2026-02-02T10:14:00.592,"{""sensor"":{""time"":589258,""status"":true,""class:"":2}}"
2026-02-02T10:14:00.726,"{""sensor"":{""time"":589373,""status"":true,""class:"":2}}"
2026-02-02T10:14:00.907,"{""sensor"":{""time"":589489,""status"":true,""class:"":2}}"
2026-02-02T10:14:00.997,"{""sensor"":{""time"":589604,""status"":true,""class:"":2}}"
2026-02-02T10:14:01.087,"{""sensor"":{""time"":589719,""status"":true,""class:"":2}}"
2026-02-02T10:14:01.177,"{""sensor"":{""time"":589835,""status"":true,""class:"":2}}"
2026-02-02T10:14:01.311,"{""sensor"":{""time"":589950,""status"":true,""class:"":2}}"
2026-02-02T10:14:01.402,"{""sensor"":{""time"":590065,""status"":true,""class:"":2}}"
2026-02-02T10:14:01.582,"{""sensor"":{""time"":590180,""status"":true,""class:"":2}}"
2026-02-02T10:14:01.671,"{""sensor"":{""time"":590296,""status"":true,""class:"":2}}"
2026-02-02T10:14:01.761,"{""sensor"":{""time"":590411,""status"":true,""class:"":2}}"
2026-02-02T10:14:01.897,"{""sensor"":{""time"":590527,""status"":true,""class:"":2}}"
2026-02-02T10:14:01.988,"{""sensor"":{""time"":590642,""status"":true,""class:"":2}}"
2026-02-02T10:14:02.166,"{""sensor"":{""time"":590758,""status"":true,""class:"":2}}"
2026-02-02T10:14:02.257,"{""sensor"":{""time"":590873,""status"":true,""class:"":2}}"
2026-02-02T10:14:02.348,"{""sensor"":{""time"":590988,""status"":true,""class:"":2}}"
2026-02-02T10:14:02.438,"{""sensor"":{""time"":591104,""status"":true,""class:"":2}}"
2026-02-02T10:14:02.571,"{""sensor"":{""time"":591219,""status"":true,""class:"":2}}"
2026-02-02T10:14:02.707,"{""sensor"":{""time"":591334,""status"":true,""class:"":2}}"
2026-02-02T10:14:02.797,"{""sensor"":{""time"":591450,""status"":true,""class:"":2}}"
2026-02-02T10:14:02.932,"{""sensor"":{""time"":591565,""status"":true,""class:"":2}}"
2026-02-02T10:14:03.022,"{""sensor"":{""time"":591681,""status"":true,""class:"":2}}"
2026-02-02T10:14:03.156,"{""sensor"":{""time"":591796,""status"":true,""class:"":2}}"
2026-02-02T10:14:03.291,"{""sensor"":{""time"":591912,""status"":true,""class:"":2}}"
2026-02-02T10:14:03.382,"{""sensor"":{""time"":592027,""status"":true,""class:"":2}}"
2026-02-02T10:14:03.516,"{""sensor"":{""time"":592142,""status"":true,""class:"":2}}"
2026-02-02T10:14:03.606,"{""sensor"":{""time"":592257,""status"":true,""class:"":2}}"
2026-02-02T10:14:03.742,"{""sensor"":{""time"":592373,""status"":true,""class:"":2}}"
2026-02-02T10:14:03.831,"{""sensor"":{""time"":592488,""status"":true,""class:"":2}}"
2026-02-02T10:14:03.967,"{""sensor"":{""time"":592604,""status"":true,""class:"":2}}"
2026-02-02T10:14:04.057,"{""sensor"":{""time"":592719,""status"":true,""class:"":2}}"
2026-02-02T10:14:04.191,"{""sensor"":{""time"":592834,""status"":true,""class:"":2}}"
2026-02-02T10:14:04.328,"{""sensor"":{""time"":592949,""status"":true,""class:"":2}}"
2026-02-02T10:14:04.462,"{""sensor"":{""time"":593065,""status"":true,""class:"":2}}"
2026-02-02T10:14:04.642,"{""sensor"":{""time"":593180,""status"":true,""class:"":2}}"
2026-02-02T10:14:04.687,"{""sensor"":{""time"":593295,""status"":true,""class:"":2}}"
2026-02-02T10:14:04.776,"{""sensor"":{""time"":593411,""status"":true,""class:"":2}}"
2026-02-02T10:14:04.913,"{""sensor"":{""time"":593526,""status"":true,""class:"":2}}"
2026-02-02T10:14:05.002,"{""sensor"":{""time"":593642,""status"":true,""class:"":2}}"
2026-02-02T10:14:05.093,"{""sensor"":{""time"":593757,""status"":true,""class:"":2}}"
2026-02-02T10:14:05.272,"{""sensor"":{""time"":593872,""status"":true,""class:"":2}}"
2026-02-02T10:14:05.362,"{""sensor"":{""time"":593988,""status"":true,""class:"":2}}"
2026-02-02T10:14:05.452,"{""sensor"":{""time"":594103,""status"":true,""class:"":2}}"
2026-02-02T10:14:05.588,"{""sensor"":{""time"":594219,""status"":true,""class:"":2}}"
2026-02-02T10:14:05.676,"{""sensor"":{""time"":594334,""status"":true,""class:"":2}}"
2026-02-02T10:14:05.857,"{""sensor"":{""time"":594450,""status"":true,""class:"":2}}"
2026-02-02T10:14:06.037,"{""sensor"":{""time"":594565,""status"":true,""class:"":2}}"
2026-02-02T10:14:06.126,"{""sensor"":{""time"":594680,""status"":true,""class:"":2}}"
2026-02-02T10:14:06.173,"{""sensor"":{""time"":594795,""status"":true,""class:"":2}}"
2026-02-02T10:14:06.263,"{""sensor"":{""time"":594911,""status"":true,""class:"":2}}"
2026-02-02T10:14:06.397,"{""sensor"":{""time"":595026,""status"":true,""class:"":2}}"
2026-02-02T10:14:06.487,"{""sensor"":{""time"":595142,""status"":true,""class:"":2}}"
2026-02-02T10:14:06.711,"{""sensor"":{""time"":595257,""status"":true,""class:"":2}}"
2026-02-02T10:14:06.757,"{""sensor"":{""time"":595372,""status"":true,""class:"":2}}"
2026-02-02T10:14:06.892,"{""sensor"":{""time"":595488,""status"":true,""class:"":2}}"
2026-02-02T10:14:07.028,"{""sensor"":{""time"":595603,""status"":true,""class:"":2}}"
2026-02-02T10:14:07.116,"{""sensor"":{""time"":595718,""status"":true,""class:"":2}}"
2026-02-02T10:14:07.206,"{""sensor"":{""time"":595834,""status"":true,""class:"":2}}"
2026-02-02T10:14:07.296,"{""sensor"":{""time"":595949,""status"":true,""class:"":2}}"
2026-02-02T10:14:07.432,"{""sensor"":{""time"":596065,""status"":true,""class:"":2}}"
2026-02-02T10:14:07.521,"{""sensor"":{""time"":596180,""status"":true,""class:"":2}}"
2026-02-02T10:14:07.656,"{""sensor"":{""time"":596295,""status"":true,""class:"":2}}"
2026-02-02T10:14:07.747,"{""sensor"":{""time"":596411,""status"":true,""class:"":2}}"
2026-02-02T10:14:07.883,"{""sensor"":{""time"":596526,""status"":true,""class:"":2}}"
2026-02-02T10:14:08.017,"{""sensor"":{""time"":596641,""status"":true,""class:"":2}}"
2026-02-02T10:14:08.108,"{""sensor"":{""time"":596757,""status"":true,""class:"":2}}"
2026-02-02T10:14:08.243,"{""sensor"":{""time"":596872,""status"":true,""class:"":2}}"
2026-02-02T10:14:08.422,"{""sensor"":{""time"":596988,""status"":true,""class:"":2}}"
2026-02-02T10:14:08.556,"{""sensor"":{""time"":597103,""status"":true,""class:"":2}}"
2026-02-02T10:14:08.647,"{""sensor"":{""time"":597218,""status"":true,""class:"":2}}"
2026-02-02T10:14:08.737,"{""sensor"":{""time"":597334,""status"":true,""class:"":2}}"
2026-02-02T10:14:08.825,"{""sensor"":{""time"":597449,""status"":true,""class:"":2}}"
2026-02-02T10:14:08.918,"{""sensor"":{""time"":597564,""status"":true,""class:"":2}}"
2026-02-02T10:14:09.097,"{""sensor"":{""time"":597680,""status"":true,""class:"":2}}"
2026-02-02T10:14:09.232,"{""sensor"":{""time"":597795,""status"":true,""class:"":2}}"
2026-02-02T10:14:09.322,"{""sensor"":{""time"":597911,""status"":true,""class:"":2}}"
2026-02-02T10:14:09.415,"{""sensor"":{""time"":598026,""status"":true,""class:"":2}}"
2026-02-02T10:14:09.593,"{""sensor"":{""time"":598141,""status"":true,""class:"":2}}"
2026-02-02T10:14:09.682,"{""sensor"":{""time"":598257,""status"":true,""class:"":2}}"
2026-02-02T10:14:09.771,"{""sensor"":{""time"":598372,""status"":true,""class:"":2}}"
2026-02-02T10:14:09.861,"{""sensor"":{""time"":598488,""status"":true,""class:"":2}}"
2026-02-02T10:14:09.952,"{""sensor"":{""time"":598603,""status"":true,""class:"":2}}"
2026-02-02T10:14:10.087,"{""sensor"":{""time"":598718,""status"":true,""class:"":2}}"
2026-02-02T10:14:10.176,"{""sensor"":{""time"":598834,""status"":true,""class:"":2}}"
2026-02-02T10:14:10.312,"{""sensor"":{""time"":598949,""status"":true,""class:"":2}}"
2026-02-02T10:14:10.402,"{""sensor"":{""time"":599064,""status"":true,""class:"":2}}"
2026-02-02T10:14:10.536,"{""sensor"":{""time"":599179,""status"":true,""class:"":2}}"
2026-02-02T10:14:10.673,"{""sensor"":{""time"":599295,""status"":true,""class:"":2}}"
2026-02-02T10:14:10.761,"{""sensor"":{""time"":599410,""status"":true,""class:"":2}}"
2026-02-02T10:14:10.897,"{""sensor"":{""time"":599525,""status"":true,""class:"":2}}"
2026-02-02T10:14:10.988,"{""sensor"":{""time"":599641,""status"":true,""class:"":2}}"
2026-02-02T10:14:11.122,"{""sensor"":{""time"":599756,""status"":true,""class:"":2}}"
2026-02-02T10:14:11.212,"{""sensor"":{""time"":599872,""status"":true,""class:"":2}}"
2026-02-02T10:14:11.346,"{""sensor"":{""time"":599987,""status"":true,""class:"":2}}"
2026-02-02T10:14:11.437,"{""sensor"":{""time"":600102,""status"":true,""class:"":2}}"
2026-02-02T10:14:11.615,"{""sensor"":{""time"":600217,""status"":true,""class:"":2}}"
2026-02-02T10:14:11.706,"{""sensor"":{""time"":600333,""status"":true,""class:"":2}}"
2026-02-02T10:14:11.795,"{""sensor"":{""time"":600448,""status"":true,""class:"":2}}"
2026-02-02T10:14:11.976,"{""sensor"":{""time"":600564,""status"":true,""class:"":2}}"
2026-02-02T10:14:12.067,"{""sensor"":{""time"":600679,""status"":true,""class:"":2}}"
2026-02-02T10:14:12.156,"{""sensor"":{""time"":600794,""status"":true,""class:"":2}}"
2026-02-02T10:14:12.247,"{""sensor"":{""time"":600910,""status"":true,""class:"":2}}"
2026-02-02T10:14:12.382,"{""sensor"":{""time"":601025,""status"":true,""class:"":2}}"
2026-02-02T10:14:12.470,"{""sensor"":{""time"":601140,""status"":true,""class:"":2}}"
2026-02-02T10:14:12.652,"{""sensor"":{""time"":601256,""status"":true,""class:"":2}}"
2026-02-02T10:14:12.741,"{""sensor"":{""time"":601371,""status"":true,""class:"":2}}"
2026-02-02T10:14:12.831,"{""sensor"":{""time"":601487,""status"":true,""class:"":2}}"
2026-02-02T10:14:12.967,"{""sensor"":{""time"":601602,""status"":true,""class:"":2}}"
2026-02-02T10:14:13.102,"{""sensor"":{""time"":601717,""status"":true,""class:"":2}}"
2026-02-02T10:14:13.191,"{""sensor"":{""time"":601833,""status"":true,""class:"":2}}"
2026-02-02T10:14:13.281,"{""sensor"":{""time"":601948,""status"":true,""class:"":2}}"
2026-02-02T10:14:13.415,"{""sensor"":{""time"":602063,""status"":true,""class:"":2}}"
2026-02-02T10:14:13.551,"{""sensor"":{""time"":602179,""status"":true,""class:"":2}}"
2026-02-02T10:14:13.640,"{""sensor"":{""time"":602294,""status"":true,""class:"":2}}"
2026-02-02T10:14:13.866,"{""sensor"":{""time"":602410,""status"":true,""class:"":2}}"
2026-02-02T10:14:13.911,"{""sensor"":{""time"":602525,""status"":true,""class:"":2}}"
2026-02-02T10:14:14.002,"{""sensor"":{""time"":602640,""status"":true,""class:"":2}}"
2026-02-02T10:14:14.090,"{""sensor"":{""time"":602755,""status"":true,""class:"":2}}"
2026-02-02T10:14:14.316,"{""sensor"":{""time"":602871,""status"":true,""class:"":2}}"
2026-02-02T10:14:14.360,"{""sensor"":{""time"":602986,""status"":true,""class:"":2}}"
2026-02-02T10:14:14.450,"{""sensor"":{""time"":603101,""status"":true,""class:"":2}}"
2026-02-02T10:14:14.631,"{""sensor"":{""time"":603216,""status"":true,""class:"":2}}"
2026-02-02T10:14:14.765,"{""sensor"":{""time"":603332,""status"":true,""class:"":2}}"
2026-02-02T10:14:14.856,"{""sensor"":{""time"":603447,""status"":true,""class:"":2}}"
2026-02-02T10:14:14.945,"{""sensor"":{""time"":603562,""status"":true,""class:"":2}}"
2026-02-02T10:14:15.036,"{""sensor"":{""time"":603678,""status"":true,""class:"":2}}"
2026-02-02T10:14:15.126,"{""sensor"":{""time"":603793,""status"":true,""class:"":2}}"
2026-02-02T10:14:15.261,"{""sensor"":{""time"":603909,""status"":true,""class:"":2}}"
2026-02-02T10:14:15.395,"{""sensor"":{""time"":604024,""status"":true,""class:"":2}}"
2026-02-02T10:14:15.487,"{""sensor"":{""time"":604139,""status"":true,""class:"":2}}"
2026-02-02T10:14:15.621,"{""sensor"":{""time"":604255,""status"":true,""class:"":2}}"
2026-02-02T10:14:15.710,"{""sensor"":{""time"":604370,""status"":true,""class:"":2}}"
2026-02-02T10:14:15.891,"{""sensor"":{""time"":604485,""status"":true,""class:"":2}}"
2026-02-02T10:14:15.981,"{""sensor"":{""time"":604601,""status"":true,""class:"":2}}"
2026-02-02T10:14:16.071,"{""sensor"":{""time"":604716,""status"":true,""class:"":2}}"
2026-02-02T10:14:16.206,"{""sensor"":{""time"":604832,""status"":true,""class:"":2}}"
2026-02-02T10:14:16.295,"{""sensor"":{""time"":604947,""status"":true,""class:"":2}}"
2026-02-02T10:14:16.431,"{""sensor"":{""time"":605063,""status"":true,""class:"":2}}"
2026-02-02T10:14:16.520,"{""sensor"":{""time"":605178,""status"":true,""class:"":2}}"
2026-02-02T10:14:16.655,"{""sensor"":{""time"":605294,""status"":true,""class:"":2}}"
2026-02-02T10:14:16.745,"{""sensor"":{""time"":605409,""status"":true,""class:"":2}}"
2026-02-02T10:14:16.882,"{""sensor"":{""time"":605524,""status"":true,""class:"":2}}"
2026-02-02T10:14:16.975,"{""sensor"":{""time"":605639,""status"":true,""class:"":2}}"
2026-02-02T10:14:17.151,"{""sensor"":{""time"":605755,""status"":true,""class:"":2}}"
2026-02-02T10:14:17.242,"{""sensor"":{""time"":605870,""status"":true,""class:"":2}}"
2026-02-02T10:14:17.332,"{""sensor"":{""time"":605986,""status"":true,""class:"":2}}"
2026-02-02T10:14:17.466,"{""sensor"":{""time"":606101,""status"":true,""class:"":2}}"
2026-02-02T10:14:17.556,"{""sensor"":{""time"":606217,""status"":true,""class:"":2}}"
2026-02-02T10:14:17.692,"{""sensor"":{""time"":606332,""status"":true,""class:"":2}}"
2026-02-02T10:14:17.781,"{""sensor"":{""time"":606447,""status"":true,""class:"":2}}"
2026-02-02T10:14:17.916,"{""sensor"":{""time"":606563,""status"":true,""class:"":2}}"
2026-02-02T10:14:18.052,"{""sensor"":{""time"":606678,""status"":true,""class:"":2}}"
2026-02-02T10:14:18.141,"{""sensor"":{""time"":606794,""status"":true,""class:"":2}}"
2026-02-02T10:14:18.275,"{""sensor"":{""time"":606909,""status"":true,""class:"":2}}"
2026-02-02T10:14:18.367,"{""sensor"":{""time"":607024,""status"":true,""class:"":2}}"
2026-02-02T10:14:18.502,"{""sensor"":{""time"":607140,""status"":true,""class:"":2}}"
2026-02-02T10:14:18.591,"{""sensor"":{""time"":607255,""status"":true,""class:"":2}}"
2026-02-02T10:14:18.726,"{""sensor"":{""time"":607370,""status"":true,""class:"":2}}"
2026-02-02T10:14:18.815,"{""sensor"":{""time"":607486,""status"":true,""class:"":2}}"
2026-02-02T10:14:18.953,"{""sensor"":{""time"":607601,""status"":true,""class:"":2}}"
2026-02-02T10:14:19.085,"{""sensor"":{""time"":607716,""status"":true,""class:"":2}}"
2026-02-02T10:14:19.176,"{""sensor"":{""time"":607832,""status"":true,""class:"":2}}"
2026-02-02T10:14:19.356,"{""sensor"":{""time"":607947,""status"":true,""class:"":2}}"
2026-02-02T10:14:19.446,"{""sensor"":{""time"":608063,""status"":true,""class:"":2}}"
2026-02-02T10:14:19.671,"{""sensor"":{""time"":608178,""status"":true,""class:"":2}}"
2026-02-02T10:14:19.716,"{""sensor"":{""time"":608294,""status"":true,""class:"":2}}"
2026-02-02T10:14:19.806,"{""sensor"":{""time"":608409,""status"":true,""class:"":2}}"
2026-02-02T10:14:19.941,"{""sensor"":{""time"":608524,""status"":true,""class:"":2}}"
2026-02-02T10:14:20.031,"{""sensor"":{""time"":608640,""status"":true,""class:"":2}}"
2026-02-02T10:14:20.122,"{""sensor"":{""time"":608755,""status"":true,""class:"":2}}"
2026-02-02T10:14:20.210,"{""sensor"":{""time"":608870,""status"":true,""class:"":2}}"
2026-02-02T10:14:20.345,"{""sensor"":{""time"":608986,""status"":true,""class:"":2}}"
2026-02-02T10:14:20.481,"{""sensor"":{""time"":609101,""status"":true,""class:"":2}}"
2026-02-02T10:14:20.570,"{""sensor"":{""time"":609216,""status"":true,""class:"":2}}"
2026-02-02T10:14:20.706,"{""sensor"":{""time"":609332,""status"":true,""class:"":2}}"
2026-02-02T10:14:20.797,"{""sensor"":{""time"":609447,""status"":true,""class:"":2}}"
2026-02-02T10:14:20.975,"{""sensor"":{""time"":609563,""status"":true,""class:"":2}}"
2026-02-02T10:14:21.066,"{""sensor"":{""time"":609678,""status"":true,""class:"":2}}"
2026-02-02T10:14:21.156,"{""sensor"":{""time"":609793,""status"":true,""class:"":2}}"
2026-02-02T10:14:21.291,"{""sensor"":{""time"":609909,""status"":true,""class:"":2}}"
2026-02-02T10:14:21.381,"{""sensor"":{""time"":610024,""status"":true,""class:"":2}}"
2026-02-02T10:14:21.471,"{""sensor"":{""time"":610139,""status"":true,""class:"":2}}"
2026-02-02T10:14:21.606,"{""sensor"":{""time"":610255,""status"":true,""class:"":2}}"
2026-02-02T10:14:21.741,"{""sensor"":{""time"":610370,""status"":true,""class:"":2}}"
2026-02-02T10:14:21.831,"{""sensor"":{""time"":610485,""status"":true,""class:"":2}}"
2026-02-02T10:14:22.010,"{""sensor"":{""time"":610600,""status"":true,""class:"":2}}"
2026-02-02T10:14:22.191,"{""sensor"":{""time"":610716,""status"":true,""class:"":2}}"
2026-02-02T10:14:22.237,"{""sensor"":{""time"":610831,""status"":true,""class:"":2}}"
2026-02-02T10:14:22.327,"{""sensor"":{""time"":610947,""status"":true,""class:"":2}}"
2026-02-02T10:14:22.415,"{""sensor"":{""time"":611062,""status"":true,""class:"":2}}"
2026-02-02T10:14:22.551,"{""sensor"":{""time"":611177,""status"":true,""class:"":2}}"
2026-02-02T10:14:22.641,"{""sensor"":{""time"":611293,""status"":true,""class:"":2}}"
2026-02-02T10:14:22.775,"{""sensor"":{""time"":611408,""status"":true,""class:"":2}}"
2026-02-02T10:14:22.867,"{""sensor"":{""time"":611524,""status"":true,""class:"":2}}"
2026-02-02T10:14:23.001,"{""sensor"":{""time"":611639,""status"":true,""class:"":2}}"
2026-02-02T10:14:23.090,"{""sensor"":{""time"":611754,""status"":true,""class:"":2}}"
2026-02-02T10:14:23.225,"{""sensor"":{""time"":611869,""status"":true,""class:"":2}}"
2026-02-02T10:14:23.316,"{""sensor"":{""time"":611985,""status"":true,""class:"":2}}"
2026-02-02T10:14:23.451,"{""sensor"":{""time"":612100,""status"":true,""class:"":2}}"
2026-02-02T10:14:23.586,"{""sensor"":{""time"":612215,""status"":true,""class:"":2}}"
2026-02-02T10:14:23.676,"{""sensor"":{""time"":612331,""status"":true,""class:"":2}}"
2026-02-02T10:14:23.856,"{""sensor"":{""time"":612446,""status"":true,""class:"":2}}"
2026-02-02T10:14:23.946,"{""sensor"":{""time"":612562,""status"":true,""class:"":2}}"
2026-02-02T10:14:24.036,"{""sensor"":{""time"":612677,""status"":true,""class:"":2}}"
2026-02-02T10:14:24.125,"{""sensor"":{""time"":612792,""status"":true,""class:"":2}}"
2026-02-02T10:14:24.261,"{""sensor"":{""time"":612907,""status"":true,""class:"":2}}"
2026-02-02T10:14:24.396,"{""sensor"":{""time"":613023,""status"":true,""class:"":2}}"
2026-02-02T10:14:24.486,"{""sensor"":{""time"":613138,""status"":true,""class:"":2}}"
2026-02-02T10:14:24.710,"{""sensor"":{""time"":613254,""status"":true,""class:"":2}}"
2026-02-02T10:14:24.755,"{""sensor"":{""time"":613369,""status"":true,""class:"":2}}"
2026-02-02T10:14:24.891,"{""sensor"":{""time"":613485,""status"":true,""class:"":2}}"
2026-02-02T10:14:24.981,"{""sensor"":{""time"":613600,""status"":true,""class:"":2}}"
2026-02-02T10:14:25.070,"{""sensor"":{""time"":613716,""status"":true,""class:"":2}}"
2026-02-02T10:14:25.160,"{""sensor"":{""time"":613831,""status"":true,""class:"":2}}"
2026-02-02T10:14:25.296,"{""sensor"":{""time"":613946,""status"":true,""class:"":2}}"
2026-02-02T10:14:25.432,"{""sensor"":{""time"":614062,""status"":true,""class:"":2}}"
2026-02-02T10:14:25.520,"{""sensor"":{""time"":614177,""status"":true,""class:"":2}}"
2026-02-02T10:14:25.656,"{""sensor"":{""time"":614293,""status"":true,""class:"":2}}"
2026-02-02T10:14:25.746,"{""sensor"":{""time"":614408,""status"":true,""class:"":2}}"
2026-02-02T10:14:25.881,"{""sensor"":{""time"":614524,""status"":true,""class:"":2}}"
2026-02-02T10:14:25.971,"{""sensor"":{""time"":614639,""status"":true,""class:"":2}}"
2026-02-02T10:14:26.106,"{""sensor"":{""time"":614754,""status"":true,""class:"":2}}"
2026-02-02T10:14:26.241,"{""sensor"":{""time"":614870,""status"":true,""class:"":2}}"
2026-02-02T10:14:26.331,"{""sensor"":{""time"":614985,""status"":true,""class:"":2}}"
2026-02-02T10:14:26.466,"{""sensor"":{""time"":615101,""status"":true,""class:"":2}}"
2026-02-02T10:14:26.556,"{""sensor"":{""time"":615216,""status"":true,""class:"":2}}"
2026-02-02T10:14:26.691,"{""sensor"":{""time"":615331,""status"":true,""class:"":2}}"
2026-02-02T10:14:26.781,"{""sensor"":{""time"":615447,""status"":true,""class:"":2}}"
2026-02-02T10:14:26.915,"{""sensor"":{""time"":615562,""status"":true,""class:"":2}}"
2026-02-02T10:14:27.140,"{""sensor"":{""time"":615677,""status"":true,""class:"":2}}"
2026-02-02T10:14:27.186,"{""sensor"":{""time"":615793,""status"":true,""class:"":2}}"
2026-02-02T10:14:27.278,"{""sensor"":{""time"":615908,""status"":true,""class:"":2}}"
2026-02-02T10:14:27.365,"{""sensor"":{""time"":616024,""status"":true,""class:"":2}}"
2026-02-02T10:14:27.503,"{""sensor"":{""time"":616139,""status"":true,""class:"":2}}"
2026-02-02T10:14:27.591,"{""sensor"":{""time"":616254,""status"":true,""class:"":2}}"
2026-02-02T10:14:27.725,"{""sensor"":{""time"":616369,""status"":true,""class:"":2}}"
2026-02-02T10:14:27.816,"{""sensor"":{""time"":616485,""status"":true,""class:"":2}}"
2026-02-02T10:14:27.951,"{""sensor"":{""time"":616600,""status"":true,""class:"":2}}"
2026-02-02T10:14:28.086,"{""sensor"":{""time"":616715,""status"":true,""class:"":2}}"
2026-02-02T10:14:28.175,"{""sensor"":{""time"":616831,""status"":true,""class:"":2}}"
2026-02-02T10:14:28.311,"{""sensor"":{""time"":616946,""status"":true,""class:"":2}}"
2026-02-02T10:14:28.401,"{""sensor"":{""time"":617061,""status"":true,""class:"":2}}"
2026-02-02T10:14:28.535,"{""sensor"":{""time"":617177,""status"":true,""class:"":2}}"
2026-02-02T10:14:28.626,"{""sensor"":{""time"":617292,""status"":true,""class:"":2}}"
2026-02-02T10:14:28.760,"{""sensor"":{""time"":617407,""status"":true,""class:"":2}}"
2026-02-02T10:14:28.895,"{""sensor"":{""time"":617523,""status"":true,""class:"":2}}"
2026-02-02T10:14:28.985,"{""sensor"":{""time"":617638,""status"":true,""class:"":2}}"
2026-02-02T10:14:29.121,"{""sensor"":{""time"":617754,""status"":true,""class:"":2}}"
2026-02-02T10:14:29.210,"{""sensor"":{""time"":617869,""status"":true,""class:"":2}}"
2026-02-02T10:14:29.391,"{""sensor"":{""time"":617984,""status"":true,""class:"":2}}"
2026-02-02T10:14:29.481,"{""sensor"":{""time"":618099,""status"":true,""class:"":2}}"
2026-02-02T10:14:29.661,"{""sensor"":{""time"":618215,""status"":true,""class:"":2}}"
2026-02-02T10:14:29.706,"{""sensor"":{""time"":618330,""status"":true,""class:"":2}}"
2026-02-02T10:14:29.799,"{""sensor"":{""time"":618446,""status"":true,""class:"":2}}"
2026-02-02T10:14:29.931,"{""sensor"":{""time"":618561,""status"":true,""class:"":2}}"
2026-02-02T10:14:30.022,"{""sensor"":{""time"":618676,""status"":true,""class:"":2}}"
2026-02-02T10:14:30.201,"{""sensor"":{""time"":618792,""status"":true,""class:"":2}}"
2026-02-02T10:14:30.290,"{""sensor"":{""time"":618907,""status"":true,""class:"":2}}"
2026-02-02T10:14:30.380,"{""sensor"":{""time"":619022,""status"":true,""class:"":2}}"
2026-02-02T10:14:30.471,"{""sensor"":{""time"":619138,""status"":true,""class:"":2}}"
2026-02-02T10:14:30.605,"{""sensor"":{""time"":619253,""status"":true,""class:"":2}}"
2026-02-02T10:14:30.740,"{""sensor"":{""time"":619369,""status"":true,""class:"":2}}"
2026-02-02T10:14:30.830,"{""sensor"":{""time"":619484,""status"":true,""class:"":2}}"
2026-02-02T10:14:30.966,"{""sensor"":{""time"":619600,""status"":true,""class:"":2}}"
2026-02-02T10:14:31.056,"{""sensor"":{""time"":619715,""status"":true,""class:"":2}}"
2026-02-02T10:14:31.190,"{""sensor"":{""time"":619830,""status"":true,""class:"":2}}"
2026-02-02T10:14:31.280,"{""sensor"":{""time"":619945,""status"":true,""class:"":2}}"
2026-02-02T10:14:31.416,"{""sensor"":{""time"":620061,""status"":true,""class:"":2}}"
2026-02-02T10:14:31.551,"{""sensor"":{""time"":620176,""status"":true,""class:"":2}}"
2026-02-02T10:14:31.640,"{""sensor"":{""time"":620292,""status"":true,""class:"":2}}"
2026-02-02T10:14:31.775,"{""sensor"":{""time"":620407,""status"":true,""class:"":2}}"
2026-02-02T10:14:31.866,"{""sensor"":{""time"":620523,""status"":true,""class:"":2}}"
2026-02-02T10:14:32.000,"{""sensor"":{""time"":620638,""status"":true,""class:"":2}}"
2026-02-02T10:14:32.182,"{""sensor"":{""time"":620753,""status"":true,""class:"":2}}"
2026-02-02T10:14:32.269,"{""sensor"":{""time"":620869,""status"":true,""class:"":2}}"
2026-02-02T10:14:32.361,"{""sensor"":{""time"":620984,""status"":true,""class:"":2}}"
2026-02-02T10:14:32.451,"{""sensor"":{""time"":621099,""status"":true,""class:"":2}}"
2026-02-02T10:14:32.587,"{""sensor"":{""time"":621215,""status"":true,""class:"":2}}"
2026-02-02T10:14:32.676,"{""sensor"":{""time"":621330,""status"":true,""class:"":2}}"
2026-02-02T10:14:32.857,"{""sensor"":{""time"":621445,""status"":true,""class:"":2}}"
2026-02-02T10:14:32.944,"{""sensor"":{""time"":621561,""status"":true,""class:"":2}}"
2026-02-02T10:14:33.126,"{""sensor"":{""time"":621676,""status"":true,""class:"":2}}"
2026-02-02T10:14:33.260,"{""sensor"":{""time"":621791,""status"":true,""class:"":2}}"
2026-02-02T10:14:33.308,"{""sensor"":{""time"":621907,""status"":true,""class:"":2}}"
2026-02-02T10:14:33.396,"{""sensor"":{""time"":622022,""status"":true,""class:"":2}}"
2026-02-02T10:14:33.486,"{""sensor"":{""time"":622138,""status"":true,""class:"":2}}"
2026-02-02T10:14:33.621,"{""sensor"":{""time"":622253,""status"":true,""class:"":2}}"
2026-02-02T10:14:33.710,"{""sensor"":{""time"":622369,""status"":true,""class:"":2}}"
2026-02-02T10:14:33.890,"{""sensor"":{""time"":622484,""status"":true,""class:"":2}}"
2026-02-02T10:14:33.980,"{""sensor"":{""time"":622599,""status"":true,""class:"":2}}"
2026-02-02T10:14:34.070,"{""sensor"":{""time"":622715,""status"":true,""class:"":2}}"
2026-02-02T10:14:34.161,"{""sensor"":{""time"":622830,""status"":true,""class:"":2}}"
2026-02-02T10:14:34.296,"{""sensor"":{""time"":622945,""status"":true,""class:"":2}}"
2026-02-02T10:14:34.475,"{""sensor"":{""time"":623060,""status"":true,""class:"":2}}"
2026-02-02T10:14:34.567,"{""sensor"":{""time"":623176,""status"":true,""class:"":2}}"
2026-02-02T10:14:34.656,"{""sensor"":{""time"":623291,""status"":true,""class:"":2}}"
2026-02-02T10:14:34.747,"{""sensor"":{""time"":623407,""status"":true,""class:"":2}}"
2026-02-02T10:14:34.880,"{""sensor"":{""time"":623522,""status"":true,""class:"":2}}"
2026-02-02T10:14:35.015,"{""sensor"":{""time"":623637,""status"":true,""class:"":2}}"
2026-02-02T10:14:35.151,"{""sensor"":{""time"":623753,""status"":true,""class:"":2}}"
2026-02-02T10:14:35.240,"{""sensor"":{""time"":623868,""status"":true,""class:"":2}}"
2026-02-02T10:14:35.329,"{""sensor"":{""time"":623983,""status"":true,""class:"":2}}"
2026-02-02T10:14:35.465,"{""sensor"":{""time"":624099,""status"":true,""class:"":2}}"
2026-02-02T10:14:35.554,"{""sensor"":{""time"":624214,""status"":true,""class:"":2}}"
2026-02-02T10:14:35.690,"{""sensor"":{""time"":624330,""status"":true,""class:"":2}}"
2026-02-02T10:14:35.779,"{""sensor"":{""time"":624445,""status"":true,""class:"":2}}"
2026-02-02T10:14:35.916,"{""sensor"":{""time"":624560,""status"":true,""class:"":2}}"
2026-02-02T10:14:36.050,"{""sensor"":{""time"":624675,""status"":true,""class:"":2}}"
2026-02-02T10:14:36.141,"{""sensor"":{""time"":624791,""status"":true,""class:"":2}}"
2026-02-02T10:14:36.275,"{""sensor"":{""time"":624906,""status"":true,""class:"":2}}"
2026-02-02T10:14:36.366,"{""sensor"":{""time"":625022,""status"":true,""class:"":2}}"
2026-02-02T10:14:36.500,"{""sensor"":{""time"":625137,""status"":true,""class:"":2}}"
2026-02-02T10:14:36.591,"{""sensor"":{""time"":625253,""status"":true,""class:"":2}}"
2026-02-02T10:14:36.724,"{""sensor"":{""time"":625368,""status"":true,""class:"":2}}"
2026-02-02T10:14:36.860,"{""sensor"":{""time"":625484,""status"":true,""class:"":2}}"
2026-02-02T10:14:36.949,"{""sensor"":{""time"":625599,""status"":true,""class:"":2}}"
2026-02-02T10:14:37.174,"{""sensor"":{""time"":625714,""status"":true,""class:"":2}}"
2026-02-02T10:14:37.220,"{""sensor"":{""time"":625829,""status"":true,""class:"":2}}"
2026-02-02T10:14:37.310,"{""sensor"":{""time"":625945,""status"":true,""class:"":2}}"
2026-02-02T10:14:37.399,"{""sensor"":{""time"":626060,""status"":true,""class:"":2}}"
2026-02-02T10:14:37.580,"{""sensor"":{""time"":626175,""status"":true,""class:"":2}}"
2026-02-02T10:14:37.669,"{""sensor"":{""time"":626291,""status"":true,""class:"":2}}"
2026-02-02T10:14:37.760,"{""sensor"":{""time"":626406,""status"":true,""class:"":2}}"
2026-02-02T10:14:37.849,"{""sensor"":{""time"":626522,""status"":true,""class:"":2}}"
2026-02-02T10:14:37.985,"{""sensor"":{""time"":626637,""status"":true,""class:"":2}}"
2026-02-02T10:14:38.120,"{""sensor"":{""time"":626752,""status"":true,""class:"":2}}"
2026-02-02T10:14:38.209,"{""sensor"":{""time"":626867,""status"":true,""class:"":2}}"
2026-02-02T10:14:38.391,"{""sensor"":{""time"":626983,""status"":true,""class:"":2}}"
2026-02-02T10:14:38.480,"{""sensor"":{""time"":627098,""status"":true,""class:"":2}}"
2026-02-02T10:14:38.569,"{""sensor"":{""time"":627213,""status"":true,""class:"":2}}"
2026-02-02T10:14:38.660,"{""sensor"":{""time"":627329,""status"":true,""class:"":2}}"
2026-02-02T10:14:38.796,"{""sensor"":{""time"":627444,""status"":true,""class:"":2}}"
2026-02-02T10:14:38.931,"{""sensor"":{""time"":627559,""status"":true,""class:"":2}}"
2026-02-02T10:14:39.021,"{""sensor"":{""time"":627675,""status"":true,""class:"":2}}"
2026-02-02T10:14:39.155,"{""sensor"":{""time"":627790,""status"":true,""class:"":2}}"
2026-02-02T10:14:39.244,"{""sensor"":{""time"":627906,""status"":true,""class:"":2}}"
2026-02-02T10:14:39.380,"{""sensor"":{""time"":628021,""status"":true,""class:"":2}}"
2026-02-02T10:14:39.514,"{""sensor"":{""time"":628136,""status"":true,""class:"":2}}"
2026-02-02T10:14:39.650,"{""sensor"":{""time"":628252,""status"":true,""class:"":2}}"
2026-02-02T10:14:39.739,"{""sensor"":{""time"":628367,""status"":true,""class:"":2}}"
2026-02-02T10:14:39.829,"{""sensor"":{""time"":628483,""status"":true,""class:"":2}}"
2026-02-02T10:14:39.965,"{""sensor"":{""time"":628598,""status"":true,""class:"":2}}"
2026-02-02T10:14:40.055,"{""sensor"":{""time"":628713,""status"":true,""class:"":2}}"
2026-02-02T10:14:40.189,"{""sensor"":{""time"":628829,""status"":true,""class:"":2}}"
2026-02-02T10:14:40.279,"{""sensor"":{""time"":628944,""status"":true,""class:"":2}}"
2026-02-02T10:14:40.416,"{""sensor"":{""time"":629060,""status"":true,""class:"":2}}"
2026-02-02T10:14:40.504,"{""sensor"":{""time"":629175,""status"":true,""class:"":2}}"
2026-02-02T10:14:40.639,"{""sensor"":{""time"":629291,""status"":true,""class:"":2}}"
2026-02-02T10:14:40.821,"{""sensor"":{""time"":629406,""status"":true,""class:"":2}}"
2026-02-02T10:14:40.910,"{""sensor"":{""time"":629521,""status"":true,""class:"":2}}"
2026-02-02T10:14:41.001,"{""sensor"":{""time"":629637,""status"":true,""class:"":2}}"
2026-02-02T10:14:41.091,"{""sensor"":{""time"":629752,""status"":true,""class:"":2}}"
2026-02-02T10:14:41.226,"{""sensor"":{""time"":629867,""status"":true,""class:"":2}}"
2026-02-02T10:14:41.316,"{""sensor"":{""time"":629983,""status"":true,""class:"":2}}"
2026-02-02T10:14:41.449,"{""sensor"":{""time"":630098,""status"":true,""class:"":2}}"
2026-02-02T10:14:41.585,"{""sensor"":{""time"":630213,""status"":true,""class:"":2}}"
2026-02-02T10:14:41.674,"{""sensor"":{""time"":630329,""status"":true,""class:"":2}}"
2026-02-02T10:14:41.810,"{""sensor"":{""time"":630444,""status"":true,""class:"":2}}"
2026-02-02T10:14:41.900,"{""sensor"":{""time"":630560,""status"":true,""class:"":2}}"
2026-02-02T10:14:42.125,"{""sensor"":{""time"":630675,""status"":true,""class:"":2}}"
2026-02-02T10:14:42.217,"{""sensor"":{""time"":630790,""status"":true,""class:"":2}}"
2026-02-02T10:14:42.305,"{""sensor"":{""time"":630906,""status"":true,""class:"":2}}"
2026-02-02T10:14:42.395,"{""sensor"":{""time"":631021,""status"":true,""class:"":2}}"
2026-02-02T10:14:42.486,"{""sensor"":{""time"":631136,""status"":true,""class:"":2}}"
2026-02-02T10:14:42.620,"{""sensor"":{""time"":631252,""status"":true,""class:"":2}}"
2026-02-02T10:14:42.710,"{""sensor"":{""time"":631367,""status"":true,""class:"":2}}"
2026-02-02T10:14:42.846,"{""sensor"":{""time"":631482,""status"":true,""class:"":2}}"
2026-02-02T10:14:42.935,"{""sensor"":{""time"":631598,""status"":true,""class:"":2}}"
2026-02-02T10:14:43.073,"{""sensor"":{""time"":631713,""status"":true,""class:"":2}}"
2026-02-02T10:14:43.160,"{""sensor"":{""time"":631829,""status"":true,""class:"":2}}"
2026-02-02T10:14:43.295,"{""sensor"":{""time"":631944,""status"":true,""class:"":2}}"
2026-02-02T10:14:43.431,"{""sensor"":{""time"":632060,""status"":true,""class:"":2}}"
2026-02-02T10:14:43.565,"{""sensor"":{""time"":632175,""status"":true,""class:"":2}}"
2026-02-02T10:14:43.655,"{""sensor"":{""time"":632290,""status"":true,""class:"":2}}"
2026-02-02T10:14:43.744,"{""sensor"":{""time"":632405,""status"":true,""class:"":2}}"
2026-02-02T10:14:43.879,"{""sensor"":{""time"":632521,""status"":true,""class:"":2}}"
2026-02-02T10:14:43.970,"{""sensor"":{""time"":632636,""status"":true,""class:"":2}}"
2026-02-02T10:14:44.106,"{""sensor"":{""time"":632751,""status"":true,""class:"":2}}"
2026-02-02T10:14:44.196,"{""sensor"":{""time"":632867,""status"":true,""class:"":2}}"
2026-02-02T10:14:44.330,"{""sensor"":{""time"":632982,""status"":true,""class:"":2}}"
2026-02-02T10:14:44.466,"{""sensor"":{""time"":633097,""status"":true,""class:"":2}}"
2026-02-02T10:14:44.554,"{""sensor"":{""time"":633212,""status"":true,""class:"":2}}"
2026-02-02T10:14:44.689,"{""sensor"":{""time"":633328,""status"":true,""class:"":2}}"
2026-02-02T10:14:44.779,"{""sensor"":{""time"":633443,""status"":true,""class:"":2}}"
2026-02-02T10:14:44.914,"{""sensor"":{""time"":633558,""status"":true,""class:"":2}}"
2026-02-02T10:14:45.005,"{""sensor"":{""time"":633674,""status"":true,""class:"":2}}"
2026-02-02T10:14:45.139,"{""sensor"":{""time"":633789,""status"":true,""class:"":2}}"
2026-02-02T10:14:45.275,"{""sensor"":{""time"":633904,""status"":true,""class:"":2}}"
2026-02-02T10:14:45.365,"{""sensor"":{""time"":634020,""status"":true,""class:"":2}}"
2026-02-02T10:14:45.500,"{""sensor"":{""time"":634135,""status"":true,""class:"":2}}"
2026-02-02T10:14:45.590,"{""sensor"":{""time"":634251,""status"":true,""class:"":2}}"
2026-02-02T10:14:45.769,"{""sensor"":{""time"":634366,""status"":true,""class:"":2}}"
2026-02-02T10:14:45.861,"{""sensor"":{""time"":634481,""status"":true,""class:"":2}}"
2026-02-02T10:14:45.950,"{""sensor"":{""time"":634597,""status"":true,""class:"":2}}"
2026-02-02T10:14:46.039,"{""sensor"":{""time"":634712,""status"":true,""class:"":2}}"
2026-02-02T10:14:46.174,"{""sensor"":{""time"":634827,""status"":true,""class:"":2}}"
2026-02-02T10:14:46.310,"{""sensor"":{""time"":634943,""status"":true,""class:"":2}}"
2026-02-02T10:14:46.399,"{""sensor"":{""time"":635058,""status"":true,""class:"":2}}"
2026-02-02T10:14:46.535,"{""sensor"":{""time"":635174,""status"":true,""class:"":2}}"
2026-02-02T10:14:46.625,"{""sensor"":{""time"":635289,""status"":true,""class:"":2}}"
2026-02-02T10:14:46.759,"{""sensor"":{""time"":635404,""status"":true,""class:"":2}}"
2026-02-02T10:14:46.850,"{""sensor"":{""time"":635520,""status"":true,""class:"":2}}"
2026-02-02T10:14:46.985,"{""sensor"":{""time"":635635,""status"":true,""class:"":2}}"
2026-02-02T10:14:47.165,"{""sensor"":{""time"":635750,""status"":true,""class:"":2}}"
2026-02-02T10:14:47.255,"{""sensor"":{""time"":635866,""status"":true,""class:"":2}}"
2026-02-02T10:14:47.344,"{""sensor"":{""time"":635981,""status"":true,""class:"":2}}"
2026-02-02T10:14:47.436,"{""sensor"":{""time"":636097,""status"":true,""class:"":2}}"
2026-02-02T10:14:47.569,"{""sensor"":{""time"":636212,""status"":true,""class:"":2}}"
2026-02-02T10:14:47.705,"{""sensor"":{""time"":636327,""status"":true,""class:"":2}}"
2026-02-02T10:14:47.794,"{""sensor"":{""time"":636443,""status"":true,""class:"":2}}"
2026-02-02T10:14:47.930,"{""sensor"":{""time"":636558,""status"":true,""class:"":2}}"
2026-02-02T10:14:48.065,"{""sensor"":{""time"":636673,""status"":true,""class:"":2}}"
2026-02-02T10:14:48.155,"{""sensor"":{""time"":636789,""status"":true,""class:"":2}}"
2026-02-02T10:14:48.245,"{""sensor"":{""time"":636904,""status"":true,""class:"":2}}"
2026-02-02T10:14:48.380,"{""sensor"":{""time"":637020,""status"":true,""class:"":2}}"
2026-02-02T10:14:48.515,"{""sensor"":{""time"":637135,""status"":true,""class:"":2}}"
2026-02-02T10:14:48.605,"{""sensor"":{""time"":637251,""status"":true,""class:"":2}}"
2026-02-02T10:14:48.695,"{""sensor"":{""time"":637366,""status"":true,""class:"":2}}"
2026-02-02T10:14:48.830,"{""sensor"":{""time"":637481,""status"":true,""class:"":2}}"
2026-02-02T10:14:48.965,"{""sensor"":{""time"":637596,""status"":true,""class:"":2}}"
2026-02-02T10:14:49.055,"{""sensor"":{""time"":637712,""status"":true,""class:"":2}}"
2026-02-02T10:14:49.189,"{""sensor"":{""time"":637827,""status"":true,""class:"":2}}"
2026-02-02T10:14:49.280,"{""sensor"":{""time"":637943,""status"":true,""class:"":2}}"
2026-02-02T10:14:49.415,"{""sensor"":{""time"":638058,""status"":true,""class:"":2}}"
2026-02-02T10:14:49.504,"{""sensor"":{""time"":638173,""status"":true,""class:"":2}}"
2026-02-02T10:14:49.685,"{""sensor"":{""time"":638289,""status"":true,""class:"":2}}"
2026-02-02T10:14:49.774,"{""sensor"":{""time"":638404,""status"":true,""class:"":2}}"
2026-02-02T10:14:49.865,"{""sensor"":{""time"":638519,""status"":true,""class:"":2}}"
2026-02-02T10:14:50.000,"{""sensor"":{""time"":638635,""status"":true,""class:"":2}}"
2026-02-02T10:14:50.136,"{""sensor"":{""time"":638750,""status"":true,""class:"":2}}"
2026-02-02T10:14:50.225,"{""sensor"":{""time"":638866,""status"":true,""class:"":2}}"
2026-02-02T10:14:50.362,"{""sensor"":{""time"":638981,""status"":true,""class:"":2}}"
2026-02-02T10:14:50.451,"{""sensor"":{""time"":639096,""status"":true,""class:"":2}}"
2026-02-02T10:14:50.541,"{""sensor"":{""time"":639211,""status"":true,""class:"":2}}"
2026-02-02T10:14:50.675,"{""sensor"":{""time"":639327,""status"":true,""class:"":2}}"
2026-02-02T10:14:50.810,"{""sensor"":{""time"":639442,""status"":true,""class:"":2}}"
2026-02-02T10:14:50.900,"{""sensor"":{""time"":639557,""status"":true,""class:"":2}}"
2026-02-02T10:14:51.035,"{""sensor"":{""time"":639673,""status"":true,""class:"":2}}"
2026-02-02T10:14:51.125,"{""sensor"":{""time"":639788,""status"":true,""class:"":2}}"
2026-02-02T10:14:51.260,"{""sensor"":{""time"":639904,""status"":true,""class:"":2}}"
2026-02-02T10:14:51.350,"{""sensor"":{""time"":640019,""status"":true,""class:"":2}}"
2026-02-02T10:14:51.485,"{""sensor"":{""time"":640134,""status"":true,""class:"":2}}"
2026-02-02T10:14:51.620,"{""sensor"":{""time"":640249,""status"":true,""class:"":2}}"
2026-02-02T10:14:51.710,"{""sensor"":{""time"":640365,""status"":true,""class:"":2}}"
2026-02-02T10:14:51.846,"{""sensor"":{""time"":640480,""status"":true,""class:"":2}}"
2026-02-02T10:14:51.935,"{""sensor"":{""time"":640596,""status"":true,""class:"":2}}"
2026-02-02T10:14:52.205,"{""sensor"":{""time"":640711,""status"":true,""class:"":2}}"
2026-02-02T10:14:52.294,"{""sensor"":{""time"":640827,""status"":true,""class:"":2}}"
2026-02-02T10:14:52.341,"{""sensor"":{""time"":640942,""status"":true,""class:"":2}}"
2026-02-02T10:14:52.431,"{""sensor"":{""time"":641057,""status"":true,""class:"":2}}"
2026-02-02T10:14:52.520,"{""sensor"":{""time"":641173,""status"":true,""class:"":2}}"
2026-02-02T10:14:52.655,"{""sensor"":{""time"":641288,""status"":true,""class:"":2}}"
2026-02-02T10:14:52.745,"{""sensor"":{""time"":641403,""status"":true,""class:"":2}}"
2026-02-02T10:14:52.880,"{""sensor"":{""time"":641519,""status"":true,""class:"":2}}"
2026-02-02T10:14:52.969,"{""sensor"":{""time"":641634,""status"":true,""class:"":2}}"
2026-02-02T10:14:53.105,"{""sensor"":{""time"":641749,""status"":true,""class:"":2}}"
2026-02-02T10:14:53.194,"{""sensor"":{""time"":641865,""status"":true,""class:"":2}}"
2026-02-02T10:14:53.330,"{""sensor"":{""time"":641980,""status"":true,""class:"":2}}"
2026-02-02T10:14:53.466,"{""sensor"":{""time"":642095,""status"":true,""class:"":2}}"
2026-02-02T10:14:53.600,"{""sensor"":{""time"":642211,""status"":true,""class:"":2}}"
2026-02-02T10:14:53.689,"{""sensor"":{""time"":642326,""status"":true,""class:"":2}}"
2026-02-02T10:14:53.780,"{""sensor"":{""time"":642442,""status"":true,""class:"":2}}"
2026-02-02T10:14:53.914,"{""sensor"":{""time"":642557,""status"":true,""class:"":2}}"
2026-02-02T10:14:54.004,"{""sensor"":{""time"":642672,""status"":true,""class:"":2}}"
2026-02-02T10:14:54.139,"{""sensor"":{""time"":642787,""status"":true,""class:"":2}}"
2026-02-02T10:14:54.274,"{""sensor"":{""time"":642903,""status"":true,""class:"":2}}"
2026-02-02T10:14:54.410,"{""sensor"":{""time"":643018,""status"":true,""class:"":2}}"
2026-02-02T10:14:54.500,"{""sensor"":{""time"":643134,""status"":true,""class:"":2}}"
2026-02-02T10:14:54.680,"{""sensor"":{""time"":643249,""status"":true,""class:"":2}}"
2026-02-02T10:14:54.770,"{""sensor"":{""time"":643365,""status"":true,""class:"":2}}"
2026-02-02T10:14:54.860,"{""sensor"":{""time"":643480,""status"":true,""class:"":2}}"
2026-02-02T10:14:54.950,"{""sensor"":{""time"":643595,""status"":true,""class:"":2}}"
2026-02-02T10:14:55.040,"{""sensor"":{""time"":643711,""status"":true,""class:"":2}}"
2026-02-02T10:14:55.174,"{""sensor"":{""time"":643826,""status"":true,""class:"":2}}"
2026-02-02T10:14:55.310,"{""sensor"":{""time"":643941,""status"":true,""class:"":2}}"
2026-02-02T10:14:55.445,"{""sensor"":{""time"":644057,""status"":true,""class:"":2}}"
2026-02-02T10:14:55.535,"{""sensor"":{""time"":644172,""status"":true,""class:"":2}}"
2026-02-02T10:14:55.626,"{""sensor"":{""time"":644287,""status"":true,""class:"":2}}"
2026-02-02T10:14:55.761,"{""sensor"":{""time"":644403,""status"":true,""class:"":2}}"
2026-02-02T10:14:55.850,"{""sensor"":{""time"":644518,""status"":true,""class:"":2}}"
2026-02-02T10:14:55.985,"{""sensor"":{""time"":644633,""status"":true,""class:"":2}}"
2026-02-02T10:14:56.120,"{""sensor"":{""time"":644749,""status"":true,""class:"":2}}"
2026-02-02T10:14:56.209,"{""sensor"":{""time"":644864,""status"":true,""class:"":2}}"
2026-02-02T10:14:56.345,"{""sensor"":{""time"":644980,""status"":true,""class:"":2}}"
2026-02-02T10:14:56.435,"{""sensor"":{""time"":645095,""status"":true,""class:"":2}}"
2026-02-02T10:14:56.570,"{""sensor"":{""time"":645210,""status"":true,""class:"":2}}"
2026-02-02T10:14:56.705,"{""sensor"":{""time"":645326,""status"":true,""class:"":2}}"
2026-02-02T10:14:56.795,"{""sensor"":{""time"":645441,""status"":true,""class:"":2}}"
2026-02-02T10:14:56.930,"{""sensor"":{""time"":645556,""status"":true,""class:"":2}}"
2026-02-02T10:14:57.019,"{""sensor"":{""time"":645672,""status"":true,""class:"":2}}"
2026-02-02T10:14:57.154,"{""sensor"":{""time"":645787,""status"":true,""class:"":2}}"
2026-02-02T10:14:57.244,"{""sensor"":{""time"":645903,""status"":true,""class:"":2}}"
2026-02-02T10:14:57.379,"{""sensor"":{""time"":646018,""status"":true,""class:"":2}}"
2026-02-02T10:14:57.469,"{""sensor"":{""time"":646133,""status"":true,""class:"":2}}"
2026-02-02T10:14:57.605,"{""sensor"":{""time"":646249,""status"":true,""class:"":2}}"
2026-02-02T10:14:57.694,"{""sensor"":{""time"":646364,""status"":true,""class:"":2}}"
2026-02-02T10:14:57.829,"{""sensor"":{""time"":646479,""status"":true,""class:"":2}}"
2026-02-02T10:14:58.055,"{""sensor"":{""time"":646595,""status"":true,""class:"":2}}"
2026-02-02T10:14:58.100,"{""sensor"":{""time"":646710,""status"":true,""class:"":2}}"
2026-02-02T10:14:58.188,"{""sensor"":{""time"":646826,""status"":true,""class:"":2}}"
2026-02-02T10:14:58.281,"{""sensor"":{""time"":646941,""status"":true,""class:"":2}}"
2026-02-02T10:14:58.415,"{""sensor"":{""time"":647056,""status"":true,""class:"":2}}"
2026-02-02T10:14:58.551,"{""sensor"":{""time"":647172,""status"":true,""class:"":2}}"
2026-02-02T10:14:58.684,"{""sensor"":{""time"":647287,""status"":true,""class:"":2}}"
2026-02-02T10:14:58.774,"{""sensor"":{""time"":647403,""status"":true,""class:"":2}}"
2026-02-02T10:14:58.909,"{""sensor"":{""time"":647518,""status"":true,""class:"":2}}"
2026-02-02T10:14:58.999,"{""sensor"":{""time"":647633,""status"":true,""class:"":2}}"
2026-02-02T10:14:59.089,"{""sensor"":{""time"":647749,""status"":true,""class:"":2}}"
2026-02-02T10:14:59.225,"{""sensor"":{""time"":647864,""status"":true,""class:"":2}}"
2026-02-02T10:14:59.314,"{""sensor"":{""time"":647979,""status"":true,""class:"":2}}"
2026-02-02T10:14:59.450,"{""sensor"":{""time"":648095,""status"":true,""class:"":2}}"
2026-02-02T10:14:59.584,"{""sensor"":{""time"":648210,""status"":true,""class:"":2}}"
2026-02-02T10:14:59.676,"{""sensor"":{""time"":648325,""status"":true,""class:"":2}}"
2026-02-02T10:14:59.808,"{""sensor"":{""time"":648441,""status"":true,""class:"":2}}"
2026-02-02T10:14:59.943,"{""sensor"":{""time"":648556,""status"":true,""class:"":2}}"
2026-02-02T10:15:00.034,"{""sensor"":{""time"":648671,""status"":true,""class:"":2}}"
2026-02-02T10:15:00.125,"{""sensor"":{""time"":648787,""status"":true,""class:"":2}}"
2026-02-02T10:15:00.260,"{""sensor"":{""time"":648902,""status"":true,""class:"":2}}"
2026-02-02T10:15:00.394,"{""sensor"":{""time"":649018,""status"":true,""class:"":2}}"
2026-02-02T10:15:00.484,"{""sensor"":{""time"":649133,""status"":true,""class:"":2}}"
2026-02-02T10:15:00.573,"{""sensor"":{""time"":649248,""status"":true,""class:"":2}}"
2026-02-02T10:15:00.709,"{""sensor"":{""time"":649364,""status"":true,""class:"":2}}"
2026-02-02T10:15:00.843,"{""sensor"":{""time"":649479,""status"":true,""class:"":2}}"
2026-02-02T10:15:00.934,"{""sensor"":{""time"":649595,""status"":true,""class:"":2}}"
2026-02-02T10:15:01.115,"{""sensor"":{""time"":649710,""status"":true,""class:"":2}}"
2026-02-02T10:15:01.205,"{""sensor"":{""time"":649825,""status"":true,""class:"":2}}"
2026-02-02T10:15:01.295,"{""sensor"":{""time"":649941,""status"":true,""class:"":2}}"
2026-02-02T10:15:01.384,"{""sensor"":{""time"":650056,""status"":true,""class:"":2}}"
2026-02-02T10:15:01.519,"{""sensor"":{""time"":650171,""status"":true,""class:"":2}}"
2026-02-02T10:15:01.653,"{""sensor"":{""time"":650286,""status"":true,""class:"":2}}"
2026-02-02T10:15:01.743,"{""sensor"":{""time"":650402,""status"":true,""class:"":2}}"
2026-02-02T10:15:01.923,"{""sensor"":{""time"":650517,""status"":true,""class:"":2}}"
2026-02-02T10:15:02.013,"{""sensor"":{""time"":650633,""status"":true,""class:"":2}}"
2026-02-02T10:15:02.149,"{""sensor"":{""time"":650748,""status"":true,""class:"":2}}"
2026-02-02T10:15:02.240,"{""sensor"":{""time"":650863,""status"":true,""class:"":2}}"
2026-02-02T10:15:02.329,"{""sensor"":{""time"":650979,""status"":true,""class:"":2}}"
2026-02-02T10:15:02.464,"{""sensor"":{""time"":651094,""status"":true,""class:"":2}}"
2026-02-02T10:15:02.554,"{""sensor"":{""time"":651209,""status"":true,""class:"":2}}"
2026-02-02T10:15:02.690,"{""sensor"":{""time"":651325,""status"":true,""class:"":2}}"
2026-02-02T10:15:02.779,"{""sensor"":{""time"":651440,""status"":true,""class:"":2}}"
2026-02-02T10:15:02.913,"{""sensor"":{""time"":651555,""status"":true,""class:"":2}}"
2026-02-02T10:15:03.005,"{""sensor"":{""time"":651671,""status"":true,""class:"":2}}"
2026-02-02T10:15:03.139,"{""sensor"":{""time"":651787,""status"":true,""class:"":2}}"
2026-02-02T10:15:03.273,"{""sensor"":{""time"":651902,""status"":true,""class:"":2}}"
2026-02-02T10:15:03.364,"{""sensor"":{""time"":652017,""status"":true,""class:"":2}}"
2026-02-02T10:15:03.499,"{""sensor"":{""time"":652133,""status"":true,""class:"":2}}"
2026-02-02T10:15:03.589,"{""sensor"":{""time"":652248,""status"":true,""class:"":2}}"
2026-02-02T10:15:03.724,"{""sensor"":{""time"":652364,""status"":true,""class:"":2}}"
2026-02-02T10:15:03.813,"{""sensor"":{""time"":652479,""status"":true,""class:"":2}}"
2026-02-02T10:15:03.994,"{""sensor"":{""time"":652594,""status"":true,""class:"":2}}"
2026-02-02T10:15:04.084,"{""sensor"":{""time"":652710,""status"":true,""class:"":2}}"
2026-02-02T10:15:04.173,"{""sensor"":{""time"":652825,""status"":true,""class:"":2}}"
2026-02-02T10:15:04.308,"{""sensor"":{""time"":652940,""status"":true,""class:"":2}}"
2026-02-02T10:15:04.399,"{""sensor"":{""time"":653056,""status"":true,""class:"":2}}"
2026-02-02T10:15:04.535,"{""sensor"":{""time"":653171,""status"":true,""class:"":2}}"
2026-02-02T10:15:04.623,"{""sensor"":{""time"":653287,""status"":true,""class:"":2}}"
2026-02-02T10:15:04.758,"{""sensor"":{""time"":653402,""status"":true,""class:"":2}}"
2026-02-02T10:15:04.894,"{""sensor"":{""time"":653517,""status"":true,""class:"":2}}"
2026-02-02T10:15:04.984,"{""sensor"":{""time"":653633,""status"":true,""class:"":2}}"
2026-02-02T10:15:05.074,"{""sensor"":{""time"":653748,""status"":true,""class:"":2}}"
2026-02-02T10:15:05.254,"{""sensor"":{""time"":653864,""status"":true,""class:"":2}}"
2026-02-02T10:15:05.344,"{""sensor"":{""time"":653979,""status"":true,""class:"":2}}"
2026-02-02T10:15:05.433,"{""sensor"":{""time"":654095,""status"":true,""class:"":2}}"
2026-02-02T10:15:05.568,"{""sensor"":{""time"":654210,""status"":true,""class:"":2}}"
2026-02-02T10:15:05.703,"{""sensor"":{""time"":654325,""status"":true,""class:"":2}}"
2026-02-02T10:15:05.842,"{""sensor"":{""time"":654441,""status"":true,""class:"":2}}"
2026-02-02T10:15:05.929,"{""sensor"":{""time"":654556,""status"":true,""class:"":2}}"
2026-02-02T10:15:06.018,"{""sensor"":{""time"":654671,""status"":true,""class:"":2}}"
2026-02-02T10:15:06.153,"{""sensor"":{""time"":654786,""status"":true,""class:"":2}}"
2026-02-02T10:15:06.291,"{""sensor"":{""time"":654902,""status"":true,""class:"":2}}"
2026-02-02T10:15:06.379,"{""sensor"":{""time"":655017,""status"":true,""class:"":2}}"
2026-02-02T10:15:06.470,"{""sensor"":{""time"":655133,""status"":true,""class:"":2}}"
2026-02-02T10:15:06.604,"{""sensor"":{""time"":655248,""status"":true,""class:"":2}}"
2026-02-02T10:15:06.693,"{""sensor"":{""time"":655364,""status"":true,""class:"":2}}"
2026-02-02T10:15:06.873,"{""sensor"":{""time"":655479,""status"":true,""class:"":2}}"
2026-02-02T10:15:06.964,"{""sensor"":{""time"":655595,""status"":true,""class:"":2}}"
2026-02-02T10:15:07.053,"{""sensor"":{""time"":655710,""status"":true,""class:"":2}}"
2026-02-02T10:15:07.189,"{""sensor"":{""time"":655826,""status"":true,""class:"":2}}"
2026-02-02T10:15:07.278,"{""sensor"":{""time"":655941,""status"":true,""class:"":2}}"
2026-02-02T10:15:07.413,"{""sensor"":{""time"":656056,""status"":true,""class:"":2}}"
2026-02-02T10:15:07.503,"{""sensor"":{""time"":656172,""status"":true,""class:"":2}}"
2026-02-02T10:15:07.639,"{""sensor"":{""time"":656287,""status"":true,""class:"":2}}"
2026-02-02T10:15:07.728,"{""sensor"":{""time"":656402,""status"":true,""class:"":2}}"
2026-02-02T10:15:07.908,"{""sensor"":{""time"":656517,""status"":true,""class:"":2}}"
2026-02-02T10:15:08.090,"{""sensor"":{""time"":656632,""status"":true,""class:"":2}}"
2026-02-02T10:15:08.178,"{""sensor"":{""time"":656748,""status"":true,""class:"":2}}"
2026-02-02T10:15:08.268,"{""sensor"":{""time"":656863,""status"":true,""class:"":2}}"
2026-02-02T10:15:08.359,"{""sensor"":{""time"":656978,""status"":true,""class:"":2}}"
2026-02-02T10:15:08.448,"{""sensor"":{""time"":657095,""status"":true,""class:"":2}}"
2026-02-02T10:15:08.540,"{""sensor"":{""time"":657210,""status"":true,""class:"":2}}"
2026-02-02T10:15:08.673,"{""sensor"":{""time"":657325,""status"":true,""class:"":2}}"
2026-02-02T10:15:08.809,"{""sensor"":{""time"":657441,""status"":true,""class:"":2}}"
2026-02-02T10:15:08.899,"{""sensor"":{""time"":657556,""status"":true,""class:"":2}}"
2026-02-02T10:15:09.034,"{""sensor"":{""time"":657671,""status"":true,""class:"":2}}"
2026-02-02T10:15:09.123,"{""sensor"":{""time"":657787,""status"":true,""class:"":2}}"
2026-02-02T10:15:09.260,"{""sensor"":{""time"":657902,""status"":true,""class:"":2}}"
2026-02-02T10:15:09.350,"{""sensor"":{""time"":658018,""status"":true,""class:"":2}}"
2026-02-02T10:15:09.484,"{""sensor"":{""time"":658133,""status"":true,""class:"":2}}"
2026-02-02T10:15:09.574,"{""sensor"":{""time"":658249,""status"":true,""class:"":2}}"
2026-02-02T10:15:09.708,"{""sensor"":{""time"":658364,""status"":true,""class:"":2}}"
2026-02-02T10:15:09.843,"{""sensor"":{""time"":658479,""status"":true,""class:"":2}}"
2026-02-02T10:15:09.934,"{""sensor"":{""time"":658595,""status"":true,""class:"":2}}"
2026-02-02T10:15:10.069,"{""sensor"":{""time"":658710,""status"":true,""class:"":2}}"
2026-02-02T10:15:10.204,"{""sensor"":{""time"":658826,""status"":true,""class:"":2}}"
2026-02-02T10:15:10.339,"{""sensor"":{""time"":658941,""status"":true,""class:"":2}}"
2026-02-02T10:15:10.429,"{""sensor"":{""time"":659056,""status"":true,""class:"":2}}"
2026-02-02T10:15:10.519,"{""sensor"":{""time"":659172,""status"":true,""class:"":2}}"
2026-02-02T10:15:10.653,"{""sensor"":{""time"":659287,""status"":true,""class:"":2}}"
2026-02-02T10:15:10.747,"{""sensor"":{""time"":659402,""status"":true,""class:"":2}}"
2026-02-02T10:15:10.879,"{""sensor"":{""time"":659518,""status"":true,""class:"":2}}"
2026-02-02T10:15:10.968,"{""sensor"":{""time"":659633,""status"":true,""class:"":2}}"
2026-02-02T10:15:11.103,"{""sensor"":{""time"":659748,""status"":true,""class:"":2}}"
2026-02-02T10:15:11.283,"{""sensor"":{""time"":659864,""status"":true,""class:"":2}}"
2026-02-02T10:15:11.374,"{""sensor"":{""time"":659979,""status"":true,""class:"":2}}"
2026-02-02T10:15:11.463,"{""sensor"":{""time"":660095,""status"":true,""class:"":2}}"
2026-02-02T10:15:11.554,"{""sensor"":{""time"":660210,""status"":true,""class:"":2}}"
2026-02-02T10:15:11.689,"{""sensor"":{""time"":660326,""status"":true,""class:"":2}}"
2026-02-02T10:15:11.778,"{""sensor"":{""time"":660441,""status"":true,""class:"":2}}"
2026-02-02T10:15:11.914,"{""sensor"":{""time"":660557,""status"":true,""class:"":2}}"
2026-02-02T10:15:12.004,"{""sensor"":{""time"":660672,""status"":true,""class:"":2}}"
2026-02-02T10:15:12.139,"{""sensor"":{""time"":660787,""status"":true,""class:"":2}}"
2026-02-02T10:15:12.274,"{""sensor"":{""time"":660902,""status"":true,""class:"":2}}"
2026-02-02T10:15:12.364,"{""sensor"":{""time"":661018,""status"":true,""class:"":2}}"
2026-02-02T10:15:12.499,"{""sensor"":{""time"":661133,""status"":true,""class:"":2}}"
2026-02-02T10:15:12.589,"{""sensor"":{""time"":661249,""status"":true,""class:"":2}}"
2026-02-02T10:15:12.724,"{""sensor"":{""time"":661364,""status"":true,""class:"":2}}"
2026-02-02T10:15:12.814,"{""sensor"":{""time"":661480,""status"":true,""class:"":2}}"
2026-02-02T10:15:12.948,"{""sensor"":{""time"":661595,""status"":true,""class:"":2}}"
2026-02-02T10:15:13.038,"{""sensor"":{""time"":661711,""status"":true,""class:"":2}}"
2026-02-02T10:15:13.173,"{""sensor"":{""time"":661826,""status"":true,""class:"":2}}"
2026-02-02T10:15:13.309,"{""sensor"":{""time"":661941,""status"":true,""class:"":2}}"
2026-02-02T10:15:13.398,"{""sensor"":{""time"":662056,""status"":true,""class:"":2}}"
2026-02-02T10:15:13.534,"{""sensor"":{""time"":662172,""status"":true,""class:"":2}}"
2026-02-02T10:15:13.624,"{""sensor"":{""time"":662287,""status"":true,""class:"":2}}"
2026-02-02T10:15:13.759,"{""sensor"":{""time"":662403,""status"":true,""class:"":2}}"
2026-02-02T10:15:13.848,"{""sensor"":{""time"":662518,""status"":true,""class:"":2}}"
2026-02-02T10:15:14.029,"{""sensor"":{""time"":662633,""status"":true,""class:"":2}}"
2026-02-02T10:15:14.119,"{""sensor"":{""time"":662748,""status"":true,""class:"":2}}"
2026-02-02T10:15:14.208,"{""sensor"":{""time"":662864,""status"":true,""class:"":2}}"
2026-02-02T10:15:14.344,"{""sensor"":{""time"":662979,""status"":true,""class:"":2}}"
2026-02-02T10:15:14.433,"{""sensor"":{""time"":663094,""status"":true,""class:"":2}}"
2026-02-02T10:15:14.570,"{""sensor"":{""time"":663210,""status"":true,""class:"":2}}"
2026-02-02T10:15:14.658,"{""sensor"":{""time"":663325,""status"":true,""class:"":2}}"
2026-02-02T10:15:14.838,"{""sensor"":{""time"":663440,""status"":true,""class:"":2}}"
2026-02-02T10:15:14.930,"{""sensor"":{""time"":663556,""status"":true,""class:"":2}}"
2026-02-02T10:15:15.020,"{""sensor"":{""time"":663671,""status"":true,""class:"":2}}"
2026-02-02T10:15:15.153,"{""sensor"":{""time"":663786,""status"":true,""class:"":2}}"
2026-02-02T10:15:15.288,"{""sensor"":{""time"":663902,""status"":true,""class:"":2}}"
2026-02-02T10:15:15.378,"{""sensor"":{""time"":664017,""status"":true,""class:"":2}}"
2026-02-02T10:15:15.468,"{""sensor"":{""time"":664132,""status"":true,""class:"":2}}"
2026-02-02T10:15:15.604,"{""sensor"":{""time"":664248,""status"":true,""class:"":2}}"
2026-02-02T10:15:15.694,"{""sensor"":{""time"":664363,""status"":true,""class:"":2}}"
2026-02-02T10:15:15.829,"{""sensor"":{""time"":664478,""status"":true,""class:"":2}}"
2026-02-02T10:15:15.918,"{""sensor"":{""time"":664594,""status"":true,""class:"":2}}"
2026-02-02T10:15:16.053,"{""sensor"":{""time"":664709,""status"":true,""class:"":2}}"
2026-02-02T10:15:16.188,"{""sensor"":{""time"":664825,""status"":true,""class:"":2}}"
2026-02-02T10:15:16.279,"{""sensor"":{""time"":664940,""status"":true,""class:"":2}}"
2026-02-02T10:15:16.413,"{""sensor"":{""time"":665056,""status"":true,""class:"":2}}"
2026-02-02T10:15:16.504,"{""sensor"":{""time"":665171,""status"":true,""class:"":2}}"
2026-02-02T10:15:16.639,"{""sensor"":{""time"":665286,""status"":true,""class:"":2}}"
2026-02-02T10:15:16.729,"{""sensor"":{""time"":665402,""status"":true,""class:"":2}}"
2026-02-02T10:15:16.865,"{""sensor"":{""time"":665517,""status"":true,""class:"":2}}"
2026-02-02T10:15:16.999,"{""sensor"":{""time"":665632,""status"":true,""class:"":2}}"
2026-02-02T10:15:17.088,"{""sensor"":{""time"":665748,""status"":true,""class:"":2}}"
2026-02-02T10:15:17.224,"{""sensor"":{""time"":665863,""status"":true,""class:"":2}}"
2026-02-02T10:15:17.314,"{""sensor"":{""time"":665979,""status"":true,""class:"":2}}"
2026-02-02T10:15:17.494,"{""sensor"":{""time"":666094,""status"":true,""class:"":2}}"
2026-02-02T10:15:17.584,"{""sensor"":{""time"":666209,""status"":true,""class:"":2}}"
2026-02-02T10:15:17.673,"{""sensor"":{""time"":666325,""status"":true,""class:"":2}}"
2026-02-02T10:15:17.808,"{""sensor"":{""time"":666440,""status"":true,""class:"":2}}"
2026-02-02T10:15:17.899,"{""sensor"":{""time"":666556,""status"":true,""class:"":2}}"
2026-02-02T10:15:18.078,"{""sensor"":{""time"":666672,""status"":true,""class:"":2}}"
2026-02-02T10:15:18.169,"{""sensor"":{""time"":666787,""status"":true,""class:"":2}}"
2026-02-02T10:15:18.259,"{""sensor"":{""time"":666902,""status"":true,""class:"":2}}"
2026-02-02T10:15:18.348,"{""sensor"":{""time"":667017,""status"":true,""class:"":2}}"
2026-02-02T10:15:18.483,"{""sensor"":{""time"":667133,""status"":true,""class:"":2}}"
2026-02-02T10:15:18.619,"{""sensor"":{""time"":667248,""status"":true,""class:"":2}}"
2026-02-02T10:15:18.710,"{""sensor"":{""time"":667364,""status"":true,""class:"":2}}"
2026-02-02T10:15:18.843,"{""sensor"":{""time"":667479,""status"":true,""class:"":2}}"
2026-02-02T10:15:18.934,"{""sensor"":{""time"":667594,""status"":true,""class:"":2}}"
2026-02-02T10:15:19.068,"{""sensor"":{""time"":667709,""status"":true,""class:"":2}}"
2026-02-02T10:15:19.159,"{""sensor"":{""time"":667825,""status"":true,""class:"":2}}"
2026-02-02T10:15:19.295,"{""sensor"":{""time"":667940,""status"":true,""class:"":2}}"
2026-02-02T10:15:19.385,"{""sensor"":{""time"":668056,""status"":true,""class:"":2}}"
2026-02-02T10:15:19.518,"{""sensor"":{""time"":668171,""status"":true,""class:"":2}}"
2026-02-02T10:15:19.654,"{""sensor"":{""time"":668286,""status"":true,""class:"":2}}"
2026-02-02T10:15:19.744,"{""sensor"":{""time"":668401,""status"":true,""class:"":2}}"
2026-02-02T10:15:19.879,"{""sensor"":{""time"":668517,""status"":true,""class:"":2}}"
2026-02-02T10:15:19.968,"{""sensor"":{""time"":668632,""status"":true,""class:"":2}}"
2026-02-02T10:15:20.103,"{""sensor"":{""time"":668748,""status"":true,""class:"":2}}"
2026-02-02T10:15:20.193,"{""sensor"":{""time"":668863,""status"":true,""class:"":2}}"
2026-02-02T10:15:20.328,"{""sensor"":{""time"":668978,""status"":true,""class:"":2}}"
2026-02-02T10:15:20.418,"{""sensor"":{""time"":669093,""status"":true,""class:"":2}}"
2026-02-02T10:15:20.553,"{""sensor"":{""time"":669209,""status"":true,""class:"":2}}"
2026-02-02T10:15:20.689,"{""sensor"":{""time"":669324,""status"":true,""class:"":2}}"
2026-02-02T10:15:20.778,"{""sensor"":{""time"":669439,""status"":true,""class:"":2}}"
2026-02-02T10:15:20.913,"{""sensor"":{""time"":669555,""status"":true,""class:"":2}}"
2026-02-02T10:15:21.004,"{""sensor"":{""time"":669670,""status"":true,""class:"":2}}"
2026-02-02T10:15:21.184,"{""sensor"":{""time"":669786,""status"":true,""class:"":2}}"
2026-02-02T10:15:21.273,"{""sensor"":{""time"":669901,""status"":true,""class:"":2}}"
2026-02-02T10:15:21.363,"{""sensor"":{""time"":670016,""status"":true,""class:"":2}}"
2026-02-02T10:15:21.499,"{""sensor"":{""time"":670131,""status"":true,""class:"":2}}"
2026-02-02T10:15:21.588,"{""sensor"":{""time"":670247,""status"":true,""class:"":2}}"
2026-02-02T10:15:21.723,"{""sensor"":{""time"":670362,""status"":true,""class:"":2}}"
2026-02-02T10:15:21.813,"{""sensor"":{""time"":670478,""status"":true,""class:"":2}}"
2026-02-02T10:15:21.994,"{""sensor"":{""time"":670593,""status"":true,""class:"":2}}"
2026-02-02T10:15:22.084,"{""sensor"":{""time"":670708,""status"":true,""class:"":2}}"
2026-02-02T10:15:22.219,"{""sensor"":{""time"":670824,""status"":true,""class:"":2}}"
2026-02-02T10:15:22.308,"{""sensor"":{""time"":670939,""status"":true,""class:"":2}}"
2026-02-02T10:15:22.398,"{""sensor"":{""time"":671055,""status"":true,""class:"":2}}"
2026-02-02T10:15:22.533,"{""sensor"":{""time"":671170,""status"":true,""class:"":2}}"
2026-02-02T10:15:22.624,"{""sensor"":{""time"":671286,""status"":true,""class:"":2}}"
2026-02-02T10:15:22.759,"{""sensor"":{""time"":671401,""status"":true,""class:"":2}}"
2026-02-02T10:15:22.847,"{""sensor"":{""time"":671517,""status"":true,""class:"":2}}"
2026-02-02T10:15:22.983,"{""sensor"":{""time"":671632,""status"":true,""class:"":2}}"
2026-02-02T10:15:23.119,"{""sensor"":{""time"":671748,""status"":true,""class:"":2}}"
2026-02-02T10:15:23.208,"{""sensor"":{""time"":671863,""status"":true,""class:"":2}}"
2026-02-02T10:15:23.345,"{""sensor"":{""time"":671979,""status"":true,""class:"":2}}"
2026-02-02T10:15:23.434,"{""sensor"":{""time"":672094,""status"":true,""class:"":2}}"
2026-02-02T10:15:23.569,"{""sensor"":{""time"":672209,""status"":true,""class:"":2}}"
2026-02-02T10:15:23.659,"{""sensor"":{""time"":672325,""status"":true,""class:"":2}}"
2026-02-02T10:15:23.794,"{""sensor"":{""time"":672440,""status"":true,""class:"":2}}"
2026-02-02T10:15:23.929,"{""sensor"":{""time"":672555,""status"":true,""class:"":2}}"
2026-02-02T10:15:24.064,"{""sensor"":{""time"":672671,""status"":true,""class:"":2}}"
2026-02-02T10:15:24.153,"{""sensor"":{""time"":672786,""status"":true,""class:"":2}}"
2026-02-02T10:15:24.243,"{""sensor"":{""time"":672902,""status"":true,""class:"":2}}"
2026-02-02T10:15:24.377,"{""sensor"":{""time"":673017,""status"":true,""class:"":2}}"
2026-02-02T10:15:24.467,"{""sensor"":{""time"":673133,""status"":true,""class:"":2}}"
2026-02-02T10:15:24.603,"{""sensor"":{""time"":673248,""status"":true,""class:"":2}}"
2026-02-02T10:15:24.692,"{""sensor"":{""time"":673363,""status"":true,""class:"":2}}"
2026-02-02T10:15:24.872,"{""sensor"":{""time"":673479,""status"":true,""class:"":2}}"
2026-02-02T10:15:25.007,"{""sensor"":{""time"":673594,""status"":true,""class:"":2}}"
2026-02-02T10:15:25.098,"{""sensor"":{""time"":673709,""status"":true,""class:"":2}}"
2026-02-02T10:15:25.187,"{""sensor"":{""time"":673825,""status"":true,""class:"":2}}"
2026-02-02T10:15:25.277,"{""sensor"":{""time"":673940,""status"":true,""class:"":2}}"
2026-02-02T10:15:25.412,"{""sensor"":{""time"":674055,""status"":true,""class:"":2}}"
2026-02-02T10:15:25.503,"{""sensor"":{""time"":674171,""status"":true,""class:"":2}}"
2026-02-02T10:15:25.684,"{""sensor"":{""time"":674286,""status"":true,""class:"":2}}"
2026-02-02T10:15:25.772,"{""sensor"":{""time"":674401,""status"":true,""class:"":2}}"
2026-02-02T10:15:25.909,"{""sensor"":{""time"":674517,""status"":true,""class:"":2}}"
2026-02-02T10:15:25.999,"{""sensor"":{""time"":674632,""status"":true,""class:"":2}}"
2026-02-02T10:15:26.089,"{""sensor"":{""time"":674748,""status"":true,""class:"":2}}"
2026-02-02T10:15:26.223,"{""sensor"":{""time"":674863,""status"":true,""class:"":2}}"
2026-02-02T10:15:26.313,"{""sensor"":{""time"":674978,""status"":true,""class:"":2}}"
2026-02-02T10:15:26.449,"{""sensor"":{""time"":675094,""status"":true,""class:"":2}}"
2026-02-02T10:15:26.538,"{""sensor"":{""time"":675209,""status"":true,""class:"":2}}"
2026-02-02T10:15:26.672,"{""sensor"":{""time"":675324,""status"":true,""class:"":2}}"
2026-02-02T10:15:26.763,"{""sensor"":{""time"":675440,""status"":true,""class:"":2}}"
2026-02-02T10:15:26.897,"{""sensor"":{""time"":675555,""status"":true,""class:"":2}}"
2026-02-02T10:15:27.034,"{""sensor"":{""time"":675670,""status"":true,""class:"":2}}"
2026-02-02T10:15:27.122,"{""sensor"":{""time"":675786,""status"":true,""class:"":2}}"
2026-02-02T10:15:27.257,"{""sensor"":{""time"":675901,""status"":true,""class:"":2}}"
2026-02-02T10:15:27.347,"{""sensor"":{""time"":676017,""status"":true,""class:"":2}}"
2026-02-02T10:15:27.485,"{""sensor"":{""time"":676132,""status"":true,""class:"":2}}"
2026-02-02T10:15:27.574,"{""sensor"":{""time"":676248,""status"":true,""class:"":2}}"
2026-02-02T10:15:27.708,"{""sensor"":{""time"":676363,""status"":true,""class:"":2}}"
2026-02-02T10:15:27.843,"{""sensor"":{""time"":676478,""status"":true,""class:"":2}}"
2026-02-02T10:15:27.933,"{""sensor"":{""time"":676593,""status"":true,""class:"":2}}"
2026-02-02T10:15:28.069,"{""sensor"":{""time"":676709,""status"":true,""class:"":2}}"
2026-02-02T10:15:28.158,"{""sensor"":{""time"":676824,""status"":true,""class:"":2}}"
2026-02-02T10:15:28.294,"{""sensor"":{""time"":676939,""status"":true,""class:"":2}}"
2026-02-02T10:15:28.383,"{""sensor"":{""time"":677055,""status"":true,""class:"":2}}"
2026-02-02T10:15:28.518,"{""sensor"":{""time"":677170,""status"":true,""class:"":2}}"
2026-02-02T10:15:28.653,"{""sensor"":{""time"":677286,""status"":true,""class:"":2}}"
2026-02-02T10:15:28.743,"{""sensor"":{""time"":677401,""status"":true,""class:"":2}}"
2026-02-02T10:15:28.877,"{""sensor"":{""time"":677517,""status"":true,""class:"":2}}"
2026-02-02T10:15:28.967,"{""sensor"":{""time"":677632,""status"":true,""class:"":2}}"
2026-02-02T10:15:29.103,"{""sensor"":{""time"":677747,""status"":true,""class:"":2}}"
2026-02-02T10:15:29.192,"{""sensor"":{""time"":677862,""status"":true,""class:"":2}}"
2026-02-02T10:15:29.328,"{""sensor"":{""time"":677978,""status"":true,""class:"":2}}"
2026-02-02T10:15:29.418,"{""sensor"":{""time"":678093,""status"":true,""class:"":2}}"
2026-02-02T10:15:29.553,"{""sensor"":{""time"":678209,""status"":true,""class:"":2}}"
2026-02-02T10:15:29.687,"{""sensor"":{""time"":678324,""status"":true,""class:"":2}}"
2026-02-02T10:15:29.777,"{""sensor"":{""time"":678439,""status"":true,""class:"":2}}"
2026-02-02T10:15:29.913,"{""sensor"":{""time"":678555,""status"":true,""class:"":2}}"
2026-02-02T10:15:30.003,"{""sensor"":{""time"":678670,""status"":true,""class:"":2}}"
2026-02-02T10:15:30.184,"{""sensor"":{""time"":678785,""status"":true,""class:"":2}}"
2026-02-02T10:15:30.275,"{""sensor"":{""time"":678901,""status"":true,""class:"":2}}"
2026-02-02T10:15:30.362,"{""sensor"":{""time"":679016,""status"":true,""class:"":2}}"
2026-02-02T10:15:30.497,"{""sensor"":{""time"":679131,""status"":true,""class:"":2}}"
2026-02-02T10:15:30.588,"{""sensor"":{""time"":679247,""status"":true,""class:"":2}}"
2026-02-02T10:15:30.723,"{""sensor"":{""time"":679362,""status"":true,""class:"":2}}"
2026-02-02T10:15:30.812,"{""sensor"":{""time"":679478,""status"":true,""class:"":2}}"
2026-02-02T10:15:30.949,"{""sensor"":{""time"":679593,""status"":true,""class:"":2}}"
2026-02-02T10:15:31.037,"{""sensor"":{""time"":679708,""status"":true,""class:"":2}}"
2026-02-02T10:15:31.173,"{""sensor"":{""time"":679824,""status"":true,""class:"":2}}"
2026-02-02T10:15:31.307,"{""sensor"":{""time"":679939,""status"":true,""class:"":2}}"
2026-02-02T10:15:31.398,"{""sensor"":{""time"":680054,""status"":true,""class:"":2}}"
2026-02-02T10:15:31.533,"{""sensor"":{""time"":680170,""status"":true,""class:"":2}}"
2026-02-02T10:15:31.624,"{""sensor"":{""time"":680285,""status"":true,""class:"":2}}"
2026-02-02T10:15:31.758,"{""sensor"":{""time"":680400,""status"":true,""class:"":2}}"
2026-02-02T10:15:31.849,"{""sensor"":{""time"":680516,""status"":true,""class:"":2}}"
2026-02-02T10:15:31.983,"{""sensor"":{""time"":680631,""status"":true,""class:"":2}}"
2026-02-02T10:15:32.072,"{""sensor"":{""time"":680747,""status"":true,""class:"":2}}"
2026-02-02T10:15:32.207,"{""sensor"":{""time"":680862,""status"":true,""class:"":2}}"
2026-02-02T10:15:32.389,"{""sensor"":{""time"":680977,""status"":true,""class:"":2}}"
2026-02-02T10:15:32.478,"{""sensor"":{""time"":681093,""status"":true,""class:"":2}}"
2026-02-02T10:15:32.568,"{""sensor"":{""time"":681208,""status"":true,""class:"":2}}"
2026-02-02T10:15:32.659,"{""sensor"":{""time"":681323,""status"":true,""class:"":2}}"
2026-02-02T10:15:32.792,"{""sensor"":{""time"":681439,""status"":true,""class:"":2}}"
2026-02-02T10:15:32.883,"{""sensor"":{""time"":681554,""status"":true,""class:"":2}}"
2026-02-02T10:15:33.021,"{""sensor"":{""time"":681669,""status"":true,""class:"":2}}"
2026-02-02T10:15:33.153,"{""sensor"":{""time"":681785,""status"":true,""class:"":2}}"
2026-02-02T10:15:33.242,"{""sensor"":{""time"":681900,""status"":true,""class:"":2}}"
2026-02-02T10:15:33.378,"{""sensor"":{""time"":682015,""status"":true,""class:"":2}}"
2026-02-02T10:15:33.467,"{""sensor"":{""time"":682131,""status"":true,""class:"":2}}"
2026-02-02T10:15:33.602,"{""sensor"":{""time"":682246,""status"":true,""class:"":2}}"
2026-02-02T10:15:33.694,"{""sensor"":{""time"":682362,""status"":true,""class:"":2}}"
2026-02-02T10:15:33.831,"{""sensor"":{""time"":682477,""status"":true,""class:"":2}}"
2026-02-02T10:15:33.918,"{""sensor"":{""time"":682593,""status"":true,""class:"":2}}"
2026-02-02T10:15:34.053,"{""sensor"":{""time"":682708,""status"":true,""class:"":2}}"
2026-02-02T10:15:34.189,"{""sensor"":{""time"":682823,""status"":true,""class:"":2}}"
2026-02-02T10:15:34.278,"{""sensor"":{""time"":682939,""status"":true,""class:"":2}}"
2026-02-02T10:15:34.413,"{""sensor"":{""time"":683054,""status"":true,""class:"":2}}"
2026-02-02T10:15:34.502,"{""sensor"":{""time"":683170,""status"":true,""class:"":2}}"
2026-02-02T10:15:34.639,"{""sensor"":{""time"":683285,""status"":true,""class:"":2}}"
2026-02-02T10:15:34.729,"{""sensor"":{""time"":683400,""status"":true,""class:"":2}}"
2026-02-02T10:15:34.862,"{""sensor"":{""time"":683516,""status"":true,""class:"":2}}"
2026-02-02T10:15:34.999,"{""sensor"":{""time"":683631,""status"":true,""class:"":2}}"
2026-02-02T10:15:35.087,"{""sensor"":{""time"":683747,""status"":true,""class:"":2}}"
2026-02-02T10:15:35.224,"{""sensor"":{""time"":683863,""status"":true,""class:"":2}}"
2026-02-02T10:15:35.312,"{""sensor"":{""time"":683978,""status"":true,""class:"":2}}"
2026-02-02T10:15:35.493,"{""sensor"":{""time"":684093,""status"":true,""class:"":2}}"
2026-02-02T10:15:35.583,"{""sensor"":{""time"":684209,""status"":true,""class:"":2}}"
2026-02-02T10:15:35.672,"{""sensor"":{""time"":684324,""status"":true,""class:"":2}}"
2026-02-02T10:15:35.763,"{""sensor"":{""time"":684439,""status"":true,""class:"":2}}"
2026-02-02T10:15:35.899,"{""sensor"":{""time"":684554,""status"":true,""class:"":2}}"
2026-02-02T10:15:36.033,"{""sensor"":{""time"":684670,""status"":true,""class:"":2}}"
2026-02-02T10:15:36.123,"{""sensor"":{""time"":684785,""status"":true,""class:"":2}}"
2026-02-02T10:15:36.259,"{""sensor"":{""time"":684900,""status"":true,""class:"":2}}"
2026-02-02T10:15:36.348,"{""sensor"":{""time"":685016,""status"":true,""class:"":2}}"
2026-02-02T10:15:36.483,"{""sensor"":{""time"":685131,""status"":true,""class:"":2}}"
2026-02-02T10:15:36.618,"{""sensor"":{""time"":685247,""status"":true,""class:"":2}}"
2026-02-02T10:15:36.708,"{""sensor"":{""time"":685362,""status"":true,""class:"":2}}"
2026-02-02T10:15:36.843,"{""sensor"":{""time"":685478,""status"":true,""class:"":2}}"
2026-02-02T10:15:36.932,"{""sensor"":{""time"":685593,""status"":true,""class:"":2}}"
2026-02-02T10:15:37.068,"{""sensor"":{""time"":685708,""status"":true,""class:"":2}}"
2026-02-02T10:15:37.157,"{""sensor"":{""time"":685824,""status"":true,""class:"":2}}"
2026-02-02T10:15:37.293,"{""sensor"":{""time"":685939,""status"":true,""class:"":2}}"
2026-02-02T10:15:37.382,"{""sensor"":{""time"":686054,""status"":true,""class:"":2}}"
2026-02-02T10:15:37.518,"{""sensor"":{""time"":686169,""status"":true,""class:"":2}}"
2026-02-02T10:15:37.608,"{""sensor"":{""time"":686285,""status"":true,""class:"":2}}"
2026-02-02T10:15:37.744,"{""sensor"":{""time"":686400,""status"":true,""class:"":2}}"
2026-02-02T10:15:37.877,"{""sensor"":{""time"":686515,""status"":true,""class:"":2}}"
2026-02-02T10:15:37.967,"{""sensor"":{""time"":686631,""status"":true,""class:"":2}}"
2026-02-02T10:15:38.102,"{""sensor"":{""time"":686746,""status"":true,""class:"":2}}"
2026-02-02T10:15:38.192,"{""sensor"":{""time"":686862,""status"":true,""class:"":2}}"
2026-02-02T10:15:38.328,"{""sensor"":{""time"":686977,""status"":true,""class:"":2}}"
2026-02-02T10:15:38.417,"{""sensor"":{""time"":687093,""status"":true,""class:"":2}}"
2026-02-02T10:15:38.553,"{""sensor"":{""time"":687208,""status"":true,""class:"":2}}"
2026-02-02T10:15:38.687,"{""sensor"":{""time"":687323,""status"":true,""class:"":2}}"
2026-02-02T10:15:38.777,"{""sensor"":{""time"":687439,""status"":true,""class:"":2}}"
2026-02-02T10:15:38.912,"{""sensor"":{""time"":687554,""status"":true,""class:"":2}}"
2026-02-02T10:15:39.047,"{""sensor"":{""time"":687670,""status"":true,""class:"":2}}"
2026-02-02T10:15:39.182,"{""sensor"":{""time"":687785,""status"":true,""class:"":2}}"
2026-02-02T10:15:39.272,"{""sensor"":{""time"":687900,""status"":true,""class:"":2}}"
2026-02-02T10:15:39.362,"{""sensor"":{""time"":688016,""status"":true,""class:"":2}}"
2026-02-02T10:15:39.542,"{""sensor"":{""time"":688131,""status"":true,""class:"":2}}"
2026-02-02T10:15:39.632,"{""sensor"":{""time"":688246,""status"":true,""class:"":2}}"
2026-02-02T10:15:39.722,"{""sensor"":{""time"":688362,""status"":true,""class:"":2}}"
2026-02-02T10:15:39.813,"{""sensor"":{""time"":688477,""status"":true,""class:"":2}}"
2026-02-02T10:15:39.993,"{""sensor"":{""time"":688593,""status"":true,""class:"":2}}"
2026-02-02T10:15:40.129,"{""sensor"":{""time"":688708,""status"":true,""class:"":2}}"
2026-02-02T10:15:40.218,"{""sensor"":{""time"":688823,""status"":true,""class:"":2}}"
2026-02-02T10:15:40.309,"{""sensor"":{""time"":688939,""status"":true,""class:"":2}}"
2026-02-02T10:15:40.399,"{""sensor"":{""time"":689054,""status"":true,""class:"":2}}"
2026-02-02T10:15:40.532,"{""sensor"":{""time"":689169,""status"":true,""class:"":2}}"
2026-02-02T10:15:40.623,"{""sensor"":{""time"":689285,""status"":true,""class:"":2}}"
2026-02-02T10:15:40.803,"{""sensor"":{""time"":689400,""status"":true,""class:"":2}}"
2026-02-02T10:15:40.894,"{""sensor"":{""time"":689516,""status"":true,""class:"":2}}"
2026-02-02T10:15:41.027,"{""sensor"":{""time"":689631,""status"":true,""class:"":2}}"
2026-02-02T10:15:41.118,"{""sensor"":{""time"":689746,""status"":true,""class:"":2}}"
2026-02-02T10:15:41.208,"{""sensor"":{""time"":689862,""status"":true,""class:"":2}}"
2026-02-02T10:15:41.343,"{""sensor"":{""time"":689977,""status"":true,""class:"":2}}"
2026-02-02T10:15:41.478,"{""sensor"":{""time"":690092,""status"":true,""class:"":2}}"
2026-02-02T10:15:41.569,"{""sensor"":{""time"":690208,""status"":true,""class:"":2}}"
2026-02-02T10:15:41.657,"{""sensor"":{""time"":690323,""status"":true,""class:"":2}}"
2026-02-02T10:15:41.793,"{""sensor"":{""time"":690439,""status"":true,""class:"":2}}"
2026-02-02T10:15:41.884,"{""sensor"":{""time"":690554,""status"":true,""class:"":2}}"
2026-02-02T10:15:42.018,"{""sensor"":{""time"":690669,""status"":true,""class:"":2}}"
2026-02-02T10:15:42.152,"{""sensor"":{""time"":690785,""status"":true,""class:"":2}}"
2026-02-02T10:15:42.243,"{""sensor"":{""time"":690900,""status"":true,""class:"":2}}"
2026-02-02T10:15:42.377,"{""sensor"":{""time"":691015,""status"":true,""class:"":2}}"
2026-02-02T10:15:42.468,"{""sensor"":{""time"":691131,""status"":true,""class:"":2}}"
2026-02-02T10:15:42.603,"{""sensor"":{""time"":691246,""status"":true,""class:"":2}}"
2026-02-02T10:15:42.693,"{""sensor"":{""time"":691361,""status"":true,""class:"":2}}"
2026-02-02T10:15:42.828,"{""sensor"":{""time"":691476,""status"":true,""class:"":2}}"
2026-02-02T10:15:42.917,"{""sensor"":{""time"":691592,""status"":true,""class:"":2}}"
2026-02-02T10:15:43.052,"{""sensor"":{""time"":691708,""status"":true,""class:"":2}}"
2026-02-02T10:15:43.187,"{""sensor"":{""time"":691823,""status"":true,""class:"":2}}"
2026-02-02T10:15:43.278,"{""sensor"":{""time"":691938,""status"":true,""class:"":2}}"
2026-02-02T10:15:43.501,"{""sensor"":{""time"":692054,""status"":true,""class:"":2}}"
2026-02-02T10:15:43.548,"{""sensor"":{""time"":692169,""status"":true,""class:"":2}}"
2026-02-02T10:15:43.637,"{""sensor"":{""time"":692284,""status"":true,""class:"":2}}"
2026-02-02T10:15:43.727,"{""sensor"":{""time"":692400,""status"":true,""class:"":2}}"
2026-02-02T10:15:43.863,"{""sensor"":{""time"":692515,""status"":true,""class:"":2}}"
2026-02-02T10:15:43.953,"{""sensor"":{""time"":692631,""status"":true,""class:"":2}}"
2026-02-02T10:15:44.087,"{""sensor"":{""time"":692746,""status"":true,""class:"":2}}"
2026-02-02T10:15:44.223,"{""sensor"":{""time"":692861,""status"":true,""class:"":2}}"
2026-02-02T10:15:44.312,"{""sensor"":{""time"":692977,""status"":true,""class:"":2}}"
2026-02-02T10:15:44.448,"{""sensor"":{""time"":693092,""status"":true,""class:"":2}}"
2026-02-02T10:15:44.537,"{""sensor"":{""time"":693208,""status"":true,""class:"":2}}"
2026-02-02T10:15:44.673,"{""sensor"":{""time"":693323,""status"":true,""class:"":2}}"
2026-02-02T10:15:44.762,"{""sensor"":{""time"":693439,""status"":true,""class:"":2}}"
2026-02-02T10:15:44.898,"{""sensor"":{""time"":693554,""status"":true,""class:"":2}}"
2026-02-02T10:15:45.033,"{""sensor"":{""time"":693669,""status"":true,""class:"":2}}"
2026-02-02T10:15:45.122,"{""sensor"":{""time"":693785,""status"":true,""class:"":2}}"
2026-02-02T10:15:45.257,"{""sensor"":{""time"":693900,""status"":true,""class:"":2}}"
2026-02-02T10:15:45.348,"{""sensor"":{""time"":694015,""status"":true,""class:"":2}}"
2026-02-02T10:15:45.482,"{""sensor"":{""time"":694130,""status"":true,""class:"":2}}"
2026-02-02T10:15:45.572,"{""sensor"":{""time"":694246,""status"":true,""class:"":2}}"
2026-02-02T10:15:45.707,"{""sensor"":{""time"":694361,""status"":true,""class:"":2}}"
2026-02-02T10:15:45.842,"{""sensor"":{""time"":694477,""status"":true,""class:"":2}}"
2026-02-02T10:15:45.977,"{""sensor"":{""time"":694592,""status"":true,""class:"":2}}"
2026-02-02T10:15:46.067,"{""sensor"":{""time"":694708,""status"":true,""class:"":2}}"
2026-02-02T10:15:46.157,"{""sensor"":{""time"":694823,""status"":true,""class:"":2}}"
2026-02-02T10:15:46.292,"{""sensor"":{""time"":694938,""status"":true,""class:"":2}}"
2026-02-02T10:15:46.381,"{""sensor"":{""time"":695054,""status"":true,""class:"":2}}"
2026-02-02T10:15:46.518,"{""sensor"":{""time"":695169,""status"":true,""class:"":2}}"
2026-02-02T10:15:46.606,"{""sensor"":{""time"":695284,""status"":true,""class:"":2}}"
2026-02-02T10:15:46.742,"{""sensor"":{""time"":695400,""status"":true,""class:"":2}}"
2026-02-02T10:15:46.878,"{""sensor"":{""time"":695515,""status"":true,""class:"":2}}"
2026-02-02T10:15:46.969,"{""sensor"":{""time"":695630,""status"":true,""class:"":2}}"
2026-02-02T10:15:47.101,"{""sensor"":{""time"":695746,""status"":true,""class:"":2}}"
2026-02-02T10:15:47.192,"{""sensor"":{""time"":695861,""status"":true,""class:"":2}}"
2026-02-02T10:15:47.328,"{""sensor"":{""time"":695976,""status"":true,""class:"":2}}"
2026-02-02T10:15:47.419,"{""sensor"":{""time"":696092,""status"":true,""class:"":2}}"
2026-02-02T10:15:47.552,"{""sensor"":{""time"":696207,""status"":true,""class:"":2}}"
2026-02-02T10:15:47.687,"{""sensor"":{""time"":696323,""status"":true,""class:"":2}}"
2026-02-02T10:15:47.778,"{""sensor"":{""time"":696438,""status"":true,""class:"":2}}"
2026-02-02T10:15:47.913,"{""sensor"":{""time"":696554,""status"":true,""class:"":2}}"
2026-02-02T10:15:48.002,"{""sensor"":{""time"":696669,""status"":true,""class:"":2}}"
2026-02-02T10:15:48.136,"{""sensor"":{""time"":696785,""status"":true,""class:"":2}}"
2026-02-02T10:15:48.227,"{""sensor"":{""time"":696900,""status"":true,""class:"":2}}"
2026-02-02T10:15:48.361,"{""sensor"":{""time"":697015,""status"":true,""class:"":2}}"
2026-02-02T10:15:48.498,"{""sensor"":{""time"":697131,""status"":true,""class:"":2}}"
2026-02-02T10:15:48.587,"{""sensor"":{""time"":697246,""status"":true,""class:"":2}}"
2026-02-02T10:15:48.721,"{""sensor"":{""time"":697361,""status"":true,""class:"":2}}"
2026-02-02T10:15:48.811,"{""sensor"":{""time"":697477,""status"":true,""class:"":2}}"
2026-02-02T10:15:48.948,"{""sensor"":{""time"":697592,""status"":true,""class:"":2}}"
2026-02-02T10:15:49.037,"{""sensor"":{""time"":697708,""status"":true,""class:"":2}}"
2026-02-02T10:15:49.172,"{""sensor"":{""time"":697823,""status"":true,""class:"":2}}"
2026-02-02T10:15:49.263,"{""sensor"":{""time"":697939,""status"":true,""class:"":2}}"
2026-02-02T10:15:49.396,"{""sensor"":{""time"":698054,""status"":true,""class:"":2}}"
2026-02-02T10:15:49.532,"{""sensor"":{""time"":698169,""status"":true,""class:"":2}}"
2026-02-02T10:15:49.621,"{""sensor"":{""time"":698285,""status"":true,""class:"":2}}"
2026-02-02T10:15:49.756,"{""sensor"":{""time"":698400,""status"":true,""class:"":2}}"
2026-02-02T10:15:49.847,"{""sensor"":{""time"":698516,""status"":true,""class:"":2}}"
2026-02-02T10:15:49.982,"{""sensor"":{""time"":698631,""status"":true,""class:"":2}}"
2026-02-02T10:15:50.072,"{""sensor"":{""time"":698746,""status"":true,""class:"":2}}"
2026-02-02T10:15:50.206,"{""sensor"":{""time"":698862,""status"":true,""class:"":2}}"
2026-02-02T10:15:50.341,"{""sensor"":{""time"":698977,""status"":true,""class:"":2}}"
2026-02-02T10:15:50.431,"{""sensor"":{""time"":699092,""status"":true,""class:"":2}}"
2026-02-02T10:15:50.567,"{""sensor"":{""time"":699208,""status"":true,""class:"":2}}"
2026-02-02T10:15:50.702,"{""sensor"":{""time"":699323,""status"":true,""class:"":2}}"
2026-02-02T10:15:50.792,"{""sensor"":{""time"":699439,""status"":true,""class:"":2}}"
2026-02-02T10:15:50.882,"{""sensor"":{""time"":699554,""status"":true,""class:"":2}}"
2026-02-02T10:15:51.018,"{""sensor"":{""time"":699669,""status"":true,""class:"":2}}"
2026-02-02T10:15:51.107,"{""sensor"":{""time"":699785,""status"":true,""class:"":2}}"
2026-02-02T10:15:51.241,"{""sensor"":{""time"":699900,""status"":true,""class:"":2}}"
2026-02-02T10:15:51.377,"{""sensor"":{""time"":700015,""status"":true,""class:"":2}}"
2026-02-02T10:15:51.467,"{""sensor"":{""time"":700131,""status"":true,""class:"":2}}"
2026-02-02T10:15:51.601,"{""sensor"":{""time"":700246,""status"":true,""class:"":2}}"
2026-02-02T10:15:51.692,"{""sensor"":{""time"":700362,""status"":true,""class:"":2}}"
2026-02-02T10:15:51.826,"{""sensor"":{""time"":700477,""status"":true,""class:"":2}}"
2026-02-02T10:15:51.917,"{""sensor"":{""time"":700593,""status"":true,""class:"":2}}"
2026-02-02T10:15:52.051,"{""sensor"":{""time"":700708,""status"":true,""class:"":2}}"
2026-02-02T10:15:52.187,"{""sensor"":{""time"":700823,""status"":true,""class:"":2}}"
2026-02-02T10:15:52.276,"{""sensor"":{""time"":700939,""status"":true,""class:"":2}}"
2026-02-02T10:15:52.412,"{""sensor"":{""time"":701054,""status"":true,""class:"":2}}"
2026-02-02T10:15:52.501,"{""sensor"":{""time"":701169,""status"":true,""class:"":2}}"
2026-02-02T10:15:52.682,"{""sensor"":{""time"":701285,""status"":true,""class:"":2}}"
2026-02-02T10:15:52.771,"{""sensor"":{""time"":701400,""status"":true,""class:"":2}}"
2026-02-02T10:15:52.862,"{""sensor"":{""time"":701515,""status"":true,""class:"":2}}"
2026-02-02T10:15:52.951,"{""sensor"":{""time"":701631,""status"":true,""class:"":2}}"
2026-02-02T10:15:53.087,"{""sensor"":{""time"":701746,""status"":true,""class:"":2}}"
2026-02-02T10:15:53.223,"{""sensor"":{""time"":701861,""status"":true,""class:"":2}}"
2026-02-02T10:15:53.311,"{""sensor"":{""time"":701977,""status"":true,""class:"":2}}"
2026-02-02T10:15:53.491,"{""sensor"":{""time"":702092,""status"":true,""class:"":2}}"
2026-02-02T10:15:53.582,"{""sensor"":{""time"":702207,""status"":true,""class:"":2}}"
2026-02-02T10:15:53.671,"{""sensor"":{""time"":702323,""status"":true,""class:"":2}}"
2026-02-02T10:15:53.763,"{""sensor"":{""time"":702439,""status"":true,""class:"":2}}"
2026-02-02T10:15:53.896,"{""sensor"":{""time"":702554,""status"":true,""class:"":2}}"
2026-02-02T10:15:54.033,"{""sensor"":{""time"":702669,""status"":true,""class:"":2}}"
2026-02-02T10:15:54.121,"{""sensor"":{""time"":702785,""status"":true,""class:"":2}}"
2026-02-02T10:15:54.257,"{""sensor"":{""time"":702900,""status"":true,""class:"":2}}"
2026-02-02T10:15:54.347,"{""sensor"":{""time"":703015,""status"":true,""class:"":2}}"
2026-02-02T10:15:54.483,"{""sensor"":{""time"":703131,""status"":true,""class:"":2}}"
2026-02-02T10:15:54.572,"{""sensor"":{""time"":703246,""status"":true,""class:"":2}}"
2026-02-02T10:15:54.706,"{""sensor"":{""time"":703362,""status"":true,""class:"":2}}"
2026-02-02T10:15:54.841,"{""sensor"":{""time"":703477,""status"":true,""class:"":2}}"
2026-02-02T10:15:54.932,"{""sensor"":{""time"":703592,""status"":true,""class:"":2}}"
2026-02-02T10:15:55.067,"{""sensor"":{""time"":703708,""status"":true,""class:"":2}}"
2026-02-02T10:15:55.157,"{""sensor"":{""time"":703823,""status"":true,""class:"":2}}"
2026-02-02T10:15:55.292,"{""sensor"":{""time"":703938,""status"":true,""class:"":2}}"
2026-02-02T10:15:55.382,"{""sensor"":{""time"":704054,""status"":true,""class:"":2}}"
2026-02-02T10:15:55.517,"{""sensor"":{""time"":704169,""status"":true,""class:"":2}}"
2026-02-02T10:15:55.651,"{""sensor"":{""time"":704285,""status"":true,""class:"":2}}"
2026-02-02T10:15:55.742,"{""sensor"":{""time"":704400,""status"":true,""class:"":2}}"
2026-02-02T10:15:55.877,"{""sensor"":{""time"":704516,""status"":true,""class:"":2}}"
2026-02-02T10:15:56.056,"{""sensor"":{""time"":704631,""status"":true,""class:"":2}}"
2026-02-02T10:15:56.146,"{""sensor"":{""time"":704747,""status"":true,""class:"":2}}"
2026-02-02T10:15:56.237,"{""sensor"":{""time"":704862,""status"":true,""class:"":2}}"
2026-02-02T10:15:56.371,"{""sensor"":{""time"":704977,""status"":true,""class:"":2}}"
2026-02-02T10:15:56.462,"{""sensor"":{""time"":705093,""status"":true,""class:"":2}}"
2026-02-02T10:15:56.552,"{""sensor"":{""time"":705208,""status"":true,""class:"":2}}"
2026-02-02T10:15:56.686,"{""sensor"":{""time"":705324,""status"":true,""class:"":2}}"
2026-02-02T10:15:56.776,"{""sensor"":{""time"":705439,""status"":true,""class:"":2}}"
2026-02-02T10:15:56.913,"{""sensor"":{""time"":705555,""status"":true,""class:"":2}}"
2026-02-02T10:15:57.001,"{""sensor"":{""time"":705670,""status"":true,""class:"":2}}"
2026-02-02T10:15:57.137,"{""sensor"":{""time"":705786,""status"":true,""class:"":2}}"
2026-02-02T10:15:57.227,"{""sensor"":{""time"":705901,""status"":true,""class:"":2}}"
2026-02-02T10:15:57.362,"{""sensor"":{""time"":706016,""status"":true,""class:"":2}}"
2026-02-02T10:15:57.451,"{""sensor"":{""time"":706131,""status"":true,""class:"":2}}"
2026-02-02T10:15:57.587,"{""sensor"":{""time"":706247,""status"":true,""class:"":2}}"
2026-02-02T10:15:57.812,"{""sensor"":{""time"":706362,""status"":true,""class:"":2}}"
2026-02-02T10:15:57.860,"{""sensor"":{""time"":706478,""status"":true,""class:"":2}}"
2026-02-02T10:15:57.948,"{""sensor"":{""time"":706593,""status"":true,""class:"":2}}"
2026-02-02T10:15:58.036,"{""sensor"":{""time"":706708,""status"":true,""class:"":2}}"
2026-02-02T10:15:58.216,"{""sensor"":{""time"":706824,""status"":true,""class:"":2}}"
2026-02-02T10:15:58.307,"{""sensor"":{""time"":706939,""status"":true,""class:"":2}}"
2026-02-02T10:15:58.396,"{""sensor"":{""time"":707055,""status"":true,""class:"":2}}"
2026-02-02T10:15:58.532,"{""sensor"":{""time"":707170,""status"":true,""class:"":2}}"
2026-02-02T10:15:58.667,"{""sensor"":{""time"":707286,""status"":true,""class:"":2}}"
2026-02-02T10:15:58.757,"{""sensor"":{""time"":707401,""status"":true,""class:"":2}}"
2026-02-02T10:15:58.846,"{""sensor"":{""time"":707516,""status"":true,""class:"":2}}"
2026-02-02T10:15:58.982,"{""sensor"":{""time"":707632,""status"":true,""class:"":2}}"
2026-02-02T10:15:59.073,"{""sensor"":{""time"":707747,""status"":true,""class:"":2}}"
2026-02-02T10:15:59.252,"{""sensor"":{""time"":707862,""status"":true,""class:"":2}}"
2026-02-02T10:15:59.342,"{""sensor"":{""time"":707978,""status"":true,""class:"":2}}"
2026-02-02T10:15:59.431,"{""sensor"":{""time"":708093,""status"":true,""class:"":2}}"
2026-02-02T10:15:59.566,"{""sensor"":{""time"":708208,""status"":true,""class:"":2}}"
2026-02-02T10:15:59.657,"{""sensor"":{""time"":708324,""status"":true,""class:"":2}}"
2026-02-02T10:15:59.791,"{""sensor"":{""time"":708439,""status"":true,""class:"":2}}"
2026-02-02T10:15:59.882,"{""sensor"":{""time"":708555,""status"":true,""class:"":2}}"
2026-02-02T10:16:00.062,"{""sensor"":{""time"":708670,""status"":true,""class:"":2}}"
2026-02-02T10:16:00.106,"{""sensor"":{""time"":708785,""status"":true,""class:"":2}}"
2026-02-02T10:16:00.243,"{""sensor"":{""time"":708901,""status"":true,""class:"":2}}"
2026-02-02T10:16:00.378,"{""sensor"":{""time"":709016,""status"":true,""class:"":2}}"
2026-02-02T10:16:00.466,"{""sensor"":{""time"":709131,""status"":true,""class:"":2}}"
2026-02-02T10:16:00.601,"{""sensor"":{""time"":709247,""status"":true,""class:"":2}}"
2026-02-02T10:16:00.692,"{""sensor"":{""time"":709362,""status"":true,""class:"":2}}"
2026-02-02T10:16:00.827,"{""sensor"":{""time"":709478,""status"":true,""class:"":2}}"
2026-02-02T10:16:01.008,"{""sensor"":{""time"":709593,""status"":true,""class:"":2}}"
2026-02-02T10:16:01.097,"{""sensor"":{""time"":709709,""status"":true,""class:"":2}}"
2026-02-02T10:16:01.232,"{""sensor"":{""time"":709824,""status"":true,""class:"":2}}"
2026-02-02T10:16:01.321,"{""sensor"":{""time"":709940,""status"":true,""class:"":2}}"
2026-02-02T10:16:01.412,"{""sensor"":{""time"":710055,""status"":true,""class:"":2}}"
2026-02-02T10:16:01.501,"{""sensor"":{""time"":710170,""status"":true,""class:"":2}}"
2026-02-02T10:16:01.636,"{""sensor"":{""time"":710286,""status"":true,""class:"":2}}"
2026-02-02T10:16:01.727,"{""sensor"":{""time"":710401,""status"":true,""class:"":2}}"
2026-02-02T10:16:01.863,"{""sensor"":{""time"":710516,""status"":true,""class:"":2}}"
2026-02-02T10:16:01.952,"{""sensor"":{""time"":710632,""status"":true,""class:"":2}}"
2026-02-02T10:16:02.133,"{""sensor"":{""time"":710747,""status"":true,""class:"":2}}"
2026-02-02T10:16:02.222,"{""sensor"":{""time"":710863,""status"":true,""class:"":2}}"
2026-02-02T10:16:02.356,"{""sensor"":{""time"":710978,""status"":true,""class:"":2}}"
2026-02-02T10:16:02.446,"{""sensor"":{""time"":711094,""status"":true,""class:"":2}}"
2026-02-02T10:16:02.536,"{""sensor"":{""time"":711210,""status"":true,""class:"":2}}"
2026-02-02T10:16:02.762,"{""sensor"":{""time"":711325,""status"":true,""class:"":2}}"
2026-02-02T10:16:02.806,"{""sensor"":{""time"":711440,""status"":true,""class:"":2}}"
2026-02-02T10:16:02.897,"{""sensor"":{""time"":711556,""status"":true,""class:"":2}}"
2026-02-02T10:16:03.032,"{""sensor"":{""time"":711671,""status"":true,""class:"":2}}"
2026-02-02T10:16:03.122,"{""sensor"":{""time"":711787,""status"":true,""class:"":2}}"
2026-02-02T10:16:03.258,"{""sensor"":{""time"":711902,""status"":true,""class:"":2}}"
2026-02-02T10:16:03.346,"{""sensor"":{""time"":712017,""status"":true,""class:"":2}}"
2026-02-02T10:16:03.528,"{""sensor"":{""time"":712133,""status"":true,""class:"":2}}"
2026-02-02T10:16:03.617,"{""sensor"":{""time"":712248,""status"":true,""class:"":2}}"
2026-02-02T10:16:03.706,"{""sensor"":{""time"":712363,""status"":true,""class:"":2}}"
2026-02-02T10:16:03.841,"{""sensor"":{""time"":712479,""status"":true,""class:"":2}}"
2026-02-02T10:16:03.931,"{""sensor"":{""time"":712594,""status"":true,""class:"":2}}"
2026-02-02T10:16:04.069,"{""sensor"":{""time"":712709,""status"":true,""class:"":2}}"
2026-02-02T10:16:04.156,"{""sensor"":{""time"":712825,""status"":true,""class:"":2}}"
2026-02-02T10:16:04.291,"{""sensor"":{""time"":712940,""status"":true,""class:"":2}}"
2026-02-02T10:16:04.382,"{""sensor"":{""time"":713056,""status"":true,""class:"":2}}"
2026-02-02T10:16:04.516,"{""sensor"":{""time"":713171,""status"":true,""class:"":2}}"
2026-02-02T10:16:04.651,"{""sensor"":{""time"":713286,""status"":true,""class:"":2}}"
2026-02-02T10:16:04.742,"{""sensor"":{""time"":713402,""status"":true,""class:"":2}}"
2026-02-02T10:16:04.876,"{""sensor"":{""time"":713517,""status"":true,""class:"":2}}"
2026-02-02T10:16:04.966,"{""sensor"":{""time"":713632,""status"":true,""class:"":2}}"
2026-02-02T10:16:05.102,"{""sensor"":{""time"":713748,""status"":true,""class:"":2}}"
2026-02-02T10:16:05.191,"{""sensor"":{""time"":713863,""status"":true,""class:"":2}}"
2026-02-02T10:16:05.327,"{""sensor"":{""time"":713978,""status"":true,""class:"":2}}"
2026-02-02T10:16:05.418,"{""sensor"":{""time"":714094,""status"":true,""class:"":2}}"
2026-02-02T10:16:05.596,"{""sensor"":{""time"":714209,""status"":true,""class:"":2}}"
2026-02-02T10:16:05.686,"{""sensor"":{""time"":714325,""status"":true,""class:"":2}}"
2026-02-02T10:16:05.776,"{""sensor"":{""time"":714440,""status"":true,""class:"":2}}"
2026-02-02T10:16:06.001,"{""sensor"":{""time"":714555,""status"":true,""class:"":2}}"
2026-02-02T10:16:06.046,"{""sensor"":{""time"":714671,""status"":true,""class:"":2}}"
2026-02-02T10:16:06.136,"{""sensor"":{""time"":714786,""status"":true,""class:"":2}}"
2026-02-02T10:16:06.227,"{""sensor"":{""time"":714902,""status"":true,""class:"":2}}"
2026-02-02T10:16:06.361,"{""sensor"":{""time"":715017,""status"":true,""class:"":2}}"
2026-02-02T10:16:06.498,"{""sensor"":{""time"":715133,""status"":true,""class:"":2}}"
2026-02-02T10:16:06.588,"{""sensor"":{""time"":715248,""status"":true,""class:"":2}}"
2026-02-02T10:16:06.721,"{""sensor"":{""time"":715364,""status"":true,""class:"":2}}"
2026-02-02T10:16:06.811,"{""sensor"":{""time"":715479,""status"":true,""class:"":2}}"
2026-02-02T10:16:06.947,"{""sensor"":{""time"":715594,""status"":true,""class:"":2}}"
2026-02-02T10:16:07.036,"{""sensor"":{""time"":715710,""status"":true,""class:"":2}}"
2026-02-02T10:16:07.172,"{""sensor"":{""time"":715825,""status"":true,""class:"":2}}"
2026-02-02T10:16:07.261,"{""sensor"":{""time"":715940,""status"":true,""class:"":2}}"
2026-02-02T10:16:07.398,"{""sensor"":{""time"":716056,""status"":true,""class:"":2}}"
2026-02-02T10:16:07.532,"{""sensor"":{""time"":716171,""status"":true,""class:"":2}}"
2026-02-02T10:16:07.621,"{""sensor"":{""time"":716286,""status"":true,""class:"":2}}"
2026-02-02T10:16:07.756,"{""sensor"":{""time"":716402,""status"":true,""class:"":2}}"
2026-02-02T10:16:07.847,"{""sensor"":{""time"":716517,""status"":true,""class:"":2}}"
2026-02-02T10:16:07.981,"{""sensor"":{""time"":716633,""status"":true,""class:"":2}}"
2026-02-02T10:16:08.072,"{""sensor"":{""time"":716748,""status"":true,""class:"":2}}"
2026-02-02T10:16:08.207,"{""sensor"":{""time"":716863,""status"":true,""class:"":2}}"
2026-02-02T10:16:08.386,"{""sensor"":{""time"":716979,""status"":true,""class:"":2}}"
2026-02-02T10:16:08.521,"{""sensor"":{""time"":717094,""status"":true,""class:"":2}}"
2026-02-02T10:16:08.611,"{""sensor"":{""time"":717209,""status"":true,""class:"":2}}"
2026-02-02T10:16:08.701,"{""sensor"":{""time"":717325,""status"":true,""class:"":2}}"
2026-02-02T10:16:08.791,"{""sensor"":{""time"":717440,""status"":true,""class:"":2}}"
2026-02-02T10:16:08.882,"{""sensor"":{""time"":717556,""status"":true,""class:"":2}}"
2026-02-02T10:16:09.017,"{""sensor"":{""time"":717671,""status"":true,""class:"":2}}"
2026-02-02T10:16:09.108,"{""sensor"":{""time"":717786,""status"":true,""class:"":2}}"
2026-02-02T10:16:09.242,"{""sensor"":{""time"":717902,""status"":true,""class:"":2}}"
2026-02-02T10:16:09.377,"{""sensor"":{""time"":718017,""status"":true,""class:"":2}}"
2026-02-02T10:16:09.467,"{""sensor"":{""time"":718132,""status"":true,""class:"":2}}"
2026-02-02T10:16:09.602,"{""sensor"":{""time"":718248,""status"":true,""class:"":2}}"
2026-02-02T10:16:09.691,"{""sensor"":{""time"":718363,""status"":true,""class:"":2}}"
2026-02-02T10:16:09.826,"{""sensor"":{""time"":718479,""status"":true,""class:"":2}}"
2026-02-02T10:16:09.917,"{""sensor"":{""time"":718594,""status"":true,""class:"":2}}"
2026-02-02T10:16:10.052,"{""sensor"":{""time"":718709,""status"":true,""class:"":2}}"
2026-02-02T10:16:10.186,"{""sensor"":{""time"":718824,""status"":true,""class:"":2}}"
2026-02-02T10:16:10.277,"{""sensor"":{""time"":718940,""status"":true,""class:"":2}}"
2026-02-02T10:16:10.411,"{""sensor"":{""time"":719055,""status"":true,""class:"":2}}"
2026-02-02T10:16:10.501,"{""sensor"":{""time"":719170,""status"":true,""class:"":2}}"
2026-02-02T10:16:10.636,"{""sensor"":{""time"":719286,""status"":true,""class:"":2}}"
2026-02-02T10:16:10.728,"{""sensor"":{""time"":719401,""status"":true,""class:"":2}}"
2026-02-02T10:16:10.863,"{""sensor"":{""time"":719516,""status"":true,""class:"":2}}"
2026-02-02T10:16:10.997,"{""sensor"":{""time"":719632,""status"":true,""class:"":2}}"
2026-02-02T10:16:11.085,"{""sensor"":{""time"":719747,""status"":true,""class:"":2}}"
2026-02-02T10:16:11.221,"{""sensor"":{""time"":719863,""status"":true,""class:"":2}}"
2026-02-02T10:16:11.310,"{""sensor"":{""time"":719978,""status"":true,""class:"":2}}"
2026-02-02T10:16:11.447,"{""sensor"":{""time"":720094,""status"":true,""class:"":2}}"
2026-02-02T10:16:11.535,"{""sensor"":{""time"":720209,""status"":true,""class:"":2}}"
2026-02-02T10:16:11.672,"{""sensor"":{""time"":720325,""status"":true,""class:"":2}}"
2026-02-02T10:16:11.761,"{""sensor"":{""time"":720440,""status"":true,""class:"":2}}"
2026-02-02T10:16:11.898,"{""sensor"":{""time"":720555,""status"":true,""class:"":2}}"
2026-02-02T10:16:12.032,"{""sensor"":{""time"":720670,""status"":true,""class:"":2}}"
2026-02-02T10:16:12.122,"{""sensor"":{""time"":720786,""status"":true,""class:"":2}}"
2026-02-02T10:16:12.256,"{""sensor"":{""time"":720901,""status"":true,""class:"":2}}"
2026-02-02T10:16:12.348,"{""sensor"":{""time"":721017,""status"":true,""class:"":2}}"
2026-02-02T10:16:12.481,"{""sensor"":{""time"":721132,""status"":true,""class:"":2}}"
2026-02-02T10:16:12.616,"{""sensor"":{""time"":721247,""status"":true,""class:"":2}}"
2026-02-02T10:16:12.751,"{""sensor"":{""time"":721363,""status"":true,""class:"":2}}"
2026-02-02T10:16:12.840,"{""sensor"":{""time"":721478,""status"":true,""class:"":2}}"
2026-02-02T10:16:12.931,"{""sensor"":{""time"":721594,""status"":true,""class:"":2}}"
2026-02-02T10:16:13.067,"{""sensor"":{""time"":721709,""status"":true,""class:"":2}}"
2026-02-02T10:16:13.156,"{""sensor"":{""time"":721825,""status"":true,""class:"":2}}"
2026-02-02T10:16:13.292,"{""sensor"":{""time"":721940,""status"":true,""class:"":2}}"
2026-02-02T10:16:13.380,"{""sensor"":{""time"":722055,""status"":true,""class:"":2}}"
2026-02-02T10:16:13.560,"{""sensor"":{""time"":722171,""status"":true,""class:"":2}}"
2026-02-02T10:16:13.650,"{""sensor"":{""time"":722286,""status"":true,""class:"":2}}"
2026-02-02T10:16:13.741,"{""sensor"":{""time"":722401,""status"":true,""class:"":2}}"
2026-02-02T10:16:13.875,"{""sensor"":{""time"":722517,""status"":true,""class:"":2}}"
2026-02-02T10:16:13.966,"{""sensor"":{""time"":722632,""status"":true,""class:"":2}}"
2026-02-02T10:16:14.146,"{""sensor"":{""time"":722747,""status"":true,""class:"":2}}"
2026-02-02T10:16:14.236,"{""sensor"":{""time"":722863,""status"":true,""class:"":2}}"
2026-02-02T10:16:14.372,"{""sensor"":{""time"":722978,""status"":true,""class:"":2}}"
2026-02-02T10:16:14.461,"{""sensor"":{""time"":723094,""status"":true,""class:"":2}}"
2026-02-02T10:16:14.551,"{""sensor"":{""time"":723209,""status"":true,""class:"":2}}"
2026-02-02T10:16:14.731,"{""sensor"":{""time"":723325,""status"":true,""class:"":2}}"
2026-02-02T10:16:14.820,"{""sensor"":{""time"":723440,""status"":true,""class:"":2}}"
2026-02-02T10:16:14.910,"{""sensor"":{""time"":723555,""status"":true,""class:"":2}}"
2026-02-02T10:16:15.000,"{""sensor"":{""time"":723671,""status"":true,""class:"":2}}"
2026-02-02T10:16:15.181,"{""sensor"":{""time"":723786,""status"":true,""class:"":2}}"
2026-02-02T10:16:15.271,"{""sensor"":{""time"":723901,""status"":true,""class:"":2}}"
2026-02-02T10:16:15.405,"{""sensor"":{""time"":724017,""status"":true,""class:"":2}}"
2026-02-02T10:16:15.495,"{""sensor"":{""time"":724132,""status"":true,""class:"":2}}"
2026-02-02T10:16:15.585,"{""sensor"":{""time"":724248,""status"":true,""class:"":2}}"
2026-02-02T10:16:15.720,"{""sensor"":{""time"":724363,""status"":true,""class:"":2}}"
2026-02-02T10:16:15.810,"{""sensor"":{""time"":724479,""status"":true,""class:"":2}}"
2026-02-02T10:16:16.036,"{""sensor"":{""time"":724594,""status"":true,""class:"":2}}"
2026-02-02T10:16:16.081,"{""sensor"":{""time"":724709,""status"":true,""class:"":2}}"
2026-02-02T10:16:16.171,"{""sensor"":{""time"":724825,""status"":true,""class:"":2}}"
2026-02-02T10:16:16.261,"{""sensor"":{""time"":724940,""status"":true,""class:"":2}}"
2026-02-02T10:16:16.395,"{""sensor"":{""time"":725055,""status"":true,""class:"":2}}"
2026-02-02T10:16:16.531,"{""sensor"":{""time"":725171,""status"":true,""class:"":2}}"
2026-02-02T10:16:16.621,"{""sensor"":{""time"":725286,""status"":true,""class:"":2}}"
2026-02-02T10:16:16.801,"{""sensor"":{""time"":725401,""status"":true,""class:"":2}}"
2026-02-02T10:16:16.891,"{""sensor"":{""time"":725517,""status"":true,""class:"":2}}"
2026-02-02T10:16:16.981,"{""sensor"":{""time"":725632,""status"":true,""class:"":2}}"
2026-02-02T10:16:17.070,"{""sensor"":{""time"":725748,""status"":true,""class:"":2}}"
2026-02-02T10:16:17.250,"{""sensor"":{""time"":725863,""status"":true,""class:"":2}}"
2026-02-02T10:16:17.340,"{""sensor"":{""time"":725979,""status"":true,""class:"":2}}"
2026-02-02T10:16:17.430,"{""sensor"":{""time"":726094,""status"":true,""class:"":2}}"
2026-02-02T10:16:17.566,"{""sensor"":{""time"":726210,""status"":true,""class:"":2}}"
2026-02-02T10:16:17.656,"{""sensor"":{""time"":726325,""status"":true,""class:"":2}}"
2026-02-02T10:16:17.790,"{""sensor"":{""time"":726440,""status"":true,""class:"":2}}"
2026-02-02T10:16:17.881,"{""sensor"":{""time"":726556,""status"":true,""class:"":2}}"
2026-02-02T10:16:18.016,"{""sensor"":{""time"":726671,""status"":true,""class:"":2}}"
2026-02-02T10:16:18.150,"{""sensor"":{""time"":726786,""status"":true,""class:"":2}}"
2026-02-02T10:16:18.240,"{""sensor"":{""time"":726902,""status"":true,""class:"":2}}"
2026-02-02T10:16:18.377,"{""sensor"":{""time"":727017,""status"":true,""class:"":2}}"
2026-02-02T10:16:18.511,"{""sensor"":{""time"":727132,""status"":true,""class:"":2}}"
2026-02-02T10:16:18.600,"{""sensor"":{""time"":727248,""status"":true,""class:"":2}}"
2026-02-02T10:16:18.692,"{""sensor"":{""time"":727364,""status"":true,""class:"":2}}"
2026-02-02T10:16:18.826,"{""sensor"":{""time"":727479,""status"":true,""class:"":2}}"
2026-02-02T10:16:18.916,"{""sensor"":{""time"":727594,""status"":true,""class:"":2}}"
2026-02-02T10:16:19.051,"{""sensor"":{""time"":727710,""status"":true,""class:"":2}}"
2026-02-02T10:16:19.186,"{""sensor"":{""time"":727825,""status"":true,""class:"":2}}"
2026-02-02T10:16:19.275,"{""sensor"":{""time"":727940,""status"":true,""class:"":2}}"
2026-02-02T10:16:19.411,"{""sensor"":{""time"":728056,""status"":true,""class:"":2}}"
2026-02-02T10:16:19.500,"{""sensor"":{""time"":728171,""status"":true,""class:"":2}}"
2026-02-02T10:16:19.681,"{""sensor"":{""time"":728286,""status"":true,""class:"":2}}"
2026-02-02T10:16:19.816,"{""sensor"":{""time"":728402,""status"":true,""class:"":2}}"
2026-02-02T10:16:19.905,"{""sensor"":{""time"":728517,""status"":true,""class:"":2}}"
2026-02-02T10:16:19.996,"{""sensor"":{""time"":728633,""status"":true,""class:"":2}}"
2026-02-02T10:16:20.085,"{""sensor"":{""time"":728748,""status"":true,""class:"":2}}"
2026-02-02T10:16:20.220,"{""sensor"":{""time"":728863,""status"":true,""class:"":2}}"
2026-02-02T10:16:20.311,"{""sensor"":{""time"":728978,""status"":true,""class:"":2}}"
2026-02-02T10:16:20.446,"{""sensor"":{""time"":729094,""status"":true,""class:"":2}}"
2026-02-02T10:16:20.536,"{""sensor"":{""time"":729209,""status"":true,""class:"":2}}"
2026-02-02T10:16:20.670,"{""sensor"":{""time"":729324,""status"":true,""class:"":2}}"
2026-02-02T10:16:20.760,"{""sensor"":{""time"":729440,""status"":true,""class:"":2}}"
2026-02-02T10:16:20.897,"{""sensor"":{""time"":729555,""status"":true,""class:"":2}}"
2026-02-02T10:16:21.031,"{""sensor"":{""time"":729670,""status"":true,""class:"":2}}"
2026-02-02T10:16:21.122,"{""sensor"":{""time"":729786,""status"":true,""class:"":2}}"
2026-02-02T10:16:21.256,"{""sensor"":{""time"":729901,""status"":true,""class:"":2}}"
2026-02-02T10:16:21.390,"{""sensor"":{""time"":730016,""status"":true,""class:"":2}}"
2026-02-02T10:16:21.480,"{""sensor"":{""time"":730132,""status"":true,""class:"":2}}"
2026-02-02T10:16:21.570,"{""sensor"":{""time"":730247,""status"":true,""class:"":2}}"
2026-02-02T10:16:21.706,"{""sensor"":{""time"":730363,""status"":true,""class:"":2}}"
2026-02-02T10:16:21.797,"{""sensor"":{""time"":730478,""status"":true,""class:"":2}}"
2026-02-02T10:16:21.930,"{""sensor"":{""time"":730593,""status"":true,""class:"":2}}"
2026-02-02T10:16:22.066,"{""sensor"":{""time"":730709,""status"":true,""class:"":2}}"
2026-02-02T10:16:22.155,"{""sensor"":{""time"":730824,""status"":true,""class:"":2}}"
2026-02-02T10:16:22.291,"{""sensor"":{""time"":730940,""status"":true,""class:"":2}}"
2026-02-02T10:16:22.381,"{""sensor"":{""time"":731055,""status"":true,""class:"":2}}"
2026-02-02T10:16:22.516,"{""sensor"":{""time"":731170,""status"":true,""class:"":2}}"
2026-02-02T10:16:22.606,"{""sensor"":{""time"":731286,""status"":true,""class:"":2}}"
2026-02-02T10:16:22.740,"{""sensor"":{""time"":731401,""status"":true,""class:"":2}}"
2026-02-02T10:16:22.875,"{""sensor"":{""time"":731516,""status"":true,""class:"":2}}"
2026-02-02T10:16:22.967,"{""sensor"":{""time"":731632,""status"":true,""class:"":2}}"
2026-02-02T10:16:23.147,"{""sensor"":{""time"":731747,""status"":true,""class:"":2}}"
2026-02-02T10:16:23.236,"{""sensor"":{""time"":731863,""status"":true,""class:"":2}}"
2026-02-02T10:16:23.325,"{""sensor"":{""time"":731978,""status"":true,""class:"":2}}"
2026-02-02T10:16:23.416,"{""sensor"":{""time"":732093,""status"":true,""class:"":2}}"
2026-02-02T10:16:23.550,"{""sensor"":{""time"":732209,""status"":true,""class:"":2}}"
2026-02-02T10:16:23.730,"{""sensor"":{""time"":732324,""status"":true,""class:"":2}}"
2026-02-02T10:16:23.822,"{""sensor"":{""time"":732439,""status"":true,""class:"":2}}"
2026-02-02T10:16:23.910,"{""sensor"":{""time"":732555,""status"":true,""class:"":2}}"
2026-02-02T10:16:24.000,"{""sensor"":{""time"":732670,""status"":true,""class:"":2}}"
2026-02-02T10:16:24.136,"{""sensor"":{""time"":732786,""status"":true,""class:"":2}}"
2026-02-02T10:16:24.225,"{""sensor"":{""time"":732901,""status"":true,""class:"":2}}"
2026-02-02T10:16:24.361,"{""sensor"":{""time"":733016,""status"":true,""class:"":2}}"
2026-02-02T10:16:24.451,"{""sensor"":{""time"":733132,""status"":true,""class:"":2}}"
2026-02-02T10:16:24.586,"{""sensor"":{""time"":733247,""status"":true,""class:"":2}}"
2026-02-02T10:16:24.720,"{""sensor"":{""time"":733362,""status"":true,""class:"":2}}"
2026-02-02T10:16:24.810,"{""sensor"":{""time"":733478,""status"":true,""class:"":2}}"
2026-02-02T10:16:24.945,"{""sensor"":{""time"":733593,""status"":true,""class:"":2}}"
2026-02-02T10:16:25.035,"{""sensor"":{""time"":733709,""status"":true,""class:"":2}}"
2026-02-02T10:16:25.170,"{""sensor"":{""time"":733824,""status"":true,""class:"":2}}"
2026-02-02T10:16:25.261,"{""sensor"":{""time"":733940,""status"":true,""class:"":2}}"
2026-02-02T10:16:25.395,"{""sensor"":{""time"":734055,""status"":true,""class:"":2}}"
2026-02-02T10:16:25.620,"{""sensor"":{""time"":734170,""status"":true,""class:"":2}}"
2026-02-02T10:16:25.756,"{""sensor"":{""time"":734285,""status"":true,""class:"":2}}"
2026-02-02T10:16:25.845,"{""sensor"":{""time"":734401,""status"":true,""class:"":2}}"
2026-02-02T10:16:25.890,"{""sensor"":{""time"":734516,""status"":true,""class:"":2}}"
2026-02-02T10:16:25.981,"{""sensor"":{""time"":734632,""status"":true,""class:"":2}}"
2026-02-02T10:16:26.115,"{""sensor"":{""time"":734747,""status"":true,""class:"":2}}"
2026-02-02T10:16:26.250,"{""sensor"":{""time"":734862,""status"":true,""class:"":2}}"
2026-02-02T10:16:26.341,"{""sensor"":{""time"":734978,""status"":true,""class:"":2}}"
2026-02-02T10:16:26.430,"{""sensor"":{""time"":735093,""status"":true,""class:"":2}}"
2026-02-02T10:16:26.566,"{""sensor"":{""time"":735208,""status"":true,""class:"":2}}"
2026-02-02T10:16:26.655,"{""sensor"":{""time"":735324,""status"":true,""class:"":2}}"
2026-02-02T10:16:26.790,"{""sensor"":{""time"":735439,""status"":true,""class:"":2}}"
2026-02-02T10:16:26.881,"{""sensor"":{""time"":735554,""status"":true,""class:"":2}}"
2026-02-02T10:16:27.016,"{""sensor"":{""time"":735670,""status"":true,""class:"":2}}"
2026-02-02T10:16:27.105,"{""sensor"":{""time"":735785,""status"":true,""class:"":2}}"
2026-02-02T10:16:27.241,"{""sensor"":{""time"":735901,""status"":true,""class:"":2}}"
2026-02-02T10:16:27.421,"{""sensor"":{""time"":736016,""status"":true,""class:"":2}}"
2026-02-02T10:16:27.511,"{""sensor"":{""time"":736131,""status"":true,""class:"":2}}"
2026-02-02T10:16:27.691,"{""sensor"":{""time"":736247,""status"":true,""class:"":2}}"
2026-02-02T10:16:27.780,"{""sensor"":{""time"":736362,""status"":true,""class:"":2}}"
2026-02-02T10:16:27.870,"{""sensor"":{""time"":736478,""status"":true,""class:"":2}}"
2026-02-02T10:16:27.960,"{""sensor"":{""time"":736593,""status"":true,""class:"":2}}"
2026-02-02T10:16:28.050,"{""sensor"":{""time"":736709,""status"":true,""class:"":2}}"
2026-02-02T10:16:28.186,"{""sensor"":{""time"":736824,""status"":true,""class:"":2}}"
2026-02-02T10:16:28.366,"{""sensor"":{""time"":736939,""status"":true,""class:"":2}}"
2026-02-02T10:16:28.455,"{""sensor"":{""time"":737055,""status"":true,""class:"":2}}"
2026-02-02T10:16:28.546,"{""sensor"":{""time"":737170,""status"":true,""class:"":2}}"
2026-02-02T10:16:28.635,"{""sensor"":{""time"":737286,""status"":true,""class:"":2}}"
2026-02-02T10:16:28.726,"{""sensor"":{""time"":737401,""status"":true,""class:"":2}}"
2026-02-02T10:16:28.861,"{""sensor"":{""time"":737517,""status"":true,""class:"":2}}"
2026-02-02T10:16:28.950,"{""sensor"":{""time"":737632,""status"":true,""class:"":2}}"
2026-02-02T10:16:29.085,"{""sensor"":{""time"":737747,""status"":true,""class:"":2}}"
2026-02-02T10:16:29.220,"{""sensor"":{""time"":737863,""status"":true,""class:"":2}}"
2026-02-02T10:16:29.356,"{""sensor"":{""time"":737978,""status"":true,""class:"":2}}"
2026-02-02T10:16:29.446,"{""sensor"":{""time"":738094,""status"":true,""class:"":2}}"
2026-02-02T10:16:29.536,"{""sensor"":{""time"":738209,""status"":true,""class:"":2}}"
2026-02-02T10:16:29.670,"{""sensor"":{""time"":738324,""status"":true,""class:"":2}}"
2026-02-02T10:16:29.761,"{""sensor"":{""time"":738440,""status"":true,""class:"":2}}"
2026-02-02T10:16:29.895,"{""sensor"":{""time"":738555,""status"":true,""class:"":2}}"
2026-02-02T10:16:30.032,"{""sensor"":{""time"":738671,""status"":true,""class:"":2}}"
2026-02-02T10:16:30.120,"{""sensor"":{""time"":738786,""status"":true,""class:"":2}}"
2026-02-02T10:16:30.300,"{""sensor"":{""time"":738901,""status"":true,""class:"":2}}"
2026-02-02T10:16:30.390,"{""sensor"":{""time"":739017,""status"":true,""class:"":2}}"
2026-02-02T10:16:30.481,"{""sensor"":{""time"":739132,""status"":true,""class:"":2}}"
2026-02-02T10:16:30.570,"{""sensor"":{""time"":739247,""status"":true,""class:"":2}}"
2026-02-02T10:16:30.707,"{""sensor"":{""time"":739363,""status"":true,""class:"":2}}"
2026-02-02T10:16:30.797,"{""sensor"":{""time"":739478,""status"":true,""class:"":2}}"
2026-02-02T10:16:30.931,"{""sensor"":{""time"":739593,""status"":true,""class:"":2}}"
2026-02-02T10:16:31.066,"{""sensor"":{""time"":739709,""status"":true,""class:"":2}}"
2026-02-02T10:16:31.201,"{""sensor"":{""time"":739824,""status"":true,""class:"":2}}"
2026-02-02T10:16:31.292,"{""sensor"":{""time"":739940,""status"":true,""class:"":2}}"
2026-02-02T10:16:31.382,"{""sensor"":{""time"":740055,""status"":true,""class:"":2}}"
2026-02-02T10:16:31.516,"{""sensor"":{""time"":740170,""status"":true,""class:"":2}}"
2026-02-02T10:16:31.652,"{""sensor"":{""time"":740286,""status"":true,""class:"":2}}"
2026-02-02T10:16:31.740,"{""sensor"":{""time"":740401,""status"":true,""class:"":2}}"
2026-02-02T10:16:31.875,"{""sensor"":{""time"":740516,""status"":true,""class:"":2}}"
2026-02-02T10:16:31.966,"{""sensor"":{""time"":740632,""status"":true,""class:"":2}}"
2026-02-02T10:16:32.146,"{""sensor"":{""time"":740747,""status"":true,""class:"":2}}"
2026-02-02T10:16:32.236,"{""sensor"":{""time"":740862,""status"":true,""class:"":2}}"
2026-02-02T10:16:32.327,"{""sensor"":{""time"":740978,""status"":true,""class:"":2}}"
2026-02-02T10:16:32.416,"{""sensor"":{""time"":741093,""status"":true,""class:"":2}}"
2026-02-02T10:16:32.550,"{""sensor"":{""time"":741209,""status"":true,""class:"":2}}"
2026-02-02T10:16:32.685,"{""sensor"":{""time"":741324,""status"":true,""class:"":2}}"
2026-02-02T10:16:32.776,"{""sensor"":{""time"":741440,""status"":true,""class:"":2}}"
2026-02-02T10:16:32.913,"{""sensor"":{""time"":741555,""status"":true,""class:"":2}}"
2026-02-02T10:16:33.045,"{""sensor"":{""time"":741670,""status"":true,""class:"":2}}"
2026-02-02T10:16:33.135,"{""sensor"":{""time"":741786,""status"":true,""class:"":2}}"
2026-02-02T10:16:33.225,"{""sensor"":{""time"":741901,""status"":true,""class:"":2}}"
2026-02-02T10:16:33.360,"{""sensor"":{""time"":742017,""status"":true,""class:"":2}}"
2026-02-02T10:16:33.451,"{""sensor"":{""time"":742132,""status"":true,""class:"":2}}"
2026-02-02T10:16:33.585,"{""sensor"":{""time"":742247,""status"":true,""class:"":2}}"
2026-02-02T10:16:33.810,"{""sensor"":{""time"":742363,""status"":true,""class:"":2}}"
2026-02-02T10:16:33.990,"{""sensor"":{""time"":742478,""status"":true,""class:"":2}}"
2026-02-02T10:16:34.081,"{""sensor"":{""time"":742594,""status"":true,""class:"":2}}"
2026-02-02T10:16:34.170,"{""sensor"":{""time"":742709,""status"":true,""class:"":2}}"
2026-02-02T10:16:34.216,"{""sensor"":{""time"":742824,""status"":true,""class:"":2}}"
2026-02-02T10:16:34.304,"{""sensor"":{""time"":742940,""status"":true,""class:"":2}}"
2026-02-02T10:16:34.396,"{""sensor"":{""time"":743055,""status"":true,""class:"":2}}"
2026-02-02T10:16:34.531,"{""sensor"":{""time"":743171,""status"":true,""class:"":2}}"
2026-02-02T10:16:34.621,"{""sensor"":{""time"":743286,""status"":true,""class:"":2}}"
2026-02-02T10:16:34.755,"{""sensor"":{""time"":743401,""status"":true,""class:"":2}}"
2026-02-02T10:16:34.847,"{""sensor"":{""time"":743517,""status"":true,""class:"":2}}"
2026-02-02T10:16:35.025,"{""sensor"":{""time"":743632,""status"":true,""class:"":2}}"
2026-02-02T10:16:35.160,"{""sensor"":{""time"":743748,""status"":true,""class:"":2}}"
2026-02-02T10:16:35.250,"{""sensor"":{""time"":743863,""status"":true,""class:"":2}}"
2026-02-02T10:16:35.339,"{""sensor"":{""time"":743978,""status"":true,""class:"":2}}"
2026-02-02T10:16:35.430,"{""sensor"":{""time"":744094,""status"":true,""class:"":2}}"
2026-02-02T10:16:35.610,"{""sensor"":{""time"":744209,""status"":true,""class:"":2}}"
2026-02-02T10:16:35.699,"{""sensor"":{""time"":744324,""status"":true,""class:"":2}}"
2026-02-02T10:16:35.790,"{""sensor"":{""time"":744440,""status"":true,""class:"":2}}"
2026-02-02T10:16:35.879,"{""sensor"":{""time"":744555,""status"":true,""class:"":2}}"
2026-02-02T10:16:36.015,"{""sensor"":{""time"":744670,""status"":true,""class:"":2}}"
2026-02-02T10:16:36.151,"{""sensor"":{""time"":744786,""status"":true,""class:"":2}}"
2026-02-02T10:16:36.286,"{""sensor"":{""time"":744901,""status"":true,""class:"":2}}"
2026-02-02T10:16:36.374,"{""sensor"":{""time"":745017,""status"":true,""class:"":2}}"
2026-02-02T10:16:36.465,"{""sensor"":{""time"":745132,""status"":true,""class:"":2}}"
2026-02-02T10:16:36.689,"{""sensor"":{""time"":745248,""status"":true,""class:"":2}}"
2026-02-02T10:16:36.736,"{""sensor"":{""time"":745363,""status"":true,""class:"":2}}"
2026-02-02T10:16:36.824,"{""sensor"":{""time"":745479,""status"":true,""class:"":2}}"
2026-02-02T10:16:36.916,"{""sensor"":{""time"":745594,""status"":true,""class:"":2}}"
2026-02-02T10:16:37.049,"{""sensor"":{""time"":745709,""status"":true,""class:"":2}}"
2026-02-02T10:16:37.231,"{""sensor"":{""time"":745825,""status"":true,""class:"":2}}"
2026-02-02T10:16:37.320,"{""sensor"":{""time"":745940,""status"":true,""class:"":2}}"
2026-02-02T10:16:37.409,"{""sensor"":{""time"":746056,""status"":true,""class:"":2}}"
2026-02-02T10:16:37.500,"{""sensor"":{""time"":746171,""status"":true,""class:"":2}}"
2026-02-02T10:16:37.634,"{""sensor"":{""time"":746286,""status"":true,""class:"":2}}"
2026-02-02T10:16:37.724,"{""sensor"":{""time"":746402,""status"":true,""class:"":2}}"
2026-02-02T10:16:37.864,"{""sensor"":{""time"":746517,""status"":true,""class:"":2}}"
2026-02-02T10:16:37.952,"{""sensor"":{""time"":746632,""status"":true,""class:"":2}}"
2026-02-02T10:16:38.084,"{""sensor"":{""time"":746747,""status"":true,""class:"":2}}"
2026-02-02T10:16:38.266,"{""sensor"":{""time"":746863,""status"":true,""class:"":2}}"
2026-02-02T10:16:38.400,"{""sensor"":{""time"":746978,""status"":true,""class:"":2}}"
2026-02-02T10:16:38.491,"{""sensor"":{""time"":747094,""status"":true,""class:"":2}}"
2026-02-02T10:16:38.579,"{""sensor"":{""time"":747209,""status"":true,""class:"":2}}"
2026-02-02T10:16:38.671,"{""sensor"":{""time"":747324,""status"":true,""class:"":2}}"
2026-02-02T10:16:38.759,"{""sensor"":{""time"":747440,""status"":true,""class:"":2}}"
2026-02-02T10:16:38.894,"{""sensor"":{""time"":747555,""status"":true,""class:"":2}}"
2026-02-02T10:16:39.029,"{""sensor"":{""time"":747671,""status"":true,""class:"":2}}"
2026-02-02T10:16:39.120,"{""sensor"":{""time"":747786,""status"":true,""class:"":2}}"
2026-02-02T10:16:39.256,"{""sensor"":{""time"":747902,""status"":true,""class:"":2}}"
2026-02-02T10:16:39.346,"{""sensor"":{""time"":748017,""status"":true,""class:"":2}}"
2026-02-02T10:16:39.524,"{""sensor"":{""time"":748132,""status"":true,""class:"":2}}"
2026-02-02T10:16:39.614,"{""sensor"":{""time"":748248,""status"":true,""class:"":2}}"
2026-02-02T10:16:39.750,"{""sensor"":{""time"":748363,""status"":true,""class:"":2}}"
2026-02-02T10:16:39.839,"{""sensor"":{""time"":748478,""status"":true,""class:"":2}}"
2026-02-02T10:16:39.930,"{""sensor"":{""time"":748593,""status"":true,""class:"":2}}"
2026-02-02T10:16:40.065,"{""sensor"":{""time"":748709,""status"":true,""class:"":2}}"
2026-02-02T10:16:40.155,"{""sensor"":{""time"":748824,""status"":true,""class:"":2}}"
2026-02-02T10:16:40.381,"{""sensor"":{""time"":748939,""status"":true,""class:"":2}}"
2026-02-02T10:16:40.425,"{""sensor"":{""time"":749055,""status"":true,""class:"":2}}"
2026-02-02T10:16:40.514,"{""sensor"":{""time"":749170,""status"":true,""class:"":2}}"
2026-02-02T10:16:40.604,"{""sensor"":{""time"":749286,""status"":true,""class:"":2}}"
2026-02-02T10:16:40.784,"{""sensor"":{""time"":749401,""status"":true,""class:"":2}}"
2026-02-02T10:16:40.876,"{""sensor"":{""time"":749517,""status"":true,""class:"":2}}"
2026-02-02T10:16:40.965,"{""sensor"":{""time"":749632,""status"":true,""class:"":2}}"
2026-02-02T10:16:41.100,"{""sensor"":{""time"":749748,""status"":true,""class:"":2}}"
2026-02-02T10:16:41.190,"{""sensor"":{""time"":749863,""status"":true,""class:"":2}}"
2026-02-02T10:16:41.369,"{""sensor"":{""time"":749978,""status"":true,""class:"":2}}"
2026-02-02T10:16:41.459,"{""sensor"":{""time"":750094,""status"":true,""class:"":2}}"
2026-02-02T10:16:41.550,"{""sensor"":{""time"":750209,""status"":true,""class:"":2}}"
2026-02-02T10:16:41.685,"{""sensor"":{""time"":750324,""status"":true,""class:"":2}}"
2026-02-02T10:16:41.775,"{""sensor"":{""time"":750440,""status"":true,""class:"":2}}"
2026-02-02T10:16:41.909,"{""sensor"":{""time"":750555,""status"":true,""class:"":2}}"
2026-02-02T10:16:42.001,"{""sensor"":{""time"":750671,""status"":true,""class:"":2}}"
2026-02-02T10:16:42.134,"{""sensor"":{""time"":750786,""status"":true,""class:"":2}}"
2026-02-02T10:16:42.226,"{""sensor"":{""time"":750901,""status"":true,""class:"":2}}"
2026-02-02T10:16:42.405,"{""sensor"":{""time"":751017,""status"":true,""class:"":2}}"
2026-02-02T10:16:42.495,"{""sensor"":{""time"":751132,""status"":true,""class:"":2}}"
2026-02-02T10:16:42.630,"{""sensor"":{""time"":751248,""status"":true,""class:"":2}}"
2026-02-02T10:16:42.720,"{""sensor"":{""time"":751363,""status"":true,""class:"":2}}"
2026-02-02T10:16:42.811,"{""sensor"":{""time"":751479,""status"":true,""class:"":2}}"
2026-02-02T10:16:42.990,"{""sensor"":{""time"":751594,""status"":true,""class:"":2}}"
2026-02-02T10:16:43.080,"{""sensor"":{""time"":751709,""status"":true,""class:"":2}}"
2026-02-02T10:16:43.216,"{""sensor"":{""time"":751825,""status"":true,""class:"":2}}"
2026-02-02T10:16:43.306,"{""sensor"":{""time"":751940,""status"":true,""class:"":2}}"
2026-02-02T10:16:43.394,"{""sensor"":{""time"":752055,""status"":true,""class:"":2}}"
2026-02-02T10:16:43.530,"{""sensor"":{""time"":752170,""status"":true,""class:"":2}}"
2026-02-02T10:16:43.621,"{""sensor"":{""time"":752286,""status"":true,""class:"":2}}"
2026-02-02T10:16:43.755,"{""sensor"":{""time"":752401,""status"":true,""class:"":2}}"
2026-02-02T10:16:43.844,"{""sensor"":{""time"":752517,""status"":true,""class:"":2}}"
2026-02-02T10:16:43.980,"{""sensor"":{""time"":752632,""status"":true,""class:"":2}}"
2026-02-02T10:16:44.073,"{""sensor"":{""time"":752747,""status"":true,""class:"":2}}"
2026-02-02T10:16:44.209,"{""sensor"":{""time"":752863,""status"":true,""class:"":2}}"
2026-02-02T10:16:44.295,"{""sensor"":{""time"":752978,""status"":true,""class:"":2}}"
2026-02-02T10:16:44.429,"{""sensor"":{""time"":753093,""status"":true,""class:"":2}}"
2026-02-02T10:16:44.565,"{""sensor"":{""time"":753209,""status"":true,""class:"":2}}"
2026-02-02T10:16:44.656,"{""sensor"":{""time"":753324,""status"":true,""class:"":2}}"
2026-02-02T10:16:44.792,"{""sensor"":{""time"":753440,""status"":true,""class:"":2}}"
2026-02-02T10:16:44.880,"{""sensor"":{""time"":753555,""status"":true,""class:"":2}}"
2026-02-02T10:16:45.105,"{""sensor"":{""time"":753670,""status"":true,""class:"":2}}"
2026-02-02T10:16:45.196,"{""sensor"":{""time"":753786,""status"":true,""class:"":2}}"
2026-02-02T10:16:45.284,"{""sensor"":{""time"":753901,""status"":true,""class:"":2}}"
2026-02-02T10:16:45.374,"{""sensor"":{""time"":754016,""status"":true,""class:"":2}}"
2026-02-02T10:16:45.467,"{""sensor"":{""time"":754132,""status"":true,""class:"":2}}"
2026-02-02T10:16:45.600,"{""sensor"":{""time"":754247,""status"":true,""class:"":2}}"
2026-02-02T10:16:45.689,"{""sensor"":{""time"":754362,""status"":true,""class:"":2}}"
2026-02-02T10:16:45.824,"{""sensor"":{""time"":754478,""status"":true,""class:"":2}}"
2026-02-02T10:16:45.916,"{""sensor"":{""time"":754593,""status"":true,""class:"":2}}"
2026-02-02T10:16:46.051,"{""sensor"":{""time"":754708,""status"":true,""class:"":2}}"
2026-02-02T10:16:46.185,"{""sensor"":{""time"":754824,""status"":true,""class:"":2}}"
2026-02-02T10:16:46.275,"{""sensor"":{""time"":754939,""status"":true,""class:"":2}}"
2026-02-02T10:16:46.409,"{""sensor"":{""time"":755055,""status"":true,""class:"":2}}"
2026-02-02T10:16:46.499,"{""sensor"":{""time"":755170,""status"":true,""class:"":2}}"
2026-02-02T10:16:46.634,"{""sensor"":{""time"":755285,""status"":true,""class:"":2}}"
2026-02-02T10:16:46.770,"{""sensor"":{""time"":755400,""status"":true,""class:"":2}}"
2026-02-02T10:16:46.904,"{""sensor"":{""time"":755516,""status"":true,""class:"":2}}"
2026-02-02T10:16:46.994,"{""sensor"":{""time"":755631,""status"":true,""class:"":2}}"
2026-02-02T10:16:47.084,"{""sensor"":{""time"":755747,""status"":true,""class:"":2}}"
2026-02-02T10:16:47.266,"{""sensor"":{""time"":755862,""status"":true,""class:"":2}}"
2026-02-02T10:16:47.355,"{""sensor"":{""time"":755977,""status"":true,""class:"":2}}"
2026-02-02T10:16:47.446,"{""sensor"":{""time"":756093,""status"":true,""class:"":2}}"
2026-02-02T10:16:47.534,"{""sensor"":{""time"":756208,""status"":true,""class:"":2}}"
2026-02-02T10:16:47.671,"{""sensor"":{""time"":756323,""status"":true,""class:"":2}}"
2026-02-02T10:16:47.760,"{""sensor"":{""time"":756439,""status"":true,""class:"":2}}"
2026-02-02T10:16:47.895,"{""sensor"":{""time"":756554,""status"":true,""class:"":2}}"
2026-02-02T10:16:47.989,"{""sensor"":{""time"":756670,""status"":true,""class:"":2}}"
2026-02-02T10:16:48.119,"{""sensor"":{""time"":756785,""status"":true,""class:"":2}}"
2026-02-02T10:16:48.254,"{""sensor"":{""time"":756900,""status"":true,""class:"":2}}"
2026-02-02T10:16:48.344,"{""sensor"":{""time"":757016,""status"":true,""class:"":2}}"
2026-02-02T10:16:48.480,"{""sensor"":{""time"":757131,""status"":true,""class:"":2}}"
2026-02-02T10:16:48.615,"{""sensor"":{""time"":757246,""status"":true,""class:"":2}}"
2026-02-02T10:16:48.704,"{""sensor"":{""time"":757362,""status"":true,""class:"":2}}"
2026-02-02T10:16:48.840,"{""sensor"":{""time"":757477,""status"":true,""class:"":2}}"
2026-02-02T10:16:48.930,"{""sensor"":{""time"":757593,""status"":true,""class:"":2}}"
2026-02-02T10:16:49.111,"{""sensor"":{""time"":757708,""status"":true,""class:"":2}}"
2026-02-02T10:16:49.199,"{""sensor"":{""time"":757823,""status"":true,""class:"":2}}"
2026-02-02T10:16:49.289,"{""sensor"":{""time"":757939,""status"":true,""class:"":2}}"
2026-02-02T10:16:49.381,"{""sensor"":{""time"":758054,""status"":true,""class:"":2}}"
2026-02-02T10:16:49.559,"{""sensor"":{""time"":758169,""status"":true,""class:"":2}}"
2026-02-02T10:16:49.649,"{""sensor"":{""time"":758285,""status"":true,""class:"":2}}"
2026-02-02T10:16:49.739,"{""sensor"":{""time"":758400,""status"":true,""class:"":2}}"
2026-02-02T10:16:49.875,"{""sensor"":{""time"":758516,""status"":true,""class:"":2}}"
2026-02-02T10:16:49.964,"{""sensor"":{""time"":758631,""status"":true,""class:"":2}}"
2026-02-02T10:16:50.099,"{""sensor"":{""time"":758747,""status"":true,""class:"":2}}"
2026-02-02T10:16:50.190,"{""sensor"":{""time"":758862,""status"":true,""class:"":2}}"
2026-02-02T10:16:50.325,"{""sensor"":{""time"":758978,""status"":true,""class:"":2}}"
2026-02-02T10:16:50.414,"{""sensor"":{""time"":759093,""status"":true,""class:"":2}}"
2026-02-02T10:16:50.549,"{""sensor"":{""time"":759209,""status"":true,""class:"":2}}"
2026-02-02T10:16:50.641,"{""sensor"":{""time"":759324,""status"":true,""class:"":2}}"
2026-02-02T10:16:50.775,"{""sensor"":{""time"":759440,""status"":true,""class:"":2}}"
2026-02-02T10:16:50.910,"{""sensor"":{""time"":759555,""status"":true,""class:"":2}}"
2026-02-02T10:16:51.090,"{""sensor"":{""time"":759671,""status"":true,""class:"":2}}"
2026-02-02T10:16:51.180,"{""sensor"":{""time"":759786,""status"":true,""class:"":2}}"
2026-02-02T10:16:51.315,"{""sensor"":{""time"":759902,""status"":true,""class:"":2}}"
2026-02-02T10:16:51.406,"{""sensor"":{""time"":760017,""status"":true,""class:"":2}}"
2026-02-02T10:16:51.495,"{""sensor"":{""time"":760133,""status"":true,""class:"":2}}"
2026-02-02T10:16:51.585,"{""sensor"":{""time"":760248,""status"":true,""class:"":2}}"
2026-02-02T10:16:51.719,"{""sensor"":{""time"":760363,""status"":true,""class:"":2}}"
2026-02-02T10:16:51.810,"{""sensor"":{""time"":760479,""status"":true,""class:"":2}}"
2026-02-02T10:16:51.989,"{""sensor"":{""time"":760594,""status"":true,""class:"":2}}"
2026-02-02T10:16:52.081,"{""sensor"":{""time"":760710,""status"":true,""class:"":2}}"
2026-02-02T10:16:52.170,"{""sensor"":{""time"":760825,""status"":true,""class:"":2}}"
2026-02-02T10:16:52.259,"{""sensor"":{""time"":760941,""status"":true,""class:"":2}}"
2026-02-02T10:16:52.396,"{""sensor"":{""time"":761056,""status"":true,""class:"":2}}"
2026-02-02T10:16:52.530,"{""sensor"":{""time"":761171,""status"":true,""class:"":2}}"
2026-02-02T10:16:52.620,"{""sensor"":{""time"":761287,""status"":true,""class:"":2}}"
2026-02-02T10:16:52.755,"{""sensor"":{""time"":761402,""status"":true,""class:"":2}}"
2026-02-02T10:16:52.844,"{""sensor"":{""time"":761518,""status"":true,""class:"":2}}"
2026-02-02T10:16:52.979,"{""sensor"":{""time"":761633,""status"":true,""class:"":2}}"
2026-02-02T10:16:53.073,"{""sensor"":{""time"":761749,""status"":true,""class:"":2}}"
2026-02-02T10:16:53.206,"{""sensor"":{""time"":761864,""status"":true,""class:"":2}}"
2026-02-02T10:16:53.294,"{""sensor"":{""time"":761979,""status"":true,""class:"":2}}"
2026-02-02T10:16:53.430,"{""sensor"":{""time"":762095,""status"":true,""class:"":2}}"
2026-02-02T10:16:53.565,"{""sensor"":{""time"":762210,""status"":true,""class:"":2}}"
2026-02-02T10:16:53.700,"{""sensor"":{""time"":762325,""status"":true,""class:"":2}}"
2026-02-02T10:16:53.789,"{""sensor"":{""time"":762441,""status"":true,""class:"":2}}"
2026-02-02T10:16:53.879,"{""sensor"":{""time"":762556,""status"":true,""class:"":2}}"
2026-02-02T10:16:54.014,"{""sensor"":{""time"":762672,""status"":true,""class:"":2}}"
2026-02-02T10:16:54.149,"{""sensor"":{""time"":762787,""status"":true,""class:"":2}}"
2026-02-02T10:16:54.284,"{""sensor"":{""time"":762902,""status"":true,""class:"":2}}"
2026-02-02T10:16:54.374,"{""sensor"":{""time"":763018,""status"":true,""class:"":2}}"
2026-02-02T10:16:54.465,"{""sensor"":{""time"":763133,""status"":true,""class:"":2}}"
2026-02-02T10:16:54.600,"{""sensor"":{""time"":763248,""status"":true,""class:"":2}}"
2026-02-02T10:16:54.735,"{""sensor"":{""time"":763364,""status"":true,""class:"":2}}"
2026-02-02T10:16:54.824,"{""sensor"":{""time"":763479,""status"":true,""class:"":2}}"
2026-02-02T10:16:55.004,"{""sensor"":{""time"":763595,""status"":true,""class:"":2}}"
2026-02-02T10:16:55.139,"{""sensor"":{""time"":763710,""status"":true,""class:"":2}}"
2026-02-02T10:16:55.229,"{""sensor"":{""time"":763825,""status"":true,""class:"":2}}"
2026-02-02T10:16:55.319,"{""sensor"":{""time"":763941,""status"":true,""class:"":2}}"
2026-02-02T10:16:55.410,"{""sensor"":{""time"":764056,""status"":true,""class:"":2}}"
2026-02-02T10:16:55.499,"{""sensor"":{""time"":764172,""status"":true,""class:"":2}}"
2026-02-02T10:16:55.725,"{""sensor"":{""time"":764287,""status"":true,""class:"":2}}"
2026-02-02T10:16:55.770,"{""sensor"":{""time"":764402,""status"":true,""class:"":2}}"
2026-02-02T10:16:55.860,"{""sensor"":{""time"":764518,""status"":true,""class:"":2}}"
2026-02-02T10:16:55.949,"{""sensor"":{""time"":764633,""status"":true,""class:"":2}}"
2026-02-02T10:16:56.086,"{""sensor"":{""time"":764748,""status"":true,""class:"":2}}"
2026-02-02T10:16:56.220,"{""sensor"":{""time"":764864,""status"":true,""class:"":2}}"
2026-02-02T10:16:56.311,"{""sensor"":{""time"":764979,""status"":true,""class:"":2}}"
2026-02-02T10:16:56.489,"{""sensor"":{""time"":765094,""status"":true,""class:"":2}}"
2026-02-02T10:16:56.581,"{""sensor"":{""time"":765210,""status"":true,""class:"":2}}"
2026-02-02T10:16:56.669,"{""sensor"":{""time"":765325,""status"":true,""class:"":2}}"
2026-02-02T10:16:56.849,"{""sensor"":{""time"":765441,""status"":true,""class:"":2}}"
2026-02-02T10:16:56.941,"{""sensor"":{""time"":765556,""status"":true,""class:"":2}}"
2026-02-02T10:16:57.030,"{""sensor"":{""time"":765672,""status"":true,""class:"":2}}"
2026-02-02T10:16:57.119,"{""sensor"":{""time"":765787,""status"":true,""class:"":2}}"
2026-02-02T10:16:57.254,"{""sensor"":{""time"":765903,""status"":true,""class:"":2}}"
2026-02-02T10:16:57.389,"{""sensor"":{""time"":766018,""status"":true,""class:"":2}}"
2026-02-02T10:16:57.479,"{""sensor"":{""time"":766134,""status"":true,""class:"":2}}"
2026-02-02T10:16:57.569,"{""sensor"":{""time"":766249,""status"":true,""class:"":2}}"
2026-02-02T10:16:57.705,"{""sensor"":{""time"":766364,""status"":true,""class:"":2}}"
2026-02-02T10:16:57.840,"{""sensor"":{""time"":766480,""status"":true,""class:"":2}}"
2026-02-02T10:16:57.930,"{""sensor"":{""time"":766595,""status"":true,""class:"":2}}"
2026-02-02T10:16:58.064,"{""sensor"":{""time"":766710,""status"":true,""class:"":2}}"
2026-02-02T10:16:58.155,"{""sensor"":{""time"":766826,""status"":true,""class:"":2}}"
2026-02-02T10:16:58.290,"{""sensor"":{""time"":766941,""status"":true,""class:"":2}}"
2026-02-02T10:16:58.380,"{""sensor"":{""time"":767056,""status"":true,""class:"":2}}"
2026-02-02T10:16:58.650,"{""sensor"":{""time"":767171,""status"":true,""class:"":2}}"
2026-02-02T10:16:58.739,"{""sensor"":{""time"":767287,""status"":true,""class:"":2}}"
2026-02-02T10:16:58.785,"{""sensor"":{""time"":767402,""status"":true,""class:"":2}}"
2026-02-02T10:16:58.875,"{""sensor"":{""time"":767518,""status"":true,""class:"":2}}"
2026-02-02T10:16:58.964,"{""sensor"":{""time"":767633,""status"":true,""class:"":2}}"
2026-02-02T10:16:59.100,"{""sensor"":{""time"":767748,""status"":true,""class:"":2}}"
2026-02-02T10:16:59.189,"{""sensor"":{""time"":767864,""status"":true,""class:"":2}}"
2026-02-02T10:16:59.325,"{""sensor"":{""time"":767979,""status"":true,""class:"":2}}"
2026-02-02T10:16:59.414,"{""sensor"":{""time"":768094,""status"":true,""class:"":2}}"
2026-02-02T10:16:59.549,"{""sensor"":{""time"":768210,""status"":true,""class:"":2}}"
2026-02-02T10:16:59.640,"{""sensor"":{""time"":768325,""status"":true,""class:"":2}}"
2026-02-02T10:16:59.775,"{""sensor"":{""time"":768440,""status"":true,""class:"":2}}"
2026-02-02T10:16:59.909,"{""sensor"":{""time"":768555,""status"":true,""class:"":2}}"
2026-02-02T10:17:00.000,"{""sensor"":{""time"":768671,""status"":true,""class:"":2}}"
2026-02-02T10:17:00.135,"{""sensor"":{""time"":768786,""status"":true,""class:"":2}}"
2026-02-02T10:17:00.225,"{""sensor"":{""time"":768902,""status"":true,""class:"":2}}"
2026-02-02T10:17:00.359,"{""sensor"":{""time"":769017,""status"":true,""class:"":2}}"
2026-02-02T10:17:00.449,"{""sensor"":{""time"":769133,""status"":true,""class:"":2}}"
2026-02-02T10:17:00.585,"{""sensor"":{""time"":769248,""status"":true,""class:"":2}}"
2026-02-02T10:17:00.719,"{""sensor"":{""time"":769363,""status"":true,""class:"":2}}"
2026-02-02T10:17:00.810,"{""sensor"":{""time"":769479,""status"":true,""class:"":2}}"
2026-02-02T10:17:00.944,"{""sensor"":{""time"":769594,""status"":true,""class:"":2}}"
2026-02-02T10:17:01.080,"{""sensor"":{""time"":769709,""status"":true,""class:"":2}}"
2026-02-02T10:17:01.170,"{""sensor"":{""time"":769825,""status"":true,""class:"":2}}"
2026-02-02T10:17:01.258,"{""sensor"":{""time"":769940,""status"":true,""class:"":2}}"
2026-02-02T10:17:01.395,"{""sensor"":{""time"":770056,""status"":true,""class:"":2}}"
2026-02-02T10:17:01.530,"{""sensor"":{""time"":770171,""status"":true,""class:"":2}}"
2026-02-02T10:17:01.620,"{""sensor"":{""time"":770286,""status"":true,""class:"":2}}"
2026-02-02T10:17:01.755,"{""sensor"":{""time"":770402,""status"":true,""class:"":2}}"
2026-02-02T10:17:01.845,"{""sensor"":{""time"":770517,""status"":true,""class:"":2}}"
2026-02-02T10:17:01.981,"{""sensor"":{""time"":770633,""status"":true,""class:"":2}}"
2026-02-02T10:17:02.070,"{""sensor"":{""time"":770748,""status"":true,""class:"":2}}"
2026-02-02T10:17:02.249,"{""sensor"":{""time"":770863,""status"":true,""class:"":2}}"
2026-02-02T10:17:02.338,"{""sensor"":{""time"":770979,""status"":true,""class:"":2}}"
2026-02-02T10:17:02.429,"{""sensor"":{""time"":771095,""status"":true,""class:"":2}}"
2026-02-02T10:17:02.564,"{""sensor"":{""time"":771210,""status"":true,""class:"":2}}"
2026-02-02T10:17:02.654,"{""sensor"":{""time"":771326,""status"":true,""class:"":2}}"
2026-02-02T10:17:02.790,"{""sensor"":{""time"":771441,""status"":true,""class:"":2}}"
2026-02-02T10:17:02.924,"{""sensor"":{""time"":771556,""status"":true,""class:"":2}}"
2026-02-02T10:17:03.013,"{""sensor"":{""time"":771672,""status"":true,""class:"":2}}"
2026-02-02T10:17:03.104,"{""sensor"":{""time"":771787,""status"":true,""class:"":2}}"
2026-02-02T10:17:03.240,"{""sensor"":{""time"":771903,""status"":true,""class:"":2}}"
2026-02-02T10:17:03.374,"{""sensor"":{""time"":772018,""status"":true,""class:"":2}}"
2026-02-02T10:17:03.464,"{""sensor"":{""time"":772133,""status"":true,""class:"":2}}"
2026-02-02T10:17:03.599,"{""sensor"":{""time"":772249,""status"":true,""class:"":2}}"
2026-02-02T10:17:03.688,"{""sensor"":{""time"":772364,""status"":true,""class:"":2}}"
2026-02-02T10:17:03.823,"{""sensor"":{""time"":772480,""status"":true,""class:"":2}}"
2026-02-02T10:17:04.003,"{""sensor"":{""time"":772595,""status"":true,""class:"":2}}"
2026-02-02T10:17:04.094,"{""sensor"":{""time"":772710,""status"":true,""class:"":2}}"
2026-02-02T10:17:04.184,"{""sensor"":{""time"":772826,""status"":true,""class:"":2}}"
2026-02-02T10:17:04.274,"{""sensor"":{""time"":772941,""status"":true,""class:"":2}}"
2026-02-02T10:17:04.408,"{""sensor"":{""time"":773056,""status"":true,""class:"":2}}"
2026-02-02T10:17:04.498,"{""sensor"":{""time"":773172,""status"":true,""class:"":2}}"
2026-02-02T10:17:04.635,"{""sensor"":{""time"":773287,""status"":true,""class:"":2}}"
2026-02-02T10:17:04.723,"{""sensor"":{""time"":773403,""status"":true,""class:"":2}}"
2026-02-02T10:17:04.860,"{""sensor"":{""time"":773518,""status"":true,""class:"":2}}"
2026-02-02T10:17:04.949,"{""sensor"":{""time"":773634,""status"":true,""class:"":2}}"
2026-02-02T10:17:05.083,"{""sensor"":{""time"":773749,""status"":true,""class:"":2}}"
2026-02-02T10:17:05.218,"{""sensor"":{""time"":773864,""status"":true,""class:"":2}}"
2026-02-02T10:17:05.309,"{""sensor"":{""time"":773979,""status"":true,""class:"":2}}"
2026-02-02T10:17:05.446,"{""sensor"":{""time"":774095,""status"":true,""class:"":2}}"
2026-02-02T10:17:05.534,"{""sensor"":{""time"":774210,""status"":true,""class:"":2}}"
2026-02-02T10:17:05.670,"{""sensor"":{""time"":774325,""status"":true,""class:"":2}}"
2026-02-02T10:17:05.804,"{""sensor"":{""time"":774441,""status"":true,""class:"":2}}"
2026-02-02T10:17:05.893,"{""sensor"":{""time"":774556,""status"":true,""class:"":2}}"
2026-02-02T10:17:06.118,"{""sensor"":{""time"":774671,""status"":true,""class:"":2}}"
2026-02-02T10:17:06.164,"{""sensor"":{""time"":774787,""status"":true,""class:"":2}}"
2026-02-02T10:17:06.253,"{""sensor"":{""time"":774902,""status"":true,""class:"":2}}"
2026-02-02T10:17:06.390,"{""sensor"":{""time"":775018,""status"":true,""class:"":2}}"
2026-02-02T10:17:06.524,"{""sensor"":{""time"":775133,""status"":true,""class:"":2}}"
2026-02-02T10:17:06.614,"{""sensor"":{""time"":775248,""status"":true,""class:"":2}}"
2026-02-02T10:17:06.704,"{""sensor"":{""time"":775364,""status"":true,""class:"":2}}"
2026-02-02T10:17:06.793,"{""sensor"":{""time"":775479,""status"":true,""class:"":2}}"
2026-02-02T10:17:06.930,"{""sensor"":{""time"":775594,""status"":true,""class:"":2}}"
2026-02-02T10:17:07.063,"{""sensor"":{""time"":775709,""status"":true,""class:"":2}}"
2026-02-02T10:17:07.154,"{""sensor"":{""time"":775825,""status"":true,""class:"":2}}"
2026-02-02T10:17:07.289,"{""sensor"":{""time"":775940,""status"":true,""class:"":2}}"
2026-02-02T10:17:07.469,"{""sensor"":{""time"":776055,""status"":true,""class:"":2}}"
2026-02-02T10:17:07.559,"{""sensor"":{""time"":776171,""status"":true,""class:"":2}}"
2026-02-02T10:17:07.649,"{""sensor"":{""time"":776286,""status"":true,""class:"":2}}"
2026-02-02T10:17:07.783,"{""sensor"":{""time"":776401,""status"":true,""class:"":2}}"
2026-02-02T10:17:07.874,"{""sensor"":{""time"":776517,""status"":true,""class:"":2}}"
2026-02-02T10:17:08.010,"{""sensor"":{""time"":776632,""status"":true,""class:"":2}}"
2026-02-02T10:17:08.144,"{""sensor"":{""time"":776747,""status"":true,""class:"":2}}"
2026-02-02T10:17:08.233,"{""sensor"":{""time"":776863,""status"":true,""class:"":2}}"
2026-02-02T10:17:08.415,"{""sensor"":{""time"":776978,""status"":true,""class:"":2}}"
2026-02-02T10:17:08.549,"{""sensor"":{""time"":777093,""status"":true,""class:"":2}}"
2026-02-02T10:17:08.594,"{""sensor"":{""time"":777209,""status"":true,""class:"":2}}"
2026-02-02T10:17:08.729,"{""sensor"":{""time"":777324,""status"":true,""class:"":2}}"
2026-02-02T10:17:08.818,"{""sensor"":{""time"":777439,""status"":true,""class:"":2}}"
2026-02-02T10:17:08.909,"{""sensor"":{""time"":777554,""status"":true,""class:"":2}}"
2026-02-02T10:17:09.044,"{""sensor"":{""time"":777670,""status"":true,""class:"":2}}"
2026-02-02T10:17:09.134,"{""sensor"":{""time"":777785,""status"":true,""class:"":2}}"
2026-02-02T10:17:09.223,"{""sensor"":{""time"":777901,""status"":true,""class:"":2}}"
2026-02-02T10:17:09.403,"{""sensor"":{""time"":778016,""status"":true,""class:"":2}}"
2026-02-02T10:17:09.494,"{""sensor"":{""time"":778131,""status"":true,""class:"":2}}"
2026-02-02T10:17:09.583,"{""sensor"":{""time"":778247,""status"":true,""class:"":2}}"
2026-02-02T10:17:09.719,"{""sensor"":{""time"":778362,""status"":true,""class:"":2}}"
2026-02-02T10:17:09.809,"{""sensor"":{""time"":778478,""status"":true,""class:"":2}}"
2026-02-02T10:17:09.944,"{""sensor"":{""time"":778593,""status"":true,""class:"":2}}"
2026-02-02T10:17:10.034,"{""sensor"":{""time"":778709,""status"":true,""class:"":2}}"
2026-02-02T10:17:10.168,"{""sensor"":{""time"":778824,""status"":true,""class:"":2}}"
2026-02-02T10:17:10.259,"{""sensor"":{""time"":778939,""status"":true,""class:"":2}}"
2026-02-02T10:17:10.395,"{""sensor"":{""time"":779054,""status"":true,""class:"":2}}"
2026-02-02T10:17:10.485,"{""sensor"":{""time"":779170,""status"":true,""class:"":2}}"
2026-02-02T10:17:10.618,"{""sensor"":{""time"":779285,""status"":true,""class:"":2}}"
2026-02-02T10:17:10.753,"{""sensor"":{""time"":779400,""status"":true,""class:"":2}}"
2026-02-02T10:17:10.843,"{""sensor"":{""time"":779516,""status"":true,""class:"":2}}"
2026-02-02T10:17:10.979,"{""sensor"":{""time"":779631,""status"":true,""class:"":2}}"
2026-02-02T10:17:11.114,"{""sensor"":{""time"":779746,""status"":true,""class:"":2}}"
2026-02-02T10:17:11.203,"{""sensor"":{""time"":779862,""status"":true,""class:"":2}}"
2026-02-02T10:17:11.295,"{""sensor"":{""time"":779977,""status"":true,""class:"":2}}"
2026-02-02T10:17:11.473,"{""sensor"":{""time"":780092,""status"":true,""class:"":2}}"
2026-02-02T10:17:11.564,"{""sensor"":{""time"":780208,""status"":true,""class:"":2}}"
2026-02-02T10:17:11.654,"{""sensor"":{""time"":780323,""status"":true,""class:"":2}}"
2026-02-02T10:17:11.788,"{""sensor"":{""time"":780439,""status"":true,""class:"":2}}"
2026-02-02T10:17:11.879,"{""sensor"":{""time"":780554,""status"":true,""class:"":2}}"
2026-02-02T10:17:12.014,"{""sensor"":{""time"":780670,""status"":true,""class:"":2}}"
2026-02-02T10:17:12.149,"{""sensor"":{""time"":780785,""status"":true,""class:"":2}}"
2026-02-02T10:17:12.239,"{""sensor"":{""time"":780900,""status"":true,""class:"":2}}"
2026-02-02T10:17:12.374,"{""sensor"":{""time"":781015,""status"":true,""class:"":2}}"
2026-02-02T10:17:12.463,"{""sensor"":{""time"":781131,""status"":true,""class:"":2}}"
2026-02-02T10:17:12.599,"{""sensor"":{""time"":781246,""status"":true,""class:"":2}}"
2026-02-02T10:17:12.688,"{""sensor"":{""time"":781362,""status"":true,""class:"":2}}"
2026-02-02T10:17:12.825,"{""sensor"":{""time"":781477,""status"":true,""class:"":2}}"
2026-02-02T10:17:12.913,"{""sensor"":{""time"":781593,""status"":true,""class:"":2}}"
2026-02-02T10:17:13.048,"{""sensor"":{""time"":781708,""status"":true,""class:"":2}}"
2026-02-02T10:17:13.138,"{""sensor"":{""time"":781824,""status"":true,""class:"":2}}"
2026-02-02T10:17:13.274,"{""sensor"":{""time"":781939,""status"":true,""class:"":2}}"
2026-02-02T10:17:13.408,"{""sensor"":{""time"":782054,""status"":true,""class:"":2}}"
2026-02-02T10:17:13.498,"{""sensor"":{""time"":782169,""status"":true,""class:"":2}}"
2026-02-02T10:17:13.634,"{""sensor"":{""time"":782285,""status"":true,""class:"":2}}"
2026-02-02T10:17:13.769,"{""sensor"":{""time"":782400,""status"":true,""class:"":2}}"
2026-02-02T10:17:13.858,"{""sensor"":{""time"":782515,""status"":true,""class:"":2}}"
2026-02-02T10:17:13.949,"{""sensor"":{""time"":782631,""status"":true,""class:"":2}}"
2026-02-02T10:17:14.084,"{""sensor"":{""time"":782746,""status"":true,""class:"":2}}"
2026-02-02T10:17:14.218,"{""sensor"":{""time"":782861,""status"":true,""class:"":2}}"
2026-02-02T10:17:14.308,"{""sensor"":{""time"":782977,""status"":true,""class:"":2}}"
2026-02-02T10:17:14.444,"{""sensor"":{""time"":783092,""status"":true,""class:"":2}}"
2026-02-02T10:17:14.533,"{""sensor"":{""time"":783208,""status"":true,""class:"":2}}"
2026-02-02T10:17:14.668,"{""sensor"":{""time"":783323,""status"":true,""class:"":2}}"
2026-02-02T10:17:14.803,"{""sensor"":{""time"":783438,""status"":true,""class:"":2}}"
2026-02-02T10:17:14.893,"{""sensor"":{""time"":783554,""status"":true,""class:"":2}}"
2026-02-02T10:17:14.984,"{""sensor"":{""time"":783669,""status"":true,""class:"":2}}"
2026-02-02T10:17:15.118,"{""sensor"":{""time"":783785,""status"":true,""class:"":2}}"
2026-02-02T10:17:15.257,"{""sensor"":{""time"":783900,""status"":true,""class:"":2}}"
2026-02-02T10:17:15.343,"{""sensor"":{""time"":784015,""status"":true,""class:"":2}}"
2026-02-02T10:17:15.479,"{""sensor"":{""time"":784131,""status"":true,""class:"":2}}"
2026-02-02T10:17:15.568,"{""sensor"":{""time"":784246,""status"":true,""class:"":2}}"
2026-02-02T10:17:15.704,"{""sensor"":{""time"":784362,""status"":true,""class:"":2}}"
2026-02-02T10:17:15.794,"{""sensor"":{""time"":784477,""status"":true,""class:"":2}}"
2026-02-02T10:17:15.929,"{""sensor"":{""time"":784592,""status"":true,""class:"":2}}"
2026-02-02T10:17:16.109,"{""sensor"":{""time"":784707,""status"":true,""class:"":2}}"
2026-02-02T10:17:16.199,"{""sensor"":{""time"":784823,""status"":true,""class:"":2}}"
2026-02-02T10:17:16.290,"{""sensor"":{""time"":784938,""status"":true,""class:"":2}}"
2026-02-02T10:17:16.379,"{""sensor"":{""time"":785054,""status"":true,""class:"":2}}"
2026-02-02T10:17:16.514,"{""sensor"":{""time"":785169,""status"":true,""class:"":2}}"
2026-02-02T10:17:16.605,"{""sensor"":{""time"":785284,""status"":true,""class:"":2}}"
2026-02-02T10:17:16.829,"{""sensor"":{""time"":785400,""status"":true,""class:"":2}}"
2026-02-02T10:17:16.874,"{""sensor"":{""time"":785515,""status"":true,""class:"":2}}"
2026-02-02T10:17:17.010,"{""sensor"":{""time"":785630,""status"":true,""class:"":2}}"
2026-02-02T10:17:17.099,"{""sensor"":{""time"":785746,""status"":true,""class:"":2}}"
2026-02-02T10:17:17.188,"{""sensor"":{""time"":785861,""status"":true,""class:"":2}}"
2026-02-02T10:17:17.458,"{""sensor"":{""time"":785976,""status"":true,""class:"":2}}"
2026-02-02T10:17:17.503,"{""sensor"":{""time"":786092,""status"":true,""class:"":2}}"
2026-02-02T10:17:17.593,"{""sensor"":{""time"":786207,""status"":true,""class:"":2}}"
2026-02-02T10:17:17.683,"{""sensor"":{""time"":786323,""status"":true,""class:"":2}}"
2026-02-02T10:17:17.864,"{""sensor"":{""time"":786438,""status"":true,""class:"":2}}"
2026-02-02T10:17:17.998,"{""sensor"":{""time"":786553,""status"":true,""class:"":2}}"
2026-02-02T10:17:18.043,"{""sensor"":{""time"":786669,""status"":true,""class:"":2}}"
2026-02-02T10:17:18.178,"{""sensor"":{""time"":786784,""status"":true,""class:"":2}}"
2026-02-02T10:17:18.268,"{""sensor"":{""time"":786900,""status"":true,""class:"":2}}"
2026-02-02T10:17:18.359,"{""sensor"":{""time"":787015,""status"":true,""class:"":2}}"
2026-02-02T10:17:18.448,"{""sensor"":{""time"":787130,""status"":true,""class:"":2}}"
2026-02-02T10:17:18.628,"{""sensor"":{""time"":787246,""status"":true,""class:"":2}}"
2026-02-02T10:17:18.719,"{""sensor"":{""time"":787361,""status"":true,""class:"":2}}"
2026-02-02T10:17:18.854,"{""sensor"":{""time"":787476,""status"":true,""class:"":2}}"
2026-02-02T10:17:18.943,"{""sensor"":{""time"":787592,""status"":true,""class:"":2}}"
2026-02-02T10:17:19.078,"{""sensor"":{""time"":787707,""status"":true,""class:"":2}}"
2026-02-02T10:17:19.168,"{""sensor"":{""time"":787823,""status"":true,""class:"":2}}"
2026-02-02T10:17:19.258,"{""sensor"":{""time"":787938,""status"":true,""class:"":2}}"
2026-02-02T10:17:19.395,"{""sensor"":{""time"":788054,""status"":true,""class:"":2}}"
2026-02-02T10:17:19.483,"{""sensor"":{""time"":788169,""status"":true,""class:"":2}}"
2026-02-02T10:17:19.619,"{""sensor"":{""time"":788284,""status"":true,""class:"":2}}"
2026-02-02T10:17:19.753,"{""sensor"":{""time"":788400,""status"":true,""class:"":2}}"
2026-02-02T10:17:19.844,"{""sensor"":{""time"":788515,""status"":true,""class:"":2}}"
2026-02-02T10:17:19.979,"{""sensor"":{""time"":788630,""status"":true,""class:"":2}}"
2026-02-02T10:17:20.069,"{""sensor"":{""time"":788746,""status"":true,""class:"":2}}"
2026-02-02T10:17:20.203,"{""sensor"":{""time"":788861,""status"":true,""class:"":2}}"
2026-02-02T10:17:20.339,"{""sensor"":{""time"":788976,""status"":true,""class:"":2}}"
2026-02-02T10:17:20.428,"{""sensor"":{""time"":789092,""status"":true,""class:"":2}}"
2026-02-02T10:17:20.564,"{""sensor"":{""time"":789207,""status"":true,""class:"":2}}"
2026-02-02T10:17:20.654,"{""sensor"":{""time"":789322,""status"":true,""class:"":2}}"
2026-02-02T10:17:20.790,"{""sensor"":{""time"":789438,""status"":true,""class:"":2}}"
2026-02-02T10:17:20.878,"{""sensor"":{""time"":789553,""status"":true,""class:"":2}}"
2026-02-02T10:17:21.019,"{""sensor"":{""time"":789669,""status"":true,""class:"":2}}"
2026-02-02T10:17:21.149,"{""sensor"":{""time"":789784,""status"":true,""class:"":2}}"
2026-02-02T10:17:21.238,"{""sensor"":{""time"":789899,""status"":true,""class:"":2}}"
2026-02-02T10:17:21.328,"{""sensor"":{""time"":790015,""status"":true,""class:"":2}}"
2026-02-02T10:17:21.464,"{""sensor"":{""time"":790130,""status"":true,""class:"":2}}"
2026-02-02T10:17:21.598,"{""sensor"":{""time"":790245,""status"":true,""class:"":2}}"
2026-02-02T10:17:21.734,"{""sensor"":{""time"":790361,""status"":true,""class:"":2}}"
2026-02-02T10:17:21.868,"{""sensor"":{""time"":790476,""status"":true,""class:"":2}}"
2026-02-02T10:17:21.960,"{""sensor"":{""time"":790591,""status"":true,""class:"":2}}"
2026-02-02T10:17:22.049,"{""sensor"":{""time"":790707,""status"":true,""class:"":2}}"
2026-02-02T10:17:22.140,"{""sensor"":{""time"":790822,""status"":true,""class:"":2}}"
2026-02-02T10:17:22.274,"{""sensor"":{""time"":790937,""status"":true,""class:"":2}}"
2026-02-02T10:17:22.409,"{""sensor"":{""time"":791053,""status"":true,""class:"":2}}"
2026-02-02T10:17:22.499,"{""sensor"":{""time"":791168,""status"":true,""class:"":2}}"
2026-02-02T10:17:22.633,"{""sensor"":{""time"":791284,""status"":true,""class:"":2}}"
2026-02-02T10:17:22.724,"{""sensor"":{""time"":791399,""status"":true,""class:"":2}}"
2026-02-02T10:17:22.859,"{""sensor"":{""time"":791514,""status"":true,""class:"":2}}"
2026-02-02T10:17:22.949,"{""sensor"":{""time"":791630,""status"":true,""class:"":2}}"
2026-02-02T10:17:23.086,"{""sensor"":{""time"":791745,""status"":true,""class:"":2}}"
2026-02-02T10:17:23.173,"{""sensor"":{""time"":791860,""status"":true,""class:"":2}}"
2026-02-02T10:17:23.308,"{""sensor"":{""time"":791975,""status"":true,""class:"":2}}"
2026-02-02T10:17:23.444,"{""sensor"":{""time"":792091,""status"":true,""class:"":2}}"
2026-02-02T10:17:23.622,"{""sensor"":{""time"":792206,""status"":true,""class:"":2}}"
2026-02-02T10:17:23.713,"{""sensor"":{""time"":792321,""status"":true,""class:"":2}}"
2026-02-02T10:17:23.805,"{""sensor"":{""time"":792437,""status"":true,""class:"":2}}"
2026-02-02T10:17:23.893,"{""sensor"":{""time"":792552,""status"":true,""class:"":2}}"
2026-02-02T10:17:23.984,"{""sensor"":{""time"":792668,""status"":true,""class:"":2}}"
2026-02-02T10:17:24.119,"{""sensor"":{""time"":792783,""status"":true,""class:"":2}}"
2026-02-02T10:17:24.253,"{""sensor"":{""time"":792899,""status"":true,""class:"":2}}"
2026-02-02T10:17:24.343,"{""sensor"":{""time"":793014,""status"":true,""class:"":2}}"
2026-02-02T10:17:24.479,"{""sensor"":{""time"":793129,""status"":true,""class:"":2}}"
2026-02-02T10:17:24.568,"{""sensor"":{""time"":793244,""status"":true,""class:"":2}}"
2026-02-02T10:17:24.705,"{""sensor"":{""time"":793360,""status"":true,""class:"":2}}"
2026-02-02T10:17:24.793,"{""sensor"":{""time"":793475,""status"":true,""class:"":2}}"
2026-02-02T10:17:24.929,"{""sensor"":{""time"":793590,""status"":true,""class:"":2}}"
2026-02-02T10:17:25.018,"{""sensor"":{""time"":793706,""status"":true,""class:"":2}}"
2026-02-02T10:17:25.198,"{""sensor"":{""time"":793821,""status"":true,""class:"":2}}"
2026-02-02T10:17:25.288,"{""sensor"":{""time"":793936,""status"":true,""class:"":2}}"
2026-02-02T10:17:25.379,"{""sensor"":{""time"":794051,""status"":true,""class:"":2}}"
2026-02-02T10:17:25.514,"{""sensor"":{""time"":794167,""status"":true,""class:"":2}}"
2026-02-02T10:17:25.604,"{""sensor"":{""time"":794282,""status"":true,""class:"":2}}"
2026-02-02T10:17:25.739,"{""sensor"":{""time"":794398,""status"":true,""class:"":2}}"
2026-02-02T10:17:25.828,"{""sensor"":{""time"":794513,""status"":true,""class:"":2}}"
2026-02-02T10:17:25.964,"{""sensor"":{""time"":794628,""status"":true,""class:"":2}}"
2026-02-02T10:17:26.144,"{""sensor"":{""time"":794744,""status"":true,""class:"":2}}"
2026-02-02T10:17:26.323,"{""sensor"":{""time"":794859,""status"":true,""class:"":2}}"
2026-02-02T10:17:26.367,"{""sensor"":{""time"":794974,""status"":true,""class:"":2}}"
2026-02-02T10:17:26.458,"{""sensor"":{""time"":795090,""status"":true,""class:"":2}}"
2026-02-02T10:17:26.549,"{""sensor"":{""time"":795205,""status"":true,""class:"":2}}"
2026-02-02T10:17:26.730,"{""sensor"":{""time"":795320,""status"":true,""class:"":2}}"
2026-02-02T10:17:26.818,"{""sensor"":{""time"":795436,""status"":true,""class:"":2}}"
2026-02-02T10:17:26.907,"{""sensor"":{""time"":795551,""status"":true,""class:"":2}}"
2026-02-02T10:17:26.999,"{""sensor"":{""time"":795667,""status"":true,""class:"":2}}"
2026-02-02T10:17:27.135,"{""sensor"":{""time"":795782,""status"":true,""class:"":2}}"
2026-02-02T10:17:27.223,"{""sensor"":{""time"":795897,""status"":true,""class:"":2}}"
2026-02-02T10:17:27.360,"{""sensor"":{""time"":796013,""status"":true,""class:"":2}}"
2026-02-02T10:17:27.448,"{""sensor"":{""time"":796128,""status"":true,""class:"":2}}"
2026-02-02T10:17:27.583,"{""sensor"":{""time"":796243,""status"":true,""class:"":2}}"
2026-02-02T10:17:27.673,"{""sensor"":{""time"":796359,""status"":true,""class:"":2}}"
2026-02-02T10:17:27.852,"{""sensor"":{""time"":796474,""status"":true,""class:"":2}}"
2026-02-02T10:17:27.943,"{""sensor"":{""time"":796590,""status"":true,""class:"":2}}"
2026-02-02T10:17:28.122,"{""sensor"":{""time"":796705,""status"":true,""class:"":2}}"
2026-02-02T10:17:28.213,"{""sensor"":{""time"":796820,""status"":true,""class:"":2}}"
2026-02-02T10:17:28.303,"{""sensor"":{""time"":796936,""status"":true,""class:"":2}}"
2026-02-02T10:17:28.393,"{""sensor"":{""time"":797051,""status"":true,""class:"":2}}"
2026-02-02T10:17:28.482,"{""sensor"":{""time"":797166,""status"":true,""class:"":2}}"
2026-02-02T10:17:28.662,"{""sensor"":{""time"":797282,""status"":true,""class:"":2}}"
2026-02-02T10:17:28.844,"{""sensor"":{""time"":797397,""status"":true,""class:"":2}}"
2026-02-02T10:17:28.978,"{""sensor"":{""time"":797513,""status"":true,""class:"":2}}"
2026-02-02T10:17:29.022,"{""sensor"":{""time"":797628,""status"":true,""class:"":2}}"
2026-02-02T10:17:29.112,"{""sensor"":{""time"":797744,""status"":true,""class:"":2}}"
2026-02-02T10:17:29.248,"{""sensor"":{""time"":797859,""status"":true,""class:"":2}}"
2026-02-02T10:17:29.339,"{""sensor"":{""time"":797974,""status"":true,""class:"":2}}"
2026-02-02T10:17:29.473,"{""sensor"":{""time"":798090,""status"":true,""class:"":2}}"
2026-02-02T10:17:29.564,"{""sensor"":{""time"":798205,""status"":true,""class:"":2}}"
2026-02-02T10:17:29.742,"{""sensor"":{""time"":798321,""status"":true,""class:"":2}}"
2026-02-02T10:17:29.832,"{""sensor"":{""time"":798436,""status"":true,""class:"":2}}"
2026-02-02T10:17:30.013,"{""sensor"":{""time"":798551,""status"":true,""class:"":2}}"
2026-02-02T10:17:30.057,"{""sensor"":{""time"":798667,""status"":true,""class:"":2}}"
2026-02-02T10:17:30.147,"{""sensor"":{""time"":798782,""status"":true,""class:"":2}}"
2026-02-02T10:17:30.239,"{""sensor"":{""time"":798898,""status"":true,""class:"":2}}"
2026-02-02T10:17:30.327,"{""sensor"":{""time"":799013,""status"":true,""class:"":2}}"
2026-02-02T10:17:30.507,"{""sensor"":{""time"":799128,""status"":true,""class:"":2}}"
2026-02-02T10:17:30.642,"{""sensor"":{""time"":799243,""status"":true,""class:"":2}}"
2026-02-02T10:17:30.733,"{""sensor"":{""time"":799359,""status"":true,""class:"":2}}"
2026-02-02T10:17:30.868,"{""sensor"":{""time"":799474,""status"":true,""class:"":2}}"
2026-02-02T10:17:30.959,"{""sensor"":{""time"":799590,""status"":true,""class:"":2}}"
2026-02-02T10:17:31.138,"{""sensor"":{""time"":799705,""status"":true,""class:"":2}}"
2026-02-02T10:17:31.183,"{""sensor"":{""time"":799820,""status"":true,""class:"":2}}"
2026-02-02T10:17:31.273,"{""sensor"":{""time"":799935,""status"":true,""class:"":2}}"
2026-02-02T10:17:31.364,"{""sensor"":{""time"":800051,""status"":true,""class:"":2}}"
2026-02-02T10:17:31.498,"{""sensor"":{""time"":800166,""status"":true,""class:"":2}}"
2026-02-02T10:17:31.634,"{""sensor"":{""time"":800282,""status"":true,""class:"":2}}"
2026-02-02T10:17:31.722,"{""sensor"":{""time"":800397,""status"":true,""class:"":2}}"
2026-02-02T10:17:31.858,"{""sensor"":{""time"":800512,""status"":true,""class:"":2}}"
2026-02-02T10:17:31.947,"{""sensor"":{""time"":800627,""status"":true,""class:"":2}}"
2026-02-02T10:17:32.082,"{""sensor"":{""time"":800743,""status"":true,""class:"":2}}"
2026-02-02T10:17:32.172,"{""sensor"":{""time"":800858,""status"":true,""class:"":2}}"
2026-02-02T10:17:32.309,"{""sensor"":{""time"":800974,""status"":true,""class:"":2}}"
2026-02-02T10:17:32.442,"{""sensor"":{""time"":801089,""status"":true,""class:"":2}}"
2026-02-02T10:17:32.534,"{""sensor"":{""time"":801205,""status"":true,""class:"":2}}"
2026-02-02T10:17:32.668,"{""sensor"":{""time"":801320,""status"":true,""class:"":2}}"
2026-02-02T10:17:32.759,"{""sensor"":{""time"":801436,""status"":true,""class:"":2}}"
2026-02-02T10:17:32.892,"{""sensor"":{""time"":801551,""status"":true,""class:"":2}}"
2026-02-02T10:17:32.982,"{""sensor"":{""time"":801667,""status"":true,""class:"":2}}"
2026-02-02T10:17:33.118,"{""sensor"":{""time"":801782,""status"":true,""class:"":2}}"
2026-02-02T10:17:33.253,"{""sensor"":{""time"":801898,""status"":true,""class:"":2}}"
2026-02-02T10:17:33.388,"{""sensor"":{""time"":802013,""status"":true,""class:"":2}}"
2026-02-02T10:17:33.478,"{""sensor"":{""time"":802129,""status"":true,""class:"":2}}"
2026-02-02T10:17:33.702,"{""sensor"":{""time"":802244,""status"":true,""class:"":2}}"
2026-02-02T10:17:33.747,"{""sensor"":{""time"":802359,""status"":true,""class:"":2}}"
2026-02-02T10:17:33.838,"{""sensor"":{""time"":802475,""status"":true,""class:"":2}}"
2026-02-02T10:17:33.929,"{""sensor"":{""time"":802590,""status"":true,""class:"":2}}"
2026-02-02T10:17:34.017,"{""sensor"":{""time"":802705,""status"":true,""class:"":2}}"
2026-02-02T10:17:34.152,"{""sensor"":{""time"":802821,""status"":true,""class:"":2}}"
2026-02-02T10:17:34.287,"{""sensor"":{""time"":802936,""status"":true,""class:"":2}}"
2026-02-02T10:17:34.423,"{""sensor"":{""time"":803051,""status"":true,""class:"":2}}"
2026-02-02T10:17:34.513,"{""sensor"":{""time"":803167,""status"":true,""class:"":2}}"
2026-02-02T10:17:34.603,"{""sensor"":{""time"":803282,""status"":true,""class:"":2}}"
2026-02-02T10:17:34.737,"{""sensor"":{""time"":803398,""status"":true,""class:"":2}}"
2026-02-02T10:17:34.828,"{""sensor"":{""time"":803513,""status"":true,""class:"":2}}"
2026-02-02T10:17:34.963,"{""sensor"":{""time"":803629,""status"":true,""class:"":2}}"
2026-02-02T10:17:35.097,"{""sensor"":{""time"":803744,""status"":true,""class:"":2}}"
2026-02-02T10:17:35.188,"{""sensor"":{""time"":803859,""status"":true,""class:"":2}}"
2026-02-02T10:17:35.322,"{""sensor"":{""time"":803975,""status"":true,""class:"":2}}"
2026-02-02T10:17:35.412,"{""sensor"":{""time"":804090,""status"":true,""class:"":2}}"
2026-02-02T10:17:35.548,"{""sensor"":{""time"":804206,""status"":true,""class:"":2}}"
2026-02-02T10:17:35.638,"{""sensor"":{""time"":804321,""status"":true,""class:"":2}}"
2026-02-02T10:17:35.817,"{""sensor"":{""time"":804436,""status"":true,""class:"":2}}"
2026-02-02T10:17:35.907,"{""sensor"":{""time"":804552,""status"":true,""class:"":2}}"
2026-02-02T10:17:35.998,"{""sensor"":{""time"":804667,""status"":true,""class:"":2}}"
2026-02-02T10:17:36.178,"{""sensor"":{""time"":804783,""status"":true,""class:"":2}}"
2026-02-02T10:17:36.268,"{""sensor"":{""time"":804898,""status"":true,""class:"":2}}"
2026-02-02T10:17:36.357,"{""sensor"":{""time"":805013,""status"":true,""class:"":2}}"
2026-02-02T10:17:36.447,"{""sensor"":{""time"":805129,""status"":true,""class:"":2}}"
2026-02-02T10:17:36.584,"{""sensor"":{""time"":805244,""status"":true,""class:"":2}}"
2026-02-02T10:17:36.672,"{""sensor"":{""time"":805360,""status"":true,""class:"":2}}"
2026-02-02T10:17:36.807,"{""sensor"":{""time"":805475,""status"":true,""class:"":2}}"
2026-02-02T10:17:36.943,"{""sensor"":{""time"":805591,""status"":true,""class:"":2}}"
2026-02-02T10:17:37.078,"{""sensor"":{""time"":805706,""status"":true,""class:"":2}}"
2026-02-02T10:17:37.169,"{""sensor"":{""time"":805821,""status"":true,""class:"":2}}"
2026-02-02T10:17:37.257,"{""sensor"":{""time"":805936,""status"":true,""class:"":2}}"
2026-02-02T10:17:37.438,"{""sensor"":{""time"":806052,""status"":true,""class:"":2}}"
2026-02-02T10:17:37.529,"{""sensor"":{""time"":806167,""status"":true,""class:"":2}}"
2026-02-02T10:17:37.662,"{""sensor"":{""time"":806283,""status"":true,""class:"":2}}"
2026-02-02T10:17:37.752,"{""sensor"":{""time"":806398,""status"":true,""class:"":2}}"
2026-02-02T10:17:37.887,"{""sensor"":{""time"":806513,""status"":true,""class:"":2}}"
2026-02-02T10:17:37.978,"{""sensor"":{""time"":806629,""status"":true,""class:"":2}}"
2026-02-02T10:17:38.113,"{""sensor"":{""time"":806744,""status"":true,""class:"":2}}"
2026-02-02T10:17:38.248,"{""sensor"":{""time"":806859,""status"":true,""class:"":2}}"
2026-02-02T10:17:38.383,"{""sensor"":{""time"":806975,""status"":true,""class:"":2}}"
2026-02-02T10:17:38.472,"{""sensor"":{""time"":807090,""status"":true,""class:"":2}}"
2026-02-02T10:17:38.608,"{""sensor"":{""time"":807205,""status"":true,""class:"":2}}"
2026-02-02T10:17:38.698,"{""sensor"":{""time"":807321,""status"":true,""class:"":2}}"
2026-02-02T10:17:38.788,"{""sensor"":{""time"":807436,""status"":true,""class:"":2}}"
2026-02-02T10:17:38.877,"{""sensor"":{""time"":807551,""status"":true,""class:"":2}}"
2026-02-02T10:17:39.012,"{""sensor"":{""time"":807667,""status"":true,""class:"":2}}"
2026-02-02T10:17:39.148,"{""sensor"":{""time"":807782,""status"":true,""class:"":2}}"
2026-02-02T10:17:39.328,"{""sensor"":{""time"":807898,""status"":true,""class:"":2}}"
2026-02-02T10:17:39.372,"{""sensor"":{""time"":808013,""status"":true,""class:"":2}}"
2026-02-02T10:17:39.463,"{""sensor"":{""time"":808128,""status"":true,""class:"":2}}"
2026-02-02T10:17:39.643,"{""sensor"":{""time"":808243,""status"":true,""class:"":2}}"
2026-02-02T10:17:39.735,"{""sensor"":{""time"":808359,""status"":true,""class:"":2}}"
2026-02-02T10:17:39.823,"{""sensor"":{""time"":808475,""status"":true,""class:"":2}}"
2026-02-02T10:17:39.912,"{""sensor"":{""time"":808590,""status"":true,""class:"":2}}"
2026-02-02T10:17:40.048,"{""sensor"":{""time"":808705,""status"":true,""class:"":2}}"
2026-02-02T10:17:40.137,"{""sensor"":{""time"":808821,""status"":true,""class:"":2}}"
2026-02-02T10:17:40.272,"{""sensor"":{""time"":808936,""status"":true,""class:"":2}}"
2026-02-02T10:17:40.363,"{""sensor"":{""time"":809051,""status"":true,""class:"":2}}"
2026-02-02T10:17:40.498,"{""sensor"":{""time"":809166,""status"":true,""class:"":2}}"
2026-02-02T10:17:40.632,"{""sensor"":{""time"":809282,""status"":true,""class:"":2}}"
2026-02-02T10:17:40.722,"{""sensor"":{""time"":809397,""status"":true,""class:"":2}}"
2026-02-02T10:17:40.858,"{""sensor"":{""time"":809513,""status"":true,""class:"":2}}"
2026-02-02T10:17:40.947,"{""sensor"":{""time"":809628,""status"":true,""class:"":2}}"
2026-02-02T10:17:41.173,"{""sensor"":{""time"":809744,""status"":true,""class:"":2}}"
2026-02-02T10:17:41.218,"{""sensor"":{""time"":809859,""status"":true,""class:"":2}}"
2026-02-02T10:17:41.354,"{""sensor"":{""time"":809974,""status"":true,""class:"":2}}"
2026-02-02T10:17:41.443,"{""sensor"":{""time"":810089,""status"":true,""class:"":2}}"
2026-02-02T10:17:41.577,"{""sensor"":{""time"":810205,""status"":true,""class:"":2}}"
2026-02-02T10:17:41.667,"{""sensor"":{""time"":810320,""status"":true,""class:"":2}}"
2026-02-02T10:17:41.757,"{""sensor"":{""time"":810436,""status"":true,""class:"":2}}"
2026-02-02T10:17:41.893,"{""sensor"":{""time"":810551,""status"":true,""class:"":2}}"
2026-02-02T10:17:41.982,"{""sensor"":{""time"":810667,""status"":true,""class:"":2}}"
2026-02-02T10:17:42.118,"{""sensor"":{""time"":810782,""status"":true,""class:"":2}}"
2026-02-02T10:17:42.208,"{""sensor"":{""time"":810897,""status"":true,""class:"":2}}"
2026-02-02T10:17:42.343,"{""sensor"":{""time"":811013,""status"":true,""class:"":2}}"
2026-02-02T10:17:42.478,"{""sensor"":{""time"":811128,""status"":true,""class:"":2}}"
2026-02-02T10:17:42.568,"{""sensor"":{""time"":811244,""status"":true,""class:"":2}}"
2026-02-02T10:17:42.704,"{""sensor"":{""time"":811359,""status"":true,""class:"":2}}"
2026-02-02T10:17:42.838,"{""sensor"":{""time"":811474,""status"":true,""class:"":2}}"
2026-02-02T10:17:42.929,"{""sensor"":{""time"":811590,""status"":true,""class:"":2}}"
2026-02-02T10:17:43.018,"{""sensor"":{""time"":811705,""status"":true,""class:"":2}}"
2026-02-02T10:17:43.153,"{""sensor"":{""time"":811821,""status"":true,""class:"":2}}"
2026-02-02T10:17:43.287,"{""sensor"":{""time"":811936,""status"":true,""class:"":2}}"
2026-02-02T10:17:43.422,"{""sensor"":{""time"":812051,""status"":true,""class:"":2}}"
2026-02-02T10:17:43.513,"{""sensor"":{""time"":812166,""status"":true,""class:"":2}}"
2026-02-02T10:17:43.737,"{""sensor"":{""time"":812282,""status"":true,""class:"":2}}"
2026-02-02T10:17:43.783,"{""sensor"":{""time"":812397,""status"":true,""class:"":2}}"
2026-02-02T10:17:43.872,"{""sensor"":{""time"":812513,""status"":true,""class:"":2}}"
2026-02-02T10:17:43.962,"{""sensor"":{""time"":812628,""status"":true,""class:"":2}}"
2026-02-02T10:17:44.097,"{""sensor"":{""time"":812744,""status"":true,""class:"":2}}"
2026-02-02T10:17:44.233,"{""sensor"":{""time"":812859,""status"":true,""class:"":2}}"
2026-02-02T10:17:44.323,"{""sensor"":{""time"":812974,""status"":true,""class:"":2}}"
2026-02-02T10:17:44.412,"{""sensor"":{""time"":813089,""status"":true,""class:"":2}}"
2026-02-02T10:17:44.548,"{""sensor"":{""time"":813205,""status"":true,""class:"":2}}"
2026-02-02T10:17:44.638,"{""sensor"":{""time"":813320,""status"":true,""class:"":2}}"
2026-02-02T10:17:44.772,"{""sensor"":{""time"":813436,""status"":true,""class:"":2}}"
2026-02-02T10:17:44.862,"{""sensor"":{""time"":813551,""status"":true,""class:"":2}}"
2026-02-02T10:17:44.997,"{""sensor"":{""time"":813666,""status"":true,""class:"":2}}"
2026-02-02T10:17:45.132,"{""sensor"":{""time"":813781,""status"":true,""class:"":2}}"
2026-02-02T10:17:45.223,"{""sensor"":{""time"":813897,""status"":true,""class:"":2}}"
2026-02-02T10:17:45.358,"{""sensor"":{""time"":814012,""status"":true,""class:"":2}}"
2026-02-02T10:17:45.448,"{""sensor"":{""time"":814128,""status"":true,""class:"":2}}"
2026-02-02T10:17:45.582,"{""sensor"":{""time"":814243,""status"":true,""class:"":2}}"
2026-02-02T10:17:45.673,"{""sensor"":{""time"":814359,""status"":true,""class:"":2}}"
2026-02-02T10:17:45.807,"{""sensor"":{""time"":814474,""status"":true,""class:"":2}}"
2026-02-02T10:17:45.943,"{""sensor"":{""time"":814589,""status"":true,""class:"":2}}"
2026-02-02T10:17:46.032,"{""sensor"":{""time"":814704,""status"":true,""class:"":2}}"
2026-02-02T10:17:46.168,"{""sensor"":{""time"":814820,""status"":true,""class:"":2}}"
2026-02-02T10:17:46.258,"{""sensor"":{""time"":814935,""status"":true,""class:"":2}}"
2026-02-02T10:17:46.394,"{""sensor"":{""time"":815051,""status"":true,""class:"":2}}"
2026-02-02T10:17:46.574,"{""sensor"":{""time"":815166,""status"":true,""class:"":2}}"
2026-02-02T10:17:46.663,"{""sensor"":{""time"":815282,""status"":true,""class:"":2}}"
2026-02-02T10:17:46.752,"{""sensor"":{""time"":815397,""status"":true,""class:"":2}}"
2026-02-02T10:17:46.843,"{""sensor"":{""time"":815512,""status"":true,""class:"":2}}"
2026-02-02T10:17:46.978,"{""sensor"":{""time"":815627,""status"":true,""class:"":2}}"
2026-02-02T10:17:47.113,"{""sensor"":{""time"":815743,""status"":true,""class:"":2}}"
2026-02-02T10:17:47.203,"{""sensor"":{""time"":815858,""status"":true,""class:"":2}}"
2026-02-02T10:17:47.293,"{""sensor"":{""time"":815974,""status"":true,""class:"":2}}"
2026-02-02T10:17:47.428,"{""sensor"":{""time"":816089,""status"":true,""class:"":2}}"
2026-02-02T10:17:47.609,"{""sensor"":{""time"":816204,""status"":true,""class:"":2}}"
2026-02-02T10:17:47.697,"{""sensor"":{""time"":816320,""status"":true,""class:"":2}}"
2026-02-02T10:17:47.787,"{""sensor"":{""time"":816435,""status"":true,""class:"":2}}"
2026-02-02T10:17:47.922,"{""sensor"":{""time"":816550,""status"":true,""class:"":2}}"
2026-02-02T10:17:48.012,"{""sensor"":{""time"":816666,""status"":true,""class:"":2}}"
2026-02-02T10:17:48.102,"{""sensor"":{""time"":816781,""status"":true,""class:"":2}}"
2026-02-02T10:17:48.238,"{""sensor"":{""time"":816897,""status"":true,""class:"":2}}"
2026-02-02T10:17:48.327,"{""sensor"":{""time"":817012,""status"":true,""class:"":2}}"
2026-02-02T10:17:48.508,"{""sensor"":{""time"":817127,""status"":true,""class:"":2}}"
2026-02-02T10:17:48.597,"{""sensor"":{""time"":817242,""status"":true,""class:"":2}}"
2026-02-02T10:17:48.733,"{""sensor"":{""time"":817358,""status"":true,""class:"":2}}"
2026-02-02T10:17:48.912,"{""sensor"":{""time"":817473,""status"":true,""class:"":2}}"
2026-02-02T10:17:48.957,"{""sensor"":{""time"":817588,""status"":true,""class:"":2}}"
2026-02-02T10:17:49.047,"{""sensor"":{""time"":817704,""status"":true,""class:"":2}}"
2026-02-02T10:17:49.182,"{""sensor"":{""time"":817819,""status"":true,""class:"":2}}"
2026-02-02T10:17:49.274,"{""sensor"":{""time"":817935,""status"":true,""class:"":2}}"
2026-02-02T10:17:49.363,"{""sensor"":{""time"":818050,""status"":true,""class:"":2}}"
2026-02-02T10:17:49.497,"{""sensor"":{""time"":818165,""status"":true,""class:"":2}}"
2026-02-02T10:17:49.633,"{""sensor"":{""time"":818281,""status"":true,""class:"":2}}"
2026-02-02T10:17:49.769,"{""sensor"":{""time"":818396,""status"":true,""class:"":2}}"
2026-02-02T10:17:49.858,"{""sensor"":{""time"":818511,""status"":true,""class:"":2}}"
2026-02-02T10:17:49.948,"{""sensor"":{""time"":818627,""status"":true,""class:"":2}}"
2026-02-02T10:17:50.082,"{""sensor"":{""time"":818743,""status"":true,""class:"":2}}"
2026-02-02T10:17:50.173,"{""sensor"":{""time"":818858,""status"":true,""class:"":2}}"
2026-02-02T10:17:50.352,"{""sensor"":{""time"":818973,""status"":true,""class:"":2}}"
2026-02-02T10:17:50.489,"{""sensor"":{""time"":819089,""status"":true,""class:"":2}}"
2026-02-02T10:17:50.579,"{""sensor"":{""time"":819204,""status"":true,""class:"":2}}"
2026-02-02T10:17:50.667,"{""sensor"":{""time"":819320,""status"":true,""class:"":2}}"
2026-02-02T10:17:50.848,"{""sensor"":{""time"":819435,""status"":true,""class:"":2}}"
2026-02-02T10:17:50.939,"{""sensor"":{""time"":819551,""status"":true,""class:"":2}}"
2026-02-02T10:17:51.028,"{""sensor"":{""time"":819666,""status"":true,""class:"":2}}"
2026-02-02T10:17:51.163,"{""sensor"":{""time"":819781,""status"":true,""class:"":2}}"
2026-02-02T10:17:51.252,"{""sensor"":{""time"":819897,""status"":true,""class:"":2}}"
2026-02-02T10:17:51.343,"{""sensor"":{""time"":820012,""status"":true,""class:"":2}}"
2026-02-02T10:17:51.658,"{""sensor"":{""time"":820127,""status"":true,""class:"":2}}"
2026-02-02T10:17:51.747,"{""sensor"":{""time"":820243,""status"":true,""class:"":2}}"
2026-02-02T10:17:51.792,"{""sensor"":{""time"":820358,""status"":true,""class:"":2}}"
2026-02-02T10:17:51.882,"{""sensor"":{""time"":820473,""status"":true,""class:"":2}}"
2026-02-02T10:17:52.018,"{""sensor"":{""time"":820588,""status"":true,""class:"":2}}"
2026-02-02T10:17:52.107,"{""sensor"":{""time"":820704,""status"":true,""class:"":2}}"
2026-02-02T10:17:52.197,"{""sensor"":{""time"":820820,""status"":true,""class:"":2}}"
2026-02-02T10:17:52.288,"{""sensor"":{""time"":820935,""status"":true,""class:"":2}}"
2026-02-02T10:17:52.378,"{""sensor"":{""time"":821050,""status"":true,""class:"":2}}"
2026-02-02T10:17:52.513,"{""sensor"":{""time"":821166,""status"":true,""class:"":2}}"
2026-02-02T10:17:52.603,"{""sensor"":{""time"":821281,""status"":true,""class:"":2}}"
2026-02-02T10:17:52.828,"{""sensor"":{""time"":821396,""status"":true,""class:"":2}}"
2026-02-02T10:17:52.872,"{""sensor"":{""time"":821512,""status"":true,""class:"":2}}"
2026-02-02T10:17:53.052,"{""sensor"":{""time"":821627,""status"":true,""class:"":2}}"
2026-02-02T10:17:53.097,"{""sensor"":{""time"":821743,""status"":true,""class:"":2}}"
2026-02-02T10:17:53.187,"{""sensor"":{""time"":821858,""status"":true,""class:"":2}}"
2026-02-02T10:17:53.323,"{""sensor"":{""time"":821974,""status"":true,""class:"":2}}"
2026-02-02T10:17:53.413,"{""sensor"":{""time"":822089,""status"":true,""class:"":2}}"
2026-02-02T10:17:53.547,"{""sensor"":{""time"":822205,""status"":true,""class:"":2}}"
2026-02-02T10:17:53.682,"{""sensor"":{""time"":822320,""status"":true,""class:"":2}}"
2026-02-02T10:17:53.817,"{""sensor"":{""time"":822435,""status"":true,""class:"":2}}"
2026-02-02T10:17:53.907,"{""sensor"":{""time"":822550,""status"":true,""class:"":2}}"
2026-02-02T10:17:53.997,"{""sensor"":{""time"":822666,""status"":true,""class:"":2}}"
2026-02-02T10:17:54.133,"{""sensor"":{""time"":822781,""status"":true,""class:"":2}}"
2026-02-02T10:17:54.224,"{""sensor"":{""time"":822896,""status"":true,""class:"":2}}"
2026-02-02T10:17:54.402,"{""sensor"":{""time"":823012,""status"":true,""class:"":2}}"
2026-02-02T10:17:54.492,"{""sensor"":{""time"":823128,""status"":true,""class:"":2}}"
2026-02-02T10:17:54.582,"{""sensor"":{""time"":823243,""status"":true,""class:"":2}}"
2026-02-02T10:17:54.672,"{""sensor"":{""time"":823358,""status"":true,""class:"":2}}"
2026-02-02T10:17:54.808,"{""sensor"":{""time"":823474,""status"":true,""class:"":2}}"
2026-02-02T10:17:54.943,"{""sensor"":{""time"":823589,""status"":true,""class:"":2}}"
2026-02-02T10:17:55.033,"{""sensor"":{""time"":823704,""status"":true,""class:"":2}}"
2026-02-02T10:17:55.166,"{""sensor"":{""time"":823820,""status"":true,""class:"":2}}"
2026-02-02T10:17:55.256,"{""sensor"":{""time"":823935,""status"":true,""class:"":2}}"
2026-02-02T10:17:55.393,"{""sensor"":{""time"":824051,""status"":true,""class:"":2}}"
2026-02-02T10:17:55.481,"{""sensor"":{""time"":824166,""status"":true,""class:"":2}}"
2026-02-02T10:17:55.663,"{""sensor"":{""time"":824281,""status"":true,""class:"":2}}"
2026-02-02T10:17:55.752,"{""sensor"":{""time"":824396,""status"":true,""class:"":2}}"
2026-02-02T10:17:55.842,"{""sensor"":{""time"":824512,""status"":true,""class:"":2}}"
2026-02-02T10:17:55.977,"{""sensor"":{""time"":824627,""status"":true,""class:"":2}}"
2026-02-02T10:17:56.156,"{""sensor"":{""time"":824743,""status"":true,""class:"":2}}"
2026-02-02T10:17:56.246,"{""sensor"":{""time"":824858,""status"":true,""class:"":2}}"
2026-02-02T10:17:56.337,"{""sensor"":{""time"":824974,""status"":true,""class:"":2}}"
2026-02-02T10:17:56.428,"{""sensor"":{""time"":825089,""status"":true,""class:"":2}}"
2026-02-02T10:17:56.516,"{""sensor"":{""time"":825205,""status"":true,""class:"":2}}"
2026-02-02T10:17:56.652,"{""sensor"":{""time"":825320,""status"":true,""class:"":2}}"
2026-02-02T10:17:56.787,"{""sensor"":{""time"":825435,""status"":true,""class:"":2}}"
2026-02-02T10:17:56.921,"{""sensor"":{""time"":825551,""status"":true,""class:"":2}}"
2026-02-02T10:17:57.012,"{""sensor"":{""time"":825666,""status"":true,""class:"":2}}"
2026-02-02T10:17:57.103,"{""sensor"":{""time"":825781,""status"":true,""class:"":2}}"
2026-02-02T10:17:57.236,"{""sensor"":{""time"":825897,""status"":true,""class:"":2}}"
2026-02-02T10:17:57.329,"{""sensor"":{""time"":826012,""status"":true,""class:"":2}}"
2026-02-02T10:17:57.462,"{""sensor"":{""time"":826127,""status"":true,""class:"":2}}"
2026-02-02T10:17:57.551,"{""sensor"":{""time"":826243,""status"":true,""class:"":2}}"
2026-02-02T10:17:57.687,"{""sensor"":{""time"":826358,""status"":true,""class:"":2}}"
2026-02-02T10:17:57.821,"{""sensor"":{""time"":826474,""status"":true,""class:"":2}}"
2026-02-02T10:17:57.912,"{""sensor"":{""time"":826589,""status"":true,""class:"":2}}"
2026-02-02T10:17:58.048,"{""sensor"":{""time"":826705,""status"":true,""class:"":2}}"
2026-02-02T10:17:58.182,"{""sensor"":{""time"":826820,""status"":true,""class:"":2}}"
2026-02-02T10:17:58.272,"{""sensor"":{""time"":826935,""status"":true,""class:"":2}}"
2026-02-02T10:17:58.362,"{""sensor"":{""time"":827051,""status"":true,""class:"":2}}"
2026-02-02T10:17:58.497,"{""sensor"":{""time"":827166,""status"":true,""class:"":2}}"
2026-02-02T10:17:58.676,"{""sensor"":{""time"":827281,""status"":true,""class:"":2}}"
2026-02-02T10:17:58.767,"{""sensor"":{""time"":827396,""status"":true,""class:"":2}}"
2026-02-02T10:17:58.856,"{""sensor"":{""time"":827512,""status"":true,""class:"":2}}"
2026-02-02T10:17:59.036,"{""sensor"":{""time"":827627,""status"":true,""class:"":2}}"
2026-02-02T10:17:59.127,"{""sensor"":{""time"":827743,""status"":true,""class:"":2}}"
2026-02-02T10:17:59.216,"{""sensor"":{""time"":827858,""status"":true,""class:"":2}}"
2026-02-02T10:17:59.307,"{""sensor"":{""time"":827974,""status"":true,""class:"":2}}"
2026-02-02T10:17:59.443,"{""sensor"":{""time"":828089,""status"":true,""class:"":2}}"
2026-02-02T10:17:59.531,"{""sensor"":{""time"":828204,""status"":true,""class:"":2}}"
2026-02-02T10:17:59.668,"{""sensor"":{""time"":828320,""status"":true,""class:"":2}}"
2026-02-02T10:17:59.757,"{""sensor"":{""time"":828435,""status"":true,""class:"":2}}"
2026-02-02T10:17:59.893,"{""sensor"":{""time"":828551,""status"":true,""class:"":2}}"
2026-02-02T10:17:59.982,"{""sensor"":{""time"":828666,""status"":true,""class:"":2}}"
2026-02-02T10:18:00.116,"{""sensor"":{""time"":828782,""status"":true,""class:"":2}}"
2026-02-02T10:18:00.207,"{""sensor"":{""time"":828897,""status"":true,""class:"":2}}"
2026-02-02T10:18:00.341,"{""sensor"":{""time"":829012,""status"":true,""class:"":2}}"
2026-02-02T10:18:00.566,"{""sensor"":{""time"":829127,""status"":true,""class:"":2}}"
2026-02-02T10:18:00.612,"{""sensor"":{""time"":829243,""status"":true,""class:"":2}}"
2026-02-02T10:18:00.702,"{""sensor"":{""time"":829358,""status"":true,""class:"":2}}"
2026-02-02T10:18:00.838,"{""sensor"":{""time"":829474,""status"":true,""class:"":2}}"
2026-02-02T10:18:00.926,"{""sensor"":{""time"":829589,""status"":true,""class:"":2}}"
2026-02-02T10:18:01.017,"{""sensor"":{""time"":829704,""status"":true,""class:"":2}}"
2026-02-02T10:18:01.197,"{""sensor"":{""time"":829820,""status"":true,""class:"":2}}"
2026-02-02T10:18:01.331,"{""sensor"":{""time"":829935,""status"":true,""class:"":2}}"
2026-02-02T10:18:01.466,"{""sensor"":{""time"":830050,""status"":true,""class:"":2}}"
2026-02-02T10:18:01.556,"{""sensor"":{""time"":830166,""status"":true,""class:"":2}}"
2026-02-02T10:18:01.646,"{""sensor"":{""time"":830281,""status"":true,""class:"":2}}"
2026-02-02T10:18:01.737,"{""sensor"":{""time"":830396,""status"":true,""class:"":2}}"
2026-02-02T10:18:01.827,"{""sensor"":{""time"":830512,""status"":true,""class:"":2}}"
2026-02-02T10:18:01.962,"{""sensor"":{""time"":830627,""status"":true,""class:"":2}}"
2026-02-02T10:18:02.052,"{""sensor"":{""time"":830742,""status"":true,""class:"":2}}"
2026-02-02T10:18:02.231,"{""sensor"":{""time"":830858,""status"":true,""class:"":2}}"
2026-02-02T10:18:02.367,"{""sensor"":{""time"":830973,""status"":true,""class:"":2}}"
2026-02-02T10:18:02.457,"{""sensor"":{""time"":831088,""status"":true,""class:"":2}}"
2026-02-02T10:18:02.546,"{""sensor"":{""time"":831204,""status"":true,""class:"":2}}"
2026-02-02T10:18:02.636,"{""sensor"":{""time"":831319,""status"":true,""class:"":2}}"
2026-02-02T10:18:02.771,"{""sensor"":{""time"":831434,""status"":true,""class:"":2}}"
2026-02-02T10:18:02.952,"{""sensor"":{""time"":831550,""status"":true,""class:"":2}}"
2026-02-02T10:18:03.042,"{""sensor"":{""time"":831665,""status"":true,""class:"":2}}"
2026-02-02T10:18:03.131,"{""sensor"":{""time"":831781,""status"":true,""class:"":2}}"
2026-02-02T10:18:03.266,"{""sensor"":{""time"":831896,""status"":true,""class:"":2}}"
2026-02-02T10:18:03.356,"{""sensor"":{""time"":832011,""status"":true,""class:"":2}}"
2026-02-02T10:18:03.492,"{""sensor"":{""time"":832127,""status"":true,""class:"":2}}"
2026-02-02T10:18:03.717,"{""sensor"":{""time"":832242,""status"":true,""class:"":2}}"
2026-02-02T10:18:03.763,"{""sensor"":{""time"":832358,""status"":true,""class:"":2}}"
2026-02-02T10:18:03.851,"{""sensor"":{""time"":832473,""status"":true,""class:"":2}}"
2026-02-02T10:18:03.942,"{""sensor"":{""time"":832588,""status"":true,""class:"":2}}"
2026-02-02T10:18:04.032,"{""sensor"":{""time"":832704,""status"":true,""class:"":2}}"
2026-02-02T10:18:04.213,"{""sensor"":{""time"":832819,""status"":true,""class:"":2}}"
2026-02-02T10:18:04.392,"{""sensor"":{""time"":832934,""status"":true,""class:"":2}}"
2026-02-02T10:18:04.436,"{""sensor"":{""time"":833050,""status"":true,""class:"":2}}"
2026-02-02T10:18:04.526,"{""sensor"":{""time"":833165,""status"":true,""class:"":2}}"
2026-02-02T10:18:04.662,"{""sensor"":{""time"":833281,""status"":true,""class:"":2}}"
2026-02-02T10:18:04.751,"{""sensor"":{""time"":833396,""status"":true,""class:"":2}}"
2026-02-02T10:18:04.842,"{""sensor"":{""time"":833511,""status"":true,""class:"":2}}"
2026-02-02T10:18:04.978,"{""sensor"":{""time"":833626,""status"":true,""class:"":2}}"
2026-02-02T10:18:05.113,"{""sensor"":{""time"":833742,""status"":true,""class:"":2}}"
2026-02-02T10:18:05.246,"{""sensor"":{""time"":833857,""status"":true,""class:"":2}}"
2026-02-02T10:18:05.336,"{""sensor"":{""time"":833973,""status"":true,""class:"":2}}"
2026-02-02T10:18:05.428,"{""sensor"":{""time"":834088,""status"":true,""class:"":2}}"
2026-02-02T10:18:05.517,"{""sensor"":{""time"":834203,""status"":true,""class:"":2}}"
2026-02-02T10:18:05.652,"{""sensor"":{""time"":834319,""status"":true,""class:"":2}}"
2026-02-02T10:18:05.832,"{""sensor"":{""time"":834434,""status"":true,""class:"":2}}"
2026-02-02T10:18:05.922,"{""sensor"":{""time"":834549,""status"":true,""class:"":2}}"
2026-02-02T10:18:06.011,"{""sensor"":{""time"":834665,""status"":true,""class:"":2}}"
2026-02-02T10:18:06.192,"{""sensor"":{""time"":834780,""status"":true,""class:"":2}}"
2026-02-02T10:18:06.282,"{""sensor"":{""time"":834895,""status"":true,""class:"":2}}"
2026-02-02T10:18:06.373,"{""sensor"":{""time"":835011,""status"":true,""class:"":2}}"
2026-02-02T10:18:06.463,"{""sensor"":{""time"":835126,""status"":true,""class:"":2}}"
2026-02-02T10:18:06.641,"{""sensor"":{""time"":835241,""status"":true,""class:"":2}}"
2026-02-02T10:18:06.731,"{""sensor"":{""time"":835357,""status"":true,""class:"":2}}"
2026-02-02T10:18:06.821,"{""sensor"":{""time"":835472,""status"":true,""class:"":2}}"
2026-02-02T10:18:06.912,"{""sensor"":{""time"":835588,""status"":true,""class:"":2}}"
2026-02-02T10:18:07.091,"{""sensor"":{""time"":835703,""status"":true,""class:"":2}}"
2026-02-02T10:18:07.181,"{""sensor"":{""time"":835819,""status"":true,""class:"":2}}"
2026-02-02T10:18:07.271,"{""sensor"":{""time"":835934,""status"":true,""class:"":2}}"
2026-02-02T10:18:07.406,"{""sensor"":{""time"":836049,""status"":true,""class:"":2}}"
2026-02-02T10:18:07.542,"{""sensor"":{""time"":836165,""status"":true,""class:"":2}}"
2026-02-02T10:18:07.633,"{""sensor"":{""time"":836280,""status"":true,""class:"":2}}"
2026-02-02T10:18:07.812,"{""sensor"":{""time"":836395,""status"":true,""class:"":2}}"
2026-02-02T10:18:07.901,"{""sensor"":{""time"":836511,""status"":true,""class:"":2}}"
2026-02-02T10:18:07.991,"{""sensor"":{""time"":836626,""status"":true,""class:"":2}}"
2026-02-02T10:18:08.081,"{""sensor"":{""time"":836742,""status"":true,""class:"":2}}"
2026-02-02T10:18:08.171,"{""sensor"":{""time"":836857,""status"":true,""class:"":2}}"
2026-02-02T10:18:08.306,"{""sensor"":{""time"":836972,""status"":true,""class:"":2}}"
2026-02-02T10:18:08.397,"{""sensor"":{""time"":837088,""status"":true,""class:"":2}}"
2026-02-02T10:18:08.578,"{""sensor"":{""time"":837203,""status"":true,""class:"":2}}"
2026-02-02T10:18:08.712,"{""sensor"":{""time"":837318,""status"":true,""class:"":2}}"
2026-02-02T10:18:08.801,"{""sensor"":{""time"":837433,""status"":true,""class:"":2}}"
2026-02-02T10:18:08.893,"{""sensor"":{""time"":837549,""status"":true,""class:"":2}}"
2026-02-02T10:18:08.982,"{""sensor"":{""time"":837664,""status"":true,""class:"":2}}"
2026-02-02T10:18:09.117,"{""sensor"":{""time"":837780,""status"":true,""class:"":2}}"
2026-02-02T10:18:09.208,"{""sensor"":{""time"":837895,""status"":true,""class:"":2}}"
2026-02-02T10:18:09.388,"{""sensor"":{""time"":838011,""status"":true,""class:"":2}}"
2026-02-02T10:18:09.477,"{""sensor"":{""time"":838126,""status"":true,""class:"":2}}"
2026-02-02T10:18:09.566,"{""sensor"":{""time"":838241,""status"":true,""class:"":2}}"
2026-02-02T10:18:09.701,"{""sensor"":{""time"":838357,""status"":true,""class:"":2}}"
2026-02-02T10:18:09.837,"{""sensor"":{""time"":838472,""status"":true,""class:"":2}}"
2026-02-02T10:18:09.928,"{""sensor"":{""time"":838588,""status"":true,""class:"":2}}"
2026-02-02T10:18:10.018,"{""sensor"":{""time"":838703,""status"":true,""class:"":2}}"
2026-02-02T10:18:10.152,"{""sensor"":{""time"":838818,""status"":true,""class:"":2}}"
2026-02-02T10:18:10.241,"{""sensor"":{""time"":838934,""status"":true,""class:"":2}}"
2026-02-02T10:18:10.377,"{""sensor"":{""time"":839049,""status"":true,""class:"":2}}"
2026-02-02T10:18:10.556,"{""sensor"":{""time"":839164,""status"":true,""class:"":2}}"
2026-02-02T10:18:10.693,"{""sensor"":{""time"":839280,""status"":true,""class:"":2}}"
2026-02-02T10:18:10.781,"{""sensor"":{""time"":839395,""status"":true,""class:"":2}}"
2026-02-02T10:18:10.872,"{""sensor"":{""time"":839510,""status"":true,""class:"":2}}"
2026-02-02T10:18:10.962,"{""sensor"":{""time"":839626,""status"":true,""class:"":2}}"
2026-02-02T10:18:11.142,"{""sensor"":{""time"":839741,""status"":true,""class:"":2}}"
2026-02-02T10:18:11.231,"{""sensor"":{""time"":839857,""status"":true,""class:"":2}}"
2026-02-02T10:18:11.322,"{""sensor"":{""time"":839972,""status"":true,""class:"":2}}"
2026-02-02T10:18:11.412,"{""sensor"":{""time"":840088,""status"":true,""class:"":2}}"
2026-02-02T10:18:11.547,"{""sensor"":{""time"":840203,""status"":true,""class:"":2}}"
2026-02-02T10:18:11.637,"{""sensor"":{""time"":840318,""status"":true,""class:"":2}}"
2026-02-02T10:18:11.817,"{""sensor"":{""time"":840434,""status"":true,""class:"":2}}"
2026-02-02T10:18:11.906,"{""sensor"":{""time"":840549,""status"":true,""class:"":2}}"
2026-02-02T10:18:11.997,"{""sensor"":{""time"":840665,""status"":true,""class:"":2}}"
2026-02-02T10:18:12.132,"{""sensor"":{""time"":840780,""status"":true,""class:"":2}}"
2026-02-02T10:18:12.221,"{""sensor"":{""time"":840895,""status"":true,""class:"":2}}"
2026-02-02T10:18:12.357,"{""sensor"":{""time"":841011,""status"":true,""class:"":2}}"
2026-02-02T10:18:12.446,"{""sensor"":{""time"":841126,""status"":true,""class:"":2}}"
2026-02-02T10:18:12.581,"{""sensor"":{""time"":841242,""status"":true,""class:"":2}}"
2026-02-02T10:18:12.672,"{""sensor"":{""time"":841357,""status"":true,""class:"":2}}"
2026-02-02T10:18:12.807,"{""sensor"":{""time"":841472,""status"":true,""class:"":2}}"
2026-02-02T10:18:12.897,"{""sensor"":{""time"":841588,""status"":true,""class:"":2}}"
2026-02-02T10:18:13.031,"{""sensor"":{""time"":841703,""status"":true,""class:"":2}}"
2026-02-02T10:18:13.213,"{""sensor"":{""time"":841818,""status"":true,""class:"":2}}"
2026-02-02T10:18:13.301,"{""sensor"":{""time"":841934,""status"":true,""class:"":2}}"
2026-02-02T10:18:13.392,"{""sensor"":{""time"":842049,""status"":true,""class:"":2}}"
2026-02-02T10:18:13.481,"{""sensor"":{""time"":842165,""status"":true,""class:"":2}}"
2026-02-02T10:18:13.707,"{""sensor"":{""time"":842280,""status"":true,""class:"":2}}"
2026-02-02T10:18:13.753,"{""sensor"":{""time"":842395,""status"":true,""class:"":2}}"
2026-02-02T10:18:13.843,"{""sensor"":{""time"":842511,""status"":true,""class:"":2}}"
2026-02-02T10:18:13.977,"{""sensor"":{""time"":842626,""status"":true,""class:"":2}}"
2026-02-02T10:18:14.113,"{""sensor"":{""time"":842742,""status"":true,""class:"":2}}"
2026-02-02T10:18:14.246,"{""sensor"":{""time"":842857,""status"":true,""class:"":2}}"
2026-02-02T10:18:14.336,"{""sensor"":{""time"":842972,""status"":true,""class:"":2}}"
2026-02-02T10:18:14.427,"{""sensor"":{""time"":843088,""status"":true,""class:"":2}}"
2026-02-02T10:18:14.516,"{""sensor"":{""time"":843204,""status"":true,""class:"":2}}"
2026-02-02T10:18:14.652,"{""sensor"":{""time"":843319,""status"":true,""class:"":2}}"
2026-02-02T10:18:14.833,"{""sensor"":{""time"":843435,""status"":true,""class:"":2}}"
2026-02-02T10:18:14.922,"{""sensor"":{""time"":843550,""status"":true,""class:"":2}}"
2026-02-02T10:18:15.056,"{""sensor"":{""time"":843665,""status"":true,""class:"":2}}"
2026-02-02T10:18:15.147,"{""sensor"":{""time"":843780,""status"":true,""class:"":2}}"
2026-02-02T10:18:15.236,"{""sensor"":{""time"":843896,""status"":true,""class:"":2}}"
2026-02-02T10:18:15.327,"{""sensor"":{""time"":844011,""status"":true,""class:"":2}}"
2026-02-02T10:18:15.461,"{""sensor"":{""time"":844127,""status"":true,""class:"":2}}"
2026-02-02T10:18:15.598,"{""sensor"":{""time"":844242,""status"":true,""class:"":2}}"
2026-02-02T10:18:15.731,"{""sensor"":{""time"":844357,""status"":true,""class:"":2}}"
2026-02-02T10:18:15.867,"{""sensor"":{""time"":844473,""status"":true,""class:"":2}}"
2026-02-02T10:18:15.958,"{""sensor"":{""time"":844588,""status"":true,""class:"":2}}"
2026-02-02T10:18:16.046,"{""sensor"":{""time"":844703,""status"":true,""class:"":2}}"
2026-02-02T10:18:16.181,"{""sensor"":{""time"":844819,""status"":true,""class:"":2}}"
2026-02-02T10:18:16.272,"{""sensor"":{""time"":844934,""status"":true,""class:"":2}}"
2026-02-02T10:18:16.363,"{""sensor"":{""time"":845049,""status"":true,""class:"":2}}"
2026-02-02T10:18:16.542,"{""sensor"":{""time"":845165,""status"":true,""class:"":2}}"
2026-02-02T10:18:16.631,"{""sensor"":{""time"":845280,""status"":true,""class:"":2}}"
2026-02-02T10:18:16.721,"{""sensor"":{""time"":845396,""status"":true,""class:"":2}}"
2026-02-02T10:18:16.856,"{""sensor"":{""time"":845511,""status"":true,""class:"":2}}"
2026-02-02T10:18:16.992,"{""sensor"":{""time"":845627,""status"":true,""class:"":2}}"
2026-02-02T10:18:17.081,"{""sensor"":{""time"":845742,""status"":true,""class:"":2}}"
2026-02-02T10:18:17.172,"{""sensor"":{""time"":845857,""status"":true,""class:"":2}}"
2026-02-02T10:18:17.306,"{""sensor"":{""time"":845973,""status"":true,""class:"":2}}"
2026-02-02T10:18:17.398,"{""sensor"":{""time"":846088,""status"":true,""class:"":2}}"
2026-02-02T10:18:17.531,"{""sensor"":{""time"":846203,""status"":true,""class:"":2}}"
2026-02-02T10:18:17.666,"{""sensor"":{""time"":846319,""status"":true,""class:"":2}}"
2026-02-02T10:18:17.758,"{""sensor"":{""time"":846434,""status"":true,""class:"":2}}"
2026-02-02T10:18:17.892,"{""sensor"":{""time"":846549,""status"":true,""class:"":2}}"
2026-02-02T10:18:17.982,"{""sensor"":{""time"":846665,""status"":true,""class:"":2}}"
2026-02-02T10:18:18.116,"{""sensor"":{""time"":846780,""status"":true,""class:"":2}}"
2026-02-02T10:18:18.208,"{""sensor"":{""time"":846896,""status"":true,""class:"":2}}"
2026-02-02T10:18:18.342,"{""sensor"":{""time"":847011,""status"":true,""class:"":2}}"
2026-02-02T10:18:18.477,"{""sensor"":{""time"":847127,""status"":true,""class:"":2}}"
2026-02-02T10:18:18.703,"{""sensor"":{""time"":847242,""status"":true,""class:"":2}}"
2026-02-02T10:18:18.746,"{""sensor"":{""time"":847358,""status"":true,""class:"":2}}"
2026-02-02T10:18:18.837,"{""sensor"":{""time"":847473,""status"":true,""class:"":2}}"
2026-02-02T10:18:18.928,"{""sensor"":{""time"":847588,""status"":true,""class:"":2}}"
2026-02-02T10:18:19.062,"{""sensor"":{""time"":847704,""status"":true,""class:"":2}}"
2026-02-02T10:18:19.152,"{""sensor"":{""time"":847819,""status"":true,""class:"":2}}"
2026-02-02T10:18:19.241,"{""sensor"":{""time"":847934,""status"":true,""class:"":2}}"
2026-02-02T10:18:19.377,"{""sensor"":{""time"":848050,""status"":true,""class:"":2}}"
2026-02-02T10:18:19.558,"{""sensor"":{""time"":848165,""status"":true,""class:"":2}}"
2026-02-02T10:18:19.646,"{""sensor"":{""time"":848280,""status"":true,""class:"":2}}"
2026-02-02T10:18:19.736,"{""sensor"":{""time"":848396,""status"":true,""class:"":2}}"
2026-02-02T10:18:19.827,"{""sensor"":{""time"":848511,""status"":true,""class:"":2}}"
2026-02-02T10:18:20.007,"{""sensor"":{""time"":848627,""status"":true,""class:"":2}}"
2026-02-02T10:18:20.097,"{""sensor"":{""time"":848742,""status"":true,""class:"":2}}"
2026-02-02T10:18:20.187,"{""sensor"":{""time"":848857,""status"":true,""class:"":2}}"
2026-02-02T10:18:20.321,"{""sensor"":{""time"":848973,""status"":true,""class:"":2}}"
2026-02-02T10:18:20.457,"{""sensor"":{""time"":849088,""status"":true,""class:"":2}}"
2026-02-02T10:18:20.592,"{""sensor"":{""time"":849203,""status"":true,""class:"":2}}"
2026-02-02T10:18:20.680,"{""sensor"":{""time"":849319,""status"":true,""class:"":2}}"
2026-02-02T10:18:20.771,"{""sensor"":{""time"":849434,""status"":true,""class:"":2}}"
2026-02-02T10:18:20.861,"{""sensor"":{""time"":849550,""status"":true,""class:"":2}}"
2026-02-02T10:18:20.996,"{""sensor"":{""time"":849665,""status"":true,""class:"":2}}"
2026-02-02T10:18:21.220,"{""sensor"":{""time"":849781,""status"":true,""class:"":2}}"
2026-02-02T10:18:21.266,"{""sensor"":{""time"":849896,""status"":true,""class:"":2}}"
2026-02-02T10:18:21.403,"{""sensor"":{""time"":850011,""status"":true,""class:"":2}}"
2026-02-02T10:18:21.491,"{""sensor"":{""time"":850127,""status"":true,""class:"":2}}"
2026-02-02T10:18:21.626,"{""sensor"":{""time"":850242,""status"":true,""class:"":2}}"
2026-02-02T10:18:21.715,"{""sensor"":{""time"":850357,""status"":true,""class:"":2}}"
2026-02-02T10:18:21.808,"{""sensor"":{""time"":850473,""status"":true,""class:"":2}}"
2026-02-02T10:18:21.896,"{""sensor"":{""time"":850588,""status"":true,""class:"":2}}"
2026-02-02T10:18:22.032,"{""sensor"":{""time"":850703,""status"":true,""class:"":2}}"
2026-02-02T10:18:22.166,"{""sensor"":{""time"":850818,""status"":true,""class:"":2}}"
2026-02-02T10:18:22.256,"{""sensor"":{""time"":850934,""status"":true,""class:"":2}}"
2026-02-02T10:18:22.392,"{""sensor"":{""time"":851049,""status"":true,""class:"":2}}"
2026-02-02T10:18:22.481,"{""sensor"":{""time"":851164,""status"":true,""class:"":2}}"
2026-02-02T10:18:22.617,"{""sensor"":{""time"":851280,""status"":true,""class:"":2}}"
2026-02-02T10:18:22.841,"{""sensor"":{""time"":851395,""status"":true,""class:"":2}}"
2026-02-02T10:18:22.886,"{""sensor"":{""time"":851510,""status"":true,""class:"":2}}"
2026-02-02T10:18:22.977,"{""sensor"":{""time"":851626,""status"":true,""class:"":2}}"
2026-02-02T10:18:23.066,"{""sensor"":{""time"":851741,""status"":true,""class:"":2}}"
2026-02-02T10:18:23.202,"{""sensor"":{""time"":851857,""status"":true,""class:"":2}}"
2026-02-02T10:18:23.290,"{""sensor"":{""time"":851972,""status"":true,""class:"":2}}"
2026-02-02T10:18:23.426,"{""sensor"":{""time"":852087,""status"":true,""class:"":2}}"
2026-02-02T10:18:23.515,"{""sensor"":{""time"":852203,""status"":true,""class:"":2}}"
2026-02-02T10:18:23.696,"{""sensor"":{""time"":852318,""status"":true,""class:"":2}}"
2026-02-02T10:18:23.786,"{""sensor"":{""time"":852433,""status"":true,""class:"":2}}"
2026-02-02T10:18:23.877,"{""sensor"":{""time"":852549,""status"":true,""class:"":2}}"
2026-02-02T10:18:24.012,"{""sensor"":{""time"":852664,""status"":true,""class:"":2}}"
2026-02-02T10:18:24.147,"{""sensor"":{""time"":852780,""status"":true,""class:"":2}}"
2026-02-02T10:18:24.280,"{""sensor"":{""time"":852895,""status"":true,""class:"":2}}"
2026-02-02T10:18:24.370,"{""sensor"":{""time"":853010,""status"":true,""class:"":2}}"
2026-02-02T10:18:24.462,"{""sensor"":{""time"":853125,""status"":true,""class:"":2}}"
2026-02-02T10:18:24.550,"{""sensor"":{""time"":853241,""status"":true,""class:"":2}}"
2026-02-02T10:18:24.685,"{""sensor"":{""time"":853356,""status"":true,""class:"":2}}"
2026-02-02T10:18:24.821,"{""sensor"":{""time"":853472,""status"":true,""class:"":2}}"
2026-02-02T10:18:24.910,"{""sensor"":{""time"":853587,""status"":true,""class:"":2}}"
2026-02-02T10:18:25.046,"{""sensor"":{""time"":853703,""status"":true,""class:"":2}}"
2026-02-02T10:18:25.136,"{""sensor"":{""time"":853818,""status"":true,""class:"":2}}"
2026-02-02T10:18:25.271,"{""sensor"":{""time"":853933,""status"":true,""class:"":2}}"
2026-02-02T10:18:25.360,"{""sensor"":{""time"":854048,""status"":true,""class:"":2}}"
2026-02-02T10:18:25.498,"{""sensor"":{""time"":854164,""status"":true,""class:"":2}}"
2026-02-02T10:18:25.585,"{""sensor"":{""time"":854279,""status"":true,""class:"":2}}"
2026-02-02T10:18:25.722,"{""sensor"":{""time"":854394,""status"":true,""class:"":2}}"
2026-02-02T10:18:25.856,"{""sensor"":{""time"":854509,""status"":true,""class:"":2}}"
2026-02-02T10:18:25.945,"{""sensor"":{""time"":854625,""status"":true,""class:"":2}}"
2026-02-02T10:18:26.171,"{""sensor"":{""time"":854740,""status"":true,""class:"":2}}"
2026-02-02T10:18:26.216,"{""sensor"":{""time"":854856,""status"":true,""class:"":2}}"
2026-02-02T10:18:26.306,"{""sensor"":{""time"":854971,""status"":true,""class:"":2}}"
2026-02-02T10:18:26.395,"{""sensor"":{""time"":855086,""status"":true,""class:"":2}}"
2026-02-02T10:18:26.530,"{""sensor"":{""time"":855202,""status"":true,""class:"":2}}"
2026-02-02T10:18:26.666,"{""sensor"":{""time"":855317,""status"":true,""class:"":2}}"
2026-02-02T10:18:26.800,"{""sensor"":{""time"":855432,""status"":true,""class:"":2}}"
2026-02-02T10:18:26.890,"{""sensor"":{""time"":855548,""status"":true,""class:"":2}}"
2026-02-02T10:18:26.980,"{""sensor"":{""time"":855663,""status"":true,""class:"":2}}"
2026-02-02T10:18:27.115,"{""sensor"":{""time"":855778,""status"":true,""class:"":2}}"
2026-02-02T10:18:27.207,"{""sensor"":{""time"":855894,""status"":true,""class:"":2}}"
2026-02-02T10:18:27.340,"{""sensor"":{""time"":856009,""status"":true,""class:"":2}}"
2026-02-02T10:18:27.430,"{""sensor"":{""time"":856124,""status"":true,""class:"":2}}"
2026-02-02T10:18:27.566,"{""sensor"":{""time"":856240,""status"":true,""class:"":2}}"
2026-02-02T10:18:27.700,"{""sensor"":{""time"":856355,""status"":true,""class:"":2}}"
2026-02-02T10:18:27.790,"{""sensor"":{""time"":856470,""status"":true,""class:"":2}}"
2026-02-02T10:18:27.926,"{""sensor"":{""time"":856586,""status"":true,""class:"":2}}"
2026-02-02T10:18:28.016,"{""sensor"":{""time"":856701,""status"":true,""class:"":2}}"
2026-02-02T10:18:28.151,"{""sensor"":{""time"":856817,""status"":true,""class:"":2}}"
2026-02-02T10:18:28.241,"{""sensor"":{""time"":856932,""status"":true,""class:"":2}}"
2026-02-02T10:18:28.376,"{""sensor"":{""time"":857047,""status"":true,""class:"":2}}"
2026-02-02T10:18:28.511,"{""sensor"":{""time"":857162,""status"":true,""class:"":2}}"
2026-02-02T10:18:28.604,"{""sensor"":{""time"":857278,""status"":true,""class:"":2}}"
2026-02-02T10:18:28.736,"{""sensor"":{""time"":857393,""status"":true,""class:"":2}}"
2026-02-02T10:18:28.826,"{""sensor"":{""time"":857509,""status"":true,""class:"":2}}"
2026-02-02T10:18:28.961,"{""sensor"":{""time"":857624,""status"":true,""class:"":2}}"
2026-02-02T10:18:29.053,"{""sensor"":{""time"":857739,""status"":true,""class:"":2}}"
2026-02-02T10:18:29.185,"{""sensor"":{""time"":857855,""status"":true,""class:"":2}}"
2026-02-02T10:18:29.277,"{""sensor"":{""time"":857970,""status"":true,""class:"":2}}"
2026-02-02T10:18:29.500,"{""sensor"":{""time"":858085,""status"":true,""class:"":2}}"
2026-02-02T10:18:29.592,"{""sensor"":{""time"":858201,""status"":true,""class:"":2}}"
2026-02-02T10:18:29.637,"{""sensor"":{""time"":858316,""status"":true,""class:"":2}}"
2026-02-02T10:18:29.771,"{""sensor"":{""time"":858431,""status"":true,""class:"":2}}"
2026-02-02T10:18:29.861,"{""sensor"":{""time"":858547,""status"":true,""class:"":2}}"
2026-02-02T10:18:29.996,"{""sensor"":{""time"":858662,""status"":true,""class:"":2}}"
2026-02-02T10:18:30.085,"{""sensor"":{""time"":858777,""status"":true,""class:"":2}}"
2026-02-02T10:18:30.222,"{""sensor"":{""time"":858893,""status"":true,""class:"":2}}"
2026-02-02T10:18:30.356,"{""sensor"":{""time"":859008,""status"":true,""class:"":2}}"
2026-02-02T10:18:30.490,"{""sensor"":{""time"":859123,""status"":true,""class:"":2}}"
2026-02-02T10:18:30.580,"{""sensor"":{""time"":859238,""status"":true,""class:"":2}}"
2026-02-02T10:18:30.762,"{""sensor"":{""time"":859354,""status"":true,""class:"":2}}"
2026-02-02T10:18:30.850,"{""sensor"":{""time"":859469,""status"":true,""class:"":2}}"
2026-02-02T10:18:30.941,"{""sensor"":{""time"":859585,""status"":true,""class:"":2}}"
2026-02-02T10:18:31.030,"{""sensor"":{""time"":859700,""status"":true,""class:"":2}}"
2026-02-02T10:18:31.211,"{""sensor"":{""time"":859816,""status"":true,""class:"":2}}"
2026-02-02T10:18:31.301,"{""sensor"":{""time"":859931,""status"":true,""class:"":2}}"
2026-02-02T10:18:31.390,"{""sensor"":{""time"":860047,""status"":true,""class:"":2}}"
2026-02-02T10:18:31.571,"{""sensor"":{""time"":860162,""status"":true,""class:"":2}}"
2026-02-02T10:18:31.661,"{""sensor"":{""time"":860277,""status"":true,""class:"":2}}"
2026-02-02T10:18:31.750,"{""sensor"":{""time"":860393,""status"":true,""class:"":2}}"
2026-02-02T10:18:31.842,"{""sensor"":{""time"":860508,""status"":true,""class:"":2}}"
2026-02-02T10:18:31.931,"{""sensor"":{""time"":860623,""status"":true,""class:"":2}}"
2026-02-02T10:18:32.065,"{""sensor"":{""time"":860739,""status"":true,""class:"":2}}"
2026-02-02T10:18:32.245,"{""sensor"":{""time"":860854,""status"":true,""class:"":2}}"
2026-02-02T10:18:32.336,"{""sensor"":{""time"":860969,""status"":true,""class:"":2}}"
2026-02-02T10:18:32.471,"{""sensor"":{""time"":861084,""status"":true,""class:"":2}}"
2026-02-02T10:18:32.561,"{""sensor"":{""time"":861200,""status"":true,""class:"":2}}"
2026-02-02T10:18:32.696,"{""sensor"":{""time"":861315,""status"":true,""class:"":2}}"
2026-02-02T10:18:32.786,"{""sensor"":{""time"":861430,""status"":true,""class:"":2}}"
2026-02-02T10:18:32.877,"{""sensor"":{""time"":861546,""status"":true,""class:"":2}}"
2026-02-02T10:18:33.010,"{""sensor"":{""time"":861661,""status"":true,""class:"":2}}"
2026-02-02T10:18:33.147,"{""sensor"":{""time"":861777,""status"":true,""class:"":2}}"
2026-02-02T10:18:33.326,"{""sensor"":{""time"":861892,""status"":true,""class:"":2}}"
2026-02-02T10:18:33.417,"{""sensor"":{""time"":862007,""status"":true,""class:"":2}}"
2026-02-02T10:18:33.551,"{""sensor"":{""time"":862122,""status"":true,""class:"":2}}"
2026-02-02T10:18:33.596,"{""sensor"":{""time"":862238,""status"":true,""class:"":2}}"
2026-02-02T10:18:33.730,"{""sensor"":{""time"":862353,""status"":true,""class:"":2}}"
2026-02-02T10:18:33.822,"{""sensor"":{""time"":862469,""status"":true,""class:"":2}}"
2026-02-02T10:18:33.910,"{""sensor"":{""time"":862584,""status"":true,""class:"":2}}"
2026-02-02T10:18:34.046,"{""sensor"":{""time"":862700,""status"":true,""class:"":2}}"
2026-02-02T10:18:34.136,"{""sensor"":{""time"":862815,""status"":true,""class:"":2}}"
2026-02-02T10:18:34.271,"{""sensor"":{""time"":862930,""status"":true,""class:"":2}}"
2026-02-02T10:18:34.361,"{""sensor"":{""time"":863046,""status"":true,""class:"":2}}"
2026-02-02T10:18:34.496,"{""sensor"":{""time"":863161,""status"":true,""class:"":2}}"
2026-02-02T10:18:34.585,"{""sensor"":{""time"":863276,""status"":true,""class:"":2}}"
2026-02-02T10:18:34.766,"{""sensor"":{""time"":863391,""status"":true,""class:"":2}}"
2026-02-02T10:18:34.857,"{""sensor"":{""time"":863507,""status"":true,""class:"":2}}"
2026-02-02T10:18:34.946,"{""sensor"":{""time"":863622,""status"":true,""class:"":2}}"
2026-02-02T10:18:35.081,"{""sensor"":{""time"":863737,""status"":true,""class:"":2}}"
2026-02-02T10:18:35.172,"{""sensor"":{""time"":863853,""status"":true,""class:"":2}}"
2026-02-02T10:18:35.305,"{""sensor"":{""time"":863968,""status"":true,""class:"":2}}"
2026-02-02T10:18:35.485,"{""sensor"":{""time"":864083,""status"":true,""class:"":2}}"
2026-02-02T10:18:35.578,"{""sensor"":{""time"":864199,""status"":true,""class:"":2}}"
2026-02-02T10:18:35.666,"{""sensor"":{""time"":864314,""status"":true,""class:"":2}}"
2026-02-02T10:18:35.755,"{""sensor"":{""time"":864429,""status"":true,""class:"":2}}"
2026-02-02T10:18:35.891,"{""sensor"":{""time"":864545,""status"":true,""class:"":2}}"
2026-02-02T10:18:35.980,"{""sensor"":{""time"":864660,""status"":true,""class:"":2}}"
2026-02-02T10:18:36.205,"{""sensor"":{""time"":864776,""status"":true,""class:"":2}}"
2026-02-02T10:18:36.251,"{""sensor"":{""time"":864891,""status"":true,""class:"":2}}"
2026-02-02T10:18:36.341,"{""sensor"":{""time"":865006,""status"":true,""class:"":2}}"
2026-02-02T10:18:36.432,"{""sensor"":{""time"":865121,""status"":true,""class:"":2}}"
2026-02-02T10:18:36.565,"{""sensor"":{""time"":865236,""status"":true,""class:"":2}}"
2026-02-02T10:18:36.700,"{""sensor"":{""time"":865352,""status"":true,""class:"":2}}"
2026-02-02T10:18:36.791,"{""sensor"":{""time"":865467,""status"":true,""class:"":2}}"
2026-02-02T10:18:36.925,"{""sensor"":{""time"":865582,""status"":true,""class:"":2}}"
2026-02-02T10:18:37.016,"{""sensor"":{""time"":865698,""status"":true,""class:"":2}}"
2026-02-02T10:18:37.152,"{""sensor"":{""time"":865813,""status"":true,""class:"":2}}"
2026-02-02T10:18:37.330,"{""sensor"":{""time"":865929,""status"":true,""class:"":2}}"
2026-02-02T10:18:37.421,"{""sensor"":{""time"":866044,""status"":true,""class:"":2}}"
2026-02-02T10:18:37.512,"{""sensor"":{""time"":866159,""status"":true,""class:"":2}}"
2026-02-02T10:18:37.646,"{""sensor"":{""time"":866275,""status"":true,""class:"":2}}"
2026-02-02T10:18:37.735,"{""sensor"":{""time"":866390,""status"":true,""class:"":2}}"
2026-02-02T10:18:37.826,"{""sensor"":{""time"":866505,""status"":true,""class:"":2}}"
2026-02-02T10:18:37.961,"{""sensor"":{""time"":866621,""status"":true,""class:"":2}}"
2026-02-02T10:18:38.050,"{""sensor"":{""time"":866736,""status"":true,""class:"":2}}"
2026-02-02T10:18:38.186,"{""sensor"":{""time"":866852,""status"":true,""class:"":2}}"
2026-02-02T10:18:38.321,"{""sensor"":{""time"":866967,""status"":true,""class:"":2}}"
2026-02-02T10:18:38.456,"{""sensor"":{""time"":867082,""status"":true,""class:"":2}}"
2026-02-02T10:18:38.545,"{""sensor"":{""time"":867198,""status"":true,""class:"":2}}"
2026-02-02T10:18:38.727,"{""sensor"":{""time"":867313,""status"":true,""class:"":2}}"
2026-02-02T10:18:38.816,"{""sensor"":{""time"":867429,""status"":true,""class:"":2}}"
2026-02-02T10:18:38.906,"{""sensor"":{""time"":867544,""status"":true,""class:"":2}}"
2026-02-02T10:18:38.996,"{""sensor"":{""time"":867660,""status"":true,""class:"":2}}"
2026-02-02T10:18:39.085,"{""sensor"":{""time"":867775,""status"":true,""class:"":2}}"
2026-02-02T10:18:39.222,"{""sensor"":{""time"":867890,""status"":true,""class:"":2}}"
2026-02-02T10:18:39.311,"{""sensor"":{""time"":868005,""status"":true,""class:"":2}}"
2026-02-02T10:18:39.446,"{""sensor"":{""time"":868121,""status"":true,""class:"":2}}"
2026-02-02T10:18:39.581,"{""sensor"":{""time"":868236,""status"":true,""class:"":2}}"
2026-02-02T10:18:39.670,"{""sensor"":{""time"":868351,""status"":true,""class:"":2}}"
2026-02-02T10:18:39.806,"{""sensor"":{""time"":868467,""status"":true,""class:"":2}}"
2026-02-02T10:18:39.895,"{""sensor"":{""time"":868582,""status"":true,""class:"":2}}"
2026-02-02T10:18:40.030,"{""sensor"":{""time"":868697,""status"":true,""class:"":2}}"
2026-02-02T10:18:40.122,"{""sensor"":{""time"":868813,""status"":true,""class:"":2}}"
2026-02-02T10:18:40.300,"{""sensor"":{""time"":868928,""status"":true,""class:"":2}}"
2026-02-02T10:18:40.392,"{""sensor"":{""time"":869044,""status"":true,""class:"":2}}"
2026-02-02T10:18:40.480,"{""sensor"":{""time"":869159,""status"":true,""class:"":2}}"
2026-02-02T10:18:40.615,"{""sensor"":{""time"":869274,""status"":true,""class:"":2}}"
2026-02-02T10:18:40.705,"{""sensor"":{""time"":869390,""status"":true,""class:"":2}}"
2026-02-02T10:18:40.841,"{""sensor"":{""time"":869506,""status"":true,""class:"":2}}"
2026-02-02T10:18:40.975,"{""sensor"":{""time"":869621,""status"":true,""class:"":2}}"
2026-02-02T10:18:41.065,"{""sensor"":{""time"":869737,""status"":true,""class:"":2}}"
2026-02-02T10:18:41.246,"{""sensor"":{""time"":869852,""status"":true,""class:"":2}}"
2026-02-02T10:18:41.336,"{""sensor"":{""time"":869967,""status"":true,""class:"":2}}"
2026-02-02T10:18:41.426,"{""sensor"":{""time"":870083,""status"":true,""class:"":2}}"
2026-02-02T10:18:41.516,"{""sensor"":{""time"":870198,""status"":true,""class:"":2}}"
2026-02-02T10:18:41.650,"{""sensor"":{""time"":870314,""status"":true,""class:"":2}}"
2026-02-02T10:18:41.741,"{""sensor"":{""time"":870429,""status"":true,""class:"":2}}"
2026-02-02T10:18:41.877,"{""sensor"":{""time"":870544,""status"":true,""class:"":2}}"
2026-02-02T10:18:41.966,"{""sensor"":{""time"":870660,""status"":true,""class:"":2}}"
2026-02-02T10:18:42.145,"{""sensor"":{""time"":870775,""status"":true,""class:"":2}}"
2026-02-02T10:18:42.236,"{""sensor"":{""time"":870891,""status"":true,""class:"":2}}"
2026-02-02T10:18:42.326,"{""sensor"":{""time"":871006,""status"":true,""class:"":2}}"
2026-02-02T10:18:42.462,"{""sensor"":{""time"":871121,""status"":true,""class:"":2}}"
2026-02-02T10:18:42.595,"{""sensor"":{""time"":871236,""status"":true,""class:"":2}}"
2026-02-02T10:18:42.685,"{""sensor"":{""time"":871352,""status"":true,""class:"":2}}"
2026-02-02T10:18:42.776,"{""sensor"":{""time"":871467,""status"":true,""class:"":2}}"
2026-02-02T10:18:42.912,"{""sensor"":{""time"":871583,""status"":true,""class:"":2}}"
2026-02-02T10:18:43.046,"{""sensor"":{""time"":871698,""status"":true,""class:"":2}}"
2026-02-02T10:18:43.135,"{""sensor"":{""time"":871813,""status"":true,""class:"":2}}"
2026-02-02T10:18:43.271,"{""sensor"":{""time"":871929,""status"":true,""class:"":2}}"
2026-02-02T10:18:43.361,"{""sensor"":{""time"":872044,""status"":true,""class:"":2}}"
2026-02-02T10:18:43.496,"{""sensor"":{""time"":872159,""status"":true,""class:"":2}}"
2026-02-02T10:18:43.585,"{""sensor"":{""time"":872275,""status"":true,""class:"":2}}"
2026-02-02T10:18:43.767,"{""sensor"":{""time"":872390,""status"":true,""class:"":2}}"
2026-02-02T10:18:43.857,"{""sensor"":{""time"":872506,""status"":true,""class:"":2}}"
2026-02-02T10:18:43.992,"{""sensor"":{""time"":872621,""status"":true,""class:"":2}}"
2026-02-02T10:18:44.082,"{""sensor"":{""time"":872737,""status"":true,""class:"":2}}"
2026-02-02T10:18:44.171,"{""sensor"":{""time"":872852,""status"":true,""class:"":2}}"
2026-02-02T10:18:44.306,"{""sensor"":{""time"":872968,""status"":true,""class:"":2}}"
2026-02-02T10:18:44.396,"{""sensor"":{""time"":873083,""status"":true,""class:"":2}}"
2026-02-02T10:18:44.530,"{""sensor"":{""time"":873199,""status"":true,""class:"":2}}"
2026-02-02T10:18:44.621,"{""sensor"":{""time"":873314,""status"":true,""class:"":2}}"
2026-02-02T10:18:44.755,"{""sensor"":{""time"":873429,""status"":true,""class:"":2}}"
2026-02-02T10:18:44.891,"{""sensor"":{""time"":873545,""status"":true,""class:"":2}}"
2026-02-02T10:18:44.982,"{""sensor"":{""time"":873660,""status"":true,""class:"":2}}"
2026-02-02T10:18:45.161,"{""sensor"":{""time"":873776,""status"":true,""class:"":2}}"
2026-02-02T10:18:45.251,"{""sensor"":{""time"":873891,""status"":true,""class:"":2}}"
2026-02-02T10:18:45.341,"{""sensor"":{""time"":874006,""status"":true,""class:"":2}}"
2026-02-02T10:18:45.430,"{""sensor"":{""time"":874121,""status"":true,""class:"":2}}"
2026-02-02T10:18:45.565,"{""sensor"":{""time"":874237,""status"":true,""class:"":2}}"
2026-02-02T10:18:45.702,"{""sensor"":{""time"":874352,""status"":true,""class:"":2}}"
2026-02-02T10:18:45.791,"{""sensor"":{""time"":874468,""status"":true,""class:"":2}}"
2026-02-02T10:18:45.925,"{""sensor"":{""time"":874583,""status"":true,""class:"":2}}"
2026-02-02T10:18:46.016,"{""sensor"":{""time"":874699,""status"":true,""class:"":2}}"
2026-02-02T10:18:46.241,"{""sensor"":{""time"":874814,""status"":true,""class:"":2}}"
2026-02-02T10:18:46.375,"{""sensor"":{""time"":874929,""status"":true,""class:"":2}}"
2026-02-02T10:18:46.420,"{""sensor"":{""time"":875044,""status"":true,""class:"":2}}"
2026-02-02T10:18:46.511,"{""sensor"":{""time"":875160,""status"":true,""class:"":2}}"
2026-02-02T10:18:46.600,"{""sensor"":{""time"":875275,""status"":true,""class:"":2}}"
2026-02-02T10:18:46.826,"{""sensor"":{""time"":875391,""status"":true,""class:"":2}}"
2026-02-02T10:18:46.872,"{""sensor"":{""time"":875506,""status"":true,""class:"":2}}"
2026-02-02T10:18:46.962,"{""sensor"":{""time"":875621,""status"":true,""class:"":2}}"
2026-02-02T10:18:47.051,"{""sensor"":{""time"":875737,""status"":true,""class:"":2}}"
2026-02-02T10:18:47.187,"{""sensor"":{""time"":875852,""status"":true,""class:"":2}}"
2026-02-02T10:18:47.275,"{""sensor"":{""time"":875968,""status"":true,""class:"":2}}"
2026-02-02T10:18:47.457,"{""sensor"":{""time"":876083,""status"":true,""class:"":2}}"
2026-02-02T10:18:47.591,"{""sensor"":{""time"":876198,""status"":true,""class:"":2}}"
2026-02-02T10:18:47.680,"{""sensor"":{""time"":876314,""status"":true,""class:"":2}}"
2026-02-02T10:18:47.771,"{""sensor"":{""time"":876429,""status"":true,""class:"":2}}"
2026-02-02T10:18:47.861,"{""sensor"":{""time"":876544,""status"":true,""class:"":2}}"
2026-02-02T10:18:47.995,"{""sensor"":{""time"":876660,""status"":true,""class:"":2}}"
2026-02-02T10:18:48.087,"{""sensor"":{""time"":876775,""status"":true,""class:"":2}}"
2026-02-02T10:18:48.221,"{""sensor"":{""time"":876890,""status"":true,""class:"":2}}"
2026-02-02T10:18:48.311,"{""sensor"":{""time"":877006,""status"":true,""class:"":2}}"
2026-02-02T10:18:48.448,"{""sensor"":{""time"":877121,""status"":true,""class:"":2}}"
2026-02-02T10:18:48.581,"{""sensor"":{""time"":877236,""status"":true,""class:"":2}}"
2026-02-02T10:18:48.759,"{""sensor"":{""time"":877352,""status"":true,""class:"":2}}"
2026-02-02T10:18:48.849,"{""sensor"":{""time"":877467,""status"":true,""class:"":2}}"
2026-02-02T10:18:48.940,"{""sensor"":{""time"":877582,""status"":true,""class:"":2}}"
2026-02-02T10:18:49.030,"{""sensor"":{""time"":877698,""status"":true,""class:"":2}}"
2026-02-02T10:18:49.120,"{""sensor"":{""time"":877814,""status"":true,""class:"":2}}"
2026-02-02T10:18:49.301,"{""sensor"":{""time"":877929,""status"":true,""class:"":2}}"
2026-02-02T10:18:49.390,"{""sensor"":{""time"":878044,""status"":true,""class:"":2}}"
2026-02-02T10:18:49.481,"{""sensor"":{""time"":878160,""status"":true,""class:"":2}}"
2026-02-02T10:18:49.615,"{""sensor"":{""time"":878275,""status"":true,""class:"":2}}"
2026-02-02T10:18:49.706,"{""sensor"":{""time"":878391,""status"":true,""class:"":2}}"
2026-02-02T10:18:49.843,"{""sensor"":{""time"":878506,""status"":true,""class:"":2}}"
2026-02-02T10:18:49.931,"{""sensor"":{""time"":878621,""status"":true,""class:"":2}}"
2026-02-02T10:18:50.065,"{""sensor"":{""time"":878737,""status"":true,""class:"":2}}"
2026-02-02T10:18:50.200,"{""sensor"":{""time"":878852,""status"":true,""class:"":2}}"
2026-02-02T10:18:50.291,"{""sensor"":{""time"":878967,""status"":true,""class:"":2}}"
2026-02-02T10:18:50.425,"{""sensor"":{""time"":879083,""status"":true,""class:"":2}}"
2026-02-02T10:18:50.514,"{""sensor"":{""time"":879198,""status"":true,""class:"":2}}"
2026-02-02T10:18:50.650,"{""sensor"":{""time"":879313,""status"":true,""class:"":2}}"
2026-02-02T10:18:50.740,"{""sensor"":{""time"":879429,""status"":true,""class:"":2}}"
2026-02-02T10:18:50.875,"{""sensor"":{""time"":879544,""status"":true,""class:"":2}}"
2026-02-02T10:18:50.965,"{""sensor"":{""time"":879660,""status"":true,""class:"":2}}"
2026-02-02T10:18:51.100,"{""sensor"":{""time"":879775,""status"":true,""class:"":2}}"
2026-02-02T10:18:51.235,"{""sensor"":{""time"":879891,""status"":true,""class:"":2}}"
2026-02-02T10:18:51.324,"{""sensor"":{""time"":880006,""status"":true,""class:"":2}}"
2026-02-02T10:18:51.459,"{""sensor"":{""time"":880121,""status"":true,""class:"":2}}"
2026-02-02T10:18:51.550,"{""sensor"":{""time"":880237,""status"":true,""class:"":2}}"
2026-02-02T10:18:51.685,"{""sensor"":{""time"":880352,""status"":true,""class:"":2}}"
2026-02-02T10:18:51.821,"{""sensor"":{""time"":880467,""status"":true,""class:"":2}}"
2026-02-02T10:18:51.911,"{""sensor"":{""time"":880583,""status"":true,""class:"":2}}"
2026-02-02T10:18:52.045,"{""sensor"":{""time"":880698,""status"":true,""class:"":2}}"
2026-02-02T10:18:52.134,"{""sensor"":{""time"":880813,""status"":true,""class:"":2}}"
2026-02-02T10:18:52.270,"{""sensor"":{""time"":880929,""status"":true,""class:"":2}}"
2026-02-02T10:18:52.359,"{""sensor"":{""time"":881044,""status"":true,""class:"":2}}"
2026-02-02T10:18:52.495,"{""sensor"":{""time"":881160,""status"":true,""class:"":2}}"
2026-02-02T10:18:52.584,"{""sensor"":{""time"":881275,""status"":true,""class:"":2}}"
2026-02-02T10:18:52.720,"{""sensor"":{""time"":881390,""status"":true,""class:"":2}}"
2026-02-02T10:18:52.811,"{""sensor"":{""time"":881506,""status"":true,""class:"":2}}"
2026-02-02T10:18:52.944,"{""sensor"":{""time"":881621,""status"":true,""class:"":2}}"
2026-02-02T10:18:53.080,"{""sensor"":{""time"":881737,""status"":true,""class:"":2}}"
2026-02-02T10:18:53.170,"{""sensor"":{""time"":881852,""status"":true,""class:"":2}}"
2026-02-02T10:18:53.305,"{""sensor"":{""time"":881968,""status"":true,""class:"":2}}"
2026-02-02T10:18:53.394,"{""sensor"":{""time"":882083,""status"":true,""class:"":2}}"
2026-02-02T10:18:53.529,"{""sensor"":{""time"":882198,""status"":true,""class:"":2}}"
2026-02-02T10:18:53.709,"{""sensor"":{""time"":882314,""status"":true,""class:"":2}}"
2026-02-02T10:18:53.889,"{""sensor"":{""time"":882429,""status"":true,""class:"":2}}"
2026-02-02T10:18:53.934,"{""sensor"":{""time"":882545,""status"":true,""class:"":2}}"
2026-02-02T10:18:54.024,"{""sensor"":{""time"":882660,""status"":true,""class:"":2}}"
2026-02-02T10:18:54.114,"{""sensor"":{""time"":882775,""status"":true,""class:"":2}}"
2026-02-02T10:18:54.205,"{""sensor"":{""time"":882891,""status"":true,""class:"":2}}"
2026-02-02T10:18:54.340,"{""sensor"":{""time"":883006,""status"":true,""class:"":2}}"
2026-02-02T10:18:54.430,"{""sensor"":{""time"":883121,""status"":true,""class:"":2}}"
2026-02-02T10:18:54.565,"{""sensor"":{""time"":883237,""status"":true,""class:"":2}}"
2026-02-02T10:18:54.745,"{""sensor"":{""time"":883352,""status"":true,""class:"":2}}"
2026-02-02T10:18:54.835,"{""sensor"":{""time"":883468,""status"":true,""class:"":2}}"
2026-02-02T10:18:54.926,"{""sensor"":{""time"":883583,""status"":true,""class:"":2}}"
2026-02-02T10:18:55.059,"{""sensor"":{""time"":883699,""status"":true,""class:"":2}}"
2026-02-02T10:18:55.149,"{""sensor"":{""time"":883814,""status"":true,""class:"":2}}"
2026-02-02T10:18:55.240,"{""sensor"":{""time"":883929,""status"":true,""class:"":2}}"
2026-02-02T10:18:55.375,"{""sensor"":{""time"":884044,""status"":true,""class:"":2}}"
2026-02-02T10:18:55.466,"{""sensor"":{""time"":884160,""status"":true,""class:"":2}}"
2026-02-02T10:18:55.645,"{""sensor"":{""time"":884275,""status"":true,""class:"":2}}"
2026-02-02T10:18:55.735,"{""sensor"":{""time"":884390,""status"":true,""class:"":2}}"
2026-02-02T10:18:55.870,"{""sensor"":{""time"":884506,""status"":true,""class:"":2}}"
2026-02-02T10:18:55.962,"{""sensor"":{""time"":884621,""status"":true,""class:"":2}}"
2026-02-02T10:18:56.049,"{""sensor"":{""time"":884736,""status"":true,""class:"":2}}"
2026-02-02T10:18:56.232,"{""sensor"":{""time"":884852,""status"":true,""class:"":2}}"
2026-02-02T10:18:56.365,"{""sensor"":{""time"":884967,""status"":true,""class:"":2}}"
2026-02-02T10:18:56.455,"{""sensor"":{""time"":885082,""status"":true,""class:"":2}}"
2026-02-02T10:18:56.544,"{""sensor"":{""time"":885198,""status"":true,""class:"":2}}"
2026-02-02T10:18:56.636,"{""sensor"":{""time"":885313,""status"":true,""class:"":2}}"
2026-02-02T10:18:56.770,"{""sensor"":{""time"":885429,""status"":true,""class:"":2}}"
2026-02-02T10:18:56.860,"{""sensor"":{""time"":885544,""status"":true,""class:"":2}}"
2026-02-02T10:18:56.997,"{""sensor"":{""time"":885659,""status"":true,""class:"":2}}"
2026-02-02T10:18:57.086,"{""sensor"":{""time"":885775,""status"":true,""class:"":2}}"
2026-02-02T10:18:57.264,"{""sensor"":{""time"":885890,""status"":true,""class:"":2}}"
2026-02-02T10:18:57.355,"{""sensor"":{""time"":886005,""status"":true,""class:"":2}}"
2026-02-02T10:18:57.444,"{""sensor"":{""time"":886121,""status"":true,""class:"":2}}"
2026-02-02T10:18:57.580,"{""sensor"":{""time"":886236,""status"":true,""class:"":2}}"
2026-02-02T10:18:57.669,"{""sensor"":{""time"":886351,""status"":true,""class:"":2}}"
2026-02-02T10:18:57.851,"{""sensor"":{""time"":886467,""status"":true,""class:"":2}}"
2026-02-02T10:18:57.940,"{""sensor"":{""time"":886582,""status"":true,""class:"":2}}"
2026-02-02T10:18:58.029,"{""sensor"":{""time"":886697,""status"":true,""class:"":2}}"
2026-02-02T10:18:58.119,"{""sensor"":{""time"":886813,""status"":true,""class:"":2}}"
2026-02-02T10:18:58.256,"{""sensor"":{""time"":886928,""status"":true,""class:"":2}}"
2026-02-02T10:18:58.390,"{""sensor"":{""time"":887043,""status"":true,""class:"":2}}"
2026-02-02T10:18:58.480,"{""sensor"":{""time"":887159,""status"":true,""class:"":2}}"
2026-02-02T10:18:58.615,"{""sensor"":{""time"":887274,""status"":true,""class:"":2}}"
2026-02-02T10:18:58.750,"{""sensor"":{""time"":887390,""status"":true,""class:"":2}}"
2026-02-02T10:18:58.839,"{""sensor"":{""time"":887505,""status"":true,""class:"":2}}"
2026-02-02T10:18:58.976,"{""sensor"":{""time"":887621,""status"":true,""class:"":2}}"
2026-02-02T10:18:59.065,"{""sensor"":{""time"":887736,""status"":true,""class:"":2}}"
2026-02-02T10:18:59.155,"{""sensor"":{""time"":887852,""status"":true,""class:"":2}}"
2026-02-02T10:18:59.289,"{""sensor"":{""time"":887967,""status"":true,""class:"":2}}"
2026-02-02T10:18:59.426,"{""sensor"":{""time"":888082,""status"":true,""class:"":2}}"
2026-02-02T10:18:59.515,"{""sensor"":{""time"":888198,""status"":true,""class:"":2}}"
2026-02-02T10:18:59.649,"{""sensor"":{""time"":888313,""status"":true,""class:"":2}}"
2026-02-02T10:18:59.739,"{""sensor"":{""time"":888428,""status"":true,""class:"":2}}"
2026-02-02T10:18:59.876,"{""sensor"":{""time"":888544,""status"":true,""class:"":2}}"
2026-02-02T10:18:59.965,"{""sensor"":{""time"":888659,""status"":true,""class:"":2}}"
2026-02-02T10:19:00.146,"{""sensor"":{""time"":888775,""status"":true,""class:"":2}}"
2026-02-02T10:19:00.235,"{""sensor"":{""time"":888890,""status"":true,""class:"":2}}"
2026-02-02T10:19:00.371,"{""sensor"":{""time"":889005,""status"":true,""class:"":2}}"
2026-02-02T10:19:00.460,"{""sensor"":{""time"":889121,""status"":true,""class:"":2}}"
2026-02-02T10:19:00.550,"{""sensor"":{""time"":889236,""status"":true,""class:"":2}}"
2026-02-02T10:19:00.685,"{""sensor"":{""time"":889351,""status"":true,""class:"":2}}"
2026-02-02T10:19:00.775,"{""sensor"":{""time"":889467,""status"":true,""class:"":2}}"
2026-02-02T10:19:00.955,"{""sensor"":{""time"":889582,""status"":true,""class:"":2}}"
2026-02-02T10:19:01.046,"{""sensor"":{""time"":889698,""status"":true,""class:"":2}}"
2026-02-02T10:19:01.180,"{""sensor"":{""time"":889813,""status"":true,""class:"":2}}"
2026-02-02T10:19:01.271,"{""sensor"":{""time"":889929,""status"":true,""class:"":2}}"
2026-02-02T10:19:01.359,"{""sensor"":{""time"":890044,""status"":true,""class:"":2}}"
2026-02-02T10:19:01.539,"{""sensor"":{""time"":890159,""status"":true,""class:"":2}}"
2026-02-02T10:19:01.630,"{""sensor"":{""time"":890274,""status"":true,""class:"":2}}"
2026-02-02T10:19:01.720,"{""sensor"":{""time"":890390,""status"":true,""class:"":2}}"
2026-02-02T10:19:01.855,"{""sensor"":{""time"":890505,""status"":true,""class:"":2}}"
2026-02-02T10:19:01.945,"{""sensor"":{""time"":890621,""status"":true,""class:"":2}}"
2026-02-02T10:19:02.079,"{""sensor"":{""time"":890736,""status"":true,""class:"":2}}"
2026-02-02T10:19:02.171,"{""sensor"":{""time"":890852,""status"":true,""class:"":2}}"
2026-02-02T10:19:02.305,"{""sensor"":{""time"":890967,""status"":true,""class:"":2}}"
2026-02-02T10:19:02.394,"{""sensor"":{""time"":891082,""status"":true,""class:"":2}}"
2026-02-02T10:19:02.530,"{""sensor"":{""time"":891198,""status"":true,""class:"":2}}"
2026-02-02T10:19:02.619,"{""sensor"":{""time"":891313,""status"":true,""class:"":2}}"
2026-02-02T10:19:02.756,"{""sensor"":{""time"":891428,""status"":true,""class:"":2}}"
2026-02-02T10:19:02.890,"{""sensor"":{""time"":891543,""status"":true,""class:"":2}}"
2026-02-02T10:19:02.980,"{""sensor"":{""time"":891659,""status"":true,""class:"":2}}"
2026-02-02T10:19:03.115,"{""sensor"":{""time"":891774,""status"":true,""class:"":2}}"
2026-02-02T10:19:03.205,"{""sensor"":{""time"":891890,""status"":true,""class:"":2}}"
2026-02-02T10:19:03.341,"{""sensor"":{""time"":892005,""status"":true,""class:"":2}}"
2026-02-02T10:19:03.429,"{""sensor"":{""time"":892121,""status"":true,""class:"":2}}"
2026-02-02T10:19:03.565,"{""sensor"":{""time"":892236,""status"":true,""class:"":2}}"
2026-02-02T10:19:03.790,"{""sensor"":{""time"":892352,""status"":true,""class:"":2}}"
2026-02-02T10:19:03.837,"{""sensor"":{""time"":892467,""status"":true,""class:"":2}}"
2026-02-02T10:19:03.925,"{""sensor"":{""time"":892582,""status"":true,""class:"":2}}"
2026-02-02T10:19:04.015,"{""sensor"":{""time"":892698,""status"":true,""class:"":2}}"
2026-02-02T10:19:04.194,"{""sensor"":{""time"":892813,""status"":true,""class:"":2}}"
2026-02-02T10:19:04.284,"{""sensor"":{""time"":892929,""status"":true,""class:"":2}}"
2026-02-02T10:19:04.420,"{""sensor"":{""time"":893044,""status"":true,""class:"":2}}"
2026-02-02T10:19:04.510,"{""sensor"":{""time"":893160,""status"":true,""class:"":2}}"
2026-02-02T10:19:04.599,"{""sensor"":{""time"":893275,""status"":true,""class:"":2}}"
2026-02-02T10:19:04.735,"{""sensor"":{""time"":893390,""status"":true,""class:"":2}}"
2026-02-02T10:19:04.825,"{""sensor"":{""time"":893506,""status"":true,""class:"":2}}"
2026-02-02T10:19:04.960,"{""sensor"":{""time"":893621,""status"":true,""class:"":2}}"
2026-02-02T10:19:05.050,"{""sensor"":{""time"":893736,""status"":true,""class:"":2}}"
2026-02-02T10:19:05.275,"{""sensor"":{""time"":893852,""status"":true,""class:"":2}}"
2026-02-02T10:19:05.411,"{""sensor"":{""time"":893967,""status"":true,""class:"":2}}"
2026-02-02T10:19:05.455,"{""sensor"":{""time"":894083,""status"":true,""class:"":2}}"
2026-02-02T10:19:05.590,"{""sensor"":{""time"":894198,""status"":true,""class:"":2}}"
2026-02-02T10:19:05.725,"{""sensor"":{""time"":894313,""status"":true,""class:"":2}}"
2026-02-02T10:19:05.815,"{""sensor"":{""time"":894429,""status"":true,""class:"":2}}"
2026-02-02T10:19:05.905,"{""sensor"":{""time"":894544,""status"":true,""class:"":2}}"
2026-02-02T10:19:06.040,"{""sensor"":{""time"":894660,""status"":true,""class:"":2}}"
2026-02-02T10:19:06.130,"{""sensor"":{""time"":894775,""status"":true,""class:"":2}}"
2026-02-02T10:19:06.265,"{""sensor"":{""time"":894890,""status"":true,""class:"":2}}"
2026-02-02T10:19:06.355,"{""sensor"":{""time"":895005,""status"":true,""class:"":2}}"
2026-02-02T10:19:06.535,"{""sensor"":{""time"":895121,""status"":true,""class:"":2}}"
2026-02-02T10:19:06.625,"{""sensor"":{""time"":895236,""status"":true,""class:"":2}}"
2026-02-02T10:19:06.715,"{""sensor"":{""time"":895351,""status"":true,""class:"":2}}"
2026-02-02T10:19:06.805,"{""sensor"":{""time"":895467,""status"":true,""class:"":2}}"
2026-02-02T10:19:06.940,"{""sensor"":{""time"":895582,""status"":true,""class:"":2}}"
2026-02-02T10:19:07.030,"{""sensor"":{""time"":895697,""status"":true,""class:"":2}}"
2026-02-02T10:19:07.166,"{""sensor"":{""time"":895813,""status"":true,""class:"":2}}"
2026-02-02T10:19:07.300,"{""sensor"":{""time"":895928,""status"":true,""class:"":2}}"
2026-02-02T10:19:07.390,"{""sensor"":{""time"":896044,""status"":true,""class:"":2}}"
2026-02-02T10:19:07.479,"{""sensor"":{""time"":896159,""status"":true,""class:"":2}}"
2026-02-02T10:19:07.615,"{""sensor"":{""time"":896275,""status"":true,""class:"":2}}"
2026-02-02T10:19:07.705,"{""sensor"":{""time"":896390,""status"":true,""class:"":2}}"
2026-02-02T10:19:07.839,"{""sensor"":{""time"":896505,""status"":true,""class:"":2}}"
2026-02-02T10:19:07.930,"{""sensor"":{""time"":896621,""status"":true,""class:"":2}}"
2026-02-02T10:19:08.065,"{""sensor"":{""time"":896736,""status"":true,""class:"":2}}"
2026-02-02T10:19:08.155,"{""sensor"":{""time"":896851,""status"":true,""class:"":2}}"
2026-02-02T10:19:08.290,"{""sensor"":{""time"":896966,""status"":true,""class:"":2}}"
2026-02-02T10:19:08.425,"{""sensor"":{""time"":897081,""status"":true,""class:"":2}}"
2026-02-02T10:19:08.516,"{""sensor"":{""time"":897197,""status"":true,""class:"":2}}"
2026-02-02T10:19:08.740,"{""sensor"":{""time"":897312,""status"":true,""class:"":2}}"
2026-02-02T10:19:08.830,"{""sensor"":{""time"":897428,""status"":true,""class:"":2}}"
2026-02-02T10:19:08.920,"{""sensor"":{""time"":897543,""status"":true,""class:"":2}}"
2026-02-02T10:19:09.055,"{""sensor"":{""time"":897659,""status"":true,""class:"":2}}"
2026-02-02T10:19:09.145,"{""sensor"":{""time"":897774,""status"":true,""class:"":2}}"
2026-02-02T10:19:09.235,"{""sensor"":{""time"":897889,""status"":true,""class:"":2}}"
2026-02-02T10:19:09.325,"{""sensor"":{""time"":898005,""status"":true,""class:"":2}}"
2026-02-02T10:19:09.460,"{""sensor"":{""time"":898120,""status"":true,""class:"":2}}"
2026-02-02T10:19:09.550,"{""sensor"":{""time"":898235,""status"":true,""class:"":2}}"
2026-02-02T10:19:09.685,"{""sensor"":{""time"":898351,""status"":true,""class:"":2}}"
2026-02-02T10:19:09.820,"{""sensor"":{""time"":898466,""status"":true,""class:"":2}}"
2026-02-02T10:19:09.910,"{""sensor"":{""time"":898581,""status"":true,""class:"":2}}"
2026-02-02T10:19:10.000,"{""sensor"":{""time"":898697,""status"":true,""class:"":2}}"
2026-02-02T10:19:10.137,"{""sensor"":{""time"":898812,""status"":true,""class:"":2}}"
2026-02-02T10:19:10.270,"{""sensor"":{""time"":898928,""status"":true,""class:"":2}}"
2026-02-02T10:19:10.359,"{""sensor"":{""time"":899043,""status"":true,""class:"":2}}"
2026-02-02T10:19:10.495,"{""sensor"":{""time"":899159,""status"":true,""class:"":2}}"
2026-02-02T10:19:10.586,"{""sensor"":{""time"":899274,""status"":true,""class:"":2}}"
2026-02-02T10:19:10.720,"{""sensor"":{""time"":899389,""status"":true,""class:"":2}}"
2026-02-02T10:19:10.810,"{""sensor"":{""time"":899505,""status"":true,""class:"":2}}"
2026-02-02T10:19:10.946,"{""sensor"":{""time"":899620,""status"":true,""class:"":2}}"
2026-02-02T10:19:11.080,"{""sensor"":{""time"":899735,""status"":true,""class:"":2}}"
2026-02-02T10:19:11.260,"{""sensor"":{""time"":899851,""status"":true,""class:"":2}}"
2026-02-02T10:19:11.350,"{""sensor"":{""time"":899966,""status"":true,""class:"":2}}"
2026-02-02T10:19:11.440,"{""sensor"":{""time"":900081,""status"":true,""class:"":2}}"
2026-02-02T10:19:11.530,"{""sensor"":{""time"":900196,""status"":true,""class:"":2}}"
2026-02-02T10:19:11.620,"{""sensor"":{""time"":900312,""status"":true,""class:"":2}}"
2026-02-02T10:19:11.755,"{""sensor"":{""time"":900427,""status"":true,""class:"":2}}"
2026-02-02T10:19:11.890,"{""sensor"":{""time"":900543,""status"":true,""class:"":2}}"
2026-02-02T10:19:11.981,"{""sensor"":{""time"":900658,""status"":true,""class:"":2}}"
2026-02-02T10:19:12.115,"{""sensor"":{""time"":900773,""status"":true,""class:"":2}}"
2026-02-02T10:19:12.204,"{""sensor"":{""time"":900889,""status"":true,""class:"":2}}"
2026-02-02T10:19:12.340,"{""sensor"":{""time"":901004,""status"":true,""class:"":2}}"
2026-02-02T10:19:12.429,"{""sensor"":{""time"":901120,""status"":true,""class:"":2}}"
2026-02-02T10:19:12.565,"{""sensor"":{""time"":901235,""status"":true,""class:"":2}}"
2026-02-02T10:19:12.655,"{""sensor"":{""time"":901351,""status"":true,""class:"":2}}"
2026-02-02T10:19:12.790,"{""sensor"":{""time"":901466,""status"":true,""class:"":2}}"
2026-02-02T10:19:12.925,"{""sensor"":{""time"":901581,""status"":true,""class:"":2}}"
2026-02-02T10:19:13.016,"{""sensor"":{""time"":901697,""status"":true,""class:"":2}}"
2026-02-02T10:19:13.150,"{""sensor"":{""time"":901812,""status"":true,""class:"":2}}"
2026-02-02T10:19:13.240,"{""sensor"":{""time"":901927,""status"":true,""class:"":2}}"
2026-02-02T10:19:13.375,"{""sensor"":{""time"":902042,""status"":true,""class:"":2}}"
2026-02-02T10:19:13.466,"{""sensor"":{""time"":902158,""status"":true,""class:"":2}}"
2026-02-02T10:19:13.600,"{""sensor"":{""time"":902273,""status"":true,""class:"":2}}"
2026-02-02T10:19:13.779,"{""sensor"":{""time"":902389,""status"":true,""class:"":2}}"
2026-02-02T10:19:13.871,"{""sensor"":{""time"":902504,""status"":true,""class:"":2}}"
2026-02-02T10:19:14.049,"{""sensor"":{""time"":902620,""status"":true,""class:"":2}}"
2026-02-02T10:19:14.094,"{""sensor"":{""time"":902735,""status"":true,""class:"":2}}"
2026-02-02T10:19:14.185,"{""sensor"":{""time"":902850,""status"":true,""class:"":2}}"
2026-02-02T10:19:14.320,"{""sensor"":{""time"":902965,""status"":true,""class:"":2}}"
2026-02-02T10:19:14.410,"{""sensor"":{""time"":903081,""status"":true,""class:"":2}}"
2026-02-02T10:19:14.500,"{""sensor"":{""time"":903196,""status"":true,""class:"":2}}"
2026-02-02T10:19:14.634,"{""sensor"":{""time"":903311,""status"":true,""class:"":2}}"
2026-02-02T10:19:14.770,"{""sensor"":{""time"":903426,""status"":true,""class:"":2}}"
2026-02-02T10:19:14.859,"{""sensor"":{""time"":903542,""status"":true,""class:"":2}}"
2026-02-02T10:19:14.994,"{""sensor"":{""time"":903657,""status"":true,""class:"":2}}"
2026-02-02T10:19:15.085,"{""sensor"":{""time"":903773,""status"":true,""class:"":2}}"
2026-02-02T10:19:15.220,"{""sensor"":{""time"":903888,""status"":true,""class:"":2}}"
2026-02-02T10:19:15.310,"{""sensor"":{""time"":904003,""status"":true,""class:"":2}}"
2026-02-02T10:19:15.446,"{""sensor"":{""time"":904118,""status"":true,""class:"":2}}"
2026-02-02T10:19:15.581,"{""sensor"":{""time"":904234,""status"":true,""class:"":2}}"
2026-02-02T10:19:15.670,"{""sensor"":{""time"":904349,""status"":true,""class:"":2}}"
2026-02-02T10:19:15.806,"{""sensor"":{""time"":904465,""status"":true,""class:"":2}}"
2026-02-02T10:19:15.895,"{""sensor"":{""time"":904580,""status"":true,""class:"":2}}"
2026-02-02T10:19:16.030,"{""sensor"":{""time"":904695,""status"":true,""class:"":2}}"
2026-02-02T10:19:16.121,"{""sensor"":{""time"":904811,""status"":true,""class:"":2}}"
2026-02-02T10:19:16.255,"{""sensor"":{""time"":904926,""status"":true,""class:"":2}}"
2026-02-02T10:19:16.345,"{""sensor"":{""time"":905042,""status"":true,""class:"":2}}"
2026-02-02T10:19:16.480,"{""sensor"":{""time"":905157,""status"":true,""class:"":2}}"
2026-02-02T10:19:16.615,"{""sensor"":{""time"":905272,""status"":true,""class:"":2}}"
2026-02-02T10:19:16.704,"{""sensor"":{""time"":905388,""status"":true,""class:"":2}}"
2026-02-02T10:19:16.839,"{""sensor"":{""time"":905503,""status"":true,""class:"":2}}"
2026-02-02T10:19:16.930,"{""sensor"":{""time"":905618,""status"":true,""class:"":2}}"
2026-02-02T10:19:17.064,"{""sensor"":{""time"":905734,""status"":true,""class:"":2}}"
2026-02-02T10:19:17.154,"{""sensor"":{""time"":905849,""status"":true,""class:"":2}}"
2026-02-02T10:19:17.289,"{""sensor"":{""time"":905964,""status"":true,""class:"":2}}"
2026-02-02T10:19:17.425,"{""sensor"":{""time"":906080,""status"":true,""class:"":2}}"
2026-02-02T10:19:17.515,"{""sensor"":{""time"":906195,""status"":true,""class:"":2}}"
2026-02-02T10:19:17.650,"{""sensor"":{""time"":906311,""status"":true,""class:"":2}}"
2026-02-02T10:19:17.740,"{""sensor"":{""time"":906426,""status"":true,""class:"":2}}"
2026-02-02T10:19:17.875,"{""sensor"":{""time"":906541,""status"":true,""class:"":2}}"
2026-02-02T10:19:17.965,"{""sensor"":{""time"":906657,""status"":true,""class:"":2}}"
2026-02-02T10:19:18.101,"{""sensor"":{""time"":906772,""status"":true,""class:"":2}}"
2026-02-02T10:19:18.190,"{""sensor"":{""time"":906888,""status"":true,""class:"":2}}"
2026-02-02T10:19:18.324,"{""sensor"":{""time"":907003,""status"":true,""class:"":2}}"
2026-02-02T10:19:18.460,"{""sensor"":{""time"":907118,""status"":true,""class:"":2}}"
2026-02-02T10:19:18.549,"{""sensor"":{""time"":907233,""status"":true,""class:"":2}}"
2026-02-02T10:19:18.774,"{""sensor"":{""time"":907349,""status"":true,""class:"":2}}"
2026-02-02T10:19:18.820,"{""sensor"":{""time"":907464,""status"":true,""class:"":2}}"
2026-02-02T10:19:18.910,"{""sensor"":{""time"":907580,""status"":true,""class:"":2}}"
2026-02-02T10:19:18.999,"{""sensor"":{""time"":907695,""status"":true,""class:"":2}}"
2026-02-02T10:19:19.135,"{""sensor"":{""time"":907810,""status"":true,""class:"":2}}"
2026-02-02T10:19:19.272,"{""sensor"":{""time"":907926,""status"":true,""class:"":2}}"
2026-02-02T10:19:19.450,"{""sensor"":{""time"":908041,""status"":true,""class:"":2}}"
2026-02-02T10:19:19.539,"{""sensor"":{""time"":908156,""status"":true,""class:"":2}}"
2026-02-02T10:19:19.630,"{""sensor"":{""time"":908272,""status"":true,""class:"":2}}"
2026-02-02T10:19:19.723,"{""sensor"":{""time"":908387,""status"":true,""class:"":2}}"
2026-02-02T10:19:19.855,"{""sensor"":{""time"":908502,""status"":true,""class:"":2}}"
2026-02-02T10:19:19.946,"{""sensor"":{""time"":908618,""status"":true,""class:"":2}}"
2026-02-02T10:19:20.080,"{""sensor"":{""time"":908733,""status"":true,""class:"":2}}"
2026-02-02T10:19:20.170,"{""sensor"":{""time"":908848,""status"":true,""class:"":2}}"
2026-02-02T10:19:20.306,"{""sensor"":{""time"":908964,""status"":true,""class:"":2}}"
2026-02-02T10:19:20.394,"{""sensor"":{""time"":909079,""status"":true,""class:"":2}}"
2026-02-02T10:19:20.530,"{""sensor"":{""time"":909195,""status"":true,""class:"":2}}"
2026-02-02T10:19:20.620,"{""sensor"":{""time"":909310,""status"":true,""class:"":2}}"
2026-02-02T10:19:20.755,"{""sensor"":{""time"":909426,""status"":true,""class:"":2}}"
2026-02-02T10:19:20.845,"{""sensor"":{""time"":909541,""status"":true,""class:"":2}}"
2026-02-02T10:19:20.980,"{""sensor"":{""time"":909656,""status"":true,""class:"":2}}"
2026-02-02T10:19:21.115,"{""sensor"":{""time"":909772,""status"":true,""class:"":2}}"
2026-02-02T10:19:21.339,"{""sensor"":{""time"":909887,""status"":true,""class:"":2}}"
2026-02-02T10:19:21.384,"{""sensor"":{""time"":910003,""status"":true,""class:"":2}}"
2026-02-02T10:19:21.475,"{""sensor"":{""time"":910118,""status"":true,""class:"":2}}"
2026-02-02T10:19:21.565,"{""sensor"":{""time"":910233,""status"":true,""class:"":2}}"
2026-02-02T10:19:21.654,"{""sensor"":{""time"":910348,""status"":true,""class:"":2}}"
2026-02-02T10:19:21.790,"{""sensor"":{""time"":910464,""status"":true,""class:"":2}}"
2026-02-02T10:19:21.924,"{""sensor"":{""time"":910579,""status"":true,""class:"":2}}"
2026-02-02T10:19:22.059,"{""sensor"":{""time"":910694,""status"":true,""class:"":2}}"
2026-02-02T10:19:22.150,"{""sensor"":{""time"":910810,""status"":true,""class:"":2}}"
2026-02-02T10:19:22.238,"{""sensor"":{""time"":910925,""status"":true,""class:"":2}}"
2026-02-02T10:19:22.374,"{""sensor"":{""time"":911040,""status"":true,""class:"":2}}"
2026-02-02T10:19:22.465,"{""sensor"":{""time"":911156,""status"":true,""class:"":2}}"
2026-02-02T10:19:22.600,"{""sensor"":{""time"":911271,""status"":true,""class:"":2}}"
2026-02-02T10:19:22.690,"{""sensor"":{""time"":911387,""status"":true,""class:"":2}}"
2026-02-02T10:19:22.824,"{""sensor"":{""time"":911502,""status"":true,""class:"":2}}"
2026-02-02T10:19:22.960,"{""sensor"":{""time"":911617,""status"":true,""class:"":2}}"
2026-02-02T10:19:23.049,"{""sensor"":{""time"":911733,""status"":true,""class:"":2}}"
2026-02-02T10:19:23.185,"{""sensor"":{""time"":911848,""status"":true,""class:"":2}}"
2026-02-02T10:19:23.365,"{""sensor"":{""time"":911963,""status"":true,""class:"":2}}"
2026-02-02T10:19:23.454,"{""sensor"":{""time"":912079,""status"":true,""class:"":2}}"
2026-02-02T10:19:23.544,"{""sensor"":{""time"":912194,""status"":true,""class:"":2}}"
2026-02-02T10:19:23.636,"{""sensor"":{""time"":912310,""status"":true,""class:"":2}}"
2026-02-02T10:19:23.769,"{""sensor"":{""time"":912425,""status"":true,""class:"":2}}"
2026-02-02T10:19:23.858,"{""sensor"":{""time"":912540,""status"":true,""class:"":2}}"
2026-02-02T10:19:23.995,"{""sensor"":{""time"":912656,""status"":true,""class:"":2}}"
2026-02-02T10:19:24.085,"{""sensor"":{""time"":912771,""status"":true,""class:"":2}}"
2026-02-02T10:19:24.219,"{""sensor"":{""time"":912886,""status"":true,""class:"":2}}"
2026-02-02T10:19:24.355,"{""sensor"":{""time"":913002,""status"":true,""class:"":2}}"
2026-02-02T10:19:24.534,"{""sensor"":{""time"":913117,""status"":true,""class:"":2}}"
2026-02-02T10:19:24.625,"{""sensor"":{""time"":913232,""status"":true,""class:"":2}}"
2026-02-02T10:19:24.714,"{""sensor"":{""time"":913348,""status"":true,""class:"":2}}"
2026-02-02T10:19:24.805,"{""sensor"":{""time"":913463,""status"":true,""class:"":2}}"
2026-02-02T10:19:24.893,"{""sensor"":{""time"":913579,""status"":true,""class:"":2}}"
2026-02-02T10:19:25.028,"{""sensor"":{""time"":913694,""status"":true,""class:"":2}}"
2026-02-02T10:19:25.119,"{""sensor"":{""time"":913809,""status"":true,""class:"":2}}"
2026-02-02T10:19:25.254,"{""sensor"":{""time"":913925,""status"":true,""class:"":2}}"
2026-02-02T10:19:25.390,"{""sensor"":{""time"":914040,""status"":true,""class:"":2}}"
2026-02-02T10:19:25.524,"{""sensor"":{""time"":914155,""status"":true,""class:"":2}}"
2026-02-02T10:19:25.614,"{""sensor"":{""time"":914271,""status"":true,""class:"":2}}"
2026-02-02T10:19:25.704,"{""sensor"":{""time"":914386,""status"":true,""class:"":2}}"
2026-02-02T10:19:25.839,"{""sensor"":{""time"":914501,""status"":true,""class:"":2}}"
2026-02-02T10:19:25.929,"{""sensor"":{""time"":914617,""status"":true,""class:"":2}}"
2026-02-02T10:19:26.066,"{""sensor"":{""time"":914732,""status"":true,""class:"":2}}"
2026-02-02T10:19:26.154,"{""sensor"":{""time"":914848,""status"":true,""class:"":2}}"
2026-02-02T10:19:26.291,"{""sensor"":{""time"":914963,""status"":true,""class:"":2}}"
2026-02-02T10:19:26.380,"{""sensor"":{""time"":915078,""status"":true,""class:"":2}}"
2026-02-02T10:19:26.514,"{""sensor"":{""time"":915193,""status"":true,""class:"":2}}"
2026-02-02T10:19:26.649,"{""sensor"":{""time"":915309,""status"":true,""class:"":2}}"
2026-02-02T10:19:26.741,"{""sensor"":{""time"":915424,""status"":true,""class:"":2}}"
2026-02-02T10:19:26.873,"{""sensor"":{""time"":915540,""status"":true,""class:"":2}}"
2026-02-02T10:19:26.963,"{""sensor"":{""time"":915655,""status"":true,""class:"":2}}"
2026-02-02T10:19:27.098,"{""sensor"":{""time"":915771,""status"":true,""class:"":2}}"
2026-02-02T10:19:27.190,"{""sensor"":{""time"":915886,""status"":true,""class:"":2}}"
2026-02-02T10:19:27.324,"{""sensor"":{""time"":916001,""status"":true,""class:"":2}}"
2026-02-02T10:19:27.460,"{""sensor"":{""time"":916117,""status"":true,""class:"":2}}"
2026-02-02T10:19:27.548,"{""sensor"":{""time"":916232,""status"":true,""class:"":2}}"
2026-02-02T10:19:27.684,"{""sensor"":{""time"":916347,""status"":true,""class:"":2}}"
2026-02-02T10:19:27.773,"{""sensor"":{""time"":916463,""status"":true,""class:"":2}}"
2026-02-02T10:19:27.908,"{""sensor"":{""time"":916578,""status"":true,""class:"":2}}"
2026-02-02T10:19:28.000,"{""sensor"":{""time"":916693,""status"":true,""class:"":2}}"
2026-02-02T10:19:28.178,"{""sensor"":{""time"":916809,""status"":true,""class:"":2}}"
2026-02-02T10:19:28.269,"{""sensor"":{""time"":916924,""status"":true,""class:"":2}}"
2026-02-02T10:19:28.360,"{""sensor"":{""time"":917039,""status"":true,""class:"":2}}"
2026-02-02T10:19:28.494,"{""sensor"":{""time"":917155,""status"":true,""class:"":2}}"
2026-02-02T10:19:28.629,"{""sensor"":{""time"":917270,""status"":true,""class:"":2}}"
2026-02-02T10:19:28.764,"{""sensor"":{""time"":917386,""status"":true,""class:"":2}}"
2026-02-02T10:19:28.898,"{""sensor"":{""time"":917501,""status"":true,""class:"":2}}"
2026-02-02T10:19:28.989,"{""sensor"":{""time"":917616,""status"":true,""class:"":2}}"
2026-02-02T10:19:29.124,"{""sensor"":{""time"":917732,""status"":true,""class:"":2}}"
2026-02-02T10:19:29.214,"{""sensor"":{""time"":917847,""status"":true,""class:"":2}}"
2026-02-02T10:19:29.349,"{""sensor"":{""time"":917963,""status"":true,""class:"":2}}"
2026-02-02T10:19:29.439,"{""sensor"":{""time"":918078,""status"":true,""class:"":2}}"
2026-02-02T10:19:29.529,"{""sensor"":{""time"":918193,""status"":true,""class:"":2}}"
2026-02-02T10:19:29.618,"{""sensor"":{""time"":918309,""status"":true,""class:"":2}}"
2026-02-02T10:19:29.755,"{""sensor"":{""time"":918424,""status"":true,""class:"":2}}"
2026-02-02T10:19:29.844,"{""sensor"":{""time"":918539,""status"":true,""class:"":2}}"
2026-02-02T10:19:29.979,"{""sensor"":{""time"":918655,""status"":true,""class:"":2}}"
2026-02-02T10:19:30.114,"{""sensor"":{""time"":918770,""status"":true,""class:"":2}}"
2026-02-02T10:19:30.205,"{""sensor"":{""time"":918886,""status"":true,""class:"":2}}"
2026-02-02T10:19:30.340,"{""sensor"":{""time"":919001,""status"":true,""class:"":2}}"
2026-02-02T10:19:30.430,"{""sensor"":{""time"":919117,""status"":true,""class:"":2}}"
2026-02-02T10:19:30.564,"{""sensor"":{""time"":919232,""status"":true,""class:"":2}}"
2026-02-02T10:19:30.653,"{""sensor"":{""time"":919347,""status"":true,""class:"":2}}"
2026-02-02T10:19:30.834,"{""sensor"":{""time"":919462,""status"":true,""class:"":2}}"
2026-02-02T10:19:30.924,"{""sensor"":{""time"":919578,""status"":true,""class:"":2}}"
2026-02-02T10:19:31.014,"{""sensor"":{""time"":919693,""status"":true,""class:"":2}}"
2026-02-02T10:19:31.148,"{""sensor"":{""time"":919809,""status"":true,""class:"":2}}"
2026-02-02T10:19:31.285,"{""sensor"":{""time"":919924,""status"":true,""class:"":2}}"
2026-02-02T10:19:31.375,"{""sensor"":{""time"":920039,""status"":true,""class:"":2}}"
2026-02-02T10:19:31.464,"{""sensor"":{""time"":920155,""status"":true,""class:"":2}}"
2026-02-02T10:19:31.644,"{""sensor"":{""time"":920270,""status"":true,""class:"":2}}"
2026-02-02T10:19:31.735,"{""sensor"":{""time"":920385,""status"":true,""class:"":2}}"
2026-02-02T10:19:31.827,"{""sensor"":{""time"":920501,""status"":true,""class:"":2}}"
2026-02-02T10:19:32.003,"{""sensor"":{""time"":920616,""status"":true,""class:"":2}}"
2026-02-02T10:19:32.094,"{""sensor"":{""time"":920731,""status"":true,""class:"":2}}"
2026-02-02T10:19:32.183,"{""sensor"":{""time"":920847,""status"":true,""class:"":2}}"
2026-02-02T10:19:32.319,"{""sensor"":{""time"":920962,""status"":true,""class:"":2}}"
2026-02-02T10:19:32.409,"{""sensor"":{""time"":921077,""status"":true,""class:"":2}}"
2026-02-02T10:19:32.498,"{""sensor"":{""time"":921193,""status"":true,""class:"":2}}"
2026-02-02T10:19:32.680,"{""sensor"":{""time"":921308,""status"":true,""class:"":2}}"
2026-02-02T10:19:32.769,"{""sensor"":{""time"":921423,""status"":true,""class:"":2}}"
2026-02-02T10:19:32.904,"{""sensor"":{""time"":921539,""status"":true,""class:"":2}}"
2026-02-02T10:19:32.993,"{""sensor"":{""time"":921654,""status"":true,""class:"":2}}"
2026-02-02T10:19:33.083,"{""sensor"":{""time"":921770,""status"":true,""class:"":2}}"
2026-02-02T10:19:33.218,"{""sensor"":{""time"":921885,""status"":true,""class:"":2}}"
2026-02-02T10:19:33.308,"{""sensor"":{""time"":922000,""status"":true,""class:"":2}}"
2026-02-02T10:19:33.443,"{""sensor"":{""time"":922116,""status"":true,""class:"":2}}"
2026-02-02T10:19:33.533,"{""sensor"":{""time"":922231,""status"":true,""class:"":2}}"
2026-02-02T10:19:33.669,"{""sensor"":{""time"":922346,""status"":true,""class:"":2}}"
2026-02-02T10:19:33.803,"{""sensor"":{""time"":922462,""status"":true,""class:"":2}}"
2026-02-02T10:19:33.893,"{""sensor"":{""time"":922577,""status"":true,""class:"":2}}"
2026-02-02T10:19:34.030,"{""sensor"":{""time"":922693,""status"":true,""class:"":2}}"
2026-02-02T10:19:34.119,"{""sensor"":{""time"":922808,""status"":true,""class:"":2}}"
2026-02-02T10:19:34.254,"{""sensor"":{""time"":922923,""status"":true,""class:"":2}}"
2026-02-02T10:19:34.343,"{""sensor"":{""time"":923039,""status"":true,""class:"":2}}"
2026-02-02T10:19:34.479,"{""sensor"":{""time"":923154,""status"":true,""class:"":2}}"
2026-02-02T10:19:34.613,"{""sensor"":{""time"":923269,""status"":true,""class:"":2}}"
2026-02-02T10:19:34.704,"{""sensor"":{""time"":923385,""status"":true,""class:"":2}}"
2026-02-02T10:19:34.838,"{""sensor"":{""time"":923500,""status"":true,""class:"":2}}"
2026-02-02T10:19:34.928,"{""sensor"":{""time"":923616,""status"":true,""class:"":2}}"
2026-02-02T10:19:35.063,"{""sensor"":{""time"":923731,""status"":true,""class:"":2}}"
2026-02-02T10:19:35.155,"{""sensor"":{""time"":923846,""status"":true,""class:"":2}}"
2026-02-02T10:19:35.288,"{""sensor"":{""time"":923962,""status"":true,""class:"":2}}"
2026-02-02T10:19:35.423,"{""sensor"":{""time"":924077,""status"":true,""class:"":2}}"
2026-02-02T10:19:35.513,"{""sensor"":{""time"":924193,""status"":true,""class:"":2}}"
2026-02-02T10:19:35.648,"{""sensor"":{""time"":924308,""status"":true,""class:"":2}}"
2026-02-02T10:19:35.783,"{""sensor"":{""time"":924424,""status"":true,""class:"":2}}"
2026-02-02T10:19:35.873,"{""sensor"":{""time"":924539,""status"":true,""class:"":2}}"
2026-02-02T10:19:35.964,"{""sensor"":{""time"":924654,""status"":true,""class:"":2}}"
2026-02-02T10:19:36.100,"{""sensor"":{""time"":924770,""status"":true,""class:"":2}}"
2026-02-02T10:19:36.278,"{""sensor"":{""time"":924885,""status"":true,""class:"":2}}"
2026-02-02T10:19:36.369,"{""sensor"":{""time"":925001,""status"":true,""class:"":2}}"
2026-02-02T10:19:36.459,"{""sensor"":{""time"":925116,""status"":true,""class:"":2}}"
2026-02-02T10:19:36.548,"{""sensor"":{""time"":925232,""status"":true,""class:"":2}}"
2026-02-02T10:19:36.684,"{""sensor"":{""time"":925347,""status"":true,""class:"":2}}"
2026-02-02T10:19:36.773,"{""sensor"":{""time"":925462,""status"":true,""class:"":2}}"
2026-02-02T10:19:36.908,"{""sensor"":{""time"":925578,""status"":true,""class:"":2}}"
2026-02-02T10:19:36.999,"{""sensor"":{""time"":925693,""status"":true,""class:"":2}}"
2026-02-02T10:19:37.134,"{""sensor"":{""time"":925808,""status"":true,""class:"":2}}"
2026-02-02T10:19:37.223,"{""sensor"":{""time"":925924,""status"":true,""class:"":2}}"
2026-02-02T10:19:37.358,"{""sensor"":{""time"":926039,""status"":true,""class:"":2}}"
2026-02-02T10:19:37.493,"{""sensor"":{""time"":926155,""status"":true,""class:"":2}}"
2026-02-02T10:19:37.584,"{""sensor"":{""time"":926270,""status"":true,""class:"":2}}"
2026-02-02T10:19:37.763,"{""sensor"":{""time"":926386,""status"":true,""class:"":2}}"
2026-02-02T10:19:37.854,"{""sensor"":{""time"":926501,""status"":true,""class:"":2}}"
2026-02-02T10:19:37.943,"{""sensor"":{""time"":926616,""status"":true,""class:"":2}}"
2026-02-02T10:19:38.034,"{""sensor"":{""time"":926732,""status"":true,""class:"":2}}"
2026-02-02T10:19:38.168,"{""sensor"":{""time"":926847,""status"":true,""class:"":2}}"
2026-02-02T10:19:38.349,"{""sensor"":{""time"":926962,""status"":true,""class:"":2}}"
2026-02-02T10:19:38.439,"{""sensor"":{""time"":927077,""status"":true,""class:"":2}}"
2026-02-02T10:19:38.529,"{""sensor"":{""time"":927193,""status"":true,""class:"":2}}"
2026-02-02T10:19:38.619,"{""sensor"":{""time"":927308,""status"":true,""class:"":2}}"
2026-02-02T10:19:38.798,"{""sensor"":{""time"":927423,""status"":true,""class:"":2}}"
2026-02-02T10:19:38.888,"{""sensor"":{""time"":927539,""status"":true,""class:"":2}}"
2026-02-02T10:19:38.980,"{""sensor"":{""time"":927654,""status"":true,""class:"":2}}"
2026-02-02T10:19:39.114,"{""sensor"":{""time"":927769,""status"":true,""class:"":2}}"
2026-02-02T10:19:39.248,"{""sensor"":{""time"":927885,""status"":true,""class:"":2}}"
2026-02-02T10:19:39.338,"{""sensor"":{""time"":928000,""status"":true,""class:"":2}}"
2026-02-02T10:19:39.429,"{""sensor"":{""time"":928116,""status"":true,""class:"":2}}"
2026-02-02T10:19:39.564,"{""sensor"":{""time"":928231,""status"":true,""class:"":2}}"
2026-02-02T10:19:39.654,"{""sensor"":{""time"":928346,""status"":true,""class:"":2}}"
2026-02-02T10:19:39.788,"{""sensor"":{""time"":928462,""status"":true,""class:"":2}}"
2026-02-02T10:19:39.879,"{""sensor"":{""time"":928577,""status"":true,""class:"":2}}"
2026-02-02T10:19:40.014,"{""sensor"":{""time"":928693,""status"":true,""class:"":2}}"
2026-02-02T10:19:40.148,"{""sensor"":{""time"":928808,""status"":true,""class:"":2}}"
2026-02-02T10:19:40.239,"{""sensor"":{""time"":928923,""status"":true,""class:"":2}}"
2026-02-02T10:19:40.373,"{""sensor"":{""time"":929039,""status"":true,""class:"":2}}"
2026-02-02T10:19:40.463,"{""sensor"":{""time"":929154,""status"":true,""class:"":2}}"
2026-02-02T10:19:40.599,"{""sensor"":{""time"":929270,""status"":true,""class:"":2}}"
2026-02-02T10:19:40.688,"{""sensor"":{""time"":929385,""status"":true,""class:"":2}}"
2026-02-02T10:19:40.824,"{""sensor"":{""time"":929500,""status"":true,""class:"":2}}"
2026-02-02T10:19:40.959,"{""sensor"":{""time"":929615,""status"":true,""class:"":2}}"
2026-02-02T10:19:41.050,"{""sensor"":{""time"":929731,""status"":true,""class:"":2}}"
2026-02-02T10:19:41.228,"{""sensor"":{""time"":929846,""status"":true,""class:"":2}}"
2026-02-02T10:19:41.363,"{""sensor"":{""time"":929962,""status"":true,""class:"":2}}"
2026-02-02T10:19:41.454,"{""sensor"":{""time"":930077,""status"":true,""class:"":2}}"
2026-02-02T10:19:41.543,"{""sensor"":{""time"":930192,""status"":true,""class:"":2}}"
2026-02-02T10:19:41.633,"{""sensor"":{""time"":930308,""status"":true,""class:"":2}}"
2026-02-02T10:19:41.723,"{""sensor"":{""time"":930423,""status"":true,""class:"":2}}"
2026-02-02T10:19:41.858,"{""sensor"":{""time"":930538,""status"":true,""class:"":2}}"
2026-02-02T10:19:41.993,"{""sensor"":{""time"":930654,""status"":true,""class:"":2}}"
2026-02-02T10:19:42.083,"{""sensor"":{""time"":930769,""status"":true,""class:"":2}}"
2026-02-02T10:19:42.219,"{""sensor"":{""time"":930885,""status"":true,""class:"":2}}"
2026-02-02T10:19:42.308,"{""sensor"":{""time"":931000,""status"":true,""class:"":2}}"
2026-02-02T10:19:42.444,"{""sensor"":{""time"":931115,""status"":true,""class:"":2}}"
2026-02-02T10:19:42.533,"{""sensor"":{""time"":931231,""status"":true,""class:"":2}}"
2026-02-02T10:19:42.668,"{""sensor"":{""time"":931346,""status"":true,""class:"":2}}"
2026-02-02T10:19:42.803,"{""sensor"":{""time"":931461,""status"":true,""class:"":2}}"
2026-02-02T10:19:42.893,"{""sensor"":{""time"":931577,""status"":true,""class:"":2}}"
2026-02-02T10:19:43.028,"{""sensor"":{""time"":931692,""status"":true,""class:"":2}}"
2026-02-02T10:19:43.119,"{""sensor"":{""time"":931807,""status"":true,""class:"":2}}"
2026-02-02T10:19:43.253,"{""sensor"":{""time"":931923,""status"":true,""class:"":2}}"
2026-02-02T10:19:43.344,"{""sensor"":{""time"":932038,""status"":true,""class:"":2}}"
2026-02-02T10:19:43.478,"{""sensor"":{""time"":932153,""status"":true,""class:"":2}}"
2026-02-02T10:19:43.569,"{""sensor"":{""time"":932269,""status"":true,""class:"":2}}"
2026-02-02T10:19:43.838,"{""sensor"":{""time"":932384,""status"":true,""class:"":2}}"
2026-02-02T10:19:43.885,"{""sensor"":{""time"":932500,""status"":true,""class:"":2}}"
2026-02-02T10:19:43.973,"{""sensor"":{""time"":932615,""status"":true,""class:"":2}}"
2026-02-02T10:19:44.064,"{""sensor"":{""time"":932731,""status"":true,""class:"":2}}"
2026-02-02T10:19:44.154,"{""sensor"":{""time"":932846,""status"":true,""class:"":2}}"
2026-02-02T10:19:44.288,"{""sensor"":{""time"":932961,""status"":true,""class:"":2}}"
2026-02-02T10:19:44.468,"{""sensor"":{""time"":933077,""status"":true,""class:"":2}}"
2026-02-02T10:19:44.559,"{""sensor"":{""time"":933192,""status"":true,""class:"":2}}"
2026-02-02T10:19:44.650,"{""sensor"":{""time"":933307,""status"":true,""class:"":2}}"
2026-02-02T10:19:44.739,"{""sensor"":{""time"":933423,""status"":true,""class:"":2}}"
2026-02-02T10:19:44.873,"{""sensor"":{""time"":933538,""status"":true,""class:"":2}}"
2026-02-02T10:19:44.963,"{""sensor"":{""time"":933654,""status"":true,""class:"":2}}"
2026-02-02T10:19:45.100,"{""sensor"":{""time"":933769,""status"":true,""class:"":2}}"
2026-02-02T10:19:45.188,"{""sensor"":{""time"":933884,""status"":true,""class:"":2}}"
2026-02-02T10:19:45.323,"{""sensor"":{""time"":934000,""status"":true,""class:"":2}}"
2026-02-02T10:19:45.458,"{""sensor"":{""time"":934115,""status"":true,""class:"":2}}"
2026-02-02T10:19:45.548,"{""sensor"":{""time"":934230,""status"":true,""class:"":2}}"
2026-02-02T10:19:45.683,"{""sensor"":{""time"":934346,""status"":true,""class:"":2}}"
2026-02-02T10:19:45.774,"{""sensor"":{""time"":934462,""status"":true,""class:"":2}}"
2026-02-02T10:19:45.909,"{""sensor"":{""time"":934577,""status"":true,""class:"":2}}"
2026-02-02T10:19:46.042,"{""sensor"":{""time"":934692,""status"":true,""class:"":2}}"
2026-02-02T10:19:46.134,"{""sensor"":{""time"":934808,""status"":true,""class:"":2}}"
2026-02-02T10:19:46.314,"{""sensor"":{""time"":934923,""status"":true,""class:"":2}}"
2026-02-02T10:19:46.403,"{""sensor"":{""time"":935038,""status"":true,""class:"":2}}"
2026-02-02T10:19:46.538,"{""sensor"":{""time"":935154,""status"":true,""class:"":2}}"
2026-02-02T10:19:46.627,"{""sensor"":{""time"":935269,""status"":true,""class:"":2}}"
2026-02-02T10:19:46.853,"{""sensor"":{""time"":935385,""status"":true,""class:"":2}}"
2026-02-02T10:19:46.898,"{""sensor"":{""time"":935500,""status"":true,""class:"":2}}"
2026-02-02T10:19:46.987,"{""sensor"":{""time"":935615,""status"":true,""class:"":2}}"
2026-02-02T10:19:47.126,"{""sensor"":{""time"":935731,""status"":true,""class:"":2}}"
2026-02-02T10:19:47.214,"{""sensor"":{""time"":935846,""status"":true,""class:"":2}}"
2026-02-02T10:19:47.304,"{""sensor"":{""time"":935961,""status"":true,""class:"":2}}"
2026-02-02T10:19:47.394,"{""sensor"":{""time"":936077,""status"":true,""class:"":2}}"
2026-02-02T10:19:47.528,"{""sensor"":{""time"":936192,""status"":true,""class:"":2}}"
2026-02-02T10:19:47.662,"{""sensor"":{""time"":936308,""status"":true,""class:"":2}}"
2026-02-02T10:19:47.753,"{""sensor"":{""time"":936423,""status"":true,""class:"":2}}"
2026-02-02T10:19:47.843,"{""sensor"":{""time"":936539,""status"":true,""class:"":2}}"
2026-02-02T10:19:47.978,"{""sensor"":{""time"":936654,""status"":true,""class:"":2}}"
2026-02-02T10:19:48.069,"{""sensor"":{""time"":936769,""status"":true,""class:"":2}}"
2026-02-02T10:19:48.203,"{""sensor"":{""time"":936884,""status"":true,""class:"":2}}"
2026-02-02T10:19:48.383,"{""sensor"":{""time"":937000,""status"":true,""class:"":2}}"
2026-02-02T10:19:48.473,"{""sensor"":{""time"":937115,""status"":true,""class:"":2}}"
2026-02-02T10:19:48.564,"{""sensor"":{""time"":937230,""status"":true,""class:"":2}}"
2026-02-02T10:19:48.653,"{""sensor"":{""time"":937346,""status"":true,""class:"":2}}"
2026-02-02T10:19:48.788,"{""sensor"":{""time"":937461,""status"":true,""class:"":2}}"
2026-02-02T10:19:48.879,"{""sensor"":{""time"":937577,""status"":true,""class:"":2}}"
2026-02-02T10:19:49.013,"{""sensor"":{""time"":937692,""status"":true,""class:"":2}}"
2026-02-02T10:19:49.150,"{""sensor"":{""time"":937807,""status"":true,""class:"":2}}"
2026-02-02T10:19:49.239,"{""sensor"":{""time"":937923,""status"":true,""class:"":2}}"
2026-02-02T10:19:49.374,"{""sensor"":{""time"":938038,""status"":true,""class:"":2}}"
2026-02-02T10:19:49.463,"{""sensor"":{""time"":938154,""status"":true,""class:"":2}}"
2026-02-02T10:19:49.599,"{""sensor"":{""time"":938269,""status"":true,""class:"":2}}"
2026-02-02T10:19:49.688,"{""sensor"":{""time"":938384,""status"":true,""class:"":2}}"
2026-02-02T10:19:49.824,"{""sensor"":{""time"":938499,""status"":true,""class:"":2}}"
2026-02-02T10:19:49.959,"{""sensor"":{""time"":938615,""status"":true,""class:"":2}}"
2026-02-02T10:19:50.048,"{""sensor"":{""time"":938730,""status"":true,""class:"":2}}"
2026-02-02T10:19:50.184,"{""sensor"":{""time"":938846,""status"":true,""class:"":2}}"
2026-02-02T10:19:50.273,"{""sensor"":{""time"":938961,""status"":true,""class:"":2}}"
2026-02-02T10:19:50.409,"{""sensor"":{""time"":939077,""status"":true,""class:"":2}}"
2026-02-02T10:19:50.499,"{""sensor"":{""time"":939192,""status"":true,""class:"":2}}"
2026-02-02T10:19:50.633,"{""sensor"":{""time"":939307,""status"":true,""class:"":2}}"
2026-02-02T10:19:50.723,"{""sensor"":{""time"":939423,""status"":true,""class:"":2}}"
2026-02-02T10:19:50.859,"{""sensor"":{""time"":939538,""status"":true,""class:"":2}}"
2026-02-02T10:19:50.994,"{""sensor"":{""time"":939654,""status"":true,""class:"":2}}"
2026-02-02T10:19:51.083,"{""sensor"":{""time"":939769,""status"":true,""class:"":2}}"
2026-02-02T10:19:51.308,"{""sensor"":{""time"":939884,""status"":true,""class:"":2}}"
2026-02-02T10:19:51.352,"{""sensor"":{""time"":940000,""status"":true,""class:"":2}}"
2026-02-02T10:19:51.444,"{""sensor"":{""time"":940115,""status"":true,""class:"":2}}"
2026-02-02T10:19:51.533,"{""sensor"":{""time"":940230,""status"":true,""class:"":2}}"
2026-02-02T10:19:51.669,"{""sensor"":{""time"":940345,""status"":true,""class:"":2}}"
2026-02-02T10:19:51.803,"{""sensor"":{""time"":940461,""status"":true,""class:"":2}}"
2026-02-02T10:19:51.937,"{""sensor"":{""time"":940576,""status"":true,""class:"":2}}"
2026-02-02T10:19:52.027,"{""sensor"":{""time"":940691,""status"":true,""class:"":2}}"
2026-02-02T10:19:52.118,"{""sensor"":{""time"":940807,""status"":true,""class:"":2}}"
2026-02-02T10:19:52.253,"{""sensor"":{""time"":940922,""status"":true,""class:"":2}}"
2026-02-02T10:19:52.343,"{""sensor"":{""time"":941038,""status"":true,""class:"":2}}"
2026-02-02T10:19:52.477,"{""sensor"":{""time"":941153,""status"":true,""class:"":2}}"
2026-02-02T10:19:52.567,"{""sensor"":{""time"":941268,""status"":true,""class:"":2}}"
2026-02-02T10:19:52.702,"{""sensor"":{""time"":941384,""status"":true,""class:"":2}}"
2026-02-02T10:19:52.838,"{""sensor"":{""time"":941499,""status"":true,""class:"":2}}"
2026-02-02T10:19:52.927,"{""sensor"":{""time"":941614,""status"":true,""class:"":2}}"
2026-02-02T10:19:53.063,"{""sensor"":{""time"":941730,""status"":true,""class:"":2}}"
2026-02-02T10:19:53.153,"{""sensor"":{""time"":941845,""status"":true,""class:"":2}}"
2026-02-02T10:19:53.288,"{""sensor"":{""time"":941960,""status"":true,""class:"":2}}"
2026-02-02T10:19:53.378,"{""sensor"":{""time"":942076,""status"":true,""class:"":2}}"
2026-02-02T10:19:53.512,"{""sensor"":{""time"":942191,""status"":true,""class:"":2}}"
2026-02-02T10:19:53.648,"{""sensor"":{""time"":942306,""status"":true,""class:"":2}}"
2026-02-02T10:19:53.783,"{""sensor"":{""time"":942422,""status"":true,""class:"":2}}"
2026-02-02T10:19:53.873,"{""sensor"":{""time"":942537,""status"":true,""class:"":2}}"
2026-02-02T10:19:53.963,"{""sensor"":{""time"":942652,""status"":true,""class:"":2}}"
2026-02-02T10:19:54.098,"{""sensor"":{""time"":942768,""status"":true,""class:"":2}}"
2026-02-02T10:19:54.188,"{""sensor"":{""time"":942883,""status"":true,""class:"":2}}"
2026-02-02T10:19:54.322,"{""sensor"":{""time"":942998,""status"":true,""class:"":2}}"
2026-02-02T10:19:54.413,"{""sensor"":{""time"":943113,""status"":true,""class:"":2}}"
2026-02-02T10:19:54.547,"{""sensor"":{""time"":943229,""status"":true,""class:"":2}}"
2026-02-02T10:19:54.683,"{""sensor"":{""time"":943344,""status"":true,""class:"":2}}"
2026-02-02T10:19:54.819,"{""sensor"":{""time"":943459,""status"":true,""class:"":2}}"
2026-02-02T10:19:54.907,"{""sensor"":{""time"":943575,""status"":true,""class:"":2}}"
2026-02-02T10:19:54.998,"{""sensor"":{""time"":943690,""status"":true,""class:"":2}}"
2026-02-02T10:19:55.133,"{""sensor"":{""time"":943806,""status"":true,""class:"":2}}"
2026-02-02T10:19:55.223,"{""sensor"":{""time"":943921,""status"":true,""class:"":2}}"
2026-02-02T10:19:55.359,"{""sensor"":{""time"":944036,""status"":true,""class:"":2}}"
2026-02-02T10:19:55.493,"{""sensor"":{""time"":944152,""status"":true,""class:"":2}}"
2026-02-02T10:19:55.583,"{""sensor"":{""time"":944267,""status"":true,""class:"":2}}"
2026-02-02T10:19:55.719,"{""sensor"":{""time"":944382,""status"":true,""class:"":2}}"
2026-02-02T10:19:55.853,"{""sensor"":{""time"":944498,""status"":true,""class:"":2}}"
2026-02-02T10:19:55.987,"{""sensor"":{""time"":944613,""status"":true,""class:"":2}}"
2026-02-02T10:19:56.077,"{""sensor"":{""time"":944729,""status"":true,""class:"":2}}"
2026-02-02T10:19:56.167,"{""sensor"":{""time"":944844,""status"":true,""class:"":2}}"
2026-02-02T10:19:56.302,"{""sensor"":{""time"":944960,""status"":true,""class:"":2}}"
2026-02-02T10:19:56.392,"{""sensor"":{""time"":945075,""status"":true,""class:"":2}}"
2026-02-02T10:19:56.527,"{""sensor"":{""time"":945191,""status"":true,""class:"":2}}"
2026-02-02T10:19:56.618,"{""sensor"":{""time"":945307,""status"":true,""class:"":2}}"
2026-02-02T10:19:56.753,"{""sensor"":{""time"":945422,""status"":true,""class:"":2}}"
2026-02-02T10:19:56.843,"{""sensor"":{""time"":945537,""status"":true,""class:"":2}}"
2026-02-02T10:19:56.977,"{""sensor"":{""time"":945653,""status"":true,""class:"":2}}"
2026-02-02T10:19:57.069,"{""sensor"":{""time"":945768,""status"":true,""class:"":2}}"
2026-02-02T10:19:57.247,"{""sensor"":{""time"":945884,""status"":true,""class:"":2}}"
2026-02-02T10:19:57.338,"{""sensor"":{""time"":945999,""status"":true,""class:"":2}}"
2026-02-02T10:19:57.427,"{""sensor"":{""time"":946114,""status"":true,""class:"":2}}"
2026-02-02T10:19:57.562,"{""sensor"":{""time"":946230,""status"":true,""class:"":2}}"
2026-02-02T10:19:57.698,"{""sensor"":{""time"":946345,""status"":true,""class:"":2}}"
2026-02-02T10:19:57.787,"{""sensor"":{""time"":946461,""status"":true,""class:"":2}}"
2026-02-02T10:19:57.877,"{""sensor"":{""time"":946576,""status"":true,""class:"":2}}"
2026-02-02T10:19:58.013,"{""sensor"":{""time"":946692,""status"":true,""class:"":2}}"
2026-02-02T10:19:58.148,"{""sensor"":{""time"":946807,""status"":true,""class:"":2}}"
2026-02-02T10:19:58.283,"{""sensor"":{""time"":946922,""status"":true,""class:"":2}}"
2026-02-02T10:19:58.372,"{""sensor"":{""time"":947037,""status"":true,""class:"":2}}"
2026-02-02T10:19:58.463,"{""sensor"":{""time"":947153,""status"":true,""class:"":2}}"
2026-02-02T10:19:58.597,"{""sensor"":{""time"":947268,""status"":true,""class:"":2}}"
2026-02-02T10:19:58.691,"{""sensor"":{""time"":947384,""status"":true,""class:"":2}}"
2026-02-02T10:19:58.822,"{""sensor"":{""time"":947499,""status"":true,""class:"":2}}"
2026-02-02T10:19:58.913,"{""sensor"":{""time"":947615,""status"":true,""class:"":2}}"
2026-02-02T10:19:59.048,"{""sensor"":{""time"":947730,""status"":true,""class:"":2}}"
2026-02-02T10:19:59.184,"{""sensor"":{""time"":947846,""status"":true,""class:"":2}}"
2026-02-02T10:19:59.273,"{""sensor"":{""time"":947961,""status"":true,""class:"":2}}"
2026-02-02T10:19:59.407,"{""sensor"":{""time"":948076,""status"":true,""class:"":2}}"
2026-02-02T10:19:59.497,"{""sensor"":{""time"":948192,""status"":true,""class:"":2}}"
2026-02-02T10:19:59.632,"{""sensor"":{""time"":948307,""status"":true,""class:"":2}}"
2026-02-02T10:19:59.723,"{""sensor"":{""time"":948422,""status"":true,""class:"":2}}"
2026-02-02T10:19:59.857,"{""sensor"":{""time"":948538,""status"":true,""class:"":2}}"
2026-02-02T10:19:59.994,"{""sensor"":{""time"":948653,""status"":true,""class:"":2}}"
2026-02-02T10:20:00.083,"{""sensor"":{""time"":948769,""status"":true,""class:"":2}}"
2026-02-02T10:20:00.218,"{""sensor"":{""time"":948884,""status"":true,""class:"":2}}"
2026-02-02T10:20:00.309,"{""sensor"":{""time"":948999,""status"":true,""class:"":2}}"
2026-02-02T10:20:00.442,"{""sensor"":{""time"":949115,""status"":true,""class:"":2}}"
2026-02-02T10:20:00.534,"{""sensor"":{""time"":949230,""status"":true,""class:"":2}}"
2026-02-02T10:20:00.667,"{""sensor"":{""time"":949346,""status"":true,""class:"":2}}"
2026-02-02T10:20:00.803,"{""sensor"":{""time"":949461,""status"":true,""class:"":2}}"
2026-02-02T10:20:00.892,"{""sensor"":{""time"":949576,""status"":true,""class:"":2}}"
2026-02-02T10:20:01.027,"{""sensor"":{""time"":949692,""status"":true,""class:"":2}}"
2026-02-02T10:20:01.117,"{""sensor"":{""time"":949807,""status"":true,""class:"":2}}"
2026-02-02T10:20:01.297,"{""sensor"":{""time"":949923,""status"":true,""class:"":2}}"
2026-02-02T10:20:01.388,"{""sensor"":{""time"":950038,""status"":true,""class:"":2}}"
2026-02-02T10:20:01.478,"{""sensor"":{""time"":950153,""status"":true,""class:"":2}}"
2026-02-02T10:20:01.567,"{""sensor"":{""time"":950269,""status"":true,""class:"":2}}"
2026-02-02T10:20:01.703,"{""sensor"":{""time"":950384,""status"":true,""class:"":2}}"
2026-02-02T10:20:01.882,"{""sensor"":{""time"":950499,""status"":true,""class:"":2}}"
2026-02-02T10:20:01.972,"{""sensor"":{""time"":950614,""status"":true,""class:"":2}}"
2026-02-02T10:20:02.062,"{""sensor"":{""time"":950730,""status"":true,""class:"":2}}"
2026-02-02T10:20:02.152,"{""sensor"":{""time"":950845,""status"":true,""class:"":2}}"
2026-02-02T10:20:02.288,"{""sensor"":{""time"":950960,""status"":true,""class:"":2}}"
2026-02-02T10:20:02.378,"{""sensor"":{""time"":951076,""status"":true,""class:"":2}}"
2026-02-02T10:20:02.514,"{""sensor"":{""time"":951191,""status"":true,""class:"":2}}"
2026-02-02T10:20:02.647,"{""sensor"":{""time"":951306,""status"":true,""class:"":2}}"
2026-02-02T10:20:02.783,"{""sensor"":{""time"":951422,""status"":true,""class:"":2}}"
2026-02-02T10:20:02.873,"{""sensor"":{""time"":951537,""status"":true,""class:"":2}}"
2026-02-02T10:20:02.962,"{""sensor"":{""time"":951653,""status"":true,""class:"":2}}"
2026-02-02T10:20:03.097,"{""sensor"":{""time"":951768,""status"":true,""class:"":2}}"
2026-02-02T10:20:03.187,"{""sensor"":{""time"":951883,""status"":true,""class:"":2}}"
2026-02-02T10:20:03.322,"{""sensor"":{""time"":951998,""status"":true,""class:"":2}}"
2026-02-02T10:20:03.413,"{""sensor"":{""time"":952114,""status"":true,""class:"":2}}"
2026-02-02T10:20:03.547,"{""sensor"":{""time"":952229,""status"":true,""class:"":2}}"
2026-02-02T10:20:03.683,"{""sensor"":{""time"":952345,""status"":true,""class:"":2}}"
2026-02-02T10:20:03.818,"{""sensor"":{""time"":952460,""status"":true,""class:"":2}}"
2026-02-02T10:20:03.907,"{""sensor"":{""time"":952576,""status"":true,""class:"":2}}"
2026-02-02T10:20:03.997,"{""sensor"":{""time"":952691,""status"":true,""class:"":2}}"
2026-02-02T10:20:04.132,"{""sensor"":{""time"":952806,""status"":true,""class:"":2}}"
2026-02-02T10:20:04.267,"{""sensor"":{""time"":952922,""status"":true,""class:"":2}}"
2026-02-02T10:20:04.358,"{""sensor"":{""time"":953037,""status"":true,""class:"":2}}"
2026-02-02T10:20:04.492,"{""sensor"":{""time"":953153,""status"":true,""class:"":2}}"
2026-02-02T10:20:04.583,"{""sensor"":{""time"":953268,""status"":true,""class:"":2}}"
2026-02-02T10:20:04.719,"{""sensor"":{""time"":953383,""status"":true,""class:"":2}}"
2026-02-02T10:20:04.808,"{""sensor"":{""time"":953499,""status"":true,""class:"":2}}"
2026-02-02T10:20:04.943,"{""sensor"":{""time"":953614,""status"":true,""class:"":2}}"
2026-02-02T10:20:05.033,"{""sensor"":{""time"":953730,""status"":true,""class:"":2}}"
2026-02-02T10:20:05.167,"{""sensor"":{""time"":953845,""status"":true,""class:"":2}}"
2026-02-02T10:20:05.258,"{""sensor"":{""time"":953960,""status"":true,""class:"":2}}"
2026-02-02T10:20:05.392,"{""sensor"":{""time"":954075,""status"":true,""class:"":2}}"
2026-02-02T10:20:05.529,"{""sensor"":{""time"":954191,""status"":true,""class:"":2}}"
2026-02-02T10:20:05.618,"{""sensor"":{""time"":954306,""status"":true,""class:"":2}}"
2026-02-02T10:20:05.753,"{""sensor"":{""time"":954422,""status"":true,""class:"":2}}"
2026-02-02T10:20:05.843,"{""sensor"":{""time"":954537,""status"":true,""class:"":2}}"
2026-02-02T10:20:05.978,"{""sensor"":{""time"":954653,""status"":true,""class:"":2}}"
2026-02-02T10:20:06.112,"{""sensor"":{""time"":954768,""status"":true,""class:"":2}}"
2026-02-02T10:20:06.292,"{""sensor"":{""time"":954883,""status"":true,""class:"":2}}"
2026-02-02T10:20:06.383,"{""sensor"":{""time"":954999,""status"":true,""class:"":2}}"
2026-02-02T10:20:06.474,"{""sensor"":{""time"":955114,""status"":true,""class:"":2}}"
2026-02-02T10:20:06.562,"{""sensor"":{""time"":955229,""status"":true,""class:"":2}}"
2026-02-02T10:20:06.653,"{""sensor"":{""time"":955345,""status"":true,""class:"":2}}"
2026-02-02T10:20:06.787,"{""sensor"":{""time"":955460,""status"":true,""class:"":2}}"
2026-02-02T10:20:06.878,"{""sensor"":{""time"":955576,""status"":true,""class:"":2}}"
2026-02-02T10:20:07.012,"{""sensor"":{""time"":955691,""status"":true,""class:"":2}}"
2026-02-02T10:20:07.147,"{""sensor"":{""time"":955807,""status"":true,""class:"":2}}"
2026-02-02T10:20:07.237,"{""sensor"":{""time"":955922,""status"":true,""class:"":2}}"
2026-02-02T10:20:07.373,"{""sensor"":{""time"":956037,""status"":true,""class:"":2}}"
2026-02-02T10:20:07.462,"{""sensor"":{""time"":956153,""status"":true,""class:"":2}}"
2026-02-02T10:20:07.598,"{""sensor"":{""time"":956268,""status"":true,""class:"":2}}"
2026-02-02T10:20:07.688,"{""sensor"":{""time"":956384,""status"":true,""class:"":2}}"
2026-02-02T10:20:07.824,"{""sensor"":{""time"":956499,""status"":true,""class:"":2}}"
2026-02-02T10:20:07.913,"{""sensor"":{""time"":956614,""status"":true,""class:"":2}}"
2026-02-02T10:20:08.047,"{""sensor"":{""time"":956729,""status"":true,""class:"":2}}"
2026-02-02T10:20:08.182,"{""sensor"":{""time"":956845,""status"":true,""class:"":2}}"
2026-02-02T10:20:08.274,"{""sensor"":{""time"":956960,""status"":true,""class:"":2}}"
2026-02-02T10:20:08.408,"{""sensor"":{""time"":957075,""status"":true,""class:"":2}}"
2026-02-02T10:20:08.497,"{""sensor"":{""time"":957191,""status"":true,""class:"":2}}"
2026-02-02T10:20:08.634,"{""sensor"":{""time"":957306,""status"":true,""class:"":2}}"
2026-02-02T10:20:08.814,"{""sensor"":{""time"":957421,""status"":true,""class:"":2}}"
2026-02-02T10:20:08.903,"{""sensor"":{""time"":957537,""status"":true,""class:"":2}}"
2026-02-02T10:20:08.992,"{""sensor"":{""time"":957652,""status"":true,""class:"":2}}"
2026-02-02T10:20:09.083,"{""sensor"":{""time"":957768,""status"":true,""class:"":2}}"
2026-02-02T10:20:09.218,"{""sensor"":{""time"":957883,""status"":true,""class:"":2}}"
2026-02-02T10:20:09.308,"{""sensor"":{""time"":957999,""status"":true,""class:"":2}}"
2026-02-02T10:20:09.442,"{""sensor"":{""time"":958114,""status"":true,""class:"":2}}"
2026-02-02T10:20:09.534,"{""sensor"":{""time"":958229,""status"":true,""class:"":2}}"
2026-02-02T10:20:09.668,"{""sensor"":{""time"":958345,""status"":true,""class:"":2}}"
2026-02-02T10:20:09.757,"{""sensor"":{""time"":958460,""status"":true,""class:"":2}}"
2026-02-02T10:20:09.892,"{""sensor"":{""time"":958576,""status"":true,""class:"":2}}"
2026-02-02T10:20:10.028,"{""sensor"":{""time"":958691,""status"":true,""class:"":2}}"
2026-02-02T10:20:10.118,"{""sensor"":{""time"":958806,""status"":true,""class:"":2}}"
2026-02-02T10:20:10.253,"{""sensor"":{""time"":958922,""status"":true,""class:"":2}}"
2026-02-02T10:20:10.343,"{""sensor"":{""time"":959037,""status"":true,""class:"":2}}"
2026-02-02T10:20:10.478,"{""sensor"":{""time"":959152,""status"":true,""class:"":2}}"
2026-02-02T10:20:10.567,"{""sensor"":{""time"":959268,""status"":true,""class:"":2}}"
2026-02-02T10:20:10.703,"{""sensor"":{""time"":959383,""status"":true,""class:"":2}}"
2026-02-02T10:20:10.838,"{""sensor"":{""time"":959498,""status"":true,""class:"":2}}"
2026-02-02T10:20:10.927,"{""sensor"":{""time"":959614,""status"":true,""class:"":2}}"
2026-02-02T10:20:11.063,"{""sensor"":{""time"":959729,""status"":true,""class:"":2}}"
2026-02-02T10:20:11.152,"{""sensor"":{""time"":959844,""status"":true,""class:"":2}}"
2026-02-02T10:20:11.332,"{""sensor"":{""time"":959960,""status"":true,""class:"":2}}"
2026-02-02T10:20:11.422,"{""sensor"":{""time"":960075,""status"":true,""class:"":2}}"
2026-02-02T10:20:11.512,"{""sensor"":{""time"":960190,""status"":true,""class:"":2}}"
2026-02-02T10:20:11.602,"{""sensor"":{""time"":960306,""status"":true,""class:"":2}}"
2026-02-02T10:20:11.737,"{""sensor"":{""time"":960421,""status"":true,""class:"":2}}"
2026-02-02T10:20:11.919,"{""sensor"":{""time"":960537,""status"":true,""class:"":2}}"
2026-02-02T10:20:12.008,"{""sensor"":{""time"":960652,""status"":true,""class:"":2}}"
2026-02-02T10:20:12.098,"{""sensor"":{""time"":960767,""status"":true,""class:"":2}}"
2026-02-02T10:20:12.187,"{""sensor"":{""time"":960882,""status"":true,""class:"":2}}"
2026-02-02T10:20:12.324,"{""sensor"":{""time"":960998,""status"":true,""class:"":2}}"
2026-02-02T10:20:12.412,"{""sensor"":{""time"":961113,""status"":true,""class:"":2}}"
2026-02-02T10:20:12.547,"{""sensor"":{""time"":961228,""status"":true,""class:"":2}}"
2026-02-02T10:20:12.729,"{""sensor"":{""time"":961344,""status"":true,""class:"":2}}"
2026-02-02T10:20:12.818,"{""sensor"":{""time"":961459,""status"":true,""class:"":2}}"
2026-02-02T10:20:12.907,"{""sensor"":{""time"":961574,""status"":true,""class:"":2}}"
2026-02-02T10:20:12.999,"{""sensor"":{""time"":961690,""status"":true,""class:"":2}}"
2026-02-02T10:20:13.177,"{""sensor"":{""time"":961805,""status"":true,""class:"":2}}"
2026-02-02T10:20:13.313,"{""sensor"":{""time"":961920,""status"":true,""class:"":2}}"
2026-02-02T10:20:13.403,"{""sensor"":{""time"":962035,""status"":true,""class:"":2}}"
2026-02-02T10:20:13.493,"{""sensor"":{""time"":962151,""status"":true,""class:"":2}}"
2026-02-02T10:20:13.582,"{""sensor"":{""time"":962266,""status"":true,""class:"":2}}"
2026-02-02T10:20:13.807,"{""sensor"":{""time"":962382,""status"":true,""class:"":2}}"
2026-02-02T10:20:13.852,"{""sensor"":{""time"":962497,""status"":true,""class:"":2}}"
2026-02-02T10:20:13.987,"{""sensor"":{""time"":962612,""status"":true,""class:"":2}}"
2026-02-02T10:20:14.077,"{""sensor"":{""time"":962727,""status"":true,""class:"":2}}"
2026-02-02T10:20:14.169,"{""sensor"":{""time"":962843,""status"":true,""class:"":2}}"
2026-02-02T10:20:14.257,"{""sensor"":{""time"":962959,""status"":true,""class:"":2}}"
2026-02-02T10:20:14.393,"{""sensor"":{""time"":963074,""status"":true,""class:"":2}}"
2026-02-02T10:20:14.528,"{""sensor"":{""time"":963189,""status"":true,""class:"":2}}"
2026-02-02T10:20:14.617,"{""sensor"":{""time"":963304,""status"":true,""class:"":2}}"
2026-02-02T10:20:14.752,"{""sensor"":{""time"":963420,""status"":true,""class:"":2}}"
2026-02-02T10:20:14.886,"{""sensor"":{""time"":963535,""status"":true,""class:"":2}}"
2026-02-02T10:20:14.978,"{""sensor"":{""time"":963650,""status"":true,""class:"":2}}"
2026-02-02T10:20:15.067,"{""sensor"":{""time"":963765,""status"":true,""class:"":2}}"
2026-02-02T10:20:15.203,"{""sensor"":{""time"":963881,""status"":true,""class:"":2}}"
2026-02-02T10:20:15.293,"{""sensor"":{""time"":963996,""status"":true,""class:"":2}}"
2026-02-02T10:20:15.427,"{""sensor"":{""time"":964111,""status"":true,""class:"":2}}"
2026-02-02T10:20:15.608,"{""sensor"":{""time"":964226,""status"":true,""class:"":2}}"
2026-02-02T10:20:15.697,"{""sensor"":{""time"":964342,""status"":true,""class:"":2}}"
2026-02-02T10:20:15.833,"{""sensor"":{""time"":964457,""status"":true,""class:"":2}}"
2026-02-02T10:20:15.921,"{""sensor"":{""time"":964573,""status"":true,""class:"":2}}"
2026-02-02T10:20:16.057,"{""sensor"":{""time"":964688,""status"":true,""class:"":2}}"
2026-02-02T10:20:16.192,"{""sensor"":{""time"":964803,""status"":true,""class:"":2}}"
2026-02-02T10:20:16.327,"{""sensor"":{""time"":964919,""status"":true,""class:"":2}}"
2026-02-02T10:20:16.418,"{""sensor"":{""time"":965034,""status"":true,""class:"":2}}"
2026-02-02T10:20:16.553,"{""sensor"":{""time"":965150,""status"":true,""class:"":2}}"
2026-02-02T10:20:16.644,"{""sensor"":{""time"":965265,""status"":true,""class:"":2}}"
2026-02-02T10:20:16.732,"{""sensor"":{""time"":965380,""status"":true,""class:"":2}}"
2026-02-02T10:20:16.822,"{""sensor"":{""time"":965496,""status"":true,""class:"":2}}"
2026-02-02T10:20:16.913,"{""sensor"":{""time"":965611,""status"":true,""class:"":2}}"
2026-02-02T10:20:17.047,"{""sensor"":{""time"":965726,""status"":true,""class:"":2}}"
2026-02-02T10:20:17.182,"{""sensor"":{""time"":965842,""status"":true,""class:"":2}}"
2026-02-02T10:20:17.272,"{""sensor"":{""time"":965957,""status"":true,""class:"":2}}"
2026-02-02T10:20:17.407,"{""sensor"":{""time"":966072,""status"":true,""class:"":2}}"
2026-02-02T10:20:17.543,"{""sensor"":{""time"":966188,""status"":true,""class:"":2}}"
2026-02-02T10:20:17.632,"{""sensor"":{""time"":966303,""status"":true,""class:"":2}}"
2026-02-02T10:20:17.722,"{""sensor"":{""time"":966419,""status"":true,""class:"":2}}"
2026-02-02T10:20:17.902,"{""sensor"":{""time"":966534,""status"":true,""class:"":2}}"
2026-02-02T10:20:18.036,"{""sensor"":{""time"":966649,""status"":true,""class:"":2}}"
2026-02-02T10:20:18.126,"{""sensor"":{""time"":966765,""status"":true,""class:"":2}}"
2026-02-02T10:20:18.218,"{""sensor"":{""time"":966880,""status"":true,""class:"":2}}"
2026-02-02T10:20:18.308,"{""sensor"":{""time"":966995,""status"":true,""class:"":2}}"
2026-02-02T10:20:18.445,"{""sensor"":{""time"":967111,""status"":true,""class:"":2}}"
2026-02-02T10:20:18.532,"{""sensor"":{""time"":967226,""status"":true,""class:"":2}}"
2026-02-02T10:20:18.668,"{""sensor"":{""time"":967342,""status"":true,""class:"":2}}"
2026-02-02T10:20:18.847,"{""sensor"":{""time"":967457,""status"":true,""class:"":2}}"
2026-02-02T10:20:18.936,"{""sensor"":{""time"":967572,""status"":true,""class:"":2}}"
2026-02-02T10:20:19.027,"{""sensor"":{""time"":967688,""status"":true,""class:"":2}}"
2026-02-02T10:20:19.118,"{""sensor"":{""time"":967803,""status"":true,""class:"":2}}"
2026-02-02T10:20:19.253,"{""sensor"":{""time"":967919,""status"":true,""class:"":2}}"
2026-02-02T10:20:19.343,"{""sensor"":{""time"":968034,""status"":true,""class:"":2}}"
2026-02-02T10:20:19.478,"{""sensor"":{""time"":968149,""status"":true,""class:"":2}}"
2026-02-02T10:20:19.569,"{""sensor"":{""time"":968265,""status"":true,""class:"":2}}"
2026-02-02T10:20:19.702,"{""sensor"":{""time"":968380,""status"":true,""class:"":2}}"
2026-02-02T10:20:19.793,"{""sensor"":{""time"":968495,""status"":true,""class:"":2}}"
2026-02-02T10:20:19.927,"{""sensor"":{""time"":968611,""status"":true,""class:"":2}}"
2026-02-02T10:20:20.063,"{""sensor"":{""time"":968726,""status"":true,""class:"":2}}"
2026-02-02T10:20:20.153,"{""sensor"":{""time"":968841,""status"":true,""class:"":2}}"
2026-02-02T10:20:20.287,"{""sensor"":{""time"":968957,""status"":true,""class:"":2}}"
2026-02-02T10:20:20.377,"{""sensor"":{""time"":969072,""status"":true,""class:"":2}}"
2026-02-02T10:20:20.512,"{""sensor"":{""time"":969187,""status"":true,""class:"":2}}"
2026-02-02T10:20:20.602,"{""sensor"":{""time"":969303,""status"":true,""class:"":2}}"
2026-02-02T10:20:20.737,"{""sensor"":{""time"":969418,""status"":true,""class:"":2}}"
2026-02-02T10:20:20.873,"{""sensor"":{""time"":969534,""status"":true,""class:"":2}}"
2026-02-02T10:20:20.962,"{""sensor"":{""time"":969649,""status"":true,""class:"":2}}"
2026-02-02T10:20:21.097,"{""sensor"":{""time"":969764,""status"":true,""class:"":2}}"
2026-02-02T10:20:21.188,"{""sensor"":{""time"":969880,""status"":true,""class:"":2}}"
2026-02-02T10:20:21.321,"{""sensor"":{""time"":969995,""status"":true,""class:"":2}}"
2026-02-02T10:20:21.412,"{""sensor"":{""time"":970110,""status"":true,""class:"":2}}"
2026-02-02T10:20:21.547,"{""sensor"":{""time"":970226,""status"":true,""class:"":2}}"
2026-02-02T10:20:21.636,"{""sensor"":{""time"":970341,""status"":true,""class:"":2}}"
2026-02-02T10:20:21.772,"{""sensor"":{""time"":970456,""status"":true,""class:"":2}}"
2026-02-02T10:20:21.907,"{""sensor"":{""time"":970572,""status"":true,""class:"":2}}"
2026-02-02T10:20:21.998,"{""sensor"":{""time"":970687,""status"":true,""class:"":2}}"
2026-02-02T10:20:22.132,"{""sensor"":{""time"":970803,""status"":true,""class:"":2}}"
2026-02-02T10:20:22.223,"{""sensor"":{""time"":970918,""status"":true,""class:"":2}}"
2026-02-02T10:20:22.357,"{""sensor"":{""time"":971034,""status"":true,""class:"":2}}"
2026-02-02T10:20:22.446,"{""sensor"":{""time"":971149,""status"":true,""class:"":2}}"
2026-02-02T10:20:22.582,"{""sensor"":{""time"":971264,""status"":true,""class:"":2}}"
2026-02-02T10:20:22.807,"{""sensor"":{""time"":971380,""status"":true,""class:"":2}}"
2026-02-02T10:20:22.852,"{""sensor"":{""time"":971495,""status"":true,""class:"":2}}"
2026-02-02T10:20:22.941,"{""sensor"":{""time"":971610,""status"":true,""class:"":2}}"
2026-02-02T10:20:23.031,"{""sensor"":{""time"":971726,""status"":true,""class:"":2}}"
2026-02-02T10:20:23.166,"{""sensor"":{""time"":971841,""status"":true,""class:"":2}}"
2026-02-02T10:20:23.257,"{""sensor"":{""time"":971956,""status"":true,""class:"":2}}"
2026-02-02T10:20:23.391,"{""sensor"":{""time"":972072,""status"":true,""class:"":2}}"
2026-02-02T10:20:23.526,"{""sensor"":{""time"":972187,""status"":true,""class:"":2}}"
2026-02-02T10:20:23.616,"{""sensor"":{""time"":972303,""status"":true,""class:"":2}}"
2026-02-02T10:20:23.842,"{""sensor"":{""time"":972418,""status"":true,""class:"":2}}"
2026-02-02T10:20:23.887,"{""sensor"":{""time"":972533,""status"":true,""class:"":2}}"
2026-02-02T10:20:23.976,"{""sensor"":{""time"":972649,""status"":true,""class:"":2}}"
2026-02-02T10:20:24.066,"{""sensor"":{""time"":972764,""status"":true,""class:"":2}}"
2026-02-02T10:20:24.202,"{""sensor"":{""time"":972880,""status"":true,""class:"":2}}"
2026-02-02T10:20:24.292,"{""sensor"":{""time"":972995,""status"":true,""class:"":2}}"
2026-02-02T10:20:24.472,"{""sensor"":{""time"":973110,""status"":true,""class:"":2}}"
2026-02-02T10:20:24.562,"{""sensor"":{""time"":973226,""status"":true,""class:"":2}}"
2026-02-02T10:20:24.651,"{""sensor"":{""time"":973341,""status"":true,""class:"":2}}"
2026-02-02T10:20:24.787,"{""sensor"":{""time"":973457,""status"":true,""class:"":2}}"
2026-02-02T10:20:24.876,"{""sensor"":{""time"":973572,""status"":true,""class:"":2}}"
2026-02-02T10:20:25.012,"{""sensor"":{""time"":973687,""status"":true,""class:"":2}}"
2026-02-02T10:20:25.101,"{""sensor"":{""time"":973803,""status"":true,""class:"":2}}"
2026-02-02T10:20:25.236,"{""sensor"":{""time"":973918,""status"":true,""class:"":2}}"
2026-02-02T10:20:25.372,"{""sensor"":{""time"":974033,""status"":true,""class:"":2}}"
2026-02-02T10:20:25.463,"{""sensor"":{""time"":974149,""status"":true,""class:"":2}}"
2026-02-02T10:20:25.598,"{""sensor"":{""time"":974264,""status"":true,""class:"":2}}"
2026-02-02T10:20:25.687,"{""sensor"":{""time"":974380,""status"":true,""class:"":2}}"
2026-02-02T10:20:25.823,"{""sensor"":{""time"":974495,""status"":true,""class:"":2}}"
2026-02-02T10:20:25.912,"{""sensor"":{""time"":974610,""status"":true,""class:"":2}}"
2026-02-02T10:20:26.046,"{""sensor"":{""time"":974726,""status"":true,""class:"":2}}"
2026-02-02T10:20:26.136,"{""sensor"":{""time"":974841,""status"":true,""class:"":2}}"
2026-02-02T10:20:26.407,"{""sensor"":{""time"":974957,""status"":true,""class:"":2}}"
2026-02-02T10:20:26.452,"{""sensor"":{""time"":975072,""status"":true,""class:"":2}}"
2026-02-02T10:20:26.542,"{""sensor"":{""time"":975188,""status"":true,""class:"":2}}"
2026-02-02T10:20:26.632,"{""sensor"":{""time"":975303,""status"":true,""class:"":2}}"
2026-02-02T10:20:26.723,"{""sensor"":{""time"":975419,""status"":true,""class:"":2}}"
2026-02-02T10:20:26.857,"{""sensor"":{""time"":975534,""status"":true,""class:"":2}}"
2026-02-02T10:20:27.036,"{""sensor"":{""time"":975650,""status"":true,""class:"":2}}"
2026-02-02T10:20:27.126,"{""sensor"":{""time"":975765,""status"":true,""class:"":2}}"
2026-02-02T10:20:27.217,"{""sensor"":{""time"":975881,""status"":true,""class:"":2}}"
2026-02-02T10:20:27.306,"{""sensor"":{""time"":975996,""status"":true,""class:"":2}}"
2026-02-02T10:20:27.442,"{""sensor"":{""time"":976111,""status"":true,""class:"":2}}"
2026-02-02T10:20:27.532,"{""sensor"":{""time"":976227,""status"":true,""class:"":2}}"
2026-02-02T10:20:27.668,"{""sensor"":{""time"":976342,""status"":true,""class:"":2}}"
2026-02-02T10:20:27.757,"{""sensor"":{""time"":976457,""status"":true,""class:"":2}}"
2026-02-02T10:20:27.892,"{""sensor"":{""time"":976573,""status"":true,""class:"":2}}"
2026-02-02T10:20:28.026,"{""sensor"":{""time"":976688,""status"":true,""class:"":2}}"
2026-02-02T10:20:28.116,"{""sensor"":{""time"":976803,""status"":true,""class:"":2}}"
2026-02-02T10:20:28.252,"{""sensor"":{""time"":976919,""status"":true,""class:"":2}}"
2026-02-02T10:20:28.342,"{""sensor"":{""time"":977034,""status"":true,""class:"":2}}"
2026-02-02T10:20:28.476,"{""sensor"":{""time"":977149,""status"":true,""class:"":2}}"
2026-02-02T10:20:28.567,"{""sensor"":{""time"":977265,""status"":true,""class:"":2}}"
2026-02-02T10:20:28.701,"{""sensor"":{""time"":977380,""status"":true,""class:"":2}}"
2026-02-02T10:20:28.882,"{""sensor"":{""time"":977496,""status"":true,""class:"":2}}"
2026-02-02T10:20:28.972,"{""sensor"":{""time"":977611,""status"":true,""class:"":2}}"
2026-02-02T10:20:29.064,"{""sensor"":{""time"":977726,""status"":true,""class:"":2}}"
2026-02-02T10:20:29.151,"{""sensor"":{""time"":977841,""status"":true,""class:"":2}}"
2026-02-02T10:20:29.287,"{""sensor"":{""time"":977957,""status"":true,""class:"":2}}"
2026-02-02T10:20:29.376,"{""sensor"":{""time"":978072,""status"":true,""class:"":2}}"
2026-02-02T10:20:29.513,"{""sensor"":{""time"":978188,""status"":true,""class:"":2}}"
2026-02-02T10:20:29.603,"{""sensor"":{""time"":978303,""status"":true,""class:"":2}}"
2026-02-02T10:20:29.737,"{""sensor"":{""time"":978418,""status"":true,""class:"":2}}"
2026-02-02T10:20:29.872,"{""sensor"":{""time"":978533,""status"":true,""class:"":2}}"
2026-02-02T10:20:29.961,"{""sensor"":{""time"":978649,""status"":true,""class:"":2}}"
2026-02-02T10:20:30.098,"{""sensor"":{""time"":978764,""status"":true,""class:"":2}}"
2026-02-02T10:20:30.187,"{""sensor"":{""time"":978880,""status"":true,""class:"":2}}"
2026-02-02T10:20:30.323,"{""sensor"":{""time"":978995,""status"":true,""class:"":2}}"
2026-02-02T10:20:30.411,"{""sensor"":{""time"":979110,""status"":true,""class:"":2}}"
2026-02-02T10:20:30.547,"{""sensor"":{""time"":979226,""status"":true,""class:"":2}}"
2026-02-02T10:20:30.637,"{""sensor"":{""time"":979342,""status"":true,""class:"":2}}"
2026-02-02T10:20:30.772,"{""sensor"":{""time"":979457,""status"":true,""class:"":2}}"
2026-02-02T10:20:30.907,"{""sensor"":{""time"":979572,""status"":true,""class:"":2}}"
2026-02-02T10:20:30.997,"{""sensor"":{""time"":979687,""status"":true,""class:"":2}}"
2026-02-02T10:20:31.132,"{""sensor"":{""time"":979803,""status"":true,""class:"":2}}"
2026-02-02T10:20:31.222,"{""sensor"":{""time"":979918,""status"":true,""class:"":2}}"
2026-02-02T10:20:31.357,"{""sensor"":{""time"":980034,""status"":true,""class:"":2}}"
2026-02-02T10:20:31.446,"{""sensor"":{""time"":980149,""status"":true,""class:"":2}}"
2026-02-02T10:20:31.581,"{""sensor"":{""time"":980264,""status"":true,""class:"":2}}"
2026-02-02T10:20:31.717,"{""sensor"":{""time"":980379,""status"":true,""class:"":2}}"
2026-02-02T10:20:31.807,"{""sensor"":{""time"":980495,""status"":true,""class:"":2}}"
2026-02-02T10:20:31.942,"{""sensor"":{""time"":980610,""status"":true,""class:"":2}}"
2026-02-02T10:20:32.032,"{""sensor"":{""time"":980726,""status"":true,""class:"":2}}"
2026-02-02T10:20:32.167,"{""sensor"":{""time"":980841,""status"":true,""class:"":2}}"
2026-02-02T10:20:32.257,"{""sensor"":{""time"":980956,""status"":true,""class:"":2}}"
2026-02-02T10:20:32.391,"{""sensor"":{""time"":981071,""status"":true,""class:"":2}}"
2026-02-02T10:20:32.527,"{""sensor"":{""time"":981188,""status"":true,""class:"":2}}"
2026-02-02T10:20:32.618,"{""sensor"":{""time"":981303,""status"":true,""class:"":2}}"
2026-02-02T10:20:32.752,"{""sensor"":{""time"":981418,""status"":true,""class:"":2}}"
2026-02-02T10:20:32.887,"{""sensor"":{""time"":981534,""status"":true,""class:"":2}}"
2026-02-02T10:20:32.976,"{""sensor"":{""time"":981649,""status"":true,""class:"":2}}"
2026-02-02T10:20:33.066,"{""sensor"":{""time"":981765,""status"":true,""class:"":2}}"
2026-02-02T10:20:33.201,"{""sensor"":{""time"":981880,""status"":true,""class:"":2}}"
2026-02-02T10:20:33.292,"{""sensor"":{""time"":981995,""status"":true,""class:"":2}}"
2026-02-02T10:20:33.426,"{""sensor"":{""time"":982111,""status"":true,""class:"":2}}"
2026-02-02T10:20:33.563,"{""sensor"":{""time"":982226,""status"":true,""class:"":2}}"
2026-02-02T10:20:33.651,"{""sensor"":{""time"":982341,""status"":true,""class:"":2}}"
2026-02-02T10:20:33.832,"{""sensor"":{""time"":982457,""status"":true,""class:"":2}}"
2026-02-02T10:20:33.922,"{""sensor"":{""time"":982572,""status"":true,""class:"":2}}"
2026-02-02T10:20:34.013,"{""sensor"":{""time"":982687,""status"":true,""class:"":2}}"
2026-02-02T10:20:34.103,"{""sensor"":{""time"":982803,""status"":true,""class:"":2}}"
2026-02-02T10:20:34.237,"{""sensor"":{""time"":982918,""status"":true,""class:"":2}}"
2026-02-02T10:20:34.371,"{""sensor"":{""time"":983033,""status"":true,""class:"":2}}"
2026-02-02T10:20:34.461,"{""sensor"":{""time"":983148,""status"":true,""class:"":2}}"
2026-02-02T10:20:34.597,"{""sensor"":{""time"":983264,""status"":true,""class:"":2}}"
2026-02-02T10:20:34.687,"{""sensor"":{""time"":983379,""status"":true,""class:"":2}}"
2026-02-02T10:20:34.821,"{""sensor"":{""time"":983495,""status"":true,""class:"":2}}"
2026-02-02T10:20:34.911,"{""sensor"":{""time"":983610,""status"":true,""class:"":2}}"
2026-02-02T10:20:35.046,"{""sensor"":{""time"":983725,""status"":true,""class:"":2}}"
2026-02-02T10:20:35.137,"{""sensor"":{""time"":983841,""status"":true,""class:"":2}}"
2026-02-02T10:20:35.271,"{""sensor"":{""time"":983956,""status"":true,""class:"":2}}"
2026-02-02T10:20:35.407,"{""sensor"":{""time"":984071,""status"":true,""class:"":2}}"
2026-02-02T10:20:35.497,"{""sensor"":{""time"":984187,""status"":true,""class:"":2}}"
2026-02-02T10:20:35.632,"{""sensor"":{""time"":984302,""status"":true,""class:"":2}}"
2026-02-02T10:20:35.721,"{""sensor"":{""time"":984417,""status"":true,""class:"":2}}"
2026-02-02T10:20:35.857,"{""sensor"":{""time"":984533,""status"":true,""class:"":2}}"
2026-02-02T10:20:35.946,"{""sensor"":{""time"":984648,""status"":true,""class:"":2}}"
2026-02-02T10:20:36.173,"{""sensor"":{""time"":984764,""status"":true,""class:"":2}}"
2026-02-02T10:20:36.262,"{""sensor"":{""time"":984879,""status"":true,""class:"":2}}"
2026-02-02T10:20:36.352,"{""sensor"":{""time"":984994,""status"":true,""class:"":2}}"
2026-02-02T10:20:36.442,"{""sensor"":{""time"":985109,""status"":true,""class:"":2}}"
2026-02-02T10:20:36.577,"{""sensor"":{""time"":985225,""status"":true,""class:"":2}}"
2026-02-02T10:20:36.666,"{""sensor"":{""time"":985340,""status"":true,""class:"":2}}"
2026-02-02T10:20:36.757,"{""sensor"":{""time"":985456,""status"":true,""class:"":2}}"
2026-02-02T10:20:36.892,"{""sensor"":{""time"":985571,""status"":true,""class:"":2}}"
2026-02-02T10:20:36.982,"{""sensor"":{""time"":985687,""status"":true,""class:"":2}}"
2026-02-02T10:20:37.116,"{""sensor"":{""time"":985802,""status"":true,""class:"":2}}"
2026-02-02T10:20:37.252,"{""sensor"":{""time"":985917,""status"":true,""class:"":2}}"
2026-02-02T10:20:37.342,"{""sensor"":{""time"":986033,""status"":true,""class:"":2}}"
2026-02-02T10:20:37.476,"{""sensor"":{""time"":986148,""status"":true,""class:"":2}}"
2026-02-02T10:20:37.566,"{""sensor"":{""time"":986263,""status"":true,""class:"":2}}"
2026-02-02T10:20:37.702,"{""sensor"":{""time"":986379,""status"":true,""class:"":2}}"
2026-02-02T10:20:37.793,"{""sensor"":{""time"":986494,""status"":true,""class:"":2}}"
2026-02-02T10:20:37.927,"{""sensor"":{""time"":986609,""status"":true,""class:"":2}}"
2026-02-02T10:20:38.063,"{""sensor"":{""time"":986724,""status"":true,""class:"":2}}"
2026-02-02T10:20:38.151,"{""sensor"":{""time"":986840,""status"":true,""class:"":2}}"
2026-02-02T10:20:38.288,"{""sensor"":{""time"":986955,""status"":true,""class:"":2}}"
2026-02-02T10:20:38.376,"{""sensor"":{""time"":987070,""status"":true,""class:"":2}}"
2026-02-02T10:20:38.513,"{""sensor"":{""time"":987185,""status"":true,""class:"":2}}"
2026-02-02T10:20:38.602,"{""sensor"":{""time"":987301,""status"":true,""class:"":2}}"
2026-02-02T10:20:38.737,"{""sensor"":{""time"":987416,""status"":true,""class:"":2}}"
2026-02-02T10:20:38.872,"{""sensor"":{""time"":987531,""status"":true,""class:"":2}}"
2026-02-02T10:20:38.961,"{""sensor"":{""time"":987647,""status"":true,""class:"":2}}"
2026-02-02T10:20:39.096,"{""sensor"":{""time"":987762,""status"":true,""class:"":2}}"
2026-02-02T10:20:39.187,"{""sensor"":{""time"":987877,""status"":true,""class:"":2}}"
2026-02-02T10:20:39.322,"{""sensor"":{""time"":987993,""status"":true,""class:"":2}}"
2026-02-02T10:20:39.411,"{""sensor"":{""time"":988108,""status"":true,""class:"":2}}"
2026-02-02T10:20:39.548,"{""sensor"":{""time"":988223,""status"":true,""class:"":2}}"
2026-02-02T10:20:39.637,"{""sensor"":{""time"":988339,""status"":true,""class:"":2}}"
2026-02-02T10:20:39.771,"{""sensor"":{""time"":988454,""status"":true,""class:"":2}}"
2026-02-02T10:20:39.908,"{""sensor"":{""time"":988570,""status"":true,""class:"":2}}"
2026-02-02T10:20:39.997,"{""sensor"":{""time"":988685,""status"":true,""class:"":2}}"
2026-02-02T10:20:40.131,"{""sensor"":{""time"":988800,""status"":true,""class:"":2}}"
2026-02-02T10:20:40.267,"{""sensor"":{""time"":988916,""status"":true,""class:"":2}}"
2026-02-02T10:20:40.402,"{""sensor"":{""time"":989031,""status"":true,""class:"":2}}"
2026-02-02T10:20:40.491,"{""sensor"":{""time"":989146,""status"":true,""class:"":2}}"
2026-02-02T10:20:40.581,"{""sensor"":{""time"":989262,""status"":true,""class:"":2}}"
2026-02-02T10:20:40.672,"{""sensor"":{""time"":989377,""status"":true,""class:"":2}}"
2026-02-02T10:20:40.806,"{""sensor"":{""time"":989492,""status"":true,""class:"":2}}"
2026-02-02T10:20:40.942,"{""sensor"":{""time"":989607,""status"":true,""class:"":2}}"
2026-02-02T10:20:41.031,"{""sensor"":{""time"":989723,""status"":true,""class:"":2}}"
2026-02-02T10:20:41.167,"{""sensor"":{""time"":989838,""status"":true,""class:"":2}}"
2026-02-02T10:20:41.348,"{""sensor"":{""time"":989954,""status"":true,""class:"":2}}"
2026-02-02T10:20:41.437,"{""sensor"":{""time"":990069,""status"":true,""class:"":2}}"
2026-02-02T10:20:41.526,"{""sensor"":{""time"":990184,""status"":true,""class:"":2}}"
2026-02-02T10:20:41.617,"{""sensor"":{""time"":990300,""status"":true,""class:"":2}}"
2026-02-02T10:20:41.752,"{""sensor"":{""time"":990415,""status"":true,""class:"":2}}"
2026-02-02T10:20:41.842,"{""sensor"":{""time"":990530,""status"":true,""class:"":2}}"
2026-02-02T10:20:41.977,"{""sensor"":{""time"":990646,""status"":true,""class:"":2}}"
2026-02-02T10:20:42.067,"{""sensor"":{""time"":990761,""status"":true,""class:"":2}}"
2026-02-02T10:20:42.201,"{""sensor"":{""time"":990877,""status"":true,""class:"":2}}"
2026-02-02T10:20:42.291,"{""sensor"":{""time"":990992,""status"":true,""class:"":2}}"
2026-02-02T10:20:42.427,"{""sensor"":{""time"":991107,""status"":true,""class:"":2}}"
2026-02-02T10:20:42.517,"{""sensor"":{""time"":991222,""status"":true,""class:"":2}}"
2026-02-02T10:20:42.697,"{""sensor"":{""time"":991338,""status"":true,""class:"":2}}"
2026-02-02T10:20:42.787,"{""sensor"":{""time"":991453,""status"":true,""class:"":2}}"
2026-02-02T10:20:42.876,"{""sensor"":{""time"":991569,""status"":true,""class:"":2}}"
2026-02-02T10:20:43.060,"{""sensor"":{""time"":991684,""status"":true,""class:"":2}}"
2026-02-02T10:20:43.146,"{""sensor"":{""time"":991799,""status"":true,""class:"":2}}"
2026-02-02T10:20:43.239,"{""sensor"":{""time"":991915,""status"":true,""class:"":2}}"
2026-02-02T10:20:43.327,"{""sensor"":{""time"":992030,""status"":true,""class:"":2}}"
2026-02-02T10:20:43.461,"{""sensor"":{""time"":992145,""status"":true,""class:"":2}}"
2026-02-02T10:20:43.596,"{""sensor"":{""time"":992261,""status"":true,""class:"":2}}"
2026-02-02T10:20:43.686,"{""sensor"":{""time"":992376,""status"":true,""class:"":2}}"
2026-02-02T10:20:43.866,"{""sensor"":{""time"":992491,""status"":true,""class:"":2}}"
2026-02-02T10:20:43.957,"{""sensor"":{""time"":992607,""status"":true,""class:"":2}}"
2026-02-02T10:20:44.047,"{""sensor"":{""time"":992723,""status"":true,""class:"":2}}"
2026-02-02T10:20:44.136,"{""sensor"":{""time"":992838,""status"":true,""class:"":2}}"
2026-02-02T10:20:44.272,"{""sensor"":{""time"":992953,""status"":true,""class:"":2}}"
2026-02-02T10:20:44.406,"{""sensor"":{""time"":993068,""status"":true,""class:"":2}}"
2026-02-02T10:20:44.496,"{""sensor"":{""time"":993184,""status"":true,""class:"":2}}"
2026-02-02T10:20:44.631,"{""sensor"":{""time"":993299,""status"":true,""class:"":2}}"
2026-02-02T10:20:44.721,"{""sensor"":{""time"":993415,""status"":true,""class:"":2}}"
2026-02-02T10:20:44.856,"{""sensor"":{""time"":993530,""status"":true,""class:"":2}}"
2026-02-02T10:20:44.946,"{""sensor"":{""time"":993645,""status"":true,""class:"":2}}"
2026-02-02T10:20:45.081,"{""sensor"":{""time"":993761,""status"":true,""class:"":2}}"
2026-02-02T10:20:45.171,"{""sensor"":{""time"":993876,""status"":true,""class:"":2}}"
2026-02-02T10:20:45.307,"{""sensor"":{""time"":993991,""status"":true,""class:"":2}}"
2026-02-02T10:20:45.441,"{""sensor"":{""time"":994106,""status"":true,""class:"":2}}"
2026-02-02T10:20:45.533,"{""sensor"":{""time"":994222,""status"":true,""class:"":2}}"
2026-02-02T10:20:45.666,"{""sensor"":{""time"":994337,""status"":true,""class:"":2}}"
2026-02-02T10:20:45.756,"{""sensor"":{""time"":994453,""status"":true,""class:"":2}}"
2026-02-02T10:20:45.891,"{""sensor"":{""time"":994568,""status"":true,""class:"":2}}"
2026-02-02T10:20:45.983,"{""sensor"":{""time"":994683,""status"":true,""class:"":2}}"
2026-02-02T10:20:46.116,"{""sensor"":{""time"":994799,""status"":true,""class:"":2}}"
2026-02-02T10:20:46.296,"{""sensor"":{""time"":994914,""status"":true,""class:"":2}}"
2026-02-02T10:20:46.387,"{""sensor"":{""time"":995029,""status"":true,""class:"":2}}"
2026-02-02T10:20:46.523,"{""sensor"":{""time"":995144,""status"":true,""class:"":2}}"
2026-02-02T10:20:46.612,"{""sensor"":{""time"":995260,""status"":true,""class:"":2}}"
2026-02-02T10:20:46.702,"{""sensor"":{""time"":995375,""status"":true,""class:"":2}}"
2026-02-02T10:20:46.792,"{""sensor"":{""time"":995490,""status"":true,""class:"":2}}"
2026-02-02T10:20:46.927,"{""sensor"":{""time"":995606,""status"":true,""class:"":2}}"
2026-02-02T10:20:47.016,"{""sensor"":{""time"":995721,""status"":true,""class:"":2}}"
2026-02-02T10:20:47.197,"{""sensor"":{""time"":995837,""status"":true,""class:"":2}}"
2026-02-02T10:20:47.287,"{""sensor"":{""time"":995952,""status"":true,""class:"":2}}"
2026-02-02T10:20:47.377,"{""sensor"":{""time"":996067,""status"":true,""class:"":2}}"
2026-02-02T10:20:47.511,"{""sensor"":{""time"":996183,""status"":true,""class:"":2}}"
2026-02-02T10:20:47.601,"{""sensor"":{""time"":996298,""status"":true,""class:"":2}}"
2026-02-02T10:20:47.738,"{""sensor"":{""time"":996413,""status"":true,""class:"":2}}"
2026-02-02T10:20:47.827,"{""sensor"":{""time"":996529,""status"":true,""class:"":2}}"
2026-02-02T10:20:47.962,"{""sensor"":{""time"":996644,""status"":true,""class:"":2}}"
2026-02-02T10:20:48.099,"{""sensor"":{""time"":996760,""status"":true,""class:"":2}}"
2026-02-02T10:20:48.187,"{""sensor"":{""time"":996875,""status"":true,""class:"":2}}"
2026-02-02T10:20:48.322,"{""sensor"":{""time"":996990,""status"":true,""class:"":2}}"
2026-02-02T10:20:48.411,"{""sensor"":{""time"":997106,""status"":true,""class:"":2}}"
2026-02-02T10:20:48.546,"{""sensor"":{""time"":997221,""status"":true,""class:"":2}}"
2026-02-02T10:20:48.637,"{""sensor"":{""time"":997336,""status"":true,""class:"":2}}"
2026-02-02T10:20:48.861,"{""sensor"":{""time"":997452,""status"":true,""class:"":2}}"
2026-02-02T10:20:48.907,"{""sensor"":{""time"":997567,""status"":true,""class:"":2}}"
2026-02-02T10:20:48.996,"{""sensor"":{""time"":997682,""status"":true,""class:"":2}}"
2026-02-02T10:20:49.132,"{""sensor"":{""time"":997797,""status"":true,""class:"":2}}"
2026-02-02T10:20:49.221,"{""sensor"":{""time"":997913,""status"":true,""class:"":2}}"
2026-02-02T10:20:49.357,"{""sensor"":{""time"":998028,""status"":true,""class:"":2}}"
2026-02-02T10:20:49.492,"{""sensor"":{""time"":998144,""status"":true,""class:"":2}}"
2026-02-02T10:20:49.582,"{""sensor"":{""time"":998259,""status"":true,""class:"":2}}"
2026-02-02T10:20:49.672,"{""sensor"":{""time"":998375,""status"":true,""class:"":2}}"
2026-02-02T10:20:49.807,"{""sensor"":{""time"":998490,""status"":true,""class:"":2}}"
2026-02-02T10:20:49.942,"{""sensor"":{""time"":998605,""status"":true,""class:"":2}}"
2026-02-02T10:20:50.031,"{""sensor"":{""time"":998720,""status"":true,""class:"":2}}"
2026-02-02T10:20:50.167,"{""sensor"":{""time"":998836,""status"":true,""class:"":2}}"
2026-02-02T10:20:50.257,"{""sensor"":{""time"":998951,""status"":true,""class:"":2}}"
2026-02-02T10:20:50.393,"{""sensor"":{""time"":999067,""status"":true,""class:"":2}}"
2026-02-02T10:20:50.482,"{""sensor"":{""time"":999182,""status"":true,""class:"":2}}"
2026-02-02T10:20:50.617,"{""sensor"":{""time"":999297,""status"":true,""class:"":2}}"
2026-02-02T10:20:50.707,"{""sensor"":{""time"":999413,""status"":true,""class:"":2}}"
2026-02-02T10:20:50.842,"{""sensor"":{""time"":999528,""status"":true,""class:"":2}}"
2026-02-02T10:20:50.978,"{""sensor"":{""time"":999643,""status"":true,""class:"":2}}"
2026-02-02T10:20:51.066,"{""sensor"":{""time"":999759,""status"":true,""class:"":2}}"
2026-02-02T10:20:51.202,"{""sensor"":{""time"":999874,""status"":true,""class:"":2}}"
2026-02-02T10:20:51.380,"{""sensor"":{""time"":999989,""status"":true,""class:"":2}}"
2026-02-02T10:20:51.516,"{""sensor"":{""time"":1000105,""status"":true,""class:"":2}}"
2026-02-02T10:20:51.561,"{""sensor"":{""time"":1000220,""status"":true,""class:"":2}}"
2026-02-02T10:20:51.652,"{""sensor"":{""time"":1000336,""status"":true,""class:"":2}}"
2026-02-02T10:20:51.785,"{""sensor"":{""time"":1000451,""status"":true,""class:"":2}}"
2026-02-02T10:20:51.876,"{""sensor"":{""time"":1000566,""status"":true,""class:"":2}}"
2026-02-02T10:20:52.010,"{""sensor"":{""time"":1000682,""status"":true,""class:"":2}}"
2026-02-02T10:20:52.102,"{""sensor"":{""time"":1000797,""status"":true,""class:"":2}}"
2026-02-02T10:20:52.235,"{""sensor"":{""time"":1000912,""status"":true,""class:"":2}}"
2026-02-02T10:20:52.327,"{""sensor"":{""time"":1001028,""status"":true,""class:"":2}}"
2026-02-02T10:20:52.460,"{""sensor"":{""time"":1001143,""status"":true,""class:"":2}}"
2026-02-02T10:20:52.597,"{""sensor"":{""time"":1001259,""status"":true,""class:"":2}}"
2026-02-02T10:20:52.685,"{""sensor"":{""time"":1001374,""status"":true,""class:"":2}}"
2026-02-02T10:20:52.865,"{""sensor"":{""time"":1001490,""status"":true,""class:"":2}}"
2026-02-02T10:20:52.956,"{""sensor"":{""time"":1001605,""status"":true,""class:"":2}}"
2026-02-02T10:20:53.046,"{""sensor"":{""time"":1001721,""status"":true,""class:"":2}}"
2026-02-02T10:20:53.136,"{""sensor"":{""time"":1001836,""status"":true,""class:"":2}}"
2026-02-02T10:20:53.271,"{""sensor"":{""time"":1001951,""status"":true,""class:"":2}}"
2026-02-02T10:20:53.362,"{""sensor"":{""time"":1002066,""status"":true,""class:"":2}}"
2026-02-02T10:20:53.541,"{""sensor"":{""time"":1002182,""status"":true,""class:"":2}}"
2026-02-02T10:20:53.631,"{""sensor"":{""time"":1002297,""status"":true,""class:"":2}}"
2026-02-02T10:20:53.720,"{""sensor"":{""time"":1002413,""status"":true,""class:"":2}}"
2026-02-02T10:20:53.856,"{""sensor"":{""time"":1002528,""status"":true,""class:"":2}}"
2026-02-02T10:20:53.945,"{""sensor"":{""time"":1002643,""status"":true,""class:"":2}}"
2026-02-02T10:20:54.081,"{""sensor"":{""time"":1002758,""status"":true,""class:"":2}}"
2026-02-02T10:20:54.170,"{""sensor"":{""time"":1002874,""status"":true,""class:"":2}}"
2026-02-02T10:20:54.305,"{""sensor"":{""time"":1002989,""status"":true,""class:"":2}}"
2026-02-02T10:20:54.441,"{""sensor"":{""time"":1003104,""status"":true,""class:"":2}}"
2026-02-02T10:20:54.530,"{""sensor"":{""time"":1003220,""status"":true,""class:"":2}}"
2026-02-02T10:20:54.666,"{""sensor"":{""time"":1003335,""status"":true,""class:"":2}}"
2026-02-02T10:20:54.756,"{""sensor"":{""time"":1003450,""status"":true,""class:"":2}}"
2026-02-02T10:20:54.891,"{""sensor"":{""time"":1003566,""status"":true,""class:"":2}}"
2026-02-02T10:20:54.981,"{""sensor"":{""time"":1003681,""status"":true,""class:"":2}}"
2026-02-02T10:20:55.116,"{""sensor"":{""time"":1003796,""status"":true,""class:"":2}}"
2026-02-02T10:20:55.206,"{""sensor"":{""time"":1003912,""status"":true,""class:"":2}}"
2026-02-02T10:20:55.341,"{""sensor"":{""time"":1004027,""status"":true,""class:"":2}}"
2026-02-02T10:20:55.476,"{""sensor"":{""time"":1004142,""status"":true,""class:"":2}}"
2026-02-02T10:20:55.566,"{""sensor"":{""time"":1004257,""status"":true,""class:"":2}}"
2026-02-02T10:20:55.701,"{""sensor"":{""time"":1004373,""status"":true,""class:"":2}}"
2026-02-02T10:20:55.791,"{""sensor"":{""time"":1004488,""status"":true,""class:"":2}}"
2026-02-02T10:20:55.925,"{""sensor"":{""time"":1004603,""status"":true,""class:"":2}}"
2026-02-02T10:20:56.016,"{""sensor"":{""time"":1004719,""status"":true,""class:"":2}}"
2026-02-02T10:20:56.150,"{""sensor"":{""time"":1004834,""status"":true,""class:"":2}}"
2026-02-02T10:20:56.376,"{""sensor"":{""time"":1004950,""status"":true,""class:"":2}}"
2026-02-02T10:20:56.421,"{""sensor"":{""time"":1005065,""status"":true,""class:"":2}}"
2026-02-02T10:20:56.511,"{""sensor"":{""time"":1005181,""status"":true,""class:"":2}}"
2026-02-02T10:20:56.602,"{""sensor"":{""time"":1005296,""status"":true,""class:"":2}}"
2026-02-02T10:20:56.735,"{""sensor"":{""time"":1005411,""status"":true,""class:"":2}}"
2026-02-02T10:20:56.827,"{""sensor"":{""time"":1005527,""status"":true,""class:"":2}}"
2026-02-02T10:20:56.961,"{""sensor"":{""time"":1005642,""status"":true,""class:"":2}}"
2026-02-02T10:20:57.051,"{""sensor"":{""time"":1005757,""status"":true,""class:"":2}}"
2026-02-02T10:20:57.185,"{""sensor"":{""time"":1005873,""status"":true,""class:"":2}}"
2026-02-02T10:20:57.322,"{""sensor"":{""time"":1005988,""status"":true,""class:"":2}}"
2026-02-02T10:20:57.411,"{""sensor"":{""time"":1006103,""status"":true,""class:"":2}}"
2026-02-02T10:20:57.546,"{""sensor"":{""time"":1006219,""status"":true,""class:"":2}}"
2026-02-02T10:20:57.635,"{""sensor"":{""time"":1006334,""status"":true,""class:"":2}}"
2026-02-02T10:20:57.770,"{""sensor"":{""time"":1006449,""status"":true,""class:"":2}}"
2026-02-02T10:20:57.861,"{""sensor"":{""time"":1006565,""status"":true,""class:"":2}}"
2026-02-02T10:20:57.995,"{""sensor"":{""time"":1006680,""status"":true,""class:"":2}}"
2026-02-02T10:20:58.130,"{""sensor"":{""time"":1006795,""status"":true,""class:"":2}}"
2026-02-02T10:20:58.220,"{""sensor"":{""time"":1006911,""status"":true,""class:"":2}}"
2026-02-02T10:20:58.356,"{""sensor"":{""time"":1007026,""status"":true,""class:"":2}}"
2026-02-02T10:20:58.446,"{""sensor"":{""time"":1007141,""status"":true,""class:"":2}}"
2026-02-02T10:20:58.581,"{""sensor"":{""time"":1007257,""status"":true,""class:"":2}}"
2026-02-02T10:20:58.671,"{""sensor"":{""time"":1007372,""status"":true,""class:"":2}}"
2026-02-02T10:20:58.896,"{""sensor"":{""time"":1007487,""status"":true,""class:"":2}}"
2026-02-02T10:20:58.940,"{""sensor"":{""time"":1007603,""status"":true,""class:"":2}}"
2026-02-02T10:20:59.030,"{""sensor"":{""time"":1007718,""status"":true,""class:"":2}}"
2026-02-02T10:20:59.165,"{""sensor"":{""time"":1007834,""status"":true,""class:"":2}}"
2026-02-02T10:20:59.255,"{""sensor"":{""time"":1007949,""status"":true,""class:"":2}}"
2026-02-02T10:20:59.391,"{""sensor"":{""time"":1008065,""status"":true,""class:"":2}}"
2026-02-02T10:20:59.480,"{""sensor"":{""time"":1008180,""status"":true,""class:"":2}}"
2026-02-02T10:20:59.615,"{""sensor"":{""time"":1008296,""status"":true,""class:"":2}}"
2026-02-02T10:20:59.705,"{""sensor"":{""time"":1008411,""status"":true,""class:"":2}}"
2026-02-02T10:20:59.840,"{""sensor"":{""time"":1008526,""status"":true,""class:"":2}}"
2026-02-02T10:21:00.020,"{""sensor"":{""time"":1008641,""status"":true,""class:"":2}}"
2026-02-02T10:21:00.110,"{""sensor"":{""time"":1008757,""status"":true,""class:"":2}}"
2026-02-02T10:21:00.200,"{""sensor"":{""time"":1008872,""status"":true,""class:"":2}}"
2026-02-02T10:21:00.290,"{""sensor"":{""time"":1008988,""status"":true,""class:"":2}}"
2026-02-02T10:21:00.425,"{""sensor"":{""time"":1009103,""status"":true,""class:"":2}}"
2026-02-02T10:21:00.515,"{""sensor"":{""time"":1009218,""status"":true,""class:"":2}}"
2026-02-02T10:21:00.651,"{""sensor"":{""time"":1009334,""status"":true,""class:"":2}}"
2026-02-02T10:21:00.785,"{""sensor"":{""time"":1009449,""status"":true,""class:"":2}}"
2026-02-02T10:21:00.875,"{""sensor"":{""time"":1009565,""status"":true,""class:"":2}}"
2026-02-02T10:21:01.010,"{""sensor"":{""time"":1009680,""status"":true,""class:"":2}}"
2026-02-02T10:21:01.100,"{""sensor"":{""time"":1009795,""status"":true,""class:"":2}}"
2026-02-02T10:21:01.236,"{""sensor"":{""time"":1009911,""status"":true,""class:"":2}}"
2026-02-02T10:21:01.371,"{""sensor"":{""time"":1010026,""status"":true,""class:"":2}}"
2026-02-02T10:21:01.462,"{""sensor"":{""time"":1010142,""status"":true,""class:"":2}}"
2026-02-02T10:21:01.550,"{""sensor"":{""time"":1010257,""status"":true,""class:"":2}}"
2026-02-02T10:21:01.685,"{""sensor"":{""time"":1010372,""status"":true,""class:"":2}}"
2026-02-02T10:21:01.821,"{""sensor"":{""time"":1010487,""status"":true,""class:"":2}}"
2026-02-02T10:21:01.955,"{""sensor"":{""time"":1010603,""status"":true,""class:"":2}}"
2026-02-02T10:21:02.047,"{""sensor"":{""time"":1010719,""status"":true,""class:"":2}}"
2026-02-02T10:21:02.135,"{""sensor"":{""time"":1010834,""status"":true,""class:"":2}}"
2026-02-02T10:21:02.270,"{""sensor"":{""time"":1010949,""status"":true,""class:"":2}}"
2026-02-02T10:21:02.360,"{""sensor"":{""time"":1011065,""status"":true,""class:"":2}}"
2026-02-02T10:21:02.495,"{""sensor"":{""time"":1011180,""status"":true,""class:"":2}}"
2026-02-02T10:21:02.630,"{""sensor"":{""time"":1011296,""status"":true,""class:"":2}}"
2026-02-02T10:21:02.720,"{""sensor"":{""time"":1011411,""status"":true,""class:"":2}}"
2026-02-02T10:21:02.901,"{""sensor"":{""time"":1011526,""status"":true,""class:"":2}}"
2026-02-02T10:21:02.990,"{""sensor"":{""time"":1011642,""status"":true,""class:"":2}}"
2026-02-02T10:21:03.080,"{""sensor"":{""time"":1011757,""status"":true,""class:"":2}}"
2026-02-02T10:21:03.171,"{""sensor"":{""time"":1011873,""status"":true,""class:"":2}}"
2026-02-02T10:21:03.305,"{""sensor"":{""time"":1011988,""status"":true,""class:"":2}}"
2026-02-02T10:21:03.395,"{""sensor"":{""time"":1012103,""status"":true,""class:"":2}}"
2026-02-02T10:21:03.530,"{""sensor"":{""time"":1012219,""status"":true,""class:"":2}}"
2026-02-02T10:21:03.665,"{""sensor"":{""time"":1012334,""status"":true,""class:"":2}}"
2026-02-02T10:21:03.846,"{""sensor"":{""time"":1012449,""status"":true,""class:"":2}}"
2026-02-02T10:21:03.935,"{""sensor"":{""time"":1012565,""status"":true,""class:"":2}}"
2026-02-02T10:21:04.027,"{""sensor"":{""time"":1012680,""status"":true,""class:"":2}}"
2026-02-02T10:21:04.115,"{""sensor"":{""time"":1012796,""status"":true,""class:"":2}}"
2026-02-02T10:21:04.206,"{""sensor"":{""time"":1012911,""status"":true,""class:"":2}}"
2026-02-02T10:21:04.387,"{""sensor"":{""time"":1013026,""status"":true,""class:"":2}}"
2026-02-02T10:21:04.475,"{""sensor"":{""time"":1013142,""status"":true,""class:"":2}}"
2026-02-02T10:21:04.566,"{""sensor"":{""time"":1013257,""status"":true,""class:"":2}}"
2026-02-02T10:21:04.701,"{""sensor"":{""time"":1013372,""status"":true,""class:"":2}}"
2026-02-02T10:21:04.791,"{""sensor"":{""time"":1013488,""status"":true,""class:"":2}}"
2026-02-02T10:21:04.926,"{""sensor"":{""time"":1013603,""status"":true,""class:"":2}}"
2026-02-02T10:21:05.019,"{""sensor"":{""time"":1013719,""status"":true,""class:"":2}}"
2026-02-02T10:21:05.150,"{""sensor"":{""time"":1013834,""status"":true,""class:"":2}}"
2026-02-02T10:21:05.286,"{""sensor"":{""time"":1013950,""status"":true,""class:"":2}}"
2026-02-02T10:21:05.378,"{""sensor"":{""time"":1014065,""status"":true,""class:"":2}}"
2026-02-02T10:21:05.511,"{""sensor"":{""time"":1014180,""status"":true,""class:"":2}}"
2026-02-02T10:21:05.601,"{""sensor"":{""time"":1014296,""status"":true,""class:"":2}}"
2026-02-02T10:21:05.737,"{""sensor"":{""time"":1014411,""status"":true,""class:"":2}}"
2026-02-02T10:21:05.825,"{""sensor"":{""time"":1014526,""status"":true,""class:"":2}}"
2026-02-02T10:21:05.961,"{""sensor"":{""time"":1014642,""status"":true,""class:"":2}}"
2026-02-02T10:21:06.050,"{""sensor"":{""time"":1014757,""status"":true,""class:"":2}}"
2026-02-02T10:21:06.186,"{""sensor"":{""time"":1014872,""status"":true,""class:"":2}}"
2026-02-02T10:21:06.365,"{""sensor"":{""time"":1014988,""status"":true,""class:"":2}}"
2026-02-02T10:21:06.457,"{""sensor"":{""time"":1015103,""status"":true,""class:"":2}}"
2026-02-02T10:21:06.545,"{""sensor"":{""time"":1015218,""status"":true,""class:"":2}}"
2026-02-02T10:21:06.636,"{""sensor"":{""time"":1015334,""status"":true,""class:"":2}}"
2026-02-02T10:21:06.772,"{""sensor"":{""time"":1015449,""status"":true,""class:"":2}}"
2026-02-02T10:21:06.861,"{""sensor"":{""time"":1015564,""status"":true,""class:"":2}}"
2026-02-02T10:21:06.996,"{""sensor"":{""time"":1015680,""status"":true,""class:"":2}}"
2026-02-02T10:21:07.131,"{""sensor"":{""time"":1015795,""status"":true,""class:"":2}}"
2026-02-02T10:21:07.220,"{""sensor"":{""time"":1015910,""status"":true,""class:"":2}}"
2026-02-02T10:21:07.356,"{""sensor"":{""time"":1016026,""status"":true,""class:"":2}}"
2026-02-02T10:21:07.490,"{""sensor"":{""time"":1016141,""status"":true,""class:"":2}}"
2026-02-02T10:21:07.583,"{""sensor"":{""time"":1016256,""status"":true,""class:"":2}}"
2026-02-02T10:21:07.670,"{""sensor"":{""time"":1016372,""status"":true,""class:"":2}}"
2026-02-02T10:21:07.806,"{""sensor"":{""time"":1016487,""status"":true,""class:"":2}}"
2026-02-02T10:21:07.895,"{""sensor"":{""time"":1016602,""status"":true,""class:"":2}}"
2026-02-02T10:21:08.077,"{""sensor"":{""time"":1016718,""status"":true,""class:"":2}}"
2026-02-02T10:21:08.166,"{""sensor"":{""time"":1016833,""status"":true,""class:"":2}}"
2026-02-02T10:21:08.256,"{""sensor"":{""time"":1016948,""status"":true,""class:"":2}}"
2026-02-02T10:21:08.391,"{""sensor"":{""time"":1017064,""status"":true,""class:"":2}}"
2026-02-02T10:21:08.481,"{""sensor"":{""time"":1017179,""status"":true,""class:"":2}}"
2026-02-02T10:21:08.616,"{""sensor"":{""time"":1017294,""status"":true,""class:"":2}}"
2026-02-02T10:21:08.705,"{""sensor"":{""time"":1017410,""status"":true,""class:"":2}}"
2026-02-02T10:21:08.931,"{""sensor"":{""time"":1017525,""status"":true,""class:"":2}}"
2026-02-02T10:21:09.021,"{""sensor"":{""time"":1017640,""status"":true,""class:"":2}}"
2026-02-02T10:21:09.110,"{""sensor"":{""time"":1017755,""status"":true,""class:"":2}}"
2026-02-02T10:21:09.201,"{""sensor"":{""time"":1017871,""status"":true,""class:"":2}}"
2026-02-02T10:21:09.291,"{""sensor"":{""time"":1017986,""status"":true,""class:"":2}}"
2026-02-02T10:21:09.425,"{""sensor"":{""time"":1018102,""status"":true,""class:"":2}}"
2026-02-02T10:21:09.516,"{""sensor"":{""time"":1018217,""status"":true,""class:"":2}}"
2026-02-02T10:21:09.653,"{""sensor"":{""time"":1018332,""status"":true,""class:"":2}}"
2026-02-02T10:21:09.740,"{""sensor"":{""time"":1018448,""status"":true,""class:"":2}}"
2026-02-02T10:21:09.876,"{""sensor"":{""time"":1018563,""status"":true,""class:"":2}}"
2026-02-02T10:21:10.011,"{""sensor"":{""time"":1018678,""status"":true,""class:"":2}}"
2026-02-02T10:21:10.100,"{""sensor"":{""time"":1018794,""status"":true,""class:"":2}}"
2026-02-02T10:21:10.237,"{""sensor"":{""time"":1018909,""status"":true,""class:"":2}}"
2026-02-02T10:21:10.326,"{""sensor"":{""time"":1019024,""status"":true,""class:"":2}}"
2026-02-02T10:21:10.462,"{""sensor"":{""time"":1019140,""status"":true,""class:"":2}}"
2026-02-02T10:21:10.550,"{""sensor"":{""time"":1019255,""status"":true,""class:"":2}}"
2026-02-02T10:21:10.731,"{""sensor"":{""time"":1019370,""status"":true,""class:"":2}}"
2026-02-02T10:21:10.820,"{""sensor"":{""time"":1019485,""status"":true,""class:"":2}}"
2026-02-02T10:21:10.911,"{""sensor"":{""time"":1019601,""status"":true,""class:"":2}}"
2026-02-02T10:21:11.047,"{""sensor"":{""time"":1019716,""status"":true,""class:"":2}}"
2026-02-02T10:21:11.136,"{""sensor"":{""time"":1019832,""status"":true,""class:"":2}}"
2026-02-02T10:21:11.271,"{""sensor"":{""time"":1019947,""status"":true,""class:"":2}}"
2026-02-02T10:21:11.406,"{""sensor"":{""time"":1020062,""status"":true,""class:"":2}}"
2026-02-02T10:21:11.495,"{""sensor"":{""time"":1020177,""status"":true,""class:"":2}}"
2026-02-02T10:21:11.586,"{""sensor"":{""time"":1020293,""status"":true,""class:"":2}}"
2026-02-02T10:21:11.720,"{""sensor"":{""time"":1020408,""status"":true,""class:"":2}}"
2026-02-02T10:21:11.856,"{""sensor"":{""time"":1020524,""status"":true,""class:"":2}}"
2026-02-02T10:21:11.946,"{""sensor"":{""time"":1020639,""status"":true,""class:"":2}}"
2026-02-02T10:21:12.080,"{""sensor"":{""time"":1020754,""status"":true,""class:"":2}}"
2026-02-02T10:21:12.170,"{""sensor"":{""time"":1020869,""status"":true,""class:"":2}}"
2026-02-02T10:21:12.306,"{""sensor"":{""time"":1020985,""status"":true,""class:"":2}}"
2026-02-02T10:21:12.395,"{""sensor"":{""time"":1021100,""status"":true,""class:"":2}}"
2026-02-02T10:21:12.530,"{""sensor"":{""time"":1021215,""status"":true,""class:"":2}}"
2026-02-02T10:21:12.666,"{""sensor"":{""time"":1021331,""status"":true,""class:"":2}}"
2026-02-02T10:21:12.755,"{""sensor"":{""time"":1021446,""status"":true,""class:"":2}}"
2026-02-02T10:21:12.890,"{""sensor"":{""time"":1021561,""status"":true,""class:"":2}}"
2026-02-02T10:21:12.980,"{""sensor"":{""time"":1021677,""status"":true,""class:"":2}}"
2026-02-02T10:21:13.116,"{""sensor"":{""time"":1021792,""status"":true,""class:"":2}}"
2026-02-02T10:21:13.251,"{""sensor"":{""time"":1021907,""status"":true,""class:"":2}}"
2026-02-02T10:21:13.340,"{""sensor"":{""time"":1022023,""status"":true,""class:"":2}}"
2026-02-02T10:21:13.431,"{""sensor"":{""time"":1022138,""status"":true,""class:"":2}}"
2026-02-02T10:21:13.565,"{""sensor"":{""time"":1022253,""status"":true,""class:"":2}}"
2026-02-02T10:21:13.700,"{""sensor"":{""time"":1022369,""status"":true,""class:"":2}}"
2026-02-02T10:21:13.882,"{""sensor"":{""time"":1022484,""status"":true,""class:"":2}}"
2026-02-02T10:21:13.971,"{""sensor"":{""time"":1022599,""status"":true,""class:"":2}}"
2026-02-02T10:21:14.061,"{""sensor"":{""time"":1022715,""status"":true,""class:"":2}}"
2026-02-02T10:21:14.151,"{""sensor"":{""time"":1022830,""status"":true,""class:"":2}}"
2026-02-02T10:21:14.240,"{""sensor"":{""time"":1022945,""status"":true,""class:"":2}}"
2026-02-02T10:21:14.375,"{""sensor"":{""time"":1023060,""status"":true,""class:"":2}}"
2026-02-02T10:21:14.511,"{""sensor"":{""time"":1023176,""status"":true,""class:"":2}}"
2026-02-02T10:21:14.600,"{""sensor"":{""time"":1023291,""status"":true,""class:"":2}}"
2026-02-02T10:21:14.736,"{""sensor"":{""time"":1023407,""status"":true,""class:"":2}}"
2026-02-02T10:21:14.825,"{""sensor"":{""time"":1023522,""status"":true,""class:"":2}}"
2026-02-02T10:21:14.961,"{""sensor"":{""time"":1023637,""status"":true,""class:"":2}}"
2026-02-02T10:21:15.050,"{""sensor"":{""time"":1023753,""status"":true,""class:"":2}}"
2026-02-02T10:21:15.186,"{""sensor"":{""time"":1023868,""status"":true,""class:"":2}}"
2026-02-02T10:21:15.275,"{""sensor"":{""time"":1023983,""status"":true,""class:"":2}}"
2026-02-02T10:21:15.412,"{""sensor"":{""time"":1024099,""status"":true,""class:"":2}}"
2026-02-02T10:21:15.546,"{""sensor"":{""time"":1024214,""status"":true,""class:"":2}}"
2026-02-02T10:21:15.637,"{""sensor"":{""time"":1024331,""status"":true,""class:"":2}}"
2026-02-02T10:21:15.771,"{""sensor"":{""time"":1024446,""status"":true,""class:"":2}}"
2026-02-02T10:21:15.861,"{""sensor"":{""time"":1024562,""status"":true,""class:"":2}}"
2026-02-02T10:21:16.041,"{""sensor"":{""time"":1024678,""status"":true,""class:"":2}}"
2026-02-02T10:21:16.130,"{""sensor"":{""time"":1024794,""status"":true,""class:"":2}}"
2026-02-02T10:21:16.222,"{""sensor"":{""time"":1024910,""status"":true,""class:"":2}}"
2026-02-02T10:21:16.400,"{""sensor"":{""time"":1025025,""status"":true,""class:"":2}}"
2026-02-02T10:21:16.490,"{""sensor"":{""time"":1025140,""status"":true,""class:"":2}}"
2026-02-02T10:21:16.581,"{""sensor"":{""time"":1025256,""status"":true,""class:"":2}}"
2026-02-02T10:21:16.807,"{""sensor"":{""time"":1025372,""status"":true,""class:"":2}}"
2026-02-02T10:21:16.894,"{""sensor"":{""time"":1025488,""status"":true,""class:"":2}}"
2026-02-02T10:21:16.940,"{""sensor"":{""time"":1025604,""status"":true,""class:"":2}}"
2026-02-02T10:21:17.076,"{""sensor"":{""time"":1025719,""status"":true,""class:"":2}}"
2026-02-02T10:21:17.165,"{""sensor"":{""time"":1025835,""status"":true,""class:"":2}}"
2026-02-02T10:21:17.255,"{""sensor"":{""time"":1025951,""status"":true,""class:"":2}}"
2026-02-02T10:21:17.391,"{""sensor"":{""time"":1026066,""status"":true,""class:"":2}}"
2026-02-02T10:21:17.480,"{""sensor"":{""time"":1026182,""status"":true,""class:"":2}}"
2026-02-02T10:21:17.616,"{""sensor"":{""time"":1026298,""status"":true,""class:"":2}}"
2026-02-02T10:21:17.705,"{""sensor"":{""time"":1026414,""status"":true,""class:"":2}}"
2026-02-02T10:21:17.840,"{""sensor"":{""time"":1026529,""status"":true,""class:"":2}}"
2026-02-02T10:21:17.976,"{""sensor"":{""time"":1026645,""status"":true,""class:"":2}}"
2026-02-02T10:21:18.111,"{""sensor"":{""time"":1026761,""status"":true,""class:"":2}}"
2026-02-02T10:21:18.201,"{""sensor"":{""time"":1026877,""status"":true,""class:"":2}}"
2026-02-02T10:21:18.291,"{""sensor"":{""time"":1026992,""status"":true,""class:"":2}}"
2026-02-02T10:21:18.425,"{""sensor"":{""time"":1027108,""status"":true,""class:"":2}}"
2026-02-02T10:21:18.515,"{""sensor"":{""time"":1027223,""status"":true,""class:"":2}}"
2026-02-02T10:21:18.651,"{""sensor"":{""time"":1027339,""status"":true,""class:"":2}}"
2026-02-02T10:21:18.790,"{""sensor"":{""time"":1027455,""status"":true,""class:"":2}}"
2026-02-02T10:21:18.920,"{""sensor"":{""time"":1027571,""status"":true,""class:"":2}}"
2026-02-02T10:21:19.010,"{""sensor"":{""time"":1027687,""status"":true,""class:"":2}}"
2026-02-02T10:21:19.101,"{""sensor"":{""time"":1027802,""status"":true,""class:"":2}}"
2026-02-02T10:21:19.236,"{""sensor"":{""time"":1027918,""status"":true,""class:"":2}}"
2026-02-02T10:21:19.326,"{""sensor"":{""time"":1028033,""status"":true,""class:"":2}}"
2026-02-02T10:21:19.461,"{""sensor"":{""time"":1028149,""status"":true,""class:"":2}}"
2026-02-02T10:21:19.596,"{""sensor"":{""time"":1028265,""status"":true,""class:"":2}}"
2026-02-02T10:21:19.686,"{""sensor"":{""time"":1028380,""status"":true,""class:"":2}}"
2026-02-02T10:21:19.821,"{""sensor"":{""time"":1028496,""status"":true,""class:"":2}}"
2026-02-02T10:21:19.910,"{""sensor"":{""time"":1028612,""status"":true,""class:"":2}}"
2026-02-02T10:21:20.046,"{""sensor"":{""time"":1028728,""status"":true,""class:"":2}}"
2026-02-02T10:21:20.180,"{""sensor"":{""time"":1028844,""status"":true,""class:"":2}}"
2026-02-02T10:21:20.269,"{""sensor"":{""time"":1028959,""status"":true,""class:"":2}}"
2026-02-02T10:21:20.405,"{""sensor"":{""time"":1029074,""status"":true,""class:"":2}}"
2026-02-02T10:21:20.496,"{""sensor"":{""time"":1029190,""status"":true,""class:"":2}}"
2026-02-02T10:21:20.632,"{""sensor"":{""time"":1029306,""status"":true,""class:"":2}}"
2026-02-02T10:21:20.720,"{""sensor"":{""time"":1029421,""status"":true,""class:"":2}}"
2026-02-02T10:21:20.856,"{""sensor"":{""time"":1029538,""status"":true,""class:"":2}}"
2026-02-02T10:21:20.946,"{""sensor"":{""time"":1029653,""status"":true,""class:"":2}}"
2026-02-02T10:21:21.083,"{""sensor"":{""time"":1029769,""status"":true,""class:"":2}}"
2026-02-02T10:21:21.218,"{""sensor"":{""time"":1029884,""status"":true,""class:"":2}}"
2026-02-02T10:21:21.396,"{""sensor"":{""time"":1030000,""status"":true,""class:"":2}}"
2026-02-02T10:21:21.486,"{""sensor"":{""time"":1030115,""status"":true,""class:"":2}}"
2026-02-02T10:21:21.576,"{""sensor"":{""time"":1030231,""status"":true,""class:"":2}}"
2026-02-02T10:21:21.665,"{""sensor"":{""time"":1030347,""status"":true,""class:"":2}}"
2026-02-02T10:21:21.757,"{""sensor"":{""time"":1030463,""status"":true,""class:"":2}}"
2026-02-02T10:21:21.892,"{""sensor"":{""time"":1030579,""status"":true,""class:"":2}}"
2026-02-02T10:21:22.024,"{""sensor"":{""time"":1030695,""status"":true,""class:"":2}}"
2026-02-02T10:21:22.115,"{""sensor"":{""time"":1030810,""status"":true,""class:"":2}}"
2026-02-02T10:21:22.297,"{""sensor"":{""time"":1030926,""status"":true,""class:"":2}}"
2026-02-02T10:21:22.385,"{""sensor"":{""time"":1031041,""status"":true,""class:"":2}}"
2026-02-02T10:21:22.474,"{""sensor"":{""time"":1031157,""status"":true,""class:"":2}}"
2026-02-02T10:21:22.655,"{""sensor"":{""time"":1031273,""status"":true,""class:"":2}}"
2026-02-02T10:21:22.745,"{""sensor"":{""time"":1031389,""status"":true,""class:"":2}}"
2026-02-02T10:21:22.836,"{""sensor"":{""time"":1031505,""status"":true,""class:"":2}}"
2026-02-02T10:21:22.925,"{""sensor"":{""time"":1031621,""status"":true,""class:"":2}}"
2026-02-02T10:21:23.060,"{""sensor"":{""time"":1031736,""status"":true,""class:"":2}}"
2026-02-02T10:21:23.151,"{""sensor"":{""time"":1031852,""status"":true,""class:"":2}}"
2026-02-02T10:21:23.285,"{""sensor"":{""time"":1031968,""status"":true,""class:"":2}}"
2026-02-02T10:21:23.374,"{""sensor"":{""time"":1032083,""status"":true,""class:"":2}}"
2026-02-02T10:21:23.510,"{""sensor"":{""time"":1032199,""status"":true,""class:"":2}}"
2026-02-02T10:21:23.644,"{""sensor"":{""time"":1032315,""status"":true,""class:"":2}}"
2026-02-02T10:21:23.735,"{""sensor"":{""time"":1032431,""status"":true,""class:"":2}}"
2026-02-02T10:21:23.914,"{""sensor"":{""time"":1032547,""status"":true,""class:"":2}}"
2026-02-02T10:21:24.004,"{""sensor"":{""time"":1032662,""status"":true,""class:"":2}}"
2026-02-02T10:21:24.095,"{""sensor"":{""time"":1032778,""status"":true,""class:"":2}}"
2026-02-02T10:21:24.185,"{""sensor"":{""time"":1032894,""status"":true,""class:"":2}}"
2026-02-02T10:21:24.321,"{""sensor"":{""time"":1033009,""status"":true,""class:"":2}}"
2026-02-02T10:21:24.544,"{""sensor"":{""time"":1033124,""status"":true,""class:"":2}}"
2026-02-02T10:21:24.590,"{""sensor"":{""time"":1033240,""status"":true,""class:"":2}}"
2026-02-02T10:21:24.679,"{""sensor"":{""time"":1033356,""status"":true,""class:"":2}}"
2026-02-02T10:21:24.770,"{""sensor"":{""time"":1033472,""status"":true,""class:"":2}}"
2026-02-02T10:21:24.950,"{""sensor"":{""time"":1033588,""status"":true,""class:"":2}}"
2026-02-02T10:21:25.040,"{""sensor"":{""time"":1033704,""status"":true,""class:"":2}}"
2026-02-02T10:21:25.130,"{""sensor"":{""time"":1033820,""status"":true,""class:"":2}}"
2026-02-02T10:21:25.266,"{""sensor"":{""time"":1033935,""status"":true,""class:"":2}}"
2026-02-02T10:21:25.355,"{""sensor"":{""time"":1034050,""status"":true,""class:"":2}}"
2026-02-02T10:21:25.489,"{""sensor"":{""time"":1034166,""status"":true,""class:"":2}}"
2026-02-02T10:21:25.579,"{""sensor"":{""time"":1034282,""status"":true,""class:"":2}}"
2026-02-02T10:21:25.715,"{""sensor"":{""time"":1034398,""status"":true,""class:"":2}}"
2026-02-02T10:21:25.805,"{""sensor"":{""time"":1034514,""status"":true,""class:"":2}}"
2026-02-02T10:21:25.940,"{""sensor"":{""time"":1034629,""status"":true,""class:"":2}}"
2026-02-02T10:21:26.074,"{""sensor"":{""time"":1034745,""status"":true,""class:"":2}}"
2026-02-02T10:21:26.166,"{""sensor"":{""time"":1034861,""status"":true,""class:"":2}}"
2026-02-02T10:21:26.305,"{""sensor"":{""time"":1034976,""status"":true,""class:"":2}}"
2026-02-02T10:21:26.436,"{""sensor"":{""time"":1035092,""status"":true,""class:"":2}}"
2026-02-02T10:21:26.525,"{""sensor"":{""time"":1035208,""status"":true,""class:"":2}}"
2026-02-02T10:21:26.615,"{""sensor"":{""time"":1035324,""status"":true,""class:"":2}}"
2026-02-02T10:21:26.794,"{""sensor"":{""time"":1035440,""status"":true,""class:"":2}}"
2026-02-02T10:21:26.885,"{""sensor"":{""time"":1035555,""status"":true,""class:"":2}}"
2026-02-02T10:21:26.976,"{""sensor"":{""time"":1035672,""status"":true,""class:"":2}}"
2026-02-02T10:21:27.109,"{""sensor"":{""time"":1035787,""status"":true,""class:"":2}}"
2026-02-02T10:21:27.201,"{""sensor"":{""time"":1035903,""status"":true,""class:"":2}}"
2026-02-02T10:21:27.336,"{""sensor"":{""time"":1036018,""status"":true,""class:"":2}}"
2026-02-02T10:21:27.425,"{""sensor"":{""time"":1036134,""status"":true,""class:"":2}}"
2026-02-02T10:21:27.559,"{""sensor"":{""time"":1036250,""status"":true,""class:"":2}}"
2026-02-02T10:21:27.696,"{""sensor"":{""time"":1036365,""status"":true,""class:"":2}}"
2026-02-02T10:21:27.785,"{""sensor"":{""time"":1036481,""status"":true,""class:"":2}}"
2026-02-02T10:21:27.965,"{""sensor"":{""time"":1036597,""status"":true,""class:"":2}}"
2026-02-02T10:21:28.056,"{""sensor"":{""time"":1036713,""status"":true,""class:"":2}}"
2026-02-02T10:21:28.145,"{""sensor"":{""time"":1036829,""status"":true,""class:"":2}}"
2026-02-02T10:21:28.235,"{""sensor"":{""time"":1036944,""status"":true,""class:"":2}}"
2026-02-02T10:21:28.370,"{""sensor"":{""time"":1037059,""status"":true,""class:"":2}}"
2026-02-02T10:21:28.506,"{""sensor"":{""time"":1037175,""status"":true,""class:"":2}}"
2026-02-02T10:21:28.639,"{""sensor"":{""time"":1037291,""status"":true,""class:"":2}}"
2026-02-02T10:21:28.821,"{""sensor"":{""time"":1037406,""status"":true,""class:"":2}}"
2026-02-02T10:21:28.909,"{""sensor"":{""time"":1037522,""status"":true,""class:"":2}}"
2026-02-02T10:21:29.045,"{""sensor"":{""time"":1037638,""status"":true,""class:"":2}}"
2026-02-02T10:21:29.135,"{""sensor"":{""time"":1037754,""status"":true,""class:"":2}}"
2026-02-02T10:21:29.226,"{""sensor"":{""time"":1037870,""status"":true,""class:"":2}}"
2026-02-02T10:21:29.315,"{""sensor"":{""time"":1037985,""status"":true,""class:"":2}}"
2026-02-02T10:21:29.450,"{""sensor"":{""time"":1038100,""status"":true,""class:"":2}}"
2026-02-02T10:21:29.540,"{""sensor"":{""time"":1038216,""status"":true,""class:"":2}}"
2026-02-02T10:21:29.629,"{""sensor"":{""time"":1038332,""status"":true,""class:"":2}}"
2026-02-02T10:21:29.810,"{""sensor"":{""time"":1038448,""status"":true,""class:"":2}}"
2026-02-02T10:21:29.900,"{""sensor"":{""time"":1038564,""status"":true,""class:"":2}}"
2026-02-02T10:21:29.990,"{""sensor"":{""time"":1038680,""status"":true,""class:"":2}}"
2026-02-02T10:21:30.169,"{""sensor"":{""time"":1038795,""status"":true,""class:"":2}}"
2026-02-02T10:21:30.260,"{""sensor"":{""time"":1038911,""status"":true,""class:"":2}}"
2026-02-02T10:21:30.349,"{""sensor"":{""time"":1039026,""status"":true,""class:"":2}}"
2026-02-02T10:21:30.440,"{""sensor"":{""time"":1039142,""status"":true,""class:"":2}}"
2026-02-02T10:21:30.574,"{""sensor"":{""time"":1039258,""status"":true,""class:"":2}}"
2026-02-02T10:21:30.666,"{""sensor"":{""time"":1039374,""status"":true,""class:"":2}}"
2026-02-02T10:21:30.799,"{""sensor"":{""time"":1039490,""status"":true,""class:"":2}}"
2026-02-02T10:21:30.935,"{""sensor"":{""time"":1039606,""status"":true,""class:"":2}}"
2026-02-02T10:21:31.025,"{""sensor"":{""time"":1039721,""status"":true,""class:"":2}}"
2026-02-02T10:21:31.161,"{""sensor"":{""time"":1039837,""status"":true,""class:"":2}}"
2026-02-02T10:21:31.294,"{""sensor"":{""time"":1039953,""status"":true,""class:"":2}}"
2026-02-02T10:21:31.430,"{""sensor"":{""time"":1040068,""status"":true,""class:"":2}}"
2026-02-02T10:21:31.520,"{""sensor"":{""time"":1040184,""status"":true,""class:"":2}}"
2026-02-02T10:21:31.609,"{""sensor"":{""time"":1040300,""status"":true,""class:"":2}}"
2026-02-02T10:21:31.745,"{""sensor"":{""time"":1040415,""status"":true,""class:"":2}}"
2026-02-02T10:21:31.835,"{""sensor"":{""time"":1040531,""status"":true,""class:"":2}}"
2026-02-02T10:21:32.015,"{""sensor"":{""time"":1040647,""status"":true,""class:"":2}}"
2026-02-02T10:21:32.106,"{""sensor"":{""time"":1040763,""status"":true,""class:"":2}}"
2026-02-02T10:21:32.196,"{""sensor"":{""time"":1040878,""status"":true,""class:"":2}}"
2026-02-02T10:21:32.285,"{""sensor"":{""time"":1040994,""status"":true,""class:"":2}}"
2026-02-02T10:21:32.419,"{""sensor"":{""time"":1041109,""status"":true,""class:"":2}}"
2026-02-02T10:21:32.555,"{""sensor"":{""time"":1041225,""status"":true,""class:"":2}}"
2026-02-02T10:21:32.690,"{""sensor"":{""time"":1041341,""status"":true,""class:"":2}}"
2026-02-02T10:21:32.825,"{""sensor"":{""time"":1041456,""status"":true,""class:"":2}}"
2026-02-02T10:21:32.914,"{""sensor"":{""time"":1041572,""status"":true,""class:"":2}}"
2026-02-02T10:21:33.005,"{""sensor"":{""time"":1041688,""status"":true,""class:"":2}}"
2026-02-02T10:21:33.097,"{""sensor"":{""time"":1041804,""status"":true,""class:"":2}}"
2026-02-02T10:21:33.229,"{""sensor"":{""time"":1041920,""status"":true,""class:"":2}}"
2026-02-02T10:21:33.365,"{""sensor"":{""time"":1042035,""status"":true,""class:"":2}}"
2026-02-02T10:21:33.455,"{""sensor"":{""time"":1042151,""status"":true,""class:"":2}}"
2026-02-02T10:21:33.590,"{""sensor"":{""time"":1042266,""status"":true,""class:"":2}}"
2026-02-02T10:21:33.681,"{""sensor"":{""time"":1042382,""status"":true,""class:"":2}}"
2026-02-02T10:21:33.904,"{""sensor"":{""time"":1042498,""status"":true,""class:"":2}}"
2026-02-02T10:21:33.951,"{""sensor"":{""time"":1042614,""status"":true,""class:"":2}}"
2026-02-02T10:21:34.041,"{""sensor"":{""time"":1042730,""status"":true,""class:"":2}}"
2026-02-02T10:21:34.174,"{""sensor"":{""time"":1042845,""status"":true,""class:"":2}}"
2026-02-02T10:21:34.265,"{""sensor"":{""time"":1042961,""status"":true,""class:"":2}}"
2026-02-02T10:21:34.400,"{""sensor"":{""time"":1043076,""status"":true,""class:"":2}}"
2026-02-02T10:21:34.490,"{""sensor"":{""time"":1043192,""status"":true,""class:"":2}}"
2026-02-02T10:21:34.626,"{""sensor"":{""time"":1043308,""status"":true,""class:"":2}}"
2026-02-02T10:21:34.804,"{""sensor"":{""time"":1043424,""status"":true,""class:"":2}}"
2026-02-02T10:21:34.895,"{""sensor"":{""time"":1043539,""status"":true,""class:"":2}}"
2026-02-02T10:21:34.985,"{""sensor"":{""time"":1043655,""status"":true,""class:"":2}}"
2026-02-02T10:21:35.074,"{""sensor"":{""time"":1043771,""status"":true,""class:"":2}}"
2026-02-02T10:21:35.210,"{""sensor"":{""time"":1043887,""status"":true,""class:"":2}}"
2026-02-02T10:21:35.300,"{""sensor"":{""time"":1044002,""status"":true,""class:"":2}}"
2026-02-02T10:21:35.435,"{""sensor"":{""time"":1044118,""status"":true,""class:"":2}}"
2026-02-02T10:21:35.524,"{""sensor"":{""time"":1044233,""status"":true,""class:"":2}}"
2026-02-02T10:21:35.705,"{""sensor"":{""time"":1044349,""status"":true,""class:"":2}}"
2026-02-02T10:21:35.795,"{""sensor"":{""time"":1044465,""status"":true,""class:"":2}}"
2026-02-02T10:21:35.930,"{""sensor"":{""time"":1044581,""status"":true,""class:"":2}}"
2026-02-02T10:21:36.019,"{""sensor"":{""time"":1044696,""status"":true,""class:"":2}}"
2026-02-02T10:21:36.109,"{""sensor"":{""time"":1044812,""status"":true,""class:"":2}}"
2026-02-02T10:21:36.244,"{""sensor"":{""time"":1044928,""status"":true,""class:"":2}}"
2026-02-02T10:21:36.425,"{""sensor"":{""time"":1045043,""status"":true,""class:"":2}}"
2026-02-02T10:21:36.515,"{""sensor"":{""time"":1045159,""status"":true,""class:"":2}}"
2026-02-02T10:21:36.605,"{""sensor"":{""time"":1045275,""status"":true,""class:"":2}}"
2026-02-02T10:21:36.694,"{""sensor"":{""time"":1045390,""status"":true,""class:"":2}}"
2026-02-02T10:21:36.830,"{""sensor"":{""time"":1045506,""status"":true,""class:"":2}}"
2026-02-02T10:21:36.920,"{""sensor"":{""time"":1045622,""status"":true,""class:"":2}}"
2026-02-02T10:21:37.055,"{""sensor"":{""time"":1045738,""status"":true,""class:"":2}}"
2026-02-02T10:21:37.144,"{""sensor"":{""time"":1045854,""status"":true,""class:"":2}}"
2026-02-02T10:21:37.279,"{""sensor"":{""time"":1045969,""status"":true,""class:"":2}}"
2026-02-02T10:21:37.415,"{""sensor"":{""time"":1046084,""status"":true,""class:"":2}}"
2026-02-02T10:21:37.551,"{""sensor"":{""time"":1046200,""status"":true,""class:"":2}}"
2026-02-02T10:21:37.640,"{""sensor"":{""time"":1046316,""status"":true,""class:"":2}}"
2026-02-02T10:21:37.731,"{""sensor"":{""time"":1046432,""status"":true,""class:"":2}}"
2026-02-02T10:21:37.865,"{""sensor"":{""time"":1046548,""status"":true,""class:"":2}}"
2026-02-02T10:21:37.956,"{""sensor"":{""time"":1046664,""status"":true,""class:"":2}}"
2026-02-02T10:21:38.090,"{""sensor"":{""time"":1046779,""status"":true,""class:"":2}}"
2026-02-02T10:21:38.225,"{""sensor"":{""time"":1046895,""status"":true,""class:"":2}}"
2026-02-02T10:21:38.360,"{""sensor"":{""time"":1047010,""status"":true,""class:"":2}}"
2026-02-02T10:21:38.495,"{""sensor"":{""time"":1047126,""status"":true,""class:"":2}}"
2026-02-02T10:21:38.585,"{""sensor"":{""time"":1047242,""status"":true,""class:"":2}}"
2026-02-02T10:21:38.675,"{""sensor"":{""time"":1047358,""status"":true,""class:"":2}}"
2026-02-02T10:21:38.765,"{""sensor"":{""time"":1047474,""status"":true,""class:"":2}}"
2026-02-02T10:21:38.944,"{""sensor"":{""time"":1047590,""status"":true,""class:"":2}}"
2026-02-02T10:21:39.035,"{""sensor"":{""time"":1047706,""status"":true,""class:"":2}}"
2026-02-02T10:21:39.124,"{""sensor"":{""time"":1047821,""status"":true,""class:"":2}}"
2026-02-02T10:21:39.261,"{""sensor"":{""time"":1047937,""status"":true,""class:"":2}}"
2026-02-02T10:21:39.350,"{""sensor"":{""time"":1048052,""status"":true,""class:"":2}}"
2026-02-02T10:21:39.485,"{""sensor"":{""time"":1048168,""status"":true,""class:"":2}}"
2026-02-02T10:21:39.575,"{""sensor"":{""time"":1048284,""status"":true,""class:"":2}}"
2026-02-02T10:21:39.710,"{""sensor"":{""time"":1048399,""status"":true,""class:"":2}}"
2026-02-02T10:21:39.846,"{""sensor"":{""time"":1048515,""status"":true,""class:"":2}}"
2026-02-02T10:21:39.935,"{""sensor"":{""time"":1048631,""status"":true,""class:"":2}}"
2026-02-02T10:21:40.070,"{""sensor"":{""time"":1048747,""status"":true,""class:"":2}}"
2026-02-02T10:21:40.161,"{""sensor"":{""time"":1048863,""status"":true,""class:"":2}}"
2026-02-02T10:21:40.294,"{""sensor"":{""time"":1048978,""status"":true,""class:"":2}}"
2026-02-02T10:21:40.385,"{""sensor"":{""time"":1049094,""status"":true,""class:"":2}}"
2026-02-02T10:21:40.520,"{""sensor"":{""time"":1049209,""status"":true,""class:"":2}}"
2026-02-02T10:21:40.655,"{""sensor"":{""time"":1049325,""status"":true,""class:"":2}}"
2026-02-02T10:21:40.745,"{""sensor"":{""time"":1049441,""status"":true,""class:"":2}}"
2026-02-02T10:21:40.880,"{""sensor"":{""time"":1049557,""status"":true,""class:"":2}}"
2026-02-02T10:21:40.970,"{""sensor"":{""time"":1049672,""status"":true,""class:"":2}}"
2026-02-02T10:21:41.105,"{""sensor"":{""time"":1049789,""status"":true,""class:"":2}}"
2026-02-02T10:21:41.194,"{""sensor"":{""time"":1049904,""status"":true,""class:"":2}}"
2026-02-02T10:21:41.375,"{""sensor"":{""time"":1050019,""status"":true,""class:"":2}}"
2026-02-02T10:21:41.465,"{""sensor"":{""time"":1050135,""status"":true,""class:"":2}}"
2026-02-02T10:21:41.555,"{""sensor"":{""time"":1050251,""status"":true,""class:"":2}}"
2026-02-02T10:21:41.690,"{""sensor"":{""time"":1050366,""status"":true,""class:"":2}}"
2026-02-02T10:21:41.824,"{""sensor"":{""time"":1050482,""status"":true,""class:"":2}}"
2026-02-02T10:21:41.914,"{""sensor"":{""time"":1050598,""status"":true,""class:"":2}}"
2026-02-02T10:21:42.005,"{""sensor"":{""time"":1050714,""status"":true,""class:"":2}}"
2026-02-02T10:21:42.139,"{""sensor"":{""time"":1050829,""status"":true,""class:"":2}}"
2026-02-02T10:21:42.275,"{""sensor"":{""time"":1050945,""status"":true,""class:"":2}}"
2026-02-02T10:21:42.364,"{""sensor"":{""time"":1051060,""status"":true,""class:"":2}}"
2026-02-02T10:21:42.500,"{""sensor"":{""time"":1051176,""status"":true,""class:"":2}}"
2026-02-02T10:21:42.589,"{""sensor"":{""time"":1051292,""status"":true,""class:"":2}}"
2026-02-02T10:21:42.726,"{""sensor"":{""time"":1051408,""status"":true,""class:"":2}}"
2026-02-02T10:21:42.859,"{""sensor"":{""time"":1051524,""status"":true,""class:"":2}}"
2026-02-02T10:21:42.949,"{""sensor"":{""time"":1051640,""status"":true,""class:"":2}}"
2026-02-02T10:21:43.085,"{""sensor"":{""time"":1051755,""status"":true,""class:"":2}}"
2026-02-02T10:21:43.175,"{""sensor"":{""time"":1051871,""status"":true,""class:"":2}}"
2026-02-02T10:21:43.310,"{""sensor"":{""time"":1051986,""status"":true,""class:"":2}}"
2026-02-02T10:21:43.399,"{""sensor"":{""time"":1052102,""status"":true,""class:"":2}}"
2026-02-02T10:21:43.535,"{""sensor"":{""time"":1052218,""status"":true,""class:"":2}}"
2026-02-02T10:21:43.625,"{""sensor"":{""time"":1052334,""status"":true,""class:"":2}}"
2026-02-02T10:21:43.760,"{""sensor"":{""time"":1052449,""status"":true,""class:"":2}}"
2026-02-02T10:21:43.940,"{""sensor"":{""time"":1052565,""status"":true,""class:"":2}}"
2026-02-02T10:21:44.029,"{""sensor"":{""time"":1052681,""status"":true,""class:"":2}}"
2026-02-02T10:21:44.119,"{""sensor"":{""time"":1052797,""status"":true,""class:"":2}}"
2026-02-02T10:21:44.209,"{""sensor"":{""time"":1052912,""status"":true,""class:"":2}}"
2026-02-02T10:21:44.345,"{""sensor"":{""time"":1053028,""status"":true,""class:"":2}}"
2026-02-02T10:21:44.435,"{""sensor"":{""time"":1053143,""status"":true,""class:"":2}}"
2026-02-02T10:21:44.570,"{""sensor"":{""time"":1053259,""status"":true,""class:"":2}}"
2026-02-02T10:21:44.704,"{""sensor"":{""time"":1053375,""status"":true,""class:"":2}}"
2026-02-02T10:21:44.795,"{""sensor"":{""time"":1053490,""status"":true,""class:"":2}}"
2026-02-02T10:21:44.929,"{""sensor"":{""time"":1053606,""status"":true,""class:"":2}}"
2026-02-02T10:21:45.020,"{""sensor"":{""time"":1053722,""status"":true,""class:"":2}}"
2026-02-02T10:21:45.155,"{""sensor"":{""time"":1053838,""status"":true,""class:"":2}}"
2026-02-02T10:21:45.245,"{""sensor"":{""time"":1053953,""status"":true,""class:"":2}}"
2026-02-02T10:21:45.379,"{""sensor"":{""time"":1054069,""status"":true,""class:"":2}}"
2026-02-02T10:21:45.516,"{""sensor"":{""time"":1054185,""status"":true,""class:"":2}}"
2026-02-02T10:21:45.604,"{""sensor"":{""time"":1054300,""status"":true,""class:"":2}}"
2026-02-02T10:21:45.785,"{""sensor"":{""time"":1054416,""status"":true,""class:"":2}}"
2026-02-02T10:21:45.875,"{""sensor"":{""time"":1054532,""status"":true,""class:"":2}}"
2026-02-02T10:21:45.964,"{""sensor"":{""time"":1054648,""status"":true,""class:"":2}}"
2026-02-02T10:21:46.054,"{""sensor"":{""time"":1054764,""status"":true,""class:"":2}}"
2026-02-02T10:21:46.191,"{""sensor"":{""time"":1054880,""status"":true,""class:"":2}}"
2026-02-02T10:21:46.415,"{""sensor"":{""time"":1054995,""status"":true,""class:"":2}}"
2026-02-02T10:21:46.505,"{""sensor"":{""time"":1055110,""status"":true,""class:"":2}}"
2026-02-02T10:21:46.596,"{""sensor"":{""time"":1055226,""status"":true,""class:"":2}}"
2026-02-02T10:21:46.686,"{""sensor"":{""time"":1055342,""status"":true,""class:"":2}}"
2026-02-02T10:21:46.774,"{""sensor"":{""time"":1055458,""status"":true,""class:"":2}}"
2026-02-02T10:21:46.910,"{""sensor"":{""time"":1055574,""status"":true,""class:"":2}}"
2026-02-02T10:21:47.000,"{""sensor"":{""time"":1055689,""status"":true,""class:"":2}}"
2026-02-02T10:21:47.135,"{""sensor"":{""time"":1055805,""status"":true,""class:"":2}}"
2026-02-02T10:21:47.224,"{""sensor"":{""time"":1055921,""status"":true,""class:"":2}}"
2026-02-02T10:21:47.360,"{""sensor"":{""time"":1056036,""status"":true,""class:"":2}}"
2026-02-02T10:21:47.450,"{""sensor"":{""time"":1056151,""status"":true,""class:"":2}}"
2026-02-02T10:21:47.586,"{""sensor"":{""time"":1056267,""status"":true,""class:"":2}}"
2026-02-02T10:21:47.675,"{""sensor"":{""time"":1056382,""status"":true,""class:"":2}}"
2026-02-02T10:21:47.810,"{""sensor"":{""time"":1056497,""status"":true,""class:"":2}}"
2026-02-02T10:21:47.944,"{""sensor"":{""time"":1056613,""status"":true,""class:"":2}}"
2026-02-02T10:21:48.035,"{""sensor"":{""time"":1056728,""status"":true,""class:"":2}}"
2026-02-02T10:21:48.169,"{""sensor"":{""time"":1056844,""status"":true,""class:"":2}}"
2026-02-02T10:21:48.261,"{""sensor"":{""time"":1056959,""status"":true,""class:"":2}}"
2026-02-02T10:21:48.395,"{""sensor"":{""time"":1057074,""status"":true,""class:"":2}}"
2026-02-02T10:21:48.484,"{""sensor"":{""time"":1057190,""status"":true,""class:"":2}}"
2026-02-02T10:21:48.619,"{""sensor"":{""time"":1057305,""status"":true,""class:"":2}}"
2026-02-02T10:21:48.709,"{""sensor"":{""time"":1057420,""status"":true,""class:"":2}}"
2026-02-02T10:21:48.935,"{""sensor"":{""time"":1057536,""status"":true,""class:"":2}}"
2026-02-02T10:21:49.024,"{""sensor"":{""time"":1057651,""status"":true,""class:"":2}}"
2026-02-02T10:21:49.114,"{""sensor"":{""time"":1057766,""status"":true,""class:"":2}}"
2026-02-02T10:21:49.205,"{""sensor"":{""time"":1057882,""status"":true,""class:"":2}}"
2026-02-02T10:21:49.294,"{""sensor"":{""time"":1057997,""status"":true,""class:"":2}}"
2026-02-02T10:21:49.430,"{""sensor"":{""time"":1058112,""status"":true,""class:"":2}}"
2026-02-02T10:21:49.520,"{""sensor"":{""time"":1058228,""status"":true,""class:"":2}}"
2026-02-02T10:21:49.655,"{""sensor"":{""time"":1058343,""status"":true,""class:"":2}}"
2026-02-02T10:21:49.789,"{""sensor"":{""time"":1058458,""status"":true,""class:"":2}}"
2026-02-02T10:21:49.880,"{""sensor"":{""time"":1058574,""status"":true,""class:"":2}}"
2026-02-02T10:21:50.014,"{""sensor"":{""time"":1058689,""status"":true,""class:"":2}}"
2026-02-02T10:21:50.104,"{""sensor"":{""time"":1058804,""status"":true,""class:"":2}}"
2026-02-02T10:21:50.239,"{""sensor"":{""time"":1058920,""status"":true,""class:"":2}}"
2026-02-02T10:21:50.374,"{""sensor"":{""time"":1059035,""status"":true,""class:"":2}}"
2026-02-02T10:21:50.509,"{""sensor"":{""time"":1059151,""status"":true,""class:"":2}}"
2026-02-02T10:21:50.598,"{""sensor"":{""time"":1059266,""status"":true,""class:"":2}}"
2026-02-02T10:21:50.689,"{""sensor"":{""time"":1059381,""status"":true,""class:"":2}}"
2026-02-02T10:21:50.869,"{""sensor"":{""time"":1059497,""status"":true,""class:"":2}}"
2026-02-02T10:21:50.958,"{""sensor"":{""time"":1059612,""status"":true,""class:"":2}}"
2026-02-02T10:21:51.050,"{""sensor"":{""time"":1059728,""status"":true,""class:"":2}}"
2026-02-02T10:21:51.139,"{""sensor"":{""time"":1059843,""status"":true,""class:"":2}}"
2026-02-02T10:21:51.274,"{""sensor"":{""time"":1059959,""status"":true,""class:"":2}}"
2026-02-02T10:21:51.453,"{""sensor"":{""time"":1060074,""status"":true,""class:"":2}}"
2026-02-02T10:21:51.545,"{""sensor"":{""time"":1060189,""status"":true,""class:"":2}}"
2026-02-02T10:21:51.635,"{""sensor"":{""time"":1060305,""status"":true,""class:"":2}}"
2026-02-02T10:21:51.725,"{""sensor"":{""time"":1060420,""status"":true,""class:"":2}}"
2026-02-02T10:21:51.860,"{""sensor"":{""time"":1060535,""status"":true,""class:"":2}}"
2026-02-02T10:21:51.951,"{""sensor"":{""time"":1060651,""status"":true,""class:"":2}}"
2026-02-02T10:21:52.085,"{""sensor"":{""time"":1060766,""status"":true,""class:"":2}}"
2026-02-02T10:21:52.175,"{""sensor"":{""time"":1060882,""status"":true,""class:"":2}}"
2026-02-02T10:21:52.310,"{""sensor"":{""time"":1060997,""status"":true,""class:"":2}}"
2026-02-02T10:21:52.445,"{""sensor"":{""time"":1061112,""status"":true,""class:"":2}}"
2026-02-02T10:21:52.534,"{""sensor"":{""time"":1061228,""status"":true,""class:"":2}}"
2026-02-02T10:21:52.669,"{""sensor"":{""time"":1061343,""status"":true,""class:"":2}}"
2026-02-02T10:21:52.805,"{""sensor"":{""time"":1061459,""status"":true,""class:"":2}}"
2026-02-02T10:21:52.895,"{""sensor"":{""time"":1061574,""status"":true,""class:"":2}}"
2026-02-02T10:21:52.985,"{""sensor"":{""time"":1061689,""status"":true,""class:"":2}}"
2026-02-02T10:21:53.164,"{""sensor"":{""time"":1061805,""status"":true,""class:"":2}}"
2026-02-02T10:21:53.254,"{""sensor"":{""time"":1061920,""status"":true,""class:"":2}}"
2026-02-02T10:21:53.389,"{""sensor"":{""time"":1062035,""status"":true,""class:"":2}}"
2026-02-02T10:21:53.480,"{""sensor"":{""time"":1062151,""status"":true,""class:"":2}}"
2026-02-02T10:21:53.569,"{""sensor"":{""time"":1062266,""status"":true,""class:"":2}}"
2026-02-02T10:21:53.704,"{""sensor"":{""time"":1062381,""status"":true,""class:"":2}}"
2026-02-02T10:21:53.795,"{""sensor"":{""time"":1062497,""status"":true,""class:"":2}}"
2026-02-02T10:21:53.929,"{""sensor"":{""time"":1062612,""status"":true,""class:"":2}}"
2026-02-02T10:21:54.020,"{""sensor"":{""time"":1062728,""status"":true,""class:"":2}}"
2026-02-02T10:21:54.155,"{""sensor"":{""time"":1062843,""status"":true,""class:"":2}}"
2026-02-02T10:21:54.290,"{""sensor"":{""time"":1062959,""status"":true,""class:"":2}}"
2026-02-02T10:21:54.378,"{""sensor"":{""time"":1063074,""status"":true,""class:"":2}}"
2026-02-02T10:21:54.515,"{""sensor"":{""time"":1063189,""status"":true,""class:"":2}}"
2026-02-02T10:21:54.604,"{""sensor"":{""time"":1063304,""status"":true,""class:"":2}}"
2026-02-02T10:21:54.740,"{""sensor"":{""time"":1063420,""status"":true,""class:"":2}}"
2026-02-02T10:21:54.829,"{""sensor"":{""time"":1063535,""status"":true,""class:"":2}}"
2026-02-02T10:21:54.965,"{""sensor"":{""time"":1063650,""status"":true,""class:"":2}}"
2026-02-02T10:21:55.054,"{""sensor"":{""time"":1063766,""status"":true,""class:"":2}}"
2026-02-02T10:21:55.190,"{""sensor"":{""time"":1063881,""status"":true,""class:"":2}}"
2026-02-02T10:21:55.324,"{""sensor"":{""time"":1063996,""status"":true,""class:"":2}}"
2026-02-02T10:21:55.413,"{""sensor"":{""time"":1064111,""status"":true,""class:"":2}}"
2026-02-02T10:21:55.548,"{""sensor"":{""time"":1064227,""status"":true,""class:"":2}}"
2026-02-02T10:21:55.638,"{""sensor"":{""time"":1064342,""status"":true,""class:"":2}}"
2026-02-02T10:21:55.773,"{""sensor"":{""time"":1064457,""status"":true,""class:"":2}}"
2026-02-02T10:21:55.863,"{""sensor"":{""time"":1064573,""status"":true,""class:"":2}}"
2026-02-02T10:21:55.999,"{""sensor"":{""time"":1064688,""status"":true,""class:"":2}}"
2026-02-02T10:21:56.135,"{""sensor"":{""time"":1064804,""status"":true,""class:"":2}}"
2026-02-02T10:21:56.224,"{""sensor"":{""time"":1064919,""status"":true,""class:"":2}}"
2026-02-02T10:21:56.448,"{""sensor"":{""time"":1065034,""status"":true,""class:"":2}}"
2026-02-02T10:21:56.494,"{""sensor"":{""time"":1065150,""status"":true,""class:"":2}}"
2026-02-02T10:21:56.585,"{""sensor"":{""time"":1065266,""status"":true,""class:"":2}}"
2026-02-02T10:21:56.674,"{""sensor"":{""time"":1065381,""status"":true,""class:"":2}}"
2026-02-02T10:21:56.810,"{""sensor"":{""time"":1065497,""status"":true,""class:"":2}}"
2026-02-02T10:21:56.898,"{""sensor"":{""time"":1065612,""status"":true,""class:"":2}}"
2026-02-02T10:21:57.035,"{""sensor"":{""time"":1065727,""status"":true,""class:"":2}}"
2026-02-02T10:21:57.169,"{""sensor"":{""time"":1065842,""status"":true,""class:"":2}}"
2026-02-02T10:21:57.260,"{""sensor"":{""time"":1065958,""status"":true,""class:"":2}}"
2026-02-02T10:21:57.395,"{""sensor"":{""time"":1066073,""status"":true,""class:"":2}}"
2026-02-02T10:21:57.484,"{""sensor"":{""time"":1066189,""status"":true,""class:"":2}}"
2026-02-02T10:21:57.620,"{""sensor"":{""time"":1066304,""status"":true,""class:"":2}}"
2026-02-02T10:21:57.709,"{""sensor"":{""time"":1066420,""status"":true,""class:"":2}}"
2026-02-02T10:21:57.843,"{""sensor"":{""time"":1066535,""status"":true,""class:"":2}}"
2026-02-02T10:21:57.979,"{""sensor"":{""time"":1066650,""status"":true,""class:"":2}}"
2026-02-02T10:21:58.068,"{""sensor"":{""time"":1066765,""status"":true,""class:"":2}}"
2026-02-02T10:21:58.204,"{""sensor"":{""time"":1066881,""status"":true,""class:"":2}}"
2026-02-02T10:21:58.293,"{""sensor"":{""time"":1066996,""status"":true,""class:"":2}}"
2026-02-02T10:21:58.430,"{""sensor"":{""time"":1067111,""status"":true,""class:"":2}}"
2026-02-02T10:21:58.519,"{""sensor"":{""time"":1067227,""status"":true,""class:"":2}}"
2026-02-02T10:21:58.654,"{""sensor"":{""time"":1067342,""status"":true,""class:"":2}}"
2026-02-02T10:21:58.789,"{""sensor"":{""time"":1067457,""status"":true,""class:"":2}}"
2026-02-02T10:21:58.968,"{""sensor"":{""time"":1067573,""status"":true,""class:"":2}}"
2026-02-02T10:21:59.059,"{""sensor"":{""time"":1067688,""status"":true,""class:"":2}}"
2026-02-02T10:21:59.150,"{""sensor"":{""time"":1067804,""status"":true,""class:"":2}}"
2026-02-02T10:21:59.238,"{""sensor"":{""time"":1067919,""status"":true,""class:"":2}}"
2026-02-02T10:21:59.329,"{""sensor"":{""time"":1068035,""status"":true,""class:"":2}}"
2026-02-02T10:21:59.464,"{""sensor"":{""time"":1068150,""status"":true,""class:"":2}}"
2026-02-02T10:21:59.555,"{""sensor"":{""time"":1068265,""status"":true,""class:"":2}}"
2026-02-02T10:21:59.733,"{""sensor"":{""time"":1068381,""status"":true,""class:"":2}}"
2026-02-02T10:21:59.825,"{""sensor"":{""time"":1068496,""status"":true,""class:"":2}}"
2026-02-02T10:21:59.913,"{""sensor"":{""time"":1068611,""status"":true,""class:"":2}}"
2026-02-02T10:22:00.049,"{""sensor"":{""time"":1068727,""status"":true,""class:"":2}}"
2026-02-02T10:22:00.139,"{""sensor"":{""time"":1068842,""status"":true,""class:"":2}}"
2026-02-02T10:22:00.275,"{""sensor"":{""time"":1068958,""status"":true,""class:"":2}}"
2026-02-02T10:22:00.363,"{""sensor"":{""time"":1069073,""status"":true,""class:"":2}}"
2026-02-02T10:22:00.499,"{""sensor"":{""time"":1069188,""status"":true,""class:"":2}}"
2026-02-02T10:22:00.633,"{""sensor"":{""time"":1069303,""status"":true,""class:"":2}}"
2026-02-02T10:22:00.723,"{""sensor"":{""time"":1069419,""status"":true,""class:"":2}}"
2026-02-02T10:22:00.858,"{""sensor"":{""time"":1069534,""status"":true,""class:"":2}}"
2026-02-02T10:22:00.948,"{""sensor"":{""time"":1069649,""status"":true,""class:"":2}}"
2026-02-02T10:22:01.085,"{""sensor"":{""time"":1069765,""status"":true,""class:"":2}}"
2026-02-02T10:22:01.174,"{""sensor"":{""time"":1069880,""status"":true,""class:"":2}}"
2026-02-02T10:22:01.308,"{""sensor"":{""time"":1069995,""status"":true,""class:"":2}}"
2026-02-02T10:22:01.443,"{""sensor"":{""time"":1070111,""status"":true,""class:"":2}}"
2026-02-02T10:22:01.533,"{""sensor"":{""time"":1070226,""status"":true,""class:"":2}}"
2026-02-02T10:22:01.669,"{""sensor"":{""time"":1070341,""status"":true,""class:"":2}}"
2026-02-02T10:22:01.758,"{""sensor"":{""time"":1070457,""status"":true,""class:"":2}}"
2026-02-02T10:22:01.893,"{""sensor"":{""time"":1070572,""status"":true,""class:"":2}}"
2026-02-02T10:22:02.030,"{""sensor"":{""time"":1070687,""status"":true,""class:"":2}}"
2026-02-02T10:22:02.163,"{""sensor"":{""time"":1070803,""status"":true,""class:"":2}}"
2026-02-02T10:22:02.254,"{""sensor"":{""time"":1070918,""status"":true,""class:"":2}}"
2026-02-02T10:22:02.343,"{""sensor"":{""time"":1071033,""status"":true,""class:"":2}}"
2026-02-02T10:22:02.479,"{""sensor"":{""time"":1071148,""status"":true,""class:"":2}}"
2026-02-02T10:22:02.569,"{""sensor"":{""time"":1071264,""status"":true,""class:"":2}}"
2026-02-02T10:22:02.704,"{""sensor"":{""time"":1071379,""status"":true,""class:"":2}}"
2026-02-02T10:22:02.793,"{""sensor"":{""time"":1071494,""status"":true,""class:"":2}}"
2026-02-02T10:22:02.929,"{""sensor"":{""time"":1071610,""status"":true,""class:"":2}}"
2026-02-02T10:22:03.019,"{""sensor"":{""time"":1071725,""status"":true,""class:"":2}}"
2026-02-02T10:22:03.154,"{""sensor"":{""time"":1071840,""status"":true,""class:"":2}}"
2026-02-02T10:22:03.244,"{""sensor"":{""time"":1071956,""status"":true,""class:"":2}}"
2026-02-02T10:22:03.379,"{""sensor"":{""time"":1072071,""status"":true,""class:"":2}}"
2026-02-02T10:22:03.513,"{""sensor"":{""time"":1072186,""status"":true,""class:"":2}}"
2026-02-02T10:22:03.604,"{""sensor"":{""time"":1072302,""status"":true,""class:"":2}}"
2026-02-02T10:22:03.739,"{""sensor"":{""time"":1072417,""status"":true,""class:"":2}}"
2026-02-02T10:22:03.829,"{""sensor"":{""time"":1072532,""status"":true,""class:"":2}}"
2026-02-02T10:22:03.964,"{""sensor"":{""time"":1072648,""status"":true,""class:"":2}}"
2026-02-02T10:22:04.054,"{""sensor"":{""time"":1072763,""status"":true,""class:"":2}}"
2026-02-02T10:22:04.190,"{""sensor"":{""time"":1072879,""status"":true,""class:"":2}}"
2026-02-02T10:22:04.324,"{""sensor"":{""time"":1072994,""status"":true,""class:"":2}}"
2026-02-02T10:22:04.414,"{""sensor"":{""time"":1073109,""status"":true,""class:"":2}}"
2026-02-02T10:22:04.548,"{""sensor"":{""time"":1073225,""status"":true,""class:"":2}}"
2026-02-02T10:22:04.640,"{""sensor"":{""time"":1073340,""status"":true,""class:"":2}}"
2026-02-02T10:22:04.773,"{""sensor"":{""time"":1073455,""status"":true,""class:"":2}}"
2026-02-02T10:22:04.863,"{""sensor"":{""time"":1073571,""status"":true,""class:"":2}}"
2026-02-02T10:22:04.998,"{""sensor"":{""time"":1073686,""status"":true,""class:"":2}}"
2026-02-02T10:22:05.089,"{""sensor"":{""time"":1073802,""status"":true,""class:"":2}}"
2026-02-02T10:22:05.224,"{""sensor"":{""time"":1073917,""status"":true,""class:"":2}}"
2026-02-02T10:22:05.359,"{""sensor"":{""time"":1074033,""status"":true,""class:"":2}}"
2026-02-02T10:22:05.449,"{""sensor"":{""time"":1074148,""status"":true,""class:"":2}}"
2026-02-02T10:22:05.584,"{""sensor"":{""time"":1074263,""status"":true,""class:"":2}}"
2026-02-02T10:22:05.673,"{""sensor"":{""time"":1074378,""status"":true,""class:"":2}}"
2026-02-02T10:22:05.809,"{""sensor"":{""time"":1074494,""status"":true,""class:"":2}}"
2026-02-02T10:22:05.898,"{""sensor"":{""time"":1074609,""status"":true,""class:"":2}}"
2026-02-02T10:22:06.079,"{""sensor"":{""time"":1074725,""status"":true,""class:"":2}}"
2026-02-02T10:22:06.169,"{""sensor"":{""time"":1074840,""status"":true,""class:"":2}}"
2026-02-02T10:22:06.260,"{""sensor"":{""time"":1074955,""status"":true,""class:"":2}}"
2026-02-02T10:22:06.439,"{""sensor"":{""time"":1075071,""status"":true,""class:"":2}}"
2026-02-02T10:22:06.618,"{""sensor"":{""time"":1075186,""status"":true,""class:"":2}}"
2026-02-02T10:22:06.664,"{""sensor"":{""time"":1075302,""status"":true,""class:"":2}}"
2026-02-02T10:22:06.754,"{""sensor"":{""time"":1075417,""status"":true,""class:"":2}}"
2026-02-02T10:22:06.844,"{""sensor"":{""time"":1075533,""status"":true,""class:"":2}}"
2026-02-02T10:22:06.979,"{""sensor"":{""time"":1075648,""status"":true,""class:"":2}}"
2026-02-02T10:22:07.068,"{""sensor"":{""time"":1075763,""status"":true,""class:"":2}}"
2026-02-02T10:22:07.204,"{""sensor"":{""time"":1075879,""status"":true,""class:"":2}}"
2026-02-02T10:22:07.293,"{""sensor"":{""time"":1075994,""status"":true,""class:"":2}}"
2026-02-02T10:22:07.429,"{""sensor"":{""time"":1076110,""status"":true,""class:"":2}}"
2026-02-02T10:22:07.518,"{""sensor"":{""time"":1076225,""status"":true,""class:"":2}}"
2026-02-02T10:22:07.654,"{""sensor"":{""time"":1076340,""status"":true,""class:"":2}}"
2026-02-02T10:22:07.789,"{""sensor"":{""time"":1076456,""status"":true,""class:"":2}}"
2026-02-02T10:22:07.878,"{""sensor"":{""time"":1076571,""status"":true,""class:"":2}}"
2026-02-02T10:22:08.014,"{""sensor"":{""time"":1076686,""status"":true,""class:"":2}}"
2026-02-02T10:22:08.148,"{""sensor"":{""time"":1076802,""status"":true,""class:"":2}}"
2026-02-02T10:22:08.238,"{""sensor"":{""time"":1076917,""status"":true,""class:"":2}}"
2026-02-02T10:22:08.330,"{""sensor"":{""time"":1077033,""status"":true,""class:"":2}}"
2026-02-02T10:22:08.464,"{""sensor"":{""time"":1077148,""status"":true,""class:"":2}}"
2026-02-02T10:22:08.554,"{""sensor"":{""time"":1077263,""status"":true,""class:"":2}}"
2026-02-02T10:22:08.689,"{""sensor"":{""time"":1077378,""status"":true,""class:"":2}}"
2026-02-02T10:22:08.824,"{""sensor"":{""time"":1077494,""status"":true,""class:"":2}}"
2026-02-02T10:22:08.958,"{""sensor"":{""time"":1077609,""status"":true,""class:"":2}}"
2026-02-02T10:22:09.139,"{""sensor"":{""time"":1077725,""status"":true,""class:"":2}}"
2026-02-02T10:22:09.184,"{""sensor"":{""time"":1077840,""status"":true,""class:"":2}}"
2026-02-02T10:22:09.274,"{""sensor"":{""time"":1077955,""status"":true,""class:"":2}}"
2026-02-02T10:22:09.363,"{""sensor"":{""time"":1078070,""status"":true,""class:"":2}}"
2026-02-02T10:22:09.498,"{""sensor"":{""time"":1078186,""status"":true,""class:"":2}}"
2026-02-02T10:22:09.589,"{""sensor"":{""time"":1078301,""status"":true,""class:"":2}}"
2026-02-02T10:22:09.723,"{""sensor"":{""time"":1078416,""status"":true,""class:"":2}}"
2026-02-02T10:22:09.859,"{""sensor"":{""time"":1078532,""status"":true,""class:"":2}}"
2026-02-02T10:22:09.948,"{""sensor"":{""time"":1078647,""status"":true,""class:"":2}}"
2026-02-02T10:22:10.084,"{""sensor"":{""time"":1078763,""status"":true,""class:"":2}}"
2026-02-02T10:22:10.174,"{""sensor"":{""time"":1078878,""status"":true,""class:"":2}}"
2026-02-02T10:22:10.309,"{""sensor"":{""time"":1078993,""status"":true,""class:"":2}}"
2026-02-02T10:22:10.399,"{""sensor"":{""time"":1079109,""status"":true,""class:"":2}}"
2026-02-02T10:22:10.533,"{""sensor"":{""time"":1079224,""status"":true,""class:"":2}}"
2026-02-02T10:22:10.759,"{""sensor"":{""time"":1079340,""status"":true,""class:"":2}}"
2026-02-02T10:22:10.849,"{""sensor"":{""time"":1079455,""status"":true,""class:"":2}}"
2026-02-02T10:22:10.939,"{""sensor"":{""time"":1079570,""status"":true,""class:"":2}}"
2026-02-02T10:22:11.028,"{""sensor"":{""time"":1079685,""status"":true,""class:"":2}}"
2026-02-02T10:22:11.118,"{""sensor"":{""time"":1079801,""status"":true,""class:"":2}}"
2026-02-02T10:22:11.208,"{""sensor"":{""time"":1079916,""status"":true,""class:"":2}}"
2026-02-02T10:22:11.343,"{""sensor"":{""time"":1080031,""status"":true,""class:"":2}}"
2026-02-02T10:22:11.479,"{""sensor"":{""time"":1080147,""status"":true,""class:"":2}}"
2026-02-02T10:22:11.569,"{""sensor"":{""time"":1080262,""status"":true,""class:"":2}}"
2026-02-02T10:22:11.705,"{""sensor"":{""time"":1080377,""status"":true,""class:"":2}}"
2026-02-02T10:22:11.795,"{""sensor"":{""time"":1080493,""status"":true,""class:"":2}}"
2026-02-02T10:22:11.929,"{""sensor"":{""time"":1080608,""status"":true,""class:"":2}}"
2026-02-02T10:22:12.020,"{""sensor"":{""time"":1080724,""status"":true,""class:"":2}}"
2026-02-02T10:22:12.154,"{""sensor"":{""time"":1080839,""status"":true,""class:"":2}}"
2026-02-02T10:22:12.243,"{""sensor"":{""time"":1080955,""status"":true,""class:"":2}}"
2026-02-02T10:22:12.378,"{""sensor"":{""time"":1081070,""status"":true,""class:"":2}}"
2026-02-02T10:22:12.513,"{""sensor"":{""time"":1081185,""status"":true,""class:"":2}}"
2026-02-02T10:22:12.603,"{""sensor"":{""time"":1081300,""status"":true,""class:"":2}}"
2026-02-02T10:22:12.739,"{""sensor"":{""time"":1081416,""status"":true,""class:"":2}}"
2026-02-02T10:22:12.829,"{""sensor"":{""time"":1081531,""status"":true,""class:"":2}}"
2026-02-02T10:22:12.964,"{""sensor"":{""time"":1081647,""status"":true,""class:"":2}}"
2026-02-02T10:22:13.054,"{""sensor"":{""time"":1081762,""status"":true,""class:"":2}}"
2026-02-02T10:22:13.190,"{""sensor"":{""time"":1081877,""status"":true,""class:"":2}}"
2026-02-02T10:22:13.279,"{""sensor"":{""time"":1081992,""status"":true,""class:"":2}}"
2026-02-02T10:22:13.414,"{""sensor"":{""time"":1082107,""status"":true,""class:"":2}}"
2026-02-02T10:22:13.550,"{""sensor"":{""time"":1082223,""status"":true,""class:"":2}}"
2026-02-02T10:22:13.638,"{""sensor"":{""time"":1082338,""status"":true,""class:"":2}}"
2026-02-02T10:22:13.774,"{""sensor"":{""time"":1082453,""status"":true,""class:"":2}}"
2026-02-02T10:22:13.955,"{""sensor"":{""time"":1082569,""status"":true,""class:"":2}}"
2026-02-02T10:22:14.044,"{""sensor"":{""time"":1082684,""status"":true,""class:"":2}}"
2026-02-02T10:22:14.134,"{""sensor"":{""time"":1082800,""status"":true,""class:"":2}}"
2026-02-02T10:22:14.223,"{""sensor"":{""time"":1082915,""status"":true,""class:"":2}}"
2026-02-02T10:22:14.358,"{""sensor"":{""time"":1083030,""status"":true,""class:"":2}}"
2026-02-02T10:22:14.449,"{""sensor"":{""time"":1083145,""status"":true,""class:"":2}}"
2026-02-02T10:22:14.584,"{""sensor"":{""time"":1083261,""status"":true,""class:"":2}}"
2026-02-02T10:22:14.673,"{""sensor"":{""time"":1083376,""status"":true,""class:"":2}}"
2026-02-02T10:22:14.809,"{""sensor"":{""time"":1083492,""status"":true,""class:"":2}}"
2026-02-02T10:22:14.899,"{""sensor"":{""time"":1083607,""status"":true,""class:"":2}}"
2026-02-02T10:22:15.079,"{""sensor"":{""time"":1083722,""status"":true,""class:"":2}}"
2026-02-02T10:22:15.168,"{""sensor"":{""time"":1083837,""status"":true,""class:"":2}}"
2026-02-02T10:22:15.258,"{""sensor"":{""time"":1083953,""status"":true,""class:"":2}}"
2026-02-02T10:22:15.393,"{""sensor"":{""time"":1084068,""status"":true,""class:"":2}}"
2026-02-02T10:22:15.484,"{""sensor"":{""time"":1084183,""status"":true,""class:"":2}}"
2026-02-02T10:22:15.620,"{""sensor"":{""time"":1084299,""status"":true,""class:"":2}}"
2026-02-02T10:22:15.710,"{""sensor"":{""time"":1084414,""status"":true,""class:"":2}}"
2026-02-02T10:22:15.844,"{""sensor"":{""time"":1084529,""status"":true,""class:"":2}}"
2026-02-02T10:22:15.933,"{""sensor"":{""time"":1084645,""status"":true,""class:"":2}}"
2026-02-02T10:22:16.068,"{""sensor"":{""time"":1084760,""status"":true,""class:"":2}}"
2026-02-02T10:22:16.204,"{""sensor"":{""time"":1084876,""status"":true,""class:"":2}}"
2026-02-02T10:22:16.295,"{""sensor"":{""time"":1084991,""status"":true,""class:"":2}}"
2026-02-02T10:22:16.521,"{""sensor"":{""time"":1085106,""status"":true,""class:"":2}}"
2026-02-02T10:22:16.563,"{""sensor"":{""time"":1085221,""status"":true,""class:"":2}}"
2026-02-02T10:22:16.654,"{""sensor"":{""time"":1085337,""status"":true,""class:"":2}}"
2026-02-02T10:22:16.879,"{""sensor"":{""time"":1085452,""status"":true,""class:"":2}}"
2026-02-02T10:22:16.925,"{""sensor"":{""time"":1085567,""status"":true,""class:"":2}}"
2026-02-02T10:22:17.015,"{""sensor"":{""time"":1085683,""status"":true,""class:"":2}}"
2026-02-02T10:22:17.104,"{""sensor"":{""time"":1085798,""status"":true,""class:"":2}}"
2026-02-02T10:22:17.238,"{""sensor"":{""time"":1085914,""status"":true,""class:"":2}}"
2026-02-02T10:22:17.329,"{""sensor"":{""time"":1086029,""status"":true,""class:"":2}}"
2026-02-02T10:22:17.464,"{""sensor"":{""time"":1086144,""status"":true,""class:"":2}}"
2026-02-02T10:22:17.553,"{""sensor"":{""time"":1086260,""status"":true,""class:"":2}}"
2026-02-02T10:22:17.689,"{""sensor"":{""time"":1086375,""status"":true,""class:"":2}}"
2026-02-02T10:22:17.779,"{""sensor"":{""time"":1086491,""status"":true,""class:"":2}}"
2026-02-02T10:22:17.913,"{""sensor"":{""time"":1086606,""status"":true,""class:"":2}}"
2026-02-02T10:22:18.049,"{""sensor"":{""time"":1086721,""status"":true,""class:"":2}}"
2026-02-02T10:22:18.138,"{""sensor"":{""time"":1086837,""status"":true,""class:"":2}}"
2026-02-02T10:22:18.274,"{""sensor"":{""time"":1086952,""status"":true,""class:"":2}}"
2026-02-02T10:22:18.363,"{""sensor"":{""time"":1087067,""status"":true,""class:"":2}}"
2026-02-02T10:22:18.499,"{""sensor"":{""time"":1087183,""status"":true,""class:"":2}}"
2026-02-02T10:22:18.589,"{""sensor"":{""time"":1087298,""status"":true,""class:"":2}}"
2026-02-02T10:22:18.724,"{""sensor"":{""time"":1087413,""status"":true,""class:"":2}}"
2026-02-02T10:22:18.863,"{""sensor"":{""time"":1087529,""status"":true,""class:"":2}}"
2026-02-02T10:22:18.994,"{""sensor"":{""time"":1087644,""status"":true,""class:"":2}}"
2026-02-02T10:22:19.083,"{""sensor"":{""time"":1087759,""status"":true,""class:"":2}}"
2026-02-02T10:22:19.173,"{""sensor"":{""time"":1087875,""status"":true,""class:"":2}}"
2026-02-02T10:22:19.309,"{""sensor"":{""time"":1087990,""status"":true,""class:"":2}}"
2026-02-02T10:22:19.399,"{""sensor"":{""time"":1088105,""status"":true,""class:"":2}}"
2026-02-02T10:22:19.533,"{""sensor"":{""time"":1088221,""status"":true,""class:"":2}}"
2026-02-02T10:22:19.623,"{""sensor"":{""time"":1088337,""status"":true,""class:"":2}}"
2026-02-02T10:22:19.759,"{""sensor"":{""time"":1088452,""status"":true,""class:"":2}}"
2026-02-02T10:22:19.893,"{""sensor"":{""time"":1088567,""status"":true,""class:"":2}}"
2026-02-02T10:22:19.984,"{""sensor"":{""time"":1088683,""status"":true,""class:"":2}}"
2026-02-02T10:22:20.120,"{""sensor"":{""time"":1088798,""status"":true,""class:"":2}}"
2026-02-02T10:22:20.209,"{""sensor"":{""time"":1088913,""status"":true,""class:"":2}}"
2026-02-02T10:22:20.344,"{""sensor"":{""time"":1089029,""status"":true,""class:"":2}}"
2026-02-02T10:22:20.433,"{""sensor"":{""time"":1089144,""status"":true,""class:"":2}}"
2026-02-02T10:22:20.569,"{""sensor"":{""time"":1089261,""status"":true,""class:"":2}}"
2026-02-02T10:22:20.705,"{""sensor"":{""time"":1089376,""status"":true,""class:"":2}}"
2026-02-02T10:22:20.794,"{""sensor"":{""time"":1089492,""status"":true,""class:"":2}}"
2026-02-02T10:22:20.928,"{""sensor"":{""time"":1089607,""status"":true,""class:"":2}}"
2026-02-02T10:22:21.020,"{""sensor"":{""time"":1089722,""status"":true,""class:"":2}}"
2026-02-02T10:22:21.153,"{""sensor"":{""time"":1089838,""status"":true,""class:"":2}}"
2026-02-02T10:22:21.245,"{""sensor"":{""time"":1089953,""status"":true,""class:"":2}}"
2026-02-02T10:22:21.469,"{""sensor"":{""time"":1090069,""status"":true,""class:"":2}}"
2026-02-02T10:22:21.559,"{""sensor"":{""time"":1090184,""status"":true,""class:"":2}}"
2026-02-02T10:22:21.649,"{""sensor"":{""time"":1090299,""status"":true,""class:"":2}}"
2026-02-02T10:22:21.739,"{""sensor"":{""time"":1090415,""status"":true,""class:"":2}}"
2026-02-02T10:22:21.829,"{""sensor"":{""time"":1090531,""status"":true,""class:"":2}}"
2026-02-02T10:22:21.964,"{""sensor"":{""time"":1090646,""status"":true,""class:"":2}}"
2026-02-02T10:22:22.053,"{""sensor"":{""time"":1090761,""status"":true,""class:"":2}}"
2026-02-02T10:22:22.189,"{""sensor"":{""time"":1090877,""status"":true,""class:"":2}}"
2026-02-02T10:22:22.278,"{""sensor"":{""time"":1090992,""status"":true,""class:"":2}}"
2026-02-02T10:22:22.414,"{""sensor"":{""time"":1091107,""status"":true,""class:"":2}}"
2026-02-02T10:22:22.549,"{""sensor"":{""time"":1091222,""status"":true,""class:"":2}}"
2026-02-02T10:22:22.639,"{""sensor"":{""time"":1091338,""status"":true,""class:"":2}}"
2026-02-02T10:22:22.775,"{""sensor"":{""time"":1091453,""status"":true,""class:"":2}}"
2026-02-02T10:22:22.863,"{""sensor"":{""time"":1091569,""status"":true,""class:"":2}}"
2026-02-02T10:22:22.999,"{""sensor"":{""time"":1091684,""status"":true,""class:"":2}}"
2026-02-02T10:22:23.090,"{""sensor"":{""time"":1091800,""status"":true,""class:"":2}}"
2026-02-02T10:22:23.224,"{""sensor"":{""time"":1091915,""status"":true,""class:"":2}}"
2026-02-02T10:22:23.360,"{""sensor"":{""time"":1092030,""status"":true,""class:"":2}}"
2026-02-02T10:22:23.448,"{""sensor"":{""time"":1092146,""status"":true,""class:"":2}}"
2026-02-02T10:22:23.583,"{""sensor"":{""time"":1092261,""status"":true,""class:"":2}}"
2026-02-02T10:22:23.673,"{""sensor"":{""time"":1092376,""status"":true,""class:"":2}}"
2026-02-02T10:22:23.810,"{""sensor"":{""time"":1092492,""status"":true,""class:"":2}}"
2026-02-02T10:22:23.989,"{""sensor"":{""time"":1092607,""status"":true,""class:"":2}}"
2026-02-02T10:22:24.078,"{""sensor"":{""time"":1092723,""status"":true,""class:"":2}}"
2026-02-02T10:22:24.168,"{""sensor"":{""time"":1092838,""status"":true,""class:"":2}}"
2026-02-02T10:22:24.260,"{""sensor"":{""time"":1092953,""status"":true,""class:"":2}}"
2026-02-02T10:22:24.393,"{""sensor"":{""time"":1093068,""status"":true,""class:"":2}}"
2026-02-02T10:22:24.486,"{""sensor"":{""time"":1093184,""status"":true,""class:"":2}}"
2026-02-02T10:22:24.618,"{""sensor"":{""time"":1093299,""status"":true,""class:"":2}}"
2026-02-02T10:22:24.709,"{""sensor"":{""time"":1093415,""status"":true,""class:"":2}}"
2026-02-02T10:22:24.843,"{""sensor"":{""time"":1093530,""status"":true,""class:"":2}}"
2026-02-02T10:22:24.934,"{""sensor"":{""time"":1093646,""status"":true,""class:"":2}}"
2026-02-02T10:22:25.068,"{""sensor"":{""time"":1093761,""status"":true,""class:"":2}}"
2026-02-02T10:22:25.204,"{""sensor"":{""time"":1093877,""status"":true,""class:"":2}}"
2026-02-02T10:22:25.338,"{""sensor"":{""time"":1093992,""status"":true,""class:"":2}}"
2026-02-02T10:22:25.429,"{""sensor"":{""time"":1094107,""status"":true,""class:"":2}}"
2026-02-02T10:22:25.517,"{""sensor"":{""time"":1094223,""status"":true,""class:"":2}}"
2026-02-02T10:22:25.700,"{""sensor"":{""time"":1094338,""status"":true,""class:"":2}}"
2026-02-02T10:22:25.787,"{""sensor"":{""time"":1094453,""status"":true,""class:"":2}}"
2026-02-02T10:22:25.879,"{""sensor"":{""time"":1094569,""status"":true,""class:"":2}}"
2026-02-02T10:22:26.012,"{""sensor"":{""time"":1094684,""status"":true,""class:"":2}}"
2026-02-02T10:22:26.148,"{""sensor"":{""time"":1094800,""status"":true,""class:"":2}}"
2026-02-02T10:22:26.239,"{""sensor"":{""time"":1094915,""status"":true,""class:"":2}}"
2026-02-02T10:22:26.328,"{""sensor"":{""time"":1095030,""status"":true,""class:"":2}}"
2026-02-02T10:22:26.509,"{""sensor"":{""time"":1095145,""status"":true,""class:"":2}}"
2026-02-02T10:22:26.597,"{""sensor"":{""time"":1095261,""status"":true,""class:"":2}}"
2026-02-02T10:22:26.688,"{""sensor"":{""time"":1095376,""status"":true,""class:"":2}}"
2026-02-02T10:22:26.779,"{""sensor"":{""time"":1095492,""status"":true,""class:"":2}}"
2026-02-02T10:22:26.912,"{""sensor"":{""time"":1095607,""status"":true,""class:"":2}}"
2026-02-02T10:22:27.049,"{""sensor"":{""time"":1095723,""status"":true,""class:"":2}}"
2026-02-02T10:22:27.184,"{""sensor"":{""time"":1095838,""status"":true,""class:"":2}}"
2026-02-02T10:22:27.272,"{""sensor"":{""time"":1095953,""status"":true,""class:"":2}}"
2026-02-02T10:22:27.363,"{""sensor"":{""time"":1096069,""status"":true,""class:"":2}}"
2026-02-02T10:22:27.498,"{""sensor"":{""time"":1096184,""status"":true,""class:"":2}}"
2026-02-02T10:22:27.588,"{""sensor"":{""time"":1096299,""status"":true,""class:"":2}}"
2026-02-02T10:22:27.769,"{""sensor"":{""time"":1096414,""status"":true,""class:"":2}}"
2026-02-02T10:22:27.858,"{""sensor"":{""time"":1096530,""status"":true,""class:"":2}}"
2026-02-02T10:22:27.948,"{""sensor"":{""time"":1096645,""status"":true,""class:"":2}}"
2026-02-02T10:22:28.083,"{""sensor"":{""time"":1096760,""status"":true,""class:"":2}}"
2026-02-02T10:22:28.174,"{""sensor"":{""time"":1096876,""status"":true,""class:"":2}}"
2026-02-02T10:22:28.309,"{""sensor"":{""time"":1096991,""status"":true,""class:"":2}}"
2026-02-02T10:22:28.399,"{""sensor"":{""time"":1097106,""status"":true,""class:"":2}}"
2026-02-02T10:22:28.534,"{""sensor"":{""time"":1097222,""status"":true,""class:"":2}}"
2026-02-02T10:22:28.622,"{""sensor"":{""time"":1097337,""status"":true,""class:"":2}}"
2026-02-02T10:22:28.804,"{""sensor"":{""time"":1097452,""status"":true,""class:"":2}}"
2026-02-02T10:22:28.892,"{""sensor"":{""time"":1097568,""status"":true,""class:"":2}}"
2026-02-02T10:22:28.984,"{""sensor"":{""time"":1097683,""status"":true,""class:"":2}}"
2026-02-02T10:22:29.164,"{""sensor"":{""time"":1097799,""status"":true,""class:"":2}}"
2026-02-02T10:22:29.253,"{""sensor"":{""time"":1097914,""status"":true,""class:"":2}}"
2026-02-02T10:22:29.342,"{""sensor"":{""time"":1098029,""status"":true,""class:"":2}}"
2026-02-02T10:22:29.432,"{""sensor"":{""time"":1098144,""status"":true,""class:"":2}}"
2026-02-02T10:22:29.568,"{""sensor"":{""time"":1098260,""status"":true,""class:"":2}}"
2026-02-02T10:22:29.704,"{""sensor"":{""time"":1098375,""status"":true,""class:"":2}}"
2026-02-02T10:22:29.792,"{""sensor"":{""time"":1098490,""status"":true,""class:"":2}}"
2026-02-02T10:22:29.928,"{""sensor"":{""time"":1098606,""status"":true,""class:"":2}}"
2026-02-02T10:22:30.018,"{""sensor"":{""time"":1098721,""status"":true,""class:"":2}}"
2026-02-02T10:22:30.153,"{""sensor"":{""time"":1098836,""status"":true,""class:"":2}}"
2026-02-02T10:22:30.243,"{""sensor"":{""time"":1098952,""status"":true,""class:"":2}}"
2026-02-02T10:22:30.378,"{""sensor"":{""time"":1099067,""status"":true,""class:"":2}}"
2026-02-02T10:22:30.468,"{""sensor"":{""time"":1099182,""status"":true,""class:"":2}}"
2026-02-02T10:22:30.602,"{""sensor"":{""time"":1099298,""status"":true,""class:"":2}}"
2026-02-02T10:22:30.737,"{""sensor"":{""time"":1099413,""status"":true,""class:"":2}}"
2026-02-02T10:22:30.827,"{""sensor"":{""time"":1099528,""status"":true,""class:"":2}}"
2026-02-02T10:22:30.963,"{""sensor"":{""time"":1099644,""status"":true,""class:"":2}}"
2026-02-02T10:22:31.053,"{""sensor"":{""time"":1099759,""status"":true,""class:"":2}}"
2026-02-02T10:22:31.188,"{""sensor"":{""time"":1099875,""status"":true,""class:"":2}}"
2026-02-02T10:22:31.278,"{""sensor"":{""time"":1099990,""status"":true,""class:"":2}}"
2026-02-02T10:22:31.503,"{""sensor"":{""time"":1100105,""status"":true,""class:"":2}}"
2026-02-02T10:22:31.593,"{""sensor"":{""time"":1100220,""status"":true,""class:"":2}}"
2026-02-02T10:22:31.683,"{""sensor"":{""time"":1100336,""status"":true,""class:"":2}}"
2026-02-02T10:22:31.772,"{""sensor"":{""time"":1100451,""status"":true,""class:"":2}}"
2026-02-02T10:22:31.864,"{""sensor"":{""time"":1100567,""status"":true,""class:"":2}}"
2026-02-02T10:22:31.998,"{""sensor"":{""time"":1100682,""status"":true,""class:"":2}}"
2026-02-02T10:22:32.088,"{""sensor"":{""time"":1100798,""status"":true,""class:"":2}}"
2026-02-02T10:22:32.223,"{""sensor"":{""time"":1100913,""status"":true,""class:"":2}}"
2026-02-02T10:22:32.312,"{""sensor"":{""time"":1101028,""status"":true,""class:"":2}}"
2026-02-02T10:22:32.448,"{""sensor"":{""time"":1101144,""status"":true,""class:"":2}}"
2026-02-02T10:22:32.582,"{""sensor"":{""time"":1101259,""status"":true,""class:"":2}}"
2026-02-02T10:22:32.672,"{""sensor"":{""time"":1101375,""status"":true,""class:"":2}}"
2026-02-02T10:22:32.807,"{""sensor"":{""time"":1101490,""status"":true,""class:"":2}}"
2026-02-02T10:22:32.897,"{""sensor"":{""time"":1101605,""status"":true,""class:"":2}}"
2026-02-02T10:22:33.033,"{""sensor"":{""time"":1101721,""status"":true,""class:"":2}}"
2026-02-02T10:22:33.122,"{""sensor"":{""time"":1101836,""status"":true,""class:"":2}}"
2026-02-02T10:22:33.304,"{""sensor"":{""time"":1101952,""status"":true,""class:"":2}}"
2026-02-02T10:22:33.392,"{""sensor"":{""time"":1102067,""status"":true,""class:"":2}}"
2026-02-02T10:22:33.482,"{""sensor"":{""time"":1102182,""status"":true,""class:"":2}}"
2026-02-02T10:22:33.619,"{""sensor"":{""time"":1102298,""status"":true,""class:"":2}}"
2026-02-02T10:22:33.707,"{""sensor"":{""time"":1102413,""status"":true,""class:"":2}}"
2026-02-02T10:22:33.844,"{""sensor"":{""time"":1102528,""status"":true,""class:"":2}}"
2026-02-02T10:22:33.978,"{""sensor"":{""time"":1102644,""status"":true,""class:"":2}}"
2026-02-02T10:22:34.112,"{""sensor"":{""time"":1102759,""status"":true,""class:"":2}}"
2026-02-02T10:22:34.202,"{""sensor"":{""time"":1102875,""status"":true,""class:"":2}}"
2026-02-02T10:22:34.293,"{""sensor"":{""time"":1102990,""status"":true,""class:"":2}}"
2026-02-02T10:22:34.428,"{""sensor"":{""time"":1103106,""status"":true,""class:"":2}}"
2026-02-02T10:22:34.518,"{""sensor"":{""time"":1103221,""status"":true,""class:"":2}}"
2026-02-02T10:22:34.653,"{""sensor"":{""time"":1103337,""status"":true,""class:"":2}}"
2026-02-02T10:22:34.742,"{""sensor"":{""time"":1103452,""status"":true,""class:"":2}}"
2026-02-02T10:22:34.877,"{""sensor"":{""time"":1103567,""status"":true,""class:"":2}}"
2026-02-02T10:22:34.968,"{""sensor"":{""time"":1103682,""status"":true,""class:"":2}}"
2026-02-02T10:22:35.148,"{""sensor"":{""time"":1103797,""status"":true,""class:"":2}}"
2026-02-02T10:22:35.237,"{""sensor"":{""time"":1103913,""status"":true,""class:"":2}}"
2026-02-02T10:22:35.327,"{""sensor"":{""time"":1104028,""status"":true,""class:"":2}}"
2026-02-02T10:22:35.463,"{""sensor"":{""time"":1104143,""status"":true,""class:"":2}}"
2026-02-02T10:22:35.552,"{""sensor"":{""time"":1104259,""status"":true,""class:"":2}}"
2026-02-02T10:22:35.687,"{""sensor"":{""time"":1104374,""status"":true,""class:"":2}}"
2026-02-02T10:22:35.780,"{""sensor"":{""time"":1104489,""status"":true,""class:"":2}}"
2026-02-02T10:22:35.912,"{""sensor"":{""time"":1104605,""status"":true,""class:"":2}}"
2026-02-02T10:22:36.048,"{""sensor"":{""time"":1104720,""status"":true,""class:"":2}}"
2026-02-02T10:22:36.182,"{""sensor"":{""time"":1104835,""status"":true,""class:"":2}}"
2026-02-02T10:22:36.319,"{""sensor"":{""time"":1104951,""status"":true,""class:"":2}}"
2026-02-02T10:22:36.408,"{""sensor"":{""time"":1105066,""status"":true,""class:"":2}}"
2026-02-02T10:22:36.497,"{""sensor"":{""time"":1105181,""status"":true,""class:"":2}}"
2026-02-02T10:22:36.587,"{""sensor"":{""time"":1105297,""status"":true,""class:"":2}}"
2026-02-02T10:22:36.723,"{""sensor"":{""time"":1105412,""status"":true,""class:"":2}}"
2026-02-02T10:22:36.813,"{""sensor"":{""time"":1105527,""status"":true,""class:"":2}}"
2026-02-02T10:22:36.947,"{""sensor"":{""time"":1105643,""status"":true,""class:"":2}}"
2026-02-02T10:22:37.083,"{""sensor"":{""time"":1105758,""status"":true,""class:"":2}}"
2026-02-02T10:22:37.173,"{""sensor"":{""time"":1105874,""status"":true,""class:"":2}}"
2026-02-02T10:22:37.308,"{""sensor"":{""time"":1105989,""status"":true,""class:"":2}}"
2026-02-02T10:22:37.398,"{""sensor"":{""time"":1106104,""status"":true,""class:"":2}}"
2026-02-02T10:22:37.532,"{""sensor"":{""time"":1106220,""status"":true,""class:"":2}}"
2026-02-02T10:22:37.622,"{""sensor"":{""time"":1106335,""status"":true,""class:"":2}}"
2026-02-02T10:22:37.757,"{""sensor"":{""time"":1106451,""status"":true,""class:"":2}}"
2026-02-02T10:22:37.892,"{""sensor"":{""time"":1106566,""status"":true,""class:"":2}}"
2026-02-02T10:22:37.983,"{""sensor"":{""time"":1106681,""status"":true,""class:"":2}}"
2026-02-02T10:22:38.118,"{""sensor"":{""time"":1106797,""status"":true,""class:"":2}}"
2026-02-02T10:22:38.208,"{""sensor"":{""time"":1106912,""status"":true,""class:"":2}}"
2026-02-02T10:22:38.343,"{""sensor"":{""time"":1107028,""status"":true,""class:"":2}}"
2026-02-02T10:22:38.433,"{""sensor"":{""time"":1107143,""status"":true,""class:"":2}}"
2026-02-02T10:22:38.568,"{""sensor"":{""time"":1107258,""status"":true,""class:"":2}}"
2026-02-02T10:22:38.659,"{""sensor"":{""time"":1107374,""status"":true,""class:"":2}}"
2026-02-02T10:22:38.794,"{""sensor"":{""time"":1107489,""status"":true,""class:"":2}}"
2026-02-02T10:22:38.974,"{""sensor"":{""time"":1107604,""status"":true,""class:"":2}}"
2026-02-02T10:22:39.063,"{""sensor"":{""time"":1107719,""status"":true,""class:"":2}}"
2026-02-02T10:22:39.153,"{""sensor"":{""time"":1107835,""status"":true,""class:"":2}}"
2026-02-02T10:22:39.243,"{""sensor"":{""time"":1107950,""status"":true,""class:"":2}}"
2026-02-02T10:22:39.378,"{""sensor"":{""time"":1108065,""status"":true,""class:"":2}}"
2026-02-02T10:22:39.468,"{""sensor"":{""time"":1108181,""status"":true,""class:"":2}}"
2026-02-02T10:22:39.603,"{""sensor"":{""time"":1108296,""status"":true,""class:"":2}}"
2026-02-02T10:22:39.738,"{""sensor"":{""time"":1108411,""status"":true,""class:"":2}}"
2026-02-02T10:22:39.828,"{""sensor"":{""time"":1108527,""status"":true,""class:"":2}}"
2026-02-02T10:22:39.963,"{""sensor"":{""time"":1108642,""status"":true,""class:"":2}}"
2026-02-02T10:22:40.056,"{""sensor"":{""time"":1108758,""status"":true,""class:"":2}}"
2026-02-02T10:22:40.188,"{""sensor"":{""time"":1108873,""status"":true,""class:"":2}}"
2026-02-02T10:22:40.277,"{""sensor"":{""time"":1108988,""status"":true,""class:"":2}}"
2026-02-02T10:22:40.413,"{""sensor"":{""time"":1109103,""status"":true,""class:"":2}}"
2026-02-02T10:22:40.503,"{""sensor"":{""time"":1109219,""status"":true,""class:"":2}}"
2026-02-02T10:22:40.637,"{""sensor"":{""time"":1109334,""status"":true,""class:"":2}}"
2026-02-02T10:22:40.773,"{""sensor"":{""time"":1109450,""status"":true,""class:"":2}}"
2026-02-02T10:22:40.863,"{""sensor"":{""time"":1109565,""status"":true,""class:"":2}}"
2026-02-02T10:22:40.998,"{""sensor"":{""time"":1109681,""status"":true,""class:"":2}}"
2026-02-02T10:22:41.087,"{""sensor"":{""time"":1109796,""status"":true,""class:"":2}}"
2026-02-02T10:22:41.223,"{""sensor"":{""time"":1109911,""status"":true,""class:"":2}}"
2026-02-02T10:22:41.357,"{""sensor"":{""time"":1110027,""status"":true,""class:"":2}}"
2026-02-02T10:22:41.493,"{""sensor"":{""time"":1110142,""status"":true,""class:"":2}}"
2026-02-02T10:22:41.583,"{""sensor"":{""time"":1110257,""status"":true,""class:"":2}}"
2026-02-02T10:22:41.673,"{""sensor"":{""time"":1110373,""status"":true,""class:"":2}}"
2026-02-02T10:22:41.809,"{""sensor"":{""time"":1110488,""status"":true,""class:"":2}}"
2026-02-02T10:22:41.899,"{""sensor"":{""time"":1110604,""status"":true,""class:"":2}}"
2026-02-02T10:22:42.032,"{""sensor"":{""time"":1110719,""status"":true,""class:"":2}}"
2026-02-02T10:22:42.122,"{""sensor"":{""time"":1110834,""status"":true,""class:"":2}}"
2026-02-02T10:22:42.303,"{""sensor"":{""time"":1110950,""status"":true,""class:"":2}}"
2026-02-02T10:22:42.393,"{""sensor"":{""time"":1111065,""status"":true,""class:"":2}}"
2026-02-02T10:22:42.528,"{""sensor"":{""time"":1111180,""status"":true,""class:"":2}}"
2026-02-02T10:22:42.618,"{""sensor"":{""time"":1111296,""status"":true,""class:"":2}}"
2026-02-02T10:22:42.707,"{""sensor"":{""time"":1111411,""status"":true,""class:"":2}}"
2026-02-02T10:22:42.843,"{""sensor"":{""time"":1111527,""status"":true,""class:"":2}}"
2026-02-02T10:22:42.977,"{""sensor"":{""time"":1111642,""status"":true,""class:"":2}}"
2026-02-02T10:22:43.067,"{""sensor"":{""time"":1111758,""status"":true,""class:"":2}}"
2026-02-02T10:22:43.158,"{""sensor"":{""time"":1111873,""status"":true,""class:"":2}}"
2026-02-02T10:22:43.293,"{""sensor"":{""time"":1111988,""status"":true,""class:"":2}}"
2026-02-02T10:22:43.429,"{""sensor"":{""time"":1112103,""status"":true,""class:"":2}}"
2026-02-02T10:22:43.518,"{""sensor"":{""time"":1112219,""status"":true,""class:"":2}}"
2026-02-02T10:22:43.652,"{""sensor"":{""time"":1112334,""status"":true,""class:"":2}}"
2026-02-02T10:22:43.743,"{""sensor"":{""time"":1112450,""status"":true,""class:"":2}}"
2026-02-02T10:22:43.877,"{""sensor"":{""time"":1112565,""status"":true,""class:"":2}}"
2026-02-02T10:22:44.058,"{""sensor"":{""time"":1112680,""status"":true,""class:"":2}}"
2026-02-02T10:22:44.147,"{""sensor"":{""time"":1112795,""status"":true,""class:"":2}}"
2026-02-02T10:22:44.238,"{""sensor"":{""time"":1112911,""status"":true,""class:"":2}}"
2026-02-02T10:22:44.328,"{""sensor"":{""time"":1113026,""status"":true,""class:"":2}}"
2026-02-02T10:22:44.463,"{""sensor"":{""time"":1113142,""status"":true,""class:"":2}}"
2026-02-02T10:22:44.553,"{""sensor"":{""time"":1113257,""status"":true,""class:"":2}}"
2026-02-02T10:22:44.687,"{""sensor"":{""time"":1113372,""status"":true,""class:"":2}}"
2026-02-02T10:22:44.778,"{""sensor"":{""time"":1113488,""status"":true,""class:"":2}}"
2026-02-02T10:22:44.913,"{""sensor"":{""time"":1113603,""status"":true,""class:"":2}}"
2026-02-02T10:22:45.004,"{""sensor"":{""time"":1113719,""status"":true,""class:"":2}}"
2026-02-02T10:22:45.138,"{""sensor"":{""time"":1113834,""status"":true,""class:"":2}}"
2026-02-02T10:22:45.273,"{""sensor"":{""time"":1113949,""status"":true,""class:"":2}}"
2026-02-02T10:22:45.362,"{""sensor"":{""time"":1114064,""status"":true,""class:"":2}}"
2026-02-02T10:22:45.498,"{""sensor"":{""time"":1114180,""status"":true,""class:"":2}}"
2026-02-02T10:22:45.590,"{""sensor"":{""time"":1114295,""status"":true,""class:"":2}}"
2026-02-02T10:22:45.723,"{""sensor"":{""time"":1114411,""status"":true,""class:"":2}}"
2026-02-02T10:22:45.814,"{""sensor"":{""time"":1114526,""status"":true,""class:"":2}}"
2026-02-02T10:22:45.948,"{""sensor"":{""time"":1114641,""status"":true,""class:"":2}}"
2026-02-02T10:22:46.083,"{""sensor"":{""time"":1114757,""status"":true,""class:"":2}}"
2026-02-02T10:22:46.174,"{""sensor"":{""time"":1114872,""status"":true,""class:"":2}}"
2026-02-02T10:22:46.308,"{""sensor"":{""time"":1114987,""status"":true,""class:"":2}}"
2026-02-02T10:22:46.487,"{""sensor"":{""time"":1115103,""status"":true,""class:"":2}}"
2026-02-02T10:22:46.579,"{""sensor"":{""time"":1115218,""status"":true,""class:"":2}}"
2026-02-02T10:22:46.668,"{""sensor"":{""time"":1115333,""status"":true,""class:"":2}}"
2026-02-02T10:22:46.759,"{""sensor"":{""time"":1115449,""status"":true,""class:"":2}}"
2026-02-02T10:22:46.848,"{""sensor"":{""time"":1115564,""status"":true,""class:"":2}}"
2026-02-02T10:22:46.983,"{""sensor"":{""time"":1115679,""status"":true,""class:"":2}}"
2026-02-02T10:22:47.119,"{""sensor"":{""time"":1115795,""status"":true,""class:"":2}}"
2026-02-02T10:22:47.253,"{""sensor"":{""time"":1115910,""status"":true,""class:"":2}}"
2026-02-02T10:22:47.343,"{""sensor"":{""time"":1116026,""status"":true,""class:"":2}}"
2026-02-02T10:22:47.433,"{""sensor"":{""time"":1116141,""status"":true,""class:"":2}}"
2026-02-02T10:22:47.568,"{""sensor"":{""time"":1116257,""status"":true,""class:"":2}}"
2026-02-02T10:22:47.659,"{""sensor"":{""time"":1116372,""status"":true,""class:"":2}}"
2026-02-02T10:22:47.793,"{""sensor"":{""time"":1116487,""status"":true,""class:"":2}}"
2026-02-02T10:22:47.928,"{""sensor"":{""time"":1116602,""status"":true,""class:"":2}}"
2026-02-02T10:22:48.018,"{""sensor"":{""time"":1116718,""status"":true,""class:"":2}}"
2026-02-02T10:22:48.152,"{""sensor"":{""time"":1116833,""status"":true,""class:"":2}}"
2026-02-02T10:22:48.243,"{""sensor"":{""time"":1116949,""status"":true,""class:"":2}}"
2026-02-02T10:22:48.378,"{""sensor"":{""time"":1117064,""status"":true,""class:"":2}}"
2026-02-02T10:22:48.468,"{""sensor"":{""time"":1117179,""status"":true,""class:"":2}}"
2026-02-02T10:22:48.603,"{""sensor"":{""time"":1117295,""status"":true,""class:"":2}}"
2026-02-02T10:22:48.737,"{""sensor"":{""time"":1117410,""status"":true,""class:"":2}}"
2026-02-02T10:22:48.828,"{""sensor"":{""time"":1117526,""status"":true,""class:"":2}}"
2026-02-02T10:22:49.008,"{""sensor"":{""time"":1117641,""status"":true,""class:"":2}}"
2026-02-02T10:22:49.098,"{""sensor"":{""time"":1117757,""status"":true,""class:"":2}}"
2026-02-02T10:22:49.188,"{""sensor"":{""time"":1117872,""status"":true,""class:"":2}}"
2026-02-02T10:22:49.278,"{""sensor"":{""time"":1117987,""status"":true,""class:"":2}}"
2026-02-02T10:22:49.413,"{""sensor"":{""time"":1118103,""status"":true,""class:"":2}}"
2026-02-02T10:22:49.503,"{""sensor"":{""time"":1118218,""status"":true,""class:"":2}}"
2026-02-02T10:22:49.638,"{""sensor"":{""time"":1118333,""status"":true,""class:"":2}}"
2026-02-02T10:22:49.772,"{""sensor"":{""time"":1118448,""status"":true,""class:"":2}}"
2026-02-02T10:22:49.862,"{""sensor"":{""time"":1118564,""status"":true,""class:"":2}}"
2026-02-02T10:22:49.997,"{""sensor"":{""time"":1118679,""status"":true,""class:"":2}}"
2026-02-02T10:22:50.088,"{""sensor"":{""time"":1118795,""status"":true,""class:"":2}}"
2026-02-02T10:22:50.223,"{""sensor"":{""time"":1118910,""status"":true,""class:"":2}}"
2026-02-02T10:22:50.313,"{""sensor"":{""time"":1119025,""status"":true,""class:"":2}}"
2026-02-02T10:22:50.448,"{""sensor"":{""time"":1119140,""status"":true,""class:"":2}}"
2026-02-02T10:22:50.583,"{""sensor"":{""time"":1119256,""status"":true,""class:"":2}}"
2026-02-02T10:22:50.673,"{""sensor"":{""time"":1119372,""status"":true,""class:"":2}}"
2026-02-02T10:22:50.898,"{""sensor"":{""time"":1119487,""status"":true,""class:"":2}}"
2026-02-02T10:22:50.988,"{""sensor"":{""time"":1119603,""status"":true,""class:"":2}}"
2026-02-02T10:22:51.078,"{""sensor"":{""time"":1119718,""status"":true,""class:"":2}}"
2026-02-02T10:22:51.168,"{""sensor"":{""time"":1119833,""status"":true,""class:"":2}}"
2026-02-02T10:22:51.258,"{""sensor"":{""time"":1119949,""status"":true,""class:"":2}}"
2026-02-02T10:22:51.348,"{""sensor"":{""time"":1120064,""status"":true,""class:"":2}}"
2026-02-02T10:22:51.527,"{""sensor"":{""time"":1120180,""status"":true,""class:"":2}}"
2026-02-02T10:22:51.618,"{""sensor"":{""time"":1120295,""status"":true,""class:"":2}}"
2026-02-02T10:22:51.707,"{""sensor"":{""time"":1120410,""status"":true,""class:"":2}}"
2026-02-02T10:26:39.041,"{""sensor"":{""time"":20089,""status"":true,""class:"":0}}"
2026-02-02T10:26:39.132,"{""sensor"":{""time"":20205,""status"":true,""class:"":2}}"
2026-02-02T10:26:39.491,"{""sensor"":{""time"":20551,""status"":true,""class:"":0}}"
2026-02-02T10:26:39.627,"{""sensor"":{""time"":20667,""status"":true,""class:"":2}}"
2026-02-02T10:26:46.286,"{""sensor"":{""time"":27354,""status"":true,""class:"":3}}"
2026-02-02T10:26:46.421,"{""sensor"":{""time"":27470,""status"":true,""class:"":2}}"
2026-02-02T10:26:47.097,"{""sensor"":{""time"":28162,""status"":true,""class:"":3}}"
2026-02-02T10:26:47.231,"{""sensor"":{""time"":28278,""status"":true,""class:"":2}}"
2026-02-02T10:26:47.456,"{""sensor"":{""time"":28509,""status"":true,""class:"":3}}"
2026-02-02T10:26:47.547,"{""sensor"":{""time"":28625,""status"":true,""class:"":2}}"
2026-02-02T10:26:48.266,"{""sensor"":{""time"":29316,""status"":true,""class:"":3}}"
2026-02-02T10:26:48.355,"{""sensor"":{""time"":29431,""status"":true,""class:"":2}}"
2026-02-02T10:26:48.851,"{""sensor"":{""time"":29893,""status"":true,""class:"":3}}"
2026-02-02T10:26:48.941,"{""sensor"":{""time"":30009,""status"":true,""class:"":2}}"
2026-02-02T10:26:50.561,"{""sensor"":{""time"":31623,""status"":true,""class:"":1}}"
2026-02-02T10:26:50.695,"{""sensor"":{""time"":31739,""status"":true,""class:"":2}}"
2026-02-02T10:26:50.786,"{""sensor"":{""time"":31854,""status"":true,""class:"":3}}"
2026-02-02T10:26:51.011,"{""sensor"":{""time"":32084,""status"":true,""class:"":2}}"
2026-02-02T10:26:51.147,"{""sensor"":{""time"":32200,""status"":true,""class:"":1}}"
2026-02-02T10:26:51.236,"{""sensor"":{""time"":32315,""status"":true,""class:"":2}}"
2026-02-02T10:26:51.371,"{""sensor"":{""time"":32430,""status"":true,""class:"":3}}"
2026-02-02T10:26:51.506,"{""sensor"":{""time"":32546,""status"":true,""class:"":0}}"
2026-02-02T10:26:51.596,"{""sensor"":{""time"":32661,""status"":true,""class:"":2}}"
2026-02-02T10:26:51.731,"{""sensor"":{""time"":32777,""status"":true,""class:"":1}}"
2026-02-02T10:26:51.865,"{""sensor"":{""time"":32892,""status"":true,""class:"":3}}"
2026-02-02T10:26:52.046,"{""sensor"":{""time"":33122,""status"":true,""class:"":1}}"
2026-02-02T10:26:52.181,"{""sensor"":{""time"":33237,""status"":true,""class:"":2}}"
2026-02-02T10:26:52.316,"{""sensor"":{""time"":33353,""status"":true,""class:"":1}}"
2026-02-02T10:26:52.406,"{""sensor"":{""time"":33468,""status"":true,""class:"":3}}"
2026-02-02T10:26:52.631,"{""sensor"":{""time"":33699,""status"":true,""class:"":1}}"
2026-02-02T10:26:52.766,"{""sensor"":{""time"":33814,""status"":true,""class:"":2}}"
2026-02-02T10:26:52.856,"{""sensor"":{""time"":33929,""status"":true,""class:"":1}}"
2026-02-02T10:26:52.991,"{""sensor"":{""time"":34045,""status"":true,""class:"":3}}"
2026-02-02T10:26:53.080,"{""sensor"":{""time"":34160,""status"":true,""class:"":1}}"
2026-02-02T10:26:53.216,"{""sensor"":{""time"":34275,""status"":true,""class:"":3}}"
2026-02-02T10:26:53.351,"{""sensor"":{""time"":34390,""status"":true,""class:"":2}}"
2026-02-02T10:26:53.441,"{""sensor"":{""time"":34506,""status"":true,""class:"":1}}"
2026-02-02T10:26:53.576,"{""sensor"":{""time"":34621,""status"":true,""class:"":3}}"
2026-02-02T10:26:53.666,"{""sensor"":{""time"":34737,""status"":true,""class:"":1}}"
2026-02-02T10:26:53.800,"{""sensor"":{""time"":34852,""status"":true,""class:"":3}}"
2026-02-02T10:26:53.891,"{""sensor"":{""time"":34968,""status"":true,""class:"":2}}"
2026-02-02T10:26:54.026,"{""sensor"":{""time"":35083,""status"":true,""class:"":1}}"
2026-02-02T10:26:54.161,"{""sensor"":{""time"":35199,""status"":true,""class:"":2}}"
2026-02-02T10:26:54.250,"{""sensor"":{""time"":35314,""status"":true,""class:"":1}}"
2026-02-02T10:26:54.386,"{""sensor"":{""time"":35429,""status"":true,""class:"":3}}"
2026-02-02T10:26:54.613,"{""sensor"":{""time"":35660,""status"":true,""class:"":1}}"
2026-02-02T10:26:54.701,"{""sensor"":{""time"":35775,""status"":true,""class:"":3}}"
2026-02-02T10:26:54.836,"{""sensor"":{""time"":35890,""status"":true,""class:"":1}}"
2026-02-02T10:26:54.926,"{""sensor"":{""time"":36006,""status"":true,""class:"":3}}"
2026-02-02T10:26:55.060,"{""sensor"":{""time"":36121,""status"":true,""class:"":1}}"
2026-02-02T10:26:55.288,"{""sensor"":{""time"":36351,""status"":true,""class:"":2}}"
2026-02-02T10:26:55.422,"{""sensor"":{""time"":36467,""status"":true,""class:"":1}}"
2026-02-02T10:26:55.511,"{""sensor"":{""time"":36582,""status"":true,""class:"":3}}"
2026-02-02T10:26:55.735,"{""sensor"":{""time"":36812,""status"":true,""class:"":1}}"
2026-02-02T10:26:55.871,"{""sensor"":{""time"":36928,""status"":true,""class:"":3}}"
2026-02-02T10:26:56.006,"{""sensor"":{""time"":37043,""status"":true,""class:"":1}}"
2026-02-02T10:26:56.231,"{""sensor"":{""time"":37273,""status"":true,""class:"":3}}"
2026-02-02T10:26:56.321,"{""sensor"":{""time"":37389,""status"":true,""class:"":1}}"
2026-02-02T10:26:56.456,"{""sensor"":{""time"":37504,""status"":true,""class:"":3}}"
2026-02-02T10:26:56.546,"{""sensor"":{""time"":37620,""status"":true,""class:"":1}}"
2026-02-02T10:26:56.771,"{""sensor"":{""time"":37850,""status"":true,""class:"":2}}"
2026-02-02T10:26:56.906,"{""sensor"":{""time"":37966,""status"":true,""class:"":1}}"
2026-02-02T10:26:57.041,"{""sensor"":{""time"":38081,""status"":true,""class:"":3}}"
2026-02-02T10:26:57.131,"{""sensor"":{""time"":38196,""status"":true,""class:"":1}}"
2026-02-02T10:26:57.266,"{""sensor"":{""time"":38312,""status"":true,""class:"":3}}"
2026-02-02T10:26:57.359,"{""sensor"":{""time"":38427,""status"":true,""class:"":2}}"
2026-02-02T10:54:15.018,"{""sensor"":{""time"":1676155,""status"":true,""class:"":1}}"
2026-02-02T10:54:15.153,"{""sensor"":{""time"":1676270,""status"":true,""class:"":2}}"
2026-02-02T10:54:15.828,"{""sensor"":{""time"":1676961,""status"":true,""class:"":3}}"
2026-02-02T10:54:15.964,"{""sensor"":{""time"":1677077,""status"":true,""class:"":2}}"
2026-02-02T10:54:16.053,"{""sensor"":{""time"":1677192,""status"":true,""class:"":3}}"
2026-02-02T10:54:16.188,"{""sensor"":{""time"":1677307,""status"":true,""class:"":2}}"
2026-02-02T10:54:16.279,"{""sensor"":{""time"":1677423,""status"":true,""class:"":3}}"
2026-02-02T10:54:16.413,"{""sensor"":{""time"":1677538,""status"":true,""class:"":2}}"
2026-02-02T11:01:05.887,"{""sensor"":{""time"":174002,""status"":true,""ai_label:"":3}}"
2026-02-02T11:01:06.021,"{""sensor"":{""time"":174117,""status"":true,""ai_label:"":2}}"
