:020000040000FA
:10000000C0A20520D93D000051C00000C53D000040
:10001000C53D0000C53D0000C53D0000C53D0000D8
:10002000000000000000000000000000353F00005C
:10003000C53D000000000000D53E0000C53D0000A9
:10004000C5400000C5400000C5400000C54000009C
:10005000C5400000C5400000C5400000C54000008C
:10006000C5400000C5400000C5400000C54000007C
:10007000C5400000C5400000C5400000C54000006C
:10008000C5400000C5400000C5400000C54000005C
:10009000C5400000C5400000C5400000C54000004C
:1000A000C5400000C5400000C5400000C54000003C
:1000B000C5400000C5400000C5400000C54000002C
:1000C000C5400000C5400000C5400000C54000001C
:1000D000C5400000C5400000C5400000C54000000C
:1000E000C5400000C5400000C5400000C5400000FC
:1000F000C5400000C5400000C5400000C5400000EC
:10010000C5400000C5400000C5400000C5400000DB
:10011000C5400000C5400000C5400000C5400000CB
:10012000C5400000C5400000C5400000C5400000BB
:10013000C5400000C5400000C5400000C5400000AB
:10014000C5400000C5400000C5400000C54000009B
:10015000C540000053B94AB9002908BF00281CBF98
:100160004FF0FF314FF0FF3000F00CB8ADF1080C4C
:100170006DE904CE00F010F8DDF804E0DDE90223BB
:1001800004B07047704700BF034613F8012B002AE4
:10019000FBD1181A013870472DE9F04786468C4686
:1001A0000846089E154674461946002B40F0C1804B
:1001B0008542B2FA82F245D94AB1C2F1200300FA6F
:1001C00002FC954094402EFA03F343EA0C0C4FEAEC
:1001D000154EA8B2230CBCFBFEF80EFB18CC08FB96
:1001E00000F943EA0C43994528D9EB1808F1FF3789
:1001F00004D2994502D9A8F102072B44A3EB0903C5
:10020000A4B2B3FBFEFC0EFB1C330CFB00F044EA73
:100210000344A04214D92C190CF1FF3304D2A0429C
:1002200002D9ACF102032C44241A43EA07401EB160
:10023000D440002334607360BDE8F0874746DDE7B3
:100240006346F1E792BB431B01214FEA154EAFB263
:10025000200CB3FBFEFC0EFB1C330CFB07F840EA42
:100260000343984561D9EB180CF1FF3004D298454F
:1002700002D9ACF102002B44A3EB0803A4B2B3FBF8
:10028000FEFC0EFB1C330CFB07F744EA0344A742B9
:100290004DD92C190CF1FF3304D2A74202D9ACF18D
:1002A00002032C44E41B43EA0040C0E7C2F12003F0
:1002B0009540944020FA03F12EFA03F34FEA154ECD
:1002C0009040AFB20343B1FBFEFC0EFB1C10190CB7
:1002D0000CFB07F841EA0041884522D969180CF166
:1002E000FF3004D2884502D9ACF102002944A1EBC9
:1002F00008019BB2B1FBFEFC0EFB1C110CFB07F7C7
:1003000043EA01439F420ED9EB180CF1FF3104D2AE
:100310009F4202D9ACF102012B44DB1B41EA0041B0
:1003200093E76046E3E76146F7E76046A4E7634684
:10033000B8E7834206D916B9002108467CE7C6E92A
:1003400000E0F9E7B3FA83F78FB9834201D372452E
:1003500008D8BEEB020460EB030301209C461EB9E3
:10036000002169E73846FAE7C6E9004CF8E7C7F12B
:10037000200CBB400EFA07F522FA0CF42EFA0CF111
:10038000BA401C4320FA0CF3B8404FEA1449014329
:100390001FFA84FEB3FBF9F809FB18300B0C08FBBD
:1003A0000EFA43EA00439A4540D9E31808F1FF30BA
:1003B00004D29A4502D9A8F102002344A3EB0A0310
:1003C00089B2B3FBF9F809FB183308FB0EFE41EACA
:1003D00003418E452CD9611808F1FF3304D28E45B4
:1003E00002D9A8F10203214443EA0040A1EB0E0127
:1003F000A0FB02984145CE46434602D306D14D4567
:1004000004D20138B9EB020E68EB0403002EA7D02A
:10041000B5EB0E0261EB030101FA0CFC22FA07F3C3
:10042000F9404CEA0303C6E9003199E74046C5E7C5
:100430004346D9E730B53A4B3A4A85B0C2F8003660
:10044000C2F80436C2F80836C2F80C36C2F81036C4
:10045000C2F81436C2F81836C2F81C3602F58052BB
:10046000C2F80036C2F80436C2F80836C2F80C36B4
:10047000C2F81036C2F81436C2F81836C2F81C3664
:1004800000F074F800F07AF858B14FF05023D3F828
:1004900000340BB1DB0704D502F020FE224803F044
:1004A000ABFA01A800F09EFF204B1B68834200D0EE
:1004B000FEE74FF48031002006F0E8FD00B1FEE7D2
:1004C000012006F0C9FE69469DF808000AF0B9FC53
:1004D000044608B10BF029FE009A039B144D134407
:1004E000019A128913442B6006F0B8FD01F0FCFD5F
:1004F00001F00CF800F0EEFF03F09EFC84F30B8893
:1005000084F30A882B681B6883F3088884F31488B3
:10051000BFF36F8FBFF36F8F2B685B689847FEE761
:100520003546526E0080015008F0000094270020EC
:100530009027002021B1012906D06FF015007047E7
:10054000044B53F830007047024B03EBC00358686C
:10055000704700BF10F0000004289ABF024B1856E5
:100560006FF01500704700BFC0F400004FF4C05199
:10057000014807F0A3BB00BF0E47012073B50F4C25
:1005800020460DF007FFB8B12569A6682B680D213C
:1005900043F400532B6020463368094A98472046AD
:1005A000736801A9984720B92B6801985840C0F397
:1005B0004030003818BF012002B070BD84EB00004D
:1005C000110001002DE9F04706460F4690461C46F3
:1005D000124DDFF84CA0554511D30A2120460DF0ED
:1005E000C0FE022220460F490DF0AEFE0821204633
:1005F0000DF09DFE0A2120460DF0BBFE0BE055F8E4
:10060000049BB9F1000FE6D02346424639463046F6
:10061000C8470828DFD00020BDE8F08794FC000020
:1006200098FC0000C5F4000037B51D4683883F2BB9
:100630002ED1037803F00703022B29D1C4793CBBE8
:10064000092001A901F03CFA00281FDB019821468E
:1006500082680BF09EFA044601980BF05AFA003CAF
:1006600018BF01240A2128460DF07BFE0222094909
:1006700028460DF069FE214628460DF058FE0A2155
:1006800028460DF076FE204603B030BD0124E9E790
:100690000824F8E7C5F400002DE9F04F9B46F7B0B9
:1006A000804B039036A80E46DDE9817914461D681B
:1006B0000DF093F9002136A807F038FC3FB1B9F1ED
:1006C000000F04DD4A46394636A80DF08FF94FF089
:1006D000000833897289D6F80CA013449A44C245A5
:1006E00063D80CA936A80DF0C0F936A80DF079F939
:1006F000839B5BB10CAF0DF1500C3A4603CA6245C7
:1007000018605960174603F10803F6D1002322460A
:10071000009331464FF6FF7306A80AF0B5FB8046FA
:10072000002852D1214603980B9E0AF06BFCB04280
:100730004BD34FF0FF36DFF870A1DFF870910DF169
:10074000120304AA05A906A80AF0ECFB00283CDB6A
:1007500040F0A180059906A80AF030FC50B94FF688
:10076000FF71BDF81200524A32F8023B8B422CD086
:100770009842F9D1BDF81270102F30D0202F6CD0D4
:10078000012FDCD1BDF81030202B1ED82046059952
:1007900036AA0BF0BFF90646B8B99DF810B0BBF108
:1007A000200F34D94FF0FF36C9E7809BAAEB080928
:1007B000994528BF99465A464B46414620460BF07C
:1007C000A9F928B136A80DF00CF9364B1D6865E083
:1007D0004A46594636A80DF009F9C8447FE7BDF8E6
:1007E0001070202FF1D13B462046059936AA0BF018
:1007F00091F90028E9D13A4636A90CA80AF0ECFB99
:10080000DAF800308342E0D14FF0010897E7D9F8D9
:100810000030284F0393039B9E42C3DA1CA80DF0BF
:10082000DCF800211CA807F081FB7A681CA812687C
:1008300057F8081B0DF0DAF814A91CA80DF015F9EB
:100840001CA80DF0CEF85A4636A914A80EF005F9EA
:1008500000283FF474AF0136DDE7731C3FF46FAF3F
:10086000D9F80030B3429DDDBDF81030B3F5807F7C
:10087000ABD12046059936AA0BF04CF90028A4D13B
:10088000F6B23946BDF81030009636AA0CA800F032
:10089000A9F8054686E7B8F1000F96D0284677B04C
:1008A000BDE8F08FB82000209427002020F0000041
:1008B0006CF4000024F000002DE9F0478946194649
:1008C000464BADF5AE6D1E68DDF89035B3F5807F13
:1008D0007ED1202A7CD15CAA07F0E0FA04460028E9
:1008E00076D19DF86F32BC2B72D10DF19008DF27C5
:1008F000454601900AA80DF070F800210AA807F0FB
:1009000015FB20220DF24F210AA80DF06FF80422EA
:100910000AA80DEB02010DF069F802A90AA80DF072
:10092000A4F80AA80DF05DF8202FBA46A8BF4FF032
:10093000200A9DF8073040460133524602A9A7EB32
:100940000A078DF807300EF059F8002FD044D1DC9B
:10095000AC462946DF225CAB087813F8017B013AEC
:1009600080EA070001F8010BF6D12B7803F07F0332
:100970002B701CF8017B5FBB0134BE2CF9D195F8BC
:10098000BE30012B24D10AA80DF027F839460AA859
:1009900007F0CCFA082212490AA80DF027F84946B8
:1009A00020220AA80DF022F820220DF24F110AA8E9
:1009B0000DF01CF802A90AA80DF057F80AA80DF0CE
:1009C00010F820220DF24F2102A80AF005FB06467E
:1009D00030460DF5AE6DBDE8F08700BFB8200020B1
:1009E000C8F400002DE9F04F1F46A3B02F4B8046FE
:1009F00004A89DF8B0501E68894692460CF0AEFFE0
:100A00000922012104A807F00BFA294B03AA53F885
:100A1000354003EBC5035B6802941B6802A81C44C5
:100A2000214630230CF081F8002838D1DDE902326C
:100A300013449C4233D1214606AA02A80CF089F83F
:100A400068BB0DF1200B5A46214602A80CF081F834
:100A5000054620BB06A80CF02EFC029B05909C428C
:100A60001DD12B462A46CDE9005B06A904A80CF04F
:100A700032FFA0B904A807F0EBF980B906A80CF082
:100A80001AFC059004A80CF06DFF874207D153466D
:100A90004A464146009704A8FFF70EFF064604A801
:100AA0000CF062FF304623B0BDE8F08FB820002084
:100AB00024F000002DE9F74F9846836807469942D5
:100AC0008A46144659D25B1A934256D3B8F1000FA6
:100AD00043D06A460AF0BDF9002850DB013CDDF83E
:100AE0000090A244274D284C284E6A46514638466D
:100AF0000AF0AFF9002842DBDDE900BA3846524679
:100B000059460BF031F8002839DBC5F80046C5F826
:100B10000446C5F80846C5F80C46C5F81046C5F8A1
:100B20001446C5F81846C5F81C46C6F80046C6F86F
:100B30000446C6F80846C6F80C46C6F81046C6F87D
:100B40001446C6F81846C6F81C46B8F1000F0ED079
:100B5000D94514D20BF1FF3AC7E7511E51446A46FA
:100B60000AF077F900280ADBDDF80090BAE7DA44EA
:100B7000CA4504D80AF1010AB7E74FF0FF3003B0C5
:100B8000BDE8F08F008001503546526E0090015054
:100B9000034637B54FF40062084693F8B84013494E
:100BA0000192620051F82250A8420ED1582101FB57
:100BB000043201FB0434526A283401A90BF029F8ED
:100BC00008B9019B236003B030BD013251F82220E7
:100BD000904208D1582101FB043201FB0433126D0D
:100BE00003F15404E9E70120EDE700BF2CF0000019
:100BF00070B590F8B850104E6D0056F825100446A8
:100C0000FFF7C6FF98B9013556F825102046FFF7C3
:100C1000BFFF054668B9582294F8B83002FB034379
:100C2000186A0AF0C6FFC4F8B400284670BD012552
:100C3000FBE70925F9E700BF2CF000002DE9F04F94
:100C40004FF02C08582508FB01F890F8B89004469E
:100C500005FB098303441F6A0E4687B00FB90BF0EA
:100C600064FA38460AF0ACFF024694F8B80015FB67
:100C7000008525446B1E033513F8011F914241D1B5
:100C80009D42F9D13B4B1D68284607B0BDE8F08F67
:100C9000394B1D68394B1B68AB4206D0002EF1D092
:100CA000012138460AF06AFAECE7582294F8B83085
:100CB0005343E218D16C8F42E6D1D2F82080002253
:100CC00005922C2202FB063323441989042338465B
:100CD00005AA19440AF01EFF0028D3D194F8B830B1
:100CE000012B0BD0002BCFD1D8E901231344059958
:100CF000914201D39942C7D93146D2E74FF082736E
:100D00001F4AF4E74FF0580B2C220BFB09F302FBB0
:100D10000633E5182969CA06B4D4E258194B9A4239
:100D2000B6D1EB682A89D218B2D26B899B18AFD2A0
:100D3000BA689342ACD240F60C6A11EA0A0AA7D10B
:100D4000314606F093FA05460F4B1B689842A1D135
:100D50004FF4807309FB0B8100933A462046CDE99E
:100D600002AA0A4BCDF804A02144FFF795FC0546E2
:100D700090E700BFB4200020B82000209427002076
:100D8000008800013DB8F396B02000200E5F0120DE
:100D90002DE9F84F884691469A460026DFF88CB038
:100DA000234D244C0B9B9E4201D300200FE00B9B54
:100DB00040469F1BB7F5806F28BF4FF480671B4AE2
:100DC0003B4606EB0A010AF0A5FE10B10120BDE882
:100DD000F88F0A993B465A46484671180AF0AFFE0A
:100DE0000028F3D1144BC5F800463E44C5F804462C
:100DF000C5F80846C5F80C46C5F81046C5F81446AF
:100E0000C5F81846C5F81C46C3F80046C3F80446A2
:100E1000C3F80846C3F80C46C3F81046C3F8144696
:100E2000C3F81846C3F81C46BCE700BF982700204B
:100E3000008001503546526E009001502DE9F04F70
:100E4000002504460E46A8465827DFF81892DFF81A
:100E500018A295B0012D84F8B8501DD90025834FF4
:100E600017F8011B01290CD12846FFF763FB0EA9D7
:100E7000C0B200F025FE014618B90E9882680AF04B
:100E800073FE002D00F0E180B8F1000F00F05581F5
:100E900000232C275825E0E0631993F8B9100029A6
:100EA00064D107FB054209EB8533536203F5004328
:100EB00028461365FFF73EFB94F8B810C0B207FB55
:100EC0000141203100F0FCFD60B901212846FFF707
:100ED00031FB94F8B810C0B207FB01414C3100F06F
:100EE000EFFD08B10BF021F92046FFF781FEA8BB0A
:100EF000002120460AF0FBF8002840F09F802046A1
:100F00000AF085F9002807DD012294F8B8300AF8C4
:100F100033200AEBC303586020460AF034F9002856
:100F200000F08C800AA80AF00BF90AF012F90546C5
:100F300008BB94F8B830002BD4D094F8B020042A21
:100F400004BF012284F8B020012BCBD094F8B1303B
:100F5000042BC7D1012384F8B130C3E7012294F8F0
:100F6000B8309042234483F8B020C1D194F8B850EF
:100F70000135EDB26EE79DF82FB0BBF1010F36D110
:100F8000582294F8B83002FB03430022D96A0E922B
:100F9000374AD86C914213D1998E04230EAA194472
:100FA0000AF0B8FD38B14FF0050B94F8B83023447F
:100FB00083F8B0B029E0022194F8B8302B4AD1541C
:100FC00094F8B80006F0FEF9831E022B8346ECD895
:100FD00001212046FFF732FE264B1B689842E4D0E1
:100FE000254B1B689842DED14FF0010BDDE7012154
:100FF0002046FFF723FE1F4B1B68984294F8B83039
:101000002344D5D0052283F8B02094F8B8306BB1D2
:10101000E21892F8B020012AA8D0042A0CD094F843
:10102000B020042A02D1012284F8B020234493F88E
:10103000B030023B022B99D8A84697E7012294F8DA
:10104000B830234483F8B02090E7012508E7E21880
:1010500092F8B91091B10133DBB2012B84F8B830AA
:10106000F5D96AE0982B0020982B01200E60012012
:101070003DB8F39694270020B420002092F8B010D9
:1010800001F0FB01013918BF0121794305FB03126F
:101090002244D2F82080B8F1000F3FF423AF03FBC5
:1010A0000511012342460093214440230EA809F074
:1010B000EBFE00285DD100230DF1160206A90EA853
:1010C00009F030FF002838DB50D1BDF816300C2B6A
:1010D00051D14046069907AA0AF01CFD68BB9DF84D
:1010E0001C30012B29D8E21892F8B0206B43023A49
:1010F000022A8CBF0022012207FB02332344197D00
:101100009DF820209142D6D80AD3597D9DF8212000
:101110009142D0D804D3DA8ABDF822309A42CAD29A
:1011200094F8B830234493F8B020012A1CD0023A36
:10113000012A02D8012283F8B02000254FF0580A76
:10114000012D84F8B8501BD90023DFF88C82A34D01
:10115000A34F0E93012B84F8B83040F2E7800E9A2B
:10116000022A00F01881FEE70422E4E794F8B83080
:1011700071E70328E1D140F20113A4F8B030DCE7B5
:10118000621992F8B970002F40F0C5800AA809F0E2
:10119000D7FF92F8B030042B8DF82F3008D8012BF0
:1011A00008D800F0B0804FF0FF3382F8B030AAE0EA
:1011B000052BF6E70AFB0543194628462C31DA6C65
:1011C0000BF0F5FB0128014640F0AD8020460EAA49
:1011D0000E9709F01AFF054600287FF483AE94F8B5
:1011E000B8300AFB03431F6A002F3FF47BAED3F8ED
:1011F0004C80B8F1000F3FF475AE81464FF0580BAC
:101200009B6A0293029B4B451BD094F8B830294649
:101210000BFB03435B6A384603EBC9035A680023A0
:101220000392FFF747FC00287FF45CAE039A0E9B05
:1012300015449D4274D3D4F8B450B3FBF5F305FBC9
:101240000355D4F8B40009F0C9FE582394F8B82027
:1012500003FB0242536A926A1968013A03EBC20324
:101260000022D3F804E09C4672449042A3F10803A4
:10127000F7D8DCF800000023411A3846FFF71AFCC3
:10128000034600287FF42EAECDE900053A464146DC
:101290002046FFF77DFD00287FF424AE384606F097
:1012A00019F800287FF41EAE582794F8B8002A4693
:1012B00007FB0043196A0BF088FB034600287FF404
:1012C00011AE94F8B820014607FB0242126D404669
:1012D000526809F04BFF034600287FF403AE94F8F0
:1012E000B82007FB0242D2E91402013A50F832500A
:1012F000016800EBC2077A684046691A09F036FFB8
:1013000000287FF4EFAD94F8B830234493F8B03060
:10131000FF2B3FF4E7AD94F8B8500135EDB20FE77D
:1013200009F101096EE70028EDD0DBE5234493F8CD
:10133000B9208DF81C209DF81C2002F0FF013AB165
:101340000E9B01330E9394F8B8300133DBB201E702
:1013500093F8B030012B0CD0204609F0C8FE40B104
:10136000D8F80050204609F0A4FE284615B0BDE884
:10137000F08F00212046FFF761FC2B688342EFD1FC
:10138000D8F800209A42EBD03A689A42D8D1E7E7E1
:1013900084F8B8201CE094F8B93023B194F8BA303E
:1013A000002BF5D10123582505FB034284F8B83002
:1013B000106A09F04CFD307194F8B83005FB034316
:1013C0001B6A5B68B36094F8B83003FB0545356071
:1013D000024B1D68C6E700BFB820002094270020FC
:1013E000B4200020054B10B5BC220446002118464D
:1013F0000DF02BFB2146FFF721FD10BDA82B01208E
:101400002DE9F8432F4F3B7883B93C7A74B92E4DC0
:10141000DFF8B880012C85F8B8400AD92A4809F0CD
:1014200048FEBC22002128480DF00FFB2548BDE8EE
:10143000F883582606FB045208EB843300215362DC
:10144000204603F500431365FFF774F895F8B810CC
:10145000C0B206FB0151203100F032FB08B10AF0A6
:1014600064FE01212046FFF765F895F8B810C0B278
:1014700006FB01514C3100F023FB0028EFD195F819
:10148000B860DFF84C907600284659F82610FFF730
:101490007FFB88B90136284659F82610FFF778FBFC
:1014A00050B9284609F0B3FE0028C1BF012307F850
:1014B000343007EBC404606095F8B8400134E4B2FE
:1014C000A8E700BF982B0120A82B0120982B002013
:1014D0002CF00000BFF36F8F72B600234FF0FF3087
:1014E000094A03F120010133102B42F82100F8D101
:1014F00000234FF0FF30044A03F160010133102B49
:1015000042F82100F8D1704700E100E04FF0FF33CE
:1015100001212DE9F04300253D4A3E4E51603E4FEA
:10152000C2F84833DFF8F480C2F8083302F580527D
:10153000516085B0C2F84833C2F808334FF0FF3924
:1015400056F8044B44F30730C4F8089302F012FD38
:101550000123636000236846C4F84C31D4F84C2161
:10156000C4F81031D4F81021C4F84431D4F844211F
:10157000C4F80035D4F80C25DFF8A4C00092D4F8E4
:1015800014250192D4F808250292D4F81025C4F845
:101590000C950392C4F81495C4F80895C4F81095F6
:1015A00050F8042B511C0FD002F01F01520928D013
:1015B000012A28D1624602EB8102D2F8001239409A
:1015C00041F00201C2F800120133042BE8D180225D
:1015D0000021A0180DF039FA8022002104F5C07016
:1015E0000DF033FA5DB14FF0FF330E4AC2F8083503
:1015F0004FF05022C2F8083305B0BDE8F083012552
:101600009CE74246D7E70023803153F82130FFDEC4
:101610000040015040F00000F0F0FCFF0025845035
:10162000002884500070015080B505460E461746CC
:10163000984608F005FE03460DF042FA0446DFF82E
:101640001890424649F8003039463046A84754F8C9
:10165000090002F029FC00BF080000002DE9F0435A
:10166000079D15B91560002012E00324B5FBF4F4C2
:1016700004EB4407BD4218BF0134B4F1804F09D2D6
:10168000A40001348C4200D838B96FF00B0014600C
:10169000BDE8F0834FF0FF34F7E704460021DFF8A0
:1016A000B4E0B94203F1030C04F104062BD3A942C0
:1016B000274623D201F1010CAC451F7828BF002337
:1016C00024494FEAA70E38BF5B7811F80EE0AC450D
:1016D00084F800E001EB131E2EBF3D239B0003F0B6
:1016E0003C034FEA071738BFCB5C07F030071EF802
:1016F0000770A3703D2367703746E3700023381AE4
:1017000010603B70AFE71CF8034C1CF8023C4FEA3A
:10171000A4091EF8099024011CF8018C04F030047F
:1017200006F8049C0EEB131919F804409B0006F808
:10173000034C03F03C030EEB9814E35C08F03F0805
:1017400006F8023C1EF80830344606F8013C033126
:101750006346A6E75EF600002DE9F04300273C460D
:101760003D46DDF81CE0DFF8288175451FD3E4BB5A
:1017700000201460BDE8F0830136764533D013F8BD
:1017800006C0BCF1200FF7D0AEEB0609B9F1010F8E
:10179000A6EB05050DD0BCF10D0F0AD103EB060930
:1017A00099F80190B9F10A0F6ED1751CDDE72E464C
:1017B000E3E7BCF10A0FF8D02DB9BCF13D0F05D11C
:1017C0000137022F0DD96FF01500D3E71CF0800F01
:1017D000F9D118F80C507F2DF5D03F2D01D8002FEE
:1017E000F1D10134E1E73546C1E74FF0060C04F0D2
:1017F0000706E4080CFB06F60CFB04F40736E41BB2
:1018000004EBD60470B18C420CD8002701460326A5
:101810003C46DFF87CE0DFF87C801D449D4205D12A
:101820000C1AA5E76FF00B001460A3E713F8019BF7
:10183000A9F10A0C5FFA8CFCBCF1160F04D848FA27
:101840000CFC1CF0010FE9D01EF809C00134BCF1FA
:10185000400F08BF013E0CF03F0C042C4CEA8717E8
:10186000DCD17EB13C0C012E0C7002D10131002480
:10187000D4E7022E4FEA17244C7016BF8F70023146
:101880000331F4E73446C9E7002DA2D09BE700BF3F
:10189000DEF50000F6FFBFFF2DE9F047058B04469B
:1018A0002807904611D4022905F0070540F0CC80A6
:1018B000204609F079FF78B10138218B042811D82E
:1018C000DFE800F0C2106D85950001290CBF45F0DE
:1018D000100545F02005258388F31188BFF36F8F2D
:1018E000BDE8F08701F0070AAA4500F0A5800027AF
:1018F000B9463E46A368002B00F0BC8041F00801C9
:10190000218388F31188BFF36F8FA168002900F04D
:10191000BA800D68002900F0B68033465246204652
:10192000D1F80480C047002D76D02B6829461D468B
:10193000F0E701F007035A1F012A1BD8002221F00B
:101940000701062B276889B2C4E9002209D13B466A
:1019500003E0628B013262831B68002BF9D141F0F6
:1019600002012046218309F01FFF00287AD041F0B0
:10197000200176E0042B0AD121F0070189B220462C
:10198000218309F011FF10B141F020012183218B47
:1019900001F0070AAA454FD00027B946AAE72369F4
:1019A00021F0070141F00601062DD3F800902183B4
:1019B0002DD1B9F1000F3FD041F00801218388F308
:1019C0001188BFF36F8F20463949C84729E021F0BD
:1019D0000701236941F0040189B2042DD3F8049072
:1019E0002183E6D000274FF0040A3E4682E721F02B
:1019F0000701236941F0050189B2052DD3F808904C
:101A00002183D6D000274FF0050A3E4672E7002713
:101A10004FF0060A3E466DE72B4687E7B9F1000F07
:101A2000D1D1EFF31188202383F31288BFF36F8F96
:101A3000238B23F008032383258BEA062ED525F07C
:101A40001003238305F007056669218B002EBFF67E
:101A500070AF00232768C4E9003321F0070141F08B
:101A600001012183218B4FF0000901F0070AAA45EB
:101A70007FF440AF002F9CD041F00801218388F310
:101A80001188BFF36F8F002FC8D03D6839463346A9
:101A90005246204609F0B4FE2F46F4E7AB067FF528
:101AA0001BAF25F02003238305F0070500E700BFE7
:101AB0002DB80000014B03600020704748F0000083
:101AC00070B5104B0D461C68B4B10F4B196800235C
:101AD0008B4202DB6FF0010070BD224612F8106BE2
:101AE000864202D014460133F2E7E0680CF052FC63
:101AF00028B100202C60EFE76FF00C00ECE76FF0EE
:101B00001200E9E7FC20002048F0000010B543680F
:101B100088B0029383680C46CDE9033200230A683B
:101B2000C068CDE90623054901AA05930AF050FCD7
:101B3000079808B9059B236008B010BDCFBB000013
:101B4000F0B40D4B0D4E5F6A0D4BB34203D36FF0F3
:101B50008500F0BC70475C68BC420AD31D6945B182
:101B600094F802C08488E4B2A44502D12B46F0BCAC
:101B700018472433E9E700BF642C01200824002023
:101B8000E42300202DE9F04705460E461746134C86
:101B9000DFF84C80DFF84C90444503D36FF08500AC
:101BA000BDE8F0876268D9F824309A4213D3A3695C
:101BB0008BB1A9889078C9B2884205D13A4631469E
:101BC0002846BDE8F04718475279012A03D13A4622
:101BD0003146284698472434DEE700BFE42300203E
:101BE00008240020642C01202DE9F04105460E4612
:101BF00017460A4CDFF82880444502D36FF0850071
:101C000009E063690BB92434F6E73A4631462846C1
:101C100098470028F7D1BDE8F08100BFE4230020F9
:101C20000824002010B504460AF0CAFA10F1780F13
:101C300000D050B920460AF005F8044AD2F8C43062
:101C400023EA00030020C2F8C43010BD642C012038
:101C50000022024B1A605A60704700BF1F2D0120FE
:101C600070B50B4B0B4CA34201D3002070BD00227A
:101C7000196A1E7F0439D5B2AE4201D82433F2E787
:101C8000013211F832508542F5D10120EEE700BF54
:101C9000E42300200824002073B584880D46E4B2B4
:101CA00063068DF8074007D02046FFF7D9FF78B1CB
:101CB0000D4B93F8BA0058B120460B4E55B103F0C6
:101CC0002BF9F3691BB108200DF10701984701209A
:101CD00002B070BD03F048F9F369002BF7D009207A
:101CE0000DF10701F2E700BF642C012008B5094897
:101CF0000378C3F341130A3350F823303BB100F1AA
:101D0000080200F110019847C043C00F08BD1846F3
:101D1000FCE700BF642C012004282DE9F14F0446A4
:101D20000F46DFF8949016D001282DD1DFF88C8073
:101D300098F8B93043B300F0DFFD214D4D4520D276
:101D40004FF0000AD5F820B02B7F5FFA8AF6B34235
:101D500004D82435F2E7FFF77BFFE7E70BEBC60675
:101D600030790AF02DFA0246307909F06BFFD8F885
:101D7000C430002A23EA0003C8F8C4300AF1010A7B
:101D8000E2DA002388F8B9300D4D4D4508D30B4BEE
:101D90001B6A6BB13946204601B0BDE8F04F1847C9
:101DA000EB681BB13A462146284698472435ECE7B4
:101DB00001B0BDE8F08F00BF08240020642C012092
:101DC000E423002073B586781E4C8DF800600379FB
:101DD000427943EA0223ADF80230C378304603F07B
:101DE00003038DF8043009F02DFFD4F8C430054604
:101DF00018420BD0304600F061FD3046FFF712FF6D
:101E00000CF071FC10B9962008F0D8F9684603F080
:101E10005FF810F1780F03D010B1002002B070BD50
:101E20009DF8000003F0DCF810F1780F01D00028D5
:101E3000F3D10120D4F8C43084F8B9002B43C4F89E
:101E4000C430EBE7642C01202DE9F047A44D044693
:101E5000AB690E461746C3B9207800F01F00012871
:101E600077D0022800F0DE8000BB94F900103A68B9
:101E7000002963782EDA062B0CD0082B25D0ABB9BD
:101E8000537001231370022306E198470028E3D121
:101E900000200DE06388190A0A1F012A8C4605D923
:101EA000072903D8DAB26B6A1C781CB96FF01500E9
:101EB000BDE8F0875D78654503D1824200F0E78098
:101EC00001302344F0E71B78E6E095F8BA30137050
:101ED0000123E1E0052B11D0092BE7D163886E6A5D
:101EE000002B33D1FFF7B4FE638885F8BA30EB6975
:101EF000002BCDD003207B499847C9E76088C0B24A
:101F000002F0D4FF0028C3D0D0E77378042B10D0A0
:101F1000052B11D0022B04D177796388BB4208BF0F
:101F2000012033781E443378002BEED10028BDD039
:101F3000D8E796F80380F4E76388BB42F1D1B8F1A3
:101F4000000FEED13046FFF73DFFEAE7FF27B84626
:101F5000E9E795F8BA30D7F800C0002BA6D06F6A31
:101F6000A2883B465FFA82FE187800289ED05978F6
:101F7000022904D193F80480F04500F28F800344D5
:101F8000F2E78CF800308CF80130316080E71F44B4
:101F900090E00B2B8AD100264FF0FF08B246C146D5
:101FA00006E07B78042B0FD0052B21D03B781F4413
:101FB0003B78002BF5D1EB6913B1514607209847C8
:101FC000002E7FF465AF71E797F80280A38897F839
:101FD00003909845EAD163889945E7D1B8F1070F96
:101FE0001DD805EB0803BA46012683F8BB90DDE750
:101FF000A3884345DAD16388DBB24B450AD0BE786B
:10200000304600F05BFC3046FFF70CFEB0FA80F67D
:102010007609CBE73846FFF7D5FE0646C6E7BA464F
:102020000026C3E794F900206378002A19DA002B10
:102030007FF43CAFA3883F68DCB25B060AD0204641
:10204000FFF70EFE00283FF431AF95F8BA30002BB1
:102050003FF42CAF3946204602F0A6FF00237B70E8
:1020600011E7012B08D0032B7FF420AF6388002BEE
:102070007FF41CAF012103E0618800297FF416AFD3
:102080002046FFF709FE00287FF402AF0EE7022981
:102090003B607FF418AF5B883360F9E694F9000089
:1020A00063780028BFF675AF002B3FF46AAF0A2BA8
:1020B0007FF4FCAE3B78002B3FF4F8AE797804292E
:1020C0007FF465AFB9788A427FF461AF072A8EBF8B
:1020D0000023521992F8BB308CF80030F8E600BFAC
:1020E000642C01201E2D012070B5164D95F8B830D6
:1020F000FBB102F0BBFE002822DB00F0FDFB002458
:10210000D5F8C430E6B2E340DA0714D4D5F8C430C9
:1021100004F11002D340DB0705D546F08000FFF73D
:1021200081FD00280CDB0134102CE9D1002385F857
:10213000B830002004E03046FFF774FD0028E5DAEF
:1021400070BD00BF642C012013B5164C237DF3B97C
:10215000E26801AB8020A168019209F082FD019A3A
:10216000A3681344A360E3689B1AE3606BB962B190
:102170002369E2889A4208DD94F8C82093FBF2F1C3
:1021800002FB11330BB90123237502B010BD0023EC
:1021900080201A461946237502B0BDE8104002F0AF
:1021A00049BF00BF642C0120002330B585B0024632
:1021B0000D460193002858D1002935D108220B463D
:1021C0000DEB02010AF015F8002804DA802002F075
:1021D000A3FE05B030BD2A4C029AC4E90355226023
:1021E000039ABDF80E30626004F13802A2609DF9D6
:1021F00008202575002A0ADB802B04D9802002F0F4
:102200008BFE0020E3E713B1C4E90333E1E7FFF7F6
:102210006DFD0028DAD0E28823699A42D4BFE260DB
:10222000E360FFF791FFD4E7154C01ABD4E9021549
:10223000002D04DC09F0DDFF0028CADAC6E72A46D3
:1022400009F0D7FF0028D9DB019AA3681344A360E3
:10225000E3689B1AE360002BBBD104F13803A36051
:10226000FFF744FD0028DCD1B0E78028B1D1044B52
:10227000DA68002AD5D11B7D002BD2D1A9E700BF97
:10228000642C0120054B064A58629A62054A0020D8
:10229000DA62054A1A63054A9A617047642C012084
:1022A000491E0000411B0000E91B0000851B0000C7
:1022B0002DE9F3410446474D4FF0FF334FF0FF3215
:1022C000454807F04BFA95F8B830002B7BD16B6A84
:1022D00083B142482C62E8616E6A02F0C5FF02F0E9
:1022E00093FD041E10DA3C4807F0B0FA204602B015
:1022F000BDE8F08100F0BEF8FFF7C4FF6B6A002B69
:10230000E7D14FF0FF34EEE700F018FB041EEADBE4
:102310007378012B5AD1F379002B57D000266846E9
:1023200085F8C830ADF802308DF804608DF8006093
:1023300002F0CEFD041ED6DB802768468DF80070C3
:1023400002F0C6FD041ECEDB3046254902F078FFC0
:10235000041EC8DB3846224902F072FF041EC2DBAD
:10236000204CDFF8848044451AD3002002F038FE68
:10237000041EB8DBD5F8C430802043F00103C5F853
:10238000C43002F02DFE041EADDBD5F8C4300024AD
:1023900043F48033C5F8C430012385F8B830A2E790
:1023A0000026276A227FF3B29A4201D82434DAE762
:1023B00007EBC30257F83310107902F041FF0136E2
:1023C0000028EFD09DE76FF077048CE76FF01504DD
:1023D00089E700BF642C0120CC220020191D0000D9
:1023E000A9210000E42300200824002030B51F4B61
:1023F0008BB005AA03F11005144618685968083314
:1024000003C4AB422246F7D11B781022237000216F
:1024100001A80CF01AFB1222002115480CF015FB44
:10242000102101A80AF000F900281BDD0828B8BF18
:10243000082001AB09381A1800200D4912F8013F95
:102440000AAC04EB131403F00F0328336B4414F8A5
:10245000144C13F8143C013008280C704B7001F137
:102460000201EBD102480BB030BD00BF9EF6000068
:10247000116001202DE9F04F714B87B093F800B047
:10248000BBF1000F03D06F4807B0BDE8F08F6D4C73
:1024900000264FF0011AB0463546B14623783BB9C5
:1024A000694B02349C42F3D10123654A1370EAE779
:1024B0006378052B1BD8DFE803F08C03C18C1D3932
:1024C000402304A88DF810B0ADF812308DF814B088
:1024D00009F061FE40B1082304A8ADF8123009F0FC
:1024E0005AFE08B1ADF812B0BDF81230E37123788E
:1024F0001C44D3E7E378002BF9D1A3786BB108F142
:1025000001085FFA88F8F2E76B689C4207D024352F
:102510004E4B9D42F8D30020B6E74D4DF8E7AB682F
:10252000002BECD0414620469847E8E7002DF2D03A
:1025300000222B7F9A42EED2296AA07801EBC201D9
:102540000B79984201D00132F3E70127E078FBB222
:1025500000F003008DF81400207994F805C040EADB
:102560000C20ADF8120094F90200002826DA4FF092
:10257000010C07F110000CFA00F010EA0A0F24D148
:1025800043F080008DF8100004A8CDE902130192F9
:1025900009F001FEDDE90121039BB0B99DF810208F
:1025A00012F0800FA2700A714FF001021DBF1033AC
:1025B000DBB29A40BA404AEA020A98E70120B840E2
:1025C00010EA0A0F01D11846DCE70137102FBDD100
:1025D000B9E7032E1AD1FFF709FF074650B1FDF7FF
:1025E000D3FD024630B11028A8BF10223946A01CE6
:1025F0000CF004FA6FF002012378091BE21804EBD7
:102600005303D14213D50136F6B270E7002EF1D153
:10261000B9F1000F3FF47FAFA4EB090389F8023052
:10262000C3F3072389F8033089F80480EBE702F845
:1026300001BC13F8010902F8020DE2E7A14656E7D2
:102640001060012000230020E12300200824002046
:10265000E4230020094B00211A4610B51C7884425F
:1026600004D15C6814B102EB811010BD0131042962
:1026700003F14003F2D10020F7E700BF302D012025
:102680002DE9F34150F8283C0446103310F82C6C27
:102690000AD1036950F8202C980736D5D2B95907CA
:1026A00015D5002344F8283C54F8283C10330BD0AF
:1026B00054E9077554F8148C0CF015F800284FD025
:1026C00021462E480BF0F3FF02B0BDE8F08143F045
:1026D00004032361304654F8241C01AB09F0C1FA0D
:1026E00010B16FF01503DDE7019A54F8243C134450
:1026F00044F8243C54F8203C9B1A44F8203C54F8FD
:102700001C3C134444F81C3CCEE7304654F8241CCF
:1027100001AB02F00BFD0028E3D1019D54F8243CED
:102720002B4444F8243C54F8203C5B1B44F8203CE8
:1027300054F81C3C2B4444F81C3C002DB1D03046CE
:1027400002F098FDB5FBF0F303FB1055002DA8D166
:1027500054F8203C002BA4D0304602F02FFDA3E714
:1027600044F8180CA4F1100007F0F2F8002DABD0DB
:10277000424639463046A847A6E700BF0824002055
:102780004B1E012B73B506460D460FD8FFF762FFAF
:10279000044668B9012D09D101AB012230460DF183
:1027A000030102F0C3FC019B002BF5D102B070BD08
:1027B0000BF099FF04F12C0108B1012D05D1084659
:1027C00002B0BDE87040FFF75BBF034802B0BDE850
:1027D00070400BF06CBF00BF082400202DE9F74FBC
:1027E000064615469846019109F081FA04460028EC
:1027F0005BD1EFF3118A202383F31288BFF36F8F2D
:10280000DFF8ACB000220023584607F0D5F870B9C5
:10281000DFF8A090A70109EB8414636813F1100F8F
:1028200014D10193584607F093F8019B06E0013458
:10283000042C0BF1400BE5D16FF00B038AF31188E8
:10284000BFF36F8F184603B0BDE8F08F019B206186
:10285000C4E902350C9B304663610D9B09F80760A3
:10286000A3616FF00F03C4F83C80636002F002FDC7
:1028700058B1304602F0FEFCB5FBF0F303FB1055F7
:102880001DB1E36B43F00403E36318F0020F07D0BC
:1028900007F12C01084849440BF009FF0023CDE75C
:1028A000304602F08BFC0346C8E76FF00F03C9E720
:1028B0004C2D0120302D01200824002010B5EFF30D
:1028C0001184202383F31288BFF36F8FFFF7C2FEBA
:1028D00050B14368103307D16FF08B0300F12C0126
:1028E000436004480BF0E3FE84F31188BFF36F8F5D
:1028F00010BD00BF08240020F8B5042520270D4C8A
:10290000EFF3118687F31288BFF36F8F636810337C
:1029100007D16FF08B030848636004F12C010BF0C2
:10292000C6FE86F31188BFF36F8F013D04F14004AA
:10293000E6D1F8BD302D01200824002070B5002517
:10294000094C0A4E314620460BF095FE0122A4F1B7
:102950001000114601350BF052FE042D04F1400425
:10296000F0D1002070BD00BF5C2D01208126000049
:102970000123016981F84B300B6833B191F849307C
:102980001BB1024808310BF092BE704708240020AA
:102990000123016981F84A300B6833B191F848305E
:1029A0001BB1024808310BF082BE7047082400209A
:1029B00070B50569EFF31186202383F31288BFF306
:1029C0006F8FD5F8900009F054F8044686F311880B
:1029D000BFF36F8F30B100220023034805F11801C7
:1029E00007F052F9204670BD08240020012370B57D
:1029F00082F8483013680D4614463BB192F84A30CD
:102A000023B10E4802F108010BF051FED4F89030CA
:102A10005A89DB889A4205D17DB904F1180140F644
:102A2000CD4204E004F11801002DF8D00022BDE8E9
:102A300070400023014807F027B970BD082400202A
:102A400070B50E4681880446C9B21548154609F08E
:102A50002BF910B394F900206378002A16DB202BA1
:102A600004D0222B0ED06FF085000AE02B681A6884
:102A700040F8102C9A8820F80C2C9B7900F80A3C1E
:102A8000002070BD638800F8093CF9E7212BEAD1EA
:102A90000723103828603360F2E76FF01200F0E788
:102AA000302E0120014608B5034809F00AF910B19B
:102AB000012300F8073C08BD302E01200021034609
:102AC0000C4AA0F84810106883F89C10C3F89400D2
:102AD00090889279A3F8980083F89A2083F89B1045
:102AE0004022A3F89E1083F8A01003F14C000BF0D5
:102AF000ACBF00BFF0EF0000002310B50469C4F8BC
:102B0000A8300C4BC4F8A400596804F1A80269B9B4
:102B1000C3E9002204F1080007490BF0ACFD04F101
:102B2000180006490BF0D3FD002010BD0A605A6062
:102B3000F0E700BF302E012019BD0000F52B00008A
:102B400030B54FF400334268056942F2A10085B008
:102B5000CDE90103002385F89D30106AADF80C1013
:102B60000A22007901A909F07CF8054C95F89D30FE
:102B700023B901200BF009FC013CF7D105B030BDB1
:102B8000A1860100002373B5202504698DF8071084
:102B900084F84830EFF3118685F31288BFF36F8F06
:102BA0000122D4F890000DF1070108F062FF86F3CE
:102BB0001188BFF36F8F01280AD00BF094FD10B974
:102BC00094F8A1306BB9094B1A780AB901221A702E
:102BD0002122002304F11801054807F055F802B03E
:102BE00070BD002121200BF033FED3E723600120CC
:102BF00008240020F0B5D0F88C3005465B6885B01D
:102C00001B6A1F7D384609F072F8064650BB95F8DE
:102C100086303BB3A86F0146C38831F80A2F9B1A50
:102C20009BB2B3F5806F28BF4FF4806303AA08F00E
:102C3000D1FE0446B0B18306A5F1180385F83060D3
:102C40000193094B08BF00F1FF342246039900931A
:102C500038460223FFF7C2FDA86F224600F10A01A1
:102C600008F0EEFE05B0F0BDED29000037B51446C2
:102C70000A1E054621DDD4F88C0004F14C0108F051
:102C8000F8FE012384F8493023683BB194F84B30B7
:102C900023B1114804F108010BF009FDD4F88C2090
:102CA0009388918912695B1A9BB2D31A3F2B04D87F
:102CB000012384F8A03003B030BD94F89E30002B7F
:102CC000F9D0064B4022009328460123019404F1D9
:102CD0004C01FFF783FDEEE7082400206D2C000077
:102CE000F7B50D4601461D4808F0D3FF044610B362
:102CF000064656F8A439691E5F6805291BD8DFE827
:102D000001F01C1A031C222610F8061C99B9012395
:102D100000F8063C3B6A3246187BFFF7A7FF14F821
:102D20005C2C42B93B6A1146187D0D4B019600930D
:102D30000223FFF753FD03B0F0BD304603B0BDE8FA
:102D4000F040FFF7BBBE012304F8053CF3E710F8A1
:102D5000053C002BEFD00023F6E700BF302E01200A
:102D6000ED29000037B50024084D4FF0FF334FF434
:102D7000806228460649009406F046FF0549284629
:102D80000BF0B7FC204603B030BD00BF0824002084
:102D900080690520C2F60000014807F099BD00BF18
:102DA000FCF0000038B5044618B90F4B0F485B68BB
:102DB00098476168B1F5683F10D0B1F5680F0DD044
:102DC0000B4DA9420AD011F46861206807D0014672
:102DD00008480BF038FB00232360656038BD1422DF
:102DE0000BF033FEF9E700BF7C210020CBF600009A
:102DF0002C5F5CA93833012008B560B34368B3F594
:102E0000683F0ED0B3F5680F18D0144A934220D013
:102E100000684FF0FF324FF0FF3306F09FFC58B1CF
:102E200015E001220368D3E8EF1F002903D1C3E8AE
:102E3000E02F0028F7D10AD1002008BD0368084A16
:102E40001B7803F5807352F82330002BF4D005482B
:102E5000F3E70548F1E76FF4E040EEE72C5F5CA98B
:102E600000000350E98FFFFFEA8FFFFF08B520B392
:102E70004368B3F5683F09D0B3F5680F13D0114A22
:102E800093421DD0006806F0E1FC14E000220368C4
:102E9000D3E8EF1F012903D1C3E8E02F0028F7D1C1
:102EA00009D0094808BD00210368084A1B7803F5CA
:102EB000807342F823100020F4E76FF4E040F1E75C
:102EC0000348EFE72C5F5CA9E98FFFFF0000035088
:102ED000EA8FFFFF10B5044618B91D4B1D485B680B
:102EE00098476368B3F5683F2FD0B3F5680F2CD0CF
:102EF000194A934219D1236803BB4FF0FF324FF0B8
:102F0000FF332146154806F0FBFB08B923681BB9BF
:102F10000F4B13485B6898471422002120680BF080
:102F200094FD4FF46863636008E0B3F5683F0DD823
:102F30003A2B03D040F6BA629342DED120680BF000
:102F4000CCFA636843F03A03636010BD054AF3E7C7
:102F50007C210020CBF600002C5F5CA938330120D7
:102F6000F1F600003A00003A08B506494023142261
:102F700005480BF05AFABDE808400449044807F038
:102F800019BD00BF382E01203833012004F10000A4
:102F900018F10000F7B5224E30688368DB6B03B18F
:102FA000984730688368DB6A002B31D11D4C1E4D79
:102FB000306883681B69002B2DD001220DF10701B9
:102FC0009847012827D1236843B92B681BB3696848
:102FD0001A688B422A6008BF6A602360134A9DF812
:102FE000070011887F2904D823684F1C0B441780E1
:102FF00018720A28DCD100202368118818605960F3
:103000000B494D684DB9C1E9003310802060CEE70F
:1030100098470028CAD103B0F0BD2B604B60F4E79D
:10302000AC37012054330120643301200C470120C8
:103030005C33012010B5044B044618688368E1B284
:103040005B689847204610BDAC370120F8B50546AF
:1030500016460846EFF31187202383F31288BFF347
:103060006F8F1B490B684BB11A4C62689A4205D0AE
:1030700000221A60626862B9C4E90033164A136814
:1030800053B987F31188BFF36F8F18460B60336015
:10309000F8BD13606360F1E7D2F804C01C686345B3
:1030A000146008BF546087F31188BFF36F8F5C68AA
:1030B0000B60A042D8BF00F1FF3403F108012246A3
:1030C00028460BF09BFC0023601C2B550123DEE7F8
:1030D00058330120643301205C330120002337B5CD
:1030E0001C462349234AC1E90033C2E90033224A7E
:1030F0004868146088B9C1E900220133082B02F145
:103100008802F5D11D4D1E4828600BF043F938B9EF
:103110004FF0FF34204603B030BD02604A60ECE758
:103120000020FFF7C5F804460028F1D1286883681D
:1031300023B11B6C13B12246124998472868836853
:10314000DB6A0BB1984748B1286883681B69002B7C
:10315000FAD001220DF107019847F4E700220A4B4B
:1031600028681A8083681B6A002BD3D09847D1E760
:10317000643301205C3301206C330120AC37012023
:10318000C4EB0000952F00000C47012041F20443DE
:103190002DE9F04FADF54F7DADF80C3040F606133C
:1031A0000026DFF8D890ADF81030D9F80010344B75
:1031B000DFF8D0801D680B78A5EB08055A1C62F378
:1031C00002030B706BBA4B808B8808225BBA8B8032
:1031D0004E70304608F06CF82A46414608F068F810
:1031E0000746ACB204F10A03D9F800201FFA83FBAA
:1031F0005BBAADF8183013680C34CDF81A30536848
:1032000041462A460DF1180A7FBA0DF12200A4B2F8
:10321000CDF81E300BF0F2FB2AF80B70534640F24B
:10322000C911009405AA5BA8FEF718FABDF814703E
:1032300007B3154D02212B6804A85B6898473446F4
:10324000DFF848803E1B7C2EA8BF7C262B685BAA3B
:10325000101931465B6898472B68012140465B682E
:1032600034449847A74205DD2B6802215B6803A818
:103270009847E7E70DF54F7DBDE8F08F1038012046
:10328000C837012024600120143801201EF70000F7
:103290002DE9F04F4FF0FF34D5B00B46059406945E
:1032A0000794012100240DF128080246C8E90044D2
:1032B00030A80091CDE901440421089409940AF052
:1032C000A3FF4022214620A80BF0BFFB8E4B032119
:1032D0001C93052304221D938C4B06AFCDE91E37AA
:1032E0008B4B8C4821938C4B05ADCDE923388B4B10
:1032F00007AE26938A4BCDE92B01CDE92836CDE9DF
:103300002D35279109AB1CA930A8229208F03FFE69
:1033100020B303240A2183480BF023F882490222B8
:1033200080480BF011F821467E480AF0F6FF4CB9B0
:10333000784903227B480BF007F87C4B79481968E1
:103340000AF0F5FF0A2177480BF013F8FFF71EFF8C
:10335000089808F0DEFB55B0BDE8F08F2B68D8E97F
:1033600000985A1CD5D0B9F1000FD2D0DFF8C0A117
:1033700033B93A68B2F1FF3F18BF1346CAF80030BC
:10338000DAF80000FDF7E8F808A9C0B2FEF798FBEC
:1033900004460028BDD12B68644D002B48D1089FFE
:1033A00028603846D7F808B007F01DFE614A01468C
:1033B000384607F04EFD08B10124ABE733685B45A2
:1033C000A7D85D4A14605D4A13602A685A4E424489
:1033D00031680898013A08F0BAFD0028306098DB9F
:1033E000089808F0E6FBB8FBF0F303FB1086DFF863
:1033F0004CB12B68A8EB06079844DBF8003008981E
:10340000984538BF002608F0D4FB012806D9089853
:1034100008F0CFFB013819EA000F51D13B464A466C
:103420002968089808F08BFB00287FF472AF2DE024
:103430002A6893427FF46EAF404A43441268934235
:10344000C3D966E7B845089828BFB84608F0B8FB66
:10345000402201460CA80BF0F8FA424649460CA857
:103460000BF0CCFA4346296808980CAA08F067FBD1
:1034700008B104464EE72B68C14443442B60A7EBD8
:103480000807089808F095FBB842DBD9DEB92B682D
:10349000DBF8002033443B4493422B607FF43AAF87
:1034A000244B08981A68114608F051FD002883DB68
:1034B000DBF800200899DAF8000009F08CFAD8E768
:1034C0004FF04008DDE7089808F07AFB0822014633
:1034D0000CA80BF0BAFA324609EB07010CA80BF066
:1034E0008DFADDF820802968404607EB010908F0D5
:1034F00060FB494603460CAA404608F020FB002822
:103500007FF407AFC3E700BF20F700005BE00000D7
:1035100026F700002FF7000065E000002BF7000001
:1035200061E00000C8370120C5F40000C037012069
:10353000C4370120B8370120B4370120B03701204B
:1035400038B505460A4C0A2120460AF00AFF022235
:10355000204608490AF0F8FE294620460AF0DDFE1A
:1035600020460A210AF005FFBDE83840FFF70EBEED
:10357000C8370120C5F40000F0B50C68164F85B0BF
:1035800002380D46C4F580610090144B381903AA27
:103590000131FEF7E1F80446D0B92B68039A1344D1
:1035A000022B2B6011D93E88023B76BAB6B29E42FE
:1035B0000BD13246B91C07F07BFE30B9022E04D97C
:1035C0002B689A1E2A60FC540124204605B0F0BDE9
:1035D0004FF0FF34F9E700BF6D61012070650120F5
:1035E000002307B502210093044A4FF4A473044852
:1035F0000AF0C1FE03B05DF804FB00BF24600120A7
:10360000C83701202DE9F04F072904469FB040F24A
:10361000BE81037813F0050F40F0B9814388A1F112
:1036200008055BBA9BB2AB42C0F0B181AA4B00F176
:103630000807186083885BBA8380FFF7D1FFA688EC
:10364000012E40F0A781E379012B00F0B380062B17
:1036500000F0B780002B40F0A381247814F0070419
:1036600040F0A48031469D480AF07BFE06229C492A
:103670009A480AF069FE052198480AF06EFEDFF8C4
:103680006482DFF864920026984F00E001263146FC
:103690002046D8F80050FCF74DFF05A9C0B2FEF750
:1036A0000FFA824650BB3146204606AA09F050F96F
:1036B000012805D120235146059806AA08F02AFAC8
:1036C000069B4B4514D13146204603F0CFFD0546FD
:1036D000874B1B6898420BD100204023CDE90200A4
:1036E0000093059A01900EAB06A9FCF7D5FF05469D
:1036F0003B680598AB4207D008F00BFA002EC5D006
:10370000002C44D13446BEE708F003FA1421734874
:103710000AF027FE0522774970480AF015FE214677
:103720006E480AF004FE042273496C480AF00CFE4D
:1037300031466A480AF0FBFD0722704967480AF0E3
:1037400003FEBDF82E30402101939DF82D306C4AC8
:1037500000930EA89DF82C3007F0FCF90C9B4BB1A0
:10376000421E3E2A06D80EADC0F14001654A2844EB
:1037700007F0F0F90EA8FCF707FD0EA9024657481E
:103780000AF0E2FD142155480AF0F3FDB6E70521E1
:1037900052480AF0EAFD012150480AF0EAFDFFF71D
:1037A000F5FC1FB0BDE8F04FFFF71ABF0820FFF788
:1037B000C7FEF6E7294638461FB0BDE8F04FFFF7D1
:1037C00067BD23785B0702D00820FFF7B9FEFDF73D
:1037D00017FE0121074641480AF0C3FD0622404971
:1037E0003E480AF0B1FD02213C480AF0B6FD002532
:1037F000DFF81491042139480AF0B3FD002847D0BE
:1038000005223C4935480AF09FFD002840D0294652
:1038100032480AF08CFD00283AD005223B492F4857
:103820000AF092FDA0B302212C480AF096FD78B36D
:1038300000262A4CDFF8C0A0DFF8D4B022E0042232
:10384000514620460AF080FD10B3314620460AF06A
:103850006EFDE8B131462846FCF76CFE0EA9C0B2F9
:10386000FEF72EF98046C8B10222494620460AF0EA
:103870006BFD68B1414620460AF04FFD40B1002E75
:1038800064D10126032120460AF06BFD0028D6D121
:10389000FFF7A6FE0220FFF753FE76E0042259460A
:1038A00020460AF051FD90B10E9B204699680AF01F
:1038B0003EFD60B10F22204616490AF045FD30B1A9
:1038C00006EB4501204601310AF031FD20BB0E9880
:1038D00008F01FF9DCE700BF10380120C8370120CD
:1038E00033F70000B82000203DB8F396942700205D
:1038F000B020002020F700003AF700003FF700005A
:1039000047F7000053F70000C5F4000057F7000028
:1039100077F700005DF700000E9808F0FAF8032131
:1039200020460AF026FD0028B2D0002EA9D00221A0
:103930002F480AF01AFD0028AAD017F8353043B9ED
:1039400004212B480AF015FD0028A1D08DB90125CE
:1039500050E70E22274926480AF0F6FC002897D0A7
:103960003B1D53F8351022480AF0E1FC0028E7D14E
:103970008EE702211E480AF0F8FC002888D00121B9
:103980001B480AF0F6FC002882D0FFF7FFFB1FB0AF
:10399000BDE8F08FF6B9E379012B07D0052B07D0EE
:1039A00008201FB0BDE8F04FFFF7CABD3046F8E76A
:1039B000304609F017F801280AD03046FFF7C0FD5D
:1039C0004FF4005000210AF043FF012007F0C0FE31
:1039D0000A20E6E72A4639462046054BFCF7F2FD69
:1039E0000028D4D11FB0BDE8F04FFFF7CFBB00BF18
:1039F000C83701206DF7000001232DE9F3410025B0
:103A00000646DFF8C080304C88F800302F4B304F2E
:103A10000095186098F8003013B902B0BDE8F08145
:103A20002C4BC5F58061C3F80046C3F80446C3F8C3
:103A30000846C3F80C46C3F81046C3F81446C3F84A
:103A40001846C3F81C4603F58053C3F80046C3F874
:103A50000446C3F80846C3F80C46C3F81046C3F83A
:103A60001446C3F81846C3F81C46336801AA01314E
:103A7000781998470028019B01DC002BCAD0054427
:103A80002BB940F201439D42C4D10025C2E73B78E7
:103A9000062B09D17B78092B0BD1002300936946B3
:103AA000A81EFFF769FD04E0042B02D17B78142BDC
:103AB000F5D00128E9D1009907480239FFF7A2FDA6
:103AC000E3E700BF6C6101203546526E14380120D7
:103AD0006E650120008001506F61012030BFFFF74B
:103AE000FDBF00BF2DE9F04105460B4EDFF82C80ED
:103AF000324606EB0807CC1B204609490AF07EFF38
:103B0000A01942460021083C0AF09FFF2C6707F1EC
:103B10000800BDE8F08100BF0000000004000000C4
:103B2000BCEF0000054B5A699B689A421FBF044ACC
:103B3000536843F080535360704700BF084501202D
:103B400000ED00E0154B9A6A12F0007F9A6A14BFEC
:103B50001E201D2012F0807F9A6A18BF1F2012F4C9
:103B6000801F9A6A18BF022012F4002F9A6A18BFA9
:103B7000212012F4802F9A6A18BF222012F4003FED
:103B80009A6A18BF232012F4803F9A6A18BF242033
:103B90006FEA02426FEA12429A62704700ED00E05B
:103BA00010B5184B0246986A9C6A10F4805F14BFE7
:103BB0001720162014F4006F9C6A18BF1820A40563
:103BC00008D5986A000404D51AB19A6A22F4004212
:103BD0009A6219200B4B9A6A12F4806F9A6A18BF86
:103BE0001A20D2050CD49B6A13F4005F18BF1C2066
:103BF000044A936A43F47F43936200230B7010BD21
:103C00001B20F5E700ED00E010B51C4B0246986A5A
:103C10009C6A10F0100F14BF1120102014F0080F30
:103C20009C6A18BF1220A40709D5586B986A000631
:103C300004D51AB19A6A22F080029A6213200F4BBF
:103C40009A6A12F0010F9A6A18BF142012F0200F1E
:103C50009A6A18BF1520D40658BF9B6A074B9A6A08
:103C6000920642BF5A6A22F400525A629A6A42F09D
:103C7000FF029A6200230B7010BD00BF00ED00E050
:103C8000F0B5474B04465B6800258BB0C3F30803CF
:103C900085F31188BFF36F8F02F07F40B0F17F4F43
:103CA00011D102F00C0008280DD010074CBF0C46B3
:103CB00001250022033B8DF80720032B05D8DFE800
:103CC00003F02462665F2C46F3E700239DF807208B
:103CD000CAB902AE04F12007324620686168083490
:103CE00003C2BC421646F7D1099A002D53D0C2F345
:103CF000080121B96FEA52226FEA4222099218465E
:103D000002A908F09BF90BB0F0BD254BDA6A9107C8
:103D1000DBD4DA6A002AD8DBDA6A5200D5D55A69D0
:103D2000A16942F480725A61BFF34F8FBFF36F8F66
:103D30005A6931F8021C22F480725A61BFF34F8F26
:103D4000BFF36F8F4DF60272914209D09A6AD2B2D8
:103D500042B101200DF10701FFF756FF0346B5E719
:103D60002368B3E79A6A12F47F4F05D001200DF162
:103D70000701FFF715FFF1E79B6AB3F5803FA4D376
:103D8000FFF7E0FEEAE700200DF10701E4E700207D
:103D90000DF10701EDE722F4FF7222F00102ADE719
:103DA00000ED00E0064B5A6942F010025A615A6970
:103DB00042F480625A615A6922F008025A617047DF
:103DC00000ED00E0EFF30880EFF3098101B57246E2
:103DD000FFF756FF01BD00BF002080F31488BFF33A
:103DE0006F8F002080F30A8880F30B880F4880F3E0
:103DF000088804F075F900200D490860BFF34F8F63
:103E000000F02CF8202080F311880A484FF400615C
:103E1000401880F30988EFF314800221084380F3EF
:103E20001488BFF36F8F00F0EBF80000C0A20520EC
:103E300094ED00E080710520002318460649D1F872
:103E40009020C2F30722934200DB7047C1F89830FC
:103E5000C1F8A0000133F6E700ED00E010B572B63E
:103E6000002484F31388FFF7E7FF23464FF0FF3069
:103E70000C4A03F120010133102B42F82100F8D144
:103E800000234FF0FF30074A03F160010133102B8C
:103E900042F82100F8D162B6BFF34F8FBFF36F8FA6
:103EA00010BD00BF00E100E0084B9B6883420BD1CE
:103EB000EFF3058343B1064B5A6842F080525A60D3
:103EC0005A6A22F400425A6206F0C0B9084501203D
:103ED00000ED00E014498A684FF030001044EFF321
:103EE000098C80E8F01F202080F31288BFF36F8FC9
:103EF0000E4F4FF000664A698A603E60106F0C4CAE
:103F00002060506F0023536780F3118802F1300066
:103F100090E8F01F8CF3098802F1000004B508F066
:103F2000A2F8BDE8044070470845012004ED00E018
:103F3000183801201EF0040F0CBFEFF30880EFF3D8
:103F40000980816911F8021C0229FFD001B572466F
:103F500008F07AF801BD00BF40B2002807DB01235A
:103F60004109034A00F01F00834042F821307047A6
:103F700000E100E040B200280CDB012206494309C1
:103F800000F01F008240203341F82320BFF34F8F01
:103F9000BFF36F8F704700BF00E100E0054B42099F
:103FA00053F82220012300F01F0003FA00F0104014
:103FB000704700BF00E100E040B2002801F10101BC
:103FC000ACBF00F16040064B4FEA4111C9B2ABBF34
:103FD00000F5614000F00F0080F80013195470479D
:103FE00014ED00E0044B054A23F07F039360BFF318
:103FF0004F8FBFF36F8F70470000000000ED00E0AF
:1040000008B5FFF7EFFF074AD2F8883023F47003B2
:10401000C2F8883005F0B8FA06F0BAF900F046F8B0
:1040200005F0F2FA00ED00E042F8203C009B0B495D
:1040300042F81C3C019B21F0010142F8183C029B14
:1040400042F8081C42F8143C4FF0807342F8043CDC
:104050000023203A02654367704700BF291600001D
:1040600000B50B4B15469860026F0A4B0E461A605E
:10407000036E83F30B882C4686F309880020064BD9
:1040800098472046002100220023044C204700BF0F
:1040900008450120183801206FC0000029160000D3
:1040A0001022014B1A61704700ED00E0002320212F
:1040B0000348C2180133452B82F80013F9D1704729
:1040C00000E100E008B5EFF30583064A103B02EB80
:1040D000C30152F8330049688847BDE80840FFF73C
:1040E00021BD00BF84EC00001FB5094C094A2346DE
:1040F0000121094800F0FAF800230393074B01213E
:10410000E41A01A80193029400F0FAF804B010BD7B
:10411000000007200020002028F1000008240020D3
:1041200010B50C7A0B6804F01F0223F01F031A432A
:10413000CB68640923F01F03054943EA440343F0B5
:104140000103C1F89800C1F89C20C1F8A03010BD4F
:1041500000ED00E010B5074BD3F89030C3F3072310
:10416000013B984202D8FFF7DBFF10BD6FF015004E
:10417000FBE700BF00ED00E02DE9F04F0F461446CD
:1041800006464FF000084D4D85B0B84580F292804C
:10419000D6F80490B9F1000F36D0B9F11F0F40F2F4
:1041A000878019F01F0F40F08380D6F800A01AF026
:1041B0001F0F7DD1504607F096FF834609EB0A009A
:1041C000013807F090FF834572D11BF1160F6FD0B5
:1041D0005C456DDDC5F898B0D5F89C10C5F898B071
:1041E000D5F8A03021F01F0143F01F0AD6E90032B4
:1041F0001A44994202F1FF391ED1CA4508D131460D
:104200005FFA8BF007F078FF08F101080C36BCE785
:104210003146C5F898B0D5F89C3022F01F0203F063
:104220001F031343C5F89C30E0B207F065FF10F19F
:10423000160F3DD0441CE7E7C5F898B0D5F8A0208C
:10424000013B23F01F0302F01F021343CA4531460E
:10425000E0B2C5F8A030E8D007F04EFF10F1160F1D
:1042600026D0C5F898B0D5F89C209DF808300AF102
:10427000FF3A62F304038DF80830D5F8A0309DF8BA
:1042800008205B0863F347128DF80820D6E9003256
:104290001344009323F01F035344A3EB090301309D
:1042A00023F01F036946C0B20393FFF753FFBEE735
:1042B0006FF01504204605B0BDE8F08F00ED00E07A
:1042C0000522044BC3F89420BFF34F8FBFF36F8FC9
:1042D000704700BF00ED00E0BFF35F8F0022024B8C
:1042E000C3F89420704700BF00ED00E010B5034C08
:1042F0002278FFF741FF207010BD00BF6F690120D9
:104300002DE9F74F294D8A4606464FF00008AB4687
:10431000274FD0451BDAD6F80490B9F1000F3FD0F3
:1043200031680846019107F0DEFE0199044609EB69
:104330000100013807F0D7FE84424FF014021D4BF4
:1043400008D002FB08F36FF015024BF8032003B00E
:10435000BDE8F08F14F1160F2C60F8D01978A14247
:10436000F5DD02FB08B0C7F89840C7F89840D7F8C9
:104370009C4000F10801007B64F304000871D7F849
:10438000A0000C79400860F347140C71D7F89C101A
:1043900021F01F016960D7F8A01021F01F012961E9
:1043A00008F1010814350C36B3E700BF1C380120B2
:1043B00000ED00E06F690120F0B54149414CD1F8B2
:1043C00090302568C3F307239D4287B075D800203D
:1043D000FFF782FF3C4BC1F8C030854216D13B4C01
:1043E00001A82570FDF766FB00250646384FAE4252
:1043F00013D1002023783249D1F89020C2F307224C
:10440000934254DBFFF75CFF00202FE0616801EB73
:104410000011FFF785FE0130DFE70199280101EB6C
:104420000513DA683A40B2F5001F21D0B2F5800FCB
:104430002BD0B2F5801F38D15A689B680958013BD0
:1044400022F01F0003440120844623F01F0340EAAA
:104450004C10CDE902218DF8100002A920780593B7
:10446000FFF778FE00281DDA6FF0150007B0F0BDE9
:104470005A689B680958013B22F01F0003444FF023
:10448000020C012023F01F03E1E75A689B680958DA
:10449000013B22F01F0003444FF0000C022023F0E8
:1044A0001F03D4E723780133237001359FE7C1F858
:1044B0009830C1F8A00001339EE74FF0FF30D5E7F8
:1044C00000ED00E034F10000AAFF44006F69012014
:1044D0000000F0FF054B03EB8000D0F8003223F022
:1044E000E04343F04053C0F8003270470025845049
:1044F000052370B5144D154E2C780134B4FBF3F33D
:1045000003EB8303E41A08F01FFA114A137823B16E
:1045100056F82430C01A072814D94FF05023D3F886
:10452000141141B10021C3F81411D3F814312C70C7
:104530000CB9012313702C7808F006FA46F8240011
:10454000012070BD0020FCE7716901203038012096
:1045500070690120012208B50B4B0C49C3F80025F6
:1045600002230020C1F8D036FFF7B4FF1046FFF752
:10457000B1FFC1F80427C1F80429C1F8002BBDE838
:10458000084000F0A5B800BF0010005000400050E7
:1045900007B50DF1070003F0C7FE0F4B984218D185
:1045A0004FF480620D4B0E49C3F8B8254FF40062FA
:1045B000C3F83C259DF8070009F0AFFA9DF8070005
:1045C000084909F0A5FA01209DF80730984003F04A
:1045D000A5FE03B05DF804FB0000AD0B00A0025087
:1045E0002CA0025028A1025048B1054B054A1B6877
:1045F000B3FBF2F35843044B43F0010318477047F1
:104600005821002040420F0000F00000002170B54A
:10461000104C114D114E000714F8013B03F01F021E
:104620005B090FD0012B0FD1334603EB8203D3F884
:104630000022013122F0E04202430429C3F80022A3
:10464000EAD170BD2B46F0E70023803253F82230C8
:10465000FFDE00BF8FF70000002584500028845043
:104660002DE9F041064601200D46FFF7CFFF4FF43C
:104670007F03D3F83021D3F83431072A20D1023B0D
:10468000032B02D8114AD35CD3B14FF050244FF022
:10469000010800270520C4F81886C4F8147609F02C
:1046A00035FA4046C4F8148609F030FAC4F8147696
:1046B000C4F8187630462B46BDE8F0410021184773
:1046C0004FF050230022C3F81426F3E78BF70000C5
:1046D0000149024807F0B7B85CF1000044380120F6
:1046E000BFF34F8F0549064BCA6802F4E0621343DB
:1046F000CB60BFF34F8F00BFFDE700BF00ED00E0D0
:104700000400FA050146014809F06EBFF0220020BE
:104710000149024809F0CBBF88380120A8240020B5
:10472000020600F07F0312D5082B05D1010700F027
:104730000F0306D50E48704710F0780F12D100F025
:104740000F034C2000EB43100A4B18447047082B12
:1047500005D1020700F00F0306D50748704710F097
:10476000780FF6D000207047044800EB43107047E4
:10477000AC39012060380120CC3A0120CC3901202D
:1047800000220023014805F0B1B800BFF02200204C
:1047900013B5002201213720FFF70EFC114800F06D
:1047A00023FE114B98421AD10024104804F0B4F9AA
:1047B0000F4804F0EBFD4FF0FF334FF480620D49DA
:1047C0000D48009405F020FA0C490B4809F091FFC0
:1047D0000B480C4909F04FFF204602B010BD6FF0A6
:1047E0000400FAE7154A00000000AD0B9EF7000038
:1047F00068F10000806D0520A824002093F70000D8
:1048000088380120314B0000002310B50B49D1E856
:10481000EF2F012A03D1C1E8E03F0028F7D10CD1E6
:1048200051F8044C1439204607F09BF8783004D135
:104830002046BDE8104007F070B810BD8038012058
:1048400038B5002464F07F00C0B2FFF769FF01347F
:1048500007F087FC082CF5D100240E4DE0B2FFF7DD
:104860005FFF036903B90561013407F07AFC082C86
:1048700005F14005F2D1084807F073FC074BD3F867
:104880007C2212B9064AC3F87C22064807F069FC6C
:10489000002038BDF03E0120AC39012060380120F5
:1048A000F03A0120CC3A012010B5054CFFF768FF23
:1048B00020B14168204609F0C6FDF7E710BD00BFF2
:1048C0006022002007B5002300220E4801A904F051
:1048D00017FF90B1FFF7E8FF00220023094801A964
:1048E00004F00EFF38B90423019840600374FFF709
:1048F00009FFFFF70DFF002001E00198406003B0C1
:104900005DF804FB6022002010B50446FFF7DAFFD3
:1049100060B1002204720274FFF7F4FE044B93F8B6
:1049200024301BB1BDE81040FFF7F2BE10BD00BF40
:1049300060380120012807B50FD002280ED048B9F1
:10494000002200230848CDE9002345F69A120023EF
:1049500005F0DEFE03B05DF804FB002003B05DF857
:1049600004EBFFF7D1BF00BFF0210020F8B5877836
:1049700006463846FFF7D4FE3B060446F57812D5C6
:10498000002D43D1FFF79EFF034600283ED00122B1
:10499000A5770274032202739C60FFF7B3FEBDE8A3
:1049A000F840FFF7B5BE4DB1012D2FD1FFF78AFFBB
:1049B000034658B3657705740573EDE7FFF782FF8B
:1049C00020B3B278124B12F0800F02F0080111D020
:1049D00041B1D3F8A836E360012303740223846055
:1049E0000373DAE7142102F00F0201FB0233D3F85C
:1049F0000836F0E711B1D3F8A837ECE7142102F03C
:104A00000F0201FB0233D3F80837E4E7F8BD00BF1B
:104A100000600350F0B5064689B01422002103A8B7
:104A20000AF013F83378013B052B21D8DFE803F0B7
:104A30007A0314146A16032300248DF81430FFF748
:104A400041FF0346A0B100F108020474DDE905014D
:104A500082E8030018461DE00423EDE7B7783846E6
:104A6000FFF75EFE837A044623B1013B022B43D954
:104A700009B0F0BD3B06F57813D5002DF8D1FFF74E
:104A800021FF03460028F3D00122A57702740322F8
:104A900002739C60FFF736FE09B0BDE8F040FFF7F7
:104AA00037BE55B1012DE3D1FFF70CFF03460028B7
:104AB000DED0657705740573EBE7FFF703FF074664
:104AC0000028D5D00123037402238460037304F10A
:104AD0000C01B07807F0A9FB134AE168B2F88C32F8
:104AE0008B4206D95B1AA2F88C3200F0C9FF384617
:104AF000D0E7A2F88C52FAE7304609B0BDE8F040A2
:104B0000FFF734BF01A800F099FF9DF80530052B91
:104B100004D19DF8043013F0600FA9D0034B012499
:104B200005938CE702248AE760380120CC39012004
:104B30002DE9F0438046AC4CDFF8B09285B0FFF72A
:104B40001FFE074610B905B0BDE8F08394F8253084
:104B50003A7C3BB9002A00F087807968A34809F0C5
:104B600072FCECE7042A43D8DFE812F07E0005006F
:104B7000FD0013012E013B7BBD68032B38D8DFE815
:104B800003F0023E5B6000226E69994B32607260F6
:104B9000D3F880143170D3F884147170D3F888146A
:104BA000D3F88C0441EA00217180D3F89014D3F833
:104BB000940441EA0021B180D3F89814D3F89C34CE
:104BC00041EA0323F3800823EB6030687168894B66
:104BD00003C311462B68687A984796F90030002B7A
:104BE00009DBF3889AB232B1A4F88C3200F048FFA6
:104BF00048467968B3E70023A4F88C32F8E76B7F66
:104C0000002BF5D02B7F002BF2D000264FF0FF3287
:104C10006E774FF0FF3378482E7707F0B5FA6B695F
:104C200001A901936B68CDE90236687A00F032FC85
:104C3000714807F0ABFADBE701212B68687A9847E7
:104C4000D6E7AB7A6BB9EB7F5BB96B484FF0FF32BD
:104C50004FF0FF3307F098FA00F018FF664807F0AE
:104C600095FA02212B68E9E73A7A042AC0D8DFE8EE
:104C700002F055031F636F0000F076FB0546002825
:104C8000B6D100F023FB01235C49D1E8EF2F002AC5
:104C900003D1C1E8E03F0028F7D1A9D141F8085C71
:104CA00041F8105CE0691439636106F0DFFD9FE7AD
:104CB000002565F07F00C0B2FFF732FD037A13B123
:104CC000407A01F045F80135082DF2D194F85431BD
:104CD0001BB194F8550101F03BF80025E8B2FFF74D
:104CE0001FFD037A13B1407A01F032F80135082D27
:104CF000F4D194F874321BB194F8750201F028F8DD
:104D0000002000F015FB012384F825302368002BD8
:104D10003FF46EAF00210220984769E7002584F830
:104D2000255000F07DFFFFF76FFD2368002B3FF457
:104D30005FAF29460420EFE7002B3FF459AF00F0A6
:104D40001DFB2368002B3FF453AF00210520E3E750
:104D50002268002A3FF44CAF002B3FF449AF0021FA
:104D60000620904744E708F110054FF0FF334FF05D
:104D7000FF32284607F008FAFFF762FD284607F0E1
:104D800005FA58F8283C002B3FF432AF00210120EF
:104D9000C2E794F874327BB1012584F8895284F813
:104DA0008852FFF78FFD38B1154A0574057382608C
:104DB000FFF7A8FCFFF7ACFC58F8283C002B3FF4A9
:104DC00017AF00210A20A7E704F0C8FA00F028FF77
:104DD00000F072FAFFF768FDFFF732FD04F0B6FA53
:104DE000084800F001FB03E7603801206022002042
:104DF0000060035064380120983801208038012079
:104E0000CC3A0120154A000038B5154D95F82440DC
:104E100024BB05F1380009F060FB022001F0FCF82A
:104E200022460121E8613620FFF7C6F804F08EFA29
:104E3000FFF706FD044610B9012385F82430094B1D
:104E40001B680BB1FFF764FC074BD3F80034DB079A
:104E500002D50020FFF76EFD204638BD0024FBE799
:104E600060380120F02200200070035010B54FF090
:104E7000FF324FF0FF330B4807F086F9FFF714FDC0
:104E800000F072FA08B100F0CBFE0024FFF7BCFC82
:104E900004F064FA044880F82440383007F076F9CA
:104EA000204610BD9838012060380120074B93F848
:104EB00024203AB193F82530002B14BF00206FF066
:104EC000120070476FF01200704700BF6038012079
:104ED00038B5104B044693F82430C3B10578284602
:104EE000FFF71EFC10B96FF0150038BD457223792D
:104EF0008372638843602078618810F0080F02D1C4
:104F00004B1E0B42EFD107F08BF90020EDE76FF05D
:104F10001200EAE76038012038B5124B054693F8D5
:104F20002420CAB193F82530B3B1FFF7F9FB04464A
:104F3000A8B1837A012B12D007D9023B012B07D9E4
:104F400000206369E060A36138BD00F0A5FDF7E7CC
:104F5000284600F047FDF3E76FF01200F4E76FF02A
:104F60001500F1E76038012038B50E4B054693F87F
:104F7000242082B193F825306BB1FFF7D1FB68B1E3
:104F800015F008040AD1284600F04EFD284600F02E
:104F900017FF204638BD6FF01200FBE76FF01500D9
:104FA000F8E700BF6038012038B50C4B054693F890
:104FB00024200C4662B193F825304BB1FFF7B0FBCB
:104FC00048B144B1284600F015FD2070002038BDDE
:104FD0006FF01200FBE76FF01500F8E76038012072
:104FE00070B5134E044696F82430C3B1FFF798FB12
:104FF0000546B8B1230705D4204600F015FD20462C
:1050000000F0DEFE2B7A83B901232B7296F825304F
:105010000BB9002070BD204600F09AFEF9E76FF052
:105020001200F7E76FF01500F4E76FF07700F1E793
:10503000603801202DE9F043DFF8E4801E4698F83F
:10504000243007468946154685B0002B61D098F874
:105050002530002B5DD003065ED5FFF761FB0446CB
:10506000002859D0037A002B56D04FF0FF334FF071
:10507000FF3208F1380007F087F8A37F4BB108F141
:10508000380007F083F86FF00A04204605B0BDE849
:10509000F083A37AC5B13BB301234FF00008A37797
:1050A000384601A9CDE90195CDF80C8000F0F2F960
:1050B0001C4B984229D084F81E801EBB6FF004045C
:1050C000194807F063F8E0E7E27F02B1E577002BCB
:1050D000E2D100F0E7FC8742DED000F0D7FC1248B6
:1050E00007F054F80024D0E7B8F80A30AB42F0D902
:1050F0006268B5FBF2F302FB1353002BE9D10123E5
:10510000E377E6E7C6F80080D8E706B1356000240B
:10511000D6E76FF01204B8E76FF01504B5E700BFEB
:10512000603801200000AD0B983801202DE9F041D6
:105130001D46204B174693F824200E46002A33D0F4
:1051400093F8253083B3030631D401B97FBBFFF751
:10515000E7FA044658B3037A4BB34FF0FF334FF0EE
:10516000FF32154807F010F8E368BB42984628BFA5
:10517000B84646B93FB905B12B600F4807F006F8AD
:105180000020BDE8F08142463046A16909F036FCB6
:10519000A3694344A361E368A3EB0803E360002D24
:1051A000EBD0C5F80080E8E76FF01200E9E76FF098
:1051B0001500E6E7603801209838012070B51E4DD3
:1051C000034695F8242082B395F825206AB31B0680
:1051D0002ED4FFF7A5FA044650B3037A43B34FF039
:1051E000FF334FF0FF3205F1380006F0CDFFE368E2
:1051F000B3B9012663692677A361637F83B1FFF7A3
:1052000061FB30B905F1380006F0C0FF6FF00B000C
:1052100070BD067484600673FFF774FAFFF778FABE
:10522000064806F0B3FF0020F2E76FF01200EFE748
:105230006FF01500ECE700BF6038012098380120BE
:1052400010B5084B0C4693F824302BB1FFF768FAE1
:1052500028B10460002010BD6FF01200FBE76FF072
:105260001500F8E760380120014B1860704700BF57
:105270006038012008B5074B93F8243023B1FFF7BD
:105280004FFA20B1406808BD6FF01200FBE76FF0E5
:105290001500F8E760380120064B10F0800FA3F1ED
:1052A000D80208BF1346182200F00F0002FB00309E
:1052B000704700BF084201200023024A1360024ADF
:1052C00013707047E8420120766901204FF40062B4
:1052D000114BC3F800240122C3F80025D3F80024A1
:1052E0001205FBD54FF40062C3F800248022C3F8F6
:1052F0001C250122C3F8302540F2FF12074B1A602B
:105300000023074A1360074A1370074A13700222EA
:10531000064B1A70704700BF00600350E442012042
:10532000E042012072690120746901207669012040
:105330000022094B10B51A70084A094B094C002885
:1053400008BF13463620C4F80033FEF705FE0123DC
:10535000C4F8043510BD00BF75690120FDFFDF01F1
:10536000FDFFFF0100600350034B1878012894BF34
:1053700000200120704700BF7669012010B54FF072
:10538000FF324FF0FF33154804F016FBEFF31181A5
:10539000202383F31288BFF36F8F114B1B7803F028
:1053A000FF0483B10F4BD3F8002412F400720AD12A
:1053B0000120C3F82C05D3F82C05D3F80004800590
:1053C00002D5C3F82C25002481F31188BFF36F8F19
:1053D000024804F0BDFA204610BD00BFE0220020C4
:1053E0007569012000600350F8B51C4B1C7894BB14
:1053F0001B4A40F2FF171060012226461A7064F023
:105400007F0514F0080FEDB214BF3946402128463D
:1054100006F006FF2846FFF73FFF0134092C86758A
:1054200006730661EBD1002440F2FF17254614F005
:10543000080FE6B214BF39464021304606F0F0FEB0
:105440003046FFF729FF0134092C85750573056186
:10545000EDD10448F8BD0448FCE700BF766901209F
:10546000E84201200000AD0B0500AD0B084B10F029
:10547000800F14BFD3F81025D3F81425012300F0B2
:105480000F018B40134214BF01200020704700BF62
:105490000060035002462DE9F843EFF31187202303
:1054A00083F31288BFF36F8F030703D1194B1B7867
:1054B00083422AD1184B10461C684FF00109E4437F
:1054C00006F0A6FE154EA4B2356809FA00F82C4382
:1054D00014EA08041BD11046FFF7DEFE034680F8ED
:1054E0000C9007C983E807004FF480021C619C758B
:1054F0000B4B45EA08050B483560C3F8042187F3D8
:105500001188BFF36F8FBDE8F8830748F7E70748B6
:10551000F5E700BF74690120E4420120E042012068
:1055200000E100E00000AD0B0A00AD0B0B00AD0B7D
:1055300010F0080F074B06D0D3F8C00410F4803FDA
:1055400018BF0020704700F00F0000F5947053F86A
:1055500020007047006003502DE9F04FAB4BAC4F7B
:10556000D3F8542185B0DAB10022C3F85421D3F81E
:105570000413890214D58DF80C20D3F8202503A834
:10558000ADF80E20D3F8C034002B14BF4FF0012229
:105590004FF480723B6813433B609E4B1B689847F7
:1055A0009A4BD3F8604134B10022C3F86021D3F89C
:1055B0006C44C3F86C44D3F828214AB10022C3F8E4
:1055C0002821954B187806F023FE012383401C43C5
:1055D000DFF84882924E98F8005098F9009015F044
:1055E000080141D1B9F1000F05F00F032CDA8D4A03
:1055F00052F8230010B342F823101422534303F14E
:10560000A04303F55833D3F80836874A03F0010363
:1056100011784B401370854804F09AF92846FFF73B
:105620003BFE837D032B37D1284606F0F1FD012395
:1056300003FA00F0336823EA0003336001254FF0DA
:105640000609DFF8D0A15DE0794A52F8230000286E
:10565000F4D042F823101422534303F1A04303F57E
:105660005833D3F80837D0E7B9F1000F674B09DB9F
:10567000D3F85021002AE1D00022C3F85021D3F8FA
:10568000A837C2E7D3F82C21002AD7D00022C3F8CC
:105690002C21D3F8A836B8E7037BDBB9284606F0FF
:1056A000B7FD012303FA00F03368B9F1000F23EAD4
:1056B0000003336001DA882DC0D106238DF80C3049
:1056C00000238DF80F30534B8DF80E501B6803A844
:1056D0009847B3E7002DB1D101224C4BDA64ADE716
:1056E00094FAA4F0B0FA80F03A6805FA00F31A438D
:1056F0000F283A6024EA0304326840F39D80134285
:1057000000F0AA80002CEBD1404BD3F800215AB115
:10571000C3F80041474B03A81C703F4B1C7001238A
:1057200003933C4B1B689847384BD3F85821002A09
:105730002ED00022C3F85821D3F80044C3F8004407
:10574000E30508D501223B4B03A81A7002230393FB
:10575000304B1B689847A50508D50022354B03A898
:105760001A70032303932B4B1B68984760050FD5D2
:10577000304B1A7862B100221A700122234B03A821
:10578000C3F808259A6504230393224B1B689847A6
:105790001E4BD3F85C3103B3244B9B681BB998F8BC
:1057A0000030590619D00022184B03A8C3F85C2119
:1057B000D3F88034184A23F07F031370336823F042
:1057C000011333603B6823F4803343F001033B60F3
:1057D000052303930F4B1B68984732683B681A42B6
:1057E00000F0938000220023104804F0E5F8002820
:1057F00040F08B80054BD3F82C35002B00F0A880AF
:105800000A4805B0BDE8F04F04F0A2B800600350AC
:10581000E4420120E84201207469012073690120FB
:10582000E04201200861035072690120E02200205B
:10583000306103507569012013407FF463AF60F05D
:105840007F018DF80C908DF80E108DF80F30DAF87E
:10585000003003A8984755E7A0F110018DF80C908F
:105860008DF80E108DF80F50F1E749F080052846AD
:10587000FFF712FD4368B0F814B001689B4528BFDC
:105880009B4601F06043B3F1005F044604D05A46E2
:10589000514809F0B3F85049226863685A442260BD
:1058A000A268A3EB0B03D20768B2636005D5BBF116
:1058B000000F04D10023237301E0002BFAD0012252
:1058C00002FA09F92AEA09033B60236915F0080F77
:1058D0005B44236188F80050404B6FD100284FF0A3
:1058E000140005F00F0500FB0530B5BF03EB850381
:1058F0000A35C0F80016C0F80017B5BFC0F804B6E6
:10590000C0F804B75A6043F8252005B0BDE8F08F11
:1059100061464FF0000B70454AD1003A18BF012292
:10592000BCF1000F46D0584544D9012202FA09F2D1
:1059300023EA02033360062302218DF80C30284B42
:10594000A1751B688DF80E508DF80F1003A89847AD
:105950003368D7F800A013EA0A093FF451AF19F0F1
:10596000012214BF92FAA2F999FAA9F9B9FA89F9B0
:10597000B9F10F0F01937FF678AFA9F11005EDB2E1
:105980002846FFF789FC04462846FFF7D1FD6268E8
:10599000B4F814E09042D4F800C0019BB8D800EBF2
:1059A0000C0B121AC4F800B0614683466260B2E77D
:1059B0000022B5E768B2002A81D17BE70028B5BF95
:1059C000C3F8A016C3F8A017C3F8A4B6C3F8A4B7C9
:1059D000B4BF5A629A6498E7F04001200060035017
:1059E000E8420120024B40F48070C3F8180570476C
:1059F00000600350030713D400F00F0310F0800F72
:105A0000084A0BBF03F5887303F5847302EB830226
:105A100052F8230008BF5068003818BF01207047B3
:105A20000020704700600350034BC3F80C0540F49E
:105A30008070C3F80C0570470060035000230360BA
:105A400043600E4BD3F880240270D3F88424427054
:105A5000D3F88824D3F88C1442EA01224280D3F888
:105A60009024D3F8941442EA01228280D3F8982437
:105A7000D3F89C3442EA0323C3807047006003508C
:105A80000122014BDA647047006003500122014B90
:105A90001A657047006003500122014B5A65704738
:105AA00000600350014B1878704700BF74690120F3
:105AB000024610B5EFF31184202383F31288BFF35D
:105AC0006F8F06F0A5FB01230A4903FA00F00B686B
:105AD00023EA00030B6012F0080101BF02F00F027D
:105AE000054B02F5947243F8221084F31188BFF33A
:105AF0006F8F10BDE442012000600350F7B50146EE
:105B0000EFF31185202383F31288BFF36F8FFFF724
:105B1000C3FB0646084606F07BFB012211F0800F0E
:105B200002FA00F22D4818D1036832EA03040AD0C1
:105B30000846FFF7BDFF0323B37585F31188BFF354
:105B40006F8F03B0F0BD264923EA020303600B68A0
:105B5000347323EA02030B60EDE70B0715D48029A9
:105B6000204B2FD001F00F0404F2DA346400C3F8A4
:105B70000048D3F80448D3F80478E4B244F00204AF
:105B80003C43C3F80448D3F80438154F04683B6815
:105B900064EA030C1CEA020FCFD013433B600023DE
:105BA0003373032324EA02040622B3758DF8073009
:105BB0000D4B04601B688DF804208DF8061001A8B9
:105BC0009847BAE740F2B474C3F80048D3F80448E1
:105BD000D3F80478E4B244F00404D1E7E0420120B1
:105BE000E442012000600350E842012038B5044639
:105BF000094D4FF0FF324FF0FF33284603F0DCFE33
:105C00002046FFF77BFF284603F0A2FE4FF48002F8
:105C1000024BC3F8042138BDE022002000E100E07F
:105C2000F8B54FF0FF324FF0FF332A4803F0C4FEBF
:105C30004FF48002284B3620C3F88421FEF7AEF9DA
:105C400098B10127254E264B34681B68240C240488
:105C50001C4354BB40F2FF13224D33603620C5F87D
:105C60000445FEF787F9C5F800431F4A13788BB146
:105C700000211C4BC3F808110121C3F80026C3F80A
:105C800004165960D3F808110029FBD00021C3F88D
:105C9000081111700022134BC3F800250D4803F0C2
:105CA00057FE0122114B1A70F8BD94FAA4F5B5FA0B
:105CB00085F528460F2DC6BFA5F11000C0B240F0F3
:105CC0008000030701D4FFF719FF07FA05F524EA5E
:105CD0000504BEE7E022002000E100E0E4420120EC
:105CE000E0420120006003507269012076690120C2
:105CF00010B504464FF0FF324FF0FF33114803F068
:105D00005BFE2046FFF7FAFE012304F00F029340EA
:105D1000DB430D4A14F0800F15BFD2F81015D2F8EE
:105D200014150B400B4014BFC2F81035C2F81435DF
:105D3000044803F00DFE4FF48002044BC3F8042125
:105D400010BD00BFE02200200060035000E100E031
:105D500070B50446FFF78AFB68B9012504F00F020D
:105D600014F0800F144B05FA02F205D0D3F8101589
:105D70000A43C3F8102570BDD3F814150A43C3F8BD
:105D80001425631E062BF6D8EFF31186202383F328
:105D90001288BFF36F8F2046FFF78AFE204606F079
:105DA00037FA064A8540136823EA0503136086F331
:105DB0001188BFF36F8FDEE700600350E0420120DF
:105DC000030610B5044605D4FFF714FE10B12046B3
:105DD000FFF76EFE014BC3F8184510BD006003507D
:105DE000084B70B5C31A0D4607499B10044659432A
:105DF0004022064806F038FA2B4601462046BDE808
:105E00007040184700430120B76DDBB664EB00001B
:105E1000402373B50B4C0093041B0B460D460A49F7
:105E2000A41061430646094A094806F049FA011ED2
:105E300005DA30462B4602B0BDE87040184702B084
:105E400070BD00BF00430120B76DDBB62BC300005F
:105E500064EB000010B5EFF31184202383F3128864
:105E6000BFF36F8F074A136823F00201DB0711604D
:105E700002D4012007F056FE84F31188BFF36F8F20
:105E800010BD00BFA04301202DE9F84300220121ED
:105E900006460520FEF790F8114802F0C5FA114BAE
:105EA000984219D102F0D0FA00244FF01C090C27B7
:105EB000DFF834803569414609FB045005F0C3FC26
:105EC000002807DB012307FB04551C44042CAB67A7
:105ED000F0D10020BDE8F8836FF00400FAE700BFBE
:105EE000E55F00000000AD0B70F100001FB500225F
:105EF0000123CDE902236B46084ACDF800D0CDF846
:105F000004D006F00BFA002805DB4FF48042002392
:105F1000684603F051FD05B05DF804FB61C3000065
:105F20000C22104B014602FB0033002030B4D3E9B1
:105F30001C521867EFF31180202484F31288BFF3FA
:105F40006F8F9C6F04F0C00444F002049C6780F3E0
:105F50001188BFF36F8F1DB12B4630BC0248184724
:105F600030BC70470043012064EB000010B4EFF335
:105F70001182202383F31288BFF36F8F17480168C3
:105F800041F002040460C80707D482F31188BFF30C
:105F90006F8F012010BC02F073BA4FF05021D1F87E
:105FA0000C04D1F80C14C907EFD5EFF3118083F37B
:105FB0001288BFF36F8F0A498B6F03F0C00343F061
:105FC00002038B6780F31188BFF36F8F82F3118810
:105FD000BFF36F8F002010BCFFF7A2BFA0430120CA
:105FE00000430120092813D8DFE800F00510121241
:105FF000121212120E0C074B986F10F0070007D107
:10600000FFF78EBF0220FBE70320F9E70120F7E747
:10601000704700BF00430120C3B21C20014A03FBAC
:1060200000207047004301202DE9F041012207467E
:106030003649D1E8EF3FC1E8E02F0028F9D133B964
:10604000334934484B60CB608A6005F00FFC7B1EFF
:10605000012B2BD8012F07D14FF05023D3F81C343C
:1060600003F00303022B21D008F03DFB0546F8B9ED
:10607000294B1B78E3B14FF0502302220646C3F8A8
:1060800008234FF05024DFF89480D4F81824D4F873
:106090001834D20315D503F00303022B01D0012FCE
:1060A0000FD16DB386F31188BFF36F8FBDE8F08118
:1060B000EFF31186202383F31288BFF36F8F01253E
:1060C000DFE7C5B1304605F0F2FFD4F81835DBB292
:1060D000012BDAD1D4F80421002AD6D00022C4F84A
:1060E0000421D4F804210222C4F818252022C8F87B
:1060F0008021A360C9E70021212008F0A9FBE4E783
:106100004FF050230222C3F80423CFE7FC420120C2
:10611000EC4201201C4301207969052000E100E0E8
:1061200000F1744000F5A6000A289ABF024B33F92B
:1061300010006FF00F0070478AF40000024B0B60F4
:1061400001231360704700BF00F200000048704751
:106150009CF100000268154BFF2A08BF4FF0FF3288
:10616000C3F824254268FF2A08BF4FF0FF32C3F866
:1061700028258268FF2A08BF4FF0FF32C3F8302578
:10618000C268FF2A08BF4FF0FF32C3F83425026906
:10619000FF2A08BF4FF0FF32C3F838254269FF2AB3
:1061A00008BF4FF0FF32C3F83C25704700B00250E3
:1061B000054B994206D14FF0FF324FF0FF331030BC
:1061C00003F0FABB704700BF0000AD0B2DE9FF479D
:1061D0000F4605461E4690464168002A77D0002BA0
:1061E00075D0042B01D9B30771D117F003046ED118
:1061F000002F6CDBCA6ABB19934268D8284606F0A8
:106200009CF9204606F069F9044648B1012006F0E1
:1062100064F9284606F076F9204604B0BDE8F08718
:10622000032E1CD83A460421684607F02CFD04468C
:1062300001462869FFF7BCFF264B9C4234D1324609
:106240004146684608F0DAFB3A460421684607F002
:1062500017FD044601462869FFF7AAFF24E008F06D
:106260006043B3F1005F02D118F0030F2BD0DFF8C9
:1062700064A0102EB14628BF4FF0100941464A468F
:10628000684608F0BBFB3A464946684607F0F8FC0A
:10629000044601462869FFF78BFF544504D1B6EB4D
:1062A0000906C8444F44E4D12046FFF739FF0446AD
:1062B000012006F012F90646284606F023F9002CC4
:1062C00008BF3446A8E73A4631464046BFE76FF07C
:1062D0001504A1E70000AD0B2DE9F04F824688467A
:1062E0001C46174685B0002A00F08F80002B00F076
:1062F00088800029C0F289804268CB18D26A934214
:1063000000F28380C8F1000505F0030506F015F9D9
:10631000A54228BF25467B4203F0030307F003068E
:1063200058BF5E42764206F00306A64228BF2646C4
:10633000631BA41B24F0030423F00309A145C8BF79
:10634000A14603F0030BC8BFA3EB040BB9F1000F88
:1063500018D0BB1908EB050249461846019307F00F
:1063600092FC04460146DAF81000FFF721FF284AA4
:1063700094423DD1B54205D0019B4A461946781951
:1063800008F049FBC5B1C5F104060421A8EB0602DB
:1063900002A807F078FC04460146DAF81000FFF77F
:1063A00007FF1B4B9C4223D106F108032A463846BF
:1063B0000DEB030108F022FBBBF1000F17D0082101
:1063C00008EB05024A440DEB010007F05CFC0446B3
:1063D0000146DAF81000FFF7EBFE0D4B9C4207D1A7
:1063E00009EB05005A4602A9384408F007FB084C9F
:1063F000504606F087F8204605B0BDE8F04FFFF79D
:106400008FBE184605B0BDE8F08F6FF01500F9E7B4
:106410000000AD0B2DE9F047C1F30B0307460E4614
:106420001546D0F804C0002A6BD0C2F30B0252EA22
:10643000030466D1002964DBDCF82C204B1993425D
:106440005FD806F07AF82046D7F8048006F045F8C1
:10645000044600284FD1DFF8B090D8F82C30AB427A
:1064600021D107F013FCAA46044621463869FFF7FC
:106470009FFE4C452CD15644A5EB0A0500214FF454
:10648000A47008F0E5F906F00DF8041E30DB14F0F6
:106490000104F3D1002DE0D1012006F01EF8002CFC
:1064A00008BF044627E0B5F5803F09D3B3B2A3B9CE
:1064B0003146012002F0AAFE4FF4803A0446D4E7A8
:1064C000B5F5805F09D211493869FFF771FE0F4CAD
:1064D0002046FFF725FE0446DEE7C6F30B00002842
:1064E000F1D1314602F092FE4FF4805A0446BCE7E7
:1064F000012005F0F2FF384606F004F82046BDE81A
:10650000F0876FF01504F9E70000AD0B0400AD0B48
:106510002DE9F047436890B05D6B0746002128469F
:106520000AAA06F097F8041E7BDB0A9B2A681979F1
:10653000186800F0B1FA041E73DB002201212B2041
:10654000FDF73AFD00264FF05023C3F8B865072049
:1065500007F01BFFD7F804803A694046564902F01D
:10656000AFFDFFF7DDFD041E51DB544D0AAC0FCD2E
:106570000FC495E80300AB230DF1040984E8030080
:106580000196C9E901668DF804304D4B0AA8D3F88D
:10659000242504ADD2B20492D3F82825D2B20592B4
:1065A000D3F83025D2B20692D3F83425D2B207926E
:1065B000D3F83825D2B20892D3F83C35DBB2099330
:1065C000FFF7C8FD012002F0F9FD01462846FFF75C
:1065D000C1FD3C4B994228D13146484605F031FF78
:1065E000041E14DB232007F0D0FE4FF0030A9F2384
:1065F00031460AA8CDE90A66CDF81090CDF814A06E
:106600008DF828300C9505F01CFF041E10DA4FF0B1
:1066100050230222C3F8B82502F0EEFD08B102F0C3
:10662000D9FD204610B0BDE8F0876FF00404EEE716
:106630005246494608F1300008F00FFA0446002897
:1066400034D17A68537F023B012B2DD9167F023E4D
:10665000022E8CBF0026012605F024FF002828DB2F
:10666000C2B2C0F380108642D1D00023012182F053
:1066700040020AA8ADF800300A938DF80020CDF84A
:1066800010D005910C938DF828100B9505F0D9FECC
:1066900004460028BBD105F005FF041E01DBE3071B
:1066A000F9D404EAE474B2E70126D5E76FF01204E6
:1066B000ADE70446ABE700BF37C40000C0EF000001
:1066C00000B002500000AD0B024B0B6001231360C1
:1066D000704700BFA44301200048704708F2000043
:1066E00010B501220648114607F089FF07F0AEFAFF
:1066F000044C206007F0A7FA6060002010BD00BFC6
:10670000AC430120A443012070B50C46154607F0A8
:106710009AFA29460646204605F036FF08B3B4FB30
:10672000F6F306FB1343E3B9B5FBF6F306FB13538D
:10673000BBB9AE4201D9002070BD4FF0FF324FF01F
:10674000FF33094803F038F907F07DFA0646204682
:1067500002F072F9AD1B3444F9D1034803F0F8F8A4
:10676000E9E76FF01500E7E7AC4301202DE9F041C0
:106770000D461946284616461C4605F005FFC8B3C7
:1067800014B90020BDE8F0814FF0FF324FF0FF3325
:106790001A4803F011F915F003070CD0C7F10407EC
:1067A000A74228BF2746314628463A4602F072F9EA
:1067B0003D443E44E41B002724F00308B84507EBA2
:1067C000050012D16FF00302A30802FB03421AB1C5
:1067D00006EB080102F05EF9094AD2F80034DB0743
:1067E000FBD5064803F0B4F8CBE7F15902F042F9C3
:1067F0000437E3E76FF01500C4E700BFAC430120A6
:1068000000900350B1F5802F10B508D2C1F580205B
:10681000834204D841EA030010F0030003D06FF074
:10682000150008E004309842FCD3074813440144A3
:106830009A4201D1002010BD087812F8014B204087
:1068400001F8010BF4E700BF77690120024B0B60F0
:1068500001231360704700BF10F20000004870472A
:1068600018F20000B1F5802F104608B51A4609D27B
:10687000C1F580239A4205D8044B194408F0BEF8AC
:10688000002008BD6FF01500FBE700BF776901200D
:10689000B1F5802F38B51DD2C1F580239A4219D8A1
:1068A00041EA0205C5F30B05A5B90C4B21F47F6144
:1068B00021F00F01140B0B44A54201D1002038BD7B
:1068C00018464FF48052FF2108F0BFF8013500F55B
:1068D0008053F1E76FF01500F1E700BF7769012001
:1068E00008B54FF48022FF21024808F0AEF80020DE
:1068F00008BD00BF776901204FF4802301480B6079
:10690000704700BF77690120F0B540680D46037BF2
:1069100001F01F0141EA4311D30640F2063348BF9C
:10692000032402EA030358BFC2F3401485B0B3F551
:10693000837F8DF8034043D00DD8062B16D005D8A1
:10694000A3B1022B3ED06FF0150037E0B3F5807F86
:10695000F9D101230AE040F20226B34234D0B3F564
:10696000407F33D0B3F5007FEDD1022317032FD53D
:106970000127466807FA05F5B560056995BB01F082
:106980001F0049092CD0012952D12B4901EB80016C
:1069900082F48035D1F80002C5F30045C2F34042CD
:1069A00042EA450220F4706042EA840220F00F00BF
:1069B00042EA03230343C1F80032002005B0F0BDD2
:1069C0000723D3E70423D1E70523CFE70323CDE74C
:1069D000560341BF0127466807FA05F5F560CCE785
:1069E0001649D3E712F4403F00F1100002D107F03E
:1069F00017F9E2E712F4003511D082F48032C2F3C5
:106A000000428DF804308DF80520002301AA8DF88E
:106A1000064001F04BFF0A4B9842CED093E70DF1B0
:106A2000030301AACDE90255019301F07FFEF2E7CD
:106A3000803055F82030FFDE002884500025845037
:106A40000000AD0B10B5446823695BB110342046DB
:106A500001F0D2FF014628B9204601F0A9FF044BFE
:106A6000984201D1002010BD6FF00400FBE700BF89
:106A70000000AD0B036803F01F025B09026004D045
:106A8000012B034818BF002070470248704700BF21
:106A900000288450002584502DE9F04F1546834688
:106AA00040F2FF18DFF87491DFF874A185B000EBB5
:106AB0008101594503D1002005B0BDE8F08FDBF816
:106AC0000030C3F3C322082AC3F3080400F2A080F5
:106AD0001B0E043B444508BF4FF0FF3419F8027009
:106AE0001E2B00F29880DFE803F01017269696968A
:106AF000962D5A9696969696969696965D676A6D98
:106B0000969696707685888B8E00601CC5F8084531
:106B10007CD10BF1040BCCE7621CC5F80C45F8D016
:106B2000012603A80394FFF7A5FF0122039B02FAA5
:106B300003F3C3600FE0C5F81045631CE9D00026DD
:106B4000002208E0C5F80845002FF6D1631CE0D00C
:106B5000002606273246DBF80030039403F4004099
:106B6000002818BF002203A818BF01260193009235
:106B7000FFF780FF039C019B00EB8400D0F80042EC
:106B8000C3F3412C009A3B0243EA8C03134304EA0B
:106B90000A04234343EA4603C0F80032B9E7C5F8C4
:106BA0000C45D1E7C5F86045661CDBF80030B0D075
:106BB000C3F300439BB9B3E7C5F86445F4E7C5F8F0
:106BC0006845F1E7C5F86C45EEE7C5F82445601C5B
:106BD0009FD00126B4E7C5F82845621C99D001264C
:106BE00003A80394FFF746FF039B324606FA03F31C
:106BF0008360B0E7C5F83045E9E7C5F83445E6E716
:106C0000C5F83845E3E7C5F83C45E6E7002688E7E0
:106C10006FF0150050E76FF085004DE704F80000B5
:106C2000F0F0FCFF38B570B14FF400450021064C80
:106C30000023E0FB0541054A2046F9F78BFABDE841
:106C4000384007F005BE38BD3F420F0040420F00FC
:106C50000123834070B5DC430B4AD2E8EF1F01EA01
:106C60000405C2E8E65F002EF7D14FF4803282407F
:106C70000648C0F80823BFF35F8FBFF36F8F0B4246
:106C800014BF0120002070BD0844012000500150B5
:106C900070B40E4922F07F46D1E90034D01AC318EF
:106CA00044F10004C1E90034A6F50013B3F5400F28
:106CB00009D2074B1B681A0A1B069C19054B42F1A7
:106CC0000005C3E9004570BC03F03EBC5825002018
:106CD0000C44012060250020D9B101230D4A8340D6
:106CE000D2E8EFCF4CEA030CC2E8E1CF0029F7D19C
:106CF0004FF48033084A8340C2F80433074BD3E88B
:106D0000AF3FC340DB0742BF4FF40012044BC3F850
:106D10000021704708440120005001500444012024
:106D200000E100E00D4B1868010A0006BFF35F8F19
:106D30000B4BD3F80435181841F10001B3F5801F4F
:106D40000AD2084BD3E90023904271EB030303D22C
:106D500010F1807041F10001704700BF0C44012028
:106D600000500150602500202DE9F04F85B01646F7
:106D70001F4604469DF840A0FFF76AFF0190FFF709
:106D8000D1FFB04271EB070352D23B4B301A67EB95
:106D90000101984271F100014DD2384B03EB04130D
:106DA000D3E902239F4208BF964258D04FF480385F
:106DB000334908FA04F8204626F07F4BC1F848838F
:106DC00005F0B6FD4FF00309584604F15005AD003B
:106DD000ADB205F1502504F5A87305F58035029391
:106DE000029A20F07F4341F82230C1F84483D1F861
:106DF0000435244AC01A033820F07F4090422ED92F
:106E0000286868B1D1F80435A3EB0B0020F07F406F
:106E1000B0F5000F039322D9204605F089FD039BAE
:106E2000BAF1000F07D109EB030009F10109D7E717
:106E3000BAF1000F09D06FF0150520460199FFF750
:106E40004BFF284605B0BDE8F08F01230E4AA34052
:106E5000D2E8EF0F1843C2E8E10F0029F8D1074943
:106E60000E982301C8500F9B01EB04120025C2E9C4
:106E700002675360E1E700BF010080004825002061
:106E800000500150FDFF7F000444012030B54FF059
:106E9000FF3000244FF0FF31194D1A4B4FF4001210
:106EA000C5F80833C5F84833174BC5F80845C3E99A
:106EB00002014FF48033C5F804330223C5F80433CC
:106EC000124B85B00121C3F8802115202246FDF721
:106ED00073F81520FDF740F801230D4AAB602B60D5
:106EE00013600C4B0C4A009320460023CDE901446B
:106EF000FFF73AFF2046FFF797F8204605B030BD70
:106F00000050015003000F004825002000E100E080
:106F100008440120916C0000FFFF7F002DE9F7433A
:106F20002E4BD3F8042390070BD5D3F8042142B19C
:106F30000022C3F804212A4AD3F80431136801332C
:106F40001360264AD2F80433D90326D5254BD3E85B
:106F5000EF1F21F00100C3E8E40F002CF7D1CB07AD
:106F600002D4D2F84031C3B100251C4CC4F84051C2
:106F7000D4F84031FFF7D6FEEFF31182202383F3DC
:106F80001288BFF36F8F184BD3E90267B042B94143
:106F900006D282F31188BFF36F8F03B0BDE8F08390
:106FA0004FF0FF38D3E900104FF0FF391D60C3E9FF
:106FB00002894FF48033C4F84833C4F84051D4F800
:106FC000403182F31188BFF36F8F0029E5D0009024
:106FD00032463B4628468847DFE700BF0050015055
:106FE0000C440120044401204825002030B5431CF6
:106FF000124C85B005D08442A8BF0446012CB8BF0E
:107000000124FFF78FFE0E4B0C4DD3E90013401AFD
:10701000B0F5000F0FD22218AA4228BF2A4600203E
:1070200052180849CDE90100009143F10003FFF730
:107030009BFE05B030BD2A46F1E700BFFFFF7F0091
:1070400058250020916C000008B5FFF76BFE024B3D
:107050001B68C01A08BD00BF58250020012310B5C9
:10706000074C15206360FCF785FF4FF40012054BB9
:10707000C4F80833C4F84833034BC3F8802110BD6B
:107080000050015003000F0000E100E040EA01035E
:10709000C3F30D0330B58BB940F21515094C890BBC
:1070A000C0F38730994201D1002030BDC218D2B25E
:1070B00002F5C07244F822500133F3E76FF0150077
:1070C000F3E700BF003000504FF0005318680D4B3D
:1070D000984210D003F11C53A3F58B13A3F6CC53A5
:1070E00098420AD0084B984209D0084B98420CBFEE
:1070F00004200220704700207047032070470120C1
:10710000704700BFB6B3B4B55DCE03F1EC49F2B63B
:1071100008B5FFF7D9FF30B1034807F027FC00227C
:10712000024BC3F8402408BD282200200030005044
:107130002DE9F0414FF0502315460122C3F81426E3
:10714000002858D0002956D04FF0005302F13642A3
:10715000A2F14B12A2F59842C3E900204FF4084275
:107160009960DA60FFF7B0FF4FF47F03D3F8302166
:107170000646072AD3F834312DD1023B032B02D81F
:107180001E4AD35C3BB34FF050244FF00108002758
:107190000520C4F81886C4F8147606F0B7FC4046FB
:1071A000C4F8148606F0B2FCC4F81476C4F8187655
:1071B000FDB1134C204607F0E8F8FFF785FF864243
:1071C000F8D002280F4B0CD100226FF00D00C3F84D
:1071D0004024BDE8F0814FF050230022C3F814266C
:1071E000E6E74FF050220121C2F814160022C3F83E
:1071F00040240020EDE76FF01500EAE730F80000CA
:1072000040420F000030005010220B4B13B5C3F862
:1072100040240022FFF78CFF044650B94FF400428F
:1072200000230648CDE9002303F072FA044807F072
:10723000ACF8204602B010BD0030005028220020DB
:1072400040420F001022034BC3F840240122FFF7F5
:107250006FBF00BF00300050034B000240F004003D
:10726000C3F80007704700BF00300050012803D169
:1072700011B9024B18687047014BFBE794270020B7
:10728000B020002013B50446104807F083F8B0B1D1
:10729000002001A9FFF730FB0D4B02689A4211D183
:1072A0000389C16818444368B3F1807F0AD91CB1CF
:1072B000FFF7C8FF02B010BDFFF7A6FFFAE76FF0B7
:1072C0001200F7E76FF03C00F4E700BF24EC000089
:1072D0003DB8F396F0B585B06E4681680546103925
:1072E00021F0070404F06CFC32460A4B03F1100C49
:1072F000374618685968083303C763453E46F7D1D7
:1073000010232146284604F01AFC003818BF01203B
:1073100005B0F0BDA0F4000030B50D46816887B01F
:10732000102302AA1039044604F0F4FB002802DA04
:10733000012007B030BD1022204602A905F078FBDD
:1073400000283AD110221E4902A807F086FB002827
:107350000CBF012302232B70204605F055FB0123AF
:1073600001460DF10702204604F0D4FB0028DFDBC4
:107370009DF80730204603F00F021B096A702B713D
:1073800001220DF1070105F053FB10B96B78042BB6
:1073900003D901236B7000232B71A2682046183A91
:1073A00022F00702083AA91C05F055FB0028BFD1BE
:1073B0002046E91C05F06BFBBBE70323CBE700BFCE
:1073C000A0F400007FB56946044605F0F2FA0128F2
:1073D00005D1264B694653F8340005F05EFB0028C2
:1073E00036D1224B02A903EBC403586805F055FBC4
:1073F00001282BD103238DF808308DF80B300024A1
:107400009DF800509DF80860194A2946107805F04B
:1074100001FB18B33146507805F0FCFAF0B19378CF
:10742000042B03D09DF80310994217D1D378042B75
:1074300003D09DF80B10994210D11379042B09D178
:107440005079831E022B03D804B070BD0028D6D01B
:10745000FF20F9E79DF802109942F1D00134032C86
:1074600002F10602D1D10120EEE700BFB0F2000028
:1074700034F80000044B1B68584043085B4240420C
:107480001843C017704700BF104401208842F0B570
:1074900004D00025084F0438AA4200D1F0BD3E6850
:1074A00050F8044F5E4024EA060451F82560013587
:1074B0001E4034430460EFE7104401202DE9F04FF3
:1074C0008DB01D46189B8346B3F12A3F8A46179F0D
:1074D0001A9E059240F08D803946169805F04CFBB7
:1074E000012838BF0120470900F01F044FF00109AF
:1074F0007B01502B34BF4B4603230A9309FA03F355
:107500000B930A9B059805FA03F306EB8303069396
:1075100003EB8503079305F00BFD4FEA8508424610
:1075200000210890304607F090FA079BC6F80090BB
:107530000393089B3146CDE90153059B3046199AC8
:10754000009306EB08092B4605F003FD5146424621
:10755000484607F053FA0223494609930B9B099AC0
:10756000934248D142463146584607F047FA4FF019
:107570000009CA46079B5A460393089B5946CDE922
:107580000153059B584600932B4605F0E2FC002C66
:1075900047D11F24013F169B0AF1010A53F82730F7
:1075A000E34003F0010343EA49090A9B534503D032
:1075B000002CDFD1002FDDD1189BB3F12A3F32D14F
:1075C000424609FB0861069807F018FA079B5946DE
:1075D0000393089B5846CDE90153059B069A0093F7
:1075E0002B4605F0B6FC002CC1D1BFB90DB0BDE8EB
:1075F000F08F00247AE7079B01EB080A0393089BAE
:107600004A46CDE90153059B504600932B4605F0B1
:10761000A0FC099B5146013309939FE7A146A2466E
:10762000A8E7013CB7E731464FF0000A0A4B2A466B
:1076300018681B68584080EA090080EA0A00FFF7D2
:1076400019FFC3430698FFF721FF099B0AF1010ABE
:1076500053454144EAD1B9E710440120054B0131BB
:107660001B680132434022EA030208400243501ED5
:1076700000B27047104401202DE9F04F834699B0C5
:107680000F46184600211646039305F0D3FE002846
:1076900000F0898100240125774B3046149303992B
:1076A00015ABCDE90B45CDE90D45CDE90F45CDE94C
:1076B0001145139305F047FEA04228DABBF1000FF5
:1076C00005D1E7B90024204619B0BDE8F08F214666
:1076D000584605F0C0FD04460028F2D00BA805F07E
:1076E00007FD0DA805F004FD0FA805F001FD11A888
:1076F00005F0FEFC0C2115A800F014FBE3E7314671
:10770000384605F073FD04460028E7D1DAE7314634
:107710000BA805F06BFD04460028DFD103990DA8E6
:1077200005F064FD04460028D8D1F1880FA8023185
:10773000ADF83850ADF8305005F0E8FC04460028AC
:10774000CCD101460FA805F086FD04460028C5D11E
:10775000F18811A8023105F0D9FC04460028BDD1FA
:107760000DA805F0A4FD00F01F001F2873D0C0F184
:107770001F0319460BA8019305F0BFFD044600281E
:10778000ACD101990DA805F0B8FD04460028A5D19B
:10779000BDF83250BDF83A800DA8A5EB080A4FEAB3
:1077A0004A19494605F0A9FD0446002896D14FEA3A
:1077B0008A0A0DA90BA805F0F5FD00284DDA494607
:1077C0000DA805F0B7FD0446002887D108F1FF3366
:1077D00005939B0005F1FF3A069305F1804508F1FA
:1077E0008043023B013D9B00A5EB08050893AB00DD
:1077F0000293059B9A4541D8BBF1000F0DD0584626
:107800000FA905F0F3FC002840F0C980039AB38863
:10781000928813FB02F3ABF80430002F3FF45EAF05
:1078200001990BA805F086FD002840F0B880B388C8
:107830000BA93846ADF8303005F0D8FC01460028D9
:1078400040F0AF80384605F0F5FD00287FF446AFE4
:107850000123BB8042E701949AE70F9A0BA952F8E3
:107860000A300846013342F80A300DAA05F0C7FE77
:10787000044600289DD031E7010003000D9B069AC5
:1078800004931344DDF82C900793049B4FEA8A0875
:107890009A5859F82A10A8F104030F9D0993029BE6
:1078A00091421D4476D2A8F10400002359F800004B
:1078B000F8F750FC002914BF4FF0FF330346BAF12C
:1078C000010F2B600EBF002309EB080353F8083C9F
:1078D0001593A8F1040359F80330169359F80830AA
:1078E000DDF8108017932B6801332B60089B9844B8
:1078F0002B680021013B2B6011A805F0ACFC00288F
:107900004DD1059B002B48D0D8F80020119B11A920
:107910001A60079A084612685A602A6805F073FED2
:1079200000283CD113A911A805F03CFD0028DFDC9C
:107930002A680DA911A805F066FE80BB029B11A85C
:107940004FEAC308414605F0D8FC40BB0BA90846E6
:1079500011AA05F054FE014618BB0BA805F06AFDFC
:10796000002812DA0DA911A805F040FCB8B941466B
:1079700011A805F0C2FC90B90BA9084611AA05F0A0
:107980003BFE60B92B68013B2B60029B0AF1FF3A7A
:10799000043B2DE74FF0FF3391E7059AB6E7044625
:1079A0009CE60C469AE66FF00B048CE6F0B5114CA1
:1079B000002B14BF9C468C46246800234440E443BB
:1079C000059F03F1040E774502D2BB4209D3F0BDF7
:1079D000D5585CF80360054026403543CD507346CA
:1079E000EFE7D55C1CF80360054026403543CD54D5
:1079F0000133EAE7104401200928024818BF00209B
:107A0000704700BF46F8000001680E4A03469142E5
:107A100015D1C169A2F11022A2F1EF1291420ED14B
:107A20008268012A0BD8C26812B101698A4206D065
:107A3000586928B19B691B1A584258417047012068
:107A4000704700BF55AA00FF70B50D4B9E68A6B1E8
:107A50003046FFF7D9FF044678B9F3686BB935694A
:107A60000DB9204670BD2846FFF7CEFF28B9EB6858
:107A7000B34202D12E462D69F2E70124F1E700BF9F
:107A8000144401202DE9F8433F4F3C68D4B1BC6851
:107A9000C4B100284AD0002948D001FB00F5B5FB4D
:107AA000F0F0884242D1281D40D8A9070DD025F01A
:107AB00003060436FC6803E06368B34238D2A46965
:107AC000002CF9D12046BDE8F8832E46F2E7FB6092
:107AD00041E006F120016318203A5A600022C3E910
:107AE00002242A4822691A6160502949D96102B1E9
:107AF000D36062695A61A1699961AAB193619A6977
:107B000002B153614FF0010923610023C4E9016907
:107B1000C4E905333B69DB072ED5FFF795FF58B362
:107B20001C4B48461B6826E0FB60E8E70024C9E7D9
:107B3000A3681BB1174B01201B689847626804F1CA
:107B40002008921B232AC4D80123A360D4E905236B
:107B5000002ABCD09361A3690BB162695A6100230A
:107B6000C4E905333B69DA0706D5FFF76DFF18B1A5
:107B70000120084B1B6898472A460021404644468E
:107B800006F063FF9EE700BF1444012055AA00FFE2
:107B9000669911EE4C21002070B50546002800F0D2
:107BA0008880444E3368002B00F08380B268002A3E
:107BB0007FD0834203D872681344984203D33E4B6C
:107BC00001201B689847A5F120042046FFF71CFF01
:107BD00018B1394B01201B68984755F8183C012B08
:107BE00003D0354B01201B689847002345F8183C0B
:107BF00055F8143C3BB39A682ABB55F81C2C02F18B
:107C000020015A680A445A6055E905321A6155F84C
:107C1000145C2B6903B1DD6020220021204606F0B0
:107C200014FF286910B18368002B2ED033699B079D
:107C30003FD5FFF709FF00283BD0BDE870401E4B41
:107C400001201B68184755F8100C00282AD08368BB
:107C500043BB426863681344203363600369236154
:107C6000D4E905239AB9CBB9436963618269A261FA
:107C7000B3B19C61A36903B15C61236903B1DC60AA
:107C80002022002106F0E1FED0E72C46E1E79361D7
:107C9000A369002BE8D062695A61E5E7F360F7E772
:107CA000F460E7E7F36845F8083C03B15C61F46011
:107CB000BCE770BD144401204C21002038B50C46AF
:107CC000142200210546134806F0BFFE124913484E
:107CD00000F040F8232C1CD915F003031FBF043C0F
:107CE000E418C3F10403ED1822460021284606F0EB
:107CF000ACFE084B0A49C3E90054203C9D606C600F
:107D00009A6811609A68A1F11021A1F1EF11D16177
:107D1000DA6038BD14440120997B0000857A0000A8
:107D200055AA00FF10B50A46044619B1024B0021BE
:107D30001B68984710BD00BF48210020014B1B68FD
:107D4000184700BF54210020014B1B68184700BF93
:107D500050210020024B1860024B00201960704730
:107D60005421002050210020F8B500F10806476892
:107D7000044630460D4605F09EFA87424BD16368B3
:107D8000B3F5806F47D80021304605F053FB00283B
:107D900041DD0021304605F07AFAE0B345B92946C5
:107DA00004F1100005F046FB002834DD0020F8BD8A
:107DB00004F120050021284605F03CFB00282ADDBF
:107DC0000021284605F063FA28B304F128050021B4
:107DD000284605F02FFB00281DDD0021284605F070
:107DE00056FAC0B1002104F1100005F023FB002871
:107DF00011DD002104F1300005F01CFB00280ADD34
:107E0000002104F1380005F015FB002803DD0021F6
:107E100004F14000C6E70148C9E700BF80BFFFFF8B
:107E2000012970B505460E46144601D9074870BDB4
:107E300003D00020C5E91C64F9E7002AF9D01046F8
:107E4000FFF7DAFD0028F4D1F0E700BF00BFFFFF25
:107E500070B500210446FFF787FF054610B10E4DAF
:107E6000284670BD04F10806304605F020FA7F2848
:107E7000F5D910342946204605F009FA0028EED03D
:107E8000204605F014FA0128E9D93146204605F0CC
:107E900089FA0028E4DBE2E700BEFFFFF0B50C46FC
:107EA00085B0002105461646FFF75EFF002839D150
:107EB00002A805F018F921466A6802A805F001FA3F
:107EC000044618B102A805F013F90CE005F1080406
:107ED000214602A805F066FA002807DB02A805F093
:107EE00007F96FF00304A4F5854418E005F1480391
:107EF00002A96F680846009305F11002234605F0B9
:107F0000D2FC04460028DDD13A46314602A805F0ED
:107F1000EEF9044602A805F0EBF8002CE3D1204668
:107F200005B0F0BD004CFAE780BFFFFF03460846EE
:107F3000C1B9C3E910110D4A0D49DFF838C0C3E9D2
:107F400012120D4A0D49C3E914C20D4AC3E91612B3
:107F50000C4A1A6602F17452A2F52302A2F692426A
:107F60005A6670476FF07300704700BF85AE67BBFD
:107F700067E6096A72F36E3C3AF54FA57F520E51DF
:107F80008C68059BABD9831F2DE9F04F0446CFB019
:107F9000039100F1480346AD00F168062A461868CF
:107FA0005968083303C2B3421546F7D1DDE9488367
:107FB000DDE94B96DDE946154FF0000C01933E4B91
:107FC000DDF834B14A9804AA0293BCF10F0F5BD8D4
:107FD000039B53F82C301BBA4FEAF02E86EA0907B0
:107FE000DDF808A08EEAB01E07408EEA706E77407A
:107FF00077445AF804EB936077443B4445EA010E1A
:108000004FEA7137CDF808A087EAB1070EEA080EEB
:1080100005EA010A4EEA0A0E87EAB15777440CF1E5
:10802000010CDDF804E05B44BCF1400F9E44B34614
:108030003B4402F10402CDF804801ED1CDE94C96F8
:10804000CDE94AE0CDE94858CDE94631CDE90437DC
:1080500045A904F14403643453F8042F51F8040F84
:10806000A34202441A60F7D104A84FF49471FFF7B9
:1080700059FE00204FB0BDE8F08FA8464E460D4691
:10808000814619467046A0E7136852F834AC4FEAAF
:10809000F34E8EEA734E52F8387C8EEA932E52F8E5
:1080A000143C3B444FEABA4787EAFA17734487EA1D
:1080B000DA073B4490E700BFC0F200004FF47F03B3
:1080C000D3F83021D3F83431072A05D1023B032BF2
:1080D00002D8024AD05C70470020704751F8000077
:1080E00008B5FFF7EBFF58B1644BD3F8202A3AB933
:1080F0000D21C3F8201A0121C3F81C19C3F81C294B
:108100000022D30003F57F03D3F80013013107D019
:10811000D3F800130132D3F80433202A0B60F0D1D6
:10812000FFF7CCFF002840F0A080FFF7C7FF40B169
:10813000534B544AC3F830254FF050230122C3F863
:1081400058254FF47F03D3F83021D3F83431072A70
:1081500009D1023B032B06D84B4AD35C1BB100224A
:108160004A4BC3F84C25FFF7A9FF50B14FF05023FD
:10817000D3F80024D10742BF0022C3F81421C3F86A
:1081800018214FF47F03D3F83021D3F83431072A74
:1081900009D14FF05023D3F80024D20744BF6FF029
:1081A0000102C3F80024FFF789FF18B16522334BA1
:1081B000C3F80C274FF47F03D3F83021D3F83431C0
:1081C000072A16D1314BD3F82034002B11DA4FF0A7
:1081D00050230322C3F8182501229A60D3F8042102
:1081E000002AFBD00022C3F804210122DA60C3F880
:1081F00018254FF47F03D3F83021D3F83431072A00
:1082000023D1023B032B02D8214AD35CEBB17E225F
:108210001A4B1B49C3F80C27C3F83C297F231D4A7E
:10822000C2F818310023C1F8043EC1F8083E01F538
:108230004821C1F81031C2F82431C2F82C3102F5BE
:10824000FF1202F58052C2F8A032134AD2F88C30E5
:1082500043F44063C2F88C30104A114B1168C3F8E4
:108260004415D269C3F84C2508BD2922034BC3F835
:108270000C270322C3F83C2757E700BF00400050FB
:10828000009003504400EFBE4DF800000020035062
:1082900049F800000020005000ED00E00080FF00E1
:1082A0000060005030B50468ACB1B4FA84F3012228
:1082B000C3F11F03DBB29A4024EA0202D0E8EF5F69
:1082C000A54204D1C0E8EC2FBCF1000FF6D1EAD1F1
:1082D00002480B7030BD0248FCE700BF0000AD0B48
:1082E0000200AD0B10B50368CB40DB0710D40123AF
:1082F0008B40026843EA0201D0E8EF4F944204D178
:10830000C0E8EC1FBCF1000FF6D1F2D1014810BD5E
:108310000148FCE70000AD0B0400AD0B014BC3F8B6
:1083200004057047007001500146014800F048B94B
:108330005C2100200328F7B506462ED84FF05021C7
:10834000364B374A33F81000925DC1F80803002518
:108350000A44012142F210744FF05027314B116052
:1083600033F816308E4203F150231D601B688DF8E0
:10837000071008BF0DF10705022E32D0032E40D0A2
:10838000012E1CD0D7F8183403F480333DB923B143
:10839000012005F0BBFB013CF0D103B0F0BDD7F8E4
:1083A000182402F003022A70002BF6D09DF8070073
:1083B0000128F2D105F0AAFB013CDDD1EDE7D7F8A9
:1083C0000C3403F480333DB9002BE6D0012005F0D6
:1083D0009DFB013CF3D1E0E7D7F80C2402F0010249
:1083E000E1E7D7F85C3403F480333DB9002BD4D0F7
:1083F000012005F08BFB013CF3D1CEE7D7F85C24DC
:10840000ECE7D7F85434DB03C7D5002DCED10120DB
:1084100005F07CFB013CF4D1BFE700BFB8F40000DD
:1084200055F80000B0F40000044B1A7922B901227B
:1084300018601A71024870470248704728440120AA
:108440000000AD0B0C00AD0B08B50B4B1B6833B136
:108450000520FBF7A3FD10B90520FBF77DFD4FF0CC
:1084600050220123C2F81835C2F81435C2F88035FD
:10847000024A137008BD00BF284401207769052017
:1084800010B5032845D8DFE800F01802554F002248
:108490004FF480730121002003F1502318601C6801
:1084A000012402F150221460284A1268002A47D0A1
:1084B0004FF05023C3F804132BE04FF05023D3F8B0
:1084C0001814D3F81824C90312D502F00303022BA1
:1084D00005D0012B02D00020FFF72CFF01234FF025
:1084E00050220221C2F8183508224FF48273D2E7D5
:1084F000D3F81424D207F1D5D3F81C2402F00302D8
:10850000013A012AE7D8114A12681AB10222C3F8C7
:10851000042310BDD3F80421002AFBD00022C3F8A5
:108520000421D3F80431F4E718224FF490734FF488
:108530008071B0E720224FF492734FF40071AAE7E4
:108540001A68002AFCD018601B68E2E72844012062
:10855000F8B54FF0502301250026D3F80443174FF8
:1085600004B9F8BDB4FA84F0C0F11F00830003F52C
:1085700080739BB203F1502305FA00F2196892B29E
:1085800024EA02040029EBD01E601B684FF0502340
:10859000022AC3F808230DD1D3F81814D3F81814FD
:1085A00001F00301012905D1C3F81825C3F80423FC
:1085B0009960D5E73B68C0B29847D1E728440120CD
:1085C0000079024B03EB0010FFF76CBE6421002022
:1085D000036803F01F025B09026004D0012B03480B
:1085E00018BF002070470248704700BF0028845021
:1085F00000258450034A4309D35C00F01F0018444F
:10860000C0B2704759F8000008B5FFF7F3FF034BFD
:10861000083033F81000400B08BD00BF3044012083
:1086200008B5FFF7E7FF034B083033F81000C0F33D
:10863000400008BD3044012008B5FFF7DBFF034BC5
:10864000083033F81000C0F3401008BD304401205A
:1086500010B5FFF7CFFF124A083032F81030D905B5
:108660001CD5C3F3432123F4F85322F81030002023
:1086700002F10E0434F8023F13F4807F03D0C3F3F9
:10868000432399420AD001303028F3D1002342F825
:1086900031300448BDE81040FFF724BE10BD00BFD4
:1086A00030440120A8440120F7B506460846FFF7EC
:1086B000A1FF1A4F00F1080537F815300C46DB070B
:1086C0002AD5304605F088FA2046FFF7B5FF58B1A5
:1086D0002046FFF799FF0022316800B201EB8003CA
:1086E000C3F81025C3F810252046FFF7B1FF00237B
:1086F00001A827F815300194FFF76AFF019B00EBF2
:108700008300D0F80022064B134043F00203C0F868
:108710000032044803B0F0BD0348FBE730440120B9
:10872000F0F0FCFF0000AD0B0400AD0B2DE9F043B1
:108730001646804685B00846FFF75CFF0C46316858
:10874000054609B32046FFF76BFF18B12046FFF737
:1087500073FF10BB00230DF10F02CDE900338DF83C
:108760000E308DF80F3020460B460DF10E0105F04E
:10877000DBF94A4A05F1080132F8113023F002030F
:1087800043F0010322F8113073687BB320461F7851
:108790005968FFF745FF10B1E9B1414829E03F4A68
:1087A00005F1080032F8103023F02003DB04DB0C65
:1087B00022F8103079B1032FEFD87168D1F804E0B6
:1087C000D8F800109EF800C001EB8C01A7B9C1F8E1
:1087D0001075C1F81075314A05F1080132F81130F1
:1087E00023F01C0343EA870322F81130B3685BBB14
:1087F0002C4805B0BDE8F083D1F810E543EA4C33CE
:108800002EF0030EC1F810E5D8F8001043F0200355
:1088100001EB8C0EDEF8101522F8103021F44F31E8
:1088200021F44071CEF810152102DEF8108501F414
:108830007C5141EA074141EA0801CEF8101502EBEC
:108840004C01A1F87C40C6E72046D3E90067FFF75A
:10885000FFFE002ECCD0114CD4E90023964203D168
:108860009F4201D1002209E00F480DF10F01FFF7EF
:1088700019FD0C4B9842BCD19DF80F2004EBC203AC
:1088800008355F6034F8153044F8326043EA42231B
:1088900043F4807324F81530AAE700BF3044012068
:1088A0000400AD0B0000AD0BA84401202DE9F043FE
:1088B0000C46804685B0204611461D46FFF79AFEBD
:1088C000064629B32046FFF7ABFE18B92046FFF74E
:1088D000B3FE18BB334F06F1080937F8193013F00F
:1088E0001C0F02D04B78012B18D001238DF80F30CC
:1088F00000234A1CCDE9001320468B1C0DF10F010B
:1089000005F012F937F8193043F0030327F819304E
:10891000002D44D02046FFF783FE18B9224805B049
:10892000BDE8F083002295F800C0D8F800301D4F54
:1089300003EB8C03C3F81025C3F8102506F10802D9
:1089400037F812104FEA8C0E21F02001C904C90C2F
:1089500027F812106E7816B3D8F80000AD7870447E
:10896000D0F81035360423F4991323F4F853C0F8E3
:108970001035230203F47C5306F440362D05D0F85D
:1089800010E5334305F480152B4341EA4C3143EAAB
:108990000E0341F02001C0F8103527F812100348EB
:1089A000BDE700BF304401200400AD0B0000AD0B5B
:1089B00070B50E4C064694F88C50A5B96022294635
:1089C00004F1100006F041F83068C0F87C51D0F88E
:1089D0007C3140F30730FBF7BFFA0123044884F8E9
:1089E0008C30A36770BD0348FCE700BF3044012012
:1089F0000000AD0B0C00AD0B034B93F88C0000385E
:108A000018BF0120704700BF304401200022034BF3
:108A1000C3F88425C3F80425704700BF00900350B5
:108A2000044AD2F80034DB07FBD50160BFF35F8F47
:108A3000704700BF0090035008B5C0F30B0383B923
:108A40000222094BC3F88425C3F804254FF0FF32F6
:108A50000260D3F80024D207FBD5FFF7D7FF034805
:108A600008BD0348FCE700BF009003500000AD0BB9
:108A70000A00AD0B012208B5054BC3F88425C3F8E5
:108A80000425FFF7CDFFBDE80840FFF7BFBF00BFDB
:108A9000009003502DE9F843154601221D4B044672
:108AA000C3F88425C3F8042510F003030E4610D044
:108AB000C3F10407AF4228BF2F463A46A0EB030894
:108AC00005F0B0F801464046FFF7AAFFED1B3C4415
:108AD0003E44374625F00308B044A4EB0609B845E8
:108AE00011D115F003020AD025F003052C447119A9
:108AF000204605F097F801462046FFF791FFBDE8B4
:108B0000F843FFF783BF09EB070057F8041BFFF793
:108B100087FFE4E70090035010B5174C23784BBB58
:108B20000378164AC3F34003C2F8003B037803F00E
:108B30000103C2F804370378DB0710D54FF47F0335
:108B4000D3F83011D3F83431072908D1023B032B75
:108B500005D80B49CB5C13B10123C2F82837052097
:108B6000FBF71CFA10B90520FBF7F6F901230548BD
:108B7000237010BD0448FCE77869052000400050D0
:108B800069F800000000AD0B0C00AD0B4FF0502356
:108B900010B5D3F8044361070AD5D3F808213AB1D8
:108BA0000022C3F80821D3F80831124B1B689847FC
:108BB000A2060CD54FF05023D3F814213AB100206F
:108BC000C3F81401D3F814310B4B1B6898476306A4
:108BD0000FD54FF05023D3F8182152B10022C3F81B
:108BE0001821D3F81831044B0120BDE810401B6850
:108BF000184710BDC4440120C044012000220121B7
:108C0000054B83F83820054BC3F808131961C3F8E6
:108C10000025C3F800217047C844012000B002506D
:108C200070B5104D6C6B9CB14FF47A735C430A23A2
:108C3000B4FBF3F40C4ED6F8003163B995F8393033
:108C40004BB90A2004F062FF013CF4D1074870BD23
:108C50004CF25034EEE795F83930002BF6D1044849
:108C6000F5E700BFC844012000B002500700AD0B7B
:108C70000000AD0B10B500220124084BC3F80045DD
:108C8000C3F800211C6038B1FFF7CAFF044B9842BB
:108C900003D1044B83F83840014810BD00B00250A6
:108CA0000000AD0BC84401202DE9F04106461746EF
:108CB000984604F0D5FF002863D106F06043B3F175
:108CC000005F60D1B3075ED1314C94F83030012B96
:108CD00005D0434559D194F83830002B55D00023A6
:108CE0002C4AB8F1020F0BBFC2F81075C2F8047518
:108CF000C2F81465C2F808650CBFC2F81815C2F8AE
:108D00000C1584F8393023680CBF08250425C3B935
:108D100094F838306BB100221E4B05F1A045C3F822
:108D20000021012305F52C352B60BDE8F041FFF74C
:108D300077BF0120FFF79EFF174B9842EBD1BDE8AC
:108D4000F081A36823B1E6606161E7611348F6E74B
:108D5000104AA6602161A76184F83080C2F8003112
:108D60000123C2F8043394F8382002F0FF0012B94E
:108D7000FFF780FFEAE705F1A04505F52C352B60EC
:108D8000E4E70748DBE70748D9E70748D7E700BF2C
:108D9000C844012000B002500700AD0B0000AD0B2D
:108DA0000800AD0B0A00AD0B0B00AD0B084B9A6829
:108DB0005A621A699A629A69DA62DA689A6032B11A
:108DC0005A691A61DA699A610022DA60704770475D
:108DD000C844012000F01F0340090FD001280FD123
:108DE0000A4A02EB8302D2F80002094B034043EA2D
:108DF000012343F00203C2F800327047054AF0E74E
:108E00000022803352F82330FFDE00BF0028845058
:108E1000F0F0FCFF0025845010B50E4B0238D3F85B
:108E20003C26D3F83836072813D8DFE800F0110FB6
:108E30000D0B0A080604100EC871100C8871100A78
:108E400048710A711A0ECA701A0C8A701A0A4A708E
:108E50000B7010BD00B00250023807281FD8DFE8A1
:108E600000F02927251123211F04CB791B068A79BD
:108E700043EA02434A7943EA02230A7913430E4A3A
:108E8000C2F83C36CB781B068A7843EA02434A781C
:108E900043EA02230A781343074AC2F83836704778
:108EA0000023E4E70023E5E70023E6E70023EBE700
:108EB0000023ECE70023EDE700B002500268154BF9
:108EC000FF2A08BF4FF0FF32C3F824254268FF2A6B
:108ED00008BF4FF0FF32C3F828258268FF2A08BF79
:108EE0004FF0FF32C3F83025C268FF2A08BF4FF0A9
:108EF000FF32C3F834250269FF2A08BF4FF0FF3262
:108F0000C3F838254269FF2A08BF4FF0FF32C3F883
:108F10003C25704700B0025030B5194D8DB006ACFD
:108F20000FCD0FC495E8030084E80300154906A897
:108F3000D1F82435DBB20093D1F82835DBB20193A8
:108F4000D1F83035DBB20293D1F83435DBB203937C
:108F5000D1F83835DBB20493D1F83C35DBB2059358
:108F6000FFF7ACFF0023C1F8003101230B60D1F8FB
:108F70000031002BFBD06846FFF7A0FF0DB030BDDD
:108F8000D8EF000000B0025070B590F829300446C8
:108F90001BB190F82A20002A3CD16068FF2800F01D
:108FA0008580A168FF2900F08180E268FF2A7DD0DA
:108FB00025690E2D7AD1112878D1122976D10D2A62
:108FC00074D16269FF2A01D00F2A6FD1A269FF2AEA
:108FD00001D0102A6AD1BBB903211120FFF7FAFE94
:108FE000A068FFF7F7FEE068FFF7F4FE2069FFF7DF
:108FF000F1FE6069FF2801D0FFF7ECFEA069FF28B1
:1090000002D00321FFF7E6FE94F82A3013B9201DA1
:10901000FFF754FF636A264E264D736394F8293098
:1090200086F83A300123C5F80833FFF775FF236847
:10903000C5F84035A37F617F227F9B0143EAC103CE
:109040001343E27F43EAC213C5F8443594F8232062
:10905000D5F844352ABB43F44033C5F844354FF4C2
:10906000C063C5F84036D5F8002694F8203022F0C9
:109070007F4222F0FF02134394F8212043EA026367
:1090800094F8222043EA426394F8232043EA0273CF
:10909000C5F80036336813B12B20FAF75DFF064898
:1090A00070BD23F4003343F48033D6E70348F7E779
:1090B000C844012000B002500000AD0B0400AD0B0D
:1090C00038B50C4C94F8305095B9C4E9001248B941
:1090D00000230122C4E90233074884F8302084F8D1
:1090E000383038BDFFF750FF034B9842F9D1EFE716
:1090F0000248F6E7C84401200000AD0B0C00AD0BA0
:109100002DE9F84304468846154604F0A9FD0028D9
:1091100043D1DFF8909099F8300001283FD199F8B9
:109120003830214F6BB30123204EC6F80833FFF7C8
:10913000F3FEB8F1000F2BD14FF0000889F8398009
:10914000C6F80081A37862781B0343EA02232278E1
:109150001343E27843EA4233227943EA8233627965
:1091600043EAC233C6F83436FFF75AFDB8420CD092
:10917000C6F800811DB129466078FFF74DFE0C4806
:1091800004E0FFF777FDB842CDD10748BDE8F8838A
:1091900041466078FFF760FECEE70648F6E70648EE
:1091A000F4E700BFC84401200700AD0B00B0025037
:1091B0000000AD0B0800AD0B0B00AD0B034B93F89B
:1091C00038300BB9FFF756BD01487047C84401203D
:1091D0000C00AD0B08B5054B93F83030012B03D1D3
:1091E000FFF70CFD024808BD0248FCE7C844012017
:1091F0000000AD0B0B00AD0B034B93F830000038B3
:1092000018BF0120704700BFC844012070B5054653
:1092100004F026FD00283AD111F0030639D11F4B86
:109220001A6892B91E4CC4F81C15C4F8205583F86E
:10923000392093F838300BB30023C4F800310123F0
:10924000E360BDE87040FFF7EBBC93F83040012CC1
:1092500021D1134AC2F81C150421C2F8205583F805
:10926000396083F83010C2F80061C2F8044393F803
:10927000383053B9FFF7FEFC0A4805E00120FFF73C
:10928000F9FC094B9842D7D170BDD460F4E7074888
:10929000FAE70748F8E70748F6E700BFC8440120A7
:1092A00000B002500000AD0B0700AD0B0800AD0B85
:1092B0000A00AD0B0B00AD0B10B5224BD3F800210B
:1092C00092B10022204CC3F8002194F8381094F891
:1092D000302071B90121032A84F8381005D0042AFE
:1092E00005D0022A00D1996010BD5960FCE7D96011
:1092F000FAE7032A19D0042A19D0022A04D101233B
:1093000084F82030FFF752FDA36813B9012384F8D5
:10931000303094F8393003F0FF0013B9D4E900314C
:109320009847002384F82030DEE70223E8E7032291
:1093300084F82020D3F81C256262D3F8203584F805
:109340002830E1E700B00250C84401200722024B58
:10935000C3F80423704700BF007003500722024B7C
:10936000C3F80823704700BF00700350072208B5F8
:10937000044B3720C3F80823FAF7FCFD0022024B08
:109380001A6008BD007003500445012010B5044662
:10939000FFF7ECFF2268054B37201A600022044BD0
:1093A000C3F80821BDE81040FAF7D6BD04450120F6
:1093B0000070035010B5114CD4F800312BB10020CF
:1093C0000F4BC4F800011B689847D4F8043133B13F
:1093D0000023C4F804310A4B01201B689847074B4F
:1093E000D3F8082142B10022C3F80821044B02201F
:1093F000BDE810401B68184710BD00BF0070035047
:109400000445012070B516461D465A1C03680446E3
:109410001344C2689A4205D20821006A04F0F6FE9D
:10942000002070BD32783DB1AB1E062B8EBF0023ED
:109430000B4AD35C1833DAB2204604F0EAFE002867
:10944000EED03544B54203D1A3680133A360E8E709
:1094500023685A1C226015F8012D1A70F2E700BF2C
:109460006DF8000038B5EFF31185202383F31288DF
:10947000BFF36F8F064B9C6804F09FFF85F3118844
:10948000BFF36F8F2046BDE83840FAF70DBD00BF2F
:109490000845012038B50A4B53F82040013053F8F5
:1094A0002050A54200D838BD606830B1037FDB078B
:1094B00001D404F085FF0834F3E723689847FAE7FE
:1094C000C0F30000012270B52A4B032086B01A7049
:1094D000FFF7E0FFFBF75CF805F06BFA0420FFF7FD
:1094E000D9FF254C254D2646AE4204F1300410D359
:1094F00000F0A4FD204C224EAC4226D300F0B2FD79
:10950000F6F798FF1F4A137B23F00103137306B08D
:1095100070BD54F80C3C059354F8103C049354F877
:10952000143C039354F8183C029354F81C3C0193E8
:1095300054F8203C009354E90A2354E90C0100F04C
:10954000CDFB54F8303C5E65CDE7D4E90A23B3F196
:10955000FF3F08BFB2F1FF3F05D052EA0301206888
:1095600003D100F049FE3034C6E73146183000F030
:1095700059FFF8E779690520ACEE0000ACEE000079
:10958000E7E70000E825002008B50348034A00216A
:10959000121A04F02CFF08BD082400207C69052065
:1095A0000023012270B586B0CDE904230F22019378
:1095B000CDE9023214234FF4A0720E4D0E4E03FB80
:1095C00000550E4906EBC016044602FB00110C4B79
:1095D0003046009500F082FB737B2C7423F004036B
:1095E0007373084B013403EBC423EE606B6006B069
:1095F00070BD00BF08450120682500208079052046
:10960000B5E4000080710520BFB50020FFF742FFE0
:109610002A4B03F5006282F3088883F30A8800244A
:10962000E023274D274F85F82230EC772C766C7697
:10963000AC7685F820406B6A43F4E0236B6285F8D2
:109640002340FAF7AFFBFAF72BFD4FF0FF33AB6285
:10965000EB62FAF7B1FEFAF747FD1B4800F0A8FBF2
:1096600004F097FEFAF776FF0120FFF713FF0220C0
:10967000164DFFF70FFF00F025FD154B15495D61F5
:10968000154B4FF42052059301232846CDE903439F
:10969000CDE901443B46009400F020FB06466A7B7E
:1096A000284622F004026A7305F060F82046FFF7AE
:1096B00077FF3A4631462846FAF7D2FC80710520FA
:1096C00000ED00E0C594000068260020E825002099
:1096D00008450120C07A052074F80000002038B544
:1096E000054C064DAC4200D338BD204604F083FE45
:1096F0000028F9DB1C34F5E7602200207C220020E2
:1097000073B50C46EFF31181202585F31288BFF362
:109710006F8FC5685DB125602B68C36083690133B5
:109720008361002081F31188BFF36F8F11E052EA4B
:10973000030603D16FF00B002560F3E7CDE90023AA
:109740000246083000F0CAFB18B9034B9B681B693E
:10975000236002B070BD00BF084501202DE9F34130
:10976000044617461E46EFF31188202383F3128820
:10977000BFF36F8FC368334A7BB1806891688842BA
:1097800019D057EA060318D188F31188BFF36F8FF9
:109790006FF00F0002B0BDE8F081916891F90E10F2
:1097A0000133E36093682161A36088F31188BFF3FC
:1097B0006F8F0020EEE72169F2E791F90E1090F922
:1097C0000E306FF07E029942A8BF19469142B8BF91
:1097D00011468B422DDD04F078FE054622464146B7
:1097E000CDE90076184800F079FB0028E1D0EFF3CE
:1097F0001186202383F31288BFF36F8FA068D0B146
:10980000236821699C420AD04BB193F90E309942EA
:10981000A8BF19466FF07E039942B8BF194604F0FD
:1098200054FE40B13146084800F0E2FB6FF00A00F8
:10983000B0E70025D2E7002DF4D186F31188BFF3FD
:109840006F8FF3E7084501207A690520F8B5836832
:109850000546002B3FD0234A926893423ED1C3680D
:10986000012B03D9013BC3600020F8BDEFF3118742
:10987000202383F31288BFF36F8F0169806804F09F
:1098800024FE2C68A54207D10023C5E9023387F3E3
:109890001188BFF36F8FE7E7002CF5D0D4E90032D1
:1098A000002613605A60637BC4E9006623F002035C
:1098B0006373A66004F1180005F02AF8AC6094F90F
:1098C0000E3020462B61A66704F050FF394606484B
:1098D00000F08EFBC8E76FF01500C6E74FF0FF30D1
:1098E000C3E700BF084501207A69052037B5114656
:1098F000EFF31185202282F31288BFF36F8F046883
:109900009CB12368426823F003039442036008BFBC
:1099100043600121204604F05BFE044685F3118874
:10992000BFF36F8F204603B030BD51EA0302F5D07C
:1099300000F10802CDE900131046294600F0CEFAE6
:109940000028EFD1014B9B681C69EBE7084501201B
:1099500070B5EFF31186202383F31288BFF36F8F66
:109960000468A0421AD0CCB1D4E9003200251360BB
:109970005A60637BC4E9005523F002036373A5605A
:1099800004F1180004F0C4FF2046A56704F0EEFEC1
:109990003146BDE87040074800F02ABBD0E90232EA
:1099A0009A4218BF0133836086F31188BFF36F8F2B
:1099B00070BD00BF7A69052013B5EFF31181202433
:1099C00084F31288BFF36F8F846844B1013C8460D4
:1099D00081F31188BFF36F8F002002B010BD52EAEF
:1099E000030406D181F31188BFF36F8F6FF00F006E
:1099F000F3E7CDE900230246014800F06FFAECE7F7
:109A00007A6905202DE9FF41044620274E4EEFF3E9
:109A1000118887F31288BFF36F8FD4F88450F5B99B
:109A2000022104F19C0004F0F6FD002868D004F146
:109A3000940500220121284604F031FF0028F8D1C6
:109A400000234FF0FF3202934FF0FF334146CDE940
:109A500000233E4804F18C0200F088FCD7E7D4F8DC
:109A600088202B689542C4F8843008BFC4F8883039
:109A7000D4F89C3043F00203C4F89C30EB6823F028
:109A8000040343F00103EB606B6888F31188BFF3B4
:109A90006F8F28469847EFF3118887F31288BFF33A
:109AA0006F8FEB68D80623F0010236D4EA60EB68CA
:109AB0009A0716D5306823F00203EB6088B10021C5
:109AC000036870B14268954235D1036869BB72681A
:109AD0003360824200D17360002340F8083BFFF7F7
:109AE00037FFD4F89C3023F00203C4F89C3088F38D
:109AF0001188BFF36F8FDB0589D400F0EBFA86E79E
:109B0000D4F89C30D9069BD5C4F89C0088F3118802
:109B1000BFF36F8F04B0BDE8F08123F01103EB6059
:109B200005F11000FFF714FFC1E70B607368834273
:109B300008BF7160D0E723B11A6801461846134682
:109B4000BFE71A46F9E700BF284501207A690520DA
:109B5000F8B5C36804469A070F46C3F340062ED4EF
:109B60005B071CD40B680BB983680B60E368DD07E7
:109B700042BFA36802263B603D6858BF0126002D06
:109B80003CD0204B9A68D5F880309A420AD0D5F85C
:109B90009C30D807C3F3800214D46FF01206002360
:109BA0003B6025E004F09FFDD5F89C300028F0D103
:109BB000D907C3F3C002F0D552B15B0708D46FF0E8
:109BC0000F06ECE7002AFAD1C3F3C003002BF6D14D
:109BD00000232360D5F8883063B9C5E921442846BD
:109BE00004F024FDE36843F00403E3603B68A360F2
:109BF0003046F8BD1C60C5F88840F0E76FF01506E8
:109C0000CDE700BF08450120F0B50446002089B02B
:109C1000C4E921000E9D04F18C00C4E9230004F185
:109C20009400C4E9250055B32879002840F20110BA
:109C300008BF0120C4F89C0000204FF0FF364FF011
:109C4000FF37CDE90330CDE90100CDE906672046B5
:109C50000C4B009400F080F855B1296811B12046F2
:109C600004F047FD6B791BB1237B43F001032373A1
:109C7000204600F0C1FAC4F8804009B0F0BD0120D0
:109C8000D8E700BF059A000037B501900846EFF30A
:109C90001184202181F31288BFF36F8FC16811F006
:109CA0001E0F16D153EA020508D101A9FFF750FF94
:109CB00084F31188BFF36F8F03B030BD41F008010A
:109CC000C160019910308161034900F0ABFB0120B4
:109CD000EEE70020ECE700BF3BE600002DE9F04393
:109CE000984685B000F15803C0E91633109B002652
:109CF00003730423073222F0070543730F9B01EB24
:109D000005090F4683734946C0E906668660C67337
:109D10000446F9F7E7FE0E9B073020F00700A06627
:109D2000C4E9187502930D9BA9EB000901930C9BE4
:109D30004A460093394643462046FAF775F9054BE3
:109D400066659B6803B1DB6E4846E36605B0BDE817
:109D5000F08300BF08450120F0B5002587B00595C8
:109D6000109DDDE9127604950F9D044603950E9D26
:109D700002950D9D01950C9D0095FFF7AFFFB6F183
:109D8000FF3F08BFB7F1FF3F05D056EA070305D1F3
:109D9000204600F031FA204607B0F0BD3A4633467F
:109DA00004F11800014900F03DFBF4E7E7E700008B
:109DB00040F2011383810023C0E91833C366014BCD
:109DC00098607047084501206FF00A01084A9368BF
:109DD0009967084958674B6843F080534B600023EC
:109DE00083F31188BFF36F8F9368986F704700BF3C
:109DF0000845012000ED00E070B590F90D20437B8F
:109E0000002A31DBDC062FD1194A63F07F031146AB
:109E1000437351F8183FD4698B4207D1C0E900144D
:109E20002060D06111E09C42F8D01B68002BF5D077
:109E300090F90E5093F90E60B542F4D0AE42F2DDC7
:109E40005C68C0E900342060586093698B4200D0A0
:109E500003B9D3689168487BC00604D1C8897F28BC
:109E600001D9986908B1536170BD5161FCE700BF29
:109E70000845012010B590F90D200146002A437BCA
:109E800004DA03F07F03437304F036FC0B4A1446F4
:109E900054F8183F9068A34200D003B9D3688842B1
:109EA00009D0417BC90606D1C1897F2903D99969A7
:109EB000002908BF0346536110BD00BF08450120BB
:109EC000B3F1FF3F08BFB2F1FF3F03D002491830A2
:109ED00000F0A8BA704700BFE7E70000F8B5DDE979
:109EE00006670C461146EFF31183202383F3128893
:109EF000BFF36F8F074B9D68284604F00FFC284680
:109F000032463B46FFF7DCFF2046BDE8F840FFF74E
:109F10005BBF00BF08450120F8B50446EFF3118789
:109F2000202383F31288BFF36F8F437B49B203F082
:109F30001F02002A0CBF0126002633D103F07F0345
:109F4000437304F0D9FB437B284A63F07F0381739A
:109F50004373104650F8183F834221D1D569C4E9B4
:109F600000052C60D4610FE09D42F8D01B68002BE7
:109F7000F5D093F90EC06145F6D08C45F4DD5968F3
:109F8000C4E900310C605C609369834200D003B97E
:109F9000D368536187F31188BFF36F8F3046F8BDE4
:109FA000D569E4E79B071ED5856804F0A5FB81739E
:109FB0002B689D4209D16B68C4E900531C606C603A
:109FC000E8E76A689342F6D01B68002BF3D093F958
:109FD0000E209142F5D08A42F3DD5A68C4E900327E
:109FE00014605C60D6E78173D4E700BF08450120A8
:109FF00049B9EFF3058030B9054B5A699B689A421D
:10A0000001D0FFF7E1BE81F31188BFF36F8F704776
:10A0100008450120034648B9EFF3058232B9064AE4
:10A0200051699268914201D0FFF7CEBE83F3118847
:10A03000BFF36F8F704700BF08450120EFF3118118
:10A04000202383F31288BFF36F8F054B9A68D37B6D
:10A05000013BD37381F31188BFF36F8F704700BF4B
:10A060000845012010B4EFF31184202383F31288F4
:10A07000BFF36F8F124908468A68D37B0133D373CD
:10A0800050F8183F834200D003B9CB68507BC0061C
:10A0900006D1D0897F2803D99869002808BF1346C4
:10A0A0004B6184F31188BFF36F8FEFF3118020238E
:10A0B00083F31288BFF36F8F10BCFFF7ABBF00BFF5
:10A0C00008450120024B03F11802C3E9062270473C
:10A0D0000845012070B4EFF31180202383F3128828
:10A0E000BFF36F8F174A9468D5692368AC4214BFD9
:10A0F00019460021646823605C609368D46929B9BB
:10A100001149C3E900142360D3610CE093F90E50A8
:10A1100091F90E60B54210D0AE420EDD4C68C3E935
:10A12000001423604B60936907498B4200D003B948
:10A13000D368536170BCFFF747BEA142E0D0096805
:10A14000DDE700BF0845012020450120F8B550EAB1
:10A15000010306460C4603D1FFF7BCFF0020F8BD03
:10A16000EFF31187202383F31288BFF36F8F114D14
:10A17000A868FFF77FFEA868234632460E491830CC
:10A1800000F050F9AA680446537B384643F00403B4
:10A190005373FFF719FEAB68D3E90A23B3F1004FFD
:10A1A00008BF002ADAD104F0DBFB201A20EAE070B5
:10A1B000D5E700BF08450120E7E7000038B50024D7
:10A1C0000B494FF400458C462146C0FB05C10023D6
:10A1D0006046084AF5F7BEFFC117FFF7B7FF47F61D
:10A1E000FF73044AC0FB0234DB0B43EA444038BD32
:10A1F0003F420F0040420F0038B50446EFF311858F
:10A20000202383F31288BFF36F8F437B5B070FD547
:10A21000183004F07DFB637B204623F00403637356
:10A22000FFF7EAFD2946BDE838400448FFF7E0BEE5
:10A2300085F31188BFF36F8F38BD00BF7A690520A1
:10A24000014B9868704700BF084501202DE9F8438D
:10A250000446077BEFF31185202383F31288BFF3B5
:10A260006F8F437B190705D585F31188BFF36F8F77
:10A27000BDE8F883D90943F0080243D14273A368CB
:10A2800013B1204604F040FA04F1180004F040FB3A
:10A29000A66D04F15808B04511D04FF0000976B111
:10A2A000304604F031FA06F1180004F031FB304674
:10A2B000C6F87890FFF7A0FDA66DB045EFD1294E06
:10A2C000B268B369944206F1180226D0934221D1B4
:10A2D000F3687361B3689C423FD1EFF30583002BB1
:10A2E0003BD1227BD20725D42846FFF76DFDFB0723
:10A2F000BED5002383F31188BFF36F8F0423184664
:10A3000002DFB5E703F07F0343F00803437304F073
:10A31000F3F9B4E7002BDCD1DAE7EFF3058100298C
:10A32000D4D0934200D003B9F3680F487361FFF7AC
:10A330003FFDCFE785F31188BFF36F8F83F311885B
:10A34000BFF36F8F0423184602DFEFF31180202341
:10A3500083F31288BFF36F8FC7E785F31188BFF3CC
:10A360006F8FC4E70845012068260020D3B5DDE9DA
:10A370000667089CCDE90067FFF7B0FD1CB1034BF1
:10A380009B681B69236002B0D0BD00BF0845012057
:10A39000074808B5074A0849121A04F02AF8BDE828
:10A3A00008400648064A0749121A04F022B800BFBE
:10A3B00000200020082400208CF80000002000204D
:10A3C000002000208CF80000024B1868984208BF5B
:10A3D0000020704774210020034B1B680BB9FCF769
:10A3E00033BE0020704700BF3045012030B570B14A
:10A3F0000B4B5B6898420AD0036843B1D3E9042150
:10A40000D0E90445121941EB0501C3E90421D0E963
:10A41000003213605A600023C0E9003330BD00BF32
:10A4200074210020B3F1FF3F08BFB2F1FF3F2DE9D7
:10A43000F84F0446994615461F467BD08160EFF3DE
:10A440001188202383F31288BFF36F8F013279F1D3
:10A45000FF33DFF8E8A020DBFFF7BEFFDAE90027D3
:10A46000013549F100092D1849EBE07306464FF01C
:10A470000109C4E90453AD1843EB0707FFF7A4FF34
:10A480000346DFF8BCE0DEF804A0EBB9C4E900EA5B
:10A49000CAF80040CEF8044028E06FF00103DAE982
:10A4A00000125B1A4FF0FF3161EB02025B1B62EBA3
:10A4B0000902012B72F10001BCBF012300224FF001
:10A4C0000009C0E90432D9E7D3E9041CD4E9042027
:10A4D0008A4270EB0C0B24DA891A5A686CEB000084
:10A4E000C3E90410C4E9003214605C60FFF76CFF3C
:10A4F00084420ED1134B1B685BB9B9F1000F02D136
:10A50000FFF76AFF0646304604F0EBF90021FCF73E
:10A510006DFD88F31188BFF36F8F28463946BDE87B
:10A52000F88F521A60EB0C009A45C4E90420ADD0B4
:10A530001B68AAE700252F46EFE700BFE8260020AA
:10A5400074210020304501202DE9F047EFF31185FB
:10A55000202383F31288BFF36F8FDFF89C900026CF
:10A56000C9F800000027FFF72FFFDFF89080D9F827
:10A570000030D8E900ECD91750B1D0E90442A34229
:10A5800071EB020A19DAE41A62EB0102C0E9044233
:10A59000002413EB0E034CEB01012046C8E9003107
:10A5A000C9F8004004F09DF92146FCF71FFD85F332
:10A5B0001188BFF36F8FBDE8F08714EB0E024CEBF0
:10A5C000E473C0E90467C8E90023FFF70FFF85F3D0
:10A5D0001188BFF36F8F83689847EFF311852023AD
:10A5E00083F31288BFF36F8FD9F800301B1BC9F8B3
:10A5F0000030FFF7E9FEBAE730450120E8260020E9
:10A6000010B5EFF31184202383F31288BFF36F8F0B
:10A61000FFF7E2FE0346054AD2E90001181841EBB4
:10A62000E37184F31188BFF36F8F10BDE82600201B
:10A63000F8B50446EFF31187202383F31288BFF3A4
:10A640006F8F026822B187F31188BFF36F8FF8BD57
:10A65000D0E90A36581C46F10001022871F10001C8
:10A6600027D3012B76F10001BCBF012316465D1EE6
:10A6700046F1FF3604F078F9013041F1000140194C
:10A6800046EB0101012871F1000139DB04F06CF99E
:10A69000013041F100016FF00102401946EB010366
:10A6A0004FF0FF31121A61EB030320461749FFF701
:10A6B000B9FE236B01332363236A6BB187F31188DF
:10A6C000BFF36F8F2046236A9847EFF3118720234B
:10A6D00083F31288BFF36F8F54F8185FA542B2D08E
:10A6E000002DB0D0284604F050F80023AB6787F364
:10A6F0001188BFF36F8F2846BDE8F84004F036B8E4
:10A700006FF001024FF0FF33CFE700BF31A600002A
:10A710002DE9F04105461C4690461F46EFF3118691
:10A72000202383F31288BFF36F8FB4F1FF3F08BF7C
:10A73000B2F1FF3F05D186F31188BFF36F8FBDE8FB
:10A74000F081531C74F1FF3309DB012A74F100031B
:10A75000BCBF0122002412F1FF3844F1FF37284624
:10A7600004F0D6F8DDE906010023C5E90A012B63F0
:10A7700042463B4628460249FFF754FEDBE700BF4E
:10A7800031A60000F8B507460C46164603F0ABFFAD
:10A7900008B10020F8BD0D4B9B68DD6E002DF8D090
:10A7A000221DF6D2EFF31184202383F31288BFF326
:10A7B0006F8F284647F00401B04784F31188BFF338
:10A7C0006F8F0028E5D040F8045BE3E708450120DF
:10A7D0000146024A0020FFF7D5BF00BF9BB600002C
:10A7E00038B5064C064DAC4201D3002038BD20469A
:10A7F000D4E9011204F0DEF81434F4E77C220020DE
:10A800007C22002007B5074B4FF480620093064975
:10A810004FF0FF330548FFF7F7F9002003B05DF86C
:10A8200004FB00BFD8F30000C0A20520F0260020E2
:10A8300010B50A4C23681BB101232360002010BD12
:10A8400000F0F4F80028F7D00138072803D8044BAB
:10A8500053F8200010BD034810BD00BF344501204F
:10A86000E0F30000FE8FFFFFBFF34F8F0549064B5B
:10A87000CA6802F4E0621343CB60BFF34F8F00BF9E
:10A88000FDE700BF00ED00E00400FA0530B44FF032
:10A89000FE3200250B4B0C4C0C494968C3F80024D0
:10A8A000C3F80424C3F80824C3F80C24C3F8102404
:10A8B000C3F81424C3F81824C3F81C24C4F80055A2
:10A8C00030BC084700508450004084507C21002058
:10A8D000024BD0E90012C3E9001270477C2100202E
:10A8E00010B5044650B1636813F0685F05D0064A9E
:10A8F000934202D000236260236010BD034B0448E2
:10A900005B689847EFE700BF2C5F5CA97C210020C3
:10A9100000F40000C8B143680D4A934213D013F00D
:10A92000685F0ED0012350E8002F194640E8001C54
:10A930009CF0000FF7D1012AF5D0BFF35F8F002004
:10A94000704704487047044870476FF4E040704710
:10A950002C5F5CA9E98FFFFFEA8FFFFF034680B100
:10A96000426809498A420AD012F0685F05D0BFF3F5
:10A970005F8F002210461A607047044870470448F1
:10A9800070476FF4E04070472C5F5CA9E98FFFFFD0
:10A99000EA8FFFFF10B5044620B10023034A23606D
:10A9A000626010BD0248FFF771FFF6E73A00003A17
:10A9B00028F4000070B5194CD0F804C00668C4F83B
:10A9C00004C0D0F808C0C068C4F808C0E0602660C1
:10A9D0000868134B134D18604868D5F81821586063
:10A9E000886812F0685F9860C8680969D860196162
:10A9F00012D000230C4A05F58A70C5F81431C5F849
:10AA0000B831C5F81821C5F8BC21B047236805F551
:10AA1000DC70BDE87040184770BD00BF9821002071
:10AA2000842100204C4501202C5F5CA908B500F072
:10AA300011F830B900F010F838B9054AC2F80C0A1C
:10AA400008BD00F037F8032008BD042008BD00BF92
:10AA5000005084500020704710B5114800F048F8AD
:10AA600000B110BD0F4800F043F80028F9D10E4C9A
:10AA7000204600F03DF80028F3D10C4B0C481C6038
:10AA800000F036F801460028EBD100F02DF804461E
:10AA900008B1204610BD00F03FF82046FAE700BF9D
:10AAA000D8210020D4210020D0210020C82100205E
:10AAB000CC21002008B5084800F024F8074800F031
:10AAC00021F8074800F01EF8064800F01BF8BDE822
:10AAD000084000F00BB800BFD8210020D42100208E
:10AAE000D0210020CC21002000207047704700BFFB
:10AAF00008B5034B02681B6810689847002008BD22
:10AB00009821002008B5034B02685B6810689847DD
:10AB1000002008BD9821002070B5094C094D20691E
:10AB2000AB68984718B1084B08485B689847002104
:10AB3000074AEB6811602069BDE87040184700BF04
:10AB400084210020982100207C2100204CF400006A
:10AB5000484501200CB430B589B005460C461C228E
:10AB6000002101A803F071FF022305958DF806303E
:10AB70000D4B029323462CB1B4F1004F28BF4FF088
:10AB80000043013B1D440DAA0C9901A806950092B3
:10AB900000F00CF814B1059B00221A7009B0BDE852
:10ABA000304002B0704700BFAFEA00002DE9F04F1F
:10ABB0008378154685B007469A07D0F8048040F19F
:10ABC000B580002691F800B0BBF1000F00F0B08016
:10ABD000BBF1250F05D001F1010A0136394658466F
:10ABE00060E091F801B001F1020ABBF1250FF4D049
:10ABF000002401211F2C26D8ABF12002102A10D9E5
:10AC0000ABF13002092A37D81AF801BBBBF1000FAB
:10AC1000F0D139462520C0470028C0F28380023693
:10AC2000DCE701FA02F0844B1842EDD1032A64D02C
:10AC3000ABF13002092AE7D9BBF12A0F11D1043553
:10AC400044F02004E0E77F2C16D8ABF13002092A4B
:10AC5000DAD9BBF12A0F0CD1630605F10405D3D470
:10AC6000EEE7BBF12E0F0AD1600661D444F0400438
:10AC7000CAE7BBF12E0FF7D0BBF16C0F2CD0BBF1A4
:10AC80006C0F13D8BBF1680F2DD0BBF16A0F31D018
:10AC9000BBF14C0F2ED0BBF1630F0DD101363946FD
:10ACA00015F8040BC047002836DA3BE0BBF1740FFF
:10ACB000AAD0BBF17A0FA7D0ABF16402112A00F23F
:10ACC0009080DFE802F0398E8E8E8E398E8E8E8ED9
:10ACD0008E98888E8E1C8E72220648BF44F40074B3
:10ACE00044F0800490E7E30548BF44F4007444F462
:10ACF000807489E744F4207486E7102484E72C6884
:10AD00004E4B002C08BF1C46A1464B4619F8010BC0
:10AD100020B9341B04351E19514653E73946C04744
:10AD20000028F2DABB7843F00403BB704FF0FF3623
:10AD3000304605B0BDE8F08F20062DD5A10549BFEE
:10AD4000073555F8040B25F0070555F8080B0028C2
:10AD50000DF104094FF00A02BCBF44F48064404284
:10AD600024F01004A4B2494603F087FEE206A0EBEB
:10AD700009094DD539463020C0470028D2DBBBF148
:10AD8000000F57D0023639465846C0470028C9DB65
:10AD90004C460DF1040B49E0E20555F8040BD6D5FD
:10ADA000A3054CBF40B200B2D1E724F010040A2240
:10ADB000A4B2200623D5A10549BF073555F8040BD9
:10ADC00025F0070555F8080B10B924F01004A4B2BB
:10ADD0000DF10409C7E744F0100410224FF0780B7E
:10ADE000E7E74BF02002782A7FF413AFCBF178022B
:10ADF00042F01002DDE708224FF0000BD9E7E3052F
:10AE000055F8040BE0D5A1054CBFC0B280B2DBE71A
:10AE10006305BDD5013639462D20B6E7013C3946DC
:10AE20001BF80400C0470028FFF67CAF002CF5D1CA
:10AE30004E4471E70136ABE78128010082F800003B
:10AE4000704708B9086070476FF015007047002020
:10AE5000704730B500290446154685B011DB83687C
:10AE60008B420ED96368C068194401AA01F0ACFA9C
:10AE700028B96268019B9B1A2B60029B6B6005B02E
:10AE800030BD6FF02100FAE72DE9F7430E46174673
:10AE90009946044628B94FF0FF38404603B0BDE854
:10AEA000F0830029F7D0002AF5D0CB680D89384609
:10AEB0001D44042329460DEB030200F02BFE8046BF
:10AEC0000028E8D146F60812BDF8041073899142B3
:10AED00025D1BDF806109942DDD1042338460DEB8B
:10AEE0000302294400F016FE0028D4D146F60713C9
:10AEF000BDF804209A42CED1C4E900679DF82830FD
:10AF0000A4F80890A3727389BDF806202B44E3606F
:10AF1000738913442B44043563612561BDE7002B1D
:10AF2000E4D0B8E72DE9F3410E4617461D46044626
:10AF300020B94FF0FF3002B0BDE8F0810368002B6C
:10AF4000F7D04368002BF4D04FF6FF78D4E9042300
:10AF50009A4216D223685B8923B1E368934204BF07
:10AF6000043323610423216960680DEB030200F0C0
:10AF7000D1FD0028DDD1A37A2BB1D4E903329A4266
:10AF800001D30120D7E72389BDF80610434501F11D
:10AF9000040203D0BDF804C09C450BD115B1BDF827
:10AFA00004302B80236904333360398023691344D0
:10AFB0002361C0E7236913442361C7E748B10368ED
:10AFC0003BB143682BB1C068884294BF0020012088
:10AFD00070474FF0FF30704703F03FBD4FF4C05350
:10AFE00058433030704710B5044600F0E2FD4FF48E
:10AFF000C0534343A0683033834201D901F095F830
:10B00000C01A10BD084601F0FFBC01292DE9F34725
:10B010000546174601D901F088F82C224FF0580850
:10B0200002FB01F490F8B83008FB03430344D3F863
:10B030002090B9F1000FEED0B3F808A0DB684846C5
:10B040009A44042351460DEB030200F063FD0646CB
:10B0500020B10126304602B0BDE8F08795F8B8303F
:10B06000BDF8042008FB034446F6081325449A4221
:10B070006C891BD1BDF806309C4201D00326E9E75C
:10B08000042348460DEB030204EB0A0100F042FDE5
:10B090000028DED146F60713BDF804209A42EDD110
:10B0A000BDF80610214451443960D3E7002CF1D09B
:10B0B000E4E738B5044600235825012B84F8B8305E
:10B0C00000D938BDE21892F8B9205AB905FB0343FC
:10B0D000D86C00F01EFD94F8B83005FB0343186AE5
:10B0E00000F017FD94F8B8300133DBB2E5E72DE945
:10B0F000F84304460E4600254FF02C08582708FB5D
:10B1000005F994F8B800294617FB0092224401F093
:10B110001FFC012809D194F8B820002317FB0292E4
:10B1200029462046224400F0AEF828B115B1002E81
:10B1300008BF0020BDE8F883002DFBD10125DEE724
:10B140000123036003F1012343600023C0E90233BC
:10B1500070474379012B07D10368012B04D1007993
:10B16000431E5842584170470020704710B412B136
:10B1700010BCF5F79FBC104610BC704700238268D6
:10B180001946FFF7F3BF5822F0B590F8B83002FB2C
:10B190000303D3F828C0BCF5006F36D85E6DB6F552
:10B1A000006F32D8002108460A460D460C4662451B
:10B1B00007D3B04205D3624527D1831B584258417B
:10B1C000F0BDAC420CD15F6A07EBC2077F68013269
:10B1D0003C441F6D07EBC0077F6801303D44E6E744
:10B1E00009D25F6A022907EBC2077F683C440CD092
:10B1F00001210132DBE71F6D012907EBC0077F68E2
:10B200003D4402D002210130D1E70020D8E7582286
:10B21000F0B590F8B83002FB030300221146144643
:10B2200015461046D3F828C05F6D644505D3B94272
:10B2300003D3A84228BF2846F0BDA8420CD15E6ABD
:10B2400006EBC4067668013430441E6D06EBC10679
:10B25000766801313544E8E709D25E6A022A06EBD6
:10B26000C406766830440CD001220134DDE71E6D3F
:10B27000012A06EBC1067668354402D0022201316C
:10B28000D3E70020D8E710B5582490F8B8306343CE
:10B290002C2404FB01331844006A08B900F045FF70
:10B2A0002023002100F036FC003818BF012010BD1B
:10B2B0000A448A4200D1704711F8013B40BA80B27B
:10B2C0005840C0F303134340180380B24340580171
:10B2D00000F4FF505840ECE7836800EBC101B3F580
:10B2E000004F2CBF51F8220031F81200704700EBDC
:10B2F000C1018068B0F5004F2CBF41F8223021F821
:10B3000012307047012208B5FFF7E6FFD04008BDB4
:10B31000836800EBC101B3F5004F08D34B681AB145
:10B3200043F001034B60704723F00103FAE74B88B9
:10B330001AB143F001034B80704723F00103FAE791
:10B3400053000122FFF7D3BF8368B3F5004F34BF2A
:10B3500004230823C91A081AC0087047B0F5004F23
:10B3600034BF04230823481C0833A0EBD300B0FAF1
:10B3700080F0C0F11F0070472DE9F041174603220D
:10B380000E460446FFF7A8FF8642054607F104086B
:10B390000AD10122E368BA4023EA0203E3600023F2
:10B3A00044F82830BDE8F081314602222046FFF7FC
:10B3B00093FF06462B4601460322204644F82850B8
:10B3C000FFF795FF334629462046BDE8F0410222AB
:10B3D000FFF78DBF70B50D4686680446FFF792FFF4
:10B3E000B6F5004F014601D3012809D03046FFF7DA
:10B3F000B5FF294602462046BDE87040FFF7BCBFB6
:10B4000070BD2DE9F04705468068FFF7A7FF05EB03
:10B41000800ADAF8109088460646B9F1000F1BD072
:10B420000327DAF8104028462146FFF76BFF404516
:10B4300007D3324621462846FFF79EFF2046BDE847
:10B44000F087032221462846FFF746FF013FCAF84E
:10B45000100001D08145E4D14FF0FF34EB68013694
:10B46000B4401C40EAD094FAA4F2B2FA82F2131D5E
:10B4700055F82340DEE72DE9F04114460E46054617
:10B48000FFF740FFA4EB0608371B0744424631464E
:10B490002846FFF755FF3A4621462846FFF750FF5A
:10B4A0004346002221462846FFF721FF2146284631
:10B4B000FFF728FF3B46211800222846BDE8F0414F
:10B4C000FFF715BF2DE9F041164604460F46FFF77A
:10B4D00019FF314605462046FFF714FF05442A466A
:10B4E00039462046FFF72CFF31462046FFF70AFF7A
:10B4F0002B46311800222046BDE8F041FFF7F7BE89
:10B500002DE9F0410D4686680446FFF7FBFEB6F5CF
:10B51000004F014601D3012832D03046FFF71EFF0D
:10B5200004EB80010E6996B90122E368824013435F
:10B53000E36002220D612B4629462046FFF7D7FE25
:10B54000032229462046BDE8F041FFF7D0BE022283
:10B5500031462046FFF7C0FE0746034629462046EF
:10B56000FFF7C5FE0322334629462046FFF7BFFEFC
:10B5700039462B462046FFF7BAFE02223146E1E764
:10B58000BDE8F081F8B50C460546FFF7BBFE26186E
:10B59000012231462846FFF79FFEC3070CD43146EF
:10B5A0002846FFF717FF21462846FFF7ABFE214646
:10B5B00022182846FFF786FF002221462846FFF77B
:10B5C0008BFE271A012239462846FFF785FE10EA2E
:10B5D000020613D139462846FFF7FCFE21463246C3
:10B5E0002846FFF779FE2246211A2846FFF76AFF10
:10B5F000214632462846FFF76FFE241A2146284688
:10B60000BDE8F840FFF77CBF38B571B1056800228E
:10B610002846FFF799FE044601462846FFF778FEC4
:10B620002146BDE83840FFF7ADBF38BD70B50668AC
:10B6300009B9002070BDB368B3EBD10FF9D9B3F5E8
:10B64000004F34BF04230823CC1D1C44E4082146CA
:10B650003046FFF7D6FE05460028EAD001463046C0
:10B66000FFF750FEA04209D92C4429463046224615
:10B67000FFF701FF21463046FFF742FF3046012227
:10B680002946FFF745FEB368B3F5004F34BF0423E6
:10B69000082303EBC5031844CCE71146FFF7C6BFE8
:10B6A000B2F5802F2CBF082304232DE9F04100269A
:10B6B000D21A8C18CD1D25F0070524F00704641B51
:10B6C000E408056021462046AC60EE60FFF746FEC8
:10B6D000421D9200013002F107074FEAD7073146B9
:10B6E000A2F1100205F11000B8BF324603F0ADF927
:10B6F0003A4631462846FFF723FE33463246314666
:10B700002846FFF7F4FDA4EB07082846314601223E
:10B71000FFF7FEFD42463946FFF712FE3B46324632
:10B7200039462846FFF7E3FD21462846FFF708FE85
:10B730004346324621462846FFF7D9FD2146284692
:10B740000122FFF7E5FD3946BDE8F041FFF7D8BE1D
:10B75000044608B5EFF31183202383F31288BFF367
:10B760006F8FFBF77BFC2046F8F7BAFF00F086FCF2
:10B77000FCE7002203680BB9184670478B4210D1D2
:10B780000B6842B942680360914200D143600023D4
:10B7900001200B60704713604368994208BF426004
:10B7A000F5E71A461B68E6E7038B13F0070305D19C
:10B7B0000368002B0CBF002003207047022B05D12B
:10B7C000408BB0FA80F0400980007047012B05D112
:10B7D0000368002B0CBF0020052070470020704735
:10B7E00010B50C4600B111B96FF0150010BD081D61
:10B7F00000F0D2F80028F9D1A368032BF6D9F3E7BB
:10B800002DE9F0410D4607461946281D90461E4673
:10B8100000F0D3F8044638B133464246294638464C
:10B82000A446BDE8F0416047BDE8F08110B4EFF3F5
:10B830001182202484F31288BFF36F8F416110BC02
:10B840000121F6F729B838B50C46054658B151B173
:10B850000B6843B14B6833B11C22002103F0F5F8AB
:10B8600000202C6138BD6FF01500FBE770B5054670
:10B870000E46FFF7B5FF041E14DBEFF31182202301
:10B8800083F31288BFF36F8F4FF6FF716B8B2C8B96
:10B890008B4204F0070407D182F31188BFF36F8F46
:10B8A0006FF00A04204670BD022C0CD101336B836B
:10B8B00082F31188BFF36F8F00232246314628465A
:10B8C000FFF79EFFEEE7062C14D8DFE804F0041320
:10B8D0001313041A0400002333606B683BB9C5E9F5
:10B8E0000066ACB902212846F5F7D6FFDAE71E60FC
:10B8F0006E60F6E782F31188BFF36F8F6FF0040478
:10B90000D0E782F31188BFF36F8F6FF08504C9E72A
:10B9100082F31188BFF36F8FC4E710B5EFF3118284
:10B92000202383F31288BFF36F8F048B04F0070486
:10B93000022C0AD0012C0CBF6FF004006FF08500C0
:10B9400082F31188BFF36F8F08E0438B013B9BB2FA
:10B95000438323B92146F5F79FFF204610BD2046BB
:10B96000EEE738B5A8B1A1B1EFF31185202282F33B
:10B970001288BFF36F8F048BFFF7FBFE30B104F02A
:10B98000070085F31188BFF36F8F38BD6FF0770024
:10B99000F7E76FF01500F8E7034658B1426802F088
:10B9A0000302012A03D0032A04D1026812B1002045
:10B9B000986070476FF0150070474268034602F0C8
:10B9C0000302032A4FF00002816014BF1046006892
:10B9D0005A60704770B506460C888888241A30690A
:10B9E000A4B2844285B224BF641BA4B22D1BA8B2AA
:10B9F000984228BF18463368234413600B880344D9
:10BA00000B8070BD70B4838985880669ED1AADB26C
:10BA1000731B934228BF134670BC0A46011DFFF7F3
:10BA2000D9BF70B40E460146C58831F80A3FEC1AFA
:10BA3000A3B2934228BF1346324670BCFFF7CABF79
:10BA400010B54B880C88E41AA4B294420ED31A4461
:10BA500092B28B884A800A800069D21A92B28242DE
:10BA600001D2002010BD03448B80FAE76FF015006F
:10BA7000F8E72DE9F34106460F4615464FF000085A
:10BA80002A46304601A9FFF7BDFF044640B10246F1
:10BA90003946019802F0B2FF2D1BA0442744EFD194
:10BAA00042463046311DFFF7CBFF404602B0BDE8AD
:10BAB000F0812DE9F34107460E4615464FF0000888
:10BAC0002A46384601A9FFF7ACFF044648B12EB11B
:10BAD00002460199304602F091FF26442D1BA044F6
:10BAE000EED14246384607F10A01FFF7A9FF40466A
:10BAF00002B0BDE8F0817047002908DB8068884209
:10BB000005D9401A904234BF002001207047002020
:10BB10007047704770B516461A4605460C46FFF743
:10BB2000EBFF48B16968E8682144826814683246CE
:10BB3000A446BDE8704060476FF0150070BD70B559
:10BB400016461A4605460C46FFF7D6FF48B1696807
:10BB5000E8682144826854683246A446BDE87040D3
:10BB600060476FF0150070BD10B50B460446FFF737
:10BB7000C3FF40B16168E068194483689B682BB1DA
:10BB8000BDE8104018476FF0150010BD6FF057006A
:10BB9000FBE710B50B460446FFF7AEFF30B1616816
:10BBA000E0681944BDE8104000F0ABB96FF0150033
:10BBB00010BD08B5C0688368DB689847006808BD99
:10BBC00008B5C0688368DB689847407908BD70B5E0
:10BBD0004C680368A34201D2012070BD8A682244E8
:10BBE000934201D30020F8E74E69D1E90325B5421D
:10BBF00003D36FF00B038B61F4E71B1B42F8353066
:10BC00004368086902EBC00253600B6901330B61A2
:10BC1000E2E737B50C46C0B201A91546F5F750FF6B
:10BC200000280CDB019850B121462A46F5F76EFF3B
:10BC300004460198FFF76DFF204603B030BD6FF05A
:10BC40001504F9E710F0700F09D100F07F0310F030
:10BC5000800F4FF0010018BF10339840704700204C
:10BC600070472DE9F84306460F469046994604254D
:10BC70004B46424639463046F9F7DCF910F10B0FD6
:10BC8000044603D1FEF726FA013DF1D12046BDE876
:10BC9000F883006838B150F8043C04385B688B4284
:10BCA00001D04068F6E77047006848B150F8043C9E
:10BCB00004385B685B689B788B4201D04068F4E78E
:10BCC000704730B5006888B150F8043C04385B68B0
:10BCD0001A6A1D7F0023043ADCB2A54201D84068ED
:10BCE000F1E7013312F833408C42F5D130BD08B58D
:10BCF000F6F7B0FC28B1406810F1100F14BF002017
:10BD0000012008BD4B1CDBB28170817680F82530A4
:10BD1000C37600F8061C704750E90231D0F89C0049
:10BD200018470022036983F84A207047036993F893
:10BD30004A0050B193F8480038B1D3F89020938866
:10BD4000918910695B1A9BB2C01A7047002203697F
:10BD500083F84B207047036993F8490008B193F8C2
:10BD60004B00704708B50246FFF7F5FF30B91046A3
:10BD7000FFF7DCFF003818BF012008BD0120FCE7F9
:10BD80000369C3E9001270470229036908D0042936
:10BD90000BD001290ED1D3F89430002013607047E6
:10BDA00093F89B30C3F34003F7E793F89B3003F01D
:10BDB0000103F2E76FF08500704708B54029036979
:10BDC0003FD013D8102932D006D801291ED0082917
:10BDD00020D06FF0120008BD2029FAD193F89C10F2
:10BDE00001F0FB0152B341F0040127E0B1F5807F7F
:10BDF00030D0B1F5007F36D08029EAD193F89C107D
:10BE000001F0EF01D2B141F0100117E0C3F8942026
:10BE10000020E0E793F89C1001F0FE010AB141F028
:10BE2000010183F89C100121F6F78AFEF0E793F8F0
:10BE30009C1001F0FD010AB141F0020183F89C1051
:10BE4000F2E793F89C1001F0F701002AF6D041F0D8
:10BE50000801F3E793F89C1001F0DF01002AEDD010
:10BE600041F02001EAE793F89C1001F0BF01002A9D
:10BE7000E4D041F04001E1E770B504690546D4F82B
:10BE80008C00FFF716FE94F8A0300646B3B1D4F844
:10BE90008C209388918912695B1A9BB2D31A3F2B2D
:10BEA0000CD994F89E3033B16B6822461B6A00218E
:10BEB000187BF6F7DBFE002384F8A030304670BD17
:10BEC000012208B5FFF7D8FF013818BF4FF0FF3047
:10BED00008BD0269D2F8901088898B8809691B1AFD
:10BEE0009BB2994204BF002382F84830D2F88C30CC
:10BEF0000120D9885B89994204BF002382F8493028
:10BF000070472DE9F04187680446FB680D461646E8
:10BF10009847BB682BB1324629462046BDE8F04120
:10BF200018476FF05700BDE8F081002008B5FFF713
:10BF30000FFC70B506460D460024AC4200DB70BD18
:10BF4000305DF7F777F80130F9D00134F5E773B5D4
:10BF500083680C469A420646114604D36FF01504D6
:10BF6000204602B070BDA242FADB6A46FEF771FFBE
:10BF700003460028F2D1DDE900251544214630466C
:10BF80002A1BF4F797FD0028E8D12C46E8E72DE9B5
:10BF9000F04F85B005460E4690461F4602F068F801
:10BFA00020B96FF04C0005B0BDE8F08F4FF01409D8
:10BFB000002334464FF0010A09FB08693B6028461C
:10BFC00002A902F052F8DDE90232009368BB28466C
:10BFD00002F077F80028E4D00020E4E7A14598BFFC
:10BFE000344661688A4214D121680098019202F0B7
:10BFF00034FD019A68B9237CD3B9D4E902312846CB
:10C000009847C0B184F810A03B68143401333B60FA
:10C01000D5E714340BF1010BD845DFD100212846B8
:10C0200002F066F80028CAD1D1E74FF0000BF3E721
:10C030006FF06F00B7E76FF02200B4E7012801D17D
:10C04000EFF30583FDF70EBA01460068FFF7F6BF70
:10C0500008B5F7F743FDBDE80840F7F763BD0021D9
:10C060000120FFF7EBBF036E83F30B88704761B6C7
:10C0700062B680F31188BFF36F8F704708B572B650
:10C08000002383F31188BFF36F8FF8F731FA50B1B3
:10C09000BFF34F8F30BF00BF00BF00BF00BF00BF66
:10C0A00000BF00BF00BF62B6BFF36F8F08BD10B501
:10C0B000044672B6002383F31188BFF36F8FF8F73D
:10C0C00017FA50B1BFF34F8F20BF00BF00BF00BFB2
:10C0D00000BF00BF00BF00BF00BF84F31188BFF3E3
:10C0E0006F8F62B610BD40E800F313F4803FD8B202
:10C0F00008BF6FF01500704730B50C684B6885B00D
:10C100000A894D890094013B24F01F04234402F066
:10C110001F0242EA451223F01F0369468DF80820EA
:10C120000393F8F717F805B030BD08B500F000F834
:10C13000002383F31188BFF36F8F0423184602DFB7
:10C140004FF05023012270B50C460546C3F8142663
:10C150000020F8F75BFA28462346BDE8704000212E
:10C16000184710B503690446C0E905330023C360CE
:10C17000837F13B1407AF9F739FD01232377002338
:10C180006377E377A37710BDFDF7E8BAFDF75EBBF1
:10C190000120F8F7B9BB0378027903F00F011AB94F
:10C1A00059B14FF0FF3070470829FAD8012A04D15D
:10C1B00083F0080040F3C000704743F3C0007047AD
:10C1C00038B50446F8F7ACFA054660B1037A6BB1AE
:10C1D00020460024F9F78CFD2846AC77FFF7C1FF15
:10C1E00020462C7238BD6FF01500FBE76FF077002A
:10C1F000F8E770B504460E461546F8F797FF30B9D4
:10C2000006B925B12046BDE87040F8F7D7BF70BD2C
:10C21000C34300F00F00C3F3C01300EB03107047DB
:10C2200008B5F9F739F8818208BD08B5F9F734F88F
:10C23000EFF31183202282F31288BFF36F8F02691C
:10C240000A60027B2AB9807D83F31188BFF36F8F68
:10C2500008BD0420F8E70C220369C9B201FB0233D0
:10C26000986F00F00700704770B5C9B20369EFF32B
:10C270001185202484F31288BFF36F8F0C2606FBF0
:10C280000134A46F14F0C00408D0A24206D085F394
:10C290001188BFF36F8F4FF0FF3070BD012206FB96
:10C2A00001339A6785F31188BFF36F8F436803EBFF
:10C2B000C1035B6898470020EFE78022FFF7D4BFF7
:10C2C000F8B5069F0469C9B2EFF31186202585F3FE
:10C2D0001288BFF36F8F0C2505FB0144A56F05F095
:10C2E000070CBCF1010F0CD1A76786F31188BFF3CF
:10C2F0006F8FC4E91C23436853F8313098470020FE
:10C30000F8BD05F0C005AF4286F31188BFF36F8F0B
:10C310000CBF6FF077004FF0FF30F1E713B58024CA
:10C320000094FFF7CDFF02B010BD10B41C240069CB
:10C33000CBB203FB0400002110BC10470320FCF724
:10C340009FB80220FCF79CB80020FCF799B80320A6
:10C3500001F0E8BB022001F0E5BB002001F0E2BBE8
:10C360001046FDF7F5BAF7B51C460023164682685D
:10C370002360A3600D465369694601AA9847019B53
:10C380005A1E01921BB96FF0150003B0F0BD009862
:10C39000A26847682168676085B9B31AD0F800C001
:10C3A000634528BF634603FB07111A442160A2605E
:10C3B00002689A4206D808300090E0E76B1AB3FB97
:10C3C000F7F3EBE70020E0E713460022FFF7CBBFCF
:10C3D0002DE9F0470024836886B0884691465B6962
:10C3E00002AA01A99847A2462546029BAB4202D861
:10C3F00006B0BDE8F0870026019F07EBC5077B6804
:10C4000004933A680AEB0603B24202D89A46013511
:10C41000EBE749460394059303A8C0470028E7D0FB
:10C42000049B01361C44ECE74FF40002002300207B
:10C43000C1E90023704718B901F11000FDF788BA6F
:10C44000704737B50D46416811B3D1E900138468D0
:10C4500004B3D4E90024F4B1EBB19C421ED1013302
:10C46000092B1BD88DF8013040F20113ADF80230D2
:10C47000002300788DF804308DF8000068468DF8B0
:10C480000550FCF73DFE03B0BDE83040F9F748BE6B
:10C490000B46DCE7224601332344E1E76FF0150049
:10C4A00003B030BD7FB5FF238DF803300DF10303DA
:10C4B000002101930123CDE90231052303A88DF862
:10C4C0000C3001AB04910593FFF7BBFF0028A8BF18
:10C4D0009DF8030007B05DF804FB1FB500218842FA
:10C4E0000CBF0623042301A8CDE9011103918DF8A7
:10C4F0000430FFF7A6FF002818BF6FF0040005B056
:10C500005DF804FB10B50446026902F12003D3E88C
:10C51000EF1F0139C3E8E01F0028F8D1536A3BB987
:10C520004FF050230222C3F8B82509B9FCF752FE98
:10C530002069BDE81040FDF70BBA10B5046904F19D
:10C540002003D3E8EF1F0131C3E8E21F002AF8D12E
:10C5500000694FF0FF334FF0FF32FDF72DFA636AA9
:10C5600043B94FF05022C2F8B8350720BDE810405B
:10C5700001F00BBF10BD10B50C4601F061FB0023AC
:10C58000C4E90003184610BD38B505460C4601F055
:10C5900057FB002D07DBA84205D9401B84428CBF06
:10C5A0000020012038BD0020FCE770B50D4619467B
:10C5B000284616461C46FFF7E7FF38B124B122464D
:10C5C0002946304602F01AFA002070BD6FF01500BF
:10C5D000FBE74FF4802200230020C1E900237047CD
:10C5E000436800205B681B690B607047436802EA80
:10C5F00001005B6821EA020198600020D960704761
:10C60000436800205B6899607047436800205B685E
:10C61000D960704743685A68536821EA03000B40A9
:10C6200090600020D3607047082913B528BF082107
:10C630004FF47F020C46D2F80432D2F808221BBA1B
:10C6400012BA00920A466946019302F0D7F92046D1
:10C6500002B010BD30B543681360057A446804EB3E
:10C66000C504A34202D36FF0010030BD5C798C4257
:10C6700001D00833F0E70020F7E710B50469204641
:10C6800001F02BFF0023636110BDF8B587680646F3
:10C690007C689CB1436893F82630DB071DD405699C
:10C6A0004FF0FF334FF0FF322846FDF757F86B6924
:10C6B000002B05DC00242846FDF7C8F82046F8BD0D
:10C6C000013B6B61002BF5D17B6830469847041E17
:10C6D000BEBF6B6901336B61EDE70024EEE7F0B498
:10C6E000D0E901631B693BB177688F4208DB35688D
:10C6F000954205DCF0BC18476FF05700F0BC70475E
:10C700006FF01500FAE7F0B4D0E901631B6A3BB1A2
:10C7100037698F4208DBF568954205DCF0BC1847A5
:10C720006FF05700F0BC70476FF01500FAE770B477
:10C73000D0E90162956A03460C46A5B196F824201B
:10C7400012B92B4670BC1847306A024410F8011B1E
:10C75000A14202D121461846F3E79042F6D16FF08C
:10C76000850070BC70476FF05700FAE72DE9F34180
:10C770000E46D0E9014794F825108046FF29056947
:10C780000FD194F82610C1F38101022914D0D8F8F2
:10C79000083000391B6B18BF01214BB96FF05700EF
:10C7A00003E0FFF7C4FF0028EBDA02B0BDE8F08138
:10C7B000404698470028F8DBA268B2F1004F05D048
:10C7C00011464046FFF78BFF0028EEDB6269B2F1AD
:10C7D000004F05D011464046FFF795FF0028E4DBE7
:10C7E0002368B3F1004F14D0D8F808305B69002BF0
:10C7F000D4D0404601A998470028D6DB2268019B87
:10C800009A421CDD11464046FFF769FF002805DA11
:10C81000CBE76FF0004362689A42E5D19EB994F885
:10C8200026309B0716D040463B6898470028BCDB63
:10C83000A069FAF7F7F96B6901336B610AE0626886
:10C840009342EBDDDEE76B6901336B6194F82630D0
:10C85000DA0601D40020A8E74046FFF716FFA4E758
:10C86000012303FA01F103691B68194218BF82F022
:10C87000010212B18368DB68184783681B69FBE714
:10C8800008B54368986A38B1012293F82C10FFF775
:10C89000E7FF00EAE07008BD6FF08500FBE7436842
:10C8A0001868B0F1004018BF0120704703460846E1
:10C8B00031B95B681B68B3F1004F01D0136070475A
:10C8C0006FF015007047F8B545680446FFF7D5FED0
:10C8D000A86A28B92046BDE8F8400021FFF746BF06
:10C8E00001F058FDB0B1EB8DA86A95F82C1043F417
:10C8F00000320125066913F0010F336805FA01F5CE
:10C9000014BF2B43AB43876833603B6898470028CC
:10C91000E0DAF8BD6FF01200FBE74368986A20B1D7
:10C92000002293F82C10FFF79BBF6FF08500704733
:10C93000002200F150039B009BB203F1502303F54A
:10C9400080331A601B68704708B5FAF7EBF908BD29
:10C9500001282AD151BB3D2313706FF04703537058
:10C960006FF00C0393706FF06903D370022353725E
:10C970007823537303230846117211715171917119
:10C98000D17111739373D173117451749174D17403
:10C99000117551759175D175117651769176D17663
:10C9A000117751779177D177704701207047012037
:10C9B0007047012801BF0323487008710B7005BF41
:10C9C00000208B700120CB707047012801D1FAF74D
:10C9D00059BC0020704703284FF0000001D1FAF73E
:10C9E00051BC704708B5FAF76FFBB0FA80F0400908
:10C9F00008BDFDF71DBF08B5F6F7CEF9F6F7B4FA96
:10CA0000BDE80840FDF714BF8068183820F0070023
:10CA100010387047042809D0052803D1481E18BFD4
:10CA200001207047431A584258417047012070470F
:10CA300038B515460C4661B15AB1FFF7C1F8214629
:10CA4000254411F8013B834203D1A942F9D10120C9
:10CA500038BD0020FCE738B50C46012311462246BC
:10CA60000546FFF757F800280FDB0122214628462C
:10CA7000FFF7DEFF38B92378012B14BF022301230F
:10CA80000020237038BD0323FAE70120FAE782680B
:10CA9000183A22F00702FFF7DEBF13B50C46C0B20A
:10CAA00001A9F5F70DF850B921460198FAF734FCC1
:10CAB00004460198FFF72DF8204602B010BD01246E
:10CAC000FAE770B504680D1B002D02DC6FF05F0003
:10CAD00070BD94F900602378002E0ADB631C0360AC
:10CAE000237813600368C91A13688B42EED80020BC
:10CAF000EEE703F07F035C1E032C13D89D42E5DDB7
:10CB00000024146004680134046004681568247803
:10CB1000013B44EA05241460046804F10104046044
:10CB2000F3D1DFE76FF06300D2E770B404680E1B47
:10CB3000002E07DD26789E4208D10134046070BCC7
:10CB4000FFF7BFBF6FF05F0070BC70476FF0610010
:10CB5000FAE773B50223154601AA0446FFF7E5FF7D
:10CB600040B9019E28463246216800F0AAFB23689E
:10CB70003344236002B070BD0139002901DA00207E
:10CB8000704750F82130002BF6D0B3FA83F0013112
:10CB9000C0EB4110704739B101F18041013900EB20
:10CBA00081018142034600D270471B680A681BBAA4
:10CBB00012BA40F8042B41F80439F2E72DE9F041AC
:10CBC0001C4613F0030318BF012303EB94038B42AD
:10CBD00006460D46904613D879B18F003A4600219B
:10CBE00001F033FF2CB1381B22464146304401F09E
:10CBF00005FF29463046FFF7CEFF0020BDE8F08153
:10CC00006FF00700FAE7B3EB810F70B504464FEA07
:10CC10008105104619D95A1B8618002101F015FF0D
:10CC200030462B460021C2188B4210D1002070BD27
:10CC300022F00301615802F00306F600F140C9B288
:10CC400081B90132AA42F3D1ECE71A46FAE721F0A2
:10CC50000300205801F00305ED00E84002F8010D43
:10CC60000131E1E76FF00700E1E7F8B5054650094B
:10CC700088420C4602F01F0601D80AD136B1284678
:10CC8000A2000021BDE8F84001F0DFBE1F2A02D853
:10CC9000F8BD1F2A0FD9820005EB8003291F05EB81
:10CCA0008407BB421AD1201A38BF0022002105EBAD
:10CCB000800001F0CAFE002EEAD0002205EB8404B9
:10CCC000C6F12000AC42E3D054F8041C21FA06F36C
:10CCD000134344F8043D01FA00F2F3E753F804CBA0
:10CCE00041F804CFDDE71F2AF8B503460D464FEAA9
:10CCF000521402F01F0613D96FF003000A4600FB1E
:10CD00000430944202F1FF3113D3621BAC4288BF5E
:10CD100000222A4418460021920001F096FE0346A4
:10CD200036B1002103EB8403C6F12007AC4206D3E1
:10CD3000F8BD50F8212043F821200A46E1E71868A1
:10CD4000013400FA06F20A4343F8042B20FA07F1F3
:10CD5000ECE7F0B50024844620469C4200D1F0BDAB
:10CD600051F8245052F824702E182CBF01250025AC
:10CD7000BF194CF8247045F100000134EDE7F0B51F
:10CD80000024064620469C4200D1F0BD51F824C044
:10CD900052F82470ACEB0005AF4294BF4FF0000E88
:10CDA0004FF0010EED1B46F8245084452CBF704611
:10CDB0000EF101000134E6E78B4228BF0B462DE956
:10CDC000F0479646DE080446C91A03F00708754680
:10CDD0000346B4460020089A0CF1FF3CBCF1FF3F2B
:10CDE00003F1200305F1200511D104EB461425467B
:10CDF0000EEB46164FEA880C06EB880E764540F09F
:10CE000081806444013980F08B80BDE8F08755F85B
:10CE1000207CA2FB079710EB090953F8200C47F17F
:10CE2000000710EB090043F8200C55F81C0C47F1E3
:10CE30000007A2FB00093F1853F81C0C49F1000938
:10CE4000C01943F81C0C55F8180C49F10009A2FB55
:10CE5000000719EB000953F8180C47F1000710EB15
:10CE6000090043F8180C55F8140C47F10007A2FB11
:10CE700000093F1853F8140C49F10009C01943F890
:10CE8000140C55F8100C49F10009A2FB000719EB2E
:10CE9000000953F8100C47F1000710EB090043F8A4
:10CEA000100C55F80C0C47F10007A2FB00093F18C5
:10CEB00053F80C0C49F10009C01943F80C0C55F853
:10CEC000080C49F10009A2FB000719EB000953F80F
:10CED000080C47F1000710EB090043F8080C55F85F
:10CEE000040C47F10007A2FB000A17EB000953F8F6
:10CEF000047C4AF1000017EB090740F1000043F8F9
:10CF0000047C69E756F8043BA2FB0337C318286882
:10CF100047F10007C31847F1000045F8043B6DE7EF
:10CF200023681B182CBF0120002044F8043B69E74C
:10CF300003230168881C400000F00800084400FB3F
:10CF400001F2013BC2F1020202FB00F0F7D14042C4
:10CF500070472DE9F04F87B0139D00242E460493AF
:10CF6000109B91460293DDE911834FEAC802834684
:10CF70008A46284600210432059301F066FD08F137
:10CF800002030393444515D105EB84012346029A1D
:10CF9000584651F82450FFF7F2FE6840FAF76AFA53
:10CFA0000A4600235946A600109607B0BDE8F04F88
:10CFB000FAF7FCBC5AF82430D9F80020376830461C
:10CFC00002FB0377059A0399574300934A46049B53
:10CFD000FFF7F2FEDDE90221304643460097FFF7F6
:10CFE000EBFE04360134CDE738B50D460121044689
:10CFF00000F031F988B9E9882046890100F07DF90F
:10D0000058B92A462146204600F02EFB28B9204672
:10D01000E988BDE8384000F0B8B838BD490150296A
:10D0200034BF0122032201239340033358430130CC
:10D03000704710B586B00B9C04940A9C039400249E
:10D040000294099C0194089C0094FAF737FA06B000
:10D0500010BD10B586B00B9C04940A9C03944FF04D
:10D060002A340294099C0194089C0094FAF726FA49
:10D0700006B010BD30B50546104600229A4200D1D8
:10D0800030BD51F82240241A45F8224034BF012017
:10D0900000200132F2E7034600EB810100208B42C1
:10D0A00001D1FAF7E7B953F8042B1043F7E71FB59E
:10D0B000089C00920394069C079ACDE90134FFF77F
:10D0C00048FF04B010BD30B51C46012387B00B9D4E
:10D0D000009203950A9D05AACDE901450593FFF746
:10D0E00038FF07B030BD00220123C0E9002370479C
:10D0F00010B5044648B1006818B1E188890000F015
:10D10000DCFB00220123C4E9002310BD42F21073AE
:10D11000994270B504460D4602D96FF00F0070BDFC
:10D12000C3888B4201D30020F9E704212846FAF78F
:10D1300005FE06460028F0D0216841B1E288920041
:10D1400001F05CFCE1882068890000F0B6FBE58016
:10D150002660E8E738B504460D4619B9FFF7C8FF61
:10D16000002038BDC2888A4207D1002100689200A1
:10D1700001F06BFC0123A380F2E7FFF7B9FF29461A
:10D180002046BDE83840FFF7C1BF42F21073994214
:10D1900070B50A46054602D96FF00F0070BDC3880E
:10D1A0008B4207D8BDE87040FFF7B0BF296851F83F
:10D1B000231011B9013B002BF8D15C1C944238BFFD
:10D1C000144604212046FAF7B9FD06460028E3D0AC
:10D1D000296839B1A20001F011FCE98828688900AA
:10D1E00000F06BFB0020EC802E60D7E7884270B522
:10D1F00005460E4609D0C988C28841B92AB1012323
:10D2000092008380006801F020FC002070BD4C1E5D
:10D210008CB9B6F904300134A242AB8012D2214657
:10D220002846FFF773FF0028F0D131682868A20074
:10D2300001F0E4FBE9E7336853F82430002BE8D130
:10D24000013CE5E72868121B0021920000EB8400F6
:10D2500001F0FBFBE9E770B50C4601210546FFF73D
:10D2600055FF064688B9EA8801469200286801F011
:10D27000ECFB84EAE472A2EBE472E40FC4EBC43486
:10D280002B68640001341A60AC80304670BDC388DE
:10D29000B1EB431F3FBF03684A0953F8220001F076
:10D2A0001F013ABFC84000F0010000207047C1884C
:10D2B0000068FFF761BC08B5FFF7F9FF0730C00849
:10D2C00008BD70B50E4612F0030118BF012101EB35
:10D2D000920105461446FFF73DFF38B92346324612
:10D2E000E9882868BDE87040FFF768BC70BD134648
:10D2F0000A46C1880068FFF786BC38B504460D466B
:10D30000FFF7D5FFE3882844B0EB431F06D8206819
:10D310002A46E188FFF7E7FC002038BD10F01F0126
:10D3200018BF012101EB50112046FFF7EFFE002846
:10D33000EDD0F2E708B50A46C18811B10068FFF7E1
:10D3400094FC002008BD10B5C38823B9CA885AB917
:10D35000ABB1012017E0026802EB830252F8042C03
:10D36000002AF3D1013BF0E70C6804EB820454F887
:10D37000044C0CB9013AEAE79342EAD80FD3013BD7
:10D380005A1C01D1002010BD026852F823400A68DF
:10D3900052F823209442DCD803F1FF33F0D24FF04F
:10D3A000FF30F0E730B5C38823B9CA885AB9002BDB
:10D3B0003DD136E0026802EB830252F8042C002AC9
:10D3C000F3D1013BF0E70C6804EB820555F8045CEF
:10D3D0004DBB013AEAE7B1F9045003D2B1F90400B8
:10D3E000404226E0B0F90420002A03DD002D0CDACB
:10D3F00001201EE0002D08DD3AB14FF0FF3018E0AB
:10D4000003F1FF330BD2504213E0013B016851F8A6
:10D41000235054F823108D42F2D9104609E0591CCC
:10D42000F4D1002005E0002BD8D09342D3D9B0F935
:10D43000040030BD1FB581EAE173A3EBE1730193F2
:10D440000123C90FC1EBC13149000131ADF80C1006
:10D45000ADF80E3002A901AB0293FFF7A3FF05B0B0
:10D460005DF804FB90422DE9F04105460F46144655
:10D4700002D0884206D127460123AB80FC883CB904
:10D48000002003E0FFF7B2FE0028F4D0BDE8F081F1
:10D490003B684FEA840803EB840353F8043C0BB960
:10D4A000013CECE721462846FFF730FE0028EDD18D
:10D4B0002E6823463A6831463046FFF74AFC074655
:10D4C00006EB0803002FDBD0EA88661CA24208D8CE
:10D4D00031462846FFF71AFE0028D7D12B6803EB08
:10D4E00084031A683446D2192CBF0127002743F859
:10D4F000042BE7E72DE9F04105460E469046D48817
:10D500003CB9F188A1420ED26FF009073846BDE858
:10D51000F081D8F8003003EB840353F8043C002B6F
:10D52000EFD1013CECE72846FFF7F0FD0746002865
:10D53000ECD1F28894420BD2AE4209D0286831680F
:10D54000121B920001EB840100EB840001F056FAFB
:10D55000EA88F088824207D92B68121A00219200CB
:10D5600003EB800001F071FAD8F8002023463168FF
:10D570002868FFF704FC024610B90123AB80C5E719
:10D580002968EB8801EB840108461B1BFFF772FD3D
:10D590000028F2D0B8E72DE9F843B1F90440B2F819
:10D5A00004C081461CFB04FC664673430D461746C7
:10D5B0001CD511462846FFF7C6FEB0F100080DDB6A
:10D5C0003A4629464846FFF795FF98B9B8F1000F4B
:10D5D00008BF01240020A9F804400BE02A46484671
:10D5E000FFF788FF30B9644224B2F3E7FFF73AFF50
:10D5F0000028EFD0BDE8F8830123FFF7CCBF4FF040
:10D60000FF33FFF7C8BF2DE9F341054688461646AC
:10D61000CF883FB1D8F8003003EB870353F8043CC0
:10D620003BB146B90021284602B0BDE8F041FFF702
:10D6300012BE013FEDE72846791CFFF767FD04465F
:10D6400070B941462846FFF7D1FD044640B9013E76
:10D6500000963B46D8F80020E9882868FFF7ACFB25
:10D66000204602B0BDE8F08170B504460D46104674
:10D6700000211646FFF7DEFE002824DB2A4633464B
:10D6800021460020F9F7F8FF054638B1284670BD5D
:10D69000324621462046FFF7AFFF90B900212046D1
:10D6A000FFF7C8FE0028F3DB31462046FFF77AFE7D
:10D6B0000028EBDB324621462046FFF7A0FF00287A
:10D6C000F2D00546E2E76FF00905DFE72DE9F04FFC
:10D6D00089B00646DDE912588B462846002191465E
:10D6E0000593FFF7A7FE002805DC6FF00304204632
:10D6F00009B0BDE8F08F2B681B68D907F5D500216C
:10D700004846FFF797FE0028EFDB4846FFF7CFFDBE
:10D71000B0F5005FE9D82846FFF7C9FDB0F5005F16
:10D72000E3D8B9F8061031B90121304609B0BDE897
:10D73000F04FFFF790BDE888FFF770FC04218246A8
:10D74000FAF7FCFA0746002800F0AA80002201231D
:10D750004FEA8A0ACDE90623B8F1000F0DD1294618
:10D7600006A8FFF741FC044600B35146384600F0D6
:10D77000A4F806A8FFF7BCFCB9E7D8F80030002BE6
:10D780006ED106AB18462946FFF72EFC06AB0446C1
:10D7900040B15146384600F090F8D8F80030002BE0
:10D7A000A5D1E6E793E8030088E803005946304630
:10D7B000FFF71CFD0446002867D1012329463046A7
:10D7C000B380FFF7EFFD002857DA3046E988FFF70E
:10D7D0009DFC0446002858D12868FFF7A9FB069B4A
:10D7E0000090029701933168EB882A6804900846FC
:10D7F000FFF75DFC059B0698B9F806203168B3F188
:10D800002A3FEB88CDE902070192D9F800200846AB
:10D8100000922A6841D1FFF71CFC049B01970093FA
:10D820003168EB8808462A68FFF74DFCBBF904B065
:10D83000BBF1FF3F29D1D9F800301B68DB0724D5A5
:10D84000F1883068FFF727FC01225946F9F706FFF7
:10D850003246B08029463046FFF7CEFE044614E03B
:10D860004046E988FFF752FC0446002891D198E829
:10D87000030008AB03E9030098E72A463146304627
:10D88000FFF7F2FE044600289FD05146384600F0CC
:10D8900014F8B8F1000F80D16BE7FFF7CAFBBCE7C3
:10D8A0006FF00F0423E713B5049CCDE900344FF06B
:10D8B0002A33FFF70BFF02B010BD10B5044608B1C4
:10D8C000FAF730FA2046BDE81040FAF73DBA0020DA
:10D8D0007047704770472DE9F8430446DDE9087644
:10D8E000914698460D4651B9B9F1000F10D1B8F1E3
:10D8F000000F15D1E7B91EBB55BB002006E008306C
:10D90000FFF774FC0028EFD0A0F58140BDE8F88354
:10D91000494604F12000FFF769FC0028E7D0F3E74F
:10D92000414604F12800FFF761FC0028E2D0EBE754
:10D93000394604F11800FFF759FC0028DBD0E3E773
:10D94000314604F11000FFF751FC0028D4D0DBE78A
:10D9500004F10800FFF7AFFC6060CEE778220021F9
:10D9600001F073B84068704710B50446A0B360304A
:10D97000FFF7BEFB04F16800FFF7BAFB04F14800B3
:10D98000FFF7B6FB04F11800FFF7B2FB04F1280023
:10D99000FFF7AEFB04F12000FFF7AAFB04F1100033
:10D9A000FFF7A6FB04F10800FFF7A2FB04F1580003
:10D9B000FFF79EFB04F15000FFF79AFB04F14000D3
:10D9C000FFF796FB04F13800FFF792FB04F13000FB
:10D9D000BDE81040FFF78CBB10BD6822002101F0AC
:10D9E00034B810B16821FAF79DB970472DE9F041BC
:10D9F00005460E4614467AB3036C03F03F079B18A6
:10DA0000036422BF436C013343645FB3C7F1400832
:10DA100042451CD34246384400F0F0FF29462846D0
:10DA2000FAF7B2FAC8B92744A7F140043F2C46449C
:10DA30000BD900272846F119FAF7A6FA78B940372A
:10DA4000E31B3F2BF6D81C463E442CB10027224650
:10DA50003146E81900F0D2FF0020BDE8F0814FF018
:10DA6000FF30FAE73F2AE4D8F1E770B50D46802190
:10DA7000036C044603F03F035A1C382AC154104477
:10DA800031D80021C2F1380200F0DFFFD4E91031B3
:10DA90005A0F42EAC102DB0012BA1BBA21462046E5
:10DAA000A263E363FAF770FA0646B8B9A36C1BBA2F
:10DAB0002B60E36C1BBA6B60236D1BBAAB60636DAC
:10DAC0001BBAEB60A36D1BBA2B61E36D1BBA6B61D4
:10DAD000236E1BBAAB61636E1BBAEB612046FFF786
:10DAE00080FF304670BD0021C2F1400200F0ADFF62
:10DAF00021462046FAF748FA06460028EED10146AC
:10DB000038222046C0E700207047004700F03DBCA7
:10DB100040F00040C1F88000704740F00040C1F87C
:10DB200080007047FAF706BCF7B51646DDE90847EE
:10DB3000019001A81D46FAF74BFD019BB6F1000CC0
:10DB400018BF4FF0010C00EB83000B1E18BF012320
:10DB5000002D43EA4C0314BF4FF00C0C4FF0000CA7
:10DB6000002C43EA0C0314BF4FF4706C4FF0000C10
:10DB7000002F43EA0C0314BF4FF4403C4FF0000C5D
:10DB8000D0F8002243EA0C0322EA030301B109782A
:10DB90000EB13678760019430DB12D78AD003143C2
:10DBA0000CB12478240229430FB13F783F040C4381
:10DBB0003C43C0F8004203B0F0BD1FB50DF10F03A8
:10DBC000019300238DF80F101A4619460093FFF7B2
:10DBD000ABFF05B05DF804FB38B5054608460C46BA
:10DBE000FAF72AFDB0B10846FAF71AFD90B90846CF
:10DBF000FAF70AFD01232A688340C2F808332A682D
:10DC000003B202EB8303D3F8102522F00302C3F81A
:10DC1000102538BD2046BDE838400021FFF7CDBFB4
:10DC2000FAF742BD4FF0FF3307B500F00300019350
:10DC300001AB184400F0E2FE019803B05DF804FB6C
:10DC40004FF4801070474FF4805070474FF480704D
:10DC5000704708B5FAF79AFFBDE80840FAF778BCB4
:10DC60004FF05023D3F8B825920707D1D3F85805C1
:10DC700000F00300013818BF0120704701207047F1
:10DC80000223FBF711B80323FBF70EB80021022093
:10DC9000FBF7BCBA30B5026A0346D2E901408442C0
:10DCA0004FF0000002D30123D36030BD18745068D8
:10DCB000242501305060186A4268541E02681846D4
:10DCC00005FB04225C1950F8045BA04242F8045B97
:10DCD000F9D101209960E8E7F0B5064604468BB01B
:10DCE00001AD0F4694460FCE0FC50FCE0FC5216A6A
:10DCF00033684A682B602068A56822B90223CB608C
:10DD000000200BB0F0BDFB0713D524260B68013AA9
:10DD100006FB02337E0703D41A7C0AB10F23EEE719
:10DD2000224603F1240153F8046B8B4242F8046B42
:10DD3000F9D1B90741BF226A536803F1FF33536039
:10DD4000AC4505D2236A002BDAD00422DA60D7E78B
:10DD50007A0748BF20603B0701D40120D1E7143483
:10DD600006AB93E8070084E80700F6E710B5026009
:10DD70001A44029B012983604FF00003C2600374C0
:10DD80000375836101D8036210BD24224A43243AFB
:10DD9000841804628350026A8C1E9460026A02290D
:10DDA0005360026AD360026A1374026A53741EBF1E
:10DDB000036A24301860E7E7182871F100030ED3D6
:10DDC000B0F5807F71F100030BD3B0F5803F71F1A6
:10DDD000000308D3002914BF092005207047012043
:10DDE0007047022070470320704737B50024002594
:10DDF00008290A46CDE900450AD80146684600F0E0
:10DE0000FDFDDDE9000103B0BDE83040FFF7D4BF00
:10DE1000002003B030BD00B1C160704743680360AB
:10DE2000836801338360006AFFF7F5BF08B50268B5
:10DE3000C3689A4205D3006A0821FFF7ECFF00206F
:10DE400008BD0120FCE738B504460D46FFF7EEFF9C
:10DE500040B123681B78B5EB531F04D00A21206A18
:10DE6000FFF7D9FF002038BD10B50446FFF7DEFFED
:10DE700038B123681A78FF2A05D00A21206AFFF7F3
:10DE8000CAFF002010BD01332360FBE710B5027DFF
:10DE9000044632B1FFF7E8FF48B100234FF0FF32EC
:10DEA00023752046BDE810400721FFF715BF10BDC0
:10DEB0002DE9F84F04460E4691461D46FFF7B6FF82
:10DEC000804628B1A36843B90321206AFFF7A3FF66
:10DED0004FF000084046BDE8F88F2268177807F039
:10DEE0001F0BBBF11F0F12D12DB3206A18B1037C99
:10DEF0000BB11521EAE701232B70002523680135BA
:10DF000063602B442360A368013BA360E2E7BBF19D
:10DF1000170F14D9ABF11803D9B203290BD8012577
:10DF20009D40A94509D3E36805F1010A5244934293
:10DF300007D20821C9E70721C7E70521C5E7002562
:10DF4000F1E74A460021304600F07FFD15B986F81A
:10DF500000B0D2E72268711E531913F801099A42E2
:10DF600001F8010FF9D1236A002BC7D01B7C002BCD
:10DF7000C4D00737FFB2022FC0D949463046FFF759
:10DF800034FF8245BAD015219FE738B50C461146BB
:10DF90000546FFF758FF08B9002038BD04220023CA
:10DFA0002846A118FFF784FF0028F5D02B682360CE
:10DFB000F3E7002337B504468DF80330FFF743FF3E
:10DFC000A8B1042220460DF103030DEB0201FFF777
:10DFD0006FFF60B19DF8035065B901992046FFF7C6
:10DFE00059FE50B963682360A3680133A360002021
:10DFF00003B030BD6FF00F01F0E72575F8E738B5D5
:10E0000004460D46FFF7C1FF48B12268E3689B1A3A
:10E010006A689A4204D908212046FFF7FFFE0020D3
:10E0200038BD38B504460D46FFF7E9FF18B123683F
:10E030006A681344236038BD70B50D46002104465C
:10E040001646FFF700FF38B1324629462046BDE8A4
:10E0500070400023FFF72CBF70BD0422FFF7ECBF18
:10E06000FFF7FBBF0222FFF7DCBF0322FFF7D9BF98
:10E0700010B505210446FFF79CFF50B1237D4BB935
:10E080006FF00042A368934205D305212046FFF7B5
:10E09000C5FE002010BD5B00A360FBE7037D23B934
:10E0A0008068B0FA80F0400970470368C268934204
:10E0B00005D21878A0F1FF0358425841704700205C
:10E0C0007047FFF7E3BE38B50D4606210446FFF75B
:10E0D000BAFE08B9002038BD002304222946204694
:10E0E000FFF7E6FE0028F5D0A3680133A360F2E74E
:10E0F000F0B58FB00446FFF799FE00285DD0236885
:10E1000000221D780023CDE9022323466D0905AACC
:10E1100004F12007164618685968083303C6BB4245
:10E120003246F7D118683060062D1CD02A1F002314
:10E13000012A4FF008028DF804300DEB020198BF60
:10E1400001AB05A8FFF7B4FE0646002835D0042D24
:10E150003BD019D8023D012D21D9059B2360A3682E
:10E16000013BA3602AE001A905A8FFF7ACFF20B39B
:10E17000059B089A934204D30821206AFFF74BFEBF
:10E180001BE01D786D09CFE7052DE6D1DDE90232F0
:10E19000B3F1004F72F1000113D32946EDE7E368B4
:10E1A0002168029A5B1A9A4203D8059B134405938F
:10E1B000D3E708212046FFF731FE002630460FB096
:10E1C000F0BDDB185241CDE902329DF8045025B173
:10E1D0006FF00F020023CDE90223029B8DF8285037
:10E1E000079305A8FFF75AFF014638B1002DB4D0B8
:10E1F00005A8FFF739FE0028AFD1DEE705A8FFF735
:10E2000077FF0028EDD1D8E7FFF7B0BD00B1C160BE
:10E21000704710B50368C468A34205D3006A08219B
:10E22000FFF7F4FF002010BD02F01F0242EA411187
:10E2300019700368013303600120F4E770B50546E7
:10E240000E46104619461446FFF7CFFD22463146CA
:10E25000431E2846BDE87040FBF7D4B8F8B5174612
:10E26000C368026804469A420D4606D30821206A14
:10E27000FFF7CCFF00263046F8BD9B1A4A689A4249
:10E28000F4D80E4656F8043B53B104213046FFF74C
:10E29000ACFD6A6823681344E26803449A42E5D3FC
:10E2A0003246042339462046FFF7C8FF06460028B9
:10E2B000E0D020682968884202D06A6800F0ABFB91
:10E2C00023686A6813442360D5E7082A73B51346A8
:10E2D0000C4606D9006A0521FFF798FF002002B01E
:10E2E00070BD8E1816F9012C002A0FDA0A4669460D
:10E2F0000C46B24204D101212246FFF79FFFEEE710
:10E3000012F8015BED4301F8015BF2E70021F3E74E
:10E3100013460A460021FFF791BF07B50422019179
:10E320000DEB0201FFF7D1FF03B05DF804FB07B569
:10E33000042201910DEB0201FFF7EAFF03B05DF843
:10E3400004FB0322FFF78ABF07B5CDE90012694637
:10E35000FFF7F7FF03B05DF804FB1F220421FFF76E
:10E3600058BF1F220521FFF754BF1F220721FFF7C7
:10E3700050BFFFF7FABF1FB50024CDE90144069C4A
:10E380000094FFF7F3FC04B010BD08B1F6F72CB908
:10E390007047704740B1C368587810F001001EBF45
:10E3A0001878B0FA80F040097047EFF3118320230A
:10E3B00083F31288BFF36F8FFEE708B5FFF7F5FF11
:10E3C00010B54369044633B90020E268537843F03E
:10E3D0000103537010BD98470028F5D00028B8BF3E
:10E3E0004042FF28A8BFFF20E3681870EDE700F067
:10E3F0002CBB00F003BB4169836843EA010212F0C1
:10E4000003020FD1C2600269013A01FB0233826844
:10E410009A4201D900207047C2681A604269C360FD
:10E420009B1AF4E76FF01500704710B5C0E904328D
:10E430000023816083610446FFF7DDFF0028A8BF49
:10E44000C4E9004410BD2DE9F04105460F46EFF345
:10E450001188202383F31288BFF36F8FC668F6B943
:10E460000468A0421BD0D4B1D4E9003213605A60D2
:10E47000637BC4E9006623F002036373A66004F1C2
:10E48000180000F045FA2046A667276100F06EF9F3
:10E49000414605F10800BDE8F041FBF7A9BD3E602B
:10E4A000AB69EF60013BAB6188F31188BFF36F8FFD
:10E4B000BDE8F081202408B5EFF3118384F31288BE
:10E4C000BFF36F8FFDF7DAFDF6E790F90E308B4260
:10E4D00001D0FBF721BD0020704703460020C3E9AF
:10E4E0000033C3E902007047D0E9003213605A607C
:10E4F0000023427BC0E9003322F0020242738360B2
:10E5000070472DE9F843904604460D469DF82020BB
:10E5100000F10809EFF31187202181F31288BFF37E
:10E520006F8F02B14568A668B14515D0A6B1002429
:10E530003046FFF7D9FF06F1180000F0E9F9304640
:10E54000B467C6F8108000F011F948463946FBF769
:10E550004FFD2046BDE8F883A3B10820FCF738F949
:10E56000002832D00122C0F804800260016801F066
:10E5700003015DB922680A430260626820606AB9DB
:10E5800060600BE04046C8F80030EFE72A68032AD5
:10E5900010D80160616839B9C4E90000002087F330
:10E5A0001188BFF36F8FD5E70A6802F003020243B8
:10E5B0000A60E5E722F003020A4302602A6802F0DB
:10E5C000030240EA02032B60E8E76FF00B00E6E786
:10E5D00010B5044630B10268930703D0446809B10E
:10E5E00000F0E0F9204610BD012307B50093002399
:10E5F0000A461946FFF785FF03B05DF804FB3AB100
:10E600008A4205D3C0E90212C0E900000020704729
:10E610006FF015007047012302688B4022EA030364
:10E62000036022FA01F000F00100704720B10022DF
:10E630008C30114600F033B9704773B50446EFF3E0
:10E640001185202383F31288BFF36F8F0023A0F17D
:10E650001006032104380193FFF7DDFF28B1A369F9
:10E66000304601A90193FBF773FA85F31188BFF3D4
:10E670006F8F02B070BD38B504460D4610220021E0
:10E6800000F0E3F9656038BD13B501900846EFF37B
:10E690001184202383F31288BFF36F8F01A9FBF746
:10E6A00057FA84F31188BFF36F8F02B010BD10B515
:10E6B000FFF7EAFF041E08DDEFF31180202383F348
:10E6C0001288BFF36F8FFBF7A5FC204610BD38B54D
:10E6D00030220D460021044600F0B7F94FF4807354
:10E6E0006560E36038BDEFF30580003818BF012096
:10E6F00070476FF057007047D0E9003213605A60DE
:10E700000023C0E90033704708B5FFF7F5FF437BEE
:10E7100023F0020343730023836008BD38B5044629
:10E720000D46FBF7A7FB637B43F002036373E5B180
:10E73000A5602B689D4209D16B68C4E900531C6039
:10E740006C6012E06A689A42F6D01B68002BF3D026
:10E7500094F90E2093F90E108A42F3D09142F1DD24
:10E760005A68C4E9003214605C6038BD10B5EFF33C
:10E770001184202383F31288BFF36F8FFBF73CFBD8
:10E7800084F31188BFF36F8F10BD08B5EFF31181CB
:10E79000202282F31288BFF36F8F83680BB1FFF7DB
:10E7A000B3FF81F31188BFF36F8F08BD014610B529
:10E7B000EFF31184202383F31288BFF36F8F437B21
:10E7C00013F0280F0AD183680BB1FFF79DFF4B7B35
:10E7D000084623F004034B73FBF70EFB84F3118808
:10E7E000BFF36F8F10BD01211838FFF7DFBF08B5E9
:10E7F0000346EFF31181202282F31288BFF36F8F5B
:10E800000068834207D008B1FFF77EFF81F31188CB
:10E81000BFF36F8F08BD0020F8E710B5FFF7B5FF15
:10E82000BDE81040183000F073B838B505460468EC
:10E830000020AC4200D138BD002CFCD02046FFF7B0
:10E84000ECFF2046FFF792FF2C680120A542F1E77C
:10E8500038B504460D46FBF779FCB5F1FF3F08BF1C
:10E86000B4F1FF3F0246204618D000204FF47A74DE
:10E8700047F6FF730146C2FB0431B3F5004F71F157
:10E8800000020BD36FF400429A4243F6FF728A41B2
:10E8900032BF6FF00040D80B40EA414038BD38B578
:10E8A000EFF31185202383F31288BFF36F8F046881
:10E8B000A04212D09CB1A16722612046FFF724FF3D
:10E8C00004F1180000F024F82046FBF795FA012027
:10E8D00085F31188BFF36F8F38BD0020F8E720461D
:10E8E000F6E708B50246FBF76FFD70B1D0E90431D9
:10E8F0009B1A61EBE272B3F1004F72F1000104DA8E
:10E90000002AACBF1846002008BD6FF00040FBE7AE
:10E91000024638B5EFF31185202383F31288BFF345
:10E920006F8F0368CBB1FBF74FFD04461046FBF732
:10E930005DFD00224FF000438442C0E9042306D16C
:10E94000FBF74AFDFFF7CDFF0021F8F74FFB002052
:10E9500085F31188BFF36F8F38BD6FF01500F7E7AF
:10E9600008B5FBF74DFE08BDFBF74ABE10B50446DF
:10E97000FFF7CEFFA8B9636A0BB12046984704F1B0
:10E980001800FFF734FF60B1FFF7F0FEEFF31180DE
:10E99000202383F31288BFF36F8FBDE81040FBF78D
:10E9A00039BB10BD20B1011F50F8040C00F00AB8AB
:10E9B0007047704710B400F10C04C0E9034410BC68
:10E9C000FCF76EBE38B50446EFF31185202383F3C0
:10E9D0001288BFF36F8FFCF717FE04F10C00FFF7EE
:10E9E00024FF30B1294604F11400BDE83840FBF79C
:10E9F000FFBA85F31188BFF36F8F38BD0A44431EF9
:10EA0000914200D1704710B511F8014B914203F8C3
:10EA1000014FF9D110BD884210B501EB020402D9B3
:10EA20008442234607D8431EA14208D011F8012B87
:10EA300003F8012FF8E7024401468A4200D110BDD5
:10EA400013F8014D02F8014DF7E7024403469342E3
:10EA500000D1704703F8011BF9E70139024410B5F2
:10EA6000904201D1002005E0037811F8014FA34244
:10EA700001D0181B10BD0130F2E7F0B5C2F1370527
:10EA8000044602F01F020846EDB22746B4FBF2F638
:10EA900002FB16413446CBB2092984BF5B19DBB2B5
:10EAA000BA4203F1300300F8013BEED9F0BDD1E9E1
:10EAB000043293421EBF5A1C0A611870704700004E
:10EAC000014800687047000018380120BC16FF7F1D
:10EAD000010000000000000064EB0000DD96000073
:10EAE00000000000E1A7000000000000000000009E
:10EAF000A4EB00000000000084EB0000F3C900005C
:10EB00000000000000000000C4EB00008D6E00005B
:10EB100000000000652D000000000000F7C90000A3
:10EB20000000000007DB00000000000005A8000056
:10EB30000000000000000000E4EB00000000000006
:10EB400024EC00000000000004EC000091470000ED
:10EB5000000000000000000064EC00000000000065
:10EB600044EC00009FF700007CF1000018EF00006B
:10EB7000DE21002000430120895E0000000000002B
:10EB800000000000ECF7000020F20000F4EE0000AE
:10EB9000E6210020BC430120456A0000000000007F
:10EBA00000000000F8F7000038F20000F4EE00006A
:10EBB000E8210020C8430120456A00000000000051
:10EBC00000000000AFF60000E423002070EF00001A
:10EBD000DC21002000200020F92A000000000000B5
:10EBE00000000000AAF70000A4F10000DCEE000025
:10EBF000E02100202021002011650000000000001D
:10EC000000000000B7F7000000000000ACEE0000BC
:10EC1000E221002000000000E1660000000000008A
:10EC200000000000CEF7000000000000C4EE00006D
:10EC3000E421002000000000E16800000000000066
:10EC4000000000000DF8000050F2000034EF00005A
:10EC5000EA210020D4430120C7C8000000000000C2
:10EC6000000000001DF8000080F2000034EF0000FA
:10EC7000EC210020EC430120C7C800000000000088
:10EC800000000000000000005FC000000000000065
:10EC90005FC00000000000005FC000000000000036
:10ECA0005FC00000000000005FC0000053DC0000F7
:10ECB0000BDB0000000000005FC00000000000004F
:10ECC0005FC00000000000005FC000000000000006
:10ECD0005FC00000000000005FC0000000000000F6
:10ECE0005FC00000000000005FC0000000000000E6
:10ECF0005FC00000000000005FC0000000000000D6
:10ED00005FC00000000000005FC0000000000000C5
:10ED10005FC00000000000005FC0000000000000B5
:10ED20005FC00000000000005FC0000000000000A5
:10ED30001D6F0000000000005FC000000000000028
:10ED40005FC00000000000005FC000000000000085
:10ED50005FC00000000000005FC000000000000075
:10ED60005FC00000000000005FC000000000000065
:10ED70005FC00000000000005FC000000000000055
:10ED80005FC00000000000005FC000000000000045
:10ED90005FC00000000000005FC000000000000035
:10EDA0005FC00000000000005FC000000000000025
:10EDB0005FC00000000000005FC000000000000015
:10EDC0005FC00000000000005FC000000000000005
:10EDD0005FC00000000000005FC00000B9920000AA
:10EDE0000BDB0000000000005FC00000000000001E
:10EDF0005FC00000000000005FC0000000000000D5
:10EE00005FC00000000000005FC0000000000000C4
:10EE10005FC00000000000005FC0000000000000B4
:10EE20005FC00000000000005FC0000000000000A4
:10EE30005FC00000595500000BDB0000B5930000D7
:10EE40000BDB0000000000005FC0000000000000BD
:10EE50005FC00000000000005FC000000000000074
:10EE60005FC00000000000005FC000000000000064
:10EE70005FC00000000000005FC000000000000054
:10EE80005FC00000000000005FC000000000000044
:10EE90005FC00000000000005FC000000000000034
:10EEA0005FC00000000000005FC00000ABC50000B4
:10EEB0006D67000009670000D966000077C5000093
:10EEC000C9660000656800000568000091680000E0
:10EED0005D680000D3C500004D680000D9620000E5
:10EEE000CD610000156400004D61000029C40000E0
:10EEF0003D61000009690000E1C50000EDC50000AA
:10EF000001C600000BC6000015C60000000000008E
:10EF10000000000000000000ED5E0000BBC2000029
:10EF20001DC300000000000057C2000000000000E8
:10EF30000000000081C800001BC900009FC800003D
:10EF4000ADC800000000000000000000000000004C
:10EF500000000000000000000000000000000000B1
:10EF600000000000000000000000000000000000A1
:10EF7000C1BE0000852B000000000000B129000088
:10EF800079BE00009129000023BD00002DBD0000C6
:10EF9000712900004DBD00000000000057BD0000B9
:10EFA000000000000000000065BD0000D3BE0000AE
:0CEFB00081BD0000BBBD000089BD000059
:10EFC000FF000000FF000000FF000000FF00000045
:10EFD000FF000000FF000000FF000000FF00000035
:10EFE000FF000000FF000000FF000000FF00000025
:10EFF00000C2010000000800000000000000000046
:10F000000338FDD8704700004D30000033BF0000CA
:10F0100004000000020000000100000008000000E1
:10F0200001000000D0F400003CF0000004000000EB
:10F030000200000001000000080000000E010000B6
:10F0400000800050009000500B0000000000000005
:10F05000000000000000010004EC000001000000BE
:10F06000000000000000040024EC0000020000008A
:10F070000000000000000E00E4EB000003000000B0
:10F08000000001000002000004EC00000400000089
:10F090000000010000000E0004EC0000050000006C
:10F0A0000002010000FE0D0004EC0000060000005C
:10F0B0000002010000FE0D0004EC0000070000004B
:10F0C000000004000000000024EC00000800000024
:10F0D00000000E0000000400E4EB00000900000046
:10F0E00000000F000000010004EC00000A00000016
:10F0F0000000120000006E00E4EB000000000000C1
:10F100002BBF000018210020102100200821002022
:10F110000000000000210020D52E0000A52D0000D9
:10F12000F92D00006D2E00000020002000000000DE
:10F1300006000100020000003CF100000000000099
:10F140007CF7000002000000E0FF0F00002000201C
:10F1500084F7000021000000E0FF06206146000067
:10F1600041C100000000000035490000000000001F
:10F17000115E0000E15D0000000000006D5F000016
:10F18000555E000049C300005BC3000043C300009C
:10F1900055C300003DC300004FC300000400000041
:10F1A00000FF000000000000000000000000000060
:10F1B000000000000000000000000000000000004F
:10F1C000020000000000000BF4010000000101003B
:10F1D00000008000C2281700DCF1000000B00250DF
:10F1E000E8F1000001000000F0F100000400000060
:10F1F0001100001D0D00001F0E0000201200001E57
:10F2000000080000001000000100000000FF0000E6
:10F2100040000000001000000400000000FF00009B
:10F22000FFFF0000002884500000000001000000E3
:10F2300000D0005000000000FFFFFFFF00258450B9
:10F24000000000000000000000D00050000000009E
:10F2500000000080FFFFFF7F0000008000000080B2
:10F26000FFFFFF7F000000800000000000000000A2
:10F2700030F8000000FF0A00A4EB00001F000000AF
:10F2800000000080FFFFFF7F000000800000008082
:10F29000FFFFFF7F00000080000000000000000072
:10F2A00030F8000000FF0A00A4EB00000F0001008E
:10F2B000040000000200000001000000080000003F
:10F2C000982F8A4291443771CFFBC0B5A5DBB5E9D1
:10F2D0005BC25639F111F159A4823F92D55E1CAB45
:10F2E00098AA07D8015B8312BE853124C37D0C55D3
:10F2F000745DBE72FEB1DE80A706DC9B74F19BC11B
:10F30000C1699BE48647BEEFC69DC10FCCA10C240A
:10F310006F2CE92DAA84744ADCA9B05CDA88F976EE
:10F3200052513E986DC631A8C82703B0C77F59BF58
:10F33000F30BE0C64791A7D55163CA066729291484
:10F34000850AB72738211B2EFC6D2C4D130D385321
:10F3500054730A65BB0A6A762EC9C281852C7292E3
:10F36000A1E8BFA24B661AA8708B4BC2A3516CC711
:10F3700019E892D1240699D685350EF470A06A104A
:10F3800016C1A419086C371E4C774827B5BCB03499
:10F39000B30C1C394AAAD84E4FCA9C5BF36F2E6837
:10F3A000EE828F746F63A5781478C8840802C78CC6
:10F3B000FAFFBE90EB6C50A4F7A3F9BEF27871C6C9
:10F3C000D4EA0000D4EA00000CEB000014EB0000CB
:10F3D00064EB000064EB000079F80000000100001D
:10F3E000FF8FFFFFFF8FFFFFFE8FFFFFFE8FFFFFEF
:10F3F000FD8FFFFFFC8FFFFFFC8FFFFFFB8FFFFFE9
:10F400006D757465785F667265652063616C6C65A7
:10F41000642077697468204E554C4C20706172618D
:10F420006D6574657200000043616E277420696E1B
:10F43000697469616C697A65206D757465782C20D2
:10F44000776173204E554C4C0D0A0000436F756C6C
:10F4500064206E6F74206C6F636B20706F776572C1
:10F460002073617665206D75746578000100020077
:10F4700010001100120020002100220023002400AF
:10F480003000310032003300FFFF0000F0FFF0FFDA
:10F49000F0FFEAFF74FFF0FFF0FF74FFF0FFEAFFF8
:10F4A00077C295F360D2EF7F3552500F2CB679803A
:10F4B00004010001240120010200010000020001FA
:10F4C0000404020108726300000000000000000054
:10F4D0003082010A0282010100D106081A18442C68
:10F4E00018E8FBFDF70DA34F1FBBEE5EF9AAD24B48
:10F4F00018D35AE96D188019F9F09C341BCBF3BC72
:10F5000074DB42E78C7F10537E435E0D572C44D151
:10F5100067080F0DBB5CEEECB399DFE04D840BAADE
:10F52000774160ED152849A701B43C10E6698C2F9E
:10F530005FAC414D9E5C14DFF2F8CF3D1E6FE75B80
:10F54000BAB4A9C8887E473C94C37767544BAA8D48
:10F550003835CA62617EB7E115DB7773D4BE7B7242
:10F5600021896924FBF8656E643EC80ED785D55C99
:10F570004AE4530D2FFFB7FDF31339833FA3AED2F7
:10F580000FA76A9DF9FEB8CEFA2ABEAFB8E0FA829C
:10F590003754F43EE12BD0D3085818F65E4CC88897
:10F5A0008131AD5FB08217F28A692723F3AB873EC2
:10F5B000931A1DFEE8F81A246659F81CABDCCE68D5
:10F5C0001B666435ECFA0D119DAF5C3AA7D167C696
:10F5D00047EFB14B2C62E1D1C902030100017F7FEB
:10F5E0007F7F7F7F7F7F7F7F7F7F7F7F7F7F7F7F2B
:10F5F0007F7F7F7F7F7F7F7F7F7F7F7F7F7F7F7F1B
:10F600007F7F7F7F7F7F7F7F7F3E7F7F7F3F343520
:10F61000363738393A3B3C3D7F7F7F407F7F7F00E4
:10F620000102030405060708090A0B0C0D0E0F1052
:10F630001112131415161718197F7F7F7F7F7F1AF9
:10F640001B1C1D1E1F202122232425262728292A92
:10F650002B2C2D2E2F303132337F7F7F7F7F414205
:10F66000434445464748494A4B4C4D4E4F505152F2
:10F67000535455565758595A6162636465666768B2
:10F68000696A6B6C6D6E6F70717273747576777872
:10F69000797A303132333435363738392B2F3031AF
:10F6A00032333435363738394142434445460062B7
:10F6B0006F6172645F6364635F61636D5F756172E4
:10F6C0007400757362776F726B71006D7574657815
:10F6D0005F696E69742063616C6C6564207769741E
:10F6E00068204E554C4C20706172616D6574657276
:10F6F00000436F756C64206E6F7420616C6C6F6377
:10F70000617465206D75746578206265666F7265D9
:10F7100020696E697469616C697A696E67000A00B4
:10F72000696D6167650064617461006C656E006F8E
:10F73000666600696D6167657300736C6F7400764F
:10F74000657273696F6E002568752E2568752E25A4
:10F750006875002E257500736C6F74730075706C7E
:10F760006F61645F696D6167655F6964006D617891
:10F770005F696D6167655F73697A6500464C4153E7
:10F78000485F30005352414D5F3000000000012BB4
:10F790002C2A1E757362645F776F726B710003634E
:10F7A0006C6F636B4035303030006D7832357236B7
:10F7B00034333566403000666C6173682D636F6E5C
:10F7C00074726F6C6C6572403339303030006E6F1C
:10F7D000726469635F72616D2D666C6173682D631D
:10F7E0006F6E74726F6C6C65724030006770696F19
:10F7F00040383432383030006770696F4038343206
:10F800003530300000010203040506070B73656EF6
:10F81000736F722D7077722D6374726C00726567EE
:10F82000756C61746F722D3376332D6374726C0056
:10F8300000000001040104030402040104010403A4
:10F84000010403040104092040000000010101003B
:10F8500000010000000C04241C0020303030303047
:10F8600030303030303030303001000000010202E2
:10F87000030303036D61696E00737973776F726BB5
:10F880007100286E756C6C290000000000000000FB
:10F890000000000000000000000000000000000068
:10F8A0000000000000000000000000000000000058
:10F8B0000000000000000000000000000000000048
:10F8C0000000000000000000000000000000000038
:10F8D0000000000000000000000000000000000028
:10F8E0000000000000000000000000000000000018
:10F8F0000000000000000000000000000000000008
:10F9000000000000000000000000000000000000F7
:10F910000000000000000000D0200020BC200020DB
:10F9200000C201000000080000000000000000000C
:10F9300000000000000000000000000001000000C6
:10F9400001000000FFFFFFFF40A9052000000000AC
:10F9500000000000000000000004000040AD052091
:10F960000000000000000000000000000004000093
:10F97000A52A000080000000812700000000000090
:10F9800081270000800000004CF000009022002041
:10F990003A000000A42200203A0000007C2200204F
:10F9A0003A000000B82200203A0000002021002088
:10F9B0002021002001000000010000003021002073
:10F9C00030210020000000000100000000000000C5
:10F9D000000000004BEA0000D3D80000D5D800009A
:10F9E000CFD800000090D00300700150000000004C
:10F9F000FFFFFFFF3F000000FFFFFFFF3F00000091
:10FA000074210020742100200000000069A800007B
:10FA1000C0210020B8210020B021002000000000FB
:10FA2000A821002095A90000E1A8000015A9000068
:10FA30005DA90000384501203A00003A3C4501200C
:10FA40003A00003A404501203A00003A444501207E
:10FA50003A00003AD0210020942100208C2100207F
:10FA60008821002084210020000000000000000008
:10FA70000000000000000000000000000000000086
:10FA80000000000031A6000000000000000000009F
:10FA900000000000082200200822002091C1000080
:10FAA0000000000000000000000000000000000056
:10FAB00000000000000000000000000031A600006F
:10FAC00000000000000000000000000040220020B4
:10FAD0004022002011710000000000000000000022
:10FAE0000000000000000000000000006022002074
:10FAF00060220020C0A605200000000020000000B9
:10FB000014000000000000007C2200207C22002065
:10FB100000000000000000000E0000009022002005
:10FB20009022002000000000000000000E000000F5
:10FB3000A4220020A42200200000000000000000F9
:10FB40000E000000B8220020B822002000000000B3
:10FB5000000000000E000000CC220020CC2200207B
:10FB600000000000000000000E000000E022002065
:10FB7000E022002001000000010000000000000061
:10FB800000000000F8220020F822002012010002EC
:10FB9000EF0201401519005301040102030109029B
:10FBA0000000000100C032080B0002020200000940
:10FBB00004000001020200000524001001052401D8
:10FBC0000201042402020524060001070580031037
:10FBD000000A09040100020A000000070580024033
:10FBE0000000070500024000000403090432034E30
:10FBF0006F726469632053656D69636F6E647563CA
:10FC0000746F7220415341000000000000000000AA
:10FC10000000000000000000000000000000002ABA
:10FC200003426F6F746C6F61646572205468696E13
:10FC300067793A3533000000000000000000000042
:10FC40000000000000000000002203303132333495
:10FC500035363738394142434445460000000000FC
:0DFC60000000000000000000000000000097
:10FC7000000000002323002005BD0000E12C00004F
:10FC8000412A000000000000000000000300000006
:0CFC9000E42000202906000015E015E02B
:020000040001F9
:100000003DB8F39600000000000200004C540400CC
:1000100000000000030101000000000000000000DB
:10002000FFFFFFFFFFFFFFFFFFFFFFFFFFFFFFFFE0
:10003000FFFFFFFFFFFFFFFFFFFFFFFFFFFFFFFFD0
:10004000FFFFFFFFFFFFFFFFFFFFFFFFFFFFFFFFC0
:10005000FFFFFFFFFFFFFFFFFFFFFFFFFFFFFFFFB0
:10006000FFFFFFFFFFFFFFFFFFFFFFFFFFFFFFFFA0
:10007000FFFFFFFFFFFFFFFFFFFFFFFFFFFFFFFF90
:10008000FFFFFFFFFFFFFFFFFFFFFFFFFFFFFFFF80
:10009000FFFFFFFFFFFFFFFFFFFFFFFFFFFFFFFF70
:1000A000FFFFFFFFFFFFFFFFFFFFFFFFFFFFFFFF60
:1000B000FFFFFFFFFFFFFFFFFFFFFFFFFFFFFFFF50
:1000C000FFFFFFFFFFFFFFFFFFFFFFFFFFFFFFFF40
:1000D000FFFFFFFFFFFFFFFFFFFFFFFFFFFFFFFF30
:1000E000FFFFFFFFFFFFFFFFFFFFFFFFFFFFFFFF20
:1000F000FFFFFFFFFFFFFFFFFFFFFFFFFFFFFFFF10
:10010000FFFFFFFFFFFFFFFFFFFFFFFFFFFFFFFFFF
:10011000FFFFFFFFFFFFFFFFFFFFFFFFFFFFFFFFEF
:10012000FFFFFFFFFFFFFFFFFFFFFFFFFFFFFFFFDF
:10013000FFFFFFFFFFFFFFFFFFFFFFFFFFFFFFFFCF
:10014000FFFFFFFFFFFFFFFFFFFFFFFFFFFFFFFFBF
:10015000FFFFFFFFFFFFFFFFFFFFFFFFFFFFFFFFAF
:10016000FFFFFFFFFFFFFFFFFFFFFFFFFFFFFFFF9F
:10017000FFFFFFFFFFFFFFFFFFFFFFFFFFFFFFFF8F
:10018000FFFFFFFFFFFFFFFFFFFFFFFFFFFFFFFF7F
:10019000FFFFFFFFFFFFFFFFFFFFFFFFFFFFFFFF6F
:1001A000FFFFFFFFFFFFFFFFFFFFFFFFFFFFFFFF5F
:1001B000FFFFFFFFFFFFFFFFFFFFFFFFFFFFFFFF4F
:1001C000FFFFFFFFFFFFFFFFFFFFFFFFFFFFFFFF3F
:1001D000FFFFFFFFFFFFFFFFFFFFFFFFFFFFFFFF2F
:1001E000FFFFFFFFFFFFFFFFFFFFFFFFFFFFFFFF1F
:1001F000FFFFFFFFFFFFFFFFFFFFFFFFFFFFFFFF0F
:10020000B0E2002049BC0100B50B040035BC010080
:1002100035BC010035BC010035BC010035BC010016
:10022000000000000000000000000000A5BD01006B
:1002300035BC01000000000045BD010035BC0100D7
:100240006DBF01006DBF01006DBF01006DBF0100FA
:100250006DBF01006DBF01006DBF01006DBF0100EA
:100260006DBF01006DBF01006DBF01006DBF0100DA
:100270006DBF01006DBF01006DBF01006DBF0100CA
:100280006DBF01006DBF01006DBF01006DBF0100BA
:100290006DBF01006DBF01006DBF01006DBF0100AA
:1002A0006DBF01006DBF01006DBF01006DBF01009A
:1002B0006DBF01006DBF01006DBF01006DBF01008A
:1002C0006DBF01006DBF01006DBF01006DBF01007A
:1002D0006DBF01006DBF01006DBF01006DBF01006A
:1002E0006DBF01006DBF01006DBF01006DBF01005A
:1002F0006DBF01006DBF01006DBF01006DBF01004A
:100300006DBF01006DBF01006DBF01006DBF010039
:100310006DBF01006DBF01006DBF01006DBF010029
:100320006DBF01006DBF01006DBF01006DBF010019
:100330006DBF01006DBF01006DBF01006DBF010009
:100340006DBF01006DBF01006DBF01006DBF0100F9
:100350006DBF0100FFFFFFFF80EA101404F0F014EE
:1003600080EA0410604081EA111404F0F01481EA7C
:100370000411614082EA121404F0F01482EA0412BB
:10038000624083EA131404F0F01483EA0413634018
:1003900080EA102404F47F4480EA0420604081EA6B
:1003A000112404F47F4481EA0421614082EA12248A
:1003B00004F47F4482EA0422624083EA132404F4B2
:1003C0007F4483EA0423634081EA500404F05534F7
:1003D00080EA4400614083EA520404F0553482EA22
:1003E0004402634082EA900404F0333480EA8400DB
:1003F000624083EA910404F0333481EA840163406B
:10040000704700BF82EA900404F0333480EA84002D
:10041000624083EA910404F0333481EA840163404A
:1004200081EA500404F0553480EA4400614083EAD4
:10043000520404F0553482EA4402634080EA1024F6
:1004400004F47F4480EA0420604081EA112404F42B
:100450007F4481EA0421614082EA122404F47F444B
:1004600082EA0422624083EA132404F47F4483EA8C
:100470000423634080EA101404F0F01480EA0410AE
:10048000604081EA111404F0F01481EA0411614023
:1004900082EA121404F0F01482EA0412624083EA41
:1004A000131404F0F01483EA04136340704700BF90
:1004B0002DE9F14F94464FEA930B8A68CB680868A0
:1004C0004968FFF749FF0BF1060E33E083EA134456
:1004D00080EA134582EA134746BA96EA34446040FC
:1004E00000F00F1684EA063420F00F1684EA161086
:1004F00054BA94EA0106724002F00F1486EA0436F8
:1005000022F00F1486EA14124CBA6540694001F0DB
:100510000F1485EA043521F00F1485EA14115CBA32
:1005200067407B4003F00F1487EA043723F00F1471
:1005300087EA1413BCE8F0006040694072407B40D9
:1005400000F0E03400F0103500F00F3040EA5400C5
:1005500040EAC50080EA900404F0332480EA840075
:10056000604001F0E03401F0103501F00F3141EA54
:10057000540141EAC50181EA910404F0332481EA7F
:100580008401614002F0E03402F0103502F00F32D5
:1005900042EA540242EAC50282EA920404F0332499
:1005A00082EA8402624003F0E03403F0103503F085
:1005B0000F3343EA540343EAC50383EA930404F088
:1005C000332483EA8403634081EA324787EA134590
:1005D00081EA354690EA060484EA034B82EA1B422C
:1005E00080EA044484EA054483EA144A85EA144410
:1005F0008BEA044B84EA374481EA0B4181EA1641D5
:1006000004EA0A00454082EA04082BEA0800414057
:100610008AEA0B0602EA060084EA34438AEA3A468A
:1006200003EA060778404540414088EA38478BEAAC
:100630003B4007EA000985EA090583EA07094640C5
:1006400006EA0906714085EA010005EA354646409A
:1006500006EA314181EA304181EA364606EA30460F
:1006600086EA3546344008EA010886EA01052A4050
:1006700086EA364003405A4081EA31431F407C40BD
:1006800080EA030709EA070988EA0908544088EA6A
:10069000020806EA0A0601EA0B018AEA0B02154083
:1006A0008AEA3A42104045408BEA3B4003405E40B4
:1006B0004240174079404D404E40E443F64386EABD
:1006C00018435D4085EA054083EA134386EA034107
:1006D00083EA384284EA114383EA04435FEA3343FE
:1006E000BEF1010E3FF6F2AE1ED4BCE8F000604051
:1006F000694072407B4020BCFFF784FE286069603F
:10070000AA60EB60BDE8F08F2DE9E0414FF2F00206
:1007100080EA1031114080EA0130484041088208E7
:10072000C3084FF0000E4FE700F0113001F0113117
:1007300002F0113203F0113340EA410040EA820036
:1007400040EAC3004FF2F00280EA1031114080EA23
:1007500001304840BDE8E0812DE9F04F02F11C0571
:100760000646074600EB850851F8040B043A46F8A4
:10077000040BF9D14FF0010CFFF7C6FF5FEA302000
:1007800080EA0C001ECF41404A4053405C401EC6E8
:100790002000464517D04FEA4C0C1CF4807F18BF50
:1007A000ACF1E50C2C2DE7D03C2D06D1FFF7ACFFCA
:1007B00006CF41404A4006C6100006CF41404A409D
:1007C00006C61000D8E736E90F00FFF7C5FD043D67
:1007D00086E80F00F7D1BDE8F08F00BF2DE9F14F9B
:1007E00003F11C0402EB840C4FEA930B8A68CB687C
:1007F00008684968FFF7B0FD3CE9F00060406940D7
:1008000072407B400BF1060E4EE083EA134480EA0F
:10081000134582EA134746BA96EA3444604000F032
:100820000F1684EA063420F00F1684EA161054BA24
:1008300094EA0106724002F00F1486EA043622F0B0
:100840000F1486EA14124CBA6540694001F00F1487
:1008500085EA043521F00F1485EA14115CBA67406B
:100860007B4003F00F1487EA043723F00F1487EA64
:10087000141344BA44404DBA4D4056BA56405FBA7C
:100880005F4087EA174886EA174B84EA17464FEA23
:1008900038488BEA1B4485EA1B4788EA1B4580EAF7
:1008A0003440694072407B4000F0703400F0803585
:1008B00000F00F3040EA440040EAD50080EA90049E
:1008C00004F0332480EA8400604001F0703401F0C9
:1008D000803501F00F3141EA440141EAD50181EA56
:1008E000910404F0332481EA8401614002F0703401
:1008F00002F0803502F00F3242EA440242EAD502A9
:1009000082EA920404F0332482EA8402624003F013
:10091000703403F0803503F00F3343EA440343EAB5
:10092000D50383EA930404F0332483EA8403634009
:10093000C943DB4381EA000483EA044686EA0201F4
:1009400083EA014382EA334583EA14435C4084EA44
:1009500000077FEA040A8AEA024A8AEA010B87EA68
:1009600011488AEA374A80EA060181EA1A418AEA8E
:10097000030A04EA0A00454088EA040707EA0B0074
:1009800041408AEA0B0608EA060084EA34428AEA11
:100990003A4602EA060358404540414087EA374359
:1009A0008BEA3B4003EA000985EA090582EA03096C
:1009B000464006EA0906714085EA010005EA354627
:1009C000464006EA314181EA304181EA364606EA8C
:1009D000304686EA354634400F4086EA010508EA8B
:1009E000050886EA3640024088EA020881EA314278
:1009F00013405C4080EA020309EA030987EA090719
:100A0000674088EA040806EA0A0601EA0B018AEA56
:100A10000B0425408AEA3A44204045408BEA3B4B90
:100A200002EA0B02564084EA0B04234059406E4010
:100A3000694087EA364080EA384080EA060380EA67
:100A4000104481EA134585EA344585EA17427D4022
:100A500082EA354180EA05403CE9F00060406940A7
:100A600072407B40BEF1010E3FF6CFAE20BCFFF7D7
:100A7000C9FC28606960AA60EB60BDE8F08F00BF28
:100A8000FFF76ABE2DE9F00791E8F807B2E8021017
:100A90005B1854EB0C04B2E802104D4156EB0C0607
:100AA000B2E802104F4158EB0C08B2E8021059EBC3
:100AB00001095AEB0C0A80E8F80780410130BDE8D3
:100AC000F00770472DE9F00791E8F807B2E8021047
:100AD0005B1A74EB0C04B2E802108D4176EB0C0645
:100AE000B2E802108F4178EB0C08B2E8021079EB03
:100AF00001097AEB0C0A80E8F80780414042BDE822
:100B0000F00770472DE9F007524290E87800B1E80D
:100B100080071740DB1918EA020854EB080419EAA9
:100B2000020955EB09051AEA020A56EB0A0678C0D3
:100B300090E87800B1E8800717407B4118EA020886
:100B400054EB080419EA020955EB09051AEA020AEE
:100B500056EB0A0678C080410130BDE8F0077047C7
:100B60002DE9F007524290E87800B1E8800717407D
:100B7000DB1B18EA020874EB080419EA020975EB9A
:100B800009051AEA020A76EB0A0678C090E87800AE
:100B9000B1E880071740BB4118EA020874EB08046B
:100BA00019EA020975EB09051AEA020A76EB0A0648
:100BB00078C080414042BDE8F00770472DE9F00160
:100BC00052424FF0040890E8300091E8C000A31BA7
:100BD0001340E41AF618EB1B1340ED1AFF1830C04F
:100BE000C0C1B8F10108EED1BDE8F001704700BF07
:100BF00000B592E8DC072DE9DC07B1E8805702B4C4
:100C0000A7FB02510A95A8FB020BE7FB6310E9FB67
:100C100062B00B91A8FB0351EAFB6201E7FB64B5EC
:100C2000E7FB6605E8FB6615CDF830B0A9FB03B617
:100C3000EAFB6316ECFB6356E8FB640BE9FB641B01
:100C4000EAFB645BECFB646B0D90ACFB0230059C33
:100C5000EEFB6250E9FB6460EAFB64B0E7FB6431E1
:100C6000E8FB6451069CE8FB6461E9FB64B1EAFBC4
:100C700064010E93A7FB0432079CE7FB6462E8FB68
:100C800064B2E9FB6402EAFB6412049CE9FB64536E
:100C9000EAFB6463089CE7FB64B3E8FB6403E9FBDD
:100CA0006413EAFB64230F955DF8049B99E8000642
:100CB000DDF80080A9FB0854EAFB68B4DDF8108079
:100CC000ECFB6804EEFB6814E9FB6824EAFB68347B
:100CD000DDF80480EEFB6865E9FB68B5EAFB6805B2
:100CE000DDF81480ECFB6815EEFB6825E9FB683540
:100CF000EAFB68450F96DDF80880AEFB0876E9FB55
:100D00006806EAFB6816DDF81880ECFB6826EEFB47
:100D10006836E9FB6846EAFB6856DDF80C80ECFBB8
:100D200068B7EEFB6807E9FB6817EAFB6827DDF8A0
:100D30001C80ECFB6837EEFB6847E9FB6857EAFB71
:100D4000686708B000BD00BF2DE9F14F87B0FFF71D
:100D50004FFFDDF81C8008F1200888E8FF00FFBC89
:100D600087E87F08BDE8F08F00B591E89857A3FBAE
:100D700003520195A3FB0401E3FB6420E3FB67102E
:100D80000292A3FB0752E3FB6802E4FB6415E3FB5A
:100D90006805E3FB69250391A4FB07B6E3FB69261D
:100DA000E3FB6A56E4FB670BE4FB682BE3FB6A5B3F
:100DB000E3FB6C6B0490A4FB0810E4FB6950E3FBBD
:100DC0006C60E3FB6EB0E7FB6721E4FB6951E4FB79
:100DD0006A61E3FB6EB1E4FB6E010592A7FB08328A
:100DE000E4FB6A62E4FB6CB2E4FB6E02E7FB6E12AA
:100DF000E7FB6853E7FB6963E4FB6CB3E7FB6C0359
:100E0000E7FB6E13E8FB6E230695A7FB0954E7FB8F
:100E10006AB4E7FB6C04E8FB6C14E8FB6E24E9FBA6
:100E20006E34E8FB6865E7FB6AB5E8FB6A05E8FB3A
:100E30006C15E9FB6C25E9FB6E35EAFB6E45079600
:100E4000A8FB0976E8FB6A06E9FB6A16E9FB6C2653
:100E5000EAFB6C36EAFB6E46ECFB6E56E8FB69B7C4
:100E6000E9FB6907E9FB6A17EAFB6A27EAFB6C37CB
:100E7000ECFB6C47ECFB6E57EEFB6E6700BD00BFF2
:100E80002DE9F14F87B0FFF76FFFDDF81C8008F107
:100E9000200888E8FF00FFBC87E87F08BDE8F08FE6
:100EA00030B44FF0000310F8014B11F8015B013A28
:100EB00084EA050443EA0403F5D1A3F101034FEAF0
:100EC000D37030BC704700BF4FF0000310F8012B07
:100ED000013943EA0203F9D1A3F101034FEAD370C8
:100EE000704700BF30B411F8014B12F8015B6C4041
:100EF00000F8014B013BF6D130BC70472DE9F04FB3
:100F000090E8F00F00F140004FF0040E59E0F0B40B
:100F1000826BC36B04680525242687593C444FEA3D
:100F2000724787EAF24787EA92273C4442684FEAD1
:100F3000F21787EAB24787EAD2073C4440F8044BED
:100F4000032D08BF6FF01B0687593A444FEA7347D9
:100F500087EAF34787EA93273A4443684FEAF3174F
:100F600087EAB34787EAD3073A4440F8042B875906
:100F70003B444FEA744787EAF44787EA94273B44A7
:100F800044684FEAF41787EAB44787EAD4073B443A
:100F900040F8043B013DC0D1A0F13C00076A3C444D
:100FA0004FEA724787EAF24787EA92273C44026891
:100FB0004FEAF21787EAB24787EAD2073C44C46394
:100FC000F0BC4FF0020288EA781C8CEAF84C0BEB7C
:100FD000BC1C8AEA090303EA080383EA0A039C4467
:100FE00050F8043B9C4451F8043B9C44674444EA59
:100FF000050B0BEA060B04EA05034BEA030BE3447B
:1010000084EAF42383EA34530BEBB30B87EA771CAF
:101010008CEAF74C0AEBBC1C89EA080303EA0703D5
:1010200083EA09039C4450F8043B9C4451F8043B78
:101030009C4466444BEA040A0AEA050A0BEA0403E4
:101040004AEA030AE2448BEAFB2383EA3B530AEBB6
:10105000B30A86EA761C8CEAF64C09EBBC1C88EADB
:10106000070303EA060383EA08039C4450F8043BA1
:101070009C4451F8043B9C4465444AEA0B0909EA44
:1010800004090AEA0B0349EA0309E1448AEAFA235C
:1010900083EA3A5309EBB30985EA751C8CEAF54CEF
:1010A00008EBBC1C87EA060303EA050383EA07038F
:1010B0009C4450F8043B9C4451F8043B9C446444D9
:1010C00049EA0A0808EA0B0809EA0A0348EA030899
:1010D000E04489EAF92383EA395308EBB30884EA48
:1010E000741C8CEAF44C07EBBC1C86EA050303EA8B
:1010F000040383EA06039C4450F8043B9C4451F8E3
:10110000043B9C44E34448EA090707EA0A0708EA63
:10111000090347EA0307674488EAF82383EA385358
:1011200007EBB3078BEA7B1C8CEAFB4C06EBBC1C81
:1011300085EA040303EA0B0383EA05039C4450F8A1
:10114000043B9C4451F8043B9C44E24447EA0806B3
:1011500006EA090607EA080346EA0306664487EA40
:10116000F72383EA375306EBB3068AEA7A1C8CEA44
:10117000FA4C05EBBC1C84EA0B0303EA0A0383EA7E
:1011800004039C4450F8043B9C4451F8043B9C44A9
:10119000E14446EA070505EA080506EA070345EAC9
:1011A0000305654486EAF62383EA365305EBB30567
:1011B00089EA791C8CEAF94C04EBBC1C8BEA0A0323
:1011C00003EA090383EA0B039C4450F8043B9C4464
:1011D00051F8043B9C44E04445EA060404EA070451
:1011E00005EA060344EA0304644485EAF52383EA36
:1011F000355304EBB304013A7FF4E5AEA0F14000AF
:10120000BEF1010E7FF483AEA0F1400C9CE80F000C
:10121000001949199219DB19ACE80F009CE80F007E
:101220004044494452445B44ACE80F00BDE8F08FB1
:101230002DE9F00791E8F807B2E802105B1854EBCB
:101240000C04B2E802104D4156EB0C06B2E8021055
:101250004F4158EB0C08B2E8021059EB01095AEB68
:101260000C0A8941B3F1FF3374F1FF3475F1FF3596
:1012700076F1000677F1000778F1000879F10109AD
:101280007AF1FF3A51F100015B184C414D4156F1A2
:10129000000657F1000758F1000859EBD1795AEBD5
:1012A000010A80E8F807BDE8F00770472DE9F0076C
:1012B00091E8F807B2E802105B1A74EB0C04B2E88C
:1012C00002108D4176EB0C06B2E802108F4178EBEC
:1012D0000C08B2E8021079EB01097AEB0C0A89419B
:1012E0005B184C414D4156F1000657F1000758F18B
:1012F000000859EBD1795AEB010A80E8F807BDE8FC
:10130000F007704718EB040859EB05095AEB060A79
:101310005BEB070B5FF0000C4CF1000C18EB0508C1
:1013200059EB06095AEB070A5BEB070B50EB0C0075
:101330005FF0000C51EB0C0152EB0C0263414CF1DD
:10134000000CB8EB070879F100097AF1000A7BEB91
:10135000040BA841B141A241B3416CF1000CBBEBBD
:10136000050BB041B941AA41BB416CF1000C4CF0F6
:1013700001068CF0020718EB060859EB6C095AEBD2
:101380006C0A7BEB6C0B70EB6C0471EB6C0572EB15
:10139000670653EB6C076CEB6C0C18EB0C0059EB0D
:1013A0000C015AEB0C025BF1000354F1000455F1FF
:1013B000000556EBDC7657EB0C0770472DE9F14F33
:1013C00087B0FFF715FCDDF81080DDF81490DDF82C
:1013D00018A0FFF797FFBDE8000FFFF793FF03B0DA
:1013E0005DF8048B88E8FF00BDE8F08F2DE9F14F30
:1013F00087B0FFF7B9FCDDF81080DDF81490DDF858
:1014000018A0FFF77FFFBDE8000FFFF77BFF03B0D9
:101410005DF8048B88E8FF00BDE8F08F81F00041A3
:1014200002E000BF83F0004330B54FEA41044FEAC9
:10143000430594EA050F08BF90EA020F1FBF54EA64
:10144000000C55EA020C7FEA645C7FEA655C00F000
:10145000E2804FEA5454D4EB5555B8BF6D420CDDD1
:101460002C4480EA020281EA030382EA000083EA54
:10147000010180EA020281EA0303362D88BF30BDF4
:1014800011F0004F4FEA01314FF4801C4CEA11314A
:1014900002D0404261EB410113F0004F4FEA0333A9
:1014A0004CEA133302D0524263EB430394EA050F34
:1014B00000F0A780A4F10104D5F1200E0DDB02FAA3
:1014C0000EFC22FA05F2801841F1000103FA0EF237
:1014D000801843FA05F359410EE0A5F120050EF1FD
:1014E000200E012A03FA0EFC28BF4CF0020C43FA2E
:1014F00005F3C01851EBE37101F0004507D54FF03B
:10150000000EDCF1000C7EEB00006EEB0101B1F58A
:10151000801F1BD3B1F5001F0CD349085FEA3000D0
:101520004FEA3C0C04F101044FEA445212F5800FDB
:1015300080F09A80BCF1004F08BF5FEA500C50F178
:10154000000041EB045141EA050130BD5FEA4C0C5B
:10155000404141EB0101013C28BFB1F5801FE9D2B8
:1015600091F0000F04BF01460020B1FA81F308BFDB
:101570002033A3F10B03B3F120020CDA0C3208DDA7
:1015800002F1140CC2F10C0201FA0CF021FA02F182
:101590000CE002F11402D8BFC2F1200C01FA02F1F2
:1015A00020FA0CFCDCBF41EA0C019040E41AA2BF17
:1015B00001EB0451294330BD6FEA04041F3C1CDADF
:1015C0000C340EDC04F11404C4F1200220FA04F0FF
:1015D00001FA02F340EA030021FA04F345EA0301A9
:1015E00030BDC4F10C04C4F1200220FA02F001FA6B
:1015F00004F340EA0300294630BD21FA04F02946ED
:1016000030BD94F0000F83F4801306BF81F4801185
:101610000134013D4EE77FEA645C18BF7FEA655CF8
:1016200029D094EA050F08BF90EA020F05D054EACA
:10163000000C04BF1946104630BD91EA030F1EBFCF
:101640000021002030BD5FEA545C05D140004941D3
:1016500028BF41F0004130BD14F580043CBF01F5C6
:10166000801130BD01F0004545F0FE4141F47001AC
:101670004FF0000030BD7FEA645C1ABF1946104687
:101680007FEA655C1CBF0B46024650EA013406BF88
:1016900052EA033591EA030F41F4002130BD00BF47
:1016A00090F0000F04BF0021704730B54FF4806404
:1016B00004F132044FF000054FF0000150E700BF85
:1016C00090F0000F04BF0021704730B54FF48064E4
:1016D00004F1320410F0004548BF40424FF00001D1
:1016E0003EE700BF42004FEAE2014FEA31014FEA14
:1016F00002701FBF12F07F4393F07F4F81F0605163
:10170000704732F07F4208BF704793F07F4F04BFAD
:1017100041F40021704730B54FF4607401F000458A
:1017200021F000411CE700BF50EA010208BF7047EA
:1017300030B54FF000050AE050EA010208BF7047DB
:1017400030B511F0004502D5404261EB41014FF444
:10175000806404F132045FEA915C3FF4D8AE4FF04C
:1017600003025FEADC0C18BF03325FEADC0C18BF2F
:10177000033202EBDC02C2F1200300FA03FC20FA80
:1017800002F001FA03FE40EA0E0021FA02F11444CD
:10179000BDE600BF70B54FF0FF0C4CF4E06C1CEAE6
:1017A00011541DBF1CEA135594EA0C0F95EA0C0F57
:1017B00000F0DEF82C4481EA030621EA4C5123EACA
:1017C0004C5350EA013518BF52EA033541F48011F9
:1017D00043F4801338D0A0FB02CE4FF00005E1FBAC
:1017E00002E506F00042E0FB03E54FF00006E1FBF6
:1017F00003569CF0000F18BF4EF0010EA4F1FF0439
:10180000B6F5007F64F5407404D25FEA4E0E6D4178
:1018100046EB060642EAC62141EA55514FEAC52089
:1018200040EA5E504FEACE2EB4F1FD0C88BFBCF505
:10183000E06F1ED8BEF1004F08BF5FEA500E50F1B6
:10184000000041EB045170BD06F0004646EA01017C
:1018500040EA020081EA0301B4EB5C04C2BFD4EBAE
:101860000C0541EA045170BD41F480114FF0000EA7
:10187000013C00F3AB8014F1360FDEBF002001F015
:10188000004170BDC4F10004203C35DA0C341BDC8F
:1018900004F11404C4F1200500FA05F320FA04F061
:1018A00001FA05F240EA020001F0004221F0004195
:1018B00010EBD37021FA04F642EB06015EEA430E08
:1018C00008BF20EAD37070BDC4F10C04C4F1200538
:1018D00000FA04F320FA05F001FA04F240EA0200EB
:1018E00001F0004110EBD37041F100015EEA430EBC
:1018F00008BF20EAD37070BDC4F1200500FA05F2DC
:101900004EEA020E20FA04F301FA05F243EA02035A
:1019100021FA04F001F0004121FA04F220EA020069
:1019200000EBD3705EEA430E08BF20EAD37070BDAF
:1019300094F0000F0FD101F00046400041EB01018F
:1019400011F4801F08BF013CF7D041EA060195F071
:10195000000F18BF704703F00046520043EB03032B
:1019600013F4801F08BF013DF7D043EA0603704718
:1019700094EA0C0F0CEA135518BF95EA0C0F0CD023
:1019800050EA410618BF52EA4306D1D181EA030169
:1019900001F000414FF0000070BD50EA410606BF63
:1019A0001046194652EA430619D094EA0C0F02D1A8
:1019B00050EA013613D195EA0C0F05D152EA0336ED
:1019C0001CBF104619460AD181EA030101F000410B
:1019D00041F0FE4141F470014FF0000070BD41F054
:1019E000FE4141F4780170BD70B54FF0FF0C4CF42E
:1019F000E06C1CEA11541DBF1CEA135594EA0C0F4D
:101A000095EA0C0F00F0A7F8A4EB050481EA030E99
:101A100052EA03354FEA013100F088804FEA033380
:101A20004FF0805545EA131343EA12634FEA02224E
:101A300045EA111545EA10654FEA00260EF000410F
:101A40009D4208BF964244F1FD0404F5407402D261
:101A50005B084FEA3202B61A65EB03055B084FEAF2
:101A600032024FF480104FF4002CB6EB020E75EBEF
:101A7000030E22BFB61A754640EA0C005B084FEA17
:101A80003202B6EB020E75EB030E22BFB61A754694
:101A900040EA5C005B084FEA3202B6EB020E75EBDF
:101AA000030E22BFB61A754640EA9C005B084FEA57
:101AB0003202B6EB020E75EB030E22BFB61A754664
:101AC00040EADC0055EA060E18D04FEA051545EA53
:101AD00016754FEA06164FEAC30343EA52734FEAFC
:101AE000C2025FEA1C1CC0D111F4801F0BD141EA75
:101AF00000014FF000004FF0004CB6E711F4801FDA
:101B000004BF01430020B4F1FD0C88BFBCF5E06FB9
:101B10003FF6AFAEB5EB030C04BFB6EB020C5FEAC9
:101B2000500C50F1000041EB045170BD0EF0004E1E
:101B30004EEA113114EB5C04C2BFD4EB0C0541EA50
:101B4000045170BD41F480114FF0000E013C90E64D
:101B500045EA060E8DE60CEA135594EA0C0F08BF11
:101B600095EA0C0F3FF43BAF94EA0C0F0AD150EA10
:101B700001347FF434AF95EA0C0F7FF425AF1046A3
:101B800019462CE795EA0C0F06D152EA03353FF4CB
:101B9000FDAE1046194622E750EA410618BF52EA48
:101BA00043067FF4C5AE50EA41047FF40DAF52EA1C
:101BB00043057FF4EBAE12E74FF0FF3C06E000BFB9
:101BC0004FF0010C02E000BF4FF0010C4DF804CDC6
:101BD0004FEA410C7FEA6C5C4FEA430C18BF7FEA86
:101BE0006C5C1BD001B050EA410C0CBF52EA430CB4
:101BF00091EA030F02BF90EA020F0020704710F134
:101C0000000F91EA030F58BF994208BF90422CBFC2
:101C1000D8176FEAE37040F0010070474FEA410CBB
:101C20007FEA6C5C02D150EA013C07D14FEA430CD9
:101C30007FEA6C5CD6D152EA033CD3D05DF8040B4A
:101C4000704700BF8446104662468C46194663467C
:101C500000E000BF01B5FFF7B7FF002848BF10F153
:101C6000000F01BD4DF808EDFFF7F4FF0CBF012098
:101C700000205DF808FB00BF4DF808EDFFF7EAFF14
:101C800034BF012000205DF808FB00BF4DF808EDCF
:101C9000FFF7E0FF94BF012000205DF808FB00BFC4
:101CA0004DF808EDFFF7CEFF94BF012000205DF84E
:101CB00008FB00BF4DF808EDFFF7C4FF34BF01205B
:101CC00000205DF808FB00BF7BB972B90029BEBFD8
:101CD00000204FF0004106E008BF00281CBF6FF055
:101CE00000414FF0FF3000F057B8ADF1080C6DE93E
:101CF00004CE002909DB002B1ADB00F069F8DDF8BF
:101D000004E0DDE9022304B07047404261EB410189
:101D1000002B1BDB00F05CF8DDF804E0DDE90223BA
:101D200004B0404261EB4101524263EB4303704710
:101D3000524263EB430300F04BF8DDF804E0DDE9C9
:101D4000022304B0404261EB41017047524263EB11
:101D5000430300F03DF8DDF804E0DDE9022304B0C0
:101D6000524263EB4303704753B94AB9002908BF95
:101D700000281CBF4FF0FF314FF0FF3000F00CB8CF
:101D8000ADF1080C6DE904CE00F022F8DDF804E0B6
:101D9000DDE9022304B07047704700BF10F8012B43
:101DA00011F8013B012A28BF9A42F7D0D01A704798
:101DB000034611F8012B03F8012B002AF9D17047D3
:101DC000034613F8012B002AFBD1181A013870477B
:101DD0002DE9F04786468C460846089E154674460F
:101DE0001946002B40F0C1808542B2FA82F245D9F3
:101DF0004AB1C2F1200300FA02FC954094402EFA49
:101E000003F343EA0C0C4FEA154EA8B2230CBCFBBB
:101E1000FEF80EFB18CC08FB00F943EA0C43994589
:101E200028D9EB1808F1FF3704D2994502D9A8F157
:101E300002072B44A3EB0903A4B2B3FBFEFC0EFB89
:101E40001C330CFB00F044EA0344A04214D92C19C3
:101E50000CF1FF3304D2A04202D9ACF102032C44AE
:101E6000241A43EA07401EB1D44000233460736053
:101E7000BDE8F0874746DDE76346F1E792BB431BC9
:101E800001214FEA154EAFB2200CB3FBFEFC0EFB56
:101E90001C330CFB07F840EA0343984561D9EB1863
:101EA0000CF1FF3004D2984502D9ACF102002B446A
:101EB000A3EB0803A4B2B3FBFEFC0EFB1C330CFB2C
:101EC00007F744EA0344A7424DD92C190CF1FF331C
:101ED00004D2A74202D9ACF102032C44E41B43EA2A
:101EE0000040C0E7C2F120039540944020FA03F17E
:101EF0002EFA03F34FEA154E9040AFB20343B1FB05
:101F0000FEFC0EFB1C10190C0CFB07F841EA00410B
:101F1000884522D969180CF1FF3004D2884502D9CE
:101F2000ACF102002944A1EB08019BB2B1FBFEFC1D
:101F30000EFB1C110CFB07F743EA01439F420ED92D
:101F4000EB180CF1FF3104D29F4202D9ACF102012F
:101F50002B44DB1B41EA004193E76046E3E761461F
:101F6000F7E76046A4E76346B8E7834206D916B9A7
:101F7000002108467CE7C6E900E0F9E7B3FA83F7F9
:101F80008FB9834201D3724508D8BEEB020460EBDF
:101F9000030301209C461EB9002169E73846FAE791
:101FA000C6E9004CF8E7C7F1200CBB400EFA07F574
:101FB00022FA0CF42EFA0CF1BA401C4320FA0CF36E
:101FC000B8404FEA144901431FFA84FEB3FBF9F805
:101FD00009FB18300B0C08FB0EFA43EA00439A4544
:101FE00040D9E31808F1FF3004D29A4502D9A8F18C
:101FF00002002344A3EB0A0389B2B3FBF9F809FBFF
:10200000183308FB0EFE41EA03418E452CD96118B6
:1020100008F1FF3304D28E4502D9A8F1020321440E
:1020200043EA0040A1EB0E01A0FB02984145CE46D9
:10203000434602D306D14D4504D20138B9EB020E16
:1020400068EB0403002EA7D0B5EB0E0261EB030191
:1020500001FA0CFC22FA07F3F9404CEA0303C6E943
:10206000003199E74046C5E74346D9E70000000044
:1020700000222DE9F04184B0114640F6034002AF42
:102080000EF0FAF90446002840F0A8800DF0A0FDFB
:10209000214641F203003A1D0EF0EEF904460028F5
:1020A00040F09C807A68504DD16805F17803D1F8F2
:1020B0000100D1F8051003C310460AF055FC214673
:1020C00041F201003A1D0EF0D7F90446002840F015
:1020D00085807868C3685A7885F870205A88A5F892
:1020E00072201A7985F87120B3F80720A5F87420BA
:1020F000B3F80530A5F876300AF036FC214641F2F7
:1021000002003A1D0EF0B8F90446002866D1D7F84F
:1021100004C005F18006DCF80C20531C4132344623
:1021200018685968083303C493422646F7D16046BD
:102130000AF01AFC0FF016FC044600284ED195F860
:102140008A30990610D40221284A29482FF0D4F960
:1021500095F87C305A064FD40121264A24482FF0A6
:10216000CBF96FF0120439E04FF0FF304FF0FF3140
:102170000DF04EFD0646002800F04E8107210C3080
:102180000AF020FD6FF009034FF0010803700A23E5
:10219000C0F8024084710471224680F80180C37047
:1021A000314640F633400EF067F90446B0B94FF0BF
:1021B000FF304FF0FF310DF02BFD0646002800F0F8
:1021C0002B8141460C302EF0ACFD2246314640F6C4
:1021D00031400EF051F904460028B9D020460837A6
:1021E000BD46BDE8F08100BF502600206CDB040036
:1021F000208004009ADB0400002142F203003A1D13
:102200000EF03AF904460028E8D17A68A84BD16864
:10221000D1F80100D1F8051003C310460AF0A4FB61
:10222000214642F202003A1D0EF026F9044600282B
:10223000D4D17E68F468B4F801309AB292B1E278F1
:1022400082B1A5F80431E378032B06D003220221E2
:1022500000929848984A2EF05FF8E2789748114625
:1022600033F0EFFE30460AF07FFB1F2395F87C60C9
:10227000A5F8203116F0200619D14FF0FF304FF0AD
:10228000FF310DF0C5FC0446002800F0C580022196
:102290000C300AF097FC0123214603704670324649
:1022A00040F66D400EF0E8F80446002896D195F807
:1022B0009C301B0712D5002142F21C003A1D0EF083
:1022C000DBF80446002889D17868C368D3F8012078
:1022D000D3F80530C5E938230AF046FB95F8D83025
:1022E0009E0623D53846B91C0EF0D2F904460028C4
:1022F0007FF474AF4FF0FF304FF0FF310DF088FCEA
:102300000646002800F0888004210C300AF05AFCB0
:102310003B88224603807B883146438042F224007A
:102320000EF0AAF8044600287FF458AF95F8D8308C
:102330005C0610D5002142F22A003A1D0EF09CF8EE
:10234000044600287FF44AAF7868C3685B7885F854
:1023500022310AF009FB4FF0FF304FF0FF310DF052
:1023600057FC0446002857D008210C300AF02AFCFC
:1023700095F8D81040F2022311F0400F08BF032354
:10238000024688074CBF43F02C0043F00C008B063C
:1023900095F8D93048BF40F0400013F0090F18BF3E
:1023A00040F40060CE0748BF40F0100000212FF03D
:1023B000BDF82146002242F201000EF05DF804460D
:1023C00000287FF40BAF95F87C30B5F8041198061F
:1023D00025D4C9B941F205003A1D0EF04DF8044666
:1023E00000287FF4FBAEB5F804317C684BB9E36894
:1023F000B3F80120A5F804219A883048114633F03B
:1024000020FE20460AF0B0FA4FF0FF304FF0FF31C7
:102410000DF0FEFB044660B96FF06804DEE60029AB
:10242000F2D10121264A23482FF066F86FF0040408
:10243000D4E608210C300AF0C5FB95F8D8300246E6
:10244000D9072AD44FF000511E482FF06FF82146CB
:10245000002240F601400EF00FF8044600287FF4F9
:10246000BDAE01463A1D4FF601400EF005F868B3C7
:10247000154A02210F482FF03FF82FF049FA044681
:1024800000287FF4ABAE10F0A9FF044600287FF4CB
:10249000A5AE0DF0E3FD0446A0E603A1D1E90001DD
:1024A000D3E700BFAFF300809088000200800020D7
:1024B0002827002020800400BEDB040058270020CD
:1024C00004DC04001088000227DC04007B686E46F0
:1024D000DC688AB0B4F80130032B96BF424A434906
:1024E00052F8231002AAD3614FF4007340481384BA
:1024F000404BC2E9050142F8103F4FF413513E48EA
:102500002FF009F8B4F80120B546022AB4F80330D8
:1025100049D1052B47D8394A52F823106E468AB064
:1025200002AAD3614FF4007335481384314BC2E9DA
:10253000050142F8103F4FF413512F482EF0EBFFE6
:10254000B546637994F806C0032B98BF2D4AB4F8BA
:102550000760D4F809006C468CB094BF52F8231081
:10256000224902AAC2E9073C4FF40073DFF898E061
:102570009385264BC2E905E1C2E909604FF4735126
:1025800042F8103F1C482EF0C6FFA54678680AF0B6
:10259000EBF900214FF602403A1D0DF06DFF0446A5
:1025A00018B11B4A65E71149B8E77868C368B3F802
:1025B0000130A5F8C1300AF0D7F995F8C1305B07B2
:1025C0007FF55BAF21464FF603403A1D0DF054FFF7
:1025D00008B1104A4DE77868C3685B7885F8C03069
:1025E0000AF0C2F949E700BFF087040069D8040087
:1025F0004BDC04000400000120800400D8870400A4
:1026000064DC0400C88704007CDC040007000001CF
:10261000A9DC0400D2DC0400022A70B504460E4690
:102620001D4603D87ABB6FF085004EE0052A3AD0EC
:102630000329F8D8072AF6D15B682D682648D917F0
:10264000C5FB0031012B71F1000230DB00F56E108B
:1026500000F65D70181841F100011DA3D3E90023B5
:10266000FFF732FB83B2022B29D9042B29D9082B7F
:10267000D9D80222194B2046BDE8704003EB8203F3
:10268000997831F004BA022E19881CD8B1F5006F80
:1026900019D2022A4FF0020314BF23222022BDE8E0
:1026A000704031F0E8B9022325222988F7E70C4869
:1026B000181861F1000106A3D3E90023D0E7002236
:1026C000D8E70122D6E76FF0150070BDAFF30080A8
:1026D0003AA395000000000040420F00BA940400A5
:1026E000632EB5FF000000002DE9F0411446056996
:1026F000B9B9B5F90000297B714D80FB0101A0FB40
:10270000050647F6FF72002305FB0161FFF7DCFABF
:1027100000236C4AFFF7D8FA206062600020BDE811
:10272000F0810139062900F2C280DFE801F00407D8
:102730000A4865686B00B5F90200DCE7B5F90400EA
:10274000D9E7B5F90000297B5D4E80FB0101A0FBB4
:10275000060747F6FF72002306FB0171FFF7B4FA84
:102760000023584AFFF7B0FAC4E90002B5F90200A5
:10277000297B47F6FF7280FB0101A0FB06070023BF
:1027800006FB0171FFF7A0FA00234E4AFFF79CFAFF
:10279000C4E90202B5F90400297B47F6FF7280FB09
:1027A0000101A0FB0605002306FB0151FFF78CFA8F
:1027B0000023444AFFF788FA20616261AEE7B5F969
:1027C00006302A8A83FB02523F4BA5FB035603FBCC
:1027D000026639A3D3E9002328463146FFF774FA8D
:1027E0000023206031462846384AFFF76DFA00235F
:1027F000344AFFF769FA90E7B5F90830E1E7B5F92F
:102800000A30DEE7B5F906702B8A2F4E87FB03737B
:10281000A7FB067806FB038827A3D3E900233846E5
:102820004146FFF751FA0023206041463846274AC7
:10283000FFF74AFA0023234AFFF746FA6260B5F928
:1028400008702B8A87FB0373A7FB067806FB0388B7
:1028500019A3D3E9002338464146FFF735FA002390
:10286000A06041463846194AFFF72EFA0023154A60
:10287000FFF72AFAE260B5F90A302A8A83FB02528E
:10288000A5FB065306FB02360BA3D3E9002328461B
:102890003146FFF719FA00232061314628460B4ADA
:1028A000FFF712FA0023074AFFF70EFA85E76FF0E9
:1028B000850034E7AFF30080006BC53F5D05000085
:1028C0003AA3950040420F00D8EF2F004CFF59006B
:1028D0002DE9FF47054690460C46D0F8109021B9E7
:1028E0001AB9002004B0BDE8F08701234021284632
:1028F0000DF10E0231F012FB0028F3D101237D21EE
:1029000028460DF10F0231F009FB0028EAD1FCB98D
:10291000B8F1000FE5D099F80D20D8F80030072A5B
:1029200000F25881102B00F0768100F36881013BA2
:10293000072B00F27881072B00F27581DFE813F096
:102940006901670173015D017301730173016D0119
:102950006068FEF7B5FEB6A3D3E90023FFF744F89D
:10296000064620680F46FEF7ABFE02460B46304691
:102970003946FEF759FD9DF80E400022AE4B064643
:102980000F469DF80FA004F0F004FFF789F940B15D
:10299000002230463946A94BFFF76EF9002840F077
:1029A0001381002230463946A44BFFF779F940B134
:1029B000002230463946A24BFFF75EF9002840F06E
:1029C000FD800022304639469D4BFFF769F940B142
:1029D0000022304639469B4BFFF74EF9002840F065
:1029E000E780002230463946964BFFF759F940B14F
:1029F000002230463946944BFFF73EF9002840F05C
:102A0000D1800022304639468F4BFFF749F940B15B
:102A10000022304639468D4BFFF72EF9002840F052
:102A2000BB80002230463946884BFFF739F940B168
:102A3000002230463946864BFFF71EF9002840F049
:102A4000A580002230463946814BFFF729F940B175
:102A50000022304639467F4BFFF70EF9002840F040
:102A60008F800022304639467A4BFFF719F938B18A
:102A7000002230463946784BFFF7FEF8002879D11E
:102A8000002230463946744BFFF70AF938B100226C
:102A900030463946714BFFF7EFF8002864D1002229
:102AA000304639466D4BFFF7FBF838B1002230460F
:102AB00039466B4BFFF7E0F800284FD10022304633
:102AC0003946674BFFF7ECF830B100223046394603
:102AD000644BFFF7D1F8D8BB002230463946614B32
:102AE000FFF7DEF878B30C2044F00C044AF0040A37
:102AF00044F080048DF80FA08DF80E4089F80D0089
:102B0000B8F1000F7FF407AF0123402128460DF1F3
:102B10000E0231F032FA00287FF4E4AE4FF4E17097
:102B200031F0FAF99DF80F307D2103F00F038DF895
:102B30000F304FF47A73284600930DF10F020123F2
:102B400031F022FACEE60AF0FB0A04F07F04D1E766
:102B50000B2044F00B044AF0040AC9E70A2044F0B1
:102B60000A044AF0040AC3E7092044F009044AF0C1
:102B7000040ABDE7082044F008044AF0040AB7E755
:102B8000072044F007044AF0040ADEE7062044F078
:102B900006044AF0040AD8E7052044F005044AF088
:102BA000040AD2E7042044F004044AF0040ACCE703
:102BB000032044F003044AF0040AC6E7022044F06C
:102BC00002044AF0040AC0E7012044F001044AF07C
:102BD000040ABAE7022B1AD0042B1AD0012B0CBF1F
:102BE000022303239DF80E201B0122F0300203F084
:102BF000300313438DF80E3086E70223F2E7402BB3
:102C00000DD0802B0DD0202B0DD10523EAE7012319
:102C1000E8E70023E6E70423E4E70323E2E70623EB
:102C2000E0E70723DEE76FF085005BE6AFF30080A7
:102C30000000000080842E410000E93F0000F93FC1
:102C40000000094000001940000029400000394000
:102C500000004940000059400000694000007940F0
:102C600000008940000099402DE9FF470546904645
:102C70000C46D0F8109021B91AB9002004B0BDE874
:102C8000F0870123422128460DF10E0231F046F96A
:102C90000028F3D101237D2128460DF10F0231F0E8
:102CA0003DF90028EAD1A4B9B8F1000FE5D0D8F871
:102CB0000030022B00F0F780043B18BF01235B00BB
:102CC0009DF80E2022F0300242EA03138DF80E30F8
:102CD0009BE06068FEF7F4FC75A3D3E90023FEF7E0
:102CE00083FE064620680F46FEF7EAFC02460B46C6
:102CF00030463946FEF798FB9DF80E4000226E4B99
:102D000006460F469DF80FA004F0F004FEF7C8FF3A
:102D100040B1002230463946684BFEF7ADFF00282F
:102D200040F0BB80002230463946644BFEF7B8FFC6
:102D300040B1002230463946614BFEF79DFF002826
:102D400040F0A5800022304639465D4BFEF7A8FFD3
:102D500040B10022304639465A4BFEF78DFF00281D
:102D600040F08F80002230463946564BFEF798FFE0
:102D700038B1002230463946534BFEF77DFF00281C
:102D800079D10022304639464F4BFEF789FF38B1E2
:102D90000022304639464D4BFEF76EFF002864D1C5
:102DA000002230463946494BFEF77AFF38B10022FF
:102DB00030463946464BFEF75FFF00284FD10022D0
:102DC00030463946424BFEF76BFF30B100223046A9
:102DD0003946404BFEF750FFD8BB002230463946FB
:102DE0003C4BFEF75DFF78B30D2044F00D044AF034
:102DF000020A44F0C0048DF80FA08DF80E4089F847
:102E00000E00B8F1000F7FF452AF01234221284693
:102E10000DF10E0231F0B1F800287FF42FAF4FF41E
:102E2000E17031F079F89DF80F307D2103F00F0348
:102E30008DF80F304FF47A73284600930DF10F028E
:102E4000012331F0A1F819E70AF0FD0A04F03F046C
:102E5000D1E70C2044F00C044AF0020AC9E70B2029
:102E600044F00B044AF0020AC3E70A2044F00A04C3
:102E70004AF0020ABDE7092044F009044AF0020AB8
:102E8000B7E7082044F008044AF0020AB1E7072037
:102E900044F007044AF0020AD8E7062044F006048A
:102EA0004AF0020AD2E701230AE700BFAFF300802D
:102EB0000000000080842E4100003940000049409D
:102EC000000059400000694000007940000089403E
:102ED000000099400000A94030B50F4D89B003AC07
:102EE0000FCD0FC42B680222236001240B4B0C4929
:102EF000009403A80EF01AFC034630B12146094A9B
:102F000009482BF0C4FE09B030BD0321074A06482A
:102F10002BF0BBFEF7E700BF80820400988304001B
:102F2000A0830400E6940400488104000B9504008B
:102F300010B5064A064802212BF0A7FEBDE8104056
:102F400040F267620023034823F02EBF2C95040053
:102F5000488104000839002010B510482CF0F8F81A
:102F60000F4801F001F90F482CF0F2F801F044F994
:102F7000044670B1034601210B480C4A2BF087FE32
:102F800021460B482CF0E4F8BDE8104009482CF02D
:102F9000DFB809482CF0DCF8F6E700BF55950400CF
:102FA0006D310100ED96040048810400789504001D
:102FB0009A950400D8950400B795040010B5104800
:102FC0002CF0C6F80F4801F0E5F90F482CF0C0F8D6
:102FD00001F03AFA044670B1034601210B480C4A4D
:102FE0002BF055FE21460B482CF0B2F8BDE81040FE
:102FF00009482CF0ADB809482CF0AAF8F6E700BF54
:10300000F395040021320100199604004881040060
:10301000399604005E960400A29604007E96040091
:1030200010B510482CF094F80F4801F011FB0F4830
:103030002CF08EF801F09EFB044670B1034601218E
:103040000B480C4A2BF023FE21460B482CF080F84D
:10305000BDE8104009482CF07BB809482CF078F8FE
:10306000F6E700BFC096040071320100E696040046
:1030700048810400069704002B9704006F97040012
:103080004B97040010B510482CF062F80F4801F07F
:103090006BFC0F482CF05CF801F0E6FC044670B1C4
:1030A000034601210B480C4A2BF0F1FD21460B4849
:1030B0002CF04EF8BDE8104009482CF049B80948FA
:1030C0002CF046F8F6E700BF8D9704003D33010071
:1030D000B497040048810400D5970400FB970400CE
:1030E000419804001C98040008B50B482CF030F8F7
:1030F0000A482CF02DF84FF470220023084822F0E3
:10310000E1FE014620B1BDE8084006482CF020B899
:10311000BDE80840FFF7B6BF609804007F98040040
:10312000D03000209898040008B5302025F07CFFAE
:1031300040B100238385054B011D1868BDE8084098
:103140002BF0AABDBDE80840FFF7F2BE1C29002005
:1031500002460B46014822F01DBB00BF5030002044
:10316000014822F0E7BB00BF5030002010B58EB000
:103170000DAB04930CAB03930BAB02930AAB01931F
:1031800009AB0093224908AB07AA04462BF0D6F8F6
:10319000072838D14FF0FF304FF0FF31FFF7D8FF4D
:1031A00001231C4A08991370079B03EB830303EB6D
:1031B000830301EB8301099B518003EB83030A998D
:1031C00003EB830301EB83010B9B918003EB8303F0
:1031D0000C9903EB830301EB83010D9BD18093607A
:1031E000FFF7BEFF0D9B079903930C9B0A480293C0
:1031F0000B9B01930A9B0093DDE908232BF0A8FFAA
:1032000000200EB010BD214604482BF0A1FFF7E7C7
:10321000BA980400D04E0020EA98040022990400D5
:103220007FB505AB019304AB00930F4903AB02AA32
:103230002BF084F8042812D14FF0FF304FF0FF310B
:10324000FFF786FF0122094B1A73029ADA81039A6B
:103250001A82049A5A82059A9A82FFF781FF002007
:1032600007B05DF804FB00BF38990400D04E002081
:1032700000B597B015AB099314AB089313AB079344
:1032800012AB069311AB059310AB04930FAB0393F2
:103290000EAB02930DAB01930CAB009325490BAB26
:1032A0000AAA2BF04BF80C2840D14FF0FF314FF019
:1032B000FF30FFF74DFF01221F4B0B999A750A9AB9
:1032C00002EB820202EB820201EB82010C9A19836B
:1032D00002EB82020D9902EB820201EB82010E9A4F
:1032E000598302EB82020F9902EB820201EB820109
:1032F000109A998302EB8202119902EB820201EB90
:103300008201129AD98302EB8202139902EB8202A4
:1033100001EB8201149A198402EB8202159902EBE7
:10332000820201EB82015984FFF71AFF002017B0D7
:103330005DF804FB4D990400D04E002000B58BB021
:1033400009AB039308AB029307AB019306AB009361
:10335000184905AB04AA2AF0F1FF062826D14FF040
:10336000FF314FF0FF30FFF7F3FE0123124A0599BA
:1033700082F82430049B03EB830303EB830301EB0C
:103380008301069BD18403EB8303079903EB83033B
:1033900001EB8301089B118503EB8303099903EB80
:1033A000830301EB83015185FFF7DAFE00200BB0A8
:1033B0005DF804FB639E0400D04E002070B50378D6
:1033C0008AB004460E4607AD032B20D8DFE803F091
:1033D00002191B1D11492846FEF7EAFC0595637882
:1033E0001E210493A37830460393E3780C4A02939A
:1033F0002379019363790093A3792AF073FF0AB0CC
:1034000070BD0849E7E70849E5E70849E3E70A210D
:103410002846074A2AF066FFE0E700BF8F990400BC
:10342000B1990400969904009D990400A79904009D
:10343000FAFC0400F0B5144689B000AF0D462EF03A
:1034400055FC3946FFF7BAFFACB96C468AB06A46FC
:10345000144BD561C2E905374FF400731384124B46
:103460004FF41351114842F8103F2BF012FCA546BF
:103470002437BD46F0BD6E468CB06B460C4AC3E99E
:103480000754C3E905270B4A4FF462515A620A4AAE
:1034900006489A621A46094B42F8103F2BF0F9FB96
:1034A000B546E5E7D4990400040000014881040012
:1034B000F299040037B2040000020305060000027E
:1034C00090B589B000AF0C462EF010FC3946FFF7DE
:1034D00075FF8AB06A46094BD461C2E90537084BCB
:1034E0004FF443511362074B07485362074B42F8AE
:1034F000103F2BF0CEFB2437BD4690BD199A040037
:1035000037B20400000202044881040005000002F2
:1035100090B589B000AF0C462EF0E8FB3946FFF7B6
:103520004DFF8AB06A46094BD461C2E905374FF4B2
:1035300000731384064B4FF41351064842F8103FB2
:103540002BF0A7FB2437BD4690BD00BF3F9A040077
:10355000040000014881040090B589B000AF0C461A
:103560002EF0C4FB3946FFF729FF8AB06A46094BA3
:10357000D461C2E905374FF400731384064B4FF44E
:103580001351064842F8103F2BF083FB2437BD4609
:1035900090BD00BF619A040004000001488104004E
:1035A000B0B588B000AF0C462EF0A0FB3946FFF74F
:1035B00005FF6D468AB06A46124BD461C2E90537F1
:1035C000114B124C1362124B12485362124B4FF4C0
:1035D000435142F8103F2BF05CFB2068AD4618B118
:1035E0000EF0E8FF002323600C4C206830B10EF091
:1035F000E1FF00230120236030F005FF2037BD46A6
:10360000B0BD00BF769A040037B20400C84E002057
:10361000000202044881040005000002CC4E002094
:10362000B0B588B000AF0C4605460EF0DBFE124B7D
:10363000186028462EF05AFB3946FFF7BFFE6D464C
:103640008AB06A460D4BD461C2E905374FF4007366
:103650000B4C13840B4B204642F8103F4FF4135190
:103660002BF017FB0321AD462046074A2BF00DFB3C
:103670002037BD46B0BD00BFC84E0020619A04008F
:103680004881040004000001999A0400B0B588B094
:10369000044600AFB1B16C468AB06A46194B1A486D
:1036A000C2E90531194B4FF41151D36140F2013396
:1036B0001384174B42F8103F2BF0EBFAA546203746
:1036C000BD46B0BD2EF012FB3946FFF777FE6D46C2
:1036D00088B06A460F4B4FF4E651C2E905374FF404
:1036E000007393830C4B084842F8103F2BF0D1FA3B
:1036F0002046AD460EF076FE084B1860012030F0F3
:103700007FFEDCE7C89A04004881040037B2040059
:1037100004000001E99A040003000001CC4E0020DF
:1037200080B588B000AF2EF0E1FA3946FFF746FECB
:1037300088B06A46084B4FF4E651C2E905374FF4AA
:1037400000739383054B064842F8103F2BF0A1FA13
:103750002037BD4680BD00BFF69A0400030000017B
:10376000488104002DE9F04114460D46C6B02EF004
:10377000BDFA01A9FFF722FE224601A915482AF049
:103780007FFD15482AF07CFD2E46DFF85080671932
:10379000BE4218D112482AF085FDF02C28BFF02433
:1037A0002946224609A833F052FD04F58C730DEB2F
:1037B0000304002309A90B4804F8F43C2AF060FD37
:1037C00046B0BDE8F081404616F8011B2AF058FDCE
:1037D000DEE700BF0C9B0400219B0400279B040034
:1037E0005D9D04002D9B040070B50B780C46052BE5
:1037F00000F2B480DFE803F0039E2F7486558B68D7
:10380000002B00F0AB804868002800F0A780544AE5
:103810001368F3B1181F00231360524A136032F08B
:10382000B3FD00220023504822F03CFA002800F0AB
:1038300095804E4B828D011D18682BF036FA0028BA
:1038400000F08C804A4A0221BDE8704049482BF0C4
:103850001CBA0438E3E7C96847482AF011FD6568D7
:10386000E1682B8D454E194489B2454829852AF0D7
:1038700007FD3378002B71D12A8D6368134413F848
:10388000013C0A2B01D00D2B68D13E482AF00AFDDD
:1038900001233370354B18688368BDE870405B695D
:1038A0001847002438482AF0FDFC344B30201C70A7
:1038B00025F0BAFB38B12D4B8485011DBDE8704061
:1038C00018682BF0E9B9314A2A4802212BF0DDF9BA
:1038D000BDE8704040F2676200232D4823F064BACF
:1038E000302025F0A1FB014650B1002383851F4BFA
:1038F0002822BDE870401868043183681B691847A6
:10390000224AA0E723482AF0CDFC6368198D1C1FCA
:1039100041B121482AF0B4FC2146BDE870401F485F
:1039200032F076BB1E482AF0BDFC2046BDE8704050
:1039300032F02ABD0A4A13680BB94B681360094973
:10394000A368086803440B601168BDE870400A8DE5
:103950001944D21A054B18682BF0A7B970BD00BFE7
:10396000B44E0020B04E00204C3100201C29002015
:10397000379B040048810400559B04004E7D0020C5
:103980007A9B0400A39B0400CD9B04002C950400AB
:1039900008390020FC9B0400179C040030310020F3
:1039A000389C040008B505480321054A2BF06DF941
:1039B000BDE80840034822F0ABBE00BF48810400C8
:1039C000599C0400B84E0020F8B51E4C05462068EE
:1039D00000AF002833D00D40EA0716D52EF0E3F9EA
:1039E0006E4688B023686A4617491848C2E905132D
:1039F00003234FF4C65142F8103F2BF04AF9B54665
:103A000020680EF0D7FD00232360AB0717D5206890
:103A10002EF0DAF96D4688B023686A460C490B48E7
:103A2000C2E9051303234FF4C65142F8103F2BF0AF
:103A300030F9AD4620680EF0BDFD00232360BD4681
:103A4000F8BD00BFC84E0020A19C040048810400BE
:103A5000B89C04002DE9F04F8DB04FF0FF324FF0CD
:103A6000FF33384822F02EFA30220021684633F026
:103A700015FC354FDFF8D480DFF8D4904FF0FF33DA
:103A80004FF0FF32384622F00DF90546818D404651
:103A90002AF0F6FBBDF82C40AB8DC4F128049C4203
:103AA00028BF1C4600261CB9284632F06DFCE5E70D
:103AB000BDF82C00311D043029442246684433F0FF
:103AC000C6FBBDF82C102644214489B22729ADF845
:103AD0002C1008D801F130036B4413F82D3C0A2B4D
:103AE00001D00D2B1DD148462AF0CAFB0024DFF877
:103AF00064B00DF1030ABDF82C30A34217DC164860
:103B00002AF0D0FB0020BDF82C2001A906F060FEB1
:103B1000A0B10221114A12482BF0B7F80023ADF8EA
:103B20002C30AC8DA41B282C28BF2824BBE758467A
:103B30001AF8011F2AF0A4FB0134DCE709482AF037
:103B4000B1FBEBE7D030002030310020D09C0400E6
:103B5000F99C0400279B04005D9D0400159D040052
:103B6000488104003D9D040008B50B482BF0F0FA95
:103B70000A482BF0EDFA4FF470220023084822F097
:103B8000A1F9014620B1BDE8084006482BF0E0BA93
:103B9000BDE80840FFF7E0B95F9D04007F9804008E
:103BA000D0300020989804002DE9F0438348ADF50B
:103BB0000D7D2BF0CDFA4FF0FF324FF0FF338048F0
:103BC00022F080F97F482BF0C3FA7F4E7F4C4FF4F0
:103BD000C030002124F0DCF93368002BF7D04FF01F
:103BE000FF304FF0FF31FFF7B3FA25781DB36421A2
:103BF000B4F90650A768B4F90220059795FBF1F7D0
:103C000001FB1755B4F904002DB292FBF1F3CDE995
:103C1000037590FBF1F501FB132201FB150012B2B5
:103C200000B2CDE9015000924FF40071684A0CA82F
:103C30002AF058FB0546237B93B1B4F914300CA845
:103C40000293B4F91230C5F500710193B4F9103044
:103C5000284400935F4AB4F90E302AF043FB054430
:103C6000A37D002B61D06422B4F92280B4F920E056
:103C700098FBF2F902FB19880FFA88F8B8F1000FE7
:103C8000B8BFC8F100081FFA88F8CDE909989EFB73
:103C9000F2F802FB18EE0FFA8EFEBEF1000FB4F937
:103CA0001EC0B8BFCEF1000E1FFA8EFECDE9078E02
:103CB0009CFBF2FE02FB1ECC0FFA8CFCBCF1000F49
:103CC000B4F91C70B8BFCCF1000C1FFA8CFCCDE924
:103CD00005EC97FBF2FC02FB1C773FB2002FB4F916
:103CE0001A00B8BF7F42B4F91810BFB2CDE903C7BC
:103CF00090FBF2F791FBF2F302FB170002FB1311AA
:103D000000B2002809B2B8BF4042002980B2B8BF53
:103D10004942CDE9017089B20CA800912844C5F54B
:103D200000712D4A2AF0DEFA054494F8243073B36A
:103D30006427B4F92A00B4F9281090FBF7FC07FBBC
:103D40001C0000B20028B8BF4042B4F9262080B25F
:103D5000CDE903C091FBF7F092FBF7F307FB1011DD
:103D600007FB132209B2002912B2B8BF4942002A48
:103D700089B2B8BF5242CDE9010192B20CA80092BB
:103D8000C5F500712844154A2AF0ACFA0544FFF73E
:103D9000E7F9002D7FF71BAF0A236F1C0CA93068D1
:103DA000BAB24B5506F014FD014618B10C482BF081
:103DB000CFF90CE739460B48F9E700BF7A9D0400BC
:103DC000D03000209D9D0400CC4E0020D04E00201D
:103DD000C49D0400FA9D0400159E04005E9E04002C
:103DE000819E0400A39E040008B50B482BF0B0F997
:103DF0000A482BF0ADF94FF470220023084822F056
:103E000061F8014620B1BDE8084006482BF0A0B992
:103E1000BDE80840FFF7D2B8C29E04007F980400B6
:103E2000D03000209898040008B50B482BF090F98A
:103E30000A482BF08DF94FF470220023084822F035
:103E400041F8014620B1BDE8084006482BF080B992
:103E5000BDE80840FFF7E4B8E09E04007F98040046
:103E6000D030002098980400F8B57E481BF0ECFE96
:103E7000034620B101217C4A7C482AF008FF1BF050
:103E8000B1FE034620B10121794A78482AF0FFFEAD
:103E9000784D286832F033F850B1002005F048FC26
:103EA00040B1783006D0744A012170482AF0EDFE06
:103EB0002AF003FF302025F0B7F804460028F7D099
:103EC00000236E4983856E4822F036FE29688B6890
:103ED0001B6823B96B4E304607F044FB2E60286800
:103EE00083681B6823B9204632F04EFA664ADBE746
:103EF0000022664998470028F5D1302025F094F833
:103F0000064680B3031D18466149FDF751FF25227F
:103F10000146B28528682AF0C8FE074660B12046EF
:103F200032F032FA304632F02FFA3B460121594A3C
:103F30004E482AF0ACFEBBE72868211D2AF0ACFEF3
:103F4000034658B954480FF00FFA034678B1534A64
:103F5000012146482AF09BFE0020F8BD0121504A6D
:103F600042482AF094FE204632F00EFAA0E74D486F
:103F70000FF014FA034608B14B4AE9E70CF0D2FB04
:103F8000002895D10321494A38482AF07EFE00F0E6
:103F900013F9034600283AD00221454A33482AF053
:103FA00076FE00F0FDF90346002836D00221414A92
:103FB0002E482AF06CFE00F051FB0346002832D058
:103FC00002213D4A29482AF062FE00F0D3FC034654
:103FD00078B30221394A25482AF059FE384821F0A1
:103FE000EDFE374821F0EAFE354821F0E7FE34487F
:103FF00021F0E4FE324821F0E1FE2CF07CFC314857
:1040000006F0DAFB0446D0B103462F4AA0E70321AD
:104010002E4A16482AF039FEC3E703212C4A1348DA
:104020002AF033FEC7E703212A4A10482AF02DFE62
:10403000CBE70321284A0D482AF027FECEE7274880
:10404000274922F03DFA254822F062FB013404F0B2
:10405000010100201BF07AFE00214FF4004023F004
:1040600097FFF3E7C9390100FE9E04004881040070
:104070001C9F04001C290020379F040029310100E7
:1040800008390020788304004C9F0400E9370100C0
:104090006C9F0400929F040004290020E29F04000A
:1040A000BB9F0400F428002018A0040053A00400C3
:1040B00069A00400E8A0040073A10400FCA10400AE
:1040C000D0300020E828002090A20400AFA0040017
:1040D00031A10400BCA1040046A20400B84E002097
:1040E000D92E01001FB542F21072836A4168039312
:1040F000436993FBF2F3029303690193C36893FB53
:10410000F2F3009391FBF2F28368016802482AF00F
:10411000B7F805B05DF804FB63A3040070B504466E
:104120000025104E02460D2130682AF0D1FD30687E
:1041300004F108020E212AF0CBFD306804F11002D0
:1041400010212AF0C5FD30681E21C4E90655C4E9D6
:104150000855C4E90A5504F128022AF0B9FD284699
:1041600070BD00BF004F0020014B1860704700BFBA
:10417000FC4E002038B50546A8B10C4B186890B12C
:1041800083684021DB689847044638B10121034623
:10419000074A08482CF0B6F8204638BD2846BDE846
:1041A0003840FFF7BBBF6FF01504F5E7004F002064
:1041B0009EA30400C87F040008B50A480A4B186093
:1041C00031F09DFE38B909480121094A2CF091F8D7
:1041D0006FF0120008BD05480321064A2CF089F84B
:1041E0000020F7E708790400004F0020C87F040092
:1041F000B9A30400D4A30400F0B5384BB5B01B68D4
:10420000002B5FD00321364A36482CF072F836482E
:104210002AF048F800214FF4203023F0B9FE33484B
:104220002AF040F80321324A2E482CF062F8314837
:104230002AF038F8304D314E314F28462AF032F806
:1042400006A8FFF797FF002838D138462D4C2AF0F2
:1042500029F806A8FFF746FF23684BB342F2107215
:10426000129B802105930B9B14A893FBF2F3002B68
:10427000B8BF5B4204930A9B0393099B93FBF2F341
:10428000002BB8BF5B420293089B0193079B93FBF3
:10429000F2F3002BB8BF5B4200931B4A069B2AF047
:1042A00021F8431E7E2B03D881B2236814A89847B7
:1042B00000214FF4A02023F06BFEBEE7304629F02A
:1042C000F1FFF5E70121114A06482CF012F81048D9
:1042D00029F0E8FF6FF0150035B0F0BD004F002069
:1042E0002DA40400C87F040041A404005FA40400BE
:1042F00081A40400A4A40400D6A404004DA50400D5
:10430000F1A40400FC4E00201CA50400FBA3040043
:1043100012A4040070B5194E0246054613213068F8
:104320002AF0D9FC044638B10346154A0121154844
:104330002BF0E8FF204670BD1421306805F108021B
:104340002AF0C9FC044610B10F4A0346EEE71521D6
:10435000306805F110022AF0BEFC044610B10B4A89
:104360000346E3E71221306805F118022AF0B3FC96
:1043700004460028DED0064A0346D7E7084F00204F
:104380006BA50400B87F040089A50400A9A504005A
:10439000C8A50400014B1860704700BF044F0020FF
:1043A00010B50E480E4C206031F0A9FD50B9012126
:1043B0000C4A0D482BF09DFF0C482AF0C9FE6FF007
:1043C000120010BD03210A4A07482BF092FF236810
:1043D000084819682AF0BCFE0020F2E7887904003A
:1043E000084F0020E5A50400B87F0400FDA50400E7
:1043F00016A6040043A6040038B50F4B05461868FE
:1044000030B90E482AF0A4FE6FF01504204638BDDE
:10441000002DF9D083684021DB689847044630B10D
:1044200001210346064A07482BF06CFFEEE72846B9
:10443000BDE83840FFF76EBF084F002062A60400B9
:1044400081A60400B87F0400F0B52C4BADB01B680A
:10445000002B4CD003212A4A2A482BF04AFF2A4835
:104460002AF076FE00214FF4803023F091FD27489A
:104470002AF06EFE0321264A22482BF03AFF2548F7
:104480002AF066FE244D254E254F28462AF060FE70
:1044900004A8FFF7B1FF30BB38462AF059FE0A9B4B
:1044A000204C0093069A089B04991F482AF050FE5E
:1044B000236893B10A9B80210293089B1B4A0193B6
:1044C000069B0CA80093049B29F00CFF431E7E2B37
:1044D00003D881B223680CA8984700214FF4E0204C
:1044E00023F056FDD1E730462AF032FEF5E71048BA
:1044F0002AF02EFE6FF015002DB0F0BD084F002001
:10450000C2A60400B87F0400D9A6040001A70400D5
:1045100027A704004DA7040083A70400EAA704000E
:10452000A8A70400044F0020A1A60400D4A70400FB
:1045300062A6040042F2107300B5C16A8BB091FB11
:10454000F3F10029B8BF494242680891816A92FBA1
:10455000F3F20791416A91FBF3F10029B8BF494298
:104560000691016A0591C16991FBF3F10029B8BF79
:104570004942049181690391416991FBF3F100295A
:10458000B8BF4942029101690191C16891FBF3F101
:104590000029B8BF49420091002A83680168B8BF6A
:1045A000524203482AF0D4FD0BB05DF804FB00BF73
:1045B0000CA80400F0B5224E04468DB030686F465A
:1045C00083683A4603211B699847054640B1034674
:1045D0001C4A01211C482BF095FE28460DB0F0BD69
:1045E0003068836806AE324607211B699847054646
:1045F00010B1164A0346ECE704F1080397E80300FC
:1046000084E80300DDE9020183E80300DDE9040139
:1046100004F1100383E8030096E8030004F1180393
:1046200083E80300DDE9080104F1200383E80300C7
:1046300028340CAB13E9030084E80300CDE700BF86
:10464000104F002057A80400D87F040074A804006D
:10465000014B1860704700BF0C4F0020F0B52A488E
:104660002A4D87B0286031F04AFC58B90121284A08
:1046700028482BF03EFE28482AF06AFD6FF0120011
:1046800007B0F0BD0024022364270126CDE90034E1
:1046900028686B4607220321CDE90274CDE9046442
:1046A0002AF01CFB286804AB062203212AF016FB23
:1046B0002246286802AB03212AF010FB07224FF4A0
:1046C000FA731146CDE9003428686B46CDE90274CF
:1046D000CDE904642AF002FB286804AB0622072116
:1046E0002AF0FCFA22460721286802AB2AF0F6FAE3
:1046F00003210A4A07482BF0FCFD2B68084819687B
:104700002AF026FD2046BBE728790400104F002040
:1047100090A80400D87F0400A8A80400C1A8040041
:10472000ECA8040038B50F4B0546186830B90E48A0
:104730002AF00EFD6FF01504204638BD002DF9D08B
:1047400083684021DB689847044630B10121034665
:10475000064A07482BF0D6FDEEE72846BDE838406C
:10476000FFF728BF104F00200BA9040081A604000A
:10477000D87F0400F0B5434BD9B01B68002B7AD02A
:104780000321414A41482BF0B4FD41482AF0E0FCA6
:1047900000214FF4803023F0FBFB3E482AF0D8FC88
:1047A00003213D4A39482BF0A4FD3C482AF0D0FCB7
:1047B0003B4D3C4E3C4F28462AF0CAFC0CA8FFF764
:1047C000B1FF002853D13846384C2AF0C1FC0CA860
:1047D000FFF7B0FE2368002B43D042F21073179A04
:1047E0004FF4807192FBF3F2002AB8BF52420A9252
:1047F000169A18A80992159A92FBF3F2002AB8BFEC
:1048000052420892149A0792139A92FBF3F2002AEA
:10481000B8BF52420692129A0592119A92FBF3F295
:10482000002AB8BF52420492109A03920F9A92FB48
:10483000F3F2002AB8BF524202920E9A01920D9AE8
:1048400092FBF3F2002AB8BF52420C9B0092184A26
:1048500029F048FD431EFE2B03D881B2236818A817
:10486000984700214FF4403023F092FBA3E73046F5
:104870002AF06EFCF5E70F482AF06AFC6FF015008D
:1048800059B0F0BD104F00202AA90400D87F0400C1
:1048900041A9040067A904008DA90400B3A904007C
:1048A000E9A90400EAA70400A8A704000C4F00200F
:1048B0000CAA04000BA904001FB542F21071436951
:1048C000426893FBF1F3002BB8BF5B42029303698C
:1048D00092FBF1F20193C36893FBF1F3002BB8BF95
:1048E0005B420093002A83680168B8BF52420348C4
:1048F0002AF02EFC05B05DF804FB00BF5DAA0400A1
:1049000070B5144E02460546002130682AF0EFF9D2
:10491000044638B10346104A012110482BF0F2FC3E
:10492000204670BD0121306805F108022AF0DFF948
:10493000044610B10A4A0346EEE70221306805F149
:1049400010022AF0D4F904460028E9D0054A0346AB
:10495000E2E700BF184F00208BAA0400B07F0400DC
:10496000A5AA0400BFAA0400014B1860704700BF4D
:10497000144F002037B5204C2048206031F0BFFA9A
:1049800058B901211E4A1F482BF0B3FC1E482AF0DB
:10499000DFFB6FF0120003B030BD206883685D68F4
:1049A0006DB9642300222068CDE9003283681D6858
:1049B000DDB90221154A13482BF09BFC09E06B4638
:1049C00000220321A8470028EBD1DDE90032134380
:1049D000E7D003210E4A0B482BF08BFC23680D48CF
:1049E00019682AF0B5FB0020D5E76B460321A847DC
:1049F0000028EED0DDE700BF184F0020C878040083
:104A0000D9AA0400B07F0400F2AA04000CAB040091
:104A10002DAB040063AB040038B50F4B0546186896
:104A200030B90E482AF094FB6FF01504204638BDCB
:104A3000002DF9D083684021DB689847044630B1E7
:104A400001210346064A07482BF05CFCEEE72846A6
:104A5000BDE83840FFF754BF184F002083AB040077
:104A600081A60400B07F0400F0B5354BADB01B68E3
:104A7000002B5DD00321334A33482BF03AFC3348F6
:104A80002AF066FB00214FF4803023F081FA304891
:104A90002AF05EFB03212F4A2B482BF02AFC2E48DC
:104AA0002AF056FB2D4D2E4E2E4F28462AF050FB55
:104AB00006A8FFF7B1FF002836D138462A4C2AF065
:104AC00047FB06A8FFF7F8FE23683BB342F21072DB
:104AD0000B9B802193FBF2F3002BB8BF5B42049346
:104AE0000A9B0CA80393099B93FBF2F3002BB8BF1E
:104AF0005B420293089B0193079B93FBF2F3002B0D
:104B0000B8BF5B420093194A069B29F0EBFB431E9A
:104B10007E2B03D881B223680CA8984700214FF45C
:104B2000802023F035FAC0E730462AF011FBF5E784
:104B30000F482AF00DFB6FF015002DB0F0BD00BF3F
:104B4000184F0020A7AB0400B07F0400BFAB0400E7
:104B5000F0AB040017AC04003EAC040074AC0400DD
:104B6000EAA70400A8A70400144F00209BAC04008F
:104B700087AB040010B5094C0A44914200D110BD26
:104B800011F8013B58400309E35C0001C0B2434007
:104B90001809205C1B01DBB25840EEE7CFAC0400E3
:104BA000F8B50F4600293BD00668012230462AF0AE
:104BB000D9F80146044630462AF09CF8C3070DD4C4
:104BC000AF23184A184919482AF0D8FA3946184824
:104BD0002AF0D4FAAF2113482AF0C7FA214630460A
:104BE0002AF09EF825182946002230462AF082F83D
:104BF0002D1AAC420BD0B7230A4A0E490B482AF0B3
:104C0000BDFA39460C482AF0B9FAB721E3E7214644
:104C100030462AF08BF82146BDE8F8402AF0C7B9A3
:104C2000F8BD00BFDFAC040002AD040013AD04000A
:104C300030AD040068AD04008EAD0400B2F5802FE5
:104C40002DE9F04110D2042A28D843494FF40773C4
:104C5000424A43482AF092FA42482AF08FFA4FF427
:104C600007713E482AF081FA0823D21ACC1D11445C
:104C700024F0070421F00701091B17294FEAD10688
:104C80000ED8394940F22523344A35482AF076FABD
:104C900034482AF073FA40F22521E2E70423E4E7DE
:104CA0000027046031463046A660E7602AF06DF8C0
:104CB0000121421D804630462AF05EF89200D51D43
:104CC000ED082844B0423AD8B8F1FF3F3946A2F186
:104CD000100204F11000B8BF3A4632F0DFFA2A465B
:104CE000394620462AF03AF83B463A4639462046AD
:104CF0002AF00BF8A6EB05082046394601222AF0D7
:104D000015F8424629462AF029F82B463A46294604
:104D1000204629F0FAFF314620462AF01FF8434684
:104D20003A463146204629F0F0FF3146204601221E
:104D300029F0FCFF2946BDE8F0412AF0F6B80B49FE
:104D400040F23A23054A06482AF018FA05482AF0A4
:104D500015FA40F23A2184E7CAAD0400DFAC040042
:104D600013AD0400EBAD040004AE04002DAE04004E
:104D700037B50B461546044648B914495E23144A14
:104D800014482AF0FBF95E2111482AF0EEF93AB9ED
:104D900011495F230E4A0F482AF0F0F95F21F3E72B
:104DA00089B102688A4204D3C06801AA01F0C6FB37
:104DB00018B16FF00B0003B030BD2379019A9A400F
:104DC000A3689B18F5D000202B60F4E787AE0400A1
:104DD00058AE040013AD0400A0AE040038B50B4675
:104DE0000446114658B91D494FF497731C4A1D4893
:104DF0002AF0C4F94FF4977119482AF0B6F9C0683F
:104E000048B9194940F22F13154A16482AF0B6F945
:104E100040F22F11F0E7A2684AB914494FF4987391
:104E20000F4A10482AF0AAF94FF49871E4E769B1E3
:104E300025688D420CD39A420DD89A1A23791A41CB
:104E4000954208D9BDE8384001F020BC084638BD7D
:104E50006FF01500FBE76FF00D00F8E787AE040078
:104E600058AE040013AD0400B9AE0400DAAE04007D
:104E70002DE9F04F91B0009302F004030193C2F3C7
:104E8000C20301330493830705460E46DDF868909C
:104E9000029240F0FC81041D30B1072909D86FF05F
:104EA0001B0011B0BDE8F08F01F007063444C6F1D5
:104EB00008064FF000084FF0040B009B4746591EB0
:104EC0004FF0FF324346DA46CDF80C800DB1009822
:104ED00020600498002800F3DF809B48DDF800C0C4
:104EE000844503D399488445C0F0D680DDF808C0D6
:104EF000A4EB050E1CF0020F4FEA9E0000F0E780C5
:104F00004FF0000CD1E07A2862D84B280FD8472800
:104F10005ED829282DD8252859D059D820287DD0C9
:104F2000A0F12309D9F1000343EB090376E04C38E3
:104F30002E284DD8DFE800F0724C4C4C4C4C4C4CB9
:104F40004C4C4C4C4E4C4C4C4C4C4C4C4C5C4C4E8D
:104F50004E5C5C5C724E6F4C724C184E184C4C811F
:104F60007E4E4C4C4E4C7E00002000234FF0040B34
:104F70003CE04FF0010E2A38C0B20EFA00F04FF6B6
:104F8000DA7E10EA0E0F49D110F0625E30D110F0D7
:104F9000010343D07046013C5C44B4FBFBF40BFBC3
:104FA00004F4002D5ED0AAEB050EA644B6453FF6EC
:104FB00076AF002868D1BAF1040F43D1E14659F821
:104FC000040B2060CC464FF0040A043426E0013A7A
:104FD000002323E011F8013C6C2B30D1002011F8A4
:104FE000023C6C2B0346C1D14FF0080BDA46D2E7E6
:104FF0000CF1070929F0070C073424F00704FCE83A
:1050000002AB35B105982044B0423FF648AFC4E941
:1050100000AB002308344FF0080BDA4611F8010FFB
:10502000002800F0BC80002B7FF46DAF2528F5D15F
:10503000012301324FF0040BEFE7184695E70020FB
:105040000346A8E7BAF1080F40F09B800CF107096E
:1050500029F0070CFCE8029AC4E9009A4FF0080A0C
:105060000834DBE780B9BAF1040F02D10CF104096E
:10507000A8E7BAF1080F40F084800CF1070929F085
:10508000070909F1080CE9E7E146049801380490A2
:1050900059F8040B009019E70298800748D54FF0A3
:1050A000010CA4EB050E4FEA9E00BEF5007F1DD358
:1050B00027494FF41F73274A27482AF05FF82748EB
:1050C0002AF05CF84FF41F7122482AF04EF80F2F97
:1050D0000ED8002D46D007F1400CEC440CF8200C03
:1050E0000CF8102C03980130039020E00F2F0CD9FE
:1050F000174940F28123174A17482AF03FF8184809
:105100002AF03CF840F28121DEE7BDB107F1400E04
:10511000EE44C0B20EF8200C0EF8102CBCF1000FBB
:10512000E0D060F07F000EF8200C08F10108013794
:10513000C5F10800CC46043405906FE7BCF1000FC0
:1051400010D00136F3E700BF00750400BC45050030
:10515000821E050028AF040013AD040056AF040002
:1051600077AF0400019802360028E0D10098CDE91D
:1051700006310592FCF724FEDDE90631059A064466
:10518000D5E740F2C623434A4349444829F0F6FF95
:105190005146434829F0F2FF40F2C62194E7631BD1
:1051A000B3F5806F0CD33C4940F2D223394A3B48D7
:1051B00029F0E4FF3B4829F0E1FF40F2D22183E7E8
:1051C0001DB9A6F10804E0186BE6019A9B08286057
:1051D0002B709DF80C30C2B1EB7085F80280B8F1ED
:1051E000000F05D0002208A8C5F1010C97420ED18E
:1051F0004FF0000AC5F101030DF1200902930DF1F2
:10520000300B574512D1601B4BE66B70E5E710F889
:10521000013B190608D50CEB040EB64503F07F03DD
:105220003FF63DAE04F8013B0132DFE7B8F1000F75
:1052300003D099F90020002A17DB019BD3B11AF89B
:105240000B2004F8012B0022029B18191044B042D5
:105250003FF625AE99F80000009904F8010B2046AE
:10526000039231F0F4FF039A14440AF1010A09F1A0
:105270000109C6E799F8002055F822300093019BF8
:10528000009845F82230FCF79BFD421CDCE76FF0EC
:105290000D0006E628AF0400821E050013AD0400D1
:1052A00091AF0400A6AF04002DE9F04F97B000AF16
:1052B00089460446D7F880B0FA623B6258B9A949DA
:1052C00040F29933A84AA94829F058FF40F2993191
:1052D000A54829F04AFFCBF3C00390F802A07B61F8
:1052E00041B9457800780AEB800020444D4517D835
:1052F000A0EB0409E378FB61BAF1000F02D01BF0C8
:10530000010F16D1FB6953BBFB6A1BB1494620460E
:105310003A6A98474D4628465C37BD46BDE8F08F4F
:10532000461C3046FCF74CFD0130304409F10109C0
:10533000DCE7626823787A62FA6A9900B96104EB63
:105340008301002A40F002810E464FF000084D46CE
:1053500001EB0A094E454CD101EB0A0610E01BF0A7
:10536000020FD1D023789A00BA61626804EB8301FE
:105370007A62FA6A002A77D14D46904601EB0A0616
:105380001BF0050F0CBF02230123FB62FB6906EB38
:10539000430A0BF00203BB625645BCD016F8021B51
:1053A00016F8013C54F82390714B994502D3714B88
:1053B000994536D37B69002B40D0786A29F09FFE4F
:1053C00000283BD0E9468AB06A466B4B53617B6A42
:1053D000C2E906314FF400731384684B42F8103F62
:1053E00000234FF41251664803F034F8023DCD46D5
:1053F000D2E716F8013BF96254F82300FCF7E0FC11
:10540000D7F88430F96A01304BB1D7F88830984525
:105410003EBFD7F8843023F8180008F1010805448E
:1054200098E77B6923B1786A29F069FE0028C9D121
:105430001BF0010F05D1FB6AED1AADE7BB6A002B2B
:10544000AAD04846FCF7BCFCD7F8843053B1D7F853
:10545000883098453FBFD7F88420431C22F8183085
:1054600008F10108054497E7BAF1000F74D01BF06A
:10547000040674D0D046002607F1480052463B612E
:10548000B96231F0E4FEB96A3B6901EB0A02BA6223
:10549000FA69F9695200FA60BA6A02EB41023A61AC
:1054A0000BF00202BA60BA6A39698A426AD162783C
:1054B0001BF0020F18BF00217A6208BF4FEA5801A3
:1054C000B2181BF0010FD2B240F0E5801BF0040FC0
:1054D00014BF404600207B616270A070E1702046DE
:1054E0003A6AB969FB6A9847051EFFF614AF7B69F3
:1054F000414623707B6A3A6A6370FB6984F802A0B4
:10550000E37007F14800FB6A9847B0F10008C0F269
:10551000F680BB69A9EB0A01C91AFB683A6AC91A85
:10552000D7E90A0398470028C0F2EB804FF0000B40
:10553000A84408EB000507F1380AB345C0F0AD8078
:1055400000213A6A0846FB6A9847E4E656464FF05F
:10555000000807F1380091E75646D04695E7B04677
:1055600093E700BFBDAF040028AF040013AD0400F3
:1055700000750400BC450500D8AF0400040000011C
:1055800078800400BA6A12F8021B12F8015CBA6251
:1055900054F825005C4A904202D35C4A904218D3EA
:1055A0007A693AB1786A7B6029F0A9FD7B680028A6
:1055B0007FF479AFBA68002A4CD00F2E40D95449F5
:1055C00040F24D43534A544829F0D8FD40F24D4132
:1055D0007EE67A693AB1786A7B6029F090FD7B6853
:1055E00000287FF460AF1BF0010F0BD00F2E27D9DE
:1055F000474940F24343474A474829F0BFFD40F23C
:10560000434165E61BF0040F3FF44DAFB8F10F0FB7
:1056100009D9424940F246433E4A3F4829F0AEFD8F
:1056200040F2464154E608F1280207F1300008F143
:10563000010102EB000808F8105C5FFA81F832E71C
:1056400006F1280207F13000711C161806F8205CDC
:10565000CEB228E7B8F10F0F09D930494FF48A6369
:105660002C4A2D4829F08AFD4FF48A6130E608F172
:10567000280207F1300C08F10100944407F15802A8
:1056800008F1020852FA80F00CF8101C5FFA88F852
:1056900000F8105C07E700201DE71BF80A3054F8FB
:1056A000239087F83730D7F884302BB3D7F8883079
:1056B0009B4521D2D7F8843033F81B8001213A6A08
:1056C000FB6A07F13700984700281ADB0544B8F158
:1056D000000F06D14846FCF773FB00F101081FFAE2
:1056E00088F8414648463A6AFB6A9847002808DB32
:1056F00005440BF1010B20E74FF00008DEE74546BB
:1057000009E6054607E600BF00750400BC45050034
:105710007BB0040028AF040013AD04009AB004006D
:10572000014B1860704700BF2029002080B5054656
:105730000E461746984622F0E5FC034631F0D6FEA9
:105740000446DFF81890424649F8003039463046A2
:10575000A84754F8090006F0DFFA00BF080000006F
:1057600038B50D4604462022002131F097FD002275
:10577000EB68E361AB68A3612B6823626B68A2628C
:1057800063622A6923B1591E194208BF42F001021F
:1057900022610122002104F12C0030F052FC48B1BA
:1057A000054906482F23064A29F0E8FC2F21044822
:1057B00029F0DBFC38BD00BF26F8040013AD04005F
:1057C000CBB004002DE9F04F002789B0CDE90123CB
:1057D000436A04468B428846BA460597079754D3D6
:1057E00000F11406EFF31185202383F31288BFF331
:1057F0006F8F3046A94622F0F7FE58B988234D4AEC
:105800004D494E4829F0BAFC31464D4829F0B6FCC6
:10581000882163E0304622F00BFF079A2AB139460F
:10582000204629F095FD0023079306A9204629F07C
:10583000B2FC06998346414530D32268236A20464C
:1058400013F8221003EB820A21F0030103F822105F
:105850002168424629F0C3FCE3682060984218D0D2
:105860004FF0000B304622F0CDFE50B389F3118883
:10587000BFF36F8F059929B1A2690AB120469047FD
:1058800000230593BBF1000FACD1504609B0BDE831
:10589000F08F236943F008032361E1E718B1204644
:1058A00029F0B7FCDEE7DDE90132134339D003917B
:1058B00030F03CFC0399A0BB9DBB304622F0A2FE19
:1058C00078B940F231131B4A1E491C4829F056FC96
:1058D00031461D4829F052FC40F23111154829F09B
:1058E00044FC85F31188BFF36F8F04F12C00DDE9D0
:1058F000012320F0E7FA8346EFF31189202383F395
:105900001288BFF36F8F304622F06EFE00283FF4FE
:1059100075AFBBFA8BFB304622F08AFE4FEA5B1B69
:10592000A0E7204607AB05AA276829F091FC83462B
:1059300098E700BFF1B004001EB1040013AD0400ED
:1059400033B1040049B1040060B104002DE9F04115
:105950000446C36908460E46984704F114050746F5
:10596000EFF31188202383F31288BFF36F8F28464B
:1059700022F03AFE68B988231A4A1B491B4829F0CD
:10598000FDFB29461A4829F0F9FB8821154829F022
:10599000ECFB284622F04CFE33783A4643F00103F4
:1059A00033706168204629F01AFC6060204629F0B7
:1059B000EAFC284622F026FE68B940F23113094A73
:1059C0000C490A4829F0DAFB29460B4829F0D6FB96
:1059D00040F23111DAE788F31188BFF36F8FBDE829
:1059E000F08100BFF1B004001EB1040013AD04004B
:1059F00033B1040049B1040060B104002DE9F8435B
:105A0000044600F11407EFF31188202383F3128872
:105A1000BFF36F8F384622F0E7FD054668B988234B
:105A2000344A3549354829F0A9FB3946344829F02C
:105A3000A5FB88212F4829F098FB384622F0F8FD75
:105A40002369A26813F0080F02D163689A4200D953
:105A5000636A9B1A002B3FD0216A11F8223001EBB8
:105A6000820913F003003AD0022803D151F82260D2
:105A7000B60805D1D8071FD44846E36998470646BB
:105A8000A1683246204629F0AAFB3146A060204694
:105A900029F0B3FB384622F0B5FD10BB40F23113BC
:105AA000144A1849154829F069FB3946164829F067
:105AB00065FB40F23111BDE743F0020301F82230EB
:105AC000E3694846A568984729460246204629F0DA
:105AD00086FB0025A060DDE71D46A946DAE70546FE
:105AE000FBE788F31188BFF36F8F002D8BD14846F9
:105AF000BDE8F883F1B004001EB1040013AD04004A
:105B000033B1040049B1040060B104002DE9F04153
:105B10000446C36908460D46984704F11406074633
:105B2000EFF31188202383F31288BFF36F8F304681
:105B300022F05AFD68B98823274A2849284829F0C5
:105B40001DFB3146274829F019FB8821224829F0FE
:105B50000CFB304622F06CFD2B786FF300032B70AA
:105B600023699B0705D5E268236A03EB82039D4204
:105B700022D12B786FF341032B70D4E90231994283
:105B800004D13A46204629F02AFBA0603946204637
:105B900029F033FB304622F035FD90B940F2311345
:105BA0000D4A11490E4829F0E9FA31460F4829F00B
:105BB000E5FA40F23111C9E72B6867F39F032B60C8
:105BC000E8E788F31188BFF36F8F04F12C00BDE87C
:105BD000F04120F0F3B800BFF1B004001EB10400A2
:105BE00013AD040033B1040049B1040060B10400F6
:105BF00070B5044600F11405EFF31186202383F3FA
:105C00001288BFF36F8F284622F0EEFC68B9882314
:105C10001A4A1B491B4829F0B1FA29461A4829F0AB
:105C2000ADFA8821154829F0A0FA284622F000FD97
:105C30002369A06813F0080F02D16368984213D952
:105C4000646A241A284622F0DDFC78B940F2311348
:105C50000A4A0E490B4829F091FA29460C4829F0C6
:105C60008DFA40F23111DDE71C1AEBE786F311885B
:105C7000BFF36F8F201E18BF012070BDF1B004006C
:105C80001EB1040013AD040033B1040049B1040097
:105C900060B104002DE99F480446EFF311852023ED
:105CA00083F31288BFF36F8F22F09EFC58B98823CC
:105CB0004F4A5049504829F061FA21464F4829F08F
:105CC0005DFA88213CE04FF0FF384FF0FF39204665
:105CD00022F0AEFC4A4E04F10C0303930121039819
:105CE00029F066FC0746002874D00146A0F1280B75
:105CF000039800F013FAB36804F11802BB60E3697B
:105D00002046C7E900231F60E761B36857F8282CD5
:105D10009A7357F8242C1A611A7B22F010021A7316
:105D200022F070FC78B940F23113314A35493248DB
:105D300029F024FA2146344829F020FA40F23111A2
:105D40002B4829F012FA85F31188BFF36F8F58465C
:105D500057F8203C9847EFF311854FF0200A8AF35B
:105D60001288BFF36F8F204622F03EFC00289ED0A1
:105D7000204622F05DFCB3681B7B13F01003ADD10D
:105D8000D7E9002002605060C7E90033BB60636A56
:105D9000DBB1204622F036FC0028C4D085F3118800
:105DA000BFF36F8F5846636A9847EFF311858AF304
:105DB0001288BFF36F8F204622F016FC00283FF4B4
:105DC00076AF204622F034FC88E7A7F118001FF0D8
:105DD000F5FF83E729462046CDE90089221D21F001
:105DE000A7FCEFF31185202383F31288E1E700BFBE
:105DF000F1B004001EB1040013AD040033B104007F
:105E0000586C002049B1040060B1040010B504468C
:105E10002822002131F042FA231DC4E90133034B4B
:105E2000236104F11803C4E9063310BDA1F3030094
:105E300070B50446256A88B0084645F34006114609
:105E40001A4600236FF00F05CDE90043CDE9023576
:105E50000493CDE90666024B21F0BCF908B070BD91
:105E6000955C01002DE9F8434FF028081F4C204FA6
:105E7000BC4236D91F499A231F4A204829F07EF98F
:105E80001F4829F07BF99A211B4829F06EF96368B5
:105E9000A668073323F007096369D90707D508FB0C
:105EA00005663046FFF7B2FFA369736201E0002D7B
:105EB000F7D0636930465A0748BF43F002033362A4
:105EC000D4E90312636805FB092201EBC511FFF752
:105ED000AFFF01352368AB42D9D81C34C8E7002591
:105EE000F8E7FCD30020BDE8F88300BFD07B0400B6
:105EF000EC7B040096B1040075B1040013AD0400FE
:105F0000B7B104002DE9F04106460C46EFF31187C6
:105F1000202383F31288BFF36F8F22F065FB60B9F3
:105F20008823644A6449654829F028F93146644861
:105F300029F024F988215F4855E0304622F078FBAB
:105F40002EF04DFA63685F4A03446360216B9368E7
:105F5000994237D1D4E90A310B6059600023C4E972
:105F60000A3391680A7B42F010020A73236306F138
:105F70000C0504F128084146284629F026FB01219A
:105F80002846666329F014FB80457AD1324652F8E0
:105F9000183F93422BD053B30022283B1946206868
:105FA00051F8285B854206DC04D15D686068854253
:105FB00000D000DC0132F069814216D09B6AA3B1A7
:105FC000283BEBE70122002104F1100030F039F802
:105FD000236B002BCBD03C493848F5233B4A29F0B2
:105FE000CDF8F521394829F0C0F8002A49D1EFF35E
:105FF0001183202282F31288BFF36F8F83F31188FD
:10600000BFF36F8F5BB93249B023324A2B4829F076
:10601000B5F8314829F0B2F8B0212E48E3E733460D
:1060200053F8045F9D4227D035B3AB683BB92B4989
:106030009923284A214829F0A1F89921EDE7D5E9CB
:10604000003213605A6000236A7BC5E9003322F0F6
:1060500002026A73AB6005F1180022F01FFC23688E
:106060002846AB7363682B6121F080FA39463046CD
:10607000BDE8F04121F00EBD0221194A19482AF06D
:1060800038F9304622F0BEFA68B940F23113094AB5
:1060900015490A4829F072F83146144829F06EF87B
:1060A00040F2311147E787F31188BFF36F8FBDE8E6
:1060B000F08100BFF1B004001EB1040013AD040074
:1060C00033B10400586C0020D6B1040075B104004F
:1060D0001DB20400F2B1040035B2040038B204006D
:1060E0004FB204004081040049B1040060B10400D3
:1060F000044608B5EFF31183202383F31288BFF31E
:106100006F8F19F011FA204606F016FF024829F0A9
:106110001FF82AF069FDFCE787B204002DE9F04F73
:1061200087B0836800AF9B000B3323F00703C7F8E9
:106130000CD0ADEB030DE9466B464A469B080E4674
:106140003B61834629F0BAF909EB800858F8042C22
:106150000446B2424FEA80035DD13568012D4DD926
:106160007268002A4AD00128D8BF00203A6925F079
:106170000105C8BF58F8080C013443F822506B6879
:10618000002B4ED109EB840A5AF8083C00284DD068
:1061900041682A46A1EB060CDCF1000141EB0C0141
:1061A0007B6129F0A8F97B699E4242D12A68336855
:1061B00022F0010203F00103134333602B6803F064
:1061C000010333432B6073685AF8042C6B6000237F
:1061D000736058F8043C48F8042C32684AF8043CD0
:1061E0002B6822F0010103F001030B4333602B689D
:1061F00002F0010223F0010313432B603268012AED
:106200002ED9012C22F0010534DCCBF800502B688C
:1062100043F001032B60D7F80CD01C37BD46BDE816
:10622000F08F49F824301D460134A8E7CBF8005020
:10623000BAE759683246481B41424141184629F0A5
:106240005AF932682B6802F0010123F001030B4375
:1062500033602B6822F0010203F001031343B1E71E
:10626000012C756828DCCBF80050002DCFD1CBF87D
:106270000850D0E7023C59F8240041682A468C1B9C
:106280006142614129F037F932682B6812F0010F41
:1062900040F0F280D80700F1ED807A4940F2ED132A
:1062A000794A7A4828F06AFF794828F067FF40F277
:1062B000ED11754828F059FFA31E59F82300002D51
:1062C000DBD112F0010200F0D08004F18043013BE9
:1062D00009EB830252F804AC59F82310DAF80450A1
:1062E0007961A94202BFDAF800504FF0010825F0A9
:1062F0000105296818BF4FF00008C9071FD42146BF
:1063000049F8235048467A60BB6029F0FDF8DAF876
:1063100000107B6921F00101CAF800107A68296831
:106320005360BB6841F0010159F823A02960013492
:10633000B8F1000F28D0DAF8005025F001052868E0
:106340006B68012820F0010102D90A68D20750D5F4
:1063500013B11A68D2071FD57B699E4204D100226F
:106360004146504629F0C7F82B6823F001032B6003
:10637000DAF80030D9070AD5013C012CA5D1D9F8AB
:106380000030CBF8003046E7DAF80450D7E743F0A6
:106390000103CAF80030F2E7B8F1000F57D0012826
:1063A0002AD804F18041386901398A0009EB81015A
:1063B00042F820504B604846611C7A60BB6029F06F
:1063C000A3F82968BB6821F00101296019687A687F
:1063D00041F0010119603B6952F82350B8F1000FF8
:1063E0003DD0296821F00101D7E9043042F82300AB
:1063F00007E0B8F1000F29D00A684FF00108D20772
:10640000CFD42B68DAF8002023F0010302F0010258
:1064100013432B60DAF80030484643F00103CAF812
:1064200000300B6843F001030B6004F18043013B33
:1064300049F82350214629F067F87B699E429ED196
:1064400000224146504629F056F898E72BB11A68C9
:106450006FEA020818F0010803D10B46A1E769684A
:10646000C2E719464FF00008CBE741688D1B69422F
:106470006941E8E7D10701D5DA0780D443F0010389
:106480002B607CE7D2B20400B0B2040013AD04006C
:10649000F4B20400F8B50646DDE906051C4629F00D
:1064A0002EF9D0E900139942B668026914D156F862
:1064B000213004B9DB4332EA03002BD022EA030285
:1064C0005DB362BB1A491B4896231B4A28F056FE4F
:1064D0009621194828F049FE56F8217004B9FF4367
:1064E00032EA070C02D022EA0702E9E756F82370E5
:1064F00004B9FF43426932EA070008D0194622EA8C
:106500000702DDE756F8212004B1D24322B9013158
:106510008B42F7D8012001E00DB90020F8BD92FAB6
:10652000A2F2B2FA82F202EB41122A60F5E700BF52
:106530002FB3040013AD040007B304002DE9F04F9E
:106540000D46914604468BB058B9474940F2F513C1
:10655000464A474828F012FE40F2F511434828F019
:1065600004FE03684BB943494FF4FB733F4A40486C
:1065700028F004FE4FF4FB71F0E700F10C06EFF396
:10658000118A202383F31288BFF36F8F304622F0E5
:106590002BF860B98823384A3849354828F0EEFD91
:1065A0003146374828F0EAFD88213348D7E730469E
:1065B00022F03EF8B9F1000F4AD0002D48D02068F3
:1065C000A84245D30022676897424FEA421B0DD08C
:1065D000A36853F82230591C01D10132F4E72BB1E2
:1065E000DB4393FAA3F3B3FA83F39B44A0EB0508D0
:1065F00004AFC34502D96FF01B0413E003ABCDE930
:1066000000732A46002359462046FFF743FFD8B1BE
:106610002046002401232A465946009729F08CF889
:10662000C9F800B0304621F0EDFFA0B940F23113B7
:10663000114A14490E4828F0A1FD3146124828F0AD
:106640009DFD40F23111B0E7039901F1010BD0E754
:106650006FF01504E6E78AF31188BFF36F8F2046C9
:106660000BB0BDE8F08F00BF44B3040007B30400D3
:1066700013AD04005CB30400F1B004001EB10400CB
:1066800033B1040049B1040060B104002DE9F047C2
:106690004C1E0E469046054688B0144458B93749FA
:1066A00040F28623364A374828F068FD40F28621BA
:1066B000334828F05AFD03684BB9334940F2872329
:1066C0002F4A304828F05AFD40F28721F0E700F1C8
:1066D0000C09EFF3118A202383F31288BFF36F8F25
:1066E000484621F081FF60B98823284A2849254877
:1066F00028F044FD4946274828F040FD88212348DA
:10670000D7E7484621F094FF56B32B68B34227D30E
:10671000434525D9A34223D9002402AF01233246A1
:106720004146284601940097FFF7B4FED8B12346AE
:10673000324641462846009728F0FEFF484621F0A1
:1067400061FF98B940F23113104A13490D4828F0FF
:1067500015FD4946114828F011FD40F23111CEE7F0
:106760006FF01504EAE76FF00D04E7E78AF311888C
:10677000BFF36F8F204608B0BDE8F08744B3040034
:1067800007B3040013AD04005CB30400F1B00400CF
:106790001EB1040033B1040049B1040060B104002B
:1067A0002DE9F84F0446A38B08461907154612D465
:1067B000022803F0070165D1204629F020F888B1AE
:1067C0000138042800F23781DFE810F05C00350161
:1067D0008200D400040101280CBF43F0100143F0F3
:1067E0002001A1831434204621F00CFF002840F042
:1067F0009D819A4940F23113994A9A4828F0BEFC8B
:106800002146B1E003F00702501F01281ED80020E6
:10681000062A2768C4E9000014D13A4603E0E08B59
:106820000130E0831268002AF9D123F0070343F016
:1068300002022046A28328F0E2FF90B342F0200239
:10684000A2832EE023F007039AB2F2E7042A33D1A1
:1068500023F007039AB22046A28328F0D0FF10B19C
:1068600042F02002A283A38B03F00709894540F080
:10687000EC80A18BCA0640F1508121F01003A38364
:1068800001F00701D4F81880A38BB8F1000FB9DA32
:106890000022276823F00703C4E9002243F0010324
:1068A000A383A38B03F00709894540F0CF80002F15
:1068B000DFD00026B24644E06B4940F21B136B4A1E
:1068C000684828F05BFC40F21B11684828F04DFC3A
:1068D00049B167494FF4AB73644A624828F04EFCF3
:1068E0004FF4AB71F1E723684BB9624940F257139B
:1068F0005E4A5C4828F042FC40F25711E5E7236904
:106900001E684EB95C494FF4AD73584A554828F09B
:1069100035FC4FF4AD71D8E70F4688464FF00609B5
:10692000A38B23F0070343F006039BB2A383A26863
:10693000002A40F08D80002F40F08D80002E98D0EE
:10694000BA4643F0080304F1140B5846A38321F020
:1069500059FE002840F09A80404940F23113404AE5
:10696000404828F00BFC5946444828F007FC40F208
:106970003111ADE0022909D0414940F25D133B4A93
:10698000384828F0FBFB40F25D119EE7E78B4FB1E2
:106990003C494FF4AF73354A324828F0EFFB4FF4CF
:1069A000AF7192E723695E684EB9334940F26113D3
:1069B0002E4A2C4828F0E2FB40F2611185E7A38BB8
:1069C000B84623F0070343F004039BB24FF00409D9
:1069D000A383ACE7012909D02B494FF4B273234AB2
:1069E000204828F0CBFB4FF4B2716EE723684BB917
:1069F000204940F265131D4A1A4828F0BFFB40F2B7
:106A0000651162E723699E684EB91B494FF4B47360
:106A1000164A144828F0B2FB4FF4B47155E700272A
:106A2000A38BB84623F0070343F005039BB24FF056
:106A30000509A3837BE70C4940F26B130B4A094815
:106A400028F09CFB40F26B113FE7002700266EE721
:106A50004FF0010A75E7924673E700BF49B10400A1
:106A6000F1B0040013AD0400821E050073B30400EE
:106A700098B30400A4B30400C7B3040060B10400D9
:106A8000DEB30400F4B3040003B4040085F31188FA
:106A9000BFF36F8FBAF1000F1CD177BB16B1204640
:106AA0002549B047EFF31185202383F31288BFF304
:106AB0006F8F584621F098FD38BB88231F4A204924
:106AC000204828F05BFB59461F4828F057FB8821D7
:106AD0001A48FBE6A1680029DFD00D680029DCD048
:106AE00043464A462046D1F804A0D0471DB12B6842
:106AF00029461D46F2E72B46FAE7394643464A4601
:106B000020463F6828F0A7FEC7E7584621F090FDD1
:106B1000A38B23F00803A383ABE68B067FF562AE5D
:106B200021F02003A38301F0070145E685F31188D6
:106B3000BFF36F8FBDE8F88F4D6B0100F1B004001B
:106B40001EB1040013AD040033B10400F8B50446CF
:106B50000D4600F11406EFF31187202383F312880A
:106B6000BFF36F8F304621F03FFD68B988230C4A90
:106B70000C490D4828F002FB31460C4828F0FEFA7B
:106B80008821074828F0F1FA304621F051FDA5612F
:106B90003A462046BDE8F8400121FFF701BE00BF9C
:106BA000F1B004001EB1040013AD040033B10400C1
:106BB0002DE9F04704460F4628F03DFE051E68DB30
:106BC00004F11409EFF3118A202383F31288BFF331
:106BD0006F8F484621F008FD804660B98823384A07
:106BE0003849394828F0CAFA4946384828F0C6FAE0
:106BF0008821334842E0484621F01AFD4FF6FF72E3
:106C0000E38BA68B934206F0070645D0022E15D1E2
:106C100035460133E383484621F0F4FC002841D196
:106C200040F23113264A2A49274828F0A7FA494654
:106C3000284828F0A3FA40F23111DAE7062E13D8DB
:106C4000DFE806F0092D1212090409006FF085052E
:106C50004FF00008DFE700233B60636883B9C4E9B5
:106C6000007786B13546F3E71B4917484FF4E473C4
:106C70001A4A28F083FA4FF4E471184828F075FA9C
:106C80001F606760EDE7524602212046FFF788FD4E
:106C900035462846BDE8F0876FF00A05D8E76FF063
:106CA0000405D5E78AF31188BFF36F8FB8F1000FA1
:106CB000EFD0002332463946204628F0CCFDE8E7E5
:106CC000F1B004001EB1040013AD040033B10400A0
:106CD00049B1040060B1040003B4040073B30400BC
:106CE000F8B5054600F11406EFF31187202383F36E
:106CF0001288BFF36F8F304621F076FC60B988238D
:106D0000254A2649264828F039FA3146254828F0F0
:106D100035FA882120482BE0304621F089FCAC8BE5
:106D200004F00704022C17D0012C0CBF6FF00404F0
:106D30006FF08504304621F065FC38BB40F231131A
:106D4000154A1949164828F019FA3146174828F00B
:106D500015FA40F23111DDE7EB8B5BB914491048AD
:106D600040F2EF13134A28F009FA40F2EF111148EC
:106D700028F0FBF9013B9BB2EB83002BDAD13A46BA
:106D800021462846FFF70CFD2046F8BD87F3118801
:106D9000BFF36F8FF8E700BFF1B004001EB104002D
:106DA00013AD040033B1040049B1040060B1040024
:106DB00019B4040073B304002DE9F0410F460546F1
:106DC000002850D000294ED000F11406EFF31188AE
:106DD000202383F31288BFF36F8F304621F004FC29
:106DE00060B98823214A2249224828F0C7F9314650
:106DF000214828F0C3F988211C4817E0304621F0CB
:106E000017FC39462846AC8B28F0DEFC80B104F034
:106E10000704231F022B0DD91849164840F22D23D1
:106E2000174A28F0ABF940F22D21154828F09DF9BA
:106E30006FF07704304621F0E5FB68B940F231137A
:106E40000A4A10490B4828F099F931460E4828F0B3
:106E500095F940F23111CFE788F31188BFF36F8FB6
:106E60002046BDE8F0816FF01504F9E7F1B00400A9
:106E70001EB1040013AD040033B1040027B40400B4
:106E800073B3040049B1040060B1040008B542685E
:106E9000034602F00302022A81600AD0032A4FF05F
:106EA000000103D0012A0AD1596006E01868596030
:106EB00008BD186800225A6058B90020F8E7064952
:106EC00006484523064A28F059F94521044828F088
:106ED0004CF921F0B3FFF0E7821E050013AD04006A
:106EE0009EB404002DE9F34106460F4615464FF0C7
:106EF00000082A46304601A928F002FD044640B1A8
:106F000002463946019830F0A2F92D1BA0442744CF
:106F1000EFD142463046311D28F010FD48B10749F7
:106F200007484823074A28F029F94821054828F04E
:106F30001CF9404602B0BDE8F08100BF26F804000D
:106F400013AD0400C4B404002DE9F34107460E4616
:106F500015464FF000082A46384601A928F0DFFC04
:106F6000044648B12EB102460199304630F06FF91F
:106F700026442D1BA044EED14246384607F10A01B3
:106F800028F0DCFC48B1074907486323074A28F08A
:106F9000F5F86321054828F0E8F8404602B0BDE85E
:106FA000F08100BF26F8040013AD0400C4B404004F
:106FB0002DE9F7430F4606460821C06A28F042FD36
:106FC00080463C68DFF84890241A3C6004EA0905D2
:106FD000AC4203D8002003B0BDE8F08308236A4622
:106FE0002146304628F0C4FC0028F4D169463046DA
:106FF00028F032FD40B1BDF80230BDF8042005EAAA
:10700000090513441D443C60A4EB0804E0E700BFFD
:107010000000FFFF73B504464FF6FF72C06A0821F7
:1070200028F010FD002563680F4EADF800208DF8A4
:107030000620A289191833401344181A6060684664
:10704000ADF80210ADF8045028F0F3FC6946204674
:1070500028F0C2FD2046211D28F0C3FC28466368A5
:107060003340A36002B070BD0000FFFF2DE9F04780
:1070700004468AB000F1140738462EF0A9FFA06A32
:107080008368DB689847E06250B9864A01218648E8
:1070900028F0B4FC6FF0150528460AB0BDE8F0876B
:1070A000A06A8368DB6898470368013B1F2B01D9FE
:1070B0007E4AEBE7A06A216807AA2CF007FA08B11C
:1070C0007B4AE3E7A5892DB1089BB5FBF3F203FBEF
:1070D00012550DB1774AD9E7E389012B01D8764AD9
:1070E000D4E7E36A029593F805904FF0FF334FF031
:1070F000FF3238461EF04EFB0821E06A28F0A2FC61
:10710000A8460646E3891FFA85FA534508D8E3895D
:10711000434523D138461EF00DFC6FF02C05BBE72C
:10712000A1892B04891B13FA81F14A4608232046C2
:10713000029128F02BFC78B1204602A928F051FCDE
:1071400008F1010808234A46204602991FFA88F8E8
:1071500028F01CFC0028DAD00135D3E753450BD1C9
:10716000029908234A462046891B28F00FFC18B9CB
:10717000204602A928F035FC204602A9FFF718FF97
:10718000054618B138461EF0D5FB85E7029B4FEA4D
:1071900013484FEA08486360C4F80880D4E9011333
:1071A00099420FD30823204603AA28F0E1FB0546A5
:1071B0000028E7D103AB13F8012B91453DD10135F0
:1071C000082DF8D1636820461B0C1B0402A902930A
:1071D00028F007FC4A462046A389029928F0D6FBEE
:1071E000051ECFDB63687BD04FF6FF7906EB030803
:1071F000A3891FFA88F29B1B9A42CDF8088038D3E6
:1072000003212E4A284828F0F9FB2046616828F01F
:10721000F7FB05460028B5D16368294AA1891340C8
:107220000B44A3EB4603636013402046A36028F0A1
:10723000FBFC0546002D6FD0A4E7204603A928F0EB
:107240000BFC626810B9921B6260A7E7BDF8105092
:10725000BDF80E10E06AC4F80880294428F0F2FB5B
:1072600040449042A060EED1002DECD06FF01C05A0
:107270007DE008234146204605AA28F079FB054613
:1072800000287FF47FAF204605A928F0E5FB38B140
:10729000BDF814304B4503D1BDF81830002B6CD02D
:1072A000B044A5E703B50400A880040025B5040098
:1072B00042B504005AB504006EB50400CBB5040015
:1072C0000000FFFF4A4620465B1A28F05FFB051EC0
:1072D000FFF658AF08D0E26AA36812681344A360AF
:1072E000D4E901318B42EDD86168A38901EB4602F4
:1072F0009A429FD1DFF8A880A26801EA08039A4267
:1073000098D0204628F07CFB054600287FF43AAF51
:10731000636803EA0803A360A389A288A3EB46037A
:107320009A4220D038461EF005FB0123A28923741F
:10733000E389032100921B481B4A28F0EDFF636894
:107340009AB200920321194A16481B0C28F0E4FF58
:10735000A3689AB200920321154A12481B0C28F028
:10736000DBFF002598E6204628F047FC0546384616
:107370001EF0E0FA002DD8D08EE60E4A032109480F
:1073800028F03CFB636820461B0C1B0402A90293F7
:1073900028F027FB2046029928F032FB49E700BF7E
:1073A0000000FFFFA880040091B50400A8B5040008
:1073B000BAB50400F2B504002DE9F04F1D46037C78
:1073C00091B004460291009253B90121634A644886
:1073D00028F014FB6FF00C06304611B0BDE8F08FBA
:1073E000C26A0821104628F02DFB2946019010465C
:1073F00028F028FBA389019A0746A3EB8203AB423E
:10740000C0F0A9801DB1009B002B00F0A480636830
:107410000593204606AA05A9DDF814A028F059FB1B
:1074200006460028D8D1BDF81830029A934206D0FB
:107430006268059B9A42ECD1002D36D1CCE72046FC
:1074400006A928F009FB0028F2D0BDF81A80BDF883
:107450001C3045B39D4228D14FEA1A4A4FEA0A4AE6
:10746000D044AA46E36ADDF800B01B685B4203F033
:1074700020030393DDF80C904146D14528BFD14647
:1074800020464B4608AA28F073FA00284AD14A46FB
:10749000584608A92FF00AFF38B9BAEB090AC844C0
:1074A000CB44E7D198E7002B96D0002F3DD1B846CA
:1074B00004F1140A4FF0FF324FF0FF3350461EF034
:1074C00069F9E3899E4243D0A168626808EB010331
:1074D0009A422FD3029B2046ADF82030FF23009A1A
:1074E0008DF826302B46ADF82210ADF8245028F048
:1074F0003AFB29460746E06A28F0A4FAA368034449
:10750000A36057B908A828F094FA204608A928F0E3
:1075100063FB002814BF07462F4650461EF00AFAA8
:107520003E4659E7C1DC064656E7019B1F441FFA59
:1075300087F8BDE72046FFF76DFD07460028ECD130
:10754000204628F071FB07460028E6D10136B8E74F
:107550006FF01B07E1E76FF015063DE7EFB404009D
:10756000A88004002DE9FF471E46037C04460F4611
:107570009046BDF830904BB92C4801212C4A28F098
:107580003DFA6FF00C0004B0BDE8F0870821C06A36
:1075900028F058FAA389A3EB4003B34243D3002554
:1075A000D4F804A0CDF804A04D455146DDF804A060
:1075B00009D9636853451ED1BDF80830BB421AD0C3
:1075C0006FF00100DFE7204602AA01A928F081FA46
:1075D0000028D8D1BDF80830BB4206D1204602A908
:1075E00028F03AFA08B10135ADB26268019B9A42BF
:1075F000DAD15146E0E7BDF80C30002BE0D0A945C8
:10760000DED8BDF80A00090CB3424FEA014128BF99
:10761000334601444246204628F0AAF90028B2D158
:10762000BDF80C00AFE76FF01500ACE7A8800400D0
:10763000EFB4040010B530B90B480C4928F0CCFB6E
:107640006FF0150010BD836833B90748084928F06A
:10765000C3FB6FF00400F5E71B6813B1BDE81040F1
:1076600018471846EEE700BFC08004000EB60400BD
:107670001FB6040010B530B90B480C4928F0ACFB1C
:107680006FF0150010BD836833B90748084928F02A
:10769000A3FB6FF00400F5E75B6813B1BDE8104091
:1076A00018471846EEE700BFC08004000EB604007D
:1076B0001FB6040070B508B101B132B90B480C49CE
:1076C00028F08AFB6FF0150070BD84680CB1E56886
:1076D00035B90648074928F07FFB6FF00400F3E74F
:1076E00041F8040BE368BDE870401847C08004000F
:1076F0003DB604001FB6040010B5044630B910486A
:10770000104928F069FB6FF0150010BD006830B912
:107710000B480D4928F060FB6FF00100F5E7836826
:107720000BB11B6933B90648084928F055FB6FF0C7
:107730000400EAE7616898470028E6D12060E4E7A2
:10774000C080040069B604007AB604001FB60400C5
:1077500070B51346044630B91048114928F03CFB77
:107760006FF0150070BD006830B90C480D4928F065
:1077700033FB6FF00100F5E782680AB1956835B90F
:107780000648094928F028FB6FF00400EAE70A469A
:10779000AC466168BDE87040604700BFC08004002F
:1077A00069B604007AB604001FB60400034A1368E1
:1077B0000BB9526813600020704700BF24290020D5
:1077C00030B50C460E4985B00291D0F8D41105466B
:1077D000CDE9003100F1F0014FF0FF3320461CF0FD
:1077E00035FF50B9012384F86C30D5F8D03123B17E
:1077F000204605B0BDE83040184705B030BD00BF99
:10780000D1FE030038B50C461146054628F062FB50
:10781000034638B92846044928F05CFB034600209B
:10782000236038BD0120FBE737B204002DE9F04F9B
:10783000012381460569466887B005F55D77D7E87D
:10784000EF2F002A03D1C7E8E13F0029F7D10CBF91
:107850001A46002240F0B080B368B16A05F5F878A6
:107860001C1F104628F0BDFB84426ED8013A00F080
:107870009D80B2FA82F24FF00044D44072682046F4
:10788000073222F00302C5F83C22B16A28F0A9FBB6
:10789000C5F84002B36A40466343033323F0030351
:1078A00002EB4302230103EB4403093323F00303F8
:1078B00003EBC403C5F834221A440832C5F8302259
:1078C0007368C5F83842C5F82C323D4BC5E9AD6345
:1078D000316800F0E5F90446002834D1D9F810B039
:1078E000D9F804A0D9F800300BF534790590049349
:1078F0004846DAE90734012B08BF103C1FF004F8B2
:10790000DAF824002F4904AB01EB80214FF48062A8
:107910004846009323461FF011F82B490BF53070B1
:107920001EF0CEFDDAE9050183685C684CB15B4668
:10793000264AA047044630B9DAE9050183681B6985
:107940002BB96FF05704002129E0013289E70122A9
:10795000984704460028F6D11D4B2846C5F8D0317B
:107960001C4BC5F8D4311C4B0393D5F8403202931D
:10797000D5F83C32CDE9008305F51173B26AD5F82C
:10798000701300F055F904460028DCD105F1F00031
:107990001CF002FF0028C5F878030ADB02213846F4
:1079A00028F0CCFA204607B0BDE8F08F6FF00B044A
:1079B000C9E76FF01504C6E76FF07704F2E700BF80
:1079C00027FF0300009900200DFF030001FF0300C3
:1079D000DD790100B90004006DFF030013B5044612
:1079E00040B100230122CDE90032074BD0E9091252
:1079F0001CF000FE236F1B6823B1606F02B0BDE86E
:107A00001040184702B010BD37B2040013B5044649
:107A10000846216901F55D71D1E8AF1F022910D137
:107A200093B1A0B10121CDE900311346D0E909128B
:107A30001CF0E0FD074B984208BF6FF00B0002B04E
:107A400010BD6FF00F00FAE76FF04C00F7E76FF032
:107A50000100F4E72EF8FFFF2DE9F34789461546AC
:107A6000066906F55D73D3E8AF3F022B64D1136856
:107A700023B96FF0150002B0BDE8F0871B78002B2A
:107A8000F7D0D6F870A3BAF1000F36D106F5EC772F
:107A90004FF0FF324FF0FF3338461DF07BFE30468B
:107AA0002A6801A9FFF7AEFE019C80461CB9384642
:107AB00028F042FADDE705F108032367AB6984F893
:107AC0006CA06367646460B1384628F035FA2146DB
:107AD0003046A36E2A68FFF773FE0020C9F8004005
:107AE000C9E71F22296804F148002FF001FC38463D
:107AF00084F8678028F020FAEFE73046104928F034
:107B0000E9F904460028B4D0002705F1080303670B
:107B1000AB6980F86C70436740641F222968483065
:107B20002FF0E6FB22460121304684F8677000F012
:107B300061F80028D1D09CE76FF00F009BE700BFF1
:107B400037B2040010B50C46006900F55D73D3E848
:107B5000AF3F022B0FD189B10A4900F530701EF0FA
:107B6000DDFD20462DF0AEFB7822002120462FF0CF
:107B700095FB002010BD6FF00F00FBE76FF00100D8
:107B8000F8E700BF1C4F00202DE9F04F05460E46D8
:107B900090460027D0F8C4A085B0AAF5BE7421464F
:107BA0003046FAF7FBF8E0B9114BA4F1480B029309
:107BB000DAF810303246CDE9008329464FF0FF3322
:107BC0005846AAF5E2791CF041FD60B978230122FC
:107BD00003FB079383F86C20DAF80C300BB158469E
:107BE0009847783417B105B0BDE8F08F0127D6E784
:107BF000E70004001FB5144690B18AB1012912D1E3
:107C00000A4B00F1F0010293D0F8D43148320193CD
:107C10004FF0FF33204600931CF018FD04B010BD58
:107C20006FF01500FAE70020F8E700BFE700040056
:107C30002DE9F04387B00E46DDE90E811446DDE9FB
:107C400010251F4630B329B3DFF850C000F1F0090A
:107C5000002D08BF65469EB9CDE9034400F5E274E6
:107C6000204605962DF0E6FC03ABCDE900432A46FD
:107C70003B46414648461CF04BFF07B0BDE8F08349
:107C8000002241460E9248462A4607B0BDE8F0431E
:107C90001DF08EB86FF01500EFE700BF897B010083
:107CA000F0B504462B4A87B004AB0E4692E80300B9
:107CB00083E80300002C49D018461CF0A1FB0546C0
:107CC000B0B94FF0FF33E16C04F15407A163CDE983
:107CD000010000933846236D04F138022CF0A4FF14
:107CE000A06C28F02FFAC4F8BC0020B96FF00B0587
:107CF000284607B0F0BDA06C28F024FAC4F8C000F4
:107D00000028F3D0236CD4F8BC10C4F890300423BE
:107D1000C4F89430C4F8AC300223E3620E4BB4F8DC
:107D20004820C4F88C10616C236204F18C03C4F801
:107D3000A070A4F89820C4F8B870C4F8A810A4F8EB
:107D4000B020C4F8A400A6612363D1E76FF0150545
:107D5000CEE700BF94820400DC83040030B500222B
:107D600089B00F490F482EF0A4FA4FF400320023D7
:107D70000024CDE906230E230B4DCDE903344FF447
:107D800000622846CDE90144084B094900941FF0E0
:107D900021FA084928462EF0CFF9204609B030BD17
:107DA000017F010040410020B83C00203D820100DD
:107DB000009D00209FB604002DE9F04704460746C9
:107DC0004FF00109DFF8508014B93846BDE8F0875C
:107DD00094FAA4F5B5FA85F509FA05F32E0108EB36
:107DE00005156FEA030A24EA03042B7B002BEBD072
:107DF00058F806301B694BB946447368042228467C
:107E0000196807EA0A0728F005FADDE728469847C7
:107E10000028D9D1F0E700BFA88104002DE9F04780
:107E2000DFF8BC902F4C8046A9EB04038F2B0F4644
:107E30000BD92D494FF4A7732C4A2D4827F09EF9F2
:107E40004FF4A771294827F090F92A4828F0C6F97D
:107E5000064678B300252846BDE8F087237B83B12A
:107E60002368DB680BB120469847636883F806A057
:107E700023681B69B3B9636804222046196828F097
:107E8000C9F9013610344C4518D91B494FF4AD736C
:107E9000164A174827F072F9184827F06FF94FF47F
:107EA000AD71CFE7204698470028E4D00AFA06F3E0
:107EB0001D43E6E705464FF0010AE4E7CED3B8F1EB
:107EC000000FC8D0002DC5D02846FFF775FF054626
:107ED000002FF7D000214FF4A47020F059F8F1E7FB
:107EE000C8810400A8810400D4B60400A7B6040029
:107EF00013AD0400584F002004B70400B7B10400CC
:107F000001481DF05BBF00BF00310020014B53F85A
:107F1000200070471C84040008B5034608462BB1B6
:107F2000044A136000F0AEFD002008BD6FF015009C
:107F3000FBE700BF5029002010B5044C237813B98B
:107F400003481DF03BFF0123237010BD517D00202D
:107F50000031002010B50446094828F03FF93CB133
:107F6000084BD3E8EF1F0139C3E8E21F002AF8D11C
:107F700005482EF0AAF9BDE8104004481DF01EBFC8
:107F8000504F0020544F002040410020003100207D
:107F900000200146034BD3E8EF0FC3E8E21F002A9D
:107FA000F9D17047504F002070B5FFF7F1FF05463B
:107FB0000F4C104EB44219D90F4940F20E230F4A0C
:107FC0000F4827F0DBF80F4827F0D8F840F20E21D1
:107FD0000A4827F0CAF863685B792BB123685B68AD
:107FE00013B12946204698471034E3E7F3D370BD18
:107FF000A8810400C881040004B70400A7B60400E7
:1080000013AD0400B7B1040010B5044C0449204678
:10801000FDF7A6FB034B1C6010BD00BFA02E002087
:1080200008840400444F00200023154A10B5137043
:10803000144A4FF400411360134A14481360FFF7C9
:108040006BFFFFF7E1FF124B124918468B4215D91F
:10805000114940F22913114A114827F08FF81148AD
:1080600027F08CF840F229110C4827F07EF81A1AF4
:108070005C681211013222711033E7E7F7D310BDAB
:10808000527D0020504F0020544F0020D9010400A1
:10809000A8810400C881040004B70400A7B6040046
:1080A00013AD0400B7B104000146002200230148CB
:1080B000FDF788BBA02E00200148FDF79FBC00BF44
:1080C000A02E0020024B01461868FDF71FBD00BF1F
:1080D000444F00200148FDF78BBD00BFA02E0020BB
:1080E00070B52F4B1878002859D0FFF7E5FF0546EB
:1080F000002844D12B4B2C4C1B68002B19DD2EF093
:1081000091F84FF47A72A0FB020302FB0131C30B1A
:1081100043EA4143D4E900209B1A40F2E9324FEA96
:10812000D13161EB0001934271F1000101D3FFF7FE
:108130003BFFD4E9003213F57A7342F10002C4E93F
:108140000032BDE87040FFF7C5BF63685B7923B1BB
:108150002368294620461B6898471034B44211D939
:10816000124940F20223124A124827F007F8124837
:1081700027F004F840F202210D4826F0F6FF0F4CDC
:108180000F4EEBE7E1D32846FFF79CFF0D4BD3E8FA
:10819000EF1F0139C3E8E21F002AABD0F7E770BD3B
:1081A000517D0020504F00203841002004B70400CA
:1081B000A7B6040013AD0400B7B10400A881040001
:1081C000C8810400544F002070B5154D297829BB93
:1081D0000120FFF723FE134C134EB44217D9134965
:1081E00040F2C713124A134826F0C8FF124826F07F
:1081F000C5FF40F2C7110E4826F0B7FF63685B79F0
:108200001BB1236820469B6898471034E5E7F5D3F7
:10821000FFF766FF0028FBD101232B7070BD00BF64
:10822000527D0020A8810400C881040004B7040026
:10823000A7B6040013AD0400B7B104002DE9F04760
:10824000304B314FFB1A1B090BD1304940F2AB3395
:108250002F4A304826F092FF40F2AB312C4826F0EE
:1082600084FF00210846FFF7D9FD044650B340F2D1
:1082700067684FF000092FF039F9274B274A1B5840
:10828000136033B1264B1B68092B02DD25481DF016
:1082900095FD0025DFF88CA044B12046FFF78CFD4A
:1082A000044618B94FF0FF384FF0FF39FFF718FFB9
:1082B000064628B95DB942464B4650461DF002FEBF
:1082C0003546E9E74FF0FF384FF0FF39D3E70D4D62
:1082D00008E0F0D22B689B691BB1002228461146AA
:1082E00098471035BD42F4D90F4940F29F33084AF0
:1082F000084826F043FF0D4826F040FF40F29F312A
:10830000ACE700BFA8810400C881040025B70400C1
:10831000A7B6040013AD0400080000004C4F002075
:10832000544F00200031002004B70400B7B104000E
:1083300013B52C4827F052FF2B4B1B78002B35D060
:10834000EFF31184202383F31288BFF36F8F274844
:1083500020F04AF968B98823254A2649264826F09C
:108360000DFF2249254826F009FF8821204826F0E4
:10837000FCFE1E4820F05CF9FFF7B2FE1B4820F01F
:1083800041F968B940F23113194A1D491A4826F0DB
:10839000F5FE16491B4826F0F1FE40F23111E5E7E3
:1083A00084F31188BFF36F8F02B010BD164B1B68AA
:1083B000002BF9D050B9002200231448CDE9002346
:1083C0004FF40042002320F071FCEDE70928EBD1C7
:1083D0000E482DF07AFF0E4802B0BDE810401DF0A7
:1083E000EDBC00BF544F0020527D0020484F0020BC
:1083F000F1B004001EB1040013AD040033B1040059
:1084000049B1040060B104004C4F002040410020FD
:108410000031002010B5064B04461B6898472146E2
:10842000A0600448FDF792FABDE81040FFF780BF56
:1084300050290020A02E0020044A054B9B1AB1EBC6
:10844000D30F34BF52F8310000207047807F040002
:10845000A88104002DE9F04F8FB0C1F34A2804AF82
:108460000D469146B8607B600C0DB8F1000F68D0E6
:1084700000264FF0040B4FF00A0A07F11403C7F867
:108480000C80C7E907667E620193CDF808B0CDF88D
:1084900000A007F11C0332464846F968FCF704FFC8
:1084A000B0F5006F03461CD36C468AB0D9F80410AF
:1084B00004AB2C481A46C3E9050140F2FF71D961AB
:1084C0004FF400711984284B42F8103F4FF41251B9
:1084D00033462648FFF7BEFFA5462C37BD46BDE80C
:1084E000F08FC0F30A0804F11700184420F00700C9
:1084F00080083B60FFF7D8FD68F35325044640B37E
:108500003B6800F11001C7E9083607F11403F9616F
:10851000CDE900A3CDF808B04846154AF96807F13F
:108520001C03FCF7C1FE002813DA124912484FF46D
:10853000A373124A26F022FE4FF4A3710F4826F0CF
:1085400014FE04F1170020F007008008FFF7ACFDCF
:10855000044668F353252A4620467B68B96827F00D
:1085600078FEBAE74EB7040004000001C88004009A
:1085700027020400BAB7040013AD04008DB704004D
:108580002DE9F04F87B00446DDE9106ADDE9127984
:1085900093469846039127B33B465246102100204C
:1085A000CDF80090CDF81490FCF762FC051E0BDAB4
:1085B000264940F26513264A264826F0DFFD40F2A0
:1085C0006511234826F0D1FDB5F5006F0ADB40F2B6
:1085D000FF730221204A214807B0BDE8F04F27F081
:1085E00091BE3D4606F11700284420F007008008A0
:1085F000FFF75AFD04F007040BF0070BE40044EA10
:108600008B1444EA452444EA06540646A0B19FB1BF
:108610003B4652462946CDF800901030FCF728FC26
:10862000002809DA09494FF4C473094A094826F0B9
:10863000A5FD4FF4C471C4E7434622463046039972
:1086400007B0BDE8F04F27F004BE00BFB9B7040083
:108650008DB7040013AD0400C3B70400C880040044
:10866000406820B1034BC01A40F3CF0070474FF071
:10867000FF307047807F04000EB403B503AB53F89E
:10868000042B01460448019303F010FF02B05DF88B
:1086900004EB03B0704700BFB9860100CA0605D4D9
:1086A0008B064CBF02490349FFF7E6BF704700BF86
:1086B00036B20400359C040038B54B6805461A688C
:1086C000CB680C469A4202D1084627F03FFE636809
:1086D000D3E8EF2F511CC3E8E01F0028F8D1A368AE
:1086E0009D5463681A68E3689A4209D905490648A7
:1086F0007223064A26F042FD7221044826F035FD19
:10870000002038BD2AB8040013AD0400FBB70400F4
:108710002DE9F04F89B09B46149B9DF84CA0069321
:10872000159B04460593169B0D469046179E049391
:10873000BAF1000F00F0AD80BAF1040F0BD9A349D4
:1087400040F24623A24AA34826F018FD40F24621F3
:108750009F4826F00AFD06F48073079327F058FD22
:1087600006F00209024600283FD020469A49FFF74A
:1087700083FF0746B9F1000F08D016F0440F36D139
:108780002A4620469549FFF777FF074406F0010384
:1087900053B1934B204653F82A20924B9249002A1A
:1087A00008BF1A46FFF768FF06F48073002B4AD013
:1087B00006F00803002B64D1B8F1000F67D04246E1
:1087C00020468A49FFF758FF0546069B3D44002B8B
:1087D0006ED1049B002B40F08380F30700F1F08002
:1087E00031462046FFF75AFFE4E00746C2E7804BD8
:1087F00018680028C9D07F4B4FF47A791B684FF076
:108800003C0CB5FBF3F5B5FBF0F14FF4616300FBF5
:10881000115509FB05F5B1FBF3F2B5FBF0FE03FBC7
:10882000121100FB1E55B1FBFCF309FB05F5B5FB6E
:10883000F0F50CFB131120460091CDE901E56E49DE
:10884000FFF71AFFA1E706F00803EBB16B4B2046D8
:1088500053F82A206A49FFF70FFF0546B8F1000FC9
:1088600005D0424620466149FFF706FF0544BBF1AB
:10887000000FAAD05A4620466249FFF7FDFE054484
:10888000A3E74FF0000BE1E706F00805E6E74546F1
:108890009BE7BBF1010F069B06D1DBB9049B002BC4
:1088A00000F0888000251BE0002BF7D0564812E02E
:1088B00056482246069B564926F0F0FB00280CDA63
:1088C00054494FF42873424A424826F057FC4FF46B
:1088D00028713DE74D485546EBE7049B002B65D0DA
:1088E000DFF83481DFF83491049F3146102F2046A1
:1088F00028BF10274FF0000BFFF7D0FE5D4542DC8C
:10890000059B494620461A78FFF7B6FE4FF0010B4B
:108910001BF0070F03D141462046FFF7ADFE5F4530
:1089200038D9059B4946204613F80B20FFF7A4FED3
:108930000BF1010BBBF1100FEAD14FF0000B2046F9
:108940003749FFF799FE5A46059B20469A5CA2F1EB
:1089500020015F2928BF2E223249FFF78DFE0BF13F
:10896000010BBBF1100F1AD01BF0070F03D14146CA
:108970002046FFF781FE5F455A46E5D8414620462E
:10898000FFF77AFEEBE741462046FFF775FE0BF155
:10899000010BB3E720462449FFF76EFEC8E7059BAD
:1089A0003B440593049BDB1B04939DD1BAF1000F5C
:1089B0007FF413AF204609B0BDE8F04F27F0C6BCE6
:1089C0002046084A0849FFF757FE09E75FB8040048
:1089D000FBB7040013AD04006AB804006EB80400CD
:1089E0002C8404005AB80400D5D8040093B80400BD
:1089F000604F00205C4F002077B8040040840400E2
:108A000097B804009DB8040067030400B98601000C
:108A1000ADC40100A2B8040063380500ABB804007F
:108A2000B1B80400B3B804006138050042F20F7316
:108A300073B58B4228BF0B4605680446052168467E
:108A40000D4A25F04FFC0646636828460B225B68FA
:108A50000A4927F06DFC63683246694628465B6820
:108A600027F066FC63681B2228465B68044927F0F0
:108A70005FFC02B070BD00BF16030500D2B8040051
:108A8000B6B8040000210123064A904206D8064ADF
:108A900001B901231360054B18607047012140089C
:108AA0005B00F2E740420F005C4F0020604F002067
:108AB0000122014B1A707047537D0020014B0020AA
:108AC00019607047784F00200148FFF7AFBF00BF23
:108AD0007084040010B5064B0C461868FFF716FAB0
:108AE0002146BDE8104003460F220248184700BF48
:108AF000784F0020708404000122F8B5084B094D1E
:108B0000094E1A70D5E900470CB92C60F8BD214612
:108B100030463A4600F01EF8241A0644F4E700BF37
:108B2000547D00206C4F0020557D002010B9074B6C
:108B300018707047064B1B781BB141F288302DF03E
:108B4000DAB9A42000211FF023BA00BF537D002012
:108B5000547D00202DE9F04780460E460424DFF8BE
:108B600074901D4F99F80050A5B92CF0A1FD324624
:108B70008246414628461CF061F9054650462CF0D5
:108B80009FFDE5B101233B7099F8003073B9304681
:108B9000BDE8F0873246414600201CF04FF90546FB
:108BA000EFE72046651EFFF7C1FF2C4600201CF0B2
:108BB00089F90028EBD03B78002BF2D1E7E73B782E
:108BC000002BE4D0013C2046FFF7B0FF3B78002BA0
:108BD000C8D1DCE7547D0020537D0020F8B50D4658
:108BE0000446064F4618B44201D12846F8BD14F891
:108BF000011BBB680148DB699847F4E7087704006C
:108C000010B543681C6809482DF079F948B908493E
:108C100008489923084A26F0B1FA9921064826F017
:108C2000A4FA23685B685C6010BD00BF087704008D
:108C30004CB9040013AD04000EB90400014B0360ED
:108C400000207047B484040070B5104B0D461C68BA
:108C5000B4B10F4B196800238B4202DB6FF00100A7
:108C600070BD224612F8106B864202D014460133C2
:108C7000F2E7E0682DF043F928B100202C60EFE71F
:108C80006FF00C00ECE76FF01200E9E7582A0020C3
:108C90005885040010B5436888B0029383680C4679
:108CA000CDE9033200230A68C068CDE906230549EF
:108CB00001AA05932AF00EFC079808B9059B2360CA
:108CC00008B010BD4505040010B504460121034A53
:108CD000034827F00EFB0020606010BD80B904003F
:108CE000A07F0400F0B58368054687B0002B65D0EF
:108CF000D0E90467016A33448B4211D982699342F7
:108D000051D8C06803AA39442AF0E0FB044628B3CE
:108D100003463C4A01213C4827F0F4FA002C2CDBA6
:108D20006A6AAB68B3FBF2F402FB14343CB1286806
:108D3000141B224695F8281018442EF0AFFAAB68A1
:108D4000E8682A683E44234481684C683146A0475D
:108D5000044658B32D4A0346009612E0E868DDE960
:108D6000031283689B689BB96FF057030121284A5F
:108D7000254827F0C7FA6FF05704AB6800932346E5
:108D8000244A0121204827F0C7FA204607B0F0BD49
:108D90009847044610B11E4A0346BBE72B6A049A63
:108DA00013442B62BCE76FF02104E6E7EB695BB983
:108DB0002B69AA6813442B610023AB600024E4E70D
:108DC000135DDB4313550134AB682A68A342F7D81F
:108DD000E86881680C683146A047044630B1034614
:108DE0000D4A0121084827F08DFACEE73246EB699B
:108DF000A9682868984704460028D9D0074A03463E
:108E0000EFE700BFA0B90400A07F040009BA040086
:108E1000C1B90400DDB904002DBA040043BA04004E
:108E20002DE9F3470E46DDE90AA891461F460446A0
:108E300080B179B172B18B680846DB6898470368E6
:108E4000B7FBF3F203FB12724AB11F4A01211F481C
:108E500027F04FFA6FF00D0002B0BDE8F087BAFBC3
:108E6000F3F203FB12A20AB1194AEFE7B8F1000FBF
:108E700004D0B8FBF3F503FB15850DB1154AE5E702
:108E8000C4E90097C4E905A8E6602561A560036808
:108E90006A4663620C9B1049C4E907354379304642
:108EA00084F82830CDE900752AF014FB019A0AB93C
:108EB0000A4ACBE7D4E905310B449A4201D2084A69
:108EC000C4E72846C8E700BF57BA0400A07F0400E3
:108ED0008EBA0400A2BA0400BB050400B4BA0400B0
:108EE000D0BA040010B504462AF00AFA10F1780F3F
:108EF00000D050B9204627F0B2FB044AD2F8C43063
:108F000023EA00030020C2F8C43010BDA84F00209F
:108F10002DE9F04705460E4617461B4CDFF86C80DE
:108F2000DFF86C90444529D91A494FF4BB631A4ABB
:108F30001A4826F023F91A4826F020F94FF4BB61AD
:108F4000154826F012F96268D9F824309A4213D3F2
:108F5000A3698BB1A9889078C9B2884205D13A46F5
:108F600031462846BDE8F04718475279012A03D117
:108F70003A463146284698472434D3E7E3D36FF086
:108F80008500BDE8F08700BF94340020DC34002069
:108F9000A84F002035BB040003BB040013AD040040
:108FA000B7B104002DE9F041154B164F5E6A164B20
:108FB000BB421FD9154940F2BB53154A154826F04C
:108FC000DDF8154826F0DAF840F2BB51104826F0DB
:108FD000CCF85C68B4420BD31D694DB194F802C063
:108FE0008488E4B2A44503D12B46BDE8F04118477C
:108FF0002433DDE7EDD36FF08500BDE8F08100BFDD
:10900000A84F0020DC3400209434002035BB04003D
:1090100003BB040013AD0400B7B104000022024BEF
:109020001A605A60704700BF635000202DE9F0417C
:1090300005460E461746124CDFF8488044451AD9BB
:1090400011494FF4C163114A114826F097F81148AD
:1090500026F094F84FF4C1610C4826F086F8636955
:109060000BB92434EAE73A463146284698470028A7
:10907000F7D1BDE8F081F2D36FF08500F9E700BFCA
:1090800094340020DC34002035BB040003BB040012
:1090900013AD0400B7B10400430670B520D0134BE4
:1090A000134CA3421ED913494FF47D73124A13483F
:1090B00026F064F8124826F061F84FF47D710E48EE
:1090C00026F053F80022196A1E7F0439D5B2AE4249
:1090D00001D82433E5E7013211F832508542F5D149
:1090E000012001E0EED3002070BD00BF94340020C9
:1090F000DC34002035BB040003BB040013AD0400C6
:10910000B7B10400F7B584880F46E4B220468DF865
:109110000740FFF7C1FF054680B114F07F0F0E4EE8
:1091200002D096F8BA30ABB1204657B10FF0E8FE46
:10913000F3691BB108200DF107019847284603B0D9
:10914000F0BD0FF00FFFF369002BF7D009200DF1F0
:109150000701F2E71D46F1E7A84F002008B50948CE
:109160000378C3F341130A3350F823303BB100F1C5
:10917000080200F110019847C043C00F08BD18460F
:10918000FCE700BFA84F002004282DE9F14F04465A
:109190000F46DFF8D0901AD0012831D1DFF8C8800F
:1091A00098F8B93063B300F03FFE304D4D4537D9E4
:1091B0002F4940F2C2432F4A2F4825F0DFFF2F48A6
:1091C00025F0DCFF40F2C2412A4825F0CEFFFFF730
:1091D00025FFE3E70BEBC60630792AF091F802464B
:1091E000307927F03CFAD8F8C430002A23EA00038B
:1091F000C8F8C4300AF1010A17DA002388F8B93038
:109200001A4D4D4520D91A4940F2EE43194A1A48E1
:1092100025F0B4FF194825F0B1FF40F2EE41D3E745
:10922000EBD24FF0000AD5F820B02B7F5FFA8AF618
:10923000B342CFD82435B9E7EB681BB13A46214693
:10924000284698472435DCE7F6D3074B1B6A2BB139
:109250003946204601B0BDE8F04F184701B0BDE8DF
:10926000F08F00BFDC340020A84F00209434002091
:1092700035BB040003BB040013AD0400B7B1040008
:1092800073B586781E4C8DF800600379427943EA05
:109290000223ADF80230C378304603F003038DF8A3
:1092A000043027F0DCF9D4F8C430054618420BD05E
:1092B000304600F09BFD3046FFF714FE2CF036FFE1
:1092C00010B996201EF0A8FE68460FF0EBFD10F1D5
:1092D000780F03D010B1002002B070BD9DF80000DF
:1092E0000FF07CFE10F1780F01D00028F3D101209F
:1092F000D4F8C43084F8B9002B43C4F8C430EBE789
:10930000A84F00202DE9F047A44D0446AB690E4656
:109310001746C3B9207800F01F00012877D0022833
:1093200000F0DE8000BB94F900103A6800296378F1
:109330002EDA062B0CD0082B25D0ABB953700123A5
:109340001370022306E198470028E3D100200DE0C6
:109350006388190A0A1F012A8C4605D9072903D8F0
:10936000DAB26B6A1C781CB96FF01500BDE8F087A3
:109370005D78654503D1824200F0E78001302344E7
:10938000F0E71B78E6E095F8BA3013700123E1E0CE
:10939000052B11D0092BE7D163886E6A002B33D1DE
:1093A000FFF73CFE638885F8BA30EB69002BCDD01F
:1093B00003207B499847C9E76088C0B20FF018FDC9
:1093C0000028C3D0D0E77378042B10D0052B11D020
:1093D000022B04D177796388BB4208BF0120337820
:1093E0001E443378002BEED10028BDD0D8E796F884
:1093F0000380F4E76388BB42F1D1B8F1000FEED1EE
:109400003046FFF73DFFEAE7FF27B846E9E795F862
:10941000BA30D7F800C0002BA6D06F6AA2883B46AE
:109420005FFA82FE187800289ED05978022904D16C
:1094300093F80480F04500F28F800344F2E78CF843
:1094400000308CF80130316080E71F4490E00B2B36
:109450008AD100264FF0FF08B246C14606E07B786D
:10946000042B0FD0052B21D03B781F443B78002BD9
:10947000F5D1EB6913B1514607209847002E7FF4D0
:1094800065AF71E797F80280A38897F80390984535
:10949000EAD163889945E7D1B8F1070F1DD805EBEC
:1094A0000803BA46012683F8BB90DDE7A38843454D
:1094B000DAD16388DBB24B450AD0BE78304600F083
:1094C00095FC3046FFF70EFDB0FA80F67609CBE743
:1094D0003846FFF7D5FE0646C6E7BA460026C3E77C
:1094E00094F900206378002A19DA002B7FF43CAF4E
:1094F000A4883F68E4B22046FFF7CEFD00283FF481
:1095000033AF630604D095F8BA30002B3FF42CAF8C
:10951000394620460FF046FD00237B7011E7012BF2
:1095200008D0032B7FF420AF6388002B7FF41CAF9F
:10953000012103E0618800297FF416AF2046FFF780
:10954000E1FD00287FF402AF0EE702293B607FF4C3
:1095500018AF5B883360F9E694F90000637800285F
:10956000BFF675AF002B3FF46AAF0A2B7FF4FCAE59
:109570003B78002B3FF4F8AE797804297FF465AF8F
:10958000B9788A427FF461AF072A8EBF002352194F
:1095900092F8BB308CF80030F8E600BFA84F0020EE
:1095A0006250002013B5164C237DF3B9E26801AB7D
:1095B0008020A168019227F061F8019AA368134402
:1095C000A360E3689B1AE3606BB962B12369E28828
:1095D0009A4208DD94F8C82093FBF2F102FB1133A4
:1095E0000BB90123237502B010BD002380201A4659
:1095F0001946237502B0BDE810400FF019BD00BF39
:10960000A84F0020002330B585B002460D460193D7
:10961000002858D1002935D108220B460DEB020154
:1096200029F087FE002804DA80200FF069FC05B0DD
:1096300030BD304C029AC4E903552260039ABDF84C
:109640000E30626004F13802A2609DF90820257591
:10965000002A0ADB802B04D980200FF051FC002067
:10966000E3E713B1C4E90333E1E7FFF777FD00282F
:10967000DAD0E28823699A42D4BFE260E360FFF760
:1096800091FFD4E71B4C01ABD4E90215002D04DC9B
:1096900029F04FFE0028CADAC6E72A4629F049FE1B
:1096A0000028D9DB019AA3681344A360E3689B1ADE
:1096B000E360002BBBD104F13803A360FFF74EFD3C
:1096C0000028DCD1B0E7802807D10A4BDA68002AED
:1096D000D5D11B7D002BD2D1A9E7074907484FF40C
:1096E000C573074A25F04AFD4FF4C571044825F0BB
:1096F0003CFD00BFA84F0020821E050013AD0400F2
:1097000003BB0400054B064A58629A62054A0020D2
:10971000DA62054A1A63054A9A617047A84F002029
:1097200005930100A58F01002D900100118F01000C
:109730002DE9F34104464F4D4FF0FF334FF0FF3218
:109740004D481CF027F895F8B830002B40F08C807D
:109750006B6A83B149482C62E8616E6A0FF0AAFD1A
:109760000FF014FB041E10DA43481CF0E3F8204607
:1097700002B0BDE8F08100F0D5F8FFF7C3FF6B6AD7
:10978000002BE7D14FF0FF34EEE700F06FFB041E33
:10979000EADB7378012B6AD1F379002B67D00026BE
:1097A000684685F8C830ADF802308DF804608DF851
:1097B00000600FF077FB041ED6DB802768468DF82B
:1097C00000700FF06FFB041ECEDB30462C490FF00B
:1097D0005DFD041EC8DB384629490FF057FD041E05
:1097E000C2DB284CDFF8A080444521D927494FF43B
:1097F000C363274A274825F0C1FC274825F0BEFC53
:109800004FF4C361224825F0B0FC0026276A227F6E
:10981000F3B29A4201D82434E6E707EBC30257F8C3
:10982000331010790FF032FD01360028EFD0A9E790
:10983000EBD300200FF0D2FB041E95DBD5F8C4302B
:10984000802043F00103C5F8C4300FF0C7FB041EAD
:109850008ADBD5F8C430002443F48033C5F8C43023
:10986000012385F8B8307FE76FF077047CE76FF06D
:10987000150479E7A84F00208C3000208991010061
:109880000596010094340020DC34002035BB040030
:1098900003BB040013AD0400B7B1040030B51F4B87
:1098A0008BB005AA03F110051446186859680833EF
:1098B00003C4AB422246F7D11B781022237000214B
:1098C00001A82DF0EBFC1222002115482DF0E6FC3A
:1098D000102101A829F0F5FE00281BDD0828B8BFDB
:1098E000082001AB09381A1800200D4912F8013F71
:1098F0000AAC04EB131403F00F0328336B4414F881
:10990000144C13F8143C013008280C704B7001F112
:109910000201EBD102480BB030BD00BF58BB0400C0
:10992000677D00202DE9F04F884B87B093F800B099
:10993000BBF1000F03D0864807B0BDE8F08F844C20
:1099400000264FF0011AB0463546B14623783BB9A0
:10995000804B02349C42F3D101237C4A1370EAE726
:109960006378052B2DD8DFE813F0AA000600EE007F
:10997000AA002F005700402304A88DF810B0ADF8BE
:1099800012308DF814B00FF061FAB8B1082304A8B2
:10999000ADF812300FF05AFA80B16F4940F28F13D0
:1099A0006E4A6F48ADF812B025F0E8FB6D4825F01F
:1099B000E5FB40F28F11694825F0D7FBBDF8123066
:1099C000E37123781C44C1E7E378002BF9D1A37835
:1099D000EBB9654D03E06B689C4213D02435634BB3
:1099E0009D420CD962494FF49B735C4A5C4825F058
:1099F000C5FB604825F0C2FB4FF49B71DBE7EAD35F
:109A0000002099E7AB6813B141462046984708F11A
:109A100001085FFA88F8D4E7002DF1D000222B7FEF
:109A20009A42EDD2296AA07801EBC2010B799842E3
:109A300001D00132F3E70127E078FBB200F0030028
:109A40008DF81400207994F805C040EA0C20ADF898
:109A5000120094F90200002826DA4FF0010C07F1F9
:109A600010000CFA00F010EA0A0F24D143F0800035
:109A70008DF8100004A8CDE9021301920FF0E6F969
:109A8000DDE90121039BB0B99DF8102012F0800F91
:109A9000A2700A714FF001021DBF1033DBB29A4071
:109AA000BA404AEA020A8CE70120B84010EA0A0FDD
:109AB00001D11846DCE70137102FBDD1B9E7032EDD
:109AC0001AD1FFF7EBFE074650B1F8F779F90246D5
:109AD00030B11028A8BF10223946A01C2DF0B7FBCA
:109AE0006FF002002378001BE11804EB5303C84217
:109AF00013D50136F6B264E7002EF1D1B9F1000FAB
:109B00003FF47EAFA4EB090389F80230C3F30723C7
:109B100089F8033089F80480EBE71A78203A5E2A46
:109B20000AD91549CB230D4A0D4825F027FB1348C8
:109B300025F024FBCB213EE701F801BC13F80129F5
:109B400001F8022DD3E7A1463BE700BF667D002068
:109B500074330020933400209FBB040069BB0400D1
:109B600013AD0400A8BB040094340020DC340020B2
:109B700035BB0400B7B10400CFBB040006BC040031
:109B8000094B00211A4610B51C78844205D15C6847
:109B90001CB1482303FB012010BD0131042903F14E
:109BA0004803F1D10020F7E7745000202DE9F3417C
:109BB00050F8303C0446103310F8346C0AD1036975
:109BC00050F8282C980736D5D2B9590715D5002357
:109BD00044F8303C54F8303C10330BD054E909754C
:109BE00054F81C8C2CF0A2FA00284FD021462E48A5
:109BF0002CF08CFA02B0BDE8F08143F0040323613D
:109C0000304654F82C1C01AB26F038FD10B16FF033
:109C10001503DDE7019A54F82C3C134444F82C3C1E
:109C200054F8283C9B1A44F8283C54F8243C13442C
:109C300044F8243CCEE7304654F82C1C01AB0FF01E
:109C400081FA0028E3D1019D54F82C3C2B4444F8C0
:109C50002C3C54F8283C5B1B44F8283C54F8243C2A
:109C60002B4444F8243C002DB1D030460FF028FBA3
:109C7000B5FBF0F303FB1055002DA8D154F8283C98
:109C8000002BA4D030460FF0B3FAA3E744F8200C21
:109C9000A4F118001CF092F8002DABD042463946D2
:109CA0003046A847A6E700BF784100204B1E012B95
:109CB00073B506460D460FD8FFF762FF044668B934
:109CC000012D09D101AB012230460DF103010FF046
:109CD00039FA019B002BF5D102B070BD2CF026FAA9
:109CE00004F1340108B1012D05D1084602B0BDE8E8
:109CF0007040FFF75BBF034802B0BDE870402CF036
:109D000005BA00BF784100202DE9F74F804617467D
:109D10009946009126F0FBFC044600285CD1EFF345
:109D2000118B202383F31288BFF36F8F2C490022FD
:109D30000846002301911CF0C5F8019968B9482232
:109D40006243DFF8A0A00AEB02056E6816F1100F5F
:109D500012D108461CF032F806E00134042C01F15F
:109D60004801E4D16FF00B068BF31188BFF36F8FBE
:109D7000304603B0BDE8F08F0AF802800C9A009BD1
:109D80006A610D9A2861AA616FF00F024046C5E929
:109D90000237C5F844906A600FF092FA58B1404615
:109DA0000FF08EFAB7FBF0F202FB10771FB16A6C6E
:109DB00042F004026A6419F0020F08D0482202FB44
:109DC00004A1094834312CF0A1F90026CCE7404623
:109DD0000FF00EFA0646C7E76FF00F06C8E700BFA0
:109DE00090500020745000207841002010B5EFF30F
:109DF0001184202383F31288BFF36F8FFFF7C0FE17
:109E000050B14368103307D16FF08B0300F1340178
:109E1000436004482CF07AF984F31188BFF36F8F04
:109E200010BD00BF78410020F8B5042520270D4C57
:109E3000EFF3118687F31288BFF36F8F63681033D7
:109E400007D16FF08B030848636004F134012CF0F4
:109E50005DF986F31188BFF36F8F013D04F148046B
:109E6000E6D1F8BD745000207841002070B500257F
:109E7000094C0A4E314620461CF022FB0122A4F177
:109E80001800114601352CF0DCF8042D04F14804CB
:109E9000F0D1002070BD00BFA8500020AD9B010094
:109EA0000123016981F84B300B6833B191F84930D7
:109EB0001BB1024808312CF029B9704778410020C5
:109EC0000123016981F84A300B6833B191F84830B9
:109ED0001BB1024808312CF019B9704778410020B5
:109EE00070B50569EFF31186202383F31288BFF361
:109EF0006F8FD5F89000FCF7F5FF044686F31188C4
:109F0000BFF36F8F30B100220023034805F1180121
:109F10001CF03EFE204670BD78410020012370B544
:109F200082F8483013680D4614463BB192F84A3027
:109F300023B10E4802F108012CF0E8F8D4F8903073
:109F4000DA885B899A4205D17DB904F1180140F69F
:109F5000CD4204E004F11801002DF8D00022BDE844
:109F60007040002301481CF013BE70BD78410020F2
:109F700070B50E4681880446C9B21548154626F0CC
:109F8000A3FB10B394F900206378002A16DB202B82
:109F900004D0222B0ED06FF085000AE02B681A68DF
:109FA00040F8102C9A8820F80C2C9B7900F80A3C79
:109FB000002070BD638800F8093CF9E7212BEAD145
:109FC0000723103828603360F2E76FF01200F0E7E3
:109FD00094510020014608B5034826F082FB10B1D9
:109FE000012300F8073C08BD9451002000210346DE
:109FF0000C4AA0F84810106883F89C10C3F894002D
:10A0000090889279A3F8980083F89A2083F89B109F
:10A010004022A3F89E1083F8A01003F14C002DF00D
:10A020003DB900BF28830400002310B50469C4F8BB
:10A03000A8300C4BC4F8A400596804F1A80269B90F
:10A04000C3E9002204F1080007491CF039FA04F1C1
:10A05000180006491CF070FD002010BD0A605A600F
:10A06000F0E700BF9451002039070400E1A001008F
:10A07000002373B5202504698DF8071084F8483053
:10A08000EFF3118685F31288BFF36F8F0122D4F8A6
:10A0900090000DF10701FCF725FF86F31188BFF34F
:10A0A0006F8F01280AD02CF041F810B994F8A13034
:10A0B0006BB9094B1A780AB901221A7021220023C0
:10A0C00004F1180105481CF063FD02B070BD0021C9
:10A0D00021201DF05DFFD3E7797D0020784100202D
:10A0E000F0B5D0F88C3005465B6885B01B6A1F7DE3
:10A0F000384626F00CFB064650BB95F886303BB33D
:10A10000A86F0146C38831F80A2F9B1A9BB2B3F59A
:10A11000806F28BF4FF4806303AA25F0D9FB044663
:10A12000B0B18306A5F1180385F830600193094B9F
:10A1300008BF00F1FF3422460399009338460223FA
:10A14000FFF7E2FDA86F224600F10A0125F0F6FBB9
:10A1500005B0F0BD1D9F010037B514460A1E054627
:10A1600021DDD4F88C0004F14C01FCF7BBFE012387
:10A1700084F8493023683BB194F84B3023B111483F
:10A1800004F108012BF0C2FFD4F88C209388918948
:10A1900012695B1A9BB2D31A3F2B04D8012384F8AF
:10A1A000A03003B030BD94F89E30002BF9D0064BA0
:10A1B0004022009328460123019404F14C01FFF74B
:10A1C000A3FDEEE77841002059A10100F7B50D4647
:10A1D00001461D4826F06DFA044610B3064656F8AF
:10A1E000A439691E5F6805291BD8DFE801F01C1A35
:10A1F000031C222610F8061C99B9012300F8063C1E
:10A200003B6A3246187BFFF7A7FF14F85C2C42B973
:10A210003B6A1146187D0D4B019600930223FFF710
:10A2200073FD03B0F0BD304603B0BDE8F040FFF76A
:10A23000DDBE012304F8053CF3E710F8053C002BD4
:10A24000EFD00023F6E700BF945100201D9F0100CE
:10A2500037B50024084D4FF0FF334FF48062284695
:10A26000064900941CF06AFB054928462BF064FF60
:10A27000204603B030BD00BF7841002000A500207B
:10A2800071BC04002DE9F0410C4B05461C680E46DC
:10A2900017467CB100F09AF963682046D3F8108025
:10A2A00032463B462946C047044600F099F920460D
:10A2B000BDE8F0816FF00104F9E700BF9C51002078
:10A2C00000230360044B5A6812B9C3E900007047C9
:10A2D00010605860704700BFA0510020014B18600B
:10A2E000704700BF9C510020002330B585B0CDE9F8
:10A2F00002330546019000F069F9094B1C6844B926
:10A30000284600F0EBF8044600F06AF9204605B054
:10A3100030BD636820461B6801A998472468EEE7B2
:10A32000A05100201FB5CDE90101039200F04EF9C4
:10A33000074B1C6824B900F053F9204604B010BD47
:10A34000636820461B6801A998472468F2E700BFAC
:10A35000A05100200022024BC3E90022704700BF39
:10A36000A05100200022024BC3E90022FFF7F2BFF8
:10A37000A85100202DE9F74307460C4609B10023F8
:10A380000B600026254DDFF898904D4524D92549CE
:10A390009D23254A254824F0F1FE254824F0EEFEB1
:10A3A0009D21214824F0E1FED5F800803846414641
:10A3B00001AA26F0A7FA50B116B954B92E4606E004
:10A3C00000224046316826F09DFA0028F5D1183564
:10A3D000DBE7019B2360F1E7E6D3164B1D68C5B1AF
:10A3E00055F8188C3846414601AA183D26F08AFADD
:10A3F00050B116B954B92E4606E0002240463168E5
:10A4000026F080FA0028F5D1AD69E8E7019B2360CA
:10A41000F1E7304603B0BDE8F08300BFC881040017
:10A4200058820400B6BC040084BC040013AD0400D0
:10A43000B7B10400A85100202DE9F04784B002AF65
:10A44000D7F8289004460D46164698467860B9F12C
:10A45000000F07D0D9F8001031BBD9F804A0BAF129
:10A46000000F28D12046391DFFF784FF08B3D0F82C
:10A470000C904346324629467868C847C8B16D46B5
:10A480008AB002AA124BD061C2E905344FF40073BE
:10A490001384104B42F8103F00234FF411510E4823
:10A4A000FDF7D8FFAD4604E03A1D26F02BFA002850
:10A4B000D3D1002007E0D9F808303246009329466E
:10A4C00043467868D0470837BD46BDE8F08700BFEF
:10A4D000DEBC040004000001708104002DE9F04797
:10A4E00080464FF000470026DFF8C490DFF8C4A094
:10A4F0003D46314C4C4530D930494FF48973304A90
:10A50000304824F03BFE304824F038FE4FF4897187
:10A510002B4824F02AFE2F46EAE7B8F1000F03D1BA
:10A5200022694AB91834E5E700224146206826F03E
:10A53000E9F90028F4D1F5E76368BB4205DDAF42D5
:10A5400009D09D42A8BF1D46ECE7EBD19047002EF5
:10A5500008BF0646E6E71D46E4E7DED3DAF800402A
:10A5600004B3183CB8F1000F03D122694AB9A469B9
:10A57000F6E700224146206826F0C4F90028F4D10D
:10A58000F5E76368BB4205DDBD4209D09D42A8BF27
:10A590001D46ECE7EBD19047002E08BF0646E6E7E4
:10A5A0001D46E4E7AF42B6D13046BDE8F08700BFB4
:10A5B00058820400A8510020C8810400B6BC0400E1
:10A5C00084BC040013AD0400B7B104004FF0FF32A7
:10A5D0004FF0FF3301481BF0DDB800BF64300020AE
:10A5E00001481BF0A7B900BF6430002038B5094D01
:10A5F000FFF7ECFF2B783BB9FFF7B4FE00F06AF8E9
:10A60000044610B901232B700024FFF7E9FF204610
:10A6100038BD00BF7A7D00202DE9F0470646894607
:10A62000048FDFF8ACA0013498B0A4B200F10807A1
:10A63000651EADB2B5F5004F47D04A23294605AA9D
:10A64000384625F0C2FB04F57F543F34A4B280465F
:10A650002146012338460DF10B0225F0B6FBB8F177
:10A66000000F014610DC002810DC338FAB4209D10B
:10A6700032466B1E22F8383F4FF400410223384621
:10A68000FCF79AFE2C46D3E7002808DC294638461A
:10A6900025F097FB2146384625F093FBE5E708F1C6
:10A6A00060030DEB03080023524608F84C3C05A854
:10A6B000CDF8009003AB0397ADF81040FFF7BCFE58
:10A6C0000028DFD018B0BDE8F0870020FAE700BF0F
:10A6D000750904007FB50123694609200193FEF73F
:10A6E000B3FA044660BB092002AA01A925F04CFF79
:10A6F000044610B110F10C0F22D10399B1F5803F3F
:10A7000023D200231846009A9468084484421AD33E
:10A710000133082BF9D10E4DA982EB8253682846EC
:10A72000AB60D368EB6326F0BDF9044640B9094E2F
:10A7300028466E60FFF7C4FD28466E60FFF7CEFD29
:10A74000204604B070BD9BB2E5E76FF02004F7E748
:10A75000B0510020DC29002008B5054824F0F8FCA1
:10A76000044824F0F5FCBDE80840034824F0F0BCA0
:10A7700003BD040037BD04006ABD0400034B9B68A1
:10A780001BB1481E18BF012018477047F051002028
:10A7900010B51C46034B11461B680BB12246984767
:10A7A000204610BDF0510020024B5B6803B11847F2
:10A7B000704700BFF051002030B1044B02681A60AE
:10A7C00042685A6082689A6000207047F051002009
:10A7D00070B50E461546044686B00021182268461C
:10A7E0002CF05CFD0B490C4BCDE90116ADF80C507B
:10A7F00004932CB9694620460BF0A0FD06B070BD4D
:10A80000012220460BF05EFA0028F3D16FF015000C
:10A81000F4E700BFDC840400A9A70100014821F08F
:10A8200029B800BF2C85040038B5044618B90F4B71
:10A830000F485B6898476168B1F5683F10D0B1F583
:10A84000680F0DD00B4DA9420AD011F46861206841
:10A8500007D0014608481AF0BDFE0023236065605A
:10A8600038BD14222CF01AFDF9E700BFF42D0020AA
:10A87000F4BD04002C5F5CA9FC56002008B560B351
:10A880004368B3F5683F0ED0B3F5680F18D0144A8B
:10A89000934220D000684FF0FF324FF0FF331AF0A0
:10A8A00079FF58B115E001220368D3E8EF1F0029B2
:10A8B00003D1C3E8E02F0028F7D10AD1002008BD5A
:10A8C0000368084A1B7803F5807352F82330002B85
:10A8D000F4D00548F3E70548F1E76FF4E040EEE710
:10A8E0002C5F5CA900000350E98FFFFFEA8FFFFF98
:10A8F00008B520B34368B3F5683F09D0B3F5680FD6
:10A9000013D0114A93421DD000681BF013F814E0D5
:10A9100000220368D3E8EF1F012903D1C3E8E02F29
:10A920000028F7D109D0094808BD00210368084A6A
:10A930001B7803F5807342F823100020F4E76FF4CE
:10A94000E040F1E70348EFE72C5F5CA9E98FFFFFE8
:10A9500000000350EA8FFFFF10B5044618B91D4BE5
:10A960001D485B6898476368B3F5683F2FD0B3F51F
:10A97000680F2CD0194A934219D1236803BB4FF0BA
:10A98000FF324FF0FF33214615481AF097FD08B902
:10A9900023681BB90F4B13485B68984714220021AA
:10A9A00020682CF07BFC4FF46863636008E0B3F52B
:10A9B000683F0DD83A2B03D040F6BA629342DED1FD
:10A9C00020682BF005FB636843F03A03636010BD19
:10A9D000054AF3E7F42D0020F4BD04002C5F5CA9C8
:10A9E000FC5600201ABE04003A00003A08B5064999
:10A9F0004023142205482BF0D4FABDE8084004494E
:10AA0000044820F0FBBF00BFFC510020FC56002092
:10AA1000348504004885040010B558B9144940F243
:10AA20002113144A144824F0A9FB40F221111148C3
:10AA300024F09BFB03694BB9104940F225130D4AE2
:10AA40000D4824F09BFB40F22511F0E7186848B947
:10AA50000B494FF49373074A074824F08FFB4FF4D8
:10AA60009371E4E78368BDE81040DB69184700BFD5
:10AA700086BE040047BE040013AD0400C6E6040011
:10AA800009BF040010B558B9164940F21513164A0B
:10AA9000164824F073FB40F21511134824F065FBAF
:10AAA00003694BB9124940F219130F4A0F4824F0B9
:10AAB00065FB40F21911F0E7186848B90D494FF4E9
:10AAC0008D73094A094824F059FB4FF48D71E4E76E
:10AAD00083689B6913B1BDE8104018476FF05700B9
:10AAE00010BD00BF86BE040047BE040013AD0400C5
:10AAF000C6E6040009BF040008B548B90A49252381
:10AB00000A4A0B4824F03AFB2521084824F02DFB83
:10AB1000006938B907492623044A054824F02EFB6A
:10AB20002621F2E708BD00BF86BE040047BE040030
:10AB300013AD04008ABE04002DE9F04786B0064636
:10AB40000F46FFF7D9FF044600F10C05EFF3118A19
:10AB5000202383F31288BFF36F8F28461DF044FD36
:10AB600068B98823294A2A492A4824F007FB29463C
:10AB7000294824F003FB8821244824F0F6FA4FF0FA
:10AB8000000828461DF054FD236FD4F86090A3669A
:10AB9000C4E91833636F2846C4E91C88E3661DF0D6
:10ABA00031FD68B940F23113184A1C49194824F0A4
:10ABB000E5FA29461A4824F0E1FA40F23111DBE7C0
:10ABC0008AF31188BFF36F8FB9F1000F0ED04146A1
:10ABD000142201A82CF062FB042330460DEB030184
:10ABE0008DF80430CDF8089025F09AFF5FB1002170
:10ABF000142201A82CF052FB0323304601A98DF842
:10AC0000043025F08DFF06B0BDE8F087F1B00400F8
:10AC10001EB1040013AD040033B1040049B10400B7
:10AC200060B104002DE9F047884617461E46FFF73D
:10AC300063FF044600F10C05EFF3118A202383F330
:10AC40001288BFF36F8F28461DF0CEFC68B98823A9
:10AC5000244A2549254824F091FA2946244824F01D
:10AC60008DFA88211F4824F080FA28461DF0E0FC68
:10AC7000236F13BB236E002B0CBF4FF000096FF046
:10AC80000F090023C4E91833C4E91B3801232846FF
:10AC9000C4E91D7684F8B8301DF0B4FC80B940F2E8
:10ACA0003113104A1349114824F068FA2946124812
:10ACB00024F064FA40F23111D4E76FF00F09E0E7B5
:10ACC0008AF31188BFF36F8F206883689B6B03B191
:10ACD0009847206883689B6C03B198474846BDE855
:10ACE000F08700BFF1B004001EB1040013AD0400F2
:10ACF00033B1040049B1040060B104002DE9F04112
:10AD00000F461646FFF7F8FE044600F10C05EFF378
:10AD10001188202383F31288BFF36F8F28461DF01C
:10AD200063FC60B988231E4A1E491F4824F026FA96
:10AD300029461E4824F022FA882119480EE02846A8
:10AD40001DF076FC236F03BB636F4BB118491648A7
:10AD5000F523184A24F012FAF521164824F005FAD2
:10AD6000C4E91C761C4628461DF04CFC80B940F214
:10AD700031130B4A10490C4824F000FA29460F48B9
:10AD800024F0FCF940F23111D7E76FF00F04EAE745
:10AD900088F31188BFF36F8F2046BDE8F08100BFB4
:10ADA000F1B004001EB1040013AD040033B104007F
:10ADB00094BE040047BE040049B1040060B1040021
:10ADC0002DE9F04186B007461422002101A82CF09D
:10ADD00065FA0123384600258DF80430FFF78CFE14
:10ADE000044680F85850264620302BF06EFA56F86C
:10ADF0000C0B25F090FEEFF31188202383F31288CB
:10AE0000BFF36F8F30461DF0EFFB68B98823214AEE
:10AE10002149224824F0B2F93146214824F0AEF904
:10AE200088211C4824F0A1F930461DF001FC22695C
:10AE300062B930461DF0E6FBE8B188F31188BFF334
:10AE40006F8F6FF00D0006B0BDE8F081636930468A
:10AE50009B1AC4E90455A561029203931DF0D2FB2D
:10AE600048B188F31188BFF36F8F384601A925F0E8
:10AE700057FE2846E7E740F23113064A09490748DA
:10AE800024F07CF93146084824F078F940F2311179
:10AE9000C7E700BFF1B004001EB1040013AD040009
:10AEA00033B1040049B1040060B10400F0B587B0CB
:10AEB00006461422002101A82CF0F0F902233046A6
:10AEC0008DF80430FFF718FE054600F10C04EFF38F
:10AED0001187202383F31288BFF36F8F20461DF064
:10AEE00083FB60B988232B4A2B492C4824F046F970
:10AEF00021462B4824F042F9882126481AE02046B2
:10AF00001DF096FB296E51B920461DF07BFB0028F1
:10AF100031D087F31188BFF36F8F07B0F0BD6A6E31
:10AF2000914209D91F494D231F4A1C4824F026F994
:10AF30004D211D4824F019F9AB6E9A4207D21B49E6
:10AF40004E23194A154824F019F94E21F1E7DBD9AF
:10AF5000D01A04905B1A2046AA66029103931DF052
:10AF600051FB40B187F31188BFF36F8F304601A9C1
:10AF700025F0D6FDD1E740F23113064A0C490748C7
:10AF800024F0FCF821460B4824F0F8F840F2311187
:10AF9000B3E700BFF1B004001EB1040013AD04001C
:10AFA00033B10400ABBE040047BE0400CDBE0400B4
:10AFB00049B1040060B104002DE9F3478A46174601
:10AFC0001D46FFF799FD044600F10C08EFF31189C7
:10AFD000202383F31288BFF36F8F40461DF004FBDC
:10AFE000064668B988232C4A2C492D4824F0C6F817
:10AFF00041462C4824F0C2F88821274824F0B5F8AF
:10B0000040461DF015FBD7B12369D3B90122A761D2
:10B010001F46C4E904AA84F8582040461DF0F2FAFD
:10B0200098B940F231131C4A1F491D4824F0A6F874
:10B0300041461E4824F0A2F840F23111DDE73E46B9
:10B04000EBE700266FF00F07E7E789F31188BFF3FE
:10B050006F8FE6B120688368DB6A03B198476B1C89
:10B0600015D04FF400460021114825EAE57500236C
:10B07000C5FB06010F4AF6F777FE02460B46002095
:10B080000021CDE9000104F120001DF00FFE38463B
:10B0900002B0BDE8F08700BFF1B004001EB10400AB
:10B0A00013AD040033B1040049B1040060B10400E1
:10B0B0003F420F0040420F002DE9F04F05468BB094
:10B0C00008460F46FFF718FD03680446AB420DD053
:10B0D000B34940F20A23B34AB34824F04FF8B348C7
:10B0E00024F04CF840F20A21AE4827E0AB685B6DD3
:10B0F00033BBAB681B6D53BB94F85830002B00F08A
:10B10000AD80AB685B6B3BBB04F10C06EFF31188C1
:10B11000202383F31288BFF36F8F30461DF064FA4B
:10B12000002858D18823A24AA2499F4824F026F833
:10B130003146A14824F022F888219D4824F015F8D2
:10B14000284698470028D4D10BB0BDE8F08F284698
:10B1500098470028F8D0CFE7284698470028D3D151
:10B1600094F85830002B79D0AB681B6C002B71D150
:10B17000D4F81880B8F1000F70D114222646414649
:10B180000DEB02002CF08AF884F8588056F80C0B6E
:10B1900025F0C1FCEFF31189202383F31288BFF35C
:10B1A0006F8F30461DF020FA0028BBD030461DF0CE
:10B1B0003FFA2269002A00F01C816369002B40F0ED
:10B1C000E3807E494FF4D173764A774823F0D6FF67
:10B1D0004FF4D17188E730461DF02AFAA369C3B154
:10B1E000616949B975494FF4C2736E4A6E4823F0DC
:10B1F000C5FF4FF4C27177E72068A26983685B6A74
:10B20000CBB19847031E19DC01216D4A6D4825F02A
:10B2100079F830461DF0F6F9B8B940F23113644AB6
:10B220006949614823F0AAFF3146684823F0A6FF28
:10B2300040F2311181E76FF05703E5E762691A4484
:10B240006261A269D21AA261E3E788F31188BFF3B1
:10B250006F8F85E728469847002889D194F8B83041
:10B26000002B00F0E280AB685B6C002B40F0D880D4
:10B27000A66F731C15D04FF4004C0021544826EAE9
:10B28000E6760023C6FB0C01524AF6F76DFD024636
:10B290000B4600200021CDE9000104F180001DF0E3
:10B2A00005FD4FF00008DFF81CA104F10C06EFF3D8
:10B2B000118B4FF0200989F31288BFF36F8F30464E
:10B2C0001DF092F9029000283FF42CAF30461DF09B
:10B2D000AFF9E36E03930BBB30461DF093F90028E2
:10B2E0009BD08BF31188BFF36F8F3846FFF7DEFDDD
:10B2F00001213846FFF720FCEFF3118389F3128810
:10B30000BFF36F8F30469B461DF06EF900283FF467
:10B3100009AF30461DF08CF9DDF80C802068D4F8B8
:10B320006C9083689B6AB9F1000F40F0A880206898
:10B3300083689B6A002B00F09B80012205A9984737
:10B34000031E80F2988001215046234A24F0DAFF40
:10B3500001214B465046214A24F0D4FF4FF000090A
:10B3600030461DF04FF900283FF457AF8BF311889A
:10B37000BFF36F8FB9F1000F97D1B8F1000F54D020
:10B380003846FFF793FD50E09A422BD9144940F21A
:10B39000A313044A044823F0F1FE40F2A311A3E6EC
:10B3A000FBBE040047BE040013AD040016BF04003A
:10B3B000F1B004001EB1040033B1040054BF040016
:10B3C00066BF04009081040049B1040060B104002C
:10B3D0003F420F0040420F00C3BF0400E9BF04001A
:10B3E00083BF04009B1A06920793C4E90488C4F83B
:10B3F000188030461DF006F900283FF40EAF89F39F
:10B400001188BFF36F8F069B23B1384605A925F03D
:10B4100087FB23E70121304A304824F06AFF1DE70B
:10B420002846984700287FF423AFAB681B6A002B9F
:10B430003FF48AAE2846984794F8B8300546002B6A
:10B440003FF482AE00287FF77FAE142200210DEB7F
:10B4500002002BF023FF06238DF818508DF81430CE
:10B46000206825F06BFB384605A925F059FB6BE6F3
:10B470006FF0570367E799447FF459AF68E7616E4F
:10B48000CBB14A469847B0F1000917DA4B464FF066
:10B490000009134A0121504624F034FF4A46E36E66
:10B4A000616E9B1A1144E366029AA36F6166002BDA
:10B4B00008BF904654E76FF05709E7E7E36E4A4646
:10B4C0004B45EDD2074940F2E513074A074823F000
:10B4D00055FE40F2E51107E6A5BF04009081040087
:10B4E00021C0040043C0040047BE040013AD0400A3
:10B4F00010B558B9164940F22D13164A164823F0D4
:10B500003DFE40F22D11134823F02FFE03694BB985
:10B51000124940F231130F4A0F4823F02FFE40F238
:10B520003111F0E7186848B90D494FF49973094A89
:10B53000094823F023FE4FF49971E4E783681B6AFE
:10B5400013B1BDE8104018476FF0570010BD00BFA1
:10B5500086BE040047BE040013AD0400C6E6040026
:10B5600009BF040070B50E46044658B9244940F29C
:10B570005223244A244823F001FE40F2522121485C
:10B5800023F0F3FD83684BB9204940F253231D4A51
:10B590001D4823F0F3FD40F25321F0E71C4A93428B
:10B5A0000CD01C494FF41573164A174823F0E6FDDA
:10B5B000194823F0E3FD4FF41571E0E7FFF79CFA1B
:10B5C0000660B36805462BB19B6D1BB12246304621
:10B5D000124998470022124905F120002AF069FE1D
:10B5E000002210496C6505F180002AF062FEC5F862
:10B5F000B440E268537843F00103537070BD00BF5C
:10B6000086BE040047BE040013AD04005DC0040004
:10B61000EC85040066C0040091C00400B9B00100CC
:10B62000A10B0400A70B04002DE9F04706460C46C9
:10B6300000AF002936D0D1E90012E9468AB06D4644
:10B64000A3684FF0050AA8461F48C5E90723C5E9C6
:10B65000050148F810AF002342464FF421511B4822
:10B66000FCF7F8FED4E90312CD466369AD461848ED
:10B67000C5E90723C5E90501C5F810A00023424626
:10B680004FF421511148FCF7E5FECD46E369012155
:10B69000104A0E4824F036FEA36901210E4A0B48D9
:10B6A00024F030FE012E07D1EFF305830B4A31461B
:10B6B0000648103B24F026FE2146304619F084FC53
:10B6C000BD46BDE8F08700BFCCC00400388104004F
:10B6D000FBC004002AC1040039C1040067C1040092
:10B6E00030BFFFF7FDBF00BF2DE9F04105460B4E0F
:10B6F000DFF82C80324606EB0807CC1B20460949B0
:10B700002BF0A5FDA01942460021083C2BF0C6FDF8
:10B710006C6707F10800BDE8F08100BF0000000081
:10B720000800000078820400054B5A699B689A4221
:10B730001FBF044A536843F080535360704700BFF3
:10B74000586C002000ED00E070B5344C06460D4604
:10B750003348344925F035FAA36AD9064DD5304827
:10B76000314925F02EFA1120A36A1A0704D52C4876
:10B770002E4925F026FA1220284CA36A9B0712D5E1
:10B780002B49274825F01DFA636BA26A110609D5DB
:10B790000121284A224824F0B5FD1EB1A36A23F0F6
:10B7A0008003A36213201D4CA36ADA0704D51C484A
:10B7B000214925F006FA1420A36A9B0604D51848EF
:10B7C0001E4925F0FEF91520144B9A6AD60602D4BC
:10B7D0009A6A940713D59B6AD90610D518494FF475
:10B7E0009573184A184823F0C9FC184823F0C6FC82
:10B7F0004FF49571134823F0B8FC1020B4E7074BC1
:10B800009A6A920642BF5A6A22F400525A629A6AAF
:10B8100042F0FF029A6200232B7070BD00ED00E041
:10B82000388104007AC1040090C10400C3C104003F
:10B83000D6C10400EEC1040004C2040023C2040007
:10B8400084C2040052C2040013AD0400CEC204003E
:10B8500010B5244C2449254825F0B3F9A36A990171
:10B860003ED52248224925F0ACF91E20A36ADA0110
:10B8700004D51E481F4925F0A4F91F20194CA36ABE
:10B88000DB0204D519481C4925F09BF90220A36A64
:10B890001C0304D51548194925F093F92120114CB2
:10B8A000A36A590304D51148154925F08AF92220C5
:10B8B000A36A9A0304D50D48124925F082F9232082
:10B8C000084CA36ADB0304D508480F4925F079F931
:10B8D0002420A36A6FEA03436FEA1343A36210BDF7
:10B8E0001D20C3E700ED00E032C3040038810400EE
:10B8F0004AC304005DC3040077C30400A1C304006D
:10B90000BFC30400E4C30400FEC3040070B5294CA7
:10B9100006460D462848294925F053F9A36AD9045B
:10B920003CD52548264925F04CF91720A36A1A056D
:10B9300004D52148234925F044F918201D4CA36A59
:10B940009B0512D51C48204925F03BF9A36BA26A40
:10B95000100409D501211D4A174824F0D3FC1EB15B
:10B96000A36A23F40043A3621920124CA36A590569
:10B9700004D51148164925F024F91A20A36ADA05DE
:10B980000ED50D48134925F01CF91B20094A936A6E
:10B9900043F47F43936200232B7070BD1620C5E7EC
:10B9A000A36A9B04F2D504480B4925F00AF91C2030
:10B9B000ECE700BF00ED00E03881040029C404007A
:10B9C0003FC40400C3C1040050C4040069C404009F
:10B9D0007EC4040099C4040023C20400F0B58BB0F7
:10B9E000784B04465868002600AFC0F3080386F37E
:10B9F0001188BFF36F8F02F07F45B5F17F4F07D1FC
:10BA000002F00C05082D12D16F49704825F0D9F8C5
:10BA10006F4940F211436F4A6F4823F0AFFB6F4804
:10BA200023F0ACFB40F211416A4823F09EFB15075E
:10BA30004CBF0C460126002CEAD00022FA71DA1E17
:10BA4000092A00F29D80DFE802F0059396769B9B21
:10BA50009B9B9B9962495D4825F0B3F80023594DA3
:10BA6000FB71EB6A9A0705D55E49584825F0A9F89D
:10BA7000002329E0EB6A002B01DA5B49F5E7EB6A6A
:10BA80005B0068D55949514825F09BF86B69A2695C
:10BA900043F480736B61BFF34F8FBFF36F8F6B699C
:10BAA00032F8022C23F480736B61BFF34F8FBFF326
:10BAB0006F8F4DF602739A4227D1236801214C4AB9
:10BAC000424824F01FFC2368FA79DAB907F1080527
:10BAD00004F1200C2A4620686168083403C26445DA
:10BAE0001546F7D17A6A002E66D0C2F3080121B953
:10BAF0006FEA52226FEA42227A62184607F1080181
:10BB0000FFF792FD2C37BD46F0BDAB6ADBB22BB11F
:10BB10000120F91DFFF718FE0346D5E7AB6A13F4C1
:10BB20007F4F04D00120F91DFFF7F0FEF4E7AB6A68
:10BB3000B3F5803F02D3FFF78BFEEDE72D4940F2CE
:10BB4000EA23244A244823F019FB2B4823F016FB50
:10BB500040F2EA2168E7274940F2ED231D4A1E48DA
:10BB600023F00CFB254823F009FB40F2ED215BE7B5
:10BB70000020F91DCEE70020F91DD5E7204974E724
:10BB8000204A6D4610F4F87F8AB01F4918BF11464D
:10BB90006A46103BD3614FF400731C4813841C4B5E
:10BBA000C2E9050142F8103F00234FF41151074844
:10BBB000FCF750FCAD465BE722F4FF7222F0010275
:10BBC0009AE700BF00ED00E0DFC404003881040004
:10BBD0000AC5040052C2040013AD04001DC50400D0
:10BBE0005BC5040072C5040093C50400A1C5040030
:10BBF000C0C50400821E0500DCC5040000C60400A8
:10BC000030C60400C6C40400B1C4040054C6040015
:10BC100004000001064B5A6942F010025A615A6949
:10BC200042F480625A615A6922F008025A617047F0
:10BC300000ED00E0EFF30880EFF3098101B57246F3
:10BC4000FFF7CCFE01BD00BF002080F31488BFF3D6
:10BC50006F8F002080F30A8880F30B880F4880F3F1
:10BC6000088814F0DFFD00200D490860BFF34F8FF6
:10BC700000F02CF8202080F311880A484FF400616E
:10BC8000401880F30988EFF314800221084380F301
:10BC90001488BFF36F8F00F007F90000B0E20020B6
:10BCA00094ED00E070D10020002318460649D1F839
:10BCB0009020C2F30722934200DB7047C1F898300E
:10BCC000C1F8A0000133F6E700ED00E010B572B650
:10BCD000002484F31388FFF7E7FF23464FF0FF307B
:10BCE0000C4A03F120010133102B42F82100F8D156
:10BCF00000234FF0FF30074A03F160010133102B9E
:10BD000042F82100F8D162B6BFF34F8FBFF36F8FB7
:10BD100010BD00BF00E100E0084B9B6883420BD1DF
:10BD2000EFF3058343B1064B5A6842F080525A60E4
:10BD30005A6A22F400425A621CF0EAB9586C002098
:10BD400000ED00E014498A684FF030001044EFF332
:10BD5000098C80E8F01F202080F31288BFF36F8FDA
:10BD60000E4F4FF000664A698A603E60506F0C4C7F
:10BD70002060906F0023936780F3118802F13000F8
:10BD800090E8F01F8CF3098802F1000004B524F05C
:10BD900020FFBDE804407047586C002004ED00E02F
:10BDA0001C5700201EF0040F0CBFEFF30880EFF3C8
:10BDB0000980816911F8021C0229FFD001B5724681
:10BDC00024F0F4FE01BD00BF40B2002807DB0123D0
:10BDD0004109034A00F01F00834042F821307047B8
:10BDE00000E100E040B200280CDB012206494309D3
:10BDF00000F01F008240203341F82320BFF34F8F13
:10BE0000BFF36F8F704700BF00E100E0054B4209B0
:10BE100053F82220012300F01F0003FA00F0104025
:10BE2000704700BF00E100E038B54B1C072B04460B
:10BE30000D460FD96B23104A1049114823F09EF983
:10BE4000294610480723224623F098F96B210A4817
:10BE500023F08BF940B20028ACBF00F160400A4AE1
:10BE60004FEA4313DBB2ABBF00F5614000F00F00B7
:10BE700080F80033135438BD67C604009EC6040022
:10BE800013AD0400B9C6040014ED00E0044B054AEC
:10BE900023F07F039360BFF34F8FBFF36F8F704723
:10BEA0000002010000ED00E008B5FFF7EFFF074AD0
:10BEB000D2F8883023F47003C2F8883019F0AEF954
:10BEC0001CF0BEFB00F046F819F0E8F900ED00E0C8
:10BED00042F8203C009B0B4942F81C3C019B21F09E
:10BEE000010142F8183C029B42F8081C42F8143C3D
:10BEF0004FF0807342F8043C0023203A02658367C8
:10BF0000704700BF2D57010000B50B4B15469860D8
:10BF1000426F0A4B0E461A60436E83F30B882C4621
:10BF200086F309880020064B98472046002100220E
:10BF30000023044C204700BF586C00201C570020F1
:10BF4000DB0B04002D5701001022014B1A617047D2
:10BF500000ED00E0002320210348C2180133452BE7
:10BF600082F80013F9D1704700E100E008B5EFF363
:10BF70000583064A103B02EBC30152F833004968BF
:10BF80008847BDE80840FFF7CFBB00BFA879040091
:10BF90001FB5094C094A23460121094800F012F94E
:10BFA00000230393074B0121E41A01A80193029493
:10BFB00000F02CF904B010BD000007200020002084
:10BFC000488604004835002010B50C7A0B6804F050
:10BFD0001F0223F01F031A43CB68640923F01F03D9
:10BFE000054943EA440343F00103C1F89800C1F84E
:10BFF0009C20C1F8A03010BD00ED00E010B50A4B48
:10C00000D3F89030C3F30723013B984208D90121AC
:10C010000346064A064824F075F96FF0150010BD76
:10C02000FFF7D2FFFBE700BF00ED00E0FDC6040014
:10C03000188104002DE9F04F8946144606464FF05A
:10C040000008514D85B0C84527DAD6F804A0BAF1EA
:10C05000000F44D0BAF11F0F17D91AF01F0F14D1D7
:10C06000D6F800B01BF01F0F0FD1584624F0F1FD99
:10C0700007460AEB0B00013824F0EBFD874210D095
:10C080006FF01507414A3B4601E04346404A012113
:10C09000404824F037F96FF01504204605B0BDE89C
:10C0A000F08F17F1160FEDD0BC42EBDDC5F898709C
:10C0B000D5F89C10C5F89870D5F8A03021F01F0174
:10C0C00043F01F0BD6E900321A44994202F1FF3ABD
:10C0D0001DD1D34507D13146F8B224F0C3FD08F194
:10C0E00001080C36AFE73146C5F89870D5F89C309A
:10C0F00022F01F0203F01F031343C5F89C30E0B287
:10C1000024F0B0FD10F1160FC5D0441CE7E7C5F8C8
:10C110009870D5F8A020013B23F01F0302F01F0206
:10C120001343D3453146E0B2C5F8A030E8D024F03F
:10C1300099FD10F1160FAED0C5F89870D5F89C2077
:10C140009DF808300BF1FF3B62F304038DF80830D3
:10C15000D5F8A0309DF808205B0863F347128DF8EE
:10C160000820D6E900321344009323F01F035B44F8
:10C17000A3EB0A03013023F01F036946C0B2039307
:10C18000FFF73CFFBEE700BF00ED00E046C704003C
:10C1900023C70400188104000522044BC3F894202F
:10C1A000BFF34F8FBFF36F8F704700BF00ED00E00C
:10C1B000BFF35F8F0022024BC3F89420704700BF8B
:10C1C00000ED00E038B50C4D0C462A78FFF732FF41
:10C1D000287016300FD14FF4BB73084A084909483C
:10C1E00022F0CCFF2146084822F0C8FF4FF4BB7173
:10C1F000024822F0BAFF38BD7B7D002069C70400E9
:10C20000821E050013AD040098C704002DE9F74F06
:10C21000314E894605464FF00008B3462F4FC845BA
:10C2200002DB03B0BDE8F08FD5F804A0BAF1000F2F
:10C230004CD029680846019124F00BFD0199044671
:10C240000AEB0100013824F004FD84424FF014028F
:10C25000234B15D002FB08F36FF015024BF80320B7
:10C260004FF4C3731F4A2049204822F087FF4946F4
:10C270001F4822F083FF4FF4C3711A4822F075FF64
:10C2800014F1160F3460EBD01978A142E8DD02FBFF
:10C2900008B0C7F89840C7F89840D7F89C4000F11C
:10C2A0000801007B64F304000871D7F8A0000C7942
:10C2B000400860F347140C71D7F89C1021F01F015F
:10C2C0007160D7F8A01021F01F01316108F1010859
:10C2D00014360C35A3E700BF2057002000ED00E026
:10C2E0007B7D002069C70400821E050013AD040099
:10C2F000C4C704002DE9F041574C584ED4F8903093
:10C300003568C3F307239D4286B013D940F2AD13BD
:10C31000534A5449544822F031FFD4F8902029461A
:10C320005248C2F3072222F029FF40F2AD114C48D7
:10C3300022F01BFF0020FFF73BFF4D4BC4F8C0303D
:10C3400085421AD14B4C01A82570FCF777FC0025DB
:10C3500006464FF04108484FAE4215D100202378E1
:10C360003D49D1F89020C2F3072293426DDB0020B3
:10C37000FFF712FF06B0BDE8F081716801EB001114
:10C38000FFF722FE0130DBE7019A290102EB0513DA
:10C39000D3F80CC00CEA0700B0F5001F27D0B0F5A9
:10C3A000800F40D0B0F5801F4DD1586852589B681F
:10C3B000CDE902022122013B20F01F010B4423F0B2
:10C3C0001F038DF810200593207802A9FFF716FEB1
:10C3D000002835DA234940F2D713214A224822F0B7
:10C3E000CDFE264822F0CAFE40F2D7119FE75868DA
:10C3F0009B685258013B20F01F010B4423F01F03A0
:10C400001CF0010FCDE902028DF810800593DBD0FE
:10C410001B497B23124A144822F0B0FE194822F02F
:10C42000ADFE7B2183E758689B685258013B20F0A2
:10C430001F010B44CDE9020223F01F030222C0E7D3
:10C44000237801332370013586E7C1F89830C1F8AD
:10C45000A000013385E700BF00ED00E05486040032
:10C4600069C70400821E050013AD0400F3C7040071
:10C47000AAFF44007B7D00200000F0FF7CC8040080
:10C4800027C804004DC80400054C08B505490648F6
:10C490001B23224622F072FE1B21204622F065FE5D
:10C4A000B5C80400821E050013AD0400F0B587B0C6
:10C4B00007460E4614460021102268461D462AF003
:10C4C000EDFE02238DF80230054B2A4621466846D0
:10C4D000CDE90476019321F0B7FF07B0F0BD00BFAE
:10C4E000970C040008B5024821F0DCFEFEE700BF0F
:10C4F000E3C8040008B5024B1B689847002008BD3C
:10C5000034570020034B044A1860937843F0020329
:10C5100093707047345700205C2A002008B5064904
:10C52000064821F00701C1F1005202F5E022F8F7B8
:10C5300085FB002008BD00BF676C01203857002034
:10C5400070B541690446867A0A4D59B1437ADB07D2
:10C5500006D4342303FB0653DB6A1B689B689847A9
:10C56000002363613420214606FB0050BDE8704083
:10C5700029F059BDA03100203422024B02FB0030CB
:10C58000704700BFA03100203421827A064B01FBA6
:10C5900002331A6B93F82430801A1B3323F0030301
:10C5A000B0FBF3F0704700BFA031002038B5342451
:10C5B000827A064B04FB0233DB6AD3E901240C6068
:10C5C0001568FFF7E1FF04FB005038BDA0310020E3
:10C5D00008B5437A4BB10C495A230C4A0C4822F057
:10C5E000CDFD5A21094822F0C0FD43683BB10949FD
:10C5F0005B23064A064822F0C1FD5B21F2E7038275
:10C600004369C36008BD00BF0DC90400E8C8040049
:10C6100013AD04001EC904002DE9FF470546684616
:10C6200017461C46039129F0FFFDDDE9008945B955
:10C630005E49EE235E4A5F4822F0A0FDEE215C4891
:10C6400018E005F11C06EFF3118A202383F312880A
:10C65000BFF36F8F30461BF0C7FF68B98823564A77
:10C660005649544822F08AFD3146554822F086FD4D
:10C670008821514822F079FD30461BF0D9FF6B8CA0
:10C68000002B5CD02A8C9A4239D9002200232846FC
:10C6900019F008FB0446002831D030461BF0B2FFE9
:10C6A00068B940F23113444A4649424822F066FDD7
:10C6B0003146454822F062FD40F23111D9E78AF354
:10C6C0001188BFF36F8F039D002D5ED042464B460D
:10C6D000684629F0CDFD3421A27A3C4B204601FB6F
:10C6E0000233DB6A03A91B681E68DDE90023B0473B
:10C6F0006061002839D12046FFF722FF30E06C8CC2
:10C700003046631E6B841BF07DFF0028C9D08AF37E
:10C710001188BFF36F8F95F824302A8C1B33121BBE
:10C720002C6B23F0030302FB0344284B284AEB1A2B
:10C730009B105343A37295F82430E372C3E730464D
:10C740001BF060FF0028ACD08AF31188BFF36F8F15
:10C7500023463A46284619F0A5FA04460028B2D1E5
:10C760000024204604B0BDE8F087039B9D420DD90C
:10C77000184940F245130E4A0E4822F0FFFC1648B5
:10C7800022F0FCFC40F2451159E7656101230021CC
:10C790002381039BE27A6160638204F118002AF02E
:10C7A0007DFD2046FFF714FFDBE700BFAFEE04007E
:10C7B000E8C8040013AD0400F1B004001EB1040089
:10C7C00033B1040049B1040060B10400A03100207D
:10C7D000C54EECC438C9040035B2040070B50C462F
:10C7E000054658B9284940F28D13284A284822F0B6
:10C7F000C5FC40F28D11254822F0B7FC49B9254906
:10C800004FF4C773214A224822F0B8FC4FF4C77195
:10C81000F1E7EFF31186202383F31288BFF36F8FC4
:10C820001D481BF0E1FE60B988231C4A1C491848CA
:10C8300022F0A4FC18491B4822F0A0FC88211748CC
:10C84000DAE715481BF0F4FE002323606B689BB900
:10C85000C5E9004410481BF0D5FE80B940F2311301
:10C860000E4A11490A4822F089FC0B490F4822F070
:10C8700085FC40F23111E2E71C606C60EAE786F368
:10C880001188BFF36F8F70BD15E00400E8C8040085
:10C8900013AD040005D6040044570020F1B0040095
:10C8A0001EB1040033B1040049B1040060B10400BA
:10C8B00070B5044658B9234923484FF4CD73234A31
:10C8C00022F05CFC4FF4CD71204822F04EFCEFF3D7
:10C8D0001186202383F31288BFF36F8F1C481BF04F
:10C8E00083FE60B988231B4A1B49174822F046FC87
:10C8F00017491A4822F042FC88211648E5E71448F7
:10C900001BF096FE25682DB162682B689542236066
:10C9100008BF63600E481BF075FE68B940F2311322
:10C920000C4A0F49084822F029FC09490D4822F019
:10C9300025FC40F23111E0E786F31188BFF36F8FD9
:10C94000284670BD15E0040013AD0400E8C80400DB
:10C9500044570020F1B004001EB1040033B10400BC
:10C9600049B1040060B1040070B5044698B13426A2
:10C97000104D2046037A6468013BDBB203724BB969
:10C98000C3604360837A06FB03539B6A7BB198477D
:10C99000002CEED170BD0849084840F2AB13084A9C
:10C9A00022F0ECFB40F2AB11054822F0DEFBFFF772
:10C9B000C7FDEDE7A031002005D6040013AD04004B
:10C9C000E8C8040008B558B90749084840F2D5132B
:10C9D000074A22F0D3FB40F2D511054822F0C5FBEF
:10C9E000027A0132027208BD05D6040013AD0400BC
:10C9F000E8C8040008B5034658B9084908484FF488
:10CA00000873084A22F0BAFB4FF40871054822F077
:10CA1000ACFB18465B68002BFBD108BD05D60400B3
:10CA200013AD0400E8C8040070B50D46044658B9BB
:10CA30000F4940F22B230F4A0F4822F09FFB40F290
:10CA40002B210C4822F091FB49B90C494FF40B7390
:10CA5000084A094822F092FB4FF40B71F1E746684F
:10CA60001EB10846FFF7C6FF4660656070BD00BF97
:10CA7000FAD30400E8C8040013AD040049C9040057
:10CA800038B505460C4659B90C490D4840F23723D4
:10CA90000C4A22F073FB40F237210A4822F065FB72
:10CAA00020B9BDE838400846FFF78CBFFFF7A2FF6A
:10CAB0002146FFF7B9FF284638BD00BF49C9040029
:10CAC00013AD0400E8C8040008B548B90B492B238E
:10CAD0000B4A0C4822F052FB2B21094822F045FB5F
:10CAE00083883BB108492C23054A064822F046FBBF
:10CAF0002C21F2E783680B44036008BD05D60400CF
:10CB000056C9040013AD040082C9040008B50346E9
:10CB100000689A68821A91420BD90949094840F283
:10CB20005513094A22F02AFB40F25511064822F01B
:10CB30001CFB9A88401A11441860998008BD00BFF8
:10CB4000A1C9040013AD040056C9040008B58288C9
:10CB500003468A420BD20949094840F2C313094AE5
:10CB600022F00CFB40F2C311064822F0FEFA521AE2
:10CB7000828000680844186008BD00BF91C90400A5
:10CB800013AD040056C9040008B503469A8800682E
:10CB90008A420BD20849094840F2CF13084A22F0D2
:10CBA000EDFA40F2CF11064822F0DFFA521A0144A2
:10CBB0009A80196008BD00BF91C9040013AD04003C
:10CBC00056C90400F8B5858803680E4604465F1907
:10CBD00024F093F8B04209D2064907483E23074A99
:10CBE00022F0CCFA3E21054822F0BFFA3544A58058
:10CBF0003846F8BDC5C9040013AD040056C9040089
:10CC0000054B03EB8000D0F8003223F0E04343F003
:10CC10004053C0F80032704700258450052370B59A
:10CC2000144D154E2C780134B4FBF3F303EB83035E
:10CC3000E41A27F0D4FB114A137823B156F82430B4
:10CC4000C01A072814D94FF05023D3F8141141B15A
:10CC50000021C3F81411D3F814312C700CB901233E
:10CC600013702C7827F0BBFB46F82400012070BD20
:10CC70000020FCE77D7D0020485700207C7D0020BF
:10CC8000012208B5114B1249C3F8002502230020E8
:10CC9000C1F8D036FFF7B4FF1046FFF7B1FFC1F877
:10CCA0000427C1F80429C1F8002B00F0E7F858B1B7
:10CCB000084909484FF40C73084A22F05FFA4FF410
:10CCC0000C71064822F051FA08BD00BF0010005058
:10CCD0000040005026F8040013AD0400F8C9040019
:10CCE00007B50DF1070013F0F1FE164B98420BD07B
:10CCF0001549164840F23A23154A22F03FFA40F20D
:10CD00003A21134822F031FA4FF48062114B124954
:10CD1000C3F8B8254FF40062C3F83C259DF807001E
:10CD200013F0BCFE0D499DF8070013F09FFE012093
:10CD30009DF80730984013F093FE03B05DF804EBC4
:10CD400000F0D8B80000AD0B26F8040013AD0400C5
:10CD5000F8C9040000A002502CA0025028A10250E3
:10CD600048B1054B054A1B68B3FBF2F35843044B2B
:10CD700043F0010318477047842D002040420F0004
:10CD800070830400F8B500214FF0FF354FF6FF77B0
:10CD9000184C194EDFF864C0000714F8013B5A091B
:10CDA0000DD0012A1DD01649164840F2CA33164A42
:10CDB00022F0E4F940F2CA31134822F0D6F925FAFC
:10CDC00003F2D207EFD5324602EB8303D3F80022F9
:10CDD000013122F0E04202430429C3F80022DCD1F1
:10CDE000F8BD03F01F0327FA03F2D207DBD5624632
:10CDF000EAE700BF2ACB04000025845000288450B5
:10CE000059CA040013AD040026CA04002DE9F041FC
:10CE1000064601200D46FFF7B5FF4FF47F03D3F818
:10CE20003021D3F83431072A20D1023B032B02D81A
:10CE3000114AD35CD3B14FF050244FF001080027C2
:10CE40000520C4F81886C4F8147627F006FD40467D
:10CE5000C4F8148627F001FDC4F81476C4F81876D7
:10CE600030462B46BDE8F041002118474FF05023D3
:10CE70000022C3F81426F3E726CB04000149024838
:10CE800022F0FFBC8C8604005C5700201FB518B34D
:10CE90000023019303930123694612480293F9F793
:10CEA00087FE002809DA10495A23104A104822F058
:10CEB00065F95A210D4822F058F9029B9B0707D0CB
:10CEC00009496223094A0A4822F058F96221F1E728
:10CED000039B05B05DF804FB0248F9F701FF002849
:10CEE000F7DAEDE75C570020B4CA04007CCA0400FE
:10CEF00013AD040008B50C4BD3F84024D2050BD574
:10CF00000A490B4840F2F6330A4A22F037F940F258
:10CF1000F631084822F029F91022C3F840240120F4
:10CF2000BDE80840FFF7B2BF00300050EFCA040070
:10CF300013AD0400BDCA0400BFF34F8F0549064B73
:10CF4000CA6802F4E0621343CB60BFF34F8F00BFA7
:10CF5000FDE700BF00ED00E00400FA0538B50D4C18
:10CF60000D4DAC4212D90D49F9230D4A0D4822F05E
:10CF700005F90D4822F002F9F921094822F0F5F8E7
:10CF800054F8043B002BECD09847EAE7F8D3002094
:10CF900038BD00BF688204007882040064CB0400BE
:10CFA0002ECB040013AD0400B7B10400084B0246B9
:10CFB000186808B1036800B9704741899142FBD0F5
:10CFC0001BB1196818460B46F5E71946FAE700BF8A
:10CFD0007C5700200A4B1B681BB11A681BB9184606
:10CFE00070471A46FAE75989814206D01AB111688A
:10CFF00013460A46F2E71146FAE7D868704700BFC1
:10D000007C57002000230360044B5A6812B9C3E91F
:10D010000000704710605860704700BF7C570020C8
:10D0200000232DE9F04F04460D468BB0CDE90633C1
:10D0300001F10C092B8A3BB998462846216824F057
:10D040001FF80020216881E0072B40F20481EA6884
:10D0500006AB1068516803C3BDF81A3008215BBAEB
:10D060001FFA83FAADF81A30BDF81C3048465BBA97
:10D070009AB2ADF81C300592FFF768FD2B8A534534
:10D08000C0F0EF809DF8187017F0050840F0EE80B2
:10D090002846216823F0E0FF0646002800F0E980DA
:10D0A00001226068042140F8045B2B8ACDE90188E5
:10D0B0000092EA6828F01FFE3146A06823F07FFE48
:10D0C0009DF81820D4F808B0C2F3C102012ACBF8A9
:10D0D0004C8000F2C3800598FFF768FF002800F03D
:10D0E00093809DF81F1023F03BFE002800F08C80F9
:10D0F0009DF8182012F007022ED0022A47D04FF0D8
:10D1000003083146A06823F05AFED4F808900221A3
:10D1100009F10407384628F0BDFE00287AD0022223
:10D120003846554928F09BFE002873D041463846C2
:10D1300028F079FE022100286ED1384628F0B2FE90
:10D140002846216823F09CFF3046216823F098FF91
:10D1500040460BB0BDE8F08FD0F80080A068B8F171
:10D16000000F51D00F21043028F094FE00284ED03B
:10D170002046C0478046A0680F21043028F092FE68
:10D1800040B9B8F1000F08BF4FF00708B9E7D0F871
:10D190000480E3E7B8F1000FB3D1BBF84E80B8F1DB
:10D1A000000F12D017F0180F0FD1BBF84C00FFF78B
:10D1B00011FF034610B94FF00108A2E74046984717
:10D1C0008046B0B1002E4ED09BE7DBE90012C86864
:10D1D000121A0A82DBF8003008A91A8A06A8083A4F
:10D1E00023F0CEFDA3681B68DA680B4603CB106002
:10D1F000516023683046DB6A9847804698BB5146A9
:10D200004846FFF7A3FC15E74FF0080879E74FF011
:10D21000070876E7022190E7384628F043FE002809
:10D220008ED0D9E900A7DAF80C3008A9FF1AA7F1C7
:10D23000080206A823F0A4FDAAF81070A3681B68D2
:10D24000DA680B4603CB1060516023683046DB6A16
:10D250009847002674E74FF00908EEE64FF00D08F6
:10D260004FE74FF009082E4600254AE74FF008081F
:10D27000F9E74FF00208F6E788CB040070B50446E2
:10D280000E4615468AB3A0F84810A0F84A2018495F
:10D29000032228F0E4FD18B9002000F0010070BD61
:10D2A0000221204628F0F6FD0028F5D00522204670
:10D2B000104928F0D4FD0028EED03146204628F051
:10D2C000BCFD0028E8D0022220460B4928F0C7FD0B
:10D2D0000028E1D02946204628F0AFFD0028DBD009
:10D2E0000221204628F0DEFDD7E70120D7E700BF66
:10D2F000EEB804008BCB040088CB040003289ABF4F
:10D30000014B185CFF207047B9CC04002DE9F041B7
:10D3100094B0FFF7F3FF041E5BDB03A9E0B2FBF759
:10D3200093FC00280BDA0121234600902A4A2B485F
:10D3300022F0F2FF0A24204614B0BDE8F081039EDB
:10D34000B46814F0030401D0FFF79EF8304623F0D0
:10D35000F2F84FF0013303FB00F7D6F80880A04540
:10D3600004DC0121039839B3002419E0A8EB04057B
:10D37000402DA8BF402521462B46304604AA23F065
:10D3800082F8031E06DB0023AD1004AAAB420BD1CA
:10D390004034E4E70121124A104822F0B3FF0B2485
:10D3A000039823F06FF8C6E752F8041BB94201D185
:10D3B0000133EBE70021D5E7826823F0A3F80346A9
:10D3C0000028D1D00121074A044822F09BFF0D24F8
:10D3D000E6E70E24AFE700BF2BCC0400F880040082
:10D3E0004FCC040077CC0400F0B585B01F46FFF7A2
:10D3F00085FF041E0D46164623DB03A9E0B2FBF7AA
:10D4000023FC50B10121234600900F4A0F4822F01F
:10D4100083FF0A24204605B0F0BD3B46324629462C
:10D42000039823F030F80446039823F02BF8002CDF
:10D43000F0D001212346064A044822F063FF0B2462
:10D44000E8E70E24E6E700BF2BCC0400F8800400D8
:10D4500096CC040070B50C4615461E4648B13346BE
:10D460002A462146074823F0E4F9002818BF0C207B
:10D4700070BD054B0348197823F01CFA0028EED044
:10D480000A20F5E784570020B4590020F0B50D4676
:10D49000044618220021284687B029F0FFFE636861
:10D4A000581C00F08A80002B72D122691F2A65D98E
:10D4B000A268511C64D0C5E90023E768414B3A6873
:10D4C0009A425FD1A269202A5ED85AB13E480368C9
:10D4D000013307D0037B9A4204D161690D3029F0F2
:10D4E000E5FED8B1206823F05CFD03280CD937494C
:10D4F0007923374A374821F041FE374821F03EFE74
:10D500007921334821F031FE80F00106304623F0C6
:10D5100026FD28B14FF0FF33EB60092007B0F0BDC6
:10D520003046FFF7EBFE0028E860F6DB03A9C0B247
:10D53000FBF78AFB40B1EB6801210090274A28489D
:10D5400022F0EAFE0A20E9E70398A26883689A427B
:10D5500003D922F097FF1E20E0E722F093FF237FFC
:10D560002BB304A823F03BFD80B907F1140104A8F4
:10D5700023F0BBFC00281ADB1B20CFE71620CDE7E9
:10D580001520CBE71720C9E71820C7E71A20C5E701
:10D590000D4A13689168EB60002329606B60636833
:10D5A0005268934207D122691344994207D32369F1
:10D5B000AB6001232B740020B0E71420AEE71F20DE
:10D5C000ACE700BF3DB8F396B4590020F5CB04009A
:10D5D00091CB040013AD040012CC04002BCC04004A
:10D5E000F88004007FB5FFF789FE051E0E4618DBA4
:10D5F00003A9E8B2FBF728FB044650B101210090D3
:10D600002B46094A094822F087FE0A24204604B026
:10D6100070BD039822F08FFF3070039822F032FF24
:10D62000F4E70E24F2E700BF2BCC0400F8800400DE
:10D63000074C08B5074979232246074821F09EFD8B
:10D64000064821F09BFD7921204621F08EFD00BF88
:10D6500091CB0400F5CB040013AD040012CC040000
:10D66000074C08B507496A232246074821F086FD82
:10D67000064821F083FD6A21204621F076FD00BF97
:10D6800091CB0400F5CB040013AD040012CC0400D0
:10D69000F0B520230E4695B00293044615466B461E
:10D6A0000CAA304603A9019200F05EFB0746002851
:10D6B00040F09D8004340F21204628F0EBFB10B988
:10D6C000002015B0F0BD052220464A4928F0C7FBCE
:10D6D0000028F5D02046710828F0AFFB0028EFD0D5
:10D6E00004222046444928F0BAFB0028E8D020460E
:10D6F00006F0010128F0A1FB0028E1D00722204616
:10D700003E4928F0ACFB0028DAD005A903A800F0B8
:10D71000FDF9002863DA05222046394928F09FFBED
:10D720000028CDD004222046364928F098FB002856
:10D73000C6D0204601A928F08CFB0028C0D00822C2
:10D740002046314928F08BFB0028B9D000992046AB
:10D7500081F01001C1F3001128F0B8FB0028AFD010
:10D7600007222046294928F07AFB0028A8D0204625
:10D77000C5F3400128F0AAFB0028A1D009222046C9
:10D78000234928F06CFB00289AD02046C5F380017D
:10D7900028F09CFB002893D0062220461D4928F043
:10D7A0005EFB00288CD0204605F0010128F08EFB9E
:10D7B000002885D009222046174928F050FB002870
:10D7C0003FF47EAF2046C5F3C00128F07FFB002860
:10D7D0003FF476AF0F21204628F064FB71E7192251
:10D7E000204605A98DF82C7028F042FB98E701200F
:10D7F00067E700BF65DE0400BDCC0400C2CC0400B6
:10D80000CACC040036F60400D0CC0400D9CC040005
:10D81000E1CC0400EBCC0400F2CC04002DE9F74F7E
:10D8200085680646043506222846364928F017FB47
:10D8300018B10421284628F029FB002700F0010434
:10D84000B84623F0ACFB6CB1022F11D1042128465D
:10D8500028F024FB30B10B2228462B4928F0FFFA90
:10D86000002845D123F09CFB072003B0BDE8F08FD2
:10D870000DF1070138468DF8078023F04DFB8146F6
:10D88000384623F08EFB0328044601D9FFF7D0FE6B
:10D890009DF8073080F0010B022B06D181454FF037
:10D8A000010908D14FF0000A08E081454FF0050951
:10D8B000F8D0022BF6D8154A12F903A05C45B068DF
:10D8C0000DDA4A462146FFF7E3FE0028CAD0524649
:10D8D0005946B068FFF7DCFE01370446B3E752460D
:10D8E0005946FFF7D5FE0028BCD04A462146F0E74E
:10D8F0000021284628F097FA0028B3D023F050FBE7
:10D900000020B2E7FCCC040003CD040069CD040084
:10D910002DE9F047032882B00546884600AF01D9BB
:10D92000FFF79EFE4FEA6009484623F03AFB0023CA
:10D930000646F91C4846FB7023F0EEFA0446B8F19F
:10D94000000F1CD023F02FFB484504D1FB78012B9E
:10D9500026D11C241FE0AE4257D0FB78012BF8D013
:10D96000002B56D0022B54D02846FFF7C7FC391D98
:10D97000C0B2FBF769F98246D0B10A240BE0AE428F
:10D9800045D0FB78012B03D083B1022BE1D0EBE72C
:10D99000A842DED1002420460837BD46BDE8F08706
:10D9A000002BDFD1AC42F5D0AE42EFE7A842EDE765
:10D9B000731B594242467868594126F003FF0446DA
:10D9C000D8B1E9468AB06A46134BC2E90756C2E9A4
:10D9D00005300623C2F8248042F8103F4FF441512D
:10D9E00053460E48FAF736FD012CCD4609D0042CDB
:10D9F00009D0032C14BF01241724786822F042FDBB
:10DA0000C9E70C24F9E71D24F7E72024C3E7212404
:10DA1000C1E7AC42A8D1BDE70FCD0400F8800400F7
:10DA2000F0B5364997B00C9104210D91344902AA02
:10DA3000CDE90E12334A0023119207221292324A84
:10DA40000546D0E9010413920DF10302CDE902333A
:10DA50008DF8033001938DF8403014928DF85430D6
:10DA6000022201AB0CA9043023F0C3F9002841D1F4
:10DA700023F095FA039B04346BB99DF8033063B12E
:10DA800023F091FA23F08DFA9DF80310FFF740FF81
:10DA900018B382B202E0202B0AD0182220460121BE
:10DAA000FFF7ECFB044623F07BFA2CB300241BE0C9
:10DAB00004AA1746029B03F1200C16461868596801
:10DAC000083303C663453246F7D10021384623F0B8
:10DAD0006CFA0028D8DA0822E0E72846FFF79EFE15
:10DAE000044620B123F05CFA204617B0F0BD23F0C5
:10DAF00057FADBE70324F7E70724F5E736F60400D7
:10DB0000C95A040061CD0400755B040073B50E466C
:10DB100043880546019343781921009303780B4A03
:10DB2000304620F0DFFB041E03DA4FF0FF3002B076
:10DB300070BD6B683BB1064AC4F11901301920F081
:10DB4000D1FB031EF1DBE018F1E700BF6CCD040050
:10DB500078CD0400033880B219289ABF014B1856BB
:10DB60000120704722CE040008B5054B2C2200216D
:10DB7000184629F093FB4FF0FF3240F8042C08BD03
:10DB8000B85900200148FFF73DBA00BF6C2A0020B9
:10DB90002DE9F04F846887B00434062220465D49A1
:10DBA00028F05DF918B10A21204628F06FF9002706
:10DBB000DFF864B13846FFF7A1FBFEB216F00108AA
:10DBC000824608D00421204628F064F930BB0720A3
:10DBD00007B0BDE8F08F04212046CDE9048828F085
:10DBE00059F90028F3D0052220464C4928F037F98E
:10DBF0000028ECD02046710828F01FF90028E6D054
:10DC000005222046464928F02AF90028DFD00421C1
:10DC1000204628F03BF90028D4D1D8E7042220463A
:10DC2000404928F01CF90028D1D04146204628F070
:10DC300004F90028CBD003A95FFA8AF0FBF704F8B7
:10DC4000814648B302222046374928F008F918B126
:10DC50004946204628F0E7F800F001050121534627
:10DC6000324A3348CDF8009022F056FB042120467A
:10DC700028F018F9002DAAD00028A8D0B8F1000F7C
:10DC80003AD10137042F95D10A21204628F006F910
:10DC900000289CD000209BE704225946204628F00B
:10DCA000DEF8002893D0039B2046996828F0C5F839
:10DCB000054600288BD0039A06AB926803EB8803D5
:10DCC000760843F8082C14BF01230023B7EB430F59
:10DCD00003D1039822F0D6FBC8E70F22204615494E
:10DCE00028F0BDF800283FF472AF3146204628F0F6
:10DCF000A4F80028EDD16AE70421204628F0CEF8E8
:10DD000000283FF464AF0421204628F0CBF8002817
:10DD1000B7D15CE7FCCC0400CBBA040065DE04009C
:10DD20007CCD0400BDCC040088CB040082CD04006F
:10DD3000F8800400B6CD040010B5041D032220466F
:10DD4000074928F08CF808B9072010BD054B20467C
:10DD5000596828F07CF80028F6D00020F5E700BFCD
:10DD6000C6CD0400B45900202DE9F0438BB00C4619
:10DD70000DF10301054616461F46FFF733FC014629
:10DD8000002840F08D802023284602AAFFF72CFBB4
:10DD9000002850D19DF80380DFF81091B4BB0298A1
:10DDA000484540D10FB1069B3B60059BBDF8104034
:10DDB00028461C44042321460DEB0302FFF714FB05
:10DDC00040B946F60813BDF804209A4204BFBDF8D6
:10DDD0000630E4180423214628460DEB0302FFF722
:10DDE00003FB58BB46F60713BDF804209A4225D121
:10DDF0008146BDF806700434274404F10408B84590
:10DE00001ED989F001094FEAC90014E008224146F1
:10DE1000204629F043FA0298484504D107AB03CBCA
:10DE200020606160BEE74FF0013303FB08F8404516
:10DE300014BF172003200BB0BDE8F0830420FAE7DD
:10DE40000423214628460DEB0302FFF7CDFA0028F4
:10DE5000F1D1BDF80420BDF80630FF2A05D14FF6F8
:10DE6000FF72934205D10520E5E7102A01D1202B4E
:10DE700004D0043303EB04084446BEE7B9F1000FB5
:10DE800010D116B94FF00109F6E72434BC420BD883
:10DE9000324641462846FFF7A7FA0028F2D0CAE7E3
:10DEA0000220C8E70620C6E70720C4E73DB8F3967E
:10DEB00070B51C4A8AB005920422D0E901050023FE
:10DEC00001260692184ACDE90163079201AA089239
:10DED0008DF82430324602AB05A9043022F089FFC8
:10DEE0000446E8B90346024603A901980435FFF742
:10DEF0003BFF58B9019823F032F838B109220121CB
:10DF00002846FFF7BBF920460AB070BD0198FFF71D
:10DF1000FDF90646FFF728FE002EF4D0B2B2EEE778
:10DF20000324F0E7BDCC0400BF5A04002DE9F04300
:10DF30000024D0E90158B7B00DF120092022214674
:10DF400006464846019429F0A9F94FF0FF33CDE980
:10DF500009335F4B03271893052319935D4B0BAAD5
:10DF6000CDE91A395C4B20921D9304231E935B4B21
:10DF70005B4A1F932E930DAB2F935A4B22923193F2
:10DF80000723594A0AA924922992329309AA574B86
:10DF900025912A925649574A043533930FAB2846A8
:10DFA000CDE92717CDE92C273493062201AB18A918
:10DFB0008DF870408DF8844023978DF898408DF847
:10DFC000AC408DF8C0408DF8D44022F012FF0546D9
:10DFD00000287AD1484602A9FFF758FA08F1040848
:10DFE0000446B8B1444A03460121444822F08AF964
:10DFF000A2B201214046FFF741F900230446194629
:10E0000010AA0120FFF7B0FEFFF7AEFD002C08BFFD
:10E01000072506E09DF818303BB9B068FFF78CFE85
:10E020000546284637B0BDE8F083354C059B099F6F
:10E030002360029BA36097B9DDF838900D994A469A
:10E0400004F10D00676084F80C9029F000F909F1E3
:10E050000D003946C9F12002204429F01FF9D4E906
:10E0600001120C9B2BB98A4229D0B068FFF764FEDD
:10E07000D7E70B449A1A5342384653410B99049AF6
:10E08000FFF7E8F9074690B96368049A1344A26859
:10E0900063609342E9D10346014610AA0120FFF7CD
:10E0A00063FEB068FFF748FEFFF75EFDB9E7154A6B
:10E0B00003460121114822F025F9BAB299E7194621
:10E0C00010AA0120FFF750FECFE73D46A9E700BFA9
:10E0D00065DE0400BF5A0400C6E60400C95A040005
:10E0E00039390500CECD0400C55A0400755B040023
:10E0F000C6CD0400CACD0400D6CD0400F8800400CB
:10E10000B4590020F6CD04000148FEF77BBF00BFE4
:10E110007C2A00200521002370B588B08468049112
:10E120004068254901AA254ECDE90512CDE9013304
:10E130008DF81C3001226B4603A90430039622F0AF
:10E1400058FE04340546002834D1009B8BB90A22BE
:10E1500020461B4927F083FE18B90725284608B03A
:10E1600070BD07222046174927F079FE0028F5D117
:10E17000F3E73246012103A822F092FEA0B1029EED
:10E18000042E11D1324601990F4829F08FF858B961
:10E19000324620460C4927F062FE0028DDD00221DD
:10E1A000204627F040FEE1E7032200212046FFF74A
:10E1B00065F8DBE70325D1E7CF5A04004BCE040016
:10E1C00051CE04005CCE0400AEA9040010B58468F2
:10E1D0000822043420460D4927F041FE28B140F6BC
:10E1E000AB11204627F029FE08B9072010BD0922EF
:10E1F0002046074927F033FE0028F6D004212046A8
:10E2000027F01BFE0028F0D00020EFE764CE0400CA
:10E210006DCE040008B54FF400520023024818F0F8
:10E220003BFD002008BD00BF20260020F0B50023E4
:10E23000D0E901450127134A89B00392124A01AE81
:10E24000CDE90133CDE905268DF81C30201D6B4644
:10E250003A4603A9049722F0CCFD044678B9043568
:10E260003A462846094927F0FAFD20B131462846AA
:10E2700027F0F2FD00B90724204609B0F0BD0324C1
:10E28000FAE700BF17030500CF5A0400B9090500DB
:10E290000148FEF7B7BE00BF8C2A002037B585685D
:10E2A00001A90920FAF7D0FC00280DDA01211A4A49
:10E2B0001A4822F01EF802243F21A2B2281DFEF7C0
:10E2C000DDFF28BB072024E0019822F032F948B98D
:10E2D0000121134A114822F00CF8019822F0D2F8DB
:10E2E0000324E9E701980021826822F00BF9041E5B
:10E2F00009DA01210B4A094821F0FBFF019822F0BD
:10E30000C1F80424D8E7019822F0BCF8002CD3D13E
:10E31000002003B030BD00BF85CE04001081040092
:10E320009FCE0400BFCE040013B5084C204618F061
:10E33000EBFA074B204600934FF400620323054994
:10E3400018F0FCFA002002B010BD00BF18420020F7
:10E350003087040000A9002000220023014822F099
:10E36000A6BC00BF0C33002010B5C36A044663B9D5
:10E370000C4992230C4A0D4820F000FF0C4820F075
:10E38000FDFE9221084820F0F0FE22F086FE204695
:10E39000084918F095F804F1100027F02CFE002031
:10E3A00010BD00BF26CF0400ECCE040013AD040066
:10E3B0004ECF04002710040010B50446103027F09B
:10E3C00027FE2146BDE81040014827F09FBE00BF50
:10E3D00018420020F0B5C36B04460E4689B003B363
:10E3E00018F0E4F810F0050F02D0204618F024FAD7
:10E3F00001A827F000FE04F1100700220023384690
:10E4000017F050FC054670B90022002301A817F050
:10E4100049FC0146A8B923691BB121460B4827F0E6
:10E4200075FE09B0F0BD3146E36B984720B921462F
:10E43000284622F025FEE0E7294601A827F0E8FD5E
:10E44000DBE7384627F0E4FDDEE700BF1842002096
:10E45000034B1A6882420CBF18460020704700BF69
:10E46000B84200201FB590F83020034612F0010F8B
:10E4700009490BD06A460868496803C2694653F8DF
:10E48000380C22F099FE05B05DF804FB8868C96875
:10E4900002AA03C202A9F2E71883040013B50446D6
:10E4A0006B46084A9068D16803C3694654F8080C63
:10E4B00022F082FE94F8603023F0010384F860308B
:10E4C00002B010BD1883040010B509480C4622F0B4
:10E4D000E9FD00280ADB4CB9054822F049FE04603A
:10E4E0000471BDE81040024822F034BE10BD00BFE8
:10E4F000E45900202DE9F04782B000AF804616466F
:10E500001C46FFF7A5FF8146A8B96C4688B06A464D
:10E51000304BC2E90538032342F8103F4FF4C25193
:10E5200003462D48F9F796FFA5466FF0100008370F
:10E53000BD46BDE8F087294822F0B4FD31460546C6
:10E540002246264822F0B6FD10F10C0F0646ECD00C
:10E5500000280CDA214822F00BFE10B100230360E2
:10E5600003711E4822F0F6FD6FF01200DFE7002D68
:10E5700028DA1A4822F0FCFD82464046FFF768FF81
:10E580000546C8B190F86830D9070ED44FF4281367
:10E59000134A39464046C7E9002322F00DFE95F89C
:10E5A000683043F0010385F868304FF420320023CF
:10E5B00005F1080018F0F8FBCAF8008099F86930F6
:10E5C0008AF804301EB93146044822F0ABFD2046DB
:10E5D000ADE700BFA0CF040008810400E45900208B
:10E5E0000600090010B50124124B134913481C7092
:10E5F00018F0A2FA1249134818F09EFA0021224698
:10E60000114827F01EFD1148114BC362114B0363E3
:10E61000114B4363114B8363114BC363FFF7A4FE9C
:10E62000034630B10F4A2146BDE810400E4821F0A4
:10E6300069BE10BD7E7D00209DE40100C042002027
:10E6400065E40100F042002024430020E45900204A
:10E650006DE60100EF11040085110400791104003A
:10E6600093110400C2CF0400088104002DE9F04F8B
:10E6700004468FB018220021684628F00FFE3B4B5D
:10E68000D4F818900193E3680293394B0493B9F1DD
:10E69000000F0BD1052604F1180022F06DFD204675
:10E6A00022F0D8FC30460FB0BDE8F08F484606A9EE
:10E6B00004F026FD06460028ECD19DF83430022BEC
:10E6C000E8D1204622F093FD054608B90126E2E78D
:10E6D0004846FFF7BDFE07460028DBD090F86930BA
:10E6E000002BD7D0227F9A42D4D100F16C0A504639
:10E6F00017F062FCB346B046238A4345CBD997F85E
:10E700006920002AC6D0217F9142C3D108EB0502BF
:10E710009A42C4BFA3EB08039DB269464846ADF8D0
:10E720000C5007F00BFE10F10C0F09D1BBF1000FDC
:10E7300003D1132D18D9C5F34F0519F00BFBDBE7F7
:10E740000028C3D1E26808EB05031FFA83F812FA28
:10E7500083F302934FF0FF324FF0FF33504617F030
:10E76000B1FB4FF0010BC7E7022694E76087040076
:10E77000FF11040080B500AF88B06A46064BC2E9BD
:10E780000530032342F8103F00234FF4C2510348E1
:10E79000F9F760FEBD4680BDA0CF040008810400EB
:10E7A00038B50546FFF754FE044629460E48FFF7E4
:10E7B00011FE9CB10025204684F8695040F8085BA2
:10E7C00018F0F8FA04F1380018F0F4FA84F86850F8
:10E7D00004F16C00BDE8384017F0F0BA2846BDE8F7
:10E7E0003840FFF7C7BF00BFE459002008B5E9B9BA
:10E7F0000F4A13684BB10F490F48A1230F4A20F06D
:10E80000BDFCA1210D4820F0B0FC0D4910600B7833
:10E8100082F869300133DBB2012B38BF01230B7062
:10E8200002F16C00BDE8084017F0C6BB08BD00BF90
:10E83000B8420020821E050013AD0400F3CF04008F
:10E840007E7D002008B5044827F059FB00280CBF46
:10E850006FF01200002008BD487704002DE9F04158
:10E86000054600F12007384622F0D3FC044608B9DB
:10E87000BDE8F081A4F13008464634F82E3CA5608E
:10E880001A0744BF43F0280324F82E3C738813F082
:10E89000030305D14046C6E90D3522F0E3FCE2E76B
:10E8A00034F82E3CC3F3400203F001039A420CD12A
:10E8B00015495823154A164820F060FC154820F0E9
:10E8C0005DFC5821114820F050FCA068203022F057
:10E8D000A0FC50B910495D230C4A0D4820F04EFCB5
:10E8E0000E4820F04BFC5D21ECE77388A0F130026C
:10E8F0001B0742BF30F82E3C43F0280320F82E3C83
:10E90000726316468560C1E792D0040063D00400AC
:10E9100013AD0400A9D00400DAD00400EED0040046
:10E920002DE9F04F0646894682464788846B87B0BA
:10E9300007F010030492029307F0080704F10C0B90
:10E94000DAF80C30BAF8028003933378012B40F0E8
:10E950008980758815F0040512D07369002B7FD06B
:10E96000B26BD1690A7989685B1A43FA02F5336997
:10E97000D340684A02EA052545EA035545F00105FA
:10E98000DAF834300093029B002B77D09AF80030ED
:10E99000012B40F0AE8018F0040F00F0AA80002F89
:10E9A00062D1CAE9047700220AF13003CAF83020A4
:10E9B000EFF31182202181F31288BFF36F8F216A58
:10E9C00023620B6082F31188BFF36F8F2046FFF73D
:10E9D00045FF18F02003019369D1D4F818A05046E0
:10E9E00022F017FC0590002800F086801022019983
:10E9F00028F054FCBAF80E20059B013AAAF80E2024
:10EA0000039AC3F80490C3E90225019A1A60EFF350
:10EA10001182202181F31288BFF36F8FE16AE362D4
:10EA20000B6082F31188BFF36F8FDBE8AF3F5A1C96
:10EA3000DBE8EF1F994203D1CBE8E02F0028F7D1A4
:10EA4000F3D163682BB1013B636013B9206817F001
:10EA5000B5F9A06817F0B2F929E0DDF800A06FE77A
:10EA60001D4686E700258BE7DAE90431002C3AD011
:10EA700000293BD0E06958BBCAE904000021636962
:10EA80000AF13002CAF83010EFF31181202080F330
:10EA90001288BFF36F8F18681A60026081F31188C3
:10EAA000BFF36F8FDA890132DA81002F91D0049B96
:10EAB000002B08BF6FF08B0918F0020FCDD118F0B2
:10EAC000010F23D0009807B0BDE8F04F22F0CABB79
:10EAD00013B9CAE90433D1E7027923FA02F2F6F74F
:10EAE0007DF90023F5E7CAE90444C7E7CAE9041140
:10EAF000C4E7002FC2D156E704F11003D3E8EF1F9B
:10EB00000131C3E8E21F002A8FD0F7E707B0BDE864
:10EB1000F08F00BF00FF0F00F8B5002520262D4B19
:10EB20002D4CA34227D92D4913232D4A2D4820F0DF
:10EB300025FB2D4820F022FB1321294820F015FB4E
:10EB4000196901EB821101F130000D63EFF31181BE
:10EB500086F31288BFF36F8F1F681860386081F3E7
:10EB60001188BFF36F8F013299899142E8DC143329
:10EB7000D7E70022F8E7FCD3002520261B4B1C4CCE
:10EB8000A34224D91B491923154A164820F0F6FA46
:10EB9000154820F0F3FA1921CFE71869170100EBA7
:10EBA0000211C551EFF3118086F31288BFF36F8F06
:10EBB0001F681960396080F31188BFF36F8F0132CD
:10EBC00099899142E9DC1433DAE70022F8E7FCD3B3
:10EBD0000020F8BD1C3500203035002072D1040023
:10EBE00047D1040013AD0400B7B104003035002054
:10EBF0004435002096D104000021C0E906110249E5
:10EC0000183019F067BD00BFC11204000146014869
:10EC100016F0E0BCA02F002007B500230022094811
:10EC200001A916F04BFC58B9019B1863012203F1AE
:10EC30001000114627F005FA019803B05DF804FBB7
:10EC40000020FAE7A02F00200B460146B8B103B11F
:10EC500012B90B4816F0BEBCC0E90E32094A8260F8
:10EC6000002242605B7843B1FF2B4FF0FF3318BFA7
:10EC7000002305480B60F7F745B90123F9E7704712
:10EC8000A02F0020C91204002C5A00200E4B40294E
:10EC900028BF402170B51D460C4C4618B04203F108
:10ECA000020304D1002305F81130074870BD027833
:10ECB0001209A25C03F8022C10F8012B02F00F02DB
:10ECC000A25C03F8012CE9E79D7D0020D4D104006B
:10ECD00030B503788BB0044607AD032B21D8DFE8AD
:10ECE00003F0021A1C1E12492846F3F761F8059535
:10ECF00063781E210493A3780E4A0393E3780E48A9
:10ED000002932379019363790093A3791FF0EAFAC0
:10ED100009480BB030BD0949E6E70949E4E709496C
:10ED2000E2E70A212846084A1FF0DCFADFE700BFC5
:10ED30008F990400B19904007F7D0020969904000A
:10ED40009D990400A7990400FAFC04002DE9F34101
:10ED50000446174698461F4DD5E8AF3FDA071DD544
:10ED600038B901211C4A1D4821F0C3FA6FF0010097
:10ED700015E001A921F0EAFD19490246204628F0D4
:10ED8000A5FA0028F2D1D5E8AF3FC3F3C0061B07B0
:10ED900008D50221134A114821F0ABFA002002B035
:10EDA000BDE8F081A5F1D404072221464046B847CA
:10EDB00006280AD801210C4A084821F09AFA45F899
:10EDC000D46CE671C4F80360E8E70723B0FBF3F006
:10EDD000E071E3E724270020ECD104006880040000
:10EDE000381805000DD2040031D204002DE9F0419D
:10EDF00088B0DDF838809C795D791E79DF7893F8EA
:10EE000002C093F801E01B78B8F1000F0ED0CDE9F5
:10EE10000638CDE904CE1346CDE90267CDE90045B9
:10EE2000084A1FF05FFA08B0BDE8F081CDE905E3BC
:10EE3000CDE9037C1346CDE90156034A00941FF047
:10EE400051FAF0E756D204007AD2040010B5FBF76D
:10EE5000CDFB044628B101210346034A034821F0B3
:10EE600051FA204610BD00BF9BD204006880040008
:10EE700070B504461E4615468CB0A2B129B10A46AB
:10EE800002A8042120F0A1FA02A900912B462246F3
:10EE9000242103A8FFF7AAFF3146109A03A8FBF725
:10EEA000F1F90CB070BD03462421044A03A81FF0F9
:10EEB00019FA0028F0DA6FF01500F2E7C0D204006A
:10EEC00007B50B4B0B48DA79C2EBC2020092002265
:10EED0001146FFF7CDFF034638B10121064A074826
:10EEE00003B05DF804EB21F00DBA03B05DF804FB4C
:10EEF0005026002038180500C6D20400688004009F
:10EF000030B5044615468DB092B129B10A4602A823
:10EF1000042120F05AFA02A900912B46224624210E
:10EF200003A8FFF763FF03A821F0E8FC0DB030BD94
:10EF300003462421044A03A81FF0D4F90028F2DA7A
:10EF40006FF01500F2E700BFC0D2040007B50093D0
:10EF500013460A4601460348FFF78AFF03B05DF8EF
:10EF600004FB00BF44F604000A4601460148FFF7CF
:10EF7000C7BF00BF44F6040007B5009313460A4616
:10EF800001460348FFF774FF03B05DF804FB00BFC0
:10EF90003EF6040007B5009313460A4601460348AF
:10EFA000FFF766FF03B05DF804FB00BF1AF404002E
:10EFB00007B500220346009103481146FFF758FFAA
:10EFC00003B05DF804FB00BF36F6040008B5024844
:10EFD00017F09EFB002008BDBC2A0020F8B5194D93
:10EFE000D5E8AF3F13F0010F2E4628D015F8CD3CE1
:10EFF000A5F1D4078BB902F07BF8044630B10121AA
:10F00000114A124821F075F92046F8BDFB7923B961
:10F0100002F07EF804460028F1D1D5E8AF3F5A0748
:10F0200001D400F069FFD6E8EF3F23F40062C6E8A0
:10F03000E12F0029F7D11B0501D5FFF7C7FF0024F9
:10F04000E2E700BF24270020E1D20400688004002A
:10F0500007B5009313460A4601460348FFF708FF29
:10F0600003B05DF804FB00BF8CFB04000A460146B8
:10F070000148FFF745BF00BF8CFB040030B50024FA
:10F08000094D0A4B85B028460293039417F03CFCC7
:10F0900002AB284600934FF4E1620A23044917F0BB
:10F0A0004DFC204605B030BD4044002014D3040080
:10F0B00000C100200146014817F06ABD404400200D
:10F0C0000146014827F022B840440020037830B5BB
:10F0D000012B13D0022B27D07BB90A46184B03F122
:10F0E000100453F8045BA34242F8045BF9D11B7887
:10F0F000137043884B731B0A8B7330BD0A46104B49
:10F1000003F1100453F8045BA34242F8045BF9D105
:10F110001B7813704368C3F307224B731B0CCB732C
:10F120001B0A8A730B74E8E700F1100350F8042BF4
:10F13000984241F8042BF9D103780B70DDE700BF4A
:10F140001DD3040010B5044618F0FEFC044B1B68E8
:10F150000BB120469847BDE8104018F063BD00BFD2
:10F16000545A002038B50446022C1046194610D0D7
:10F17000082C16D0202C14D01D4970231D4A1E487F
:10F180001FF0FCFF1D481FF0F9FF702119481FF008
:10F19000ECFF1B4821F08BFD054600BB00252846EF
:10F1A00038BD02460B46174821F081FD0546002870
:10F1B000F4D0082C1AD00CD8012C11D0042C15D066
:10F1C00011490D485223114A1FF0D8FF52210F4810
:10F1D000DDE7102C01D0202CF2D1052400E004241E
:10F1E000214605F10C0021F09CFDD8E70224F7E749
:10F1F0005DD304002ED3040013AD0400A2D3040099
:10F2000070320020A0310020821E0500C2D304000D
:10F210000F2810B50CD80D280CD90A4821F047FD4D
:10F22000044618B104210C3021F07BFD204610BDAE
:10F230001328F2D009B10448F0E70220BDE81040DD
:10F24000FFF790BF403300203C32002038B50B68F8
:10F2500005460C464BB90E490E48FA230E4A1FF0DC
:10F260008DFFFA210C481FF080FF4A68DA600B68B6
:10F270004A895A820868FDF777FB20461022002150
:10F2800028F00CF82846BDE8384022F0E2B800BF6C
:10F29000F4D3040013AD04002ED304002DE9F84389
:10F2A00005460C461F4616464AB92649D623264A25
:10F2B00026481FF063FFD62123481FF056FF38B9B8
:10F2C0002349D723204A21481FF058FFD721F3E7CD
:10F2D00001F10C09484621F00CFD38B91D49DB232A
:10F2E000194A1A481FF04AFFDB21E5E7204622F0C1
:10F2F000D0F8804638B11849DD23134A13481FF06F
:10F300003DFFDD21D8E705F10C01484621F0D3FC93
:10F31000484621F0EEFC012310FA86F068826B72F9
:10F32000314648462E82FDF711FCE36828467B6093
:10F33000638AC4F80C807B81A4F812803C60BDE82D
:10F34000F88300BF393905002ED3040013AD040043
:10F3500001D4040006D4040023D40400C3680221AD
:10F360001B78024A024822F0D4B800BF4BD40400F4
:10F370002080040070B5C6683378B6F8014083B9C0
:10F380000F21204603F048FAF378054650B90A4A9F
:10F39000118831B96FEA04506FEA10501080074AA3
:10F3A000137070BD0373012103F054F92846BDE8C2
:10F3B000704003F0FFB800BF1C7D00201E7E0020BF
:10F3C00070B5C3681D78BDB9B3F801600F21304630
:10F3D00003F022FA044638B93346BDE870400121F3
:10F3E000064A074822F095B8294603F033F920462B
:10F3F000BDE8704003F0DEB870BD00BF73D40400F8
:10F400002080040010B5C3680121B3F801402046F4
:10F4100003F002FA38B92346BDE810400121044A3E
:10F42000044822F076B8BDE8104003F0C3B800BF2E
:10F4300099D404002080040010B5C36801211C8801
:10F44000204603F0E9F938B92346BDE81040012110
:10F45000034A044822F05DB8BDE8104003F0AAB8A2
:10F4600099D4040020800400012110B50C30FDF770
:10F470008BFBBDE8104003780121024A024822F0CC
:10F4800048B800BFBDD4040020800400014610B578
:10F490000848FDF7A3F90849084826F037FE031E7F
:10F4A00006DABDE810400121054A064822F031B8CD
:10F4B00010BD00BF9C270020DC2A0020E044002073
:10F4C000DFD404002080040010B5084C0146062259
:10F4D00094F86F0003F0F2FD38B994F86F0005223C
:10F4E000BDE81040024903F0E9BD10BD50260020E0
:10F4F000BAD104000121024A024821F0FDBF00BF39
:10F50000FCD40400208004000B46B0B50D8A00AF87
:10F5100004462946D868FFF7B9FB8AB06A46094B0A
:10F52000C2E90750C2E9053440F202439384064B16
:10F530004FF43251054842F8103F21F0ECFFBD4630
:10F54000B0BD00BF16D504000500000120800400F6
:10F5500070B5C5680121B5F80160304603F05CF96B
:10F56000044638B93346BDE8704001210B4A0C48C7
:10F5700021F0CFBF2B783BB9D5F80330C0F89530D8
:10F58000D5F80730C0F89930201D4FF4803121F0B4
:10F59000B5FF2046BDE8704003F00CB899D40400D4
:10F5A00020800400B0B53C28044600AF1AD101F019
:10F5B0007BFF6FF08001103021F0B0FF0020FFF7DB
:10F5C00083FF054630B90121114A124821F094FF0A
:10F5D000BD46B0BD0473002103F03CF8284602F09C
:10F5E000E9FFF5E76D468AB06A460B4B4FF41251BE
:10F5F000C2E90530094B0748D36140F20133138457
:10F60000074B42F8103F21F086FFAD46E0E700BF10
:10F6100038D504002080040059D5040037B2040016
:10F62000040000012DE9F3470023074688461646EB
:10F63000DFF81491D9E8EF4FC9E8E23F002AF9D189
:10F6400044B93B460121414A414802B0BDE8F04778
:10F6500021F05FBF2046FCF797FF4FF00C0A3D4DAD
:10F660000AFB00504388BB4220D02046FCF78CFFA9
:10F670000AFB0050438801210093374A3B46344837
:10F6800020F04AFED9E8EF3FC9E8E24F002AF9D15D
:10F69000002B56D03149324840F6C413314A1FF08E
:10F6A0006DFD40F6C4112F481FF05FFDA64208D043
:10F6B0002046FCF78DFF328AF16804F10C0021F03E
:10F6C00024FB2046FCF760FF0C2606FB0050436835
:10F6D000ABB1B8F1000F12D12046FCF755FF012164
:10F6E00006FB00504268D2E90003127A03F01F06BD
:10F6F000B1405B09FAB100EB830021F0FFFE204628
:10F70000FCF742FF0C2606FB005083686BB12046D5
:10F71000FCF73AFF704305F800802046FCF734FF01
:10F7200006FB0055A86816F049FB204602B0BDE86C
:10F73000F047FDF719B9C94300EB830021F0EEFE55
:10F74000DDE702B0BDE8F0879827002075D50400FA
:10F7500020800400585A00209DD5040004D60400DF
:10F7600013AD0400D0D5040037B50446084602EBBB
:10F77000C3039A4202D16FF05E0010E0114611F807
:10F78000085BA54211D1038A5178994209D90848EA
:10F790000121084A009420F0BFFD6FF0150003B06E
:10F7A00030BD536898470020F9E70A46E1E700BFFB
:10F7B0002080040009D6040073B54048FDF778F8AE
:10F7C0000446002877D000F10C05284621F081FA84
:10F7D0000228034603D0042848D0394A03E0238A8C
:10F7E000032B05D8374A0121374821F092FE13E058
:10F7F00004212846FDF7C8F9FF23428806882376AE
:10F80000238AC6F30B009A42608309D0012100923B
:10F810002D482E4A20F080FD2046FDF7A5F812E085
:10F820000F2102F0F9FF054610B9638B284ADAE789
:10F8300003F032F821462076320B284602F054FDC0
:10F84000284602F0B7FE234BD3F84C31002B32D0C0
:10F850002149224826F05AFC031E2CDA0121204AB5
:10F86000194802B0BDE8704021F053BE238A012B35
:10F8700001D81C4AB7E728460221FDF785F905465D
:10F88000007821F027FE10F002060DD140F60C435F
:10F89000154A164916481FF071FC86F31188BFF30C
:10F8A0006F8F0323184602DF06232146114A28786A
:10F8B00021F04CFEB0E702B070BD00BF9C270020D5
:10F8C000DCD604002BD60400208004004CD60400B3
:10F8D00070D6040050260020DC2A0020E0440020DE
:10F8E000DFD4040092D60400D0D50400AED60400C4
:10F8F00013AD04002888040010B5012104460C3023
:10F90000FDF742F92146BDE810400823014A00787E
:10F9100021F01CBE58880400F8B50121044600AF50
:10F920000C30FDF731F90678002321463046104AA5
:10F93000FFF71AFF5F3018D1258AE0682946FFF7E4
:10F94000A5F96C468AB06A460A4BC2E90750C2E97B
:10F95000053640F202439384074B4FF43251074877
:10F9600042F8103F21F0D7FDA546BD46F8BD00BFC7
:10F9700098880400F0D604000500000120800400EF
:10F9800073B5C5680121B5F80160304602F044FF47
:10F99000044640B9334601213A4A3B4802B0BDE82B
:10F9A000704021F0B6BD2B78061D1A2B19D1C378F3
:10F9B000012B4ED14FF48041304621F09FFD42048F
:10F9C0000FD4D4F8883069460093D4F8903020469C
:10F9D000019303F079FF204602B0BDE8704002F0C9
:10F9E000E9BD2B78ABBB40F67A41B5F80320A4F80B
:10F9F000862093B2B5F80520A4F88C20B5F807202E
:10FA0000A4F88E209A1F92B28A4204D902211F4A7A
:10FA10001D4821F07EFDB4F88C30B3F5FA7F04D395
:10FA200002211B4A184821F074FD40F67641B4F8D3
:10FA30008E30A3F10A0292B28A4204D90221154AF9
:10FA4000114821F066FD6FF48051304621F066FDCB
:10FA500014E0D6E8AF3FDB04F5D52B78202BF2D1AC
:10FA600094F89430002BEED0013B84F894304FF49E
:10FA70002032002304F1400017F00EF9204603F075
:10FA800051F9A8E799D404002080040022D704008B
:10FA90004AD7040071D704002DE9F04F83B0012349
:10FAA000D0F80C80018A98F8004000AF03EB840383
:10FAB0008B4277D96D468AB06A46C2E90731052381
:10FAC0003B484FF42151C2E905043A4842F8103F3F
:10FAD00021F021FDAD460C37BD46BDE8F08F4B4609
:10FAE0005A460121334821F014FD013598F80030C1
:10FAF0009D42F0DA08EB8503B3F801900F214846E8
:10FB0000B3F8036002F088FE04460028E7D000F155
:10FB1000C0091EB9204602F04DFDE6E7636983B9CE
:10FB20000121254A234821F0E7FC244940F29D2386
:10FB3000234A24481FF022FB40F29D2120481FF059
:10FB400014FBA1691A688B422046626108BFA2615A
:10FB50007B6002F051FB16F031F97B68C3F800A01E
:10FB6000226A82B9C4E90733D9E8AF3F013EB6B291
:10FB700063B9154940F2A623114A12481FF0FEFA54
:10FB800040F2A621DAE713602362EDE7D9E8EF3F00
:10FB9000013BC9E8E23F002AF8D10021204602F0EB
:10FBA00037FBB6E70025DFF824B0AA469EE700BF82
:10FBB0009DD7040020800400E4D70400821E0500C5
:10FBC000D0D5040013AD0400FBD70400C8D704004F
:10FBD000054BD3E8AF2F02F00B02D3E8EF1FC3E8C9
:10FBE000E02F0028F9D170472427002010B5C1E983
:10FBF00000239DF808300C460B72FCF7C5FC0C2264
:10FC0000024B02FB00335C6010BD00BF585A00205D
:10FC1000F8B502460B46104821F049F80446C0B139
:10FC200004210C30FCF750FF2046FCF7ADFC0C27FC
:10FC300000260A4D07FB005046802046FCF7A4FC36
:10FC400007FB005086602046FCF79EFC07FB005532
:10FC50006E602046F8BD00BFD8320020585A002000
:10FC600029289ABF014B185C09207047AADD0400BF
:10FC700070B5C3680F21B3F801601D78304602F0FB
:10FC8000CBFD044638B93346BDE870400121174A20
:10FC9000174821F03EBC65B12846FFF7E1FF294631
:10FCA0000246204603F038F92046BDE8704002F0D5
:10FCB00081BC8678012EEFD107F074FF204621F039
:10FCC000F1FB0028E8D10520FFF7CAFF0521024615
:10FCD000204603F021F93146064A054821F00CFC84
:10FCE0000521204602F062FEDEE700BF73D4040067
:10FCF0002080040014D804002DE9F041C6680F21CB
:10FD0000B6F801703578384602F086FD044638B9F9
:10FD10003B46BDE8F04101211F4A204821F0F9BBD4
:10FD200045B12846FFF79CFF29460246204603F0CE
:10FD3000F3F808E0F278C37A934209D10221184A15
:10FD4000164821F0E6FB2046BDE8F04102F032BC47
:10FD50008378C272012B05D00020FFF781FF0021BC
:10FD60000246E3E70AB107F01DFF204621F09AFBA7
:10FD70000028F1D10520FFF773FF05210246204638
:10FD800003F0CAF80121074A044821F0B5FB052118
:10FD9000204602F00BFED6E773D404002080040056
:10FDA0003AD8040014D8040070B590B06C460646EA
:10FDB0000A4D0F2E0FCD0FC40FCD0FC40FCD0FC4A2
:10FDC00095E80F0084E80F009DBF10AB03EB86069B
:10FDD00056F8400C024810B070BD00BF9C82040071
:10FDE00069D80400034B0146D3F870018268926819
:10FDF000104700BF502600202DE9F84300F10C0603
:10FE00000446304620F075FF012105463046B4F81F
:10FE10001080FCF79BFE238A012B09D80121194A87
:10FE2000194821F076FB2046BDE8F843FCF79CBD5D
:10FE300030460221FCF7A8FE0746007821F04AFB75
:10FE400010F0010906460DD141F236030F4A104960
:10FE500010481FF093F989F31188BFF36F8F0323C4
:10FE6000184602DF052321460B4A387821F06EFB45
:10FE7000B307D8D56369A4F8108013FA85F5E56057
:10FE8000BDE8F88392D6040020800400D0D5040099
:10FE900071D8040013AD04000088040038B50C4686
:10FEA00017F052FEE2681378022B1CD0042B0AD004
:10FEB00001210F4A0F4821F02CFB2046FCF754FD8E
:10FEC0006FF015040BE0507821F004FBC2070546E3
:10FED00002D52046FFF790FFAB0704D4002417F0AB
:10FEE000A1FE204638BD2046FFF7D0FAF6E700BF56
:10FEF0008AD80400208004002DE9F84F042100AFC7
:10FF0000454821F0FBFA6D4688B06A46434B4FF4F2
:10FF1000E6515361424B434893614FF4007393831E
:10FF2000414B424C42F8103F21F0F5FAAD46E279E0
:10FF30003F4B404E2046012A88BF1E46FEF7C8FEB2
:10FF40008AB06A463C4BD061C2E905363B4B4FF460
:10FF5000235113623A4B334842F8103F21F0DBFA49
:10FF6000A346AD460125374EDFF8DC80DFF8B490BC
:10FF7000E3790BF1070B9D4238DB94F870506E4625
:10FF80002846FFF711FF8CB06A46B4F87210B4F837
:10FF90007630C2E907514FF400755362DFF8ACC008
:10FFA0002B4BC2E905C015854FF4535142F8103F61
:10FFB0001C4821F0B0FAB54694F871603046FFF75E
:10FFC000F3FE8AB06A46B4F874302249C2E9076386
:10FFD000214BC2E9051095844FF43351114842F882
:10FFE000103F21F098FABD46BDE8F88F5846FEF75D
:10FFF0006FFEEA468AB06A4640F20133C2E90565FF
:020000040002F8
:10000000D06113844FF41351484642F8108F21F009
:1000100082FA0135D546ABE724270020A2D8040098
:10002000B4D8040020800400030000015026002002
:100030009ED8040037B20400B8D8040000020103BF
:1000400004000002C7D8040004000001D8D804004E
:100050000600000116D904000500000108B5084893
:10006000C37933B90321074A074821F045FA002034
:1000700008BD0821D43021F041FAFFF73DFFF6E733
:10008000502600203DD9040020800400004870471D
:1000900047A30400014816F03BBB00BFCC2A002058
:1000A00070B505460C4659B94FF0FF304FF0FF319F
:1000B000FFF7AEFD044618B96FF06805284670BD1D
:1000C0002046FCF761FA0C22184BA61802FB0033FD
:1000D00030465D8020F00DFE03280BD90321304609
:1000E000FCF714FD0580238A0121033B8370304611
:1000F00020F0E8FD40F635439D420FD12046FFF742
:1001000071FE05460028D9D003460121084A094856
:1001100021F0FFF92046FCF727FCCFE721460648EF
:1001200025F076FF0025FFF7B5FFC7E7585A0020F6
:100130006AD9040020800400A42700202DE9F041A2
:100140000446458B077E807AFCF716FA61690646FD
:1001500049B1637ADA0704D4C36A20461B689B68F6
:100160009847002363612146304625F05CFF254B0C
:1001700093F88A309B0642D5384603F027F90446A7
:1001800038B93B46BDE8F04102211F4A1F4821F023
:10019000C0B9437B073B012B09D91C4802211C4AEB
:1001A00021F0AAF92046BDE8F04102F003BA02F0BE
:1001B00001FA4FF0FF304FF0FF31FFF729FD044601
:1001C00030B9BDE8F0410121124A104821F094B93C
:1001D00000F10C0701213846FCF7F4FC012604214C
:1001E00006703846FCF7EEFC002305808670C3706D
:1001F0002146BDE8F04140F63540FFF751BFBDE86C
:10020000F08100BF50260020CED9040020800400D9
:10021000F7D9040023DA0400F0B5C56801212F885E
:1002200087B0BCB2204602F0F7FA064640B9234632
:100230000121274A274807B0BDE8F04021F069B9FD
:1002400002ACD5F80220D5F80630019469890091F6
:1002500022F092FE48B34FF0FF304FF0FF31FFF72E
:10026000D7FC054648B901211B4A1A4821F044F938
:10027000304602F09FF907B0F0BD12210C30FCF7B8
:10028000A1FC0346224623F8027B06AF144603CCAA
:10029000BC4218605960224603F10803F6D1294692
:1002A00042F21A00FFF7FCFEE2E74FF0FF304FF09A
:1002B000FF31FFF7ADFC04460028D4D002210C30FA
:1002C000FCF780FC2146078042F21B00EAE700BFF2
:1002D00099D404002080040046DA040073B5C36892
:1002E000D9789A781E8842EA0122ADF8002059791F
:1002F0001A79B4B242EA0122ADF80220D9799A798A
:10030000204642EA0122ADF804201A7A5B7A0121E4
:1003100042EA0323ADF8063002F07EFA054658B9EA
:1003200001211D4823461D4A21F0F3F802212046F1
:1003300021F048F902B070BD694602F051FD38B9AC
:100340001E21204621F03EF9284602F033F9F1E75C
:100350004FF0FF304FF0FF31FFF75AFC0446002802
:10036000F2D00E210C30FCF72DFC00230680C0F8E3
:100370000A30BDF8003021464380BDF8023083804A
:10038000BDF80430C380BDF80630038142F220007E
:10039000FFF786FED8E700BF2080040099D4040050
:1003A00038B502460B462B4DD5F8541109B900203B
:1003B00038BD05F5987015F085FD0028F7D10022AD
:1003C000002305F5AA7015F06DFC044668B940F6E7
:1003D0001B43214A214922481EF0D0FE84F3118894
:1003E000BFF36F8F0323184602DFD5F848315BB1A6
:1003F00001211C4A1C4821F07FF8D5F84801FCF780
:10040000B3FA0023C5F848312046FCF7DBFAC5F8FB
:1004100048012046FFF7E6FC0346C8B10121134A14
:10042000114821F076F8124815F0C8FC2046FCF778
:10043000ABF80C220F4B02FB0033588818B1224650
:100440001F21FFF7EFF82046FCF78EFAFFF722FE98
:100450000120ADE750260020D0D5040005D60400C9
:1004600013AD04005DDA0400208004006AD90400A2
:1004700080270020585A00202DE9F04F87B006460B
:1004800090460C4600AF71B94FF0FF304FF0FF318E
:10049000FFF7BEFB0446C0B96FF0680528461C375D
:1004A000BD46BDE8F08F887AFCF766F8514B834271
:1004B0000BD05149514840F2C513514A1EF05EFE1F
:1004C00040F2C5114E481EF050FE01220021384670
:1004D00025F0B7FD2046FCF757F80C23DFF824B1D0
:1004E00003FB00B087602046FCF76CFA01463046FB
:1004F000FFF7D6FD054618B12046FCF735FACDE7E3
:1005000026F0F4FF404B1A58404B9A421ED1404807
:1005100025F093FD002182464FF4A020FFF740FF15
:10052000814688B94FF4F973354A3A4933481EF089
:1005300025FE314638481EF021FE89F31188BFF3AD
:100540006F8F0323184602DF5445E0D14FF4A022F9
:100550000023384615F0B6FC814698B14FF4FC7381
:10056000274A2E4925481EF009FE4A4631462C48A6
:100570001EF004FE002383F31188BFF36F8F032363
:10058000184602DF2046FBF7FFFF0C2358431BF8F9
:100590000090B9F1000F23D06D468AB06A46214B16
:1005A000C2F81C90C2E905361F4B4FF4325113625A
:1005B00040F2024393841D4B1D4842F8103FA9F1BD
:1005C000090920F0A8FF2046AD465FFA89F9FCF73B
:1005D000CBF9B9F1090F09D8164B13F909505DE7AA
:1005E000B8F1000F88D0C8F8004057E76FF0040555
:1005F00054E700BFD8320020821E050013AD04006E
:10060000D0D50400585A002008000000704D00208A
:10061000A427002078DA040080DA040026F8040019
:10062000A0DA0400E5DA040037B204000500000196
:1006300020800400A0DD0400F7B5144B054693F9B3
:100640009B300C46002B1DDA14B9204603B0F0BDD8
:10065000082C4FF0000142F2180001AA264628BFDC
:100660000826FFF709FF0028F0D1019F3246F968FC
:100670002846013126F0EBFD3846FCF775F9354484
:10068000A41BE1E76FF08500E0E700BF50260020E3
:1006900073B506460D4642F22F00002101AAFFF76E
:1006A000EBFE044638B10121144A154820F024FF1E
:1006B000204602B070BD0198C368B3F801203280B3
:1006C000B3F803302B80FCF74FF93388A3F11B02FA
:1006D000E02A04D902210B4A094820F01AFF44F20B
:1006E00048112B88A3F5A47292B28A42E0D9022164
:1006F000054A034820F00DFFDAE700BF04DB0400E1
:100700002080040024DB040049DB040010B5F1F76D
:10071000AFFC034B1B6813B1BDE81040184710BD78
:10072000F45A002073B52D4D0646D5F8700125F01A
:10073000E6FB48B901212A4A2A4820F0DDFE6FF085
:100740001204204602B070BD6FF0020105F1D40022
:1007500020F0E4FE012120F0D1FEC3073AD4FEF7D9
:1007600075FB04460028ECD11F4B1E60012205F5E5
:100770009870114625F065FC05F5AA7025F03BFC44
:100780001A4816F0C1F86FF007034FF49662184943
:100790001648009416F0D2F81649144825F0CCFCFF
:1007A000D5F87001144983681B689847044630B136
:1007B00003460121114A0B4820F0ABFEC1E726B9E0
:1007C00002B0BDE87040F1F753BC05F1C40015F06C
:1007D0009FFFB6E76FF07704B3E700BF5026002015
:1007E000FBDC040020800400F45A0020E0440020D8
:1007F00008C8002013DD04009DFE01001CDD04007C
:100800002DE9F04F85B00478054600AF5CB1694929
:10081000694840F27E53694A1EF0B0FC40F27E51B6
:1008200066481EF0A2FC664BB0F80190198849F4A6
:100830007042914205BF1C80624BA04693F8008035
:1008400000F0E6FAEB782E1D012B08BF5E4B304618
:1008500008BF93F86F4020F0F0FD314668B34FF0C9
:10086000010A07F1080020F0DDFDD5F81130C7F8C6
:100870000130B5F81530A7F80530EB78012B2FD0F3
:100880003046FEF725FA6C4688B06A464F4B4FF467
:10089000E251C2E905304FF4007393834C4B4D484D
:1008A00042F8103F20F037FE1321A546484620F0BD
:1008B000A5FE1437BD46BDE8F08F204620F0E9FFC5
:1008C0000346006895F804A0B8609A889B79686828
:1008D000BA81BB73B288B3793860BA80BB71CCE798
:1008E00007F10800FEF7F0FDEB780446012B0AD172
:1008F00000F0DAFD83466FF08001103020F00EFE2C
:10090000584621F0E1F8002CBAD02346B5F8012072
:1009100023F8702BBA7BB868B98920679A710022D6
:100920009980B5F81730A4F88630B5F81930A4F8D6
:100930008C30B5F81B30A4F88E30EB782273012B85
:10094000E37022D187F800A0BA88BB793868A4F890
:100950007B2084F87D30C4F8770000F0A5FD237A71
:10096000194AC3EBC3039918D358C4F87E308B8857
:10097000A4F882308B7984F88430D2E9381303F0FC
:100980003F03194301D000F051FF0721204601F039
:1009900061FEB8F1000F05D00121204684F80C80DB
:1009A00001F058FE204601F0F1FF204601F002FE62
:1009B0007FE700BF38DD040013AD0400D0D504008C
:1009C0001C7D00201E7E0020502600204CDD0400EF
:1009D000030000012080040000B5C36889B01878C6
:1009E00020B109B05DF804EBFEF7DCBDB3F80120DF
:1009F0008DF80000ADF80120DA788DF80320B3F807
:100A00000B20ADF81720B3F80D20ADF81920B3F87E
:100A10000F20ADF81B205A7C8DF81D2058680190DE
:100A20001A899B7AADF808208DF80A30084B684681
:100A30001A689B88CDF80B20ADF80F30CDF8112047
:100A4000ADF81530FFF7DCFE09B05DF804FB00BF20
:100A5000CED1040038B5042104460C30FCF794F8DC
:100A6000034640885D7818B122461978FEF7DAFD12
:100A700035B1044815F0A2F9BDE83840FFF70ABBCC
:100A800038BD00BF80270020B0B50446032100AF69
:100A90000C30FCF779F8E3680578197840F63543AF
:100AA000B0F80100984215D16C468AB06A460F4BE7
:100AB0000F48C2E905310F4B4FF41251D36140F298
:100AC000013313840C4B42F8103F20F024FDA5465F
:100AD000BD46B0BD10B12246FEF7A4FD002DF7D0F3
:100AE000064815F06BF9FFF7D5FAF1E768DD040069
:100AF0002080040037B20400040000018027002099
:100B0000F8B506460024094DEF79E3B29F4202D8BA
:100B10006FF0010007E02946304620F004FE07355B
:100B2000631C08B12046F8BD1C46EEE750260020A5
:100B300037B504460D46B9B12846164920F0F3FDF5
:100B400090B929461448C4EBC404204420F0F5FDB4
:100B5000124820F0F9FD430703D5FEF737FA20F0DD
:100B600003FC002003B030BD684620F04DFC002897
:100B7000F8D16846FFF7C4FF0028F5DA064BC4EB4E
:100B8000C4006946184420F0D8FD002DE0D001468D
:100B90002846DBE7C1D1040050260020242700208E
:100BA00070B51A4E06223146054626F07FFB38B353
:100BB0004FF0FF304FF0FF31FFF72AF8044608B33B
:100BC000062229460C3020F0A0F82146002242F2ED
:100BD0000500FFF751FC044648B110F10D0F04D198
:100BE00002210B4A0B4820F0A6FD204670BD33467B
:100BF0002A6843F86929AA88B280012283F868200C
:100C00000024F2E76FF06804EFE700BFB926002088
:100C1000DFDE04004080040038B505460C4659B9B3
:100C200020494FF47673204A20481EF0A7FA4FF46B
:100C300076711D481EF099FA086848B91C4940F2BF
:100C4000D933194A19481EF099FA40F2D931F0E720
:100C50004DB9184940F2DA33134A14481EF08EFA9F
:100C600040F2DA31E5E7037A5A0709D512494FF421
:100C700077730D4A0D481EF081FA4FF47771D8E76B
:100C80004B686BB90B7A13B92B7A5B0708D52A78B6
:100C900003789A4204D0294620F0C2FD00B1656075
:100CA00038BD00BF1CDF0400EEDE040013AD0400FD
:100CB00034DF040057DF04006FDF0400064BD3E885
:100CC000EFCF4CF4806CC3E8E2CF002AF7D1037A6F
:100CD00019430172704700BF24270020F7B5002197
:100CE00004460222084602F0E9F9064648B12046C9
:100CF0000121FFF7E3FF304603B0BDE8F04001F00B
:100D000059BC394D0146394800F0C8FB95F82331EC
:100D10004BB1304620F058FD28B1354A0221354804
:100D200020F009FD1DE095F8232195F822319A4223
:100D300021D10221304A2F4820F0FDFC002242F24E
:100D400029001146FFF798FB10B12C4A0121E6E774
:100D500095F82331013385F82331237A43F00403D6
:100D60002372012020F030FD0021254803B0BDE8AA
:100D7000F04000F093BB2246671C394612F82A0B5C
:100D800020F0E5FC064608B11E4ADFE795F823315E
:100D9000013385F82331237A43F00403237295F855
:100DA000A7305B0701D4184AB8E73946684620F0F7
:100DB000C4FC01234FF0FF304FF0FF318DF80730B6
:100DC000FEF726FF044660B1082269460C301FF08A
:100DD0009CFF3246214642F24E00FFF74DFB0028B1
:100DE000BFD00A4AB2E700BF5026002063180400B3
:100DF000A4DF040040800400C9DF0400FADF04001F
:100E0000FB1704001AE004003AE0040064E0040068
:100E1000084BD3E8EF2F22F48061C3E8E01F0028DD
:100E2000F7D1530504D500220220034906F0CEBFB6
:100E3000704700BF24270020F11804001FB50023CD
:100E40000190CDE9023302208DF80C1001AA03496C
:100E500006F0BCFF029805B05DF804FB190C020017
:100E6000034610B470B10A4991F8224191F8232148
:100E70000CB1944208D2013281F823211A7A42F04F
:100E800004021A7210BC704710BCFFF727BF00BFE6
:100E9000502600202DE9F041044660B3424D95F8FC
:100EA000222195F8233192B1013293421CDC0021BA
:100EB0000222084602F002F90646F0B1204602215D
:100EC000FFF7FCFE3046BDE8F04101F073BB5BB9B3
:100ED0003649374840F2D543364A1EF04FF940F2C2
:100EE000D54134481EF041F9013B85F82331237A7E
:100EF00023F004032372BDE8F08101462E4800F080
:100F0000CDFA304620F060FC064688B10121034648
:100F10002A4A2B481FF0F6F995F8233113B1012026
:100F200020F052FCBDE8F0410021264800F0B6BA9E
:100F300095F8233195F822219A420CD2013B85F88D
:100F40002331237A024623F0040302201E49237230
:100F500006F03CFFE0E74FF0FF304FF0FF31FEF7C7
:100F600057FE04F10108074668B107210C30FBF772
:100F700029FE414620F0E1FB3246394642F2280084
:100F8000FFF77AFA28B10121104A0D4820F0D3FB6F
:100F9000C2E795F82331013B85F82331237A23F00A
:100FA00004032372B8E700BF502600207FE004004E
:100FB00013AD0400EEDE04006318040098E00400A2
:100FC00040800400FB170400B3170400C5E00400D0
:100FD00070B50446B1B9C0B11F4920F0A4FBA0B957
:100FE0002046FFF78DFD00282FDA2378012B04D14E
:100FF000A37903F0C003C02B07D00121174A18487A
:1010000020F099FB6FF0150070BD164DEB79012BA8
:101010001ED005F1D40020F097FBC30707D4002CA5
:10102000F0D020460C4920F07EFB0028EAD1EE7972
:101030002146731C3046EB71FFF77AFD08B9304644
:10104000E2E7EB79013BEB71DEE76FF07700DBE77E
:101050006FF00B00D8E700BFC1D10400EAE0040044
:1010600040800400502600202DE9F341044640B999
:101070001A4A02211A4820F05EFB002002B0BDE8A7
:10108000F081002141F2090001AAFFF7F5F90546B8
:1010900008B1144AEDE7019E0622D6F80C801249E9
:1010A00008F10107384626F001F928B10622384632
:1010B0000E4926F0FBF818B93046FBF755FCDCE783
:1010C000D8F801303046C4F80130BB882570A4F848
:1010D0000530FBF749FC0120D0E700BF18E1040010
:1010E0004080040031E10400CED10400C8D10400E6
:1010F00007B56846FFF7B8FF044BD87118B16946C9
:101100000020FFF715FD03B05DF804FB502600201A
:10111000F0B5304D89B0EC79002C53D195F8C26010
:1011200016F0010610D12C4A02212C4820F003FBB6
:10113000EC71162600240127EB79E0B298422CD3FB
:10114000002B3FD000203BE06A4621464FF6094085
:10115000FFF792F908B1224AE6E7DDF800C0DCF8B3
:101160000C104B7823B96046FBF7FEFB1D4ADBE70A
:101170008B1C02AA01F1120417461868596808333B
:1011800003C7A3423A46F7D11868344638609B88B3
:101190006046BB80FBF7E8FBCAE708AB06FB003301
:1011A00053F8182C33F8143C6946CDF80120ADF8FB
:1011B00005308DF80070FFF7BBFC01340028BBD070
:1011C00009B0F0BD0021084609B0BDE8F040FFF7C6
:1011D000FFBE00BF502600204FE104004080040005
:1011E0007BE104009BE104002DE9F0410D46174628
:1011F0001C46064650B14BB10A03037811D56D0762
:1012000008D501212D4A2E4820F095FA6FF01500DF
:10121000BDE8F08120F051FB0028F9D101232370B3
:10122000F6E7E9072ED527480FB1AA0608D4C3EB85
:10123000C302825C012A13D002B922700020E7E7C2
:1012400090F8D820510635D5C3EBC302825C012A41
:1012500006D002B92270237843F002032370EDE731
:101260004FF00108072111FB03810144304620F0B3
:101270001CFB0028CCD184F80080002FDED0AB0608
:10128000DCD5E8E76A0712D50E49C3EBC3028E5CD2
:10129000012E09D1072212FB0363194420F005FB3C
:1012A0000028B5D12670EAE7002EE8D1FAE720F051
:1012B00004FBB3E76FF08500AAE700BFC4E10400B8
:1012C00040800400502600202DE9F74F0C46009086
:1012D0004FF0FF314FF0FF309246FEF799FC054684
:1012E000002855D020210C30FBF76CFC20228146D1
:1012F000002125F0D3FF002609F1010B04EBCA0AF7
:101300000023D4F80080626893420CD30834A245CD
:10131000F6D100222946009889F8006003B0BDE8A4
:10132000F04FFFF7A9B898F80120B01C81181F29C9
:1013300098F800C015D9BCF1090FC0F11F0201D106
:10134000002A0CDC0121144A14481EF0D2FF284662
:10135000FBF70AFB6FF0150003B0BDE8F08F4FF00C
:10136000080CD7B2791C0BF80610711CC9B20BF827
:1013700001C0D8F804105BFA80F00193023725F021
:1013800066FF019B3744FEB2013308F10808BAE753
:101390006FF06800E0E700BFE9E10400E07F0400CF
:1013A000072208B50349093025F080FF003818BF2F
:1013B000012008BDC1D10400F8B5154B06780446DC
:1013C0000D4683F86F60FFF7EBFF70B930461149A7
:1013D00001F0F6FD044610B96FF00B00F8BD0521D1
:1013E00001F038F900202C60F8E704F109073946CC
:1013F000304601F02BFE40B92078394601F0E0FD7F
:1014000004460028E8D00621EAE76FF01500E5E77A
:1014100050260020BAD10400F8B545680646690593
:1014200035D4046914B115F0010330D0194F307868
:10143000FB7983422BD9C0EBC00007221649384400
:1014400025F034FFA8B115F0010306D197F87020FC
:10145000082A02D8B2689F2A19D915F0300F09D08E
:10146000ACB1EA060AD405F46035B5F5603018BFB2
:101470000120F8BDEB0601D4002CF4D1D6E90223FB
:101480009A4204D81F2A02D9B3F5804FEBD9002025
:10149000EFE700BF50260020C1D1040003460148F9
:1014A000184700BF682600200048704768260020C3
:1014B0002DE9F04F9A460023D1F810908DB0B9EB8A
:1014C00003060546944818BF01260592079320F0AD
:1014D00030FA0C46410740F113812046FFF79CFF8C
:1014E00028B96FF0150B58460DB0BDE8F08F2046B7
:1014F00020F0FAF980460028F3D005F110073846AD
:1015000020F017FA0206C0F3C01300F1FC80CDE909
:101510000933CDF82B30A3686068ADF82030E3685C
:101520006FF48071ADF8223020F0F4F98DF82D00C1
:10153000794820F001FA2378784A2B7082F86F30CE
:101540002846324661680DF12503FFF74DFE8346BC
:101550000028C8D105F10902B9F1000F18D021699E
:101560000868C5F8090088889080897920469171BB
:1015700020F072FA62680646D0071BD4920503D4A5
:10158000169B0BB9022E5DD102238DF8243023E087
:10159000634B20461968C5F8091099889B7991809A
:1015A000937120F059FA62680646D107E6D58DF8A6
:1015B000249011E012F0100F0CBF01220422D84633
:1015C0008DF8242022691168CDF826109188ADF895
:1015D0002A1092798DF82C204FF0FF304FF0FF3118
:1015E000FEF716FB8346002800F090800F2208A922
:1015F0000C301FF08AFB0022594642F20600FEF72B
:101600003BFF002840F08580B9F1000F20D06368CF
:10161000DB072BD40121284620F02EFA8346002830
:1016200066D001213F4A40481EF063FE079C002C13
:101630003FF459AF2046002101F00CF8204600F09D
:10164000B9FF50E70323DDF858808DF82430C3E755
:10165000179B524600932846CDE90186169B0599B3
:1016600020F088F983460028D1D03CE7284607A916
:10167000FFF7A2FE83460028CCD010F10C0F7FF4B8
:1016800032AFB9F1000F7FF42EAF626890073FF5DB
:101690002AAF636883F00203C3F3400B0BF001022F
:1016A0000E21384620F053F9731E5A425A41082140
:1016B000384620F04CF9B11E4A424A4138460921C9
:1016C00020F045F962680A21384602F0010220F054
:1016D0003EF942460B21384620F039F962680D2167
:1016E0003846C2F3800220F032F94FF0000BFAE6E0
:1016F000079808B100F05EFFB9F1000FCED1C8E73E
:101700006FF00A0BEFE66FF0770BECE66FF0680B0B
:10171000E9E68346E7E600BF2427002050260020A4
:10172000C1D1040002E20400E07F040073B5154655
:10173000069A0C46CDE900322B460A46014611486E
:10174000FFF7B6FE21460646002340F201109D42F7
:1017500002D1304602B070BD0A88824204D14A6884
:1017600012B11278D20702D401330831EFE70649EB
:10177000064815F0E1F94FF470220023034815F0F4
:1017800013FBE6E7682600200918020080260020E7
:1017900010B5194820F098F96FF48041174820F0EF
:1017A000CBF8164820F0C5F803461A06C0F3C0105F
:1017B00021D5124820F0BDF8430513D50E48FFF798
:1017C000EFFD03460E49087E93B905220D4901F04D
:1017D00075FC044630B10021017300F03BFF204648
:1017E00000F0E8FEBDE810400021034820F044B9B5
:1017F00006222131EBE710BD682600207826002064
:1018000050260020BAD1040010B5FFF7C1FF0346EF
:1018100030B1BDE810400221024A03481EF072BDFB
:1018200010BD00BF1DE20400E07F040073B5334823
:1018300020F07FF810F4804F304C38D0204620F054
:1018400078F8030633D4204620F073F846052ED5E9
:1018500001A9A4F11000FFF7AFFD40BBA4F11000F7
:10186000FFF79EFD0246204620F063F8C0F380316A
:10187000204620F05EF881F0010145054FEA410164
:101880001E4848BF41F0010120F053F8800448BFD2
:1018900041F004011A480DF10303FFF7A5FC0546CA
:1018A00038B101210346174A17481EF02BFD02B03C
:1018B00070BD0121124820F0DFF8019E28B93046A2
:1018C00002B0BDE8704000F075BE2946304600F019
:1018D000C1FE6FF48041094820F02EF805463046DD
:1018E00000F068FE6B04E2D5D4E8EF3F43F4804398
:1018F000C4E8E23F002ADAD0F6E700BF78260020ED
:10190000682600203CE20400E07F0400884208B51D
:1019100001F1100310D9984213D20E4940F2B323BB
:101920000D4A0E481DF02AFC0D481DF027FC40F220
:10193000B32109481DF019FCEFD000F110029142CB
:10194000EAE7013813F8012D8B4200F8012FF9D195
:1019500008BD00BFABE2040079E2040013AD04004F
:1019600002E3040008B518F013FA38B10121034668
:10197000034A04481EF0C6FC6FF0040008BD00BF17
:1019800034E304003880040008B518F003F938B1D6
:1019900001210346034A04481EF0B4FC6FF0040022
:1019A00008BD00BF50E304003880040070B592B059
:1019B00006460D46144600211C220BA825F06EFC9D
:1019C00000230493F6B1EDB1E4B1314607A8FFF767
:1019D0009DFF294B06A80B934FF48073069320F0CC
:1019E00076F8069B254E0D93102204AB07A90BA891
:1019F0000E9618F019F8034640B10121204A2148FB
:101A00001EF080FC6FF0150012B070BD294607A8CB
:101A1000FFF77CFF05AB029310233146CDE900436D
:101A2000049807AA18F0C8F8034650B9049817F0AC
:101A3000B9FF98B101210346134A12481EF062FC17
:101A400009E010480121114A1EF05CFC049817F0CF
:101A5000A9FF0028EED16FF00400D5E7631E04F162
:101A60001002073413F8011F12F8015DA3421D7024
:101A70001170F7D1C8E700BF002480000044400483
:101A800070E3040038800400A5E304008CE3040044
:101A9000884208B501F1200310D9984213D20E49AB
:101AA00040F2B3230D4A0E481DF068FB0D481DF0AF
:101AB00065FB40F2B32109481DF057FBEFD000F160
:101AC00020029142EAE7013813F8012D8B4200F819
:101AD000012FF9D108BD00BFABE2040079E2040098
:101AE00013AD040002E3040070B53D4B9AB0182218
:101AF000002103A8029325F0D1FB44F2010309A8B9
:101B000009931FF0F1FF099B69460493354B02A826
:101B1000059324F041FF034610B3334A01213348B3
:101B20001EF0F0FB1F25324BD3E8EF1F21F001011F
:101B3000C3E8E21F002AF7D12E4E16F005F83468EC
:101B4000002C46D0002D2C4D18BF0025043C2368E6
:101B50000BB1284698476468002C3AD0043CF6E75D
:101B600001AB4122009809A924F0E8FD034608B121
:101B7000224AD3E7224A0DF125030DF1650153F8FE
:101B8000040B8B4242F8040BF9D101AB20221D4912
:101B9000009824F081FD034608B11B4ABEE7009877
:101BA00017F000FF054610B1184A0346B6E714497E
:101BB0001148FFF76DFF16491648FFF769FF164BEE
:101BC000D3E8EF1F41F01001C3E8E21F002AAAD0BA
:101BD000F6E70023C6E9003316F024F81AB070BD0A
:101BE0001271000100000209D1E30400108004001A
:101BF000F85A0020005B00207F7E0020EFE3040005
:101C00003F7E00201F7E002012E4040036E4040022
:101C10005F7E00209F7E002024270020042330B513
:101C2000A7B03D22002116A8159325F037FB304BB5
:101C30001822002107A8069325F030FB44F2010387
:101C40000DA80D931FF050FF0D9B20220893294BE8
:101C50002949099306A804AB17F0E6FE0346E0B154
:101C6000264A012126481EF04DFB6FF0040415F0B2
:101C70006BFF244B1D6865B100201860224BD3E830
:101C8000EF1F21F00201C3E8E21F002AF7D144B39D
:101C9000A84715F0C7FF27B030BD1C4B0DF155020A
:101CA000194603F1400053F8044B834242F8044BB9
:101CB000F9D105AB029320230E48CDE9001315AAF4
:101CC0004123049924F01AFE034608B1104AC8E7DC
:101CD000049817F067FE04460028C8D00D4A034652
:101CE000BFE70DA80949FFF7D3FE0DA8D0E700BF55
:101CF00012710001000002091F7E002056E404005A
:101D000010800400FC5A0020F85A00203F7E00207A
:101D10008CE40400A8E40400402208B5034925F03F
:101D2000C5FAB0FA80F0400908BD00BF10E5040014
:101D300010B51D4B9AB018220446002103A8029347
:101D400025F0ACFA4FF4804309A809931FF0CCFEAC
:101D5000099B21460493154B0DF12500059304239F
:101D60008DF82430FFF794FE04F120010DF14500B9
:101D7000FFF78EFE412201AB09A902A817F054FE1D
:101D8000044602A824F080FE2CB9019817F00AFE40
:101D900001201AB010BD064823460121054A1EF055
:101DA000B1FA0020F5E700BF12410001000002096E
:101DB00010800400C5E4040010B5002834D01D4A8A
:101DC000136823B1043B984231D05B68F9E71A4BA2
:101DD000D3E8AF1F890707D518480221184A1EF01B
:101DE00088FA6FF00F0010BD1468011D4460506840
:101DF000116000B95160D3E8EF2F42F00101C3E850
:101E0000E01F0028F7D1D30701D50020EBE70D4BE9
:101E1000D3E8EF1F21F01001C3E8E21F002AF7D139
:101E20000948FDF74DF9F0E76FF01500DBE76FF0BB
:101E30007700D8E7005B0020F85A002010800400EB
:101E4000E9E4040024270020FC2A0020044BD3E806
:101E5000AF3F13F0100F034808BF0020704700BFCA
:101E6000242700207F7E002070B5054619480368AE
:101E70008B4228D0184BD3E8AF3FDA0626D503684B
:101E800013B16FF00F0070BD144AD2E8AF3FDB070B
:101E9000F7D4D2E8EF3F43F00204C2E8E64F002E49
:101EA000F7D113F00204ECD1016029460C48FFF78A
:101EB000EFFD0C4805F12001FFF7EAFD0A48FDF7A8
:101EC000FFF82046DFE76FF07700DCE76FF07C007B
:101ED000D9E700BFFC5A002024270020F85A002030
:101EE0003F7E00205F7E0020EC2A002010B50446D3
:101EF000FAF74AFB044901EB00112046FDF7A6F969
:101F0000BDE81040FEF7C6B8085B002070B5054676
:101F1000134B1C6844B154F81C3C1C3C13B12846BC
:101F2000297B9847E469F5E70E4C0F4EB44215D96A
:101F30000E4940F26D730E4A0E481DF01FF90E480F
:101F40001DF01CF940F26D7109481DF00EF923686F
:101F500013B12846297B98472034E7E7F7D370BDB3
:101F60003C5B0020207F0400607F040087E50400C4
:101F700057E5040013AD0400B7B1040070B5044682
:101F800049B90E490E484D230E4A1DF0F7F84D2170
:101F90000C481DF0EAF80022D1E901560A48C1E9CF
:101FA000012224F035F83DB1314620462B46BDE8EC
:101FB00070406FF06D02184770BD00BF37FC040021
:101FC00013AD040057E504006831002010B50C463D
:101FD000817801290BD00C490C4840F2F1330C4AAE
:101FE0001DF0CCF840F2F13109481DF0BEF8A169AE
:101FF00004F118001160E26900211A60E27ABDE87C
:10200000104025F04BB900BFA2E5040013AD040059
:1020100057E5040030B5051D04464FF4806128469D
:1020200085B01FF083FD400548D428461FF079FD98
:1020300010F4803F224D30D095F8D930D90710D513
:10204000022300211A46204600911FF035FB03466B
:1020500020B101211B4A1C481FF066FD637B072B42
:102060002CD195F8D8309B0628D51FF07DFA28B3DF
:102070000DF10E0103A8FEF70BFBF8B92046BDF8E1
:102080000E20BDF80C101FF0F8FA0346B0B1012184
:102090000E4A0D481FF048FD10E095F8D8301A0799
:1020A000CAD520461FF0CEFA034620B10121084AC6
:1020B00005481FF039FD637B072BBDD005B030BD4F
:1020C00050260020D5E50400F87F0400ECE504006C
:1020D000B4E5040070B5054600220023164813F04D
:1020E000F1FE38BB154B1C6834B154F8143C1C3C51
:1020F00003B19847E469F7E7114C124EB44213D983
:10210000114940F27D63114A11481DF037F811481A
:102110001DF034F840F27D610C481DF026F8A368EC
:1021200003B198472034E9E7F9D32846BDE8704069
:1021300014F0EEBA70BD00BF183100203C5B0020E7
:10214000207F0400607F040087E5040057E5040059
:1021500013AD0400B7B104002DE9F843044625F09F
:10216000C5F91F4BD3F880201E4B1B589A4211D142
:1021700020270025DFF87080EFF3118387F31288A2
:10218000BFF36F8FE16989B983F31188BFF36F8F54
:10219000BDE8F8831549164840F21D13154A1CF096
:1021A000EDFF40F21D1113481CF0DFFF206A0A68A2
:1021B000814208BF2262E26183F31188BFF36F8F0F
:1021C000D1E901694046C1E9015523F021FF1EB163
:1021D000002249462046B047FDF75CFFCCE700BF30
:1021E000704D0020080000006831002008E604005F
:1021F00013AD040057E504000448B0F8043100F5BD
:102200008470002B08BF0020704700BF50260020BC
:1022100070B5044625F06AF90E46164A16498AB08A
:102220000858D2F88010884205D120460AB0BDE88F
:102230007040FFF791BF24342146104623F066FF1B
:10224000051E0FDA40F255130C4A0D490D481CF0DB
:1022500095FF29460C481CF091FF40F255110748A4
:102260001CF083FF1EB16946204614F057FA0AB0ED
:1022700070BD00BF704D00200800000057E504004D
:10228000A2B8040013AD04004EE6040038B50022E5
:1022900004468A4202D10024204638BD012004F1C0
:1022A000C803D3E8EF5F002D04D1C3E8EC0FBCF105
:1022B000000FF6D102D0D0340244EAE7002CEAD075
:1022C000C8220021204624F0E9FF04F1400004491F
:1022D00014F032FC034904F1240014F0F1F8DBE7B8
:1022E000413202004F1B0400F7B516460D4601218E
:1022F0000446FFF78DFF012E27D0022E54D123690B
:102300003BB132480121324A1DF0F3FF20461FF055
:102310003CFC256121690B8A012B55D9CA681288BA
:10232000043292B293424FD3A078022843D0934212
:1023300041D9012100922548264A1DF0EDFF204693
:1023400003B0BDE8F0401FF020BC206940B9224A2C
:1023500031461E481DF0CDFF20461FF016FC01E05F
:102360002F8A2FB9284603B0BDE8F040FAF7FCBA2F
:102370000C301EF0C2FC87420CD9184A3146134873
:102380001DF0B7FF00222046216901F071FA0023F9
:102390002361E7E720692A8AE9680C301EF0B5FC62
:1023A0002846FAF7E1FAB5E7334601210C4A074817
:1023B0001FF0BAFBD0E7002301222046236103B0BF
:1023C000BDE8F04001F054BA03B0F0BDF87F04005E
:1023D00069E60400E9E6040086E60400A4E60400D9
:1023E000CBE60400034610B590B100F1C8021046D8
:1023F0001FF097FBC0B1411CD2E8EF4F844204D1DB
:10240000C2E8EC1FBCF1000FF6D1F0D1184610BDA8
:102410000649074840F2BC53064A1CF0AFFE40F2A2
:10242000BC5104481CF0A1FE0346EFE70BE7040093
:1024300013AD040057E5040038B50121044600F14E
:10244000BC03D3E8EF2FC3E8E51F002DF9D152B943
:10245000FFF7C8FF15F078FB054804F1B8011FF03D
:1024600050FB15F0DFFBBDE83840FDF713BE00BFA1
:102470007427002070B5484B5A8C32B1474DD5F8BF
:10248000244134B90024204670BD1B68002BF5D1CF
:10249000F8E754F8B83903B1B83B0026404912E0D8
:1024A0001346B5F80421002A74D0D5F81021C2B91A
:1024B00004F1B806002BE5D0D3F8B8201C46002A5A
:1024C000EED0A2F1B803A342EBD1364940F2BB33C0
:1024D000354A36481CF052FE40F2BB3132481CF0FF
:1024E00044FE0A68002AE3D0D4F8A420002ADFD0F2
:1024F000D4F8A820002ADBD0D4F8AC20002AD7D00A
:10250000637B072B0DD12046904750B104F1C000EA
:102510001FF007FB022804DC2046BDE87040FFF7EF
:1025200061BF04F1B803B34209D121494FF4767376
:102530001D4A1E481CF022FE4FF47671CEE7D4F8F7
:10254000B820FEB9D5F82811C5F824218B4201D155
:10255000C5F82821002204F1BC03C4F8B820D3E850
:10256000EF1FC3E8E02F0028F9D12046D4F8AC30A3
:102570009847002887D0637B072B84D12046FFF73C
:102580005BFF80E73260D5F82821934208BFC5F889
:102590002861DFE79368FFDEA43200205026002088
:1025A0006831002004E7040057E5040013AD04007F
:1025B00010E7040037B570B91E4940F2E4531E4AD3
:1025C0001E481CF0DBFD1E481CF0D8FD40F2E45113
:1025D00019481CF0CAFD8578C478C830D0E8EF3FB0
:1025E0005A1EC0E8E12F0029F8D101A801931FF07D
:1025F00098FA019B002B0CDC124940F2F4530E4A6E
:102600000E481CF0BBFD10481CF0B8FD40F2F45120
:10261000DEE701280BD10D4813F0D0FB0C4814F075
:1026200077F8012D03D1012C01D1FFF7FFF803B09A
:1026300030BD00BF0BE7040057E5040013AD0400F4
:102640002BE704004AE7040052E704001831002099
:102650001C2B0020F8B5467B04468E420D4600AF89
:102660001BD1082E98BF624B6C4688B094BF53F8BC
:102670002630604B6A466049C2E905134FF4007387
:1026800093835E4B42F8103F00234FF4E4515C48C3
:10269000F5F7E0FEA546BD46F8BD417326B983783F
:1026A000082B01D0FFF79EFE637B082B00F29D8074
:1026B00001A252F823F000BF152702009127020063
:1026C000972602009726020097260200972602000E
:1026D00097260200DD26020097260200A378042B2D
:1026E000D9D00021474816F0A9FB0023C4E90D33D7
:1026F000E378012BCFD1A3784FF42032012B08BF10
:10270000032304F1400008BF84F89430002314F040
:10271000C3FAC0E7A378042B03D12046FFF74AFF92
:10272000B9E7082EB7D801A353F826F08327020093
:1027300051270200752702001B2702001B270200F9
:102740001B2702007527020083270200832702004F
:1027500004F14005284614F02DFB01212046FFF727
:1027600057FD20461FF011FA00220023284614F0DE
:102770001BFB90E7237B002BCFD02046FFF7C6FB47
:10278000CBE72B46204A02211D481FF0CDF982E7F6
:10279000237B3E2B0FD16D4688B06A461B4BC2E9A6
:1027A0000534032342F8103F00234FF4C45114486A
:1027B000F5F750FEAD46164D05F58476616911B901
:1027C000FDF768FC67E7A2690B68914208BFA36147
:1027D00020466361FFF7D2FBB5F80431002B14BF2C
:1027E0003046002013F0EAFAE8E72B46094ACAE728
:1027F000A888040070E704007AE7040003000001E1
:10280000F87F04002C2B00208BE70400A2E70400D3
:1028100050260020C9E7040070B5024605460E4662
:102820000A4801211FF0BAF9044610B900242046D5
:1028300070BD83781E42FAD12B460221044A054816
:102840001FF072F92046FFF7B5FEEFE78045002044
:10285000E5E70400F87F0400F8B5074609480D468F
:102860001646FFF7BFFD044650B183781F4203D1DF
:10287000BDE8F840FFF79EBE3146A8472046F7E77F
:10288000F8BD00BF80450020002201200149FFF76C
:10289000E3BF00BF431B04000C4A08B50C49831A70
:1028A0001B11904201FB03F30ED00A4940F21A6358
:1028B000094A0A481CF062FC09481CF05FFC40F21F
:1028C0001A6105481CF051FCD8B208BD80450020B3
:1028D000C54EECC4FCE7040057E5040013AD04004A
:1028E000C5E804002DE9F84305460F4616461C4688
:1028F0009046994623F01AFC58B11B491B4840F2F8
:1029000036631B4A1CF03AFC40F2366118481CF052
:102910002CFC34430DD024F0E9FD164BD3F8802075
:10292000154B1B589A4207D10221144A14481DF036
:10293000E0FC4FF00008C146124942464B46002DCC
:1029400014BF284608461EF0B2F9044638B90221E1
:102950000D4A0B481DF0CDFC2046BDE8F883791DDB
:102960000C30FAF7B1F8F7E7DFE8040013AD040024
:1029700057E50400704D002008000000EEE8040058
:10298000F87F0400D431002017E9040010B5044694
:10299000054813F0BDFE204600F0B0FD2046BDE81E
:1029A0001040FFF7B3BA00BF0C2B002010B5437BDB
:1029B0000446023B062B29D8DFE803F00B04282845
:1029C000281E0900017300212046FFF743FE002066
:1029D00010BD8378012BFAD040F254730D4A0E4992
:1029E0000E481CF0CBFBA1780D481CF0C7FB40F251
:1029F000547108481CF0B9FB00881EF0FFFD002848
:102A0000E6D1637B072BE2D10821DDE76FF07F0081
:102A1000DEE700BF57E50400821E050013AD040089
:102A200040E904002DE9F04F002587B000AFFD60BC
:102A30007D61FFF71FFD0446002800F04B81437BBA
:102A4000072B12D06E4688B06A46A44BC2E9053007
:102A5000032342F8103F4FF4C4512B46A048F5F72A
:102A6000F9FCB546FDF716FB31E1DFF87882D0F8C6
:102A7000A430B8F8041107F1100298470546002861
:102A800000F02581B8F804213B699A4208D3014639
:102A9000D4F8A860204607F1140307F10C02B047F0
:102AA0003B69D7F80CA07B602B8AD7F814905BB9F0
:102AB0008D494FF425738D4A8D481CF05FFB4FF410
:102AC00025718A481CF051FB28461EF0E2FC48B1F3
:102AD000854940F29B23854A85481CF04FFB40F214
:102AE0009B21EEE7B8F804318248002B08BF002094
:102AF0000022002313F0E6F960B17B4940F2AB23DA
:102B00007A4A7B481CF03AFB7B481CF037FB40F2CA
:102B1000AB21D6E700220023784813F0C3F806461D
:102B200060B9714940F2B623704A71481CF026FB27
:102B300073481CF023FB40F2B621C2E7C0E901A9AB
:102B40007B68B8F804B15B452B7A98BFB7F804B03E
:102B5000013B012B09D96B494FF43573634A644833
:102B60001CF00CFB4FF43571ABE728461EF091FCCE
:102B7000814638B16449A3235C4A5D481CF0FEFAE3
:102B8000A3219EE70146002200236048F9F744FD97
:102B9000824658B1F9F7F8FC5D4B294603EB001368
:102BA0005A465046FCF77AFB054648B9594940F267
:102BB000DD234E4A4E481CF0E1FA40F2DD2180E769
:102BC0007B68B8F8042194F8C4B093428CBF4FF0EE
:102BD00001090BF1020384F8C49098BF5FFA83FBEC
:102BE00004F1C009D9E8EF2F0132C9E8E12F00292B
:102BF000F8D104F11403314618467B601EF081FFC2
:102C000094F802A0BAF1010F0DD040F20133374A17
:102C1000354937481CF0B2FAA1783F481CF0AEFAAB
:102C200040F201314DE705F10C02042110467A60B3
:102C3000F9F76CFF21880BF0FD0341EA03330380B1
:102C40002B8A7A68043B4380022110461EF03AF832
:102C50002846FDF7C7F800283FF404AF7860D9E8AC
:102C6000EF2F013AC9E8E12F0029F8D1314604F1EC
:102C700014001EF06FFF7B685146284A18481EF06A
:102C800053FF2846F9F770FE20463146FFF776F9E4
:102C9000B8F804311748002B08BF002013F08EF855
:102CA0006D4688B06A461E4B53616FF00403C2E95B
:102CB0000634042342F8103F4FF401510848002322
:102CC000F5F7C8FB1321AD462046FFF76FFE2046FF
:102CD000FFF770FC1C37BD46BDE8F08F57E90400D4
:102CE000F87F040050260020821E050057E50400EE
:102CF00013AD0400582700206EE90400683100205D
:102D000083E9040093E90400BBE90400A432002035
:102D1000085B0020D5E90400E9E904006AD9040051
:102D200006EA0400F8B5031D044618461EF0F9FE35
:102D3000820415D5B4F88620B4F8881091420FD8D3
:102D4000B4F88A1091420BD3D4E92312914207D1EF
:102D5000D3E8EF1F21F40051C3E8E21F002AF7D1A6
:102D6000184B1D686DB155F80C6C1C3D3EB12046EA
:102D7000B4F88E30B4F88C20B4F88610B047ED6902
:102D8000F0E7114D114FBD421AD911494FF4F763C5
:102D9000104A11481CF0F2F910481CF0EFF94FF4FA
:102DA000F7610C481CF0E1F92E693EB12046B4F8F9
:102DB0008E30B4F88C20B4F88610B0472035E2E7A6
:102DC000F2D3F8BD3C5B0020207F0400607F04004C
:102DD00087E5040057E5040013AD0400B7B1040013
:102DE0002DE9F041074608460D461EF0BFFB06469A
:102DF00018B900263046BDE8F0811C4B1C6884B130
:102E000054F8103C1C3C0BB9E469F8E729463846F5
:102E100098470028EDD028461EF0A8FB0028F3D1E3
:102E2000E7E7134CDFF84C80444518D912494FF4BA
:102E30000063124A12481CF0A1F912481CF09EF9D6
:102E40004FF400610D481CF090F929463846984728
:102E50000028CED028461EF089FB20B9C9E7C9D288
:102E6000E368002BF1D12034DEE700BF3C5B00209B
:102E7000207F0400607F040087E5040057E504001C
:102E800013AD0400B7B104002DE9F041C378044646
:102E90008BB900F17E06194B1D687DB11C3D04F114
:102EA00070076B691BB13A46314620469847ED6979
:102EB00025B11C3DF5E700F17706ECE7104D114F09
:102EC00004F17008BD4216D90F4940F688130F4A25
:102ED0000F481CF053F90F481CF050F940F68811C8
:102EE0000A481CF042F96B691BB142463146204644
:102EF00098472035E6E7F6D3BDE8F0813C5B00203B
:102F0000207F0400607F040087E5040057E504008B
:102F100013AD0400B7B10400F8B5437A05468372D7
:102F200016461EF0E0FF154B1C684CB154F8043CEB
:102F30001C3C1BB132462846697A9847E469F4E79D
:102F40000F4C104FBC4216D90F4940F6FE130F4AE2
:102F50000F481CF013F90F481CF010F940F6FE1151
:102F60000A481CF002F9A3691BB132462846697A67
:102F700098472034E6E7F6D3F8BD00BF3C5B00205D
:102F8000207F0400607F040087E5040057E504000B
:102F900013AD0400B7B1040008B5084B00F11C01E3
:102FA0001A6822B905481EF0ACFD104608BD9142D2
:102FB00001D01268F5E76FF01000F7E73C5B0020E6
:102FC00038B505460C460F480121FFF75FF9C0B13F
:102FD000057223680367A388A0F87430A37980F88A
:102FE00076300123437283728370074BC0F8A4309C
:102FF000064BC0F8A830064BC0F8AC30054BC0F803
:10300000883038BD8045002055360200CD1F0200B3
:10301000171B04001800280070B505460A480E4624
:10302000FFF7E0F9044620B18378012B04D0FFF7C5
:10303000C1FA0024204670BD324629461EF0E7FD45
:103040000028F7D12046F2E780450020B0B500AF58
:103050000D46FFF7E1FF044610B32846FBF738FEA4
:10306000637B6D46082B98BF0E4A8AB094BF52F816
:1030700023300D4B6A46C2E907030C4B0C495362DF
:103080000C4BC2E9051442F8103F00234FF44251A3
:103090000948F5F7DFF92046AD46FFF78BFA012026
:1030A000BD46B0BDA888040070E704000103020417
:1030B00029EA040005000002F87F0400F8B505467F
:1030C0000E480E461746FFF78DF9044620B1837867
:1030D000012B03D0FFF76EFA00240DE036B1324623
:1030E00029461EF094FD08B92046F3E7637BBB42F6
:1030F000FAD1237AAB42F7D12046F8BD80450020B3
:1031000070B5837805460B70C3780C464B70037A14
:103110008B70467B082E11D8294B9B5D0B770023C3
:10312000CB771EF0DBFD607728461EF097FDA07779
:10313000AB78012B12D06FF0150070BD40F60C3348
:10314000204A214921481CF019F8314620481CF03A
:1031500015F840F60C311B481CF007F805F1700318
:10316000A3602B7A1B4AC3EBC30313446360E97863
:1031700005F17E0305F1770211B1194613460A469F
:10318000C4E90323B5F88630A382B5F88C30E38216
:10319000B5F88E302383D5F8A03023B15B7BDA06F7
:1031A00044BF0123E377D5F8A03013B15B7B9B06C6
:1031B00001D40020C1E7E37F43F00203E377F8E79F
:1031C000C9EA040057E50400821E050013AD04009F
:1031D00062EA04005026002038B5044608460D4631
:1031E0001EF0C4F938B3154B93F8D830990707D4BB
:1031F000E37873B129462046BDE8384000F064BB4F
:1032000094F895309A07F3D5201D1EF08AFC4304EC
:10321000EED4294620461EF072FD58B92B88A4F83A
:1032200088306B88A4F88A30AB88A4F89030EB889B
:10323000A4F8923038BD6FF01500FBE7502600204F
:10324000F7B510F8333C0446A0F140068BBB30467E
:103250001EF031FE394B1D684DB155F8183C1C3D30
:103260001BB1304614F8341C9847ED69F4E7344D2F
:10327000344FBD4216D9344940F27E73334A344844
:103280001BF07CFF33481BF079FF40F27E712F4822
:103290001BF06BFF6B681BB1304614F8341C984769
:1032A0002035E6E7F6D3304603B0BDE8F040FFF73F
:1032B00081B910F83E3C012B3ED1A0F13C05D5E888
:1032C000EF3F23F40052C5E8E12F0029F7D199041C
:1032D0001FD5A36C69460093236D30460193FFF719
:1032E0007BFF034678B9D5E8EF3F23F48053C5E868
:1032F000E23F002AF7D14FF40061284603B0BDE851
:10330000F0401EF013BC144A022114481EF00CFCBD
:10331000F1E74FF42813124A69463046CDE90023FD
:10332000FFF75AFF034628B94FF4805128461EF094
:10333000FDFBE0E70B4AE7E703B0F0BD3C5B002094
:10334000207F0400607F040087E5040057E5040047
:1033500013AD0400B7B104007AEA0400F87F04005A
:10336000180028009FEA04000B4B58B11A6862B994
:1033700002693AB902685AB942684AB982683AB9E8
:1033800042692AB91860002070476FF077007047D3
:103390006FF01500704700BF4C5B002008B568B1A6
:1033A000094B00F10C011A6822B907481EF0A9FB6D
:1033B000104608BD914204D01268F5E76FF0150081
:1033C000F7E76FF07700F4E7445B002010B902489C
:1033D000FFF708B8002070478045002010B50C4862
:1033E00022F009FE0B490A4822F012FE0A49084859
:1033F00022F00EFE0949064822F00AFE1FF05AF993
:1034000004F070FC044608B91EF0D5FD204610BD3E
:1034100068310020185B0020245B0020305B002016
:1034200008B503460121034A03481CF06BFF002046
:1034300008BD00BF5BEB04005080040080B500AF06
:1034400088B06A46074BC2E90530032342F8103FB3
:1034500000234FF4C2510448F4F7FCFF6FF00B0057
:10346000BD4680BD83EB040050800400044B1A6805
:103470000AB1FFF7E3BF0348586010460B6070477E
:10348000505B0020EC88040010B50268D2F8B03020
:103490005BB9164940F2D223154A16481BF06EFE5E
:1034A00040F2D22112481BF060FED2F8B4401968F5
:1034B000A34208BFC2F8B410C2F8B01000F14C0229
:1034C0009342E6D100225030D0E8EF3FC0E8E12F30
:1034D0000029F9D14BB9084940F2D623044A0548DE
:1034E0001BF04CFE40F2D621DCE710BDDBEB040004
:1034F000AAEB040013AD0400F5EB0400F7B5044695
:1035000000262A4D2A4FBD424DD92A494FF4CD738A
:10351000294A2A481BF032FE29481BF02FFE4FF49F
:10352000CD7125481BF021FE20466B6801A9984704
:10353000002833DB019B2A889A829A84A86803F1C9
:103540001002D2E8EF1FC2E8EC6FBCF1000FF8D117
:10355000C3E91466DE649E60A16B03F10802F9B949
:10356000C4E90D221C60D86003F1300022F043FD55
:10357000019843681B6803B19847019B1033D3E857
:10358000EF1F41F00101C3E8E21F002AF7D10198C3
:103590004368DB6913B100F1100198470C35B2E7BD
:1035A0000A60A263DEE7BFD303B0F0BDFC7E040077
:1035B000207F0400F9EB0400AAEB040013AD040023
:1035C000B7B1040070B5044652EA03000AD023F0F4
:1035D0008DFF074D074ED5F880503058854204BF07
:1035E000002213462046BDE870400431FFF77AB947
:1035F000704D00200800000073B5054618462B6882
:103600000BB35B7B072B1ED1002A14BF02230123BF
:103610000E7A9E4209DD01210C4A0D4800961CF0ED
:103620007BFE6FF0150002B070BDCB7A072BF8D986
:10363000C8618A6105F1300022F0EAFC28461EF0DC
:10364000D6FB0020EFE76FF07F00ECE720EC0400F2
:10365000508004002DE9F04780460E469146D0F890
:10366000B04000AF4CB14C3C236B6BB104F1300A5D
:10367000504622F0E2FC054658B9FCF70BFD002548
:103680002846BD46BDE8F0872046FFF7FDFEE46C06
:10369000E8E798F80D30072B0BD03C4940F2B333E4
:1036A0003B4A3C481BF06AFD40F2B33138481BF0FE
:1036B0005CFD1DF0EEFE80B16C4688B06A46364B6C
:1036C000C2E90535032342F8103F00234FF4C251ED
:1036D0003248F4F7BFFEA546D1E72846F9F772F95C
:1036E000636D0546B3B9A38CB0F81080403B9BB224
:1036F0003F2B03D8238D984528BF9846042105F118
:103700000C00F9F703FAA0F80080A38C438008F1BD
:1037100004036365636D2A8AB3420ED8934215D0C1
:10372000A38C403B9BB23F2B2CD92046FFF7ACFE2D
:10373000236B13B120461EF05AFB636D9E422CBFD3
:1037400000269E1BC9F80030666599E70022002319
:10375000504612F0A7FA854209D0114940F2E533EC
:103760000B4A0C481BF00AFD40F2E5319EE7F9F7E1
:10377000FBF8A38CA3F140023F2AD6D8094AAA61DC
:10378000EB61D2E700221346F9E700BF40EC0400EA
:10379000AAEB040013AD040061EC040050800400A7
:1037A00079EC0400691F040073B50D460646042138
:1037B00005F10C00F9F7E8F92B8A428804469A4291
:1037C00007D000921C4A01211C481CF0A5FD02B044
:1037D00070BD43783BB90121194A184802B0BDE8D1
:1037E00070401CF086BD0378012BF0D0132B06D15E
:1037F000022AECD0022300931346124AE3E7022187
:10380000114A0E481CF07EFD6178022201203568C5
:103810001EF086FB04460028D9D002210C30F9F7AF
:10382000D1F90023214603704370284602B0BDE859
:1038300070401EF0A6BB00BF89EC0400508004005D
:10384000AAEC0400CBEC0400F6EC040008B50B8AEB
:10385000032B06D80121044A04481CF04AFD00202D
:1038600008BDFFF7A1FFFAE71EED04005080040039
:1038700038B50B8A0546032B0C4609D801210F4A9F
:103880000F481CF036FD2046BDE83840F9F76CB80B
:10389000042104F10C00F9F777F9418828461EF05D
:1038A00081FB30B9074A0B46054802211CF02AFD6E
:1038B000E9E7436821465B699847E4E73CED04008B
:1038C0005080040059ED040070B5124B0C46197875
:1038D00005460131C9B2012938BF01210822122051
:1038E00019701EF01DFB064688B108210C30F9F74F
:1038F00069F922883146028062884280A2888280EB
:10390000E288C2802846BDE870401EF03ABB6FF0E6
:103910000B0070BDBF7E002023281FD81A2804D8B2
:10392000431E182B0ED906207047A0F11B03082B4D
:103930001ED8DFE803F0051D1B231D19251D0500FA
:103940000320704701230F4A83401A40C2B90E4A30
:103950001A40002A14BF01200620704700F07F03A0
:10396000522B05D100207047012070470520704779
:1039700010F0400F0CBF0620002070470420704755
:1039800002207047AAAA8A0254554501011F014826
:1039900011F020BE402F002010B5044600F158035E
:1039A000D3E8EF1F41F00101C3E8E21F002AF7D17D
:1039B000201F1EF0BFFB04F17C00044913F0BCF88B
:1039C0002068BDE8104002F0EDBD00BFD14A020002
:1039D00070B503788AB004460E4607AD032B20D895
:1039E000DFE803F002191B1D11492846EEF7E0F944
:1039F000059563781E210493A37830460393E378FA
:103A00000C4A02932379019363790093A3791AF006
:103A100069FC0AB070BD0849E7E70849E5E70849CD
:103A2000E3E70A212846074A1AF05CFCE0E700BFFA
:103A30008F990400B1990400969904009D9904009F
:103A4000A7990400FAFC04002DE9FF414FF000089B
:103A50004FF4205305460E46006802A91446176825
:103A60008DF80880ADF80A301DF080FCA0B142F658
:103A70000103286803A98DF80C80ADF80E301DF005
:103A800075FC48B123691BB15A88B24200D25E80EE
:103A9000012004B0BDE8F081616828681DF066FC73
:103AA00010B100232361F3E7E368A0681A786AB1D4
:103AB000B7F81AC0798D038A8C4594BFC3EB0C0309
:103AC000C3EB0103934201DA0020E2E704210C304A
:103AD000F9F778F820610680236929465E80074B54
:103AE0000194009338460023A2681EF066FB00286C
:103AF000EADB2069003818BF0120CAE79B210400D7
:103B00002DE9F04182B000AF044688460022002330
:103B100039463B4811F0D2FC0546B0B16D4688B03D
:103B20006A46384BC2E90534032342F8103F0023AC
:103B30004FF4C2513448F4F78DFCAD466FF00B06DC
:103B400030460837BD46BDE8F08123F0CFFC2F4B4F
:103B50003E681A582E4B29461A60301D2C2223F03D
:103B60009DFB34603C6800220023C4E90155C4E990
:103B70000A552848391D7D6011F0A0FC064688B121
:103B800023686C4688B06A462349C2E905130323BB
:103B900042F8103F4FF4C4512B461B48F4F75AFC2F
:103BA000A546CBE77B680146B822184623F076FB92
:103BB0001A4A8260643022F01EFA7B685C33D3E8D4
:103BC000EF2FC3E8E16F0029F9D17B681C60A36A7D
:103BD0007D681BB904F10C0022F00DFAA26A05F110
:103BE000B003C5F8B020E26AA36202B9E36217220B
:103BF0007B685A855A830433C8F80030A0E700BFB9
:103C0000202F00208EED0400E87F04000800000053
:103C1000F05B0020402F0020B3ED04003C2B00207F
:103C20002DE9F74317680546884600685168144631
:103C30007E681DF09BFB8146002842D130469522CC
:103C400029461EF0C7FF0646207540B1E3681B7881
:103C50000BB184F81490002003B0BDE8F083A06895
:103C6000F8F7C8FE02210C30F8F7ACFF164B2061C4
:103C7000A0F8008000930194334629463846A26894
:103C80001EF09BFA002807DA10F1FF0F32BF0E205A
:103C90004042C0B22075DEE72369002BDBD0A0686C
:103CA0001EF094F97B8B7A8D9A4294BFC0EB020090
:103CB000C0EB0300E3681B78984294BF002001200A
:103CC000CAE70120C8E700BFDD1F04002DE9F04F5F
:103CD00042F60103002591B0166880460F46006841
:103CE0000BA9D6F8049014468DF82C50ADF82E3060
:103CF0001DF03CFB002870D04FF42053D8F8000092
:103D00000BA98DF82C50ADF82E301DF02FFB38B1DB
:103D1000A3681BB15A88BA4200D25F8001200EE02E
:103D2000616808461EF052F9728D738B9A4294BFF7
:103D3000C0EB0200C0EB0300032803D8002011B041
:103D4000BDE8F08F0846F8F755FE054660681EF09E
:103D50003DF9728B738D05F10C0B9A4294BFC0EB49
:103D6000020AC0EB030A58461CF0C7FF824537D24F
:103D700060681EF02BF9728D738B9A4294BFC0EB72
:103D80000200C0EB030070B96368987AF8F7F4FB9F
:103D9000002200231CF08BFF05460028CED00146F0
:103DA0006068F8F76DFE00230093D8F804601023D4
:103DB0004146484602AAB047061E0EDB227CE06858
:103DC000B2422BD001460BA81DF0FEFA60B9237C4D
:103DD000144A022114481CF095FA0023A3609DE7C1
:103DE00058461CF08AFFCEE7F2B202A906A81DF0E1
:103DF000EBFA10B90D4A3346EBE706A90BA81DF004
:103E0000B5FA0028E9D100230421637405F10C0000
:103E1000F8F7D8FEA0600780A3687EE702A923F028
:103E200045FAEEE7D8ED0400E87F0400F7ED040062
:103E300008B5437B072B06D002210C4A0C481EF024
:103E4000DFF8002008BD04211EF0ACF810B9094AC3
:103E50000121F3E700F15803D3E8AF3FDB0701D4BA
:103E6000054AF5E750F8040CECE700BF16EE040035
:103E7000E87F040024EE04003FEE040010B5044681
:103E8000807AF8F779FB0B4B83420BD00A490B4839
:103E90004FF493730A4A1BF071F94FF49371084879
:103EA0001BF063F92046F8F76FFB1822054B02FB65
:103EB000003010BD0832002088EE040013AD04006D
:103EC00059EE0400A85B00202DE9F047074608469C
:103ED0000C46FFF7D3FFE3680646D0F8089007F1D9
:103EE0005C02D2E8AF2FD20709D40121284A294821
:103EF0001EF086F86FF015052846BDE8F087228A87
:103F00005AB9254925484FF4B973254A1BF036F9AB
:103F10004FF4B97122481BF028F9E2681278027157
:103F2000002202601B78D22B0FD13B682146186813
:103F30001FF094F8054640B101211A4A15481EF0B9
:103F40005FF82046F8F710FDD6E704F10C001CF0EE
:103F5000D0FE0023B4F810A080461A462146B76070
:103F6000381DFFF749FB05460028C5D010F1690F41
:103F700004D101210C4A07481EF042F86369A4F8F5
:103F800010A013FA88F3E360C6F808903560B3E731
:103F90003FEE0400E87F0400B4EE040013AD04001B
:103FA00059EE0400DAEE0400EDEE04002DE9F14FC5
:103FB0000446FFF763FF0021D0E902561822D0F82B
:103FC00000A090F80490C788D0F8108023F066F91C
:103FD000A07AF8F7D1FA6169834651B1637AD807BC
:103FE00005D4DBF82C3020461B689B6898470023DB
:103FF00063612146584622F016F8B9F1000F48D007
:10400000002D46D02B68002B43D01B68002B40D0DE
:10401000BAF1000F08D0012153462C4A2C4801B0B8
:10402000BDE8F04F1CF06EB94846FFF775FC04463A
:10403000281D1EF07FFA052C38D80123A34013F069
:10404000140926D113F0090F05F15C021AD113F0FF
:10405000220F2BD0D2E8AF3FDA0707D401211D4A47
:104060001B4801B0BDE8F04F1DF0CABF2B6E83B1F5
:104070004FF47022002305F1800001B0BDE8F04F3D
:1040800012F092BE2B681C68D2E8AF3FDB07E5D583
:104090003EB901B0BDE8F08F41462046B04709F176
:1040A00001091FFA89F3BB42F6D3F2E74FF43573E7
:1040B000094A0A490A481BF061F8214609481BF0E1
:1040C0005DF84FF4357104481BF04FF810EF040011
:1040D000E87F04003FEE040059EE0400821E050054
:1040E00013AD04002FEF040073B50D46438D418BD3
:1040F00001328B4228BF0B469A42064609D902215B
:1041000000921E481E4A1CF007F90024204602B007
:1041100070BD2846FFF700FC022812D0042810D0FA
:1041200023F0E4F9174B1958174BD3F880308B4222
:1041300017D0164B1B685A1A18BF4FF0FF321346A0
:1041400002E04FF47022002300211148FFF73AFAF1
:10415000044640B901212B460E4A08481CF0D2F80B
:10416000D3E70022EBE7FFF789FE0121866004F127
:104170000C00F8F727FD0570C8E700BFE87F0400D2
:1041800048EF040008000000704D0020F05B0020A4
:10419000083200205BEB0400F7B50B8A04460D469D
:1041A00007683BB90121294A29481DF029FF002051
:1041B00003B0F0BD012105F10C00F8F7E5FC7B7BB5
:1041C0000646072BF3D154F8043C002BEFD0002215
:1041D00003782048043C10F8327000EBC2019F4283
:1041E0000FD12A8A48788F78904222D901210093F2
:1041F00017481346184A1CF08FF8012FD7D1042313
:1042000020E001320E2AE6D102211148134A1CF0A7
:1042100079F831780846FFF77FFB0028C7D00528DA
:10422000C5D00029C3D00623002220461EF0C1F9C4
:10423000BDE74B68204629469847012F0346B6D173
:104240000028B4D031780029B1D0EDE76DEF04003B
:10425000E87F040014890400A2EF040088EF040042
:10426000F0B51E4603680D460039044618BF01210B
:1042700087B0186817461EF0E8FC40B904F15C00EE
:104280001EF05DF8002844D0002007B0F0BD002EDD
:1042900041D018220021684623F000F847BB23686C
:1042A00031461B68304600930023ADF812300C9B5A
:1042B0001A4A0393BDF834308DF80850ADF8103029
:1042C00001238DF814306B461DF0CDFE9DF814309F
:1042D000C3B1002FD8D00198F8F746FB9DF81430F1
:1042E000002DD1D03246294620461EF062F9CBE798
:1042F000002239462046FFF7F7FE01900028CED174
:104300001120C2E701990029BED020461EF043F9D2
:10431000BAE71220B9E70120B7E700BF0520040083
:10432000F8B50F461646FFF783FDB0B1846A204604
:104330001CB150F8B04904B1B03C731C194638B1F7
:10434000428D458BAA4228BF2A469A4207D264B9B9
:1043500002210A4A0A481BF0D5FF0020F8BD324668
:104360003946BDE8F840FFF7BFBED4F8B05005B1FC
:10437000B03D20460B462C46E2E700BFC1EF0400EB
:10438000E87F0400F8B54FF47022074600230F4879
:104390000D461CF08CFC044638B901212B460C4A12
:1043A0000C481BF0AFFF2046F8BD00F10C060921B8
:1043B0003046F8F789FB2046FFF760FD0121876052
:1043C0003046F8F7FFFB0570EDE700BF083200202C
:1043D0005BEB0400E87F04002DE9F0410E8A0446FF
:1043E000043EF6B2022E08468CB001D0102E64D1E5
:1043F00004210C30F8F7C8FB0DF108080588478840
:10440000011D324640461CF0DFFF002857D09DB307
:10441000002687B3AF422FD34FF42053404601A963
:104420008DF80460ADF806301CF0A0FF40BB1422EC
:10443000002107A822F032FF11212046FFF7A2FF3A
:104440000990002837D001210C30CDE90748F8F752
:10445000B9FB00230A90394603701A4A0B93284689
:1044600007AB1DF000FE0A9B1B78FBB90998F8F713
:104470007BFA0A2301E03D4601232A4610210EE083
:1044800042F60103404607A98DF81C60ADF81E30C6
:104490001CF06CFF0028CAD010232A46194620467B
:1044A0001EF087F800200CB0BDE8F0812046099985
:1044B0001EF071F8F6E71120F5E70420F3E70E206F
:1044C000F1E700BF493A02002DE9F04303680446D2
:1044D0000D4685B0012118681EF0B7FB40B904F104
:1044E0005C001DF02CFFB0BB122005B0BDE8F083CE
:1044F00010220021684622F0D1FE21212046FFF73C
:1045000041FF029048B34FF00108DFF85490009447
:1045100005F10C072B8A012B04D8204602991EF0C6
:104520003AF818E038461CF0DCFB6B464A46014678
:1045300006468DF80C801DF096FD9DF80C30002B82
:10454000E8D00298F8F710FA3246202120469DF86C
:104550000C301EF02EF80020C7E71120C5E700BF81
:104560009B2304002DE9F043036804460D4685B003
:10457000012118681EF069FB40B904F15C001DF0D0
:10458000DEFEB0BB122005B0BDE8F0831022002192
:10459000684622F083FE0F212046FFF7F3FE0290CB
:1045A00048B34FF00108DFF85490009405F10C0770
:1045B0002B8A012B04D8204602991DF0ECFF18E04D
:1045C00038461CF08EFB6B464A46014606468DF87F
:1045D0000C801DF048FD9DF80C30002BE8D00298AF
:1045E000F8F7C2F932460E2120469DF80C301DF036
:1045F000E0FF0020C7E71120C5E700BF55230400F6
:10460000F0B51D46036804460E4685B001211868C2
:1046100017461EF01AFB38B904F15C001DF08FFE3E
:1046200048BB122005B0F0BD65B3102200216846DA
:1046300022F034FE39462046FFF7A4FE029018B35C
:10464000BDF828302946ADF80430012328468DF8FE
:104650000C300E4A6B4600941DF005FD9DF80C30A1
:104660005BB10298F8F780F92A46314620469DF85A
:104670000C301DF09EFF0020D4E7204602991DF06B
:104680008AFFF8E70120CDE71120CBE7552304008E
:104690002DE9F0410E8A0446043EF6B2022E084689
:1046A0008CB001D0102E76D104210C30F8F76CFAC2
:1046B0000DF1040805884788011D324640461CF06C
:1046C00083FE002869D085B377B3BD422DD8012180
:1046D00060681EF0BAFA064678BB42F602038DF80F
:1046E000000069464046ADF802301CF03FFE20B3A2
:1046F00042F60303404606A98DF81860ADF81A305B
:104700001CF034FEC8B1012D03D14FF6FF739F4258
:1047100013D004F15C001DF012FE002814BF00202D
:1047200012200CB0BDE8F0813D4601232A46082145
:1047300020461DF03EFF0020F3E7182200210DEB7C
:10474000020022F0ABFD09212046FFF71BFE089076
:10475000F8B101210C30CDE90648F8F733FA00230F
:10476000099003700A2339468DF82C30284606AB91
:104770000B4A1DF078FC9DF82C302BB10898F8F707
:10478000F3F89DF82C30D1E7204608991DF003FF7F
:10479000D1E71120C5E70420C3E70E20C1E700BF21
:1047A000213C02002DE9F0430F460446062187B064
:1047B00007F10C00F8F7E8F90588B0F80280828864
:1047C000D7F80C90C5B10023B8F1000F13D04545C0
:1047D00012D88DF800308DF804304FF4205368461D
:1047E00001A9ADF80220ADF806301CF0BFFD064669
:1047F00060B10A2301E0454601232A4606212046EE
:104800001DF0D7FE002007B0BDE8F083014614225A
:1048100001A83F7C22F042FD07212046FFF7B2FDB0
:104820000290D8B10A2341468DF81530284601ABD5
:104830000B4ACDE9036901948DF814701DF013FC47
:104840009DF815302BB10298F8F78EF89DF81530C9
:10485000D3E7204602991DF09EFED3E71120D2E750
:10486000CD3C02007FB5CB6804461D885E8885B1CB
:1048700076B1B5420DD810220021684622F00EFD17
:1048800005212046FFF77EFD019058B9112007E071
:10489000354601232A46042120461DF08AFE0020C9
:1048A00004B070BD6B4631462846084A00941DF09E
:1048B000DAFB029B23B90198F8F756F80A23E9E7D7
:1048C000204601991DF067FEE9E700BF7D20040046
:1048D00007B50B460021024622F008FE01910F4960
:1048E00009580F480068884204D00E48D0F880006C
:1048F000884201D10022134601A90B4810F0DEFDC9
:10490000014648B9019B1C22184622F0C7FC034609
:10491000184603B05DF804FB0023F9E70800000027
:10492000F05B0020704D0020802F002010B5044661
:10493000806818B1F8F718F80023A3602146BDE895
:104940001040014810F046BE802F00202DE9F347AB
:10495000044680300E4617461D4612F02BFA206E94
:1049600058B918480221184A1DF04AFB204600F0A9
:104970008FF8002002B0BDE8F087144B4FF000081C
:10498000984205D12068C4F860801DF08CFDF0E7E6
:10499000D0F80490C0F80480206ED0F818A0FFF77B
:1049A000C5FF2068C4F860801DF07DFDB9F1000FDF
:1049B000DFD02068CDF800A03B463246294600688B
:1049C000C847D6E7E87F0400DCEF0400F45B002072
:1049D000F7B550F8044C0546002C55D000F1AC0159
:1049E00004F128001DF090FC2E1F05F16007002245
:1049F0000023384611F056F9024658BBEB6D2BB137
:104A000001466FF067033046FFF7A0FF002345F82B
:104A1000043C05F15803D3E8EF1F21F00101C3E87E
:104A2000E21F002AF7D1A36A73BB04F10C0600222F
:104A30000023304611F036F978B9666886B9214608
:104A40001248266010F0C6FD286803B0BDE8F040AB
:104A500001F076BEF7F788FFC9E7F7F785FFE6E7CD
:104A6000A26833689642636008BFA36077683FB16D
:104A7000B3696FF067010093002320681A46B847B6
:104A80003046FFF753FFD8E703B0F0BD202F0020DA
:104A900030B50546044655F8043B89B018681DF04A
:104AA00025F96946FEF794FF2846FFF791FF132189
:104AB0006068FDF77BFF034620B10121024A0348ED
:104AC0001BF020FC09B030BDF3EF0400E87F0400C8
:104AD000B0B588B0044654F8803D00AF18681DF0AA
:104AE00005F93946FEF774FF6D4688B06A460B4BF0
:104AF000C2E905374FF400739383094B42F8103F26
:104B000000234FF4E2510748F3F7A4FC2046AD46DA
:104B1000FFF7BEFF2037BD46B0BD00BF11F0040057
:104B200003000001E87F040070B50E4658B9214922
:104B300040F6A273204A21481AF020FB40F6A271E9
:104B40001D481AF012FB49B91D4940F6A3731A4AD1
:104B50001A481AF013FB40F6A371F1E7FFF768F962
:104B6000044628B93046F7F7FFFE6FF07F0070BDAE
:104B700000F10C052846314621F04AFAA06A38B106
:104B800050F8B04904B1B03C29461DF0BAFC20B938
:104B90000020ECE71C466FF00100002CF8D0D4F8A0
:104BA000B03023B90230F5D020461C46ECE7B03BCC
:104BB000F8E700BF0BE7040059EE040013AD040052
:104BC00005D6040038B50C46054658B9184940F6D4
:104BD000B773184A18481AF0D1FA40F6B771154859
:104BE0001AF0C3FA49B9154940F6B873114A124888
:104BF0001AF0C4FA40F6B871F1E712F0A5FF2846A2
:104C0000FFF716F920B913F00DF86FF07F0038BDEB
:104C10000023236083683BB9C0E901441DF043FCD5
:104C200013F000F80020F2E71C608460F6E700BF94
:104C30000BE7040059EE040013AD04003DF004003E
:104C400008B521F003FE38B1034601210348044AA8
:104C50001DF0EBFD6FF0040008BD00BF18800400DC
:104C600048F0040010B51846144607491022A04722
:104C7000041E07DA23460121044A05481DF0D5FD2C
:104C8000204610BD0024FBE7A84600205EF004008B
:104C90001880040070B50D4C064623780D468342FB
:104CA00004D12846611C1DF015FE58B9237CB3427F
:104CB0000AD1284606491DF00DFE10B1012004EB73
:104CC000001070BD0020FAE70020FAE7285C002001
:104CD000395C002070B50D4C064623780D468342A2
:104CE00004D12846611C1DF0F5FD58B9237BB34261
:104CF0000AD1284606491DF0EDFD0028054808BFE9
:104D0000002070BD2046FCE70020FAE75046002056
:104D10005D4600205C46002070B50D4C05462378AA
:104D20000E46834203D1601C1DF0D4FD60B9237B85
:104D3000AB420BD1314607481DF0CCFD18B1012024
:104D40000C2303FB004070BD0020F9E70020FAE7C8
:104D5000227D00202F7D002070B5204B14468268F4
:104D60009A420FD1A568C66875B922793046216884
:104D70001DF0B8FD024628B1194901301DF0D7FDDC
:104D800015701581012070BDE0680028FBD02B88CC
:104D90008B420AD0F6D2E068A36801380433E060A1
:104DA000003818BF0120A360EDE725682279294665
:104DB00030461DF097FD024660B9304608491DF0A7
:104DC00091FD02460028E6D0294601301DF0AFFDD6
:104DD00023791370A3685B881381DCE78153020099
:104DE000C1D10400102110B50648FAF7E1F80346D6
:104DF00030B1BDE810400121034A04481DF015BD43
:104E000010BD00BF984600207FF004001880040009
:104E100070B50646134D40B12A4615F8011C6C1EAC
:104E20001CF0F5FE98B120460CE028460E491DF016
:104E300051FD40B90C4905F110001DF04BFD20B1AA
:104E400005F10F0070BD681EFCE70020FAE7304650
:104E5000217C04F111021CF0DAFE0028F5D004F1E7
:104E60001000EFE7295C0020C1D1040010B54A1CF6
:104E70000C4638B109781CF0CAFE08B1204610BDB6
:104E80000020FCE7104602491DF024FDF5E700BFB5
:104E9000C1D104002DE9F04106460F4690461CF0B2
:104EA00088FB394604463046FFF714FF0546B4B385
:104EB000A8B91C481DF042FD1B4A0446F0B102F19E
:104EC00014001DF03BFDD8B9012402F10C050C23A0
:104ED0005C43601C394610441DF029FD1655012124
:104EE00005F1080001FA08F11DF00BFDBDE8F041E5
:104EF0004FF4004200230D4811F056BF1546E6E777
:104F00000B4940F2BC530B4A0B481AF037F90B48D7
:104F10001AF034F940F2BC5106481AF026F9BDE8FF
:104F2000F08100BF5846002050460020684600200F
:104F3000D5F00400A5F0040013AD0400E7F0040070
:104F40000246014610B5042311F8010B0832F9F7A7
:104F5000FDFF034630B1BDE810400121024A03487D
:104F60001DF063BC10BD00BF06F1040018800400F2
:104F70002DE9F04180460F4616461D46FFF7CCFE50
:104F8000044680B91549FFF7C7FE044630B9BDE8AD
:104F9000F0410121124A13481DF0D3BC394600F8F4
:104FA000018B1DF0C4FC228963896AB973B926811B
:104FB0006581214611F8010B1CF0FBFA40B1204637
:104FC000BDE8F041FFF7BCBF964203D39D42EFD846
:104FD000BDE8F0819D422681EBD9E9E7C1D104000B
:104FE00022F104001880040008B50121024A034898
:104FF0001DF0A7FC002008BD41F10400188004004A
:1050000038B514460E4B82680D469A4215D1227966
:105010002168C0681DF066FC78B1D4F8C8302F2B29
:1050200003D9BDE83840FFF7DFBF04EB83021581E9
:10503000018901335181C4F8C830012038BD00BF57
:105040008153020008B502210346034A03481DF0BC
:10505000ECFB6FF00D0008BD95F104001880040012
:1050600008B50121034A04481DF06BFC6FF01500E0
:1050700008BD00BFBDF10400188004001FB519462B
:105080004FF428131046064ACDE902230823BDF841
:10509000182000936B441DF06EFC05B05DF804FB16
:1050A0001800280038B51546084B82689A420AD184
:1050B000C4682968013420461DF00CFC18B1204654
:1050C00069681DF034FC012038BD00BF8153020027
:1050D00008B513468168074A914209D11A791968BF
:1050E000C0681DF0FFFB18B100230360436003811B
:1050F000012008BD815302004FF4A472002301482F
:1051000011F052BE3047002008B5042108481DF0B8
:10511000F8FB6FF0020106481DF0FEFB04481DF08D
:105120000DFCC30701D5FFF7E7FF002008BD00BF56
:1051300060470020024608B5074901301DF0F7FB23
:1051400000230C3202F8043CD2E8EF1FC2E8E03F33
:105150000028F9D108BD00BFC1D1040010B5FFF788
:10516000DBFD044678B1014611F8010BF9F7FCFEAE
:10517000034620B10121054A05481DF056FB0023D6
:1051800023606360A360002010BD00BFC9F104006C
:105190001880040070B500F1700605463146007AAB
:1051A0001CF007FA04463146287A54B1FFF7D6FFBF
:1051B000034660B1BDE870400121054A05481DF075
:1051C00034BBFFF7A9FD10B104604460846070BD7A
:1051D000E6F10400188004002DE9F04385B00E4686
:1051E00090469946044600AF58B90121344A3548E3
:1051F0001DF0A7FB6FF0150528461437BD46BDE826
:10520000F08307F108011CF08BF8054698B16D4654
:1052100088B06A462C4BC2E905344FF4007393837F
:105220002A4B42F8103F00234FF4E2512548F3F790
:1052300011F9AD46DEE72046391D1BF087FB786883
:1052400058B10A22294619F099F8034628B10121DC
:105250001F4A1C481DF0E9FACCE7002007F10801BD
:10526000FFF75AFD044620BB002EC5D01949FFF7B1
:1052700053FD044638B90121174A12481DF061FB5D
:105280006FF00B05B8E7002307F1080100F8013BB8
:105290001DF04DFB04F1080104224846C047041EDE
:1052A000AADA234601210D4A06481DF0BEFA25461A
:1052B000A2E7002EEED10660466086609CE700BF44
:1052C000ECD1040018800400FCF10400030000018C
:1052D00018F20400C1D1040033F204005EF00400AF
:1052E0002DE9F041234B1546826807469A4202D1C8
:1052F000C468638933BB0120BDE8F081FDF75AF92A
:105300000021E3686181002BF5D038469847F2E729
:1053100005F170084146287A1CF04BF968B9164B24
:105320009C4202D12846FFF735FF304613491DF055
:10533000FEFA002323702381E2E7414630461DF048
:10534000F6FADDE72389002BDAD0264616F8011B92
:10535000284632461CF05BFC0028D9D13146207823
:10536000FDF75AFE0028CBD0437B072BC6D1FDF7B3
:1053700021F9C0E781530200AC2B0020C1D1040009
:105380002DE9F0471F46BDF8203006468846D1F883
:105390000C90002B4ED17B1E012B4ED8012F49467D
:1053A000157818BF1588FFF761FD0446B8B915B91F
:1053B0003846BDE8F0874946FFF758FD044638B93E
:1053C0001F4802211F4A1DF0BCFA6FF01000F0E7E1
:1053D00006F1700101301DF0AAFA337A2370D9F872
:1053E0001030DBB9B4F808A02581B9F80A30AB4217
:1053F00003D0494640461DF0A6FAAA4505D0002232
:10540000307A06F17001FFF745FD002DD0D10E492D
:10541000601C1DF08CFA25702581C9E72A4641469B
:10542000304698470028C4DB01380128DAD96FF0EC
:105430000D00BEE76FF00600BBE76FF00C00B8E7A9
:105440001880040055F20400C1D1040008B5012100
:1054500011481DF056FA10F0010F104B0AD1104AF6
:105460009A610D481DF06AFA830713D4BDE808401D
:10547000FFF742BE1A8B588B012A4FF6FF7205D8F0
:10548000904207D04FF6FF725A83EAE790421983A1
:10549000E7D0F7E708BD00BF6047002010470020B5
:1054A0000100FFFF2DE9F0411F46BDF81830064608
:1054B000012B904635D83B44012B3D4634DCFFF7A9
:1054C000A7FC044668B9FFF7A3FC044648B90221CB
:1054D000184A19481DF035FA6FF010052846BDE846
:1054E000F08197B10023217A98F8002021FA03F087
:1054F000C70703D522FA03F0C00718D50133032BE1
:10550000F4D102F007021143217206F17001601C10
:105510001DF00DFA337A0121204623701DF0D9FACF
:10552000DCE76FF00605D9E76FF00C05D6E76FF002
:105530001205D3E76FF204001880040010B56FF075
:10554000020104460E481DF0E7F90D481DF0F6F97A
:10555000C20704D5002200230A4811F025FC20468A
:105560001DF015F958B12046FFF752FC38B1037A07
:10557000DB0704D5BDE8104001211DF0AABA10BD1B
:1055800060470020304700202DE9F04385B0894670
:1055900016469846044600AF58B90121414A424890
:1055A0001DF0CFF96FF0150528461437BD46BDE84C
:1055B000F08307F108011BF0B3FE054698B16D4674
:1055C00088B06A46394BC2E905344FF400739383BF
:1055D000374B42F8103F00234FF4E2513248F2F7C4
:1055E00039FFAD46DEE72046391D1BF0AFF978687C
:1055F00058B10A22294618F0C1FE034628B10121FC
:105600002C4A29481DF011F9CCE7002007F10801C8
:10561000FFF740FB044690B9FFF7FAFB044638B9A0
:105620000121254A20481DF08CF96FF00B05BBE7DE
:10563000002307F1080100F8013B1DF078F9B9F1EA
:10564000000F2AD0022239464046B047061E07DA2C
:1056500033460121194A14481DF0E7F83546A3E7FF
:105660003B78022E237209D00221154A0E481DF004
:1056700068F9002120461DF02CFA95E77B78012B74
:1056800005D931460F4A08481DF0CFF8F1E720460A
:1056900003F001011DF00DFA86E72046FFF74AFDF1
:1056A00082E700BFECD1040018800400FCF1040084
:1056B0000300000118F204009BF204005EF00400F5
:1056C000BDF2040011F3040037B504460D46FFF7A0
:1056D000E1FA0246C0B1037A0C308DF804301DF0B7
:1056E0002DF9022300F001008DF8050001AA2946DA
:1056F0002046F9F741FC034620B10121034A044842
:105700001DF093F803B030BD0346F0E762F30400E8
:105710001880040010B5104C104920461DF0DAF82E
:10572000014638B9601E1DF0C4F9214614F8010C79
:10573000FFF7CAFF09490A481DF0CCF8014650B9E5
:1057400008481DF0B6F9BDE81040074B187C03F17E
:105750001101FFF7B9BF10BD295C0020C1D10400C1
:10576000395C0020385C0020285C0020012110B545
:1057700024481DF0C6F8C30743D4022121481DF078
:10578000C0F808401FD12049204A0B88204CA24273
:1057900016D900B10B801F4940F2F2531E4A1F4830
:1057A00019F0ECFC1E4819F0E9FC40F2F2511A48DD
:1057B00019F0DBFC5068083203449BB20120E6E795
:1057C000F8D300B10B801749174811F0B5F94FF421
:1057D000A47200231448F9F76DFC1449144811F021
:1057E000ABF9022113481DF08CF81349134811F04E
:1057F000A3F91348FDF7D2FDBDE810401148FDF7AD
:10580000CBBB10BD485C00203A7D0020607F0400C7
:10581000807F040092F30400A5F0040013AD04009F
:10582000B7B10400CD2B0400B8460020E9600200A7
:105830003047002060470020292D040068460020E2
:10584000842B0020642B002003462DE9F04198B3FF
:10585000008A88BB01244FF0140C1949DFF864E07A
:10586000714528D9184940F26C73184A184819F044
:1058700085FC184819F082FC40F26C71134819F04D
:1058800074FCD1E90076BB4204D30CFB0672143AD7
:1058900093420ED93444A2B214460831E0E70CFB1F
:1058A000057843450AD001356219B54292B2F6D166
:1058B000F2E70025F8E7E4D3BDE8F0811046FBE706
:1058C000607F0400807F04008BF30400A5F00400D7
:1058D00013AD0400B7B104002DE9F74F99464FF618
:1058E000FF73BDF830500746002D08BF1D462B4BF7
:1058F00090461B880091834232D203B0BDE8F08FFE
:105900004046895801931BF031FD019B90B1013451
:105910000AF1010AA4B2736853452CD9009B31687F
:105920009C42EAD8BC42F2D30BFB0AF28B18B8F1C6
:10593000000FE5D1B9F1000F0BD1013D1846ADB212
:1059400021460E9A0D9B9847002DD6D00028DED117
:10595000D3E7DA689145DAD1EFE74FF0000ADAE7EA
:1059600001244FF0140B0E4E06E0C6D27368234498
:10597000BB42F2D29CB208360A4B9E42F5D90A4984
:1059800040F63403094A0A4819F0F8FB094819F0AF
:10599000F5FB40F63401054819F0E7FB3A7D00209D
:1059A000607F0400807F04008BF30400A5F00400F6
:1059B00013AD0400B7B104001822002110B5E6B001
:1059C0000DEB0200CDE90111CDE9031121F066FCD8
:1059D0004FF41053ADF814308023ADF816304FF467
:1059E0008063234C1022CDE9073401A964AB05A8DC
:1059F00014F01AF8034630B11E4A01211E481CF06B
:105A000014FF66B010BD01464FF4B0720CA821F02F
:105A100045FC224664990CA820F015FF034608B106
:105A2000164AEAE74FF6FF710120154A0CAB1DF04C
:105A3000C2F81022134905AB0CA820F01BFF044646
:105A4000649813F0AFFF14B123460F4AD5E72146FF
:105A50000C4B03F11002187812F8014D013108299E
:105A600003F8014B1070F6D108481CF04AFFC8E754
:105A70000002C003BAF3040018800400E3F304003A
:105A80002F2804009846002001F4040060470020FD
:105A90002DE9F04118490446A1F1300015461E4693
:105AA000BDF8187011F0E2F914481CF047FF010727
:105AB00005D4FFF781FFFFF72DFEFFF793F920468E
:105AC000FFF7A6F968B1037ADA070AD500F10C04EA
:105AD00020461CF033FFC30703D4022120461CF0EC
:105AE00010FF10233A46069331462846BDE8F041A0
:105AF000034B1CF040BF00BFE84600206047002079
:105B00009846002010B51A481CF018FFC0F3C000DA
:105B100080F0010408B9FFF74FFF15481CF00EFF95
:105B2000034613481CF00AFFDA061FD5830606D584
:105B3000E4B1FFF7EFFDBDE81040FFF753B92021B6
:105B40000B481CF0DEFE10220A49881821F0AEFB3B
:105B500048B9094811F02EF9BDE810406FF0010175
:105B600003481CF0D9BEFFF771FCE2E710BD00BF8F
:105B700060470020984600203047002008B51021DB
:105B800003481CF0BEFEFFF7BDFF002008BD00BFAC
:105B9000604700202DE9F04FB9B000AF0C469046A9
:105BA00037493A46D7F8080199461AF0ABFE38B99A
:105BB000FFF756FA05462846E437BD46BDE8F08FA4
:105BC0003E68391D30461AF0C1FE3EB901212D4A0A
:105BD0002D481CF0B6FE6FF015043EE07868F8B969
:105BE0004FF0000B07F1080A5146304687F814B011
:105BF0001BF096FB054600B36C4688B06A46234B03
:105C0000C2E905364FF400739383214B42F8103FED
:105C10004FF4E2515B461C48F2F71CFCA546DAE75C
:105C20000A22002118F0AAFB03460028D8D001213F
:105C3000184A15481CF0F9FDCDE7C7F810A0E4B1EB
:105C4000C022484607F12001C047041E07DA234658
:105C50000121114A0C481CF0E8FD2546ABE7A408D9
:105C600007F12003C7E906344FF6FF7101200B4A04
:105C700007F110031CF09FFF9DE72346F2E700BFEA
:105C800017F40400ECD1040018800400FCF10400B7
:105C90000300000118F204005EF00400594D0200F8
:105CA000002307B50193FFF7CFFD411C89B20846D9
:105CB000034A01AB1CF07FFF019803B05DF804FBC1
:105CC000EB2704002DE9F04387B00C4616468046CA
:105CD00002AF70B9734940F69353734A734819F091
:105CE0004DFA734819F04AFA40F693516E4819F08C
:105CF0003CFA61B96F4940F694536B4A6B4819F00E
:105D00003DFA6B4819F03AFA40F69451EEE7437BBE
:105D1000072B40F0C28000233B7342F60303206848
:105D2000FB8107F10C011BF021FB0546002843D144
:105D3000D4F80490B9F1000F05D101215E4A5F4803
:105D40001CF0FFFDA9E001232146009007F10802A5
:105D5000C847031E11DA6E4688B002AAD361042335
:105D60005749C2E9051442F8103F4FF401512B4640
:105D70005248F2F76FFBB5468FE0012B05D00121A9
:105D8000504A4E481CF051FD87E03B7A13F0300F2B
:105D900000F083802046FFF783FF044660B9454941
:105DA00040F6B253404A414819F0E8F9464819F024
:105DB000E5F940F6B25199E7002320683B7342F6BB
:105DC000021307F10C01FB811BF0D0FA88B12046C9
:105DD000FFF766FF044660B9364940F6B853324AC9
:105DE000324819F0CBF9384819F0C8F940F6B851E3
:105DF0007CE7002542F60219206839463D70A7F875
:105E000002901BF0B3FA10BB002320683B7342F6EC
:105E1000021307F10C01FB811BF0A8FA05460028CC
:105E20003BD1D4F80490B9F1000F86D00223009042
:105E30002146404607F10C02C847031E8BDB022BAC
:105E40009DD1BB891E4214BF0120002026E042F6EE
:105E500003032068391D3D71FB801BF087FA002881
:105E6000D2D04FF42053206807F108013D727B81A6
:105E70001BF07CFA0028C7D042F60103206807F126
:105E80000C013D73FB811BF071FA0028BCD0204649
:105E9000FFF706FF04460028AED100201437BD46A8
:105EA000BDE8F0830BE70400A5F0040013AD040087
:105EB0001EF4040033F4040038F4040018800400D5
:105EC0004CF4040072F404008BF404002DE9F84350
:105ED000154689469422696806461CF07BFE80467A
:105EE00048B102212A4A2B481CF02BFD4FF0FF3508
:105EF0002846BDE8F883022230466968FFF7E2FED3
:105F000038B90221244A23481CF01BFD6FF0150507
:105F1000EEE74FF470200021AF8AFEF7D9FC02377C
:105F20000446A8B11D211D4B47613A464174C0F893
:105F30000C80436085613046FEF7F2F9074650B9A0
:105F400014480221164A1CF0FCFC2046FEF7EEFC29
:105F50006FF00B05CCE70123424641461CF039FCAB
:105F6000A98A07F10C000231F6F72CFE20F8029BFB
:105F7000AA8A296921F06BF921463046A760FEF70D
:105F800021FE05460028B3D02046FEF7CFFCAFE740
:105F9000A1F4040018800400B7F40400F127040001
:105FA000E2F4040030B505460C468BB071B94649A1
:105FB00040F63843454A464819F0E0F8454819F09C
:105FC000DDF840F63841414819F0CFF84B6873B915
:105FD0000B6863B9404940F639433C4A3C4819F0E4
:105FE000CDF83C4819F0CAF840F63941EBE73B4898
:105FF0001CF0A4FC420761D515B16B7B072B60D167
:1060000060680590FFF720FC2268ADF818003AB3ED
:1060100005A90291324900230191012100914FF617
:10602000FF710593FFF758FC059B1BB96FF001004A
:106030000BB030BD6360059B04A9186800238DF880
:10604000103042F60303ADF812301BF08FF970B92F
:106050000598C3689B799B0605D46FF01500E7E7A8
:106060000028E8D1E2E71CF05FFDADF81800BDF8AC
:1060700018003DB10123014622462846A375FFF7CB
:1060800025FFD5E76FF07F0307930223ADF820309B
:1060900042F60213ADF8123005ABA5750293114B11
:1060A0004FF6FF710193012304AA00932B46099434
:1060B0008DF81050FFF710FC0798B9E76FF00A0051
:1060C000B6E76FF07F00B3E709F50400A5F0040020
:1060D00013AD040010F5040026F504002427002069
:1060E0001F28040079640200F7B500F1300504466A
:1060F000A0F1200728461CF021FC8307C0F34006CE
:106100000ED5194940F24C53184A194819F036F87F
:10611000184819F033F840F24C51144819F025F89A
:1061200054F8083C6FF00101284601931CF0F4FB81
:10613000114B394644F81C3C104B304644F8183C8F
:1061400001AB44F8103C042324F8086C24F8066CD6
:1061500024F80C3CFFF726FF18B9022128461CF052
:10616000D0FB03B0F0BD00BF43F50400A5F0040070
:1061700013AD040074F50400BC8904003D55020011
:106180002DE9F843904614683C4B826805469A42D4
:1061900000AF20D1C6683389721CE3B12046317844
:1061A0001BF035FDB8B14FF49572294620461CF01E
:1061B00011FD30B3032812D16C4688B06A46304BCB
:1061C000C2E9053542F8100F00234FF4C4512D48A1
:1061D000F2F740F9A5460120BD46BDE8F883052841
:1061E00020460CBF4FF003094FF002091BF076FD6B
:1061F000814506D998F804304B45ECD288F80490D4
:10620000E9E7314628461CF09EFB1F4B9E42E2D137
:10621000207A04F17001FEF77FFD05460028DAD0F0
:10622000038913B94389002BD5D02046FCF734FBF2
:106230002B89164A698922F8203002EB80035980A5
:1062400018231349134D03FB001300B202EB800225
:106250001A61042200EB40005D600F4D01EBC001AC
:1062600020469D609A82FFF79DFE0028B3D0012151
:106270000A4A04481CF065FBADE700BF81530200E9
:106280008FF5040018800400AC2B00201E7D002038
:10629000105C0020BC890400EF2A0400A3F5040070
:1062A000F8B514460F469422616806461CF092FC2D
:1062B00038B11E4802211E4A1CF043FB4FF0FF304C
:1062C000F8BD012230466168FFF7FCFC38B9174879
:1062D0000221184A1CF035FB6FF01500F0E7A28987
:1062E0001B2130460232FEF71BF8054638B90F482D
:1062F0000221114A1CF025FB6FF00B00E0E7A18999
:106300000C300231F6F75EFC20F8027BA289A1680E
:1063100020F09DFFD4E90412284601231CF059FA0D
:1063200029463046BDE8F840FEF7FEBB1880040061
:10633000A1F40400B7F40400C0F5040030B505462C
:106340000C468BB071B9444940F65733434A444830
:1063500018F014FF434818F011FF40F657313F483A
:1063600018F003FF4B6873B90B6863B93E4940F6F8
:1063700058333A4A3A4818F001FF3A4818F0FEFEFE
:1063800040F65831EBE739481CF0D8FA42075DD5A2
:1063900015B16B7B072B5CD160680590FFF754FA51
:1063A0002268ADF818003AB305A9029130490023DC
:1063B0000191012100914FF6FF710593FFF78CFACF
:1063C000059B1BB96FF001000BB030BD6360059BEE
:1063D00004A9186800238DF8103042F60303ADF8C5
:1063E00012301AF0C3FF70B90598C3689B79DB06B9
:1063F00005D46FF01500E7E70028E8D1E2E71CF0CC
:1064000093FBADF81800BDF818002DB101462246E7
:106410002846FFF745FFD7E76FF07F0342F60212E9
:1064200007930123ADF8122005AA0292114AADF894
:106430002030CDE900324FF6FF712B4604AA0994B3
:106440008DF81050FFF748FA0798BDE76FF00A0083
:10645000BAE76FF07F00B7E709F50400A5F0040084
:1064600013AD040010F5040026F5040024270020D5
:106470001F280400796402002DE9F8431446434BB9
:10648000826807469A4203D001273846BDE8F88360
:10649000C6683F4B9E4210D03289A389711C9A4234
:1064A000F2D13078FCF7B8FD05460028ECD0437BEC
:1064B000072B26D0FCF77EF8E6E74FF00008354DB5
:1064C000DFF8D490494628461CF004FA78B9072230
:1064D000294615F8010CFCF7F1FD78B92369294626
:1064E0001A6915F8010C53881288FEF741FD0C3526
:1064F000B8F1000FD0D14FF00108E3E7FCF75AF8EC
:10650000F5E7736923B13946984708B92846D1E7BA
:106510003946942228461CF05DFB074628B102212B
:106520001E4A1F481CF00DFAF0E7A389022B14D174
:10653000338913F0020604D12846FCF73BF8A66025
:10654000A2E728462269A188FFF7C0FC0646A8B941
:106550002269937D01339375EEE7012B04D0284621
:10656000FCF728F8A7608FE7338913F00106E3D022
:1065700028462269A188FFF793FE06462846FCF7C5
:1065800019F8002EA66080DB7EE700BF8153020071
:10659000AC2B0020237D0020C1D10400A1F4040015
:1065A00018800400012370B500F170058EB0044618
:1065B00003902946007A8DF810301AF0FAFF90B156
:1065C000227A52B302AE0421304618F0FEFE009645
:1065D0002421134A05A82B46F8F708FC05AA104603
:1065E0001049F3F79FFE4FF6FF7101200E4A03ABEF
:1065F0001CF0E1FA20461BF071FB9DF81010884258
:1066000009D220461BF037FB034620B10221074A7E
:1066100007481CF00AF90EB070BD0092D8E700BF21
:106620001AF40400955B020081610200E9F50400A0
:1066300018800400F8B505460E461746064B1C6840
:106640004CB154F8043C043C1BB13A463146284650
:1066500098476468F4E7F8BD4C5C002013B5044625
:10666000009001204FF6FF716B46074A8DF8040039
:106670001CF0A1FA002120461CF0E7FA08B9FEF749
:10668000E5FE02B010BD00BF81610200002330B5FD
:10669000B5B001918DF808003393044601AB0D4667
:1066A00001204FF6FF710C4A1CF085FA339B83B131
:1066B0009B0003AA20462946F8F76CFC044628B143
:1066C00003460121054A06481CF0AFF8204635B0C4
:1066D00030BD1A46EEE700BF0150020015F6040077
:1066E000188004002DE9F34100F17008CDE9001293
:1066F00004460F46007A414616461AF05AFF0546F0
:106700006B464FF6FF7101200C4A1CF054FA1DB184
:106710004146207AFFF7BAFF3946207AFEF7BAFAE7
:1067200040B1314601301CF002F91DB14146207ADA
:10673000FEF7CAFF02B0BDE8F08100BFA55002001D
:1067400073B5044603464FF6FF710120184A04F161
:1067500070061CF030FA3146207A1CF0AFFA314650
:10676000207A1AF026FF50B1237A4FF6FF718DF888
:10677000043001206B460F4A00961CF01CFA20469C
:10678000FEF746FB054688B13146207A1AF011FF24
:1067900028B9284602B0BDE87040FEF7CBBC3146B0
:1067A000681C02B0BDE870401CF0C1B802B070BDFA
:1067B000E1520200D150020008B5054B01461846CF
:1067C0001CF0D7FA043B002814BF1846002008BD6F
:1067D0006C470020084B00F5BC701A68074BD0E8E6
:1067E000EF1F994204D1C0E8EC2FBCF1000FF6D1A5
:1067F000D0E8AF0F704700BF4C5B00206847002017
:1068000008B5FFF7E7FF0346C8B1D0E9001221B988
:10681000002A0CBF0320022010E032B1836813B9B4
:10682000094B1B7833B9042008E00749087828B1E0
:106830009B6833B9003A18BF0122500008BD0320FD
:10684000FCE70120FAE700BFC07E002008B5012167
:10685000024A03481CF08BFA002008BD4FF60400E2
:10686000708004000221024A02481CF080BA00BF76
:106870006AF6040070800400002370B51A460446CE
:10688000EC300D46FCF7B8FE58B1693004D1012157
:10689000084A09481CF06BFA2846BDE87040F6F734
:1068A00063B804F5A4704FF47022BDE87040002373
:1068B00010F07ABAEDEE04007080040038B504469A
:1068C000051D082128461CF095FA084904F15700D7
:1068D000FBF7CAFA48B1082128461CF071FA0448AF
:1068E0000121044A1CF043FA082038BDC3300400DB
:1068F0007080040083F6040038B50546EC220021C0
:1069000020F0CCFC102105F12700FBF73DF80446F0
:1069100048B9052128461CF06DFAFBF797FA034B9E
:106920001860204638BD0824FBE700BF545C0020F7
:1069300070B504460E4686B0FFF74CFF04F13702EF
:106940001146F368054603F1100053F8046B8342C7
:1069500041F8046BF9D1237A052B00F29580DFE82A
:1069600003F017232303936A02AB4B490093096892
:1069700004F1270304F1570001F0D2FC58BB0A21AF
:10698000201D1CF037FAAB680299D4F8EC00984748
:1069900020460D211CF02EFA201D10211CF02AFA91
:1069A00020461CF056FA20E094F8DC10D4F8D830D9
:1069B00002ADCB40384903F001030095096843F06C
:1069C000800304F157001CF006FC30B10121334A6A
:1069D00033481CF0CCF9082007E01022294604F1C6
:1069E000170020F063FC10B1042006B070BD032135
:1069F00020461CF0FFF91CF02CFA0028F5D194F881
:106A0000DC300133DBB2142B84F8DC3009D10D21EA
:106A100020461CF0EFF91021201D1CF0EBF900209E
:106A2000E3E7102104F12700FAF7AEFF003818BFA2
:106A30000120C000D9E7102104F12700FAF7A4FFD4
:106A40000028C8D135B3EB6823B3164BE27A1B8814
:106A5000D207ADF80830A37C03F0010312D4002B59
:106A600014BF012303238DF809300023201DC4E93E
:106A700038330C211CF0BEF9EB68D4F8EC0002A905
:106A80009847CCE75B00EEE70121074A04481CF079
:106A9000A2F9A0E70220A8E7545C00209CF60400BD
:106AA000708004002F830400B5F604002DE9F04740
:106AB000044690B00CAD10220021284620F0EEFBD9
:106AC000237A052B34D8DFE803F0060303063323CB
:106AD000D4F8D8300C93D4F8EC3004F1470204F128
:106AE000C707CDE9017204F1370803F17E0204F112
:106AF0002709009241464A46773304F1970001F096
:106B0000A7FBF0B1454A012145481CF030F914E0DB
:106B1000D4F8E430002BDED02E4603F110073246C5
:106B200018685968083303C2BB421646F7D1D2E74A
:106B300001213C4A3A481CF04EF9082010B0BDE84B
:106B4000F087D4F8EC3008AE03F177027E3301937E
:106B500004F111030292009342462B4649463846FF
:106B600003961CF05DFB08B12F4ACCE7237A052B76
:106B70000ED1D4F8E01011B30B46AC4601F1100E63
:106B8000624618685968083303C273459446F7D1C2
:106B9000D4F8EC300DF1100A03F17E027733019343
:106BA00004F10A03029200934A462B4641463846B6
:106BB000CDF80CA01CF034FB30B11C4AA3E7102226
:106BC000284620F06BFBE3E71022514604F1B700A2
:106BD00020F06CFBF8B90D2120461CF01BF907468C
:106BE0000028AAD010210C30F5F7ECFF32460346FE
:106BF000164603CEAE4218605960324603F10803D0
:106C0000F6D139462046FFF737FE201D01211CF042
:106C1000F1F8002092E70B2090E700BFD1F60400C6
:106C200070800400B5F60400E6F6040009F70400DD
:106C300073B5047A0546022C23D844B190F8DC30B1
:106C4000D0F8D840DC4004F0010444F08004032173
:106C500028461CF0DFF80646D8B110210C30F5F7B5
:106C6000B1FF009012482346006805F1270205F1A4
:106C700057011CF0B0FA044680B13046F5F774FEB7
:106C800007E0032C08D0234601210A4A0A481CF0D9
:106C9000A2F8082002B070BD0024D8E7314628468B
:106CA000FFF7EAFD281D21461CF08AF82046F1E78F
:106CB000545C0020B5F604007080040070B5061D19
:106CC000CD6804460B2130461CF07AF82B4604F1BF
:106CD000170205F1100153F8040B8B4242F8040B24
:106CE000F9D1237A012B09D0022B13D1204604219C
:106CF0001CF080F8BDE87040FFF79ABF0A213046CB
:106D00001CF037F80028F1D0304600211CF072F852
:106D1000002070BD03480121034A1CF05CF80820E4
:106D2000F7E700BF70800400B5F60400F8B504462C
:106D3000FFF750FD251D06460E2128461CF019F8C8
:106D400070B94B4B2022196804F1570020F0AEFABD
:106D500030B90221474A48481CF009F8082033E0BE
:106D60000C2120461CF056F807460028F6D040219A
:106D70000C30F5F727FF3E4B02461B68014603F136
:106D8000200053F804CB834241F804CBF9D12032E0
:106D900003F1200153F8040B8B4242F8040BF9D1A4
:106DA00039462046FFF768FD237A052B58D8DFE8DF
:106DB00003F003380C035754042120461CF01AF842
:106DC000FFF736FF00283BD0F8BD2046D4F8EC7022
:106DD000FFF700FD0421064604F1D800FAF7D4FDC0
:106DE0000028BBD1D4F8D830244A84F8DC00B3FBA7
:106DF000F2F102FB1133C4F8D83056B1336843B115
:106E00000B2128461BF0F6FF38463368D4F8D8101B
:106E10009847032120461BF0EDFF0E211BF0EAFFEF
:106E20000EE0204603211BF0E5FF0E211BF0E2FFE0
:106E300028460A211BF0DEFF7368D4F8EC0098475F
:106E4000284607211BF0D6FF0820FFF7B5FC68B9DC
:106E50002046BDE8F840FFF731BD04212046DDE7BC
:106E60000121074A04481BF0B6FF77E70020ABE793
:106E7000545C00202DF704007080040040420F0095
:106E8000B5F6040070B504460E4604F15705FFF749
:106E9000A1FC2A46F36803F1200153F8040B8B424E
:106EA00042F8040BF9D104F1770203F1200153F801
:106EB000040B8B4242F8040BF9D12846FAF72CFF59
:106EC00000B303211C4A1D481BF051FF0E21201D59
:106ED0001BF090FFD4F8EC50D5F8A03033B9287AE5
:106EE00005F1700100F05CFFC5F8A000D5F8A030F6
:106EF0009BB1DA8902F024027AB15B7B9B070CD448
:106F0000032070BD2846FAF713FF30B90B48022161
:106F10000B4A1BF02CFF0B20F3E70A4B1D682DB921
:106F2000201D06211BF066FF2846EAE72046BDE843
:106F30007040FFF7FBBE00BF48F7040070800400FC
:106F400069F70400545C002038B504460D49A0F1EF
:106F5000EC055C300FF0F0FD28461BF0F2FF0A4A0A
:106F600004F18C03D3E8EF1FC3E8E02F0028F9D128
:106F70004FF0FF339034D4E8EF2FC4E8E13F00290D
:106F8000F9D138BD757B02006847002080B500AF9D
:106F900088B06A46074BC2E90530032342F8103F28
:106FA00000234FF4C2510448F1F754FA6FF00B007C
:106FB000BD4680BD85F7040070800400054BD3F802
:106FC000EC200AB1FFF7E2BF0348EC3358601046EB
:106FD0000B60704768470020C08A04002DE9F0412B
:106FE0000B46064600AF0D2104301BF0C2FE78B3FD
:106FF000DD68D6F8EC30022003F170084246197AB9
:1070000000F0CAFF0446C8B94046F7F761FE6D4676
:1070100088B06A46114BC2E905304FF40073938380
:107020000F4B42F8103F0F4823464FF4E251F1F75F
:1070300011FA0820AD46BD46BDE8F0812B462A3442
:1070400005F1100253F8041B934244F8041BF9D1D4
:10705000304609211BF0CEFE0020ECE7AAF7040021
:10706000030000017080040038B5134B05461B78FF
:10707000E3B101F00F042846FFF7C2FB0F4B0328D2
:107080001B780CBF04F00B0444F0040405F5BE703B
:10709000D0E8EF2F013203D1C0E8E13F0029F7D15A
:1070A000D0E8AF3F2BB144F0010038BD01F0070438
:1070B000E1E704F0FE00F8E7C07E0020692E002022
:1070C000F8B50D460446D0F8EC60FFF783FBEF6897
:1070D000FB78102B01D00620F8BDD6F8A0305BB1AC
:1070E000251D0F2128461BF044FE80B92046FFF7DE
:1070F00003FC60B1C0B2EFE7307A06F1700100F036
:107100004FFEC6F8A0000028EAD10820E4E70123DA
:1071100063723B682046C4F80A30BB88E3810223CF
:107120002374B978FFF7A0FFE0742046FFF768FBEF
:107130001023607423753B7903F0030363757B7937
:1071400003F00103A375E37C1A070CD5BB781B077A
:1071500009D5052128461BF04DFE637D03F002038F
:1071600063750023A375052128461BF002FE002845
:1071700043D0474B1B78A374E37C980606D5BB78B5
:10718000990603D5142128461BF034FEE37CDA0768
:1071900035D5BB78DB0732D50D2128461BF02AFEFA
:1071A000A37D032184F8E830637D284684F8E93024
:1071B0001BF020FE237BE17C3F7803EA01021007ED
:1071C00004D5E27AA07C0243D2071CD4042F1CD839
:1071D0000B4313F0040307D02046FFF711FB2D4BA0
:1071E00007EB87073B441B5C23722046D6F8A010B0
:1071F0001BF0C5FD58B903206EE7274BBAE7002303
:107200006375A375CCE70523EEE70023ECE7D4F81C
:10721000EC309B7A032B36D024D8013B012B3FF670
:1072200074AF052128461BF0A4FD0028E3D00C21F3
:1072300020461BF0DFFD02211BF0ECFD0546002877
:107240003FF463AF06210C30F5F7BCFCD4F81130E5
:1072500029460360B4F8153083802046FFF70CFB05
:10726000002039E7042B7FF450AF237D627B9342EB
:1072700028BF1346102B7FF42EAF052128461BF0A4
:1072800078FD0028B7D0237A002BCAD1B3E700BF1E
:10729000C27E002061FA0400C17E00202DE9F04189
:1072A000C6780446012E04D06FF015042046BDE8D0
:1072B000F0811BF092FD0546002800F0AB80071D11
:1072C000042138461BF055FD002840F0A68003211C
:1072D00038461BF04EFD10B16FF00F04E6E7314663
:1072E00038461BF046FD0028F6D12846FFF772FA13
:1072F000D5F8EC3006469B7A032B42D032D8013BBE
:10730000012B48D90F21201D1BF033FD0028CBD1C4
:10731000D4F8A03083B904F1700632462020217AD7
:1073200000F07EFDC4F8A00030B932460420217A76
:1073300000F076FDC4F8A000D4F8A030002BB3D044
:10734000DA8912F0240FAFD0A17A022923D9587B11
:10735000C007A9D503291ED09206A5D51B7B102BEB
:10736000A2D118E0042BCDD12846FFF749FA032813
:1073700004D1002EC6D0F368002BC3D0284B1B7855
:1073800007E02846FFF73CFA032804D1002EB9D0C5
:10739000F368002BB6D0D4F8A0303BB12846FFF7F5
:1073A000ABFA044670B16FF068047FE7207A04F10D
:1073B000700100F0F5FCC4F8A0000028EED16FF0D9
:1073C0000B0473E70B2128461BF024FD064600281A
:1073D000E9D001210C30F5F7F5FB0921804628465C
:1073E000FFF742FE2346224688F80000314605F1A9
:1073F000EC00FCF701F9044618B13046F5F7B4FA91
:1074000054E738460F211BF0F5FC012128461BF0FC
:10741000F1FC4BE76FF07F0448E76FF0040445E7A9
:10742000C07E0020F8B5D0F8EC400646D4F8A03075
:10743000051D002B33D10221404A41481BF097FC27
:107440000721404B5F5CD4F8A0304BB11B7B002B75
:107450005DD1D4F8A00000F0C3FD0023C4F8A03033
:10746000022128461BF085FC48B9072F94BF364BF4
:107470001F213A46204698BFD95DFBF74DFD0321F9
:1074800028461BF076FC68B3304B1B6853B31D686D
:1074900005B10C3D53F8083C002B41D143E081BBC2
:1074A0000D2128461BF065FC074620B1D4F8A0004A
:1074B00008B100F077FE254B1B689BB11D6805B134
:1074C0000C3D53F80C3C13B13946204698474DB15A
:1074D0002B46ED681B681DB10C3D002BF4D1F7E77E
:1074E000002BF1D130461BF02CFD637B072B24D100
:1074F000627AA37A9A4220D02046BDE8F840FFF78E
:10750000CDBE0139C9B20E299BD909279BE70221BB
:1075100028461BF02EFC00289BD1A1E70C3D23B18F
:10752000394620469847002DDCD02B46ED685B6835
:10753000002DF3D1002BF3D1D4E7F8BD4DF80400B2
:107540007080040052FA040041FA0400445B0020F9
:10755000F8B5031D06460F46184602211BF009FC2C
:10756000044620B1B6F8E840B4FA84F46409032173
:1075700018461BF0FEFB80B139463046FFF752FF3C
:10758000C4B1022119481A4A1BF0F1FB0521D6F8B3
:10759000EC00FBF70BFA0020F8BD012118461BF0A8
:1075A000E8FB0028E8D10F2118461BF0E2FB002879
:1075B000E2D1E5E7052130461BF02CFC054688B1F9
:1075C00001210C30F5F7FEFA2346077022462946C2
:1075D00006F1EC00FCF710F80028DCD02846F5F79F
:1075E000C3F9D8E76FF06800D6E700BF70800400E9
:1075F00077F804001E4B10B5044618604FF0FF32B8
:107600004FF0FF331B480EF0C5F858B11A4941F24C
:10761000DD231A4A1A4817F0B1FD41F2DD2117485F
:1076200017F0A3FD17480FF0D9FC12480EF082F9AD
:1076300048B1114941F2E223104A114817F09EFD6A
:1076400041F2E221EBE774B10F4B1C1FD3E8AF3FCF
:107650005B0607D52046FFF769FB014610B12046BF
:10766000FFF776FF10BDBDE81040FFF7FBB800BF85
:10767000545C0020DC2B002026F80400C4F7040032
:1076800013AD0400F02B00206C47002010B51BF058
:10769000A4FB044610B96FF0150010BD0A21043098
:1076A0001BF028FC0028F6D0237A062B11D8DFE83F
:1076B00003F00E04040A100C0C0001212046BDE862
:1076C0001040FFF745BF0421F8E70221F6E7082143
:1076D000F4E703480121034A1BF07DFB0020DCE7AF
:1076E00070800400B5F604002DE9F3410B8A0446CE
:1076F0000E4643B901212D4A2D481BF038FB0020CE
:1077000002B0BDE8F081012106F10C00F5F73CFA6A
:10771000A4F1EC05E83C0746042120461BF029FBB8
:107720003B7828B1234A022121481BF054FBE6E7AD
:107730000E2B01D9204AF6E7DFF8808058F8332075
:107740004AB902211E4A1A481BF045FB0721284668
:10775000FFF7FEFED3E7194628461BF0CBFB3B782C
:1077600060B902211248174A1BF035FB032120465D
:107770001BF0FFFA0028C2D00821E8E708EBC3019C
:10778000328A0979914208D00121009308481346B2
:107790000D4A18F0C1FD0A21D9E73146284658F8AC
:1077A0003330984701460028A9D0D0E7CFF804002D
:1077B00070800400EAF804001BF90400E88A040061
:1077C0003DF9040057F90400A2EF04002DE9F04749
:1077D00082B090F8E930D1F80C8023F0020380F8F1
:1077E000E930D0F8EC6098F80030044600AF06F1BC
:1077F0007009BBB398F8063003F0C003C02B31D03A
:107800004046F7F765FA6E4688B06C464FF4007A4A
:1078100025466B4BDFF8AC81C4E90530A4F81CA009
:1078200045F8108F00232A464FF4E2516648F0F7DE
:1078300011FE4846B546F7F74BFAA546634BA4F848
:107840001CA0C4E90530C4F810805F4800232A4614
:107850004FF4E251F0F7FEFD0A20B5460837BD4669
:10786000BDE8F0870722414648461FF01FFD68B17A
:107870004146307A00F052FB054638B101462046B9
:107880001BF07DFA30B3284600F0AAFB0D21201D25
:107890001BF06FFA002800F081804A460220317AFE
:1078A00000F07AFB0546B8B94846F7F711FA6C467E
:1078B00088B06A46464BC2E905304FF400739383A3
:1078C000404B42F8103F4FF4E2512B463E48F0F750
:1078D000C1FDA5460820C1E7F378002B3ED106F193
:1078E0007E031878012828D19A7902F0C002402A34
:1078F00023D1D3F80120C5F83A20B3F80530EB873F
:1079000096F87030CBB196F8763003F0C003C02BF8
:1079100013D03A462F49C7E90098FAF79DFFD8F8E7
:1079200000303046C5F80130B8F80430A5F805300D
:1079300098F80630EB71FBF7A7FA94F8E91011F00C
:1079400002010ED0244940F6DE73244A244817F081
:1079500015FC40F6DE71214817F007FC06F17703AD
:10796000BFE72846F9F76AFA014630B11648022106
:107970001C4A1BF0FCF9032070E72846F9F75EFA71
:1079800048B1194941F20203144A154817F0F6FBB1
:1079900041F20201DFE72846F9F762FA94F8E9308C
:1079A0005B0703D50A2120461BF024FAB4F8E8103F
:1079B00009B1002052E72046FFF734FDF9E700BF88
:1079C00072F9040003000001708004002DFA040025
:1079D000AAF70400192F040086F90400C4F7040074
:1079E00013AD0400A1F90400DCF904002DE9F04115
:1079F0000E460446D0F8EC80FEF7ECFEF668012156
:107A0000054633780F48104A271D1BF0E4F90A2178
:107A100038461BF06FFA38B16DB920463178FFF760
:107A200001FD0020BDE8F0810B2138461BF062FA11
:107A30000028F1D1F1E72B69002BEED040469847A2
:107A4000EBE700BF70800400FEF904002DE9F84365
:107A50000546A0F1E8060446884600AF01213046FD
:107A600055F8EC991BF046FA38B3B8F1000F19D06D
:107A7000032130461BF07DF9F8B14046F8F7F0F8E5
:107A80000138C0B208288CBF0024364B4FF00201E9
:107A900098BF1C5C30461BF0ADF921462846FFF725
:107AA000C1FC0AE099F80B303BB1032130461BF0D2
:107AB00060F928B928461BF044FABD46BDE8F883B2
:107AC000052130461BF055F9B8B114F8043C1B07EA
:107AD00007D514F8033C180703D5112130461BF0D5
:107AE00089F914F8043C23F0080304F8043C14F862
:107AF000033C23F0080304F8033C14F8033CD907C3
:107B000010D5062128461BF075F9304602211BF0DE
:107B100071F92068D0F8A06066B134F8041C00291F
:107B2000CBD1BBE79A0701D50821EBE75B07ECD582
:107B30000A21E7E77030F7F7CBF86C4688B06A4661
:107B4000094BC2E905304FF400739383074B42F8A9
:107B5000103F4FF4E25133460548F0F77BFCA54651
:107B6000ABE700BF49FA040020FA0400030000015B
:107B70007080040010B504460121084A08481BF033
:107B8000F6F8A4F5A4700821FFF74CFCA4F5A27048
:107B90000421BDE810401BF02DB900BF35FA0400E8
:107BA000708004002DE9F84300AF04461BF015F97E
:107BB000054670B3061D032130461BF0DAF840B3CA
:107BC000D4F8A00008B100F00BFA04F1700949469E
:107BD000207A00F0E5F88046C4F8A000E0B94846F5
:107BE000F7F776F86C4688B06A463B4BC2E9053039
:107BF0004FF400739383394B42F8103F4FF4E25136
:107C000037484346F0F726FC0821A5462846FFF7EB
:107C10009FFCBD46BDE8F8830E2130461BF0A9F855
:107C200028B1D4F8A020537B43F0020353732A7A7F
:107C3000D4F8A010032A4B7B3AD8002A3FD0D4F8BE
:107C4000A020537B43F0010353732B7D697BD4F851
:107C5000A0208B4228BF0B463046137305211BF032
:107C600088F8D4F8A0305A7B90B342F010020D216E
:107C700030465A731BF07DF80028CAD02021D4F872
:107C8000A00000F071F9D4F8A03005F147021A33D2
:107C9000573552F8041BAA4243F8041BF9D10023BC
:107CA000D4F8A02013615361D4F8A0201383B0E767
:107CB000053A012A03D843F020034B73BFE723F0B2
:107CC00020034B73D4F8A020537B23F00103BBE7C0
:107CD00022F010025A739CE7AAF704000300000187
:107CE00070800400012208B5034B04481A70FAF7AB
:107CF00063F8002008BD00BFC07E0020F82B0020E4
:107D000008B558B90B490C484FF4FD730B4A17F0EE
:107D100035FA4FF4FD71094817F027FA437B5B06EB
:107D200007D40121F8F7CAFFBDE8084004480EF067
:107D3000EFBC08BDB1FA040013AD040081FA0400E1
:107D4000002C00202DE9F041124F05463E4616F862
:107D5000013B0C4683424FF0010804D10722304614
:107D60001FF0A4FA88B1B8F1000F05D00722304601
:107D700009491FF09BFA58B93D702268074BC7F8B4
:107D80000120A2889A80A2799A710248BDE8F08108
:107D90000020FBE7585C0020C1D10400595C0020A2
:107DA00008B549B9064907486323074A17F0E6F9B9
:107DB0006321054817F0D9F9BDE80840FFF7C2BFB5
:107DC000C5FA040013AD040081FA04000B4610B597
:107DD0001146044663B909490948BD23094A17F009
:107DE000CDF9BD21074817F0C0F9BDE8104018478C
:107DF0000548C2892242F8D110BD00BFD9FA04005B
:107E000013AD040081FA0400585C002008B500227C
:107E100002200249FFF7DAFF002008BD017D0200C1
:107E2000F8B50E46054611464AB10F4C00272046CC
:107E3000E38910F8012B2B400BD11846F8BD0B49F4
:107E40000B48CA230B4A17F099F9CA21094817F0C1
:107E50008CF9964203D107221FF028FA08B1384660
:107E6000ECE72046EAE700BF585C0020C5FA0400B2
:107E700013AD040081FA0400F8B506460C4649B972
:107E800020492148F323214A17F078F9F3211F48AC
:107E900017F06BF90B78012B01D00020F8BD8B791E
:107EA00003F0C003402BF8D1194D00232946EF8978
:107EB00011F83A2BBF0704F1010006D5B24204D1F4
:107EC00006221FF0F3F9D0B10023EA89297802F0E5
:107ED0000202002BE1D1002ADFD0B142DDD1671CC4
:107EE00039460C4819F0F3F901230028EDD0D4F8F5
:107EF0000130C5F83A30B4F80520074B9A800448A1
:107F0000CCE700BFC5FA040013AD040081FA0400F9
:107F1000585C0020825C0020925C002010B529B1E2
:107F20000D4C237883420DD0002010BD0B490C4826
:107F30004FF492730B4A17F021F94FF492710948EC
:107F400017F013F90722601C1FF0B0F900280CBFCE
:107F500020460020E9E700BF585C0020C5FA040075
:107F600013AD040081FA040008B558B90749084860
:107F70004FF49A73074A17F001F94FF49A710548C4
:107F800017F0F3F8C3891943C18108BDB1FA0400A1
:107F900013AD040081FA0400F8B506460F461546F5
:107FA0004AB90C490C48DC230C4A17F0E7F8DC21ED
:107FB0000A4817F0DAF8FFF733FF044640B92946BC
:107FC0003846FFF7EDFE044610B13146FFF7CCFF0F
:107FD0002046F8BDC5FA040013AD040081FA040080
:107FE00010B5044658B90E490E484FF4A2730E4A14
:107FF00017F0C4F84FF4A2710B4817F0B6F8037AE3
:108000005B0701D5F8F746FF214611F8010BF7F79A
:108010002DF82046BDE81040402200211FF03EB957
:10802000B1FA040013AD040081FA0400F0B593B076
:108030001546044602AF50B90121514A514818F083
:1080400058F96FF0150630464437BD46F0BD34226E
:10805000184607F10C01A847051E06DA2B464A4AC6
:108060000121484818F04EF9EBE72046391D19F078
:1080700057F9064698B16D4688B002AA434BC2E94B
:1080800005344FF400739383414B42F8103F0023B3
:108090004FF4E2513B48F0F7DDF9AD46D1E7394600
:1080A000204618F053FC386838B10A22314616F0E1
:1080B00065F9034608B1374AD2E70DBB29463F2090
:1080C0003A1DFFF7ADFE20B1402229461FF0E6F829
:1080D000B9E7381DF6F7FCFD6C4688B002AA2E4BB6
:1080E000C2E905304FF400739383294B42F8103FE7
:1080F0004FF4E4512B462348F0F7ACF9A546A2E72C
:108100000020391DFFF71EFE0446C0B9381DF6F7E2
:10811000DFFD6D4688B002AA204BC2E905304FF45E
:10812000007393831A4B42F8103F4FF4E2512346F9
:108130001448F0F78FF96FF00B06AD4683E7342D46
:108140000BD0342301210093154A2B460D4818F01B
:10815000E3F82046FFF744FF73E707F10C0200F154
:108160000C0307F13C05144603CCAC42186059607F
:10817000224603F10803F6D12068186063E700BFC8
:10818000ECD1040048800400EDFA0400FCF1040086
:108190000300000118F204000CFB04002FFB040094
:1081A0004EFB0400024610B558B90E490E4840F285
:1081B00079130E4A16F0E2FF40F279110B4816F0DF
:1081C000D4FF0146342311F8010B0C32F6F740FFBF
:1081D000044628B101210346054A064818F092F8E2
:1081E000204610BDB1FA040013AD040081FA04006A
:1081F0006CFB040048800400884210B500EB0203C9
:1082000011D98C18A04211D20D4940F2B3230D4A66
:108210000D4816F0B3FF0D4816F0B0FF40F2B32141
:10822000084816F0A2FFEFD09942ECE7013A11445A
:1082300011F8012900F8012B8342F9D110BD00BFCC
:10824000ABE2040079E2040013AD040002E3040091
:108250002DE9F0479AB01646DDE923970CAA84462B
:108260008A4690461D462C4B03F1300E1446186882
:108270005968083303C473452246F7D118681B793F
:10828000614620602371202204A8FFF7B5FF6B46EA
:108290002022224804A900F071F80446C0BB102235
:1082A00051460DF13500FFF7A7FF102231460DF1C1
:1082B0004500FFF7A1FF294611F8013B06220DF109
:1082C00056008DF85530FFF797FF2299062211F8D6
:1082D000013B0DF15D008DF85C30FFF78DFF4B46E3
:1082E00035224146684600F049F8044680B94846C0
:1082F0001AF063FF012335228DF8303041463B46AA
:10830000684600F03BF8044610B938461AF055FFAD
:1083100020461AB0BDE8F0873183040099FB0400C1
:1083200070B50E461D46144698B00146202204A89A
:10833000FFF762FF202231460CA8FFF75DFF1022F5
:10834000294614A8FFF758FF102221466846FFF778
:1083500053FF6B465022184604A900F00FF840B9AD
:10836000039B054A1BBAB3FBF2F102FB11331C9AC3
:10837000136018B070BD00BF40420F002DE9F041FE
:108380008EB007460C4615460021182208A81E4646
:108390001EF084FF4FF41053ADF81C308023ADF86D
:1083A0001E304FF44063DFF854801022CDE90938C5
:1083B000394605AB07A811F037FB034648B1104A10
:1083C0001048012117F09EFF6FF004000EB0BDE8C9
:1083D000F08106AB0293102322464146CDE90063AB
:1083E00005982B461EF07DFA0446059811F0DAFA3E
:1083F0002043EBD0044A2346E2E700BF0002C0035B
:1084000070E3040000800400B3FB0400014601484F
:108410001DF0FEBD84310020014902481DF076BEEA
:10842000C05C0020E8480020020600F07F0312D55F
:10843000082B05D1010700F00F0306D50E48704741
:1084400010F0780F12D100F00F034C2000EB431016
:108450000A4B18447047082B05D1020700F00F03A0
:1084600006D50748704710F0780FF6D00020704707
:10847000044800EB43107047E45D0020985C002046
:10848000045F0020045E0020094C08B50121094A60
:1084900009481AF019FF094909484FF4E3732246C5
:1084A00016F06CFE4FF4E371204616F05EFE00BF3E
:1084B000F4FB0400D8FB040098810400821E050030
:1084C00013AD0400002310B50D49D1E8EF2F012AA8
:1084D00003D1C1E8E03F0028F7D10CBF01201846C6
:1084E0000DD151F8044C14392046EEF765FC10F11B
:1084F000780F04D12046BDE81040EEF7F1BB10BD67
:10850000B85C00200022002301480DF0CBBB00BF67
:108510008431002013B5002201213720F3F784FCB9
:10852000114801F05DF8114B98421AD1002410480F
:1085300009F0DEFA0F480BF0E7FD4FF0FF334FF480
:1085400080620D490D4800940EF0F8F90C490B4873
:108550001DF0F2FD0B480C490DF0B2FF204602B0B1
:1085600010BD6FF00400FAE71D8C02000000AD0B97
:10857000D6FE0400608B040070CD0020E848002087
:1085800028FC0400C05C00202587020038B50024C8
:1085900064F07F00C0B2FFF747FF58B91C4940F2B2
:1085A0007A231C4A1C4816F0E9FD40F27A2119484A
:1085B00016F0DBFD01341AF089FE082CE8D1002406
:1085C000164DE0B2FFF730FF48B911494FF4207360
:1085D000104A114816F0D2FD4FF42071E7E7036905
:1085E00003B9056101341AF071FE082C05F140054C
:1085F000E7D10B481AF06AFE0A4BD3F87C2212B975
:10860000094AC3F87C2209481AF060FE002038BDF0
:1086100033FC0400F4FB040013AD040028630020C5
:10862000E45D0020985C0020285F0020045F0020AB
:1086300010B5054CFFF766FF20B1416820460CF0ED
:10864000C9FFF7E710BD00BF602F002013B500225F
:108650000023124801A90CF031FFD8B10121104AC2
:1086600010481AF031FEFFF7E3FF002200230B4809
:1086700001A90CF023FF044608B1FFF705FF04230E
:10868000019840600374FFF7C1FEFFF7C5FE204666
:1086900002B010BD01984060FAE700BF602F0020D3
:1086A0003AFC04009881040010B50446FFF7CEFFA1
:1086B00060B1002204720274FFF7A8FE044B93F825
:1086C00024301BB1BDE81040FFF7A6BE10BD00BFAF
:1086D000985C0020012807B518D0022817D060B98F
:1086E000002200230C48CDE9002345F69A1200230E
:1086F00010F0DCFA03B05DF804FB01210346074AE1
:10870000074803B05DF804EB17F0FCBD002003B090
:108710005DF804EBFFF7C8BFE82E002058FC04000A
:10872000988104002DE9F0438046A14DDFF8849242
:1087300085B0FFF7E7FE074610B905B0BDE8F08346
:1087400095F825203B7C3AB9002B00F0B68079687B
:1087500098480CF03FFFECE7042B00F2DD81DFE8E6
:1087600013F0AC00050077018D01AE0118F8043C50
:1087700033B9BB685B7A01218F4A904817F0C2FD7C
:10878000BC685CB98E494FF44B738E4A8E4816F024
:10879000F5FC4FF44B718B4816F0E7FC3B7B032B49
:1087A00046D8DFE803F0024C7277A27A62B18749BB
:1087B0004FF43973834A844816F0E0FC844816F07D
:1087C000DDFC4FF43971E6E76669824B3260726016
:1087D000D3F880143170D3F884147170D3F88814EE
:1087E000D3F88C0441EA00217180D3F89014D3F8B7
:1087F000940441EA0021B180D3F89814D3F89C3452
:1088000041EA0323F3800823E36030687168724B08
:1088100003C311462368607A984796F90030002B0D
:1088200009DBF3889AB232B1A5F88C3201F034FB3F
:10883000484679688DE70023A5F88C32F8E7637F16
:10884000002BF5D0237F002BF2D000264FF0FF3213
:108850004FF0FF336148667726771AF04AFD636967
:1088600001A901936368CDE90236607A00F034FF14
:108870005B4A0346904204D001215A4A4F4817F000
:1088800041FD56481AF037FDD2E701212368607A8E
:108890009847CDE7A37A6BB9E37F5BB94F484FF0B8
:1088A000FF324FF0FF331AF024FD01F0FBFA4B4882
:1088B0001AF021FD02212368E9E73B7A042BB7D89F
:1088C000DFE803F096032AB0BC0000F0F9FD04468F
:1088D0000028ADD100F068FD01234349D1E8EF2F16
:1088E000002A03D1C1E8E03F0028F7D1A0D141F828
:1088F000084C41F8104CE86914396B61EEF758F9EF
:10890000002895DA394940F2AA232E4A2E4816F05B
:1089100035FC40F2AA213EE7002464F07F00C0B29B
:10892000FFF782FD48B9264940F23123254A2648FF
:1089300016F024FC40F231212DE7037A13B1407A7E
:1089400001F06EFC0134082CE7D195F854311BB1CD
:1089500095F8550101F064FC0024E0B2FFF764FDD6
:1089600048B9174940F24323164A174816F006FC47
:1089700040F243210FE7037A13B1407A01F050FC33
:108980000134082CE9D195F874321BB195F87502C1
:1089900001F046FC002000F05FFD012385F8253042
:1089A0002B68002B3FF444AF0021022098473FE79B
:1089B000985C0020602F002073FC04009881040064
:1089C00033FC0400F4FB040013AD040099FC040024
:1089D000BFFC0400006003509C5C0020D05C0020C1
:1089E0000000AD0BDBFC0400B85C0020A2B8040062
:1089F000002485F8254001F055FBFFF763FDA042F8
:108A000009DA484940F2C223474A484816F0B6FB03
:108A100040F2C221BFE62B68002B3FF409AF21468C
:108A20000420C3E7002A3FF403AF00F053FD2B6896
:108A3000002B3FF4FDAE00210520B7E72B68002B8B
:108A40003FF4F6AE002A3FF4F3AE00210620ADE776
:108A500008F110044FF0FF334FF0FF3220461AF0B8
:108A600048FCFFF793FD20461AF045FC58F8283CD7
:108A7000002B3FF4DDAE0021012097E795F874321A
:108A800063B1012485F8894285F88842FFF7DEFD4D
:108A900060B92146264A27481AF016FC58F8283CA7
:108AA000002B3FF4C5AE00210A207FE7224A047460
:108AB00004738260FFF7AAFCFFF7AEFCEEE701212A
:108AC0001E4A1C481AF000FC0BF006FB01F0EAFA03
:108AD00000F04AFCFFF7ACFDFFF758FD48B118491C
:108AE00040F28643104A114816F048FB40F2864196
:108AF00051E60BF0E9FA134800F072FD124B984270
:108B00003FF496AE114940F28D43074A074816F0EC
:108B100035FB40F28D413EE601210D4A054817F034
:108B2000F1FB85E6A2B80400F4FB040013AD0400D9
:108B300001FD040098810400045F002015FD04007D
:108B40009FBB04001D8C02000000AD0B821E0500BF
:108B50002CFD0400F7B5877806463846FFF764FC1D
:108B60003B060546F4781DD554B1032C06D00121EF
:108B70002346274A2748009717F0CEFB03B0F0BDE5
:108B8000FFF764FD03460028F8D00122AC77027499
:108B9000032202739D60FFF739FC03B0BDE8F0408B
:108BA000FFF73ABC54B1012CE1D1FFF74FFD03466A
:108BB0000028E3D06C7704740473EBE7FFF746FDFD
:108BC0000028DBD0B278144B12F0800F02F00801BD
:108BD00011D041B1D3F8A836EB600123037402230E
:108BE00085600373D7E7142102F00F0201FB023303
:108BF000D3F80836F0E711B1D3F8A837ECE7142121
:108C000002F00F0201FB0233D3F80837E4E700BF9C
:108C100044FD040098810400006003501422F0B564
:108C200006468BB000210DEB02001EF037FB3378B7
:108C3000013B052B21D8DFE803F0960314148616B8
:108C4000032300248DF81C30FFF700FD0346A0B17C
:108C500000F108020474DDE9070182E80300184608
:108C600026E00423EDE7B7783846FFF7DDFB837A8B
:108C7000054623B1013B022B5FD90BB0F0BD3B068B
:108C8000F4781CD54CB1032CF7D001212346374A88
:108C90003748009717F040FBEFE7FFF7D7FC034694
:108CA0000028EAD00122AC770274032202739D608F
:108CB000FFF7ACFB0BB0BDE8F040FFF7ADBB54B124
:108CC000012CE2D1FFF7C2FC03460028D5D06C7717
:108CD00004740473EBE7FFF7B9FC04460028CCD01A
:108CE00002230127037307748560B07805F10C0136
:108CF0001AF02EFB034680B11E4A39461C4817F075
:108D000001FB1D491D4840F29D331D4A16F036FAFD
:108D100040F29D311A4816F028FA1A49E868B1F86D
:108D20008C22824206D9121AA1F88C2201F0B4F8E2
:108D30002046BDE7A1F88C32FAE730460BB0BDE81B
:108D4000F040FFF707BF03A801F084F89DF80D304D
:108D5000052B04D19DF80C3013F0600F8DD00A4B19
:108D60000124079370E702246EE700BF44FD04006E
:108D70009881040070FD0400821E050013AD0400FC
:108D8000F4FB0400985C0020045E002038B5154D0B
:108D900095F8244024BB05F138001DF019F9022094
:108DA00002F048F922460121E8613620F3F73CF849
:108DB0000BF08AF9FFF7EAFB044610B9012385F8A6
:108DC0002430094B1B680BB1FFF726FB074BD3F888
:108DD0000034DB0702D50020FFF77CFC204638BDBD
:108DE0000024FBE7985C00208431002000700350D1
:108DF00008B5104B93F82420BAB193F82530A3B1ED
:108E00000D4BD3F87034DBB2834211D00B4940F2E2
:108E100059530B4A0B4816F0B1F90B4816F0AEF94E
:108E200040F25951064816F0A0F96FF0120008BD43
:108E30000020FCE7985C00200060035090FD0400D7
:108E4000F4FB040013AD0400CAFD040008B5037868
:108E5000027903F00F0142B991B10D4A01210D4889
:108E60001AF032FA4FF0FF3008BD082901D90A4A3A
:108E7000F4E7012A04D11B0707D4084A0221EEE7D0
:108E800013F00800F0D0064AF8E70020ECE700BF36
:108E9000E3FD04009881040002FE040021FE0400AA
:108EA00037FE040038B5134B044693F82430EBB179
:108EB00005782846FFF7B8FA88B14572237983729E
:108EC000638843602078618810F0080F0AD14B1E38
:108ED0000B4207D00121084A08481AF0F5F96FF053
:108EE000150038BD00F02CFB0020FAE76FF01200EF
:108EF000F7E700BF985C002054FE0400988104004E
:108F000038B5154B054693F824200AB393F825305D
:108F1000F3B1FFF789FA044610B96FF0150038BDB8
:108F2000817A01290FD007D90239012907D90020F8
:108F30006369E060A361F2E700F0BAFFF7E7284653
:108F400000F030FFF3E7054A05481AF0BDF9E4E701
:108F50006FF01200E3E700BF985C00207CFE040085
:108F60009881040038B50E4B054693F8242082B151
:108F700093F825306BB1FFF757FA68B115F0080484
:108F80000AD1284600F046FF284601F081F9204624
:108F900038BD6FF01200FBE76FF01500F8E700BF77
:108FA000985C002038B50C4B054693F824200C46FD
:108FB00062B193F825304BB1FFF736FA48B144B1AE
:108FC000284600F00DFF2070002038BD6FF0120021
:108FD000FBE76FF01500F8E7985C002070B5134EC2
:108FE000044696F82430C3B1FFF71EFA0546B8B11F
:108FF000230705D4204600F00DFF204601F048F974
:109000002B7A83B901232B7296F825300BB90020F7
:1090100070BD204601F004F9F9E76FF01200F7E7A0
:109020006FF01500F4E76FF07700F1E7985C00202F
:109030002DE9F043DFF8F4801E4698F82430074607
:109040008946154685B0002B6DD098F82530002B49
:1090500069D003060BD5FFF7E7F9044638B1037A68
:109060005BB901213B46324A324817F04BF96FF0A9
:109070001504204605B0BDE8F0834FF0FF334FF0F4
:10908000FF3208F138001AF034F9A37F33B108F148
:1090900038001AF030F96FF00A04EAE7A37A05B352
:1090A0007BB301234FF00008A377384601A9CDE92F
:1090B0000195CDF80C8000F00FFB1F4A034690424B
:1090C0002DD084F81E800EB1C6F8008001211B4A05
:1090D000184817F017F96FF0040419481AF00BF943
:1090E000C7E7E27F02B1E577002BDAD100F0E6FEB8
:1090F0008742D6D000F0D6FE11481AF0FCF80024C2
:10910000B7E7B8F80A309D42F0D26268B5FBF2F3D7
:1091100002FB1353002BE9D10123E377E6E706B105
:1091200035600024D9E76FF01204A2E7985C0020B4
:109130009EFE0400988104000000AD0BBDFE0400FB
:10914000D05C00202DE9F0411D46254B174693F8D1
:10915000242080460E46002A3FD093F82530002B6D
:109160003BD010F0800F0ED101B967B94046FFF730
:109170005BF9044638B1037A43B901214346194AE1
:10918000194817F0BFF86FF0150013E04FF0FF33E8
:109190004FF0FF3215481AF0ACF8E368B8469F422A
:1091A00028BF984646B93FB905B12B600F481AF061
:1091B000A2F80020BDE8F08142463046A1691EF0C9
:1091C00046F8A3694344A361E368A3EB0803E360A3
:1091D000002DEBD0C5F80080E8E76FF01200E9E75A
:1091E000985C00209EFE040098810400D05C002062
:1091F00070B5224D064695F82430002B3AD095F8EC
:109200002530002B36D003060BD4FFF70DF90446AA
:1092100038B1037A43B901213346194A194817F086
:1092200071F86FF0150070BD4FF0FF334FF0FF3253
:1092300005F138001AF05DF8E368B3B901266369F7
:109240002677A361637F83B1FFF700FA30B905F198
:1092500038001AF050F86FF00B00E4E706748460F1
:109260000673FFF7D3F8FFF7D7F807481AF043F86B
:109270000020D8E76FF01200D5E700BF985C00200F
:109280009EFE040098810400D05C002010B5084BBD
:109290000C4693F824302BB1FFF7C6F828B10460D0
:1092A000002010BD6FF01200FBE76FF01500F8E72B
:1092B000985C0020014B1860704700BF985C00204C
:1092C00008B5074B93F8243023B1FFF7ADF820B170
:1092D000406808BD6FF01200FBE76FF01500F8E77B
:1092E000985C002000F00F02082A08B50BD90B4942
:1092F0000B484FF4D7730B4A15F040FF4FF4D7716A
:10930000084815F032FF084B10F0800F03F1D80128
:1093100018BF0B46182000FB023008BD28FF0400D0
:1093200013AD0400E0FE04006865002008B500F0FD
:109330000F03082B0BD90949094840F2C113094A08
:1093400015F01CFF40F2C111064815F00EFFC04396
:10935000C0F3C01003EB001008BD00BF28FF0400DD
:1093600013AD0400E0FE040008B50A4B1A78012A88
:109370000BD00949094840F27443094A15F0FEFE32
:1093800040F27441064815F0F0FE002205491A70BB
:109390000A6008BDC77E002082FF040013AD0400F0
:1093A000E0FE04002067002008B5204A117801295A
:1093B0000BD01F4940F27C431E4A1F4815F0DEFEC9
:1093C00040F27C411B4815F0D0FE4FF400601B4B6F
:1093D000C3F80004C3F80015D3F800140905FBD541
:1093E0004FF40061C3F800148021C3F81C1501215B
:1093F000C3F8301540F2FF11114B196000231149D9
:109400000B6011490B7011498968012909D0104975
:109410004FF49563074A084815F0B0FE4FF4956184
:10942000D0E70C490B700223137008BDC77E0020E3
:1094300082FF0400E0FE040013AD0400006003504E
:109440001C67002018670020C37E0020E830002041
:10945000ACFF0400C57E002010B5114B1B78022B19
:109460000BD01049104840F2DC43104A15F086FE3C
:1094700040F2DC410D4815F078FE00220C4B0D4CFB
:109480001A700D4A0D4B002808BF13463620C4F849
:109490000033F2F799FC0123C4F8043510BD00BF76
:1094A000C77E0020D1FF040013AD0400E0FE0400DD
:1094B000C67E002000600350FDFFDF01FDFFFF01BD
:1094C000034B1878012894BF00200120704700BF8B
:1094D000C77E002010B54FF0FF324FF0FF33154824
:1094E0000CF0F0FCEFF31181202383F31288BFF31B
:1094F0006F8F114B1B7803F0FF0483B10F4BD3F830
:10950000002412F400720AD10120C3F82C05D3F80C
:109510002C05D3F80004800502D5C3F82C250024BF
:1095200081F31188BFF36F8F02480CF047FC20468F
:1095300010BD00BFE8300020C67E00200060035050
:109540004B1E0B4210B500F008030C460DD001076E
:1095500020D11D4940F269531C4A1D4815F00EFEEA
:1095600040F26951194815F000FE99B9020709D176
:10957000184940F26B53154A154815F0FFFD40F2AB
:109580006B51EFE713B1144BD3F81C35FFF7AAFE6C
:10959000848210BDABB1104B40F2FF32D3F81C15E2
:1095A00040F2FF13802918BF13469C42EED90B49A5
:1095B00040F26D53054A064815F0E0FD40F26D514A
:1095C000D0E7402CF2E700BFFAFF0400E0FE040001
:1095D00013AD04002C000500006003504D00050091
:1095E000F8B558B92149224840F24D43214A15F0B7
:1095F000C5FD40F24D411F4815F0B7FD1E4B1C78CC
:1096000094BB1E4A40F2FF171060012226461A70D2
:1096100064F07F0514F0080FEDB214BF3946402105
:109620002846FFF78DFF2846FFF75CFE0134092C22
:10963000867506730661EBD1002440F2FF172546BC
:1096400014F0080FE6B214BF394640213046FFF748
:1096500077FF3046FFF746FE0134092C8575057308
:109660000561EDD10648F8BD0648FCE7AF000500EE
:1096700013AD0400E0FE0400C77E00202067002038
:109680000000AD0B0500AD0B08B543B200F00F00B4
:1096900008280BD90C490D4840F281530C4A15F0AB
:1096A0006DFD40F281510A4815F05FFD002B094B1A
:1096B000B4BFD3F81025D3F81425012383401342F7
:1096C00014BF0120002008BD28FF040013AD0400D2
:1096D000E0FE0400006003502DE9F84381460C468B
:1096E000FFF724FEEFF31188202383F31288BFF3E2
:1096F0006F8F5CB9284940F2BC53284A284815F0BE
:109700003DFD40F2BC51254815F02FFD19F00F0F1B
:1097100003D1244B1B784B4539D1234B01261B68C1
:10972000224FDB433D689BB286402B43334230D10E
:109730004846FFF7D7FD19F0800F034610D1226885
:1097400072B102F06042B2F1005F09D018494FF4E3
:10975000BA63124A124815F011FD4FF4BA61D2E70C
:1097600001221A7394E8070083E8070000221A61B7
:109770009A754FF480020F4B35430F483D60C3F894
:10978000042188F31188BFF36F8FBDE8F8830B487D
:10979000F7E70B48F5E700BFBD000500E0FE040059
:1097A00013AD0400C57E00201C6700201867002050
:1097B000D700050000E100E00000AD0B0A00AD0B92
:1097C0000B00AD0B10F0080F074B06D0D3F8C00408
:1097D00010F4803F18BF0020704700F00F0000F524
:1097E000947053F820007047006003502DE9F04F4B
:1097F000A14BA24ED3F8542185B0DAB10022C3F8B0
:109800005421D3F80413890214D58DF80C20D3F811
:10981000202503A8ADF80E20D3F8C034002B14BFC8
:109820004FF001224FF48072336813433360944B3E
:109830001B689847904BD3F8604134B10022C3F8BD
:109840006021D3F86C44C3F86C44D3F828214AB1A2
:109850000022C3F828218B4B1878FFF767FD0123FE
:1098600083401C43884F97F8008097F9009008F0D8
:109870000F03082B0BD985494FF49173844A85480F
:1098800015F07CFC4FF49171814815F06EFC18F0D6
:109890000801814D40D1B9F1000F2DDA7F4A52F80D
:1098A000230010B342F823101422534303F1A043C2
:1098B00003F55833D3F80836794A03F001031178D9
:1098C0004B40137077480CF079FA4046FFF70AFDD9
:1098D000837D032B38D14046FFF728FD012303FA8F
:1098E00000F02B6823EA00032B604FF001084FF0D3
:1098F0000609DFF88CA15DE06B4A52F823000028CE
:10990000F3D042F823101422534303F1A04303F58C
:109910005833D3F80837CFE7B9F1000F564B09DBBE
:10992000D3F85021002AE0D00022C3F85021D3F808
:10993000A837C1E7D3F82C21002AD6D00022C3F8DB
:109940002C21D3F8A836B7E7037BE3B94046FFF7ED
:10995000EDFC012303FA00F02B68B9F1000F23EAB4
:1099600000032B6002DAB8F1880FBED106238DF810
:109970000C3000238DF80F30414B8DF80E801B68A2
:1099800003A89847B1E7B8F1000FAED101223A4BD6
:10999000DA64AAE794FAA4F0B0FA80F0326808FA20
:1099A00000F31A430F28326024EA03042A684ADDD0
:1099B000134257D0002CEDD12F4BD3F800215AB1D0
:1099C000C3F80041394B03A81C702E4B1C700123B7
:1099D00003932B4B1B689847274BD3F85821002A39
:1099E00073D00022C3F85821D3F80044C3F80044D0
:1099F000E30508D501222D4B03A81A700223039317
:109A00001F4B1B689847A00508D50022274B03A8C9
:109A10001A70032303931A4B1B689847610554D5AA
:109A2000224A1378002B50D0134BD3F82C15002961
:109A300040D01F4940F2F523154A164815F09EFB09
:109A400040F2F52120E71340B4D160F07F018DF89A
:109A50000C908DF80E108DF80F30DAF8003003A856
:109A60009847A7E7A0F110018DF80C908DF80E1023
:109A70008DF80F80F1E700BF006003501C670020E5
:109A800020670020C57E0020C47E002028FF04003F
:109A9000E0FE040013AD04001867002008610350C5
:109AA000C37E0020E830002030610350C67E0020D5
:109AB0004201050011700122C3F808259A650423AC
:109AC0000393AA4B03A81B689847A94BD3F85C31B2
:109AD000FBB1A84B9B6813B93B785A0619D00022FA
:109AE000A34B03A8C3F85C21D3F88034A24A23F027
:109AF0007F0313702B6823F001132B60336823F46A
:109B0000803343F00103336005230393974B1B68B5
:109B100098472A6833681A4200F017810022002310
:109B200094480CF0CFF9002840F00F81904BD3F807
:109B30002C35002B00F095808E4805B0BDE8F04F25
:109B40000CF03CB949F0800A5046FFF7CBFB027B92
:109B50000446FAB14268B0F814800168904528BF05
:109B6000904601F06042B2F1005F1DD1206862684A
:109B700040442060A068A2EB0802C3074FFA8AF5B0
:109B8000626040F1AD80B8F1000F40F0AC8000227F
:109B90002273A8E0794940F25733794A794815F0A1
:109BA000EDFA40F257316FE6B8F1400F09D9764926
:109BB0004FF4C173724A734815F0E0FA4FF4C17163
:109BC00062E6424671481DF042FB7049CEE72268CA
:109BD00072B102F06042B2F1005F09D06C494FF4FB
:109BE000B273674A674815F0C9FA4FF4B2714BE691
:109BF0006268236890429DBF03EB0008121AC4F804
:109C000000804FF000089CBF804662607045194696
:109C100010D1003A18BF012273B9B8F1000F5DD01E
:109C20005C494FF45A73564A564815F0A7FA4FF458
:109C30005A7129E60022EFE7404544D9012202FA91
:109C400009F22BEA020202212A600622474BA17583
:109C50001B688DF80C208DF80EA08DF80F1003A84E
:109C600098473368D5F800B001931BEA03093FF425
:109C700063AF19F0012314BF93FAA3F999FAA9F974
:109C8000B9FA89F9B9F10F0F7FF65CAFA9F11003AA
:109C90005FFA83FA5046FFF725FB027B0446002A51
:109CA0003FF478AF5046FFF78DFDB4F814E07045EF
:109CB0008DD9394940F26313314A324815F05EFAC2
:109CC00040F26311E0E509D0344940F279332C4A7F
:109CD0002C4815F053FA40F27931D5E54FFA8AF560
:109CE000002A3FF454AF0120019B00FA09F923EA4E
:109CF00009023260226987F800A0424422610AF01A
:109D00000F04082C09D926494FF4A4731C4A1D4896
:109D100015F034FA4FF4A471B6E51AF0080F144B9D
:109D200016D1142202FB0432002DB5BF03EB8403CD
:109D30000A34C2F80016C2F80017B5BFC2F804868C
:109D4000C2F80487586043F8240005B0BDE8F08FDE
:109D5000002DB5BFC3F8A016C3F8A017C3F8A4869A
:109D6000C3F8A487B4BF58629864EEE72067002068
:109D700000600350E8300020C57E0020630105002C
:109D8000E0FE040013AD04007E01050028650020FC
:109D9000A1010500F10105008C0105000402050088
:109DA00028FF040008B503070BD50949094840F20C
:109DB0000763094A15F0E2F940F20761064815F019
:109DC000D4F9064B40F48070C3F8180508BD00BFF5
:109DD0001D02050013AD0400E0FE04000060035006
:109DE000030713D400F00F0310F0800F084A0BBFD5
:109DF00003F5887303F5847302EB830252F82300A2
:109E000008BF5068003818BF012070470020704715
:109E10000060035008B503070BD50A490A4840F211
:109E200029630A4A15F0AAF940F22961074815F09A
:109E30009CF9074BC3F80C0540F48070C3F80C057F
:109E400008BD00BF1D02050013AD0400E0FE0400C4
:109E5000006003500023036043600E4BD3F880245E
:109E60000270D3F884244270D3F88824D3F88C1479
:109E700042EA01224280D3F89024D3F8941442EAB3
:109E800001228280D3F89824D3F89C3442EA032339
:109E9000C3807047006003500122014BDA647047B1
:109EA000006003500122014B1A65704700600350A7
:109EB0000122014B5A65704700600350014B18782E
:109EC000704700BFC57E002038B50446EFF311850A
:109ED000202383F31288BFF36F8F03060BD512493B
:109EE000124840F25363124A15F048F940F25361A8
:109EF0000F4815F03AF9FFF719FA01230D4A03FA52
:109F000000F0136823EA0003136014F0080201BF95
:109F100004F00F04084B04F5947443F8242085F3EF
:109F20001188BFF36F8F38BD3002050013AD0400F8
:109F3000E0FE04001C670020006003502DE9F04F94
:109F4000044685B0EFF31187202383F31288BFF313
:109F50006F8FFFF7C7F914F0800F0546404E2BD1E5
:109F60002046FFF7E3F94FF00109D6F8008009FA1F
:109F700000F030EA08000BD02046FFF7A5FF0323CE
:109F8000AB7587F31188BFF36F8F05B0BDE8F08F15
:109F900028732046FFF7CAF909FA00F028EA000002
:109FA00030602046FFF7C2F92E4A09FA00F913681B
:109FB00023EA09031360E2E7230715D4802C2A4B18
:109FC00041D004F00F0202F2DA325200C3F8002846
:109FD000D3F80428D3F80418D2B242F002020A439C
:109FE000C3F80428D3F80438DFF87890D6F800B026
:109FF000D9F800A020466BEA0A0301934FF001084C
:10A00000FFF794F9019B08FA00F00342B9D02BEA5C
:10A01000000030602046FFF789F900232B730323EB
:10A02000062208FA00F8AB758DF80F300F4B48EA9E
:10A030000A00C9F800001B688DF80C208DF80E404E
:10A0400003A898479DE740F2B472C3F80028D3F8FC
:10A050000428D3F80418D2B242F00402BFE700BFCC
:10A06000186700201C670020006003502067002054
:10A0700038B50446094D4FF0FF324FF0FF33284604
:10A080000BF020FF2046FFF759FF28460BF096FE05
:10A090004FF48002024BC3F8042138BDE8300020A1
:10A0A00000E100E02DE9F0413A4D2B785BB93A49E7
:10A0B00040F2BA43394A3A4815F060F840F2BA41E2
:10A0C000364815F052F84FF0FF334FF0FF32354865
:10A0D0000BF0F8FE2B78022B09D0334940F2FC43F9
:10A0E0002E4A2F4815F04AF840F2FC41E8E74FF4B9
:10A0F00080022E4B3620C3F88421F1F787FEA0B1F1
:10A100004FF001082A4F2B4B3C681B68240C240499
:10A110001C4354BB40F2FF13274E3B603620C6F869
:10A120000445F1F75FFEC6F80043244A13788BB16B
:10A130000021214BC3F808110121C3F80026C3F800
:10A1400004165960D3F808110029FBD00021C3F888
:10A15000081111700022184BC3F8002511480BF0AC
:10A160002DFE01232B70BDE8F08194FAA4F6B6FA17
:10A1700086F630460F2EC6BFA6F11000C0B240F0E2
:10A180008000030701D4FFF7D9FE08FA06F624EA97
:10A190000604BEE7C77E002043020500E0FE04007F
:10A1A00013AD0400E8300020D1FF040000E100E01E
:10A1B0001C6700201867002000600350C37E002049
:10A1C00010B504464FF0FF324FF0FF3311480BF04B
:10A1D00079FE2046FFF7B2FE012304F00F02934000
:10A1E000DB430D4A14F0800F15BFD2F81015D2F8DA
:10A1F00014150B400B4014BFC2F81035C2F81435CB
:10A2000004480BF0DBFD4FF48002044BC3F804213B
:10A2100010BD00BFE83000200060035000E100E006
:10A2200070B50446FFF730FA68B9012504F00F0253
:10A2300014F0800F144B05FA02F205D0D3F8101574
:10A240000A43C3F8102570BDD3F814150A43C3F8A8
:10A250001425631E062BF6D8EFF31186202383F313
:10A260001288BFF36F8F2046FFF72EFE2046FFF7C0
:10A270005DF8064A8540136823EA0503136086F3F8
:10A280001188BFF36F8FDEE700600350186700206E
:10A29000020710B504460BD50B490C4840F20F637A
:10A2A0000B4A14F06BFF40F20F61094814F05DFF98
:10A2B000030605D4FFF794FD10B12046FFF704FE16
:10A2C000044BC3F8184510BD1D02050013AD040072
:10A2D000E0FE04000060035014280ED8084A12F86B
:10A2E000103053B102EB4002527832B10868434358
:10A2F00093FBF2F300200B6070476FF0150070477E
:10A300007F02050008B508F069FC094A034690423F
:10A310000DD008480121084A15F0F4FF6FF004033E
:10A3200006484363BDE808401C3019F028B808BD52
:10A330000000AD0BA87F0400A9020500C82700207B
:10A34000044B93F84A3013B1034808F019BDFFF7E6
:10A35000D9BF00BFC82700200DA40200074BD3E8D7
:10A36000EF2F511CC3E8E01F0028F8D10AB9FFF70E
:10A37000E7BF6FF00F025A63704700BFC827002085
:10A3800080B500AF88B06A46094BC2E905304FF48A
:10A3900000739383074B42F8103F00234FF4E251C0
:10A3A0000548EEF757F86FF00400BD4680BD00BFCA
:10A3B000C702050003000001A87F040010B50022B9
:10A3C0000E4904460E481BF074FF002008F042FAC4
:10A3D0000C4B984204D02068BDE81040FFF7D0BF76
:10A3E000002201210E20F1F71FFD0748C36813B9B1
:10A3F000043018F0C4FF002010BD00BF5DA30200B0
:10A40000382800200000AD0BC82700202DE9F041BE
:10A410000778002F40F08E80514CE26B94F860C0BA
:10A4200025461CEA020F0AD100224E4BC3F8002534
:10A43000A36B6BBB4C48BDE8F04118F0A0BF0123F3
:10A44000B0F808E0A66E4FEA4E0ED0B218420AD01D
:10A4500094F8A8200CEA030192B121B132460EEB28
:10A460000601914204D15B009BB26345EED9DBE764
:10A4700032F9028BB8F1000FB8BF22F8027CF0E786
:10A4800021B1B6F900100029B8BF32800236EAE7E0
:10A49000236DB4F85C2033B134493548984701281E
:10A4A00028D002283BD0B4F85C30B4F858209A4247
:10A4B00035D90133A4F85C3094F8A830F3B9A36E11
:10A4C00094F8612003EB4203A36694F86110A06E38
:10A4D00008F02AFB274A034690420FD00121264A62
:10A4E000264815F00FFF6FF004031F48636318F050
:10A4F00046FF03E094F8A830002BE6D0E36C1BB9CC
:10A50000BDE8F041FFF71CBFD5E8EF3F5A1EC5E894
:10A51000E12F0029F8D1012BF2DCBDE8F081E36CDA
:10A52000002B87D094F8A830002B83D114481BF05F
:10A53000CCFE7FE7022F10D108F050FB0D4A0346F6
:10A540009042EAD00D4801210E4A15F0DBFE6FF073
:10A550000403034843631C306DE7052FDDD169E731
:10A56000C827002000E00050E42700200028002039
:10A57000C87704000000AD0BE7020500A87F0400C7
:10A5800038280020A9020500002330B50A7987B0D9
:10A59000CDE903338DF8143002F01F030C46072B6E
:10A5A000C2F304018DF8151008D90121524A53480D
:10A5B00015F0A8FE6FF0150007B030BD61798DF879
:10A5C000131012F020010CBF0A46A2798DF8142056
:10A5D00022780C2A1ED8DFE802F00A07111D131D8D
:10A5E000151D1D17191D1B0001228DF80E20627804
:10A5F000032A15D0042A16D0414A0CE00222F4E7BF
:10A600000322F2E70422F0E70522EEE70622ECE758
:10A610000722EAE73B4A0121384815F06AFEC9E7FC
:10A6200001228DF80F2044F20A006288824227D866
:10A6300043F6FE70824203D8002A52D0324AEAE73B
:10A64000A2F57F523F3A0B2AF8D801A050F822F029
:10A65000EBA602003DA602003DA602003DA60200B8
:10A66000A3A602003DA602009DA602003DA6020090
:10A670003DA602003DA602003DA60200E3A60200A0
:10A6800044F2140082422ED044F2280082422CD0A0
:10A6900044F20F008242D1D1032200E001228DF862
:10A6A00010200125194A05FA03F392F86000DBB285
:10A6B000E9B1A17909B18DF8115020EA030303A88B
:10A6C00082F8603008F010F9114B984211D02379CC
:10A6D00003F01F03012100900E4A084815F01CFEEC
:10A6E00068E70222DBE70422D9E70522D7E7034324
:10A6F000E5E7002060E700BF02030500A87F040033
:10A7000038030500190305005C030500C827002075
:10A710000000AD0B870305002DE9F0430E4685B020
:10A720004FF0FF334FF0FF3284480BF0CBFB7768DC
:10A730007B1EFE2B05D9824A0121824815F0D9FDE6
:10A7400010E000252C4627FA05F3DA0715D508F0A6
:10A7500001F9E840C3070ED42B467B4A0121794812
:10A7600015F0D0FD6FF01504744818F008FE20466F
:10A7700005B0BDE8F0830134E4B20135082DE2D123
:10A780000CB9724AD8E7337CA3F10802062A0FD825
:10A79000DFE802F0100E120E040E0C000221012C54
:10A7A000727C0BD0002A55D0694AC5E70321F6E731
:10A7B000684AD3E70021F2E70121F0E7082A06D82A
:10A7C000DFE802F00808080808080808080013462F
:10A7D000614AC3E73368002B3CD0186801387F28F2
:10A7E00038D88DF8082000228DF809201B885A1EC1
:10A7F0007F2A0BD959495A4840F25523594A14F037
:10A80000BDFC40F25521574814F0AFFC1B01013B41
:10A81000ADF80A300123544A8DF80C3082F8A83084
:10A820003846524B02AA08F0F7F8514B984299D19A
:10A830003368620013B19B8903FB0222F3689342E1
:10A8400011D2012100923F484A4A15F065FD6FF090
:10A850000B0489E70020444B83F8A8003846434B9B
:10A8600008F094F8E1E7404D214685F86140B06872
:10A8700095F8A830A946A8662BB133689B890133A7
:10A8800013FB04F4A1B208F04FF9394B804698420B
:10A8900002D0394A034661E73746384C0FCF0FC420
:10A8A0003B68002723606F633368002B42D00FCBD7
:10A8B000261D86E80F00EB6CAE63A5F85C70002BDC
:10A8C00038D0D9E8EF3FC9E8E27F002AF9D195F8FE
:10A8D000A810E9B94FF40047E86C294E0023E0FBCB
:10A8E0000761284A3046E7F73FFA0022CDE9000128
:10A8F000002304F128000EF0D9F94FF0FF324FF099
:10A90000FF3321480BF0DEFA00B168636C6B2BE774
:10A9100008F064F940450346EFD001211B4A09487D
:10A9200015F0F0FC6FF00403A4F12C006B6318F039
:10A9300026FDE2E7FFF704FDDFE700BFCC2700209C
:10A94000A7030500A87F0400C5030500DF03050079
:10A950001A040500F50305004C0405009F040500DA
:10A9600013AD04006F040500C82700200DA40200E9
:10A970000000AD0BCA040500E70205000028002016
:10A980003F420F0040420F00E4270020EF04050083
:10A99000F8B504260D460769374438462A8AE9681F
:10A9A000ECF7D6FE10F10C0F04460ED14B201BF035
:10A9B000A2FA013EF1D122460649074818F0E5FC0B
:10A9C0002846F1F7D1FF2046F8BD0028F3DB00242C
:10A9D000F6E700BF21050500288004002DE9F04FAF
:10A9E0001746D2F8109002780546042A884687B0A8
:10A9F00001F1FF330BD0052A00F09580022A40F0C8
:10AA0000D480032B61D8042200926B4A04E0012B0E
:10AA100009D802220092694A0121694815F07CFC9C
:10AA200007B0BDE8F08F43783E2B30D1C678B31E17
:10AA30005E425E41B5F80120A8F10303B3EB122F8B
:10AA4000ADF814204FEA122826D116B300230024B3
:10AA5000CDE90234DFF86CB1DFF864A13146DDE9FD
:10AA600002239DF81400F4F7D3FB0446C0B100F1B3
:10AA70000C06022205A9304616F047F9304616F0BA
:10AA80003CF9804514D9434600904F4A37E00026F0
:10AA9000D0E74FF4A023DAE74C4ACDF80080BBE7BB
:10AAA000002EBDD102215A46504615F022FCD5E7B2
:10AAB00042463046E91C16F028F921463846D9F8B6
:10AAC000003007B0BDE8F04F1847002200230820EF
:10AAD000F4F748FB0446D0B1D5F80130A8F10506DB
:10AAE00000F10C080422404605A9059316F00DF963
:10AAF000BDF816309E4250D000933346344A0121AF
:10AB00002F4815F009FC2046F1F72EFF88E70121B8
:10AB1000304A2B4807B0BDE8F04F15F0EABB32468B
:10AB20004046691DC7E7032B03D8042200922A4A36
:10AB300072E7002200232020F4F714FBDFF89CA02A
:10AB40000446C0B1D5F80130A8F1050600F10C08A3
:10AB50000422404605A9059316F0D7F80023CAF849
:10AB60000030BDF81630C3F30D039E4215D01C4AC9
:10AB700000933346C3E76421DAF80020B2FBF1F317
:10AB800001FB13231BB917490D4818F0FEFBDAF837
:10AB900000300133CAF8003042E7404616F0ADF805
:10ABA0008642BCD9334600906FE70F49044807B08E
:10ABB000BDE8F04F18F0E9BBEC05050039050500CC
:10ABC0002880040094050500C905050065050500F9
:10ABD00030060500160605005D0605002467002006
:10ABE000A706050087060500D506050070B50569AE
:10ABF00000200E4600F060F8044630B102461549C8
:10AC0000154818F0C2FB204670BD286CECF712FD09
:10AC1000044628B110F1780F02D002460F49EFE741
:10AC2000286C05F10C02291DECF744FD044610B117
:10AC300002460B49E4E74FF48032002305F1280077
:10AC40000BF040F9044610B102460649D8E72E60E1
:10AC5000D9E700BFE9060500288004000E070500BB
:10AC60003E0705006207050038B50569281DECF7A9
:10AC700043FD044630B102460B490C4818F085FBF1
:10AC8000204638BD286CECF7F5FC044610B10246AE
:10AC90000749F2E718F07EFB044610B10246054969
:10ACA000EBE72860ECE700BF82070500288004007E
:10ACB000AD070500D107050010B50D4BD3F8404492
:10ACC00014F480740BD00B490B4840F2F6330B4A56
:10ACD00014F054FA40F2F631084814F046FA102203
:10ACE0000120C3F84024F2F7D1F8204610BD00BF80
:10ACF00000300050EFCA040013AD0400BDCA0400C8
:10AD000037B540230C460A490093411A49110546BC
:10AD10002346084A084818F043FB011E05DA284676
:10AD2000234603B0BDE83040184703B030BD00BF34
:10AD30003C6700200D34040088760400C9B2032962
:10AD400008B509D909490A487F230A4A14F016FAB6
:10AD50007F21084814F009FA0C22036901FB023331
:10AD6000D3F8880000F0070008BD00BF6F08050099
:10AD700013AD04003208050070B5C9B20329036998
:10AD80000BD91949194840F2D113194A14F0F6F9B0
:10AD900040F2D111164814F0E8F9EFF311852024A0
:10ADA00084F31288BFF36F8F0C2606FB0134D4F8AE
:10ADB000884014F0C00408D0A24206D085F3118860
:10ADC000BFF36F8F4FF0FF3070BD012271430B4412
:10ADD000C3F8882085F31188BFF36F8F43680B4455
:10ADE0005B6898470020EFE76F08050013AD04008B
:10ADF0003208050070B50D4606490446411A49114E
:10AE000040220548FFF7B8FF2B4601462046BDE823
:10AE1000704018473C670020887604002DE9F8430D
:10AE20000022012106460520F0F7FEFF114805F03B
:10AE3000E1FE114B984219D105F0ECFE00244FF0D1
:10AE40000C080127DFF834903569494605EB4410BA
:10AE500014F017FD002807DB08FB04550134042C0F
:10AE6000C5F88870F0D10020BDE8F8836FF00400C9
:10AE7000FAE700BF45AF02000000AD0B688B04008D
:10AE80007FB500220123CDE9022304ABCDE90433D1
:10AE9000094A6B46CDF800D0CDF804D018F0AFFACF
:10AEA000002805DB4FF48042002368460BF00AF8C7
:10AEB00007B05DF804FB00BF3D34040010B5EFF3AC
:10AEC0001184202383F31288BFF36F8F074A13681E
:10AED00023F00201DB07116002D4012005F052FFCC
:10AEE00084F31188BFF36F8F10BD00BFEC670020A3
:10AEF0000C22124B014602FB0033002030B4D3E990
:10AF00002052C3F88000EFF31180202484F31288CC
:10AF1000BFF36F8FD3F8884004F0C00444F00204FC
:10AF2000C3F8884080F31188BFF36F8F1DB12B46A3
:10AF300030BC0348184730BC704700BF3C67002056
:10AF40008876040008B5092822D8DFE800F0051348
:10AF5000212121212115110F134BD3F8880010F066
:10AF600007001FD1BDE80840FFF7C2BF0220F9E784
:10AF70000320F7E70120F5E70C494FF43D730C4A35
:10AF80000C4814F0FBF84FF43D71094814F0EDF84B
:10AF900006494FF44173064A064814F0EFF84FF49F
:10AFA0004171F2E708BD00BF3C670020821E05002A
:10AFB0003208050013AD040010B4EFF31182202312
:10AFC00083F31288BFF36F8F1848016841F00204C1
:10AFD0000460C80707D482F31188BFF36F8F012084
:10AFE00010BC05F047BE4FF05021D1F80C04D1F849
:10AFF0000C14C907EFD5EFF3118083F31288BFF368
:10B000006F8F0B49D1F8883003F0C00343F002037F
:10B01000C1F8883080F31188BFF36F8F82F31188F5
:10B02000BFF36F8F002010BCFFF762BFEC670020FA
:10B030003C670020024BC0B203EB4010704700BFDA
:10B040003C6700202DE9F041012206464349D1E842
:10B05000EF3FC1E8E02F0028F9D1A3B940494148AA
:10B060004B60CB608A60EBF7A3FD00280BDA3E490A
:10B070004FF429733D4A3E4814F080F84FF429718B
:10B080003A4814F072F876B3731E012B5BD8012E88
:10B0900007D14FF05023D3F81C3403F00303022BE5
:10B0A00021D01BF043F80546F8B9324B1B78E3B1C9
:10B0B0004FF0502302220746C3F808234FF05024D4
:10B0C000DFF8B480D4F81824D4F81834D20315D596
:10B0D00003F00303022B01D0012E0FD16DB387F3D0
:10B0E0001188BFF36F8FBDE8F081EFF31187202344
:10B0F00083F31288BFF36F8F0125DFE7C5B13846B0
:10B1000015F08BFDD4F81835DBB2012BDAD1D4F869
:10B110000421002AD6D00022C4F80421D4F8042146
:10B120000222C4F818252022C8F88021A360C9E7AC
:10B13000002121200CF02CFFE4E74FF050230222E5
:10B14000C3F80423CFE70D4940F2B623074A084865
:10B1500014F014F840F2B62192E700BF38670020DF
:10B16000286700205C670020A2B8040032080500B0
:10B1700013AD0400FC80002000E100E0821E050009
:10B1800008B507481AF0BBFE38B10648F1F7BAF91E
:10B190000448EAF7C5FA002008BD6FF01200FBE78B
:10B1A00008770400A9B102000A2838B50446074D03
:10B1B00004D1AB680D212846DB699847AB6803488A
:10B1C000DB69E1B29847204638BD00BF087704002C
:10B1D000F7B50F46164648B918491823184A1948B2
:10B1E00013F0CCFF1821164813F0BFFFE9B9164938
:10B1F0001923134A134813F0C1FF1921F3E7331B36
:10B20000B3F5806F38BF1D4600202A4601AB3919BF
:10B2100010F068FB68B9019BAB420AD12C44A642EE
:10B22000EDD809D0162003B0F0BD4FF4806500249E
:10B23000F5E76FF01500F6E70020F4E70C090500CC
:10B24000DC08050013AD0400E5AE0400024B0B6002
:10B2500001231360704700BF108C04000048704742
:10B26000AC8B04000268154BFF2A08BF4FF0FF3279
:10B27000C3F824254268FF2A08BF4FF0FF32C3F805
:10B2800028258268FF2A08BF4FF0FF32C3F8302517
:10B29000C268FF2A08BF4FF0FF32C3F834250269A5
:10B2A000FF2A08BF4FF0FF32C3F838254269FF2A52
:10B2B00008BF4FF0FF32C3F83C25704700B0025082
:10B2C000054B994206D14FF0FF324FF0FF33183053
:10B2D0000AF0F8BD704700BF0000AD0B00F17440EC
:10B2E00000F5A60008B50A2816D8DFE800F0061514
:10B2F00015151812151508151800002008BD012194
:10B30000084A094814F0F5FF0121084A064814F0DC
:10B31000F0FF6FF08B00F1E76FF00F00EEE76FF0DA
:10B320001500EBE72F0905005081040057090500BF
:10B3300030B50D46416885B069B1D1E90013846824
:10B34000B4B1D4E90024A4B19BB19C4205D06FF004
:10B35000150005B030BD0B46F1E75C1C092C0378E5
:10B360000AD902210E4A0F48009414F0D5FFEEE7E7
:10B37000224601331C44F1E78DF8083040F20113F6
:10B38000ADF80A30002302A88DF80C308DF8094082
:10B390008DF80D5006F02AFFFFF7A0FFD9E700BF98
:10B3A00092090500508104002DE9F04F91B04368E7
:10B3B00000AF5D6B80460021284607F1280218F097
:10B3C000F6F9041E7FDBBB6A2A681979186801F058
:10B3D000AFF8041E77DB002201212B20F0F724FDBB
:10B3E00000254FF05023C3F8B85507201AF083FD0D
:10B3F000D8F80490D8F810207B49484606F0C6FEDD
:10B40000FFF76CFF041E54DB784E07F128040FCEC3
:10B410000FC496E80300AB2307F1040A84E8030095
:10B420007D60CAE901553B71714B07F12800D3F8E3
:10B43000242507F11006D2B23A61D3F82825D2B2FA
:10B440007A61D3F83025D2B2BA61D3F83425D2B2BA
:10B45000FA61D3F83825D2B23A62D3F83C35DBB280
:10B460007B62FFF7FFFE012006F040FF01463046F9
:10B47000FFF7F8FE5F4B99422AD129465046FFF765
:10B4800057FF041E15DB23201AF035FD4FF0030B88
:10B490009F23C7E90A552946C7F810A0C7F814B07A
:10B4A00087F828303E6307F12800FFF741FF041EAC
:10B4B00011DA4FF050230222C3F8B82506F060FFDE
:10B4C00008B106F037FF20464437BD46BDE8F08F8F
:10B4D0006FF00404EDE75A46514609F130001BF0C5
:10B4E000E5FE044618B36C468CB06A4697F804E053
:10B4F00097F805C0BE7999F8300099F8311099F89D
:10B500003230D3620823DFF8F080C2E907C6C2E90F
:10B51000058EC2E9090142F8103F44F240012B4672
:10B520003648ECF797FFA5466FF01204C1E7D8F84C
:10B530000420537F023B012B16D992F81C80A8F1FE
:10B540000208B8F1020F8CBF4FF000084FF001085D
:10B5500018F032F8051E0ADA01212B46284A27483E
:10B5600014F0D0FE2C46A4E74FF00108F0E7EAB251
:10B57000C5F38015A8459CD00023012182F040022C
:10B58000BB623F6179613B6387F82810FE6207F177
:10B5900028003B803A70FFF7CBFE041E07D118F05D
:10B5A0000BF8041E04DB14F00104F8D181E780DA03
:10B5B000144A154B6D468AB0B8F1000F18BF1346F8
:10B5C0006A461249D461C2E905134FF4007313842B
:10B5D0000F4B42F8103F00234FF411510748ECF78E
:10B5E00039FFAD4665E700BF3B350400DC8204004F
:10B5F00000B002500000AD0BBB09050050810400F3
:10B60000ED090500E1E70400B5090500FD090500A5
:10B61000040000012DE9F04F82460E461C4690467C
:10B6200087B082B1002B00F08F800029426803DBD5
:10B63000D26A0B4493420BD901213346434A444812
:10B64000009414F069FE6FF0150007B0BDE8F08FAC
:10B65000754205F0030517F091FFA54228BF254666
:10B66000D8F1000303F0030308F0030758BF5F425B
:10B670007F4207F00307A74228BF2746631BE41B4E
:10B6800024F0030423F00309A145C8BFA14603F039
:10B69000030BC8BFA3EB040BB9F1000F19D008EBE3
:10B6A0000703721949461846039319F09FF9044697
:10B6B0000146DAF81000FFF703FE264A944238D11B
:10B6C000BD4206D0039B4A46194608EB05001BF015
:10B6D000CBFDADB1C5F104070421F21B04A819F09C
:10B6E00085F904460146DAF81000FFF7E9FD194B29
:10B6F0009C421ED104AB2A464046D9191BF0A7FD37
:10B70000BBF1000F1ED0721908214A4404A819F099
:10B710006DF904460146DAF81000FFF7D1FD0D4B34
:10B720009C4206D109EB05005A4604A940441BF08F
:10B730008EFD504617F007FF204607B0BDE8F04FDA
:10B74000FFF7CCBD034CF4E718467EE70E0A050070
:10B75000508104000000AD0B2DE9F0470E4607466E
:10B760001D469046416886B0A2B19BB1042B01D919
:10B77000AB070FD116F003040CD1002E03DBCA6A0D
:10B78000731993420CD901213346384A3848009541
:10B7900014F0C2FD6FF01504204606B0BDE8F08736
:10B7A000384617F0EBFE204617F021FF044630B173
:10B7B000012017F01CFF384617F0C5FEECE7032DFB
:10B7C0001CD83246042102A819F010F9044601469B
:10B7D0003869FFF775FD274B9C4234D12A46414614
:10B7E00002A81BF034FD3246042102A819F0FBF830
:10B7F000044601463869FFF763FD24E008F0604322
:10B80000B3F1005F02D118F0030F2BD0DFF864A072
:10B81000102DA94628BF4FF0100941464A4602A8FC
:10B820001BF015FD3246494602A819F0DCF8044623
:10B8300001463869FFF744FD544504D1B5EB0905CD
:10B84000C8444E44E4D12046FFF748FD0446012099
:10B8500017F0CDFE0546384617F075FE002C08BFE0
:10B860002C4699E7324629464046BFE7570A05006D
:10B87000508104000000AD0B2DE9F3470B460E4646
:10B8800007461546D0F804C0C1F30B012AB96FF082
:10B890001504204602B0BDE8F087C2F30B0252EA5D
:10B8A0000104F4D1002B04DBDCF82C105A198A4275
:10B8B00006D901213B4A3C48009514F02DFDE6E7EE
:10B8C00017F05CFE2046D7F8048017F090FE04467F
:10B8D000002863D1DFF8D490D8F82C309D4221D1D4
:10B8E00006F0C0FDAA46044621463869FFF7E8FC89
:10B8F0004C453DD15644A5EB0A0500214FF4A470F8
:10B900000CF046FB17F058FE041E3DDB14F001045A
:10B91000F3D1002DE0D1012017F069FE002C08BF03
:10B9200004463BE0B5F5803F09D3B3B253B9314685
:10B93000012006F02FFD4FF4803A0446D4E7B5F518
:10B94000805F09D3C6F30B0030B9314606F022FD03
:10B950004FF4805A0446C7E701213346144A12487F
:10B96000009514F0D9FC13493869FFF7A9FC114C74
:10B9700001213346104A0C48009514F0CDFC2046B6
:10B98000FFF7ACFC0446C6E70748334601210B4AE3
:10B99000009514F0C1FC012017F029FE384617F07D
:10B9A000D2FD76E7A10A0500508104000000AD0B2E
:10B9B000EB0A05000400AD0B260B0500090B050082
:10B9C000024B0B6001231360704700BFF06700203B
:10B9D00000487047188C040007B50346054A0091DB
:10B9E0000548012114F098FC6FF0150003B05DF8D4
:10B9F00004FB00BF5A0B0500A080040010B5012213
:10BA0000064811461AF01DFB18F0D3FF044C2060C5
:10BA100018F0CCFF6060002010BD00BFF867002068
:10BA2000F0670020F7B50E46144618F0BFFF214618
:10BA30000546304617F0F9FD374660B3B6FBF5F31F
:10BA400005FB136323B9B4FBF5F305FB13434BB1BB
:10BA50003346134A00941348012114F05DFC6FF043
:10BA6000150002E0A54202D9002003B0F0BD4FF05E
:10BA7000FF324FF0FF330C480AF024FA18F096FF1B
:10BA80000546384605F0C8FF641B2F44F9D1064827
:10BA90000AF094F9E8E7054A33460094DBE700BF73
:10BAA000770B0500A0800400F86700205A0B050002
:10BAB000F7B50E461946304617461C4617F0B5FD39
:10BAC00050B93346174A00941748012114F024FC5A
:10BAD0006FF0150003B0F0BD46EA040515F003054C
:10BAE00003D0124A33460094EEE7A4B14FF0FF3280
:10BAF0004FF0FF330E480AF0E5F924F00304A542A5
:10BB000005EB060009D10B4AD2F80034DB07FBD560
:10BB100007480AF053F90020DCE7795905F0AEFF39
:10BB20000435ECE75A0B0500A0800400960B0500D5
:10BB3000F86700200090035010B5036961B92049EF
:10BB40003F23204A204813F019FB204813F016FB2E
:10BB50003F211C4813F009FB486850B91C49402399
:10BB6000184A194813F00AFB1A4813F007FB402142
:10BB7000EFE75868F8B1884219D19C680868A1427B
:10BB8000586000D19860002008602AB15A680A60A5
:10BB90009A68596002B99960002010E0814206D18C
:10BBA0000868206098688142EDD19C60EBE704460C
:10BBB00000680028F2D1002AE8D16FF0150010BD0E
:10BBC000639F0400D50B050013AD0400110C0500A4
:10BBD000200C0500320C050008B50368024659091F
:10BBE00014D0012906D14FF6FF7103F01F03D9408D
:10BBF000C80712D40A490B4840F2CA330A4A13F064
:10BC0000BDFA40F2CA31084813F0AFFA4FF0FF31E5
:10BC1000D940C907EED5054800E00548136008BDC6
:10BC200059CA040013AD040026CA0400002584503C
:10BC300000288450F0B5406801F01F04057B87B0F0
:10BC400044EA45140569002D77D0B2F5001F00F1D4
:10BC5000100506D12146284618F0A0FE002007B0A6
:10BC6000F0BD0027B2F5800F01AE0197776033D1A8
:10BC7000B3F1007F14BF052304238DF804300023A3
:10BC8000CDE9046303938368CB40D90739D4B2F17B
:10BC9000A07F36D168460094FFF79EFF009B80335B
:10BCA00050F82330DB072CD46A462146284605F09D
:10BCB000E3FB254B98421AD0CDF808D02146284600
:10BCC00003AA05F099FA214B984239D10122214665
:10BCD000284605F063FCC1E7B3F1C06F05D0B3F1AE
:10BCE000007F14BF01230223C7E70323C5E769468A
:10BCF000284605F04BFC154B9842DDD06FF00B0049
:10BD0000ADE76A462146284605F0B6FB0F4B0646CE
:10BD10009842D3D128469DF8001005F02FFCB04280
:10BD2000CCD00B490B4840F2E1130B4A13F026FA32
:10BD300040F2E111084813F018FA6FF085008EE721
:10BD40006FF015008BE700BF0400AD0B0000AD0BDA
:10BD5000750C050013AD0400490C05002DE9F043F6
:10BD6000466840F20635337BD00601F01F0747EAEC
:10BD7000431748BF032302EA050558BFC2F3401327
:10BD800087B0B5F5837F14468DF8033043D00FD8C4
:10BD9000062D18D007D8B5B1022D3ED06FF0150092
:10BDA00007B0BDE8F083B5F5807FF7D101250AE043
:10BDB00040F20222954232D0B5F5407F31D0B5F540
:10BDC000007FEBD1022522032DD5012372688B4021
:10BDD0009360336973BB03A80397FFF7FDFE039BD2
:10BDE00000EB830084F48033C3F30043C4F3404486
:10BDF000D0F8002244EA43049DF8033022F4706234
:10BE000044EA830422F00F0244EA05231343C0F8F6
:10BE100000320020C4E70725D5E70425D3E7052530
:10BE2000D1E70325CFE7630341BF012372688B404D
:10BE3000D360CEE71036394630460DF1020205F0E8
:10BE40001BFB14F4403F804617D13946304618F0AA
:10BE5000A3FD254B9845DCD130469DF8021005F036
:10BE60008DFB4045D5D021492148DE23214A13F0DE
:10BE700085F9DE211F4813F078F94FF0000901AB76
:10BE80003946304603AACDE90439CDE90199CDF808
:10BE90000C9005F0B1F9144B98427FF47FAF14F485
:10BEA000003315D09DF8033084F48034C4F300448B
:10BEB0008DF80E3039464B46304603AA8DF80C50AB
:10BEC0008DF80D4005F052FA074B9842C1D065E756
:10BED000CDE9043339460DF10303304603AA039339
:10BEE00005F08AF9F0E700BF0000AD0B750C050006
:10BEF00013AD0400490C05004209034670B502D099
:10BF0000012A1ED070BD144E326951680029F9D043
:10BF1000012503F01F030C689D400029F2D08A68B8
:10BF20002A4012D04B6873B90C4964230C4A0D485F
:10BF300013F024F90C4813F021F96421084813F098
:10BF400014F90A4EE0E7304698471CB123682146B1
:10BF50001C46E2E72346FAE7C87604004A2C0500AF
:10BF6000D50B050013AD0400320C0500A8760400C3
:10BF700038B545682B69B3B11035284605F0F4FA99
:10BF8000044680B90146284605F0A2FA084B9842BB
:10BF90000BD122462846074905F068FA22460521BA
:10BFA0000D20EFF741FF002038BD6FF00400FBE7E4
:10BFB0000000AD0BF9BE020002780B69012A08D01F
:10BFC000022A08D04AB9064A1A6303F1180009F098
:10BFD000F5BE044AF8E7044AF6E7044AF4E700BF6E
:10BFE0000000AD0B0100AE0B0200AE0B0100AD0B6B
:10BFF0002DE9F04F89B002AFBB60036993463B6106
:10C0000043684FF0FF32D3F828A09B8B0546FB60B6
:10C010004FF0FF330C4617F084FB3B6918337B610C
:10C02000002600230022786909F04CFF33465E4564
:10C0300001D3002340E0207A010700F1938001360C
:10C040005E4521680BD2820709D4227D80EA020C6A
:10C050000CF0010C02F004025CEA020C08D023B9D7
:10C0600001F06042B2F1005F3FD04FF0000801E004
:10C070004FF001086268D7F80CE003EB020CF445BE
:10C0800024D96C468CB0286802A9384ECA61C1E92F
:10C090000563FB680A46C1E9083040F203530B858B
:10C0A000334B42F8103F00234FF451513148ECF725
:10C0B000D1F96FF01B03A54628467B6117F034FBCE
:10C0C0007B691C371846BD46BDE8F08FC00705D414
:10C0D0000AEB03007B601BF0BAF87B6862681A44C5
:10C0E00093B2B8F1000F27D1D3B94FF00008D4F8BC
:10C0F0000090A388BA68217A284600924A4600F048
:10C1000085F8031ED8DB4FF480420023786909F0DC
:10C11000D9FE40B1284600F031F86FF00403CBE7B8
:10C120009846D146E6E73B69134A1B6B9342F4D12C
:10C13000237ADB0702D400230C3478E7CA45FAD10E
:10C1400023460AE0A8EB0201D8681FFA81F819FA21
:10C1500081F17B601BF07BF87B685A680C3B904553
:10C16000F0D2E8E76FF08503A6E700BFA50C050055
:10C1700006000001B88004000000AD0B70B54468F3
:10C1800023682046D3F80855D3F80C6507F058FC0F
:10C190003146284608F040F805460021606A17F04D
:10C1A000C6FA204607F026FC034B9D4214BF6FF0F1
:10C1B0000F00002070BD00BF0000AD0B08B5CA071E
:10C1C00043681BD4C1F3420102290AD003290CD0D1
:10C1D00001290ED14FF0CC721B680020C3F8242532
:10C1E00008BD4FF0C8621B68F7E74FF07F621B681D
:10C1F000F3E70121034A044814F07BF86FF01500BF
:10C20000EEE700BF870D0500B8800400F0B50C46CE
:10C210001D46164689B04768122200210DF10E0016
:10C220001BF03CF804F001038DF80C30BDF83830F9
:10C2300004958DF80D30BB8D0696AB420AD210489E
:10C24000009301212B460F4A14F066F86FF01B0093
:10C2500009B0F0BD84F00202C2F340023846520138
:10C2600003A907F065FC084B984207D00B339842AE
:10C2700014BF6FF004006FF00F00E9E70020E7E75C
:10C28000B8800400990D05000000AD0BB0B5044660
:10C29000456800AF2B6A98470121686A17F047FA92
:10C2A00023462846AA6905F1080107F05FFB104BF9
:10C2B000984217D023686C4688B06A460D49C2E997
:10C2C00005134FF4007393830B4B42F8103F0B4858
:10C2D00000234FF4E251ECF7BDF86FF00400A546DF
:10C2E000BD46B0BD204617F031FA0020F8E700BF88
:10C2F0000000AD0BC702050003000001B880040078
:10C3000010B504460269A2B0C2F880001F4900209F
:10C3100005F092FA002201212A20EFF785FD6468DA
:10C320008422002101A81AF0B9FF6368B3F5803FA9
:10C3300004D30221164A174813F0DBFF2368B3F534
:10C34000803F04D30221144A124813F0D2FF002385
:10C350000120219301AA61680432D940C90744BF72
:10C3600000FA03F142F8041C2168D940C90748BF0C
:10C3700000FA03F103F1010348BFD163102BEAD1A6
:10C3800001A805F081FA002022B010BD75C402009A
:10C39000E00D0500E08004000C0E050038B50F2903
:10C3A0000C4605693CD843681B68CB40DB0737D592
:10C3B000D5F88430CB4003F001031AB9EBB96FF024
:10C3C00077002CE0002BFAD155F8213023B9022157
:10C3D000154A164813F08DFFD5F8843013B92A207A
:10C3E000EFF7F2FC0122D5F88430A2401343C5F8E0
:10C3F0008430E0B205F08AFA0AE0C8B205F0A4FA87
:10C400000122D5F88430A24023EA0203C5F8843023
:10C41000D5F8843013B92A20EFF7E4FC002038BDAA
:10C420006FF01500FBE700BF380E0500E080040048
:10C4300038B505460C4622B102210C4A0C4813F0CF
:10C4400058FF0F2C0ED86B685B68E340DB0709D5FB
:10C4500001230020A400E4B204F1A04404F5283430
:10C46000236038BD6FF01500FBE700BF680E0500C4
:10C47000E080040070B5D1F880600F2804460D46B6
:10C48000736803D81B68C340DA0704D402210E4A3C
:10C490000E4813F02EFFD5F88430E340DB0704D4B8
:10C4A00002210B4A094813F024FF05EB840255F8DA
:10C4B00024503DB121463046AC46BDE870400023D3
:10C4C000126C604770BD00BF830E0500E080040061
:10C4D0009F0E050008B503680246590914D00129CA
:10C4E00006D14FF6FF7103F01F03D940C80712D4DD
:10C4F0000A490B4840F2CA330A4A12F03FFE40F2A2
:10C50000CA31084812F031FE4FF0FF31D940C90757
:10C51000EED5054800E00548136008BD59CA04007F
:10C5200013AD040026CA040000258450002884505E
:10C530002DE9F04F1546824640F2FF19DFF870B141
:10C5400085B000EB8108D04503D1002005B0BDE8DF
:10C55000F08FDAF80030C3F3C3210829C3F30804CD
:10C5600000F2A080534A1B0E043B4C4508BF4FF01D
:10C57000FF34575C1E2B00F29880DFE803F01017A1
:10C5800026969696962D5A96969696969696969660
:10C590005D676A6D969696707685888B8E00621CB4
:10C5A000C5F808457CD10AF1040ACCE7631CC5F83C
:10C5B0000C45F8D0012603A80394FFF78BFF012157
:10C5C000039B01FA03F3C3600FE0C5F81045661C36
:10C5D000E9D00026002108E0C5F80845002FF6D173
:10C5E000631CE0D0002606273146DAF800300394B9
:10C5F00003F40040002818BF002103A818BF01263B
:10C6000001930091FFF766FF039C019B00EB840000
:10C61000D0F80042C3F3412C00993B0243EA8C035B
:10C620000B4304EA0B04234343EA4603C0F80032F9
:10C63000B9E7C5F80C45D1E7C5F86045601CDAF8E4
:10C640000030B0D0C3F300439BB9B3E7C5F86445ED
:10C65000F4E7C5F86845F1E7C5F86C45EEE7C5F8BD
:10C660002445611C9FD00126B4E7C5F82845621C0B
:10C6700099D0012603A80394FFF72CFF039B3146B2
:10C6800006FA03F38360B0E7C5F83045E9E7C5F87B
:10C690003445E6E7C5F83845E3E7C5F83C45E6E745
:10C6A000002688E76FF0150050E76FF085004DE732
:10C6B000F0F0FCFFD50E050038B570B14FF4004521
:10C6C0000021064C0023E0FB0541054A2046E5F722
:10C6D0004BFBBDE838400BF05BBC38BD3F420F0060
:10C6E00040420F00012310B503FA01F143680469C9
:10C6F0001B6819420ED10E4940F28D630D4A0E4857
:10C7000012F03CFD0D4812F039FD40F28D610948F0
:10C7100012F02BFD2368194218BF82F0010222B1EA
:10C720008368DB68BDE81040184783681B69F9E738
:10C730000F0F0500DE0E050013AD04004D0F0500C0
:10C74000F8B5446800AF054617F044F8A06A28B968
:10C750000021284617F0B7F8BD46F8BD19F0CFFB09
:10C760000346B0B9A26A6C4688B011686A462E4882
:10C77000C2E905014FF4007191832C4942F8101F62
:10C780002B484FF4E251EBF765FE6FF01200A5461F
:10C79000E2E7E68DA06A94F82C1046F4003206F029
:10C7A0003004302CD0F810C0D0E9013E0ED1214920
:10C7B00040F2E233204A214812F0E0FC204812F017
:10C7C000DDFC40F2E2311C4812F0CFFC06F006041A
:10C7D000042C09D11B4940F2E933174A174812F0DB
:10C7E000CDFC40F2E931EEE701241B688C401C428D
:10C7F0000CD115494FF47F730F4A104812F0BEFC5C
:10C80000124812F0BBFC4FF47F71DCE7DCF800301B
:10C81000F6074CBF2343A343CCF80030DEF80030CA
:10C820009847002894DA97E75F0F0500030000019E
:10C8300058810400770F0500DE0E050013AD0400DB
:10C84000B00F0500ED0F05000F0F05004D0F05009F
:10C8500013B5402904690BD00F4910484FF40673F3
:10C860000F4A12F08BFC4FF406710D4812F07DFC5C
:10C8700008230E22694617F0F5F858B9BDF90030C3
:10C880002380BDF902306380BDF90430A380BDF977
:10C890000630E38002B010BD8B10050013AD04001C
:10C8A000531005002DE9FF410023466804468DF82A
:10C8B0000D30306819F023FB28B96FF015052846B4
:10C8C00004B0BDE8F081F06880B901231F22522135
:10C8D000204617F0D0F8054668B10346644A0121A6
:10C8E000644813F00FFD6FF01205E8E719F007FB3D
:10C8F0000028EAD1E1E70021A4200BF049FB012345
:10C90000022220460DF10D0117F0ACF89DF80D3014
:10C91000F22B01D0584AE2E7022320224FF47A7129
:10C920002046676817F0A7F800286DD1012322225E
:10C930001946204617F09FF8002865D101232722C9
:10C9400020460DF10F0117F08DF800285CD101236E
:10C950009DF80F10272201F0FD012046194317F022
:10C960008AF8002850D1022323226421204617F0A0
:10C9700082F8002848D1022325220121204617F001
:10C980007AF8002840D10123272220460DF10F011B
:10C9900017F068F8C0BB9DF80F10012301F0F701F4
:10C9A0002722204641F0040117F065F860BB002300
:10C9B0002046BA8C97F8231017F0B3F820BB014635
:10C9C000204617F064F8F8B901232C2220460DF117
:10C9D0000F01D4F8108017F045F8A8B905239DF889
:10C9E0000F102C2221F0070188F80930204601237E
:10C9F00041F0050117F03FF830B901232D22204600
:10CA000097F8221017F037F80028FFF66CAFB369DB
:10CA1000002B3FF454AF204600F0F2F8002807DA6C
:10CA2000164A0121134813F064FC6FF0040546E731
:10CA300096F8202096F8213001268DF80E208DF8EA
:10CA40000F302A220A21204600960DF10E0316F01F
:10CA5000E2FF38B92B220A21204600960DF10F0380
:10CA600016F0D9FF0028BFF62AAF054AD9E700BF64
:10CA7000A3100500807F0400CB100500DD10050029
:10CA8000FD100500012937B505460C460AD90329D2
:10CA900008D00F4801210F4A13F02BFC6FF015004E
:10CAA00003B030BD0123272228460DF1070116F0FF
:10CAB000D9FF0028F4D19DF80710240104F03004B8
:10CAC000012327222846214316F0D5FFE8E700BFBF
:10CAD000807F04001B110500022A38B504460BD8DC
:10CAE0000F4B104833F9125081FB00012A46EB1717
:10CAF000E5F7EAF816350BD10B490C4840F25E23F6
:10CB00000B4A12F03BFB40F25E21094812F02DFB6C
:10CB1000084A90FBF2F3236002FB1303636038BD05
:10CB2000B49404003AA395002611050013AD040047
:10CB30005310050040420F002DE9F74343680646B5
:10CB40009B69884617460569002B50D00C88082C35
:10CB500016D0092C31D0012C44D105F120094FF019
:10CB6000FF324FF0FF33484608F014FEC5E9117854
:10CB7000484608F0DFFE304616F0C9FF224613E0B3
:10CB800005F120044FF0FF324FF0FF33204608F04C
:10CB900001FEC5E90F78204608F0CCFE30460DF1C5
:10CBA000070116F0B0FF1022002F14BF1346002318
:10CBB0002A21304616F086FF1BE005F120044FF0D5
:10CBC000FF324FF0FF33204608F0E4FDC5E90D7851
:10CBD000204608F0AFFE30460DF1070116F093FF36
:10CBE0002022E1E70121044A044813F082FB6FF0A0
:10CBF000850003B0BDE8F0834D110500807F04007F
:10CC00002DE9F84305464468066900AF06F12000A7
:10CC100019F0DEF9A06919F072F90346C0B9A269EA
:10CC20006C4688B011686A466048C2E905014FF455
:10CC3000007191835E4942F8101F5E484FF4E25143
:10CC4000EBF708FC6FF01200A546BD46BDE8F8837F
:10CC500000212846FFF716FF0028F6DBB4F81EE097
:10CC6000A069217F4EF480320EF0300CBCF1300F01
:10CC7000D0F81080D0E901390ED14F4940F2E233AB
:10CC80004E4A4F4812F07AFA4E4812F077FA40F2C4
:10CC9000E2314A4812F069FA0EF0020CBCF1000FC2
:10CCA0000CD0494940F2E633444A454812F066FA4E
:10CCB000464812F063FA40F2E631EAE70EF0060C5D
:10CCC000BCF1040F09D1424940F2E9333B4A3C48E8
:10CCD00012F054FA40F2E931DBE74FF0010C1B6827
:10CCE0000CFA01FC1CEA030F0CD13A494FF47F7394
:10CCF000324A334812F042FA374812F03FFA4FF402
:10CD00007F71C6E7D8F800301EF0010F14BF4CEA5F
:10CD1000030323EA0C03C8F80030D9F80030984721
:10CD2000002892DB4FF00108237F2C4A08FA03F316
:10CD3000C6E90623A06906F114018368DB69002BAC
:10CD400030D0424698470028FFF67FAF3561A06992
:10CD5000217F84684268A469036904B3126808FAF1
:10CD600001F818EA020F0CD11A4940F29333134A22
:10CD7000134812F003FA184812F000FA40F2933107
:10CD800087E71B684FF0A07218EA030F14BF4FF03B
:10CD900000734FF08063A04700EAE07055E76FF042
:10CDA0005700F9E76FF057004FE700BF6811050023
:10CDB00003000001807F0400770F0500DE0E0500F0
:10CDC00013AD0400B00F05007F110500C61105006A
:10CDD000ED0F05000F0F05004D0F05001D3C040071
:10CDE000F7B5836805785B68012D04461F6827D175
:10CDF00043885B0724D54269836B82B10369092BA1
:10CE000024D901923846019916F0A9FE054650B37F
:10CE10000121174A174813F06CFA29461EE0ABB1FE
:10CE2000D86998B1067901AAB5400935F540294677
:10CE3000E7F79EFF50B9019BB54063612561E1E7CB
:10CE40002369092B02D963690193DBE701210A23D6
:10CE5000094A084813F056FA6FF00B01204614F007
:10CE6000FEF903B0F0BD0146204614F026FAF8E7BB
:10CE700042120500807F04001512050010B58B6872
:10CE80000C465B681B7993B9F1F7C6FE48B90A49AD
:10CE90000A4834230A4A12F071F93421084812F082
:10CEA00064F92146BDE81040064AF1F7CDBEBDE861
:10CEB000104000F025BC00BF3DF0040013AD04009D
:10CEC0005A120500E1CD0200C1F30B03090544BF6E
:10CED0006FEA03536FEA1353024951F82220534378
:10CEE000036070473C8D04002DE9F04F91460278B5
:10CEF00085B0039102938BB2D107009304460E9D37
:10CF0000D9F8003040F1DC8041880C314118994259
:10CF1000019140F2EC80BDF80E70002F40F0E780E8
:10CF200012F0020F854900F10C0614BF4FF0080BF8
:10CF30004FF0060B52099E4251F822A003D89B1BCA
:10CF4000B3FBFBF3DFB24FF00008029B984502DA17
:10CF5000019BB34203D8404605B0BDE8F08FD9F835
:10CF60000020B24234D8009B0C2B33D12278920798
:10CF700028D52822002128461AF090F96168A26875
:10CF8000C5E9001201222A8108222A740AFB07F24D
:10CF900005EBC8014A61B6F90600C0F38132032AE5
:10CFA00010D1C0F30B02030544BF6FEA02526FEACF
:10CFB00012520F20A2F5AF7212B292FBF0F21932A8
:10CFC000D2058A610BEB0602C9F8002008F10108BE
:10CFD0005E44BAE72822002128461AF05FF9A268C9
:10CFE0006168574BC5E9001201222A812278C2F3F9
:10CFF000820253F82220009B2A74032B00F29B80AC
:10D00000DFE803F00217283B0AFB07F108F10102F1
:10D01000100105EB02125160B6F9001011F4404FF7
:10D02000D0D122780830C2F382022844FFF74CFFA7
:10D03000C8E70AFB07F108F10102100105EB021233
:10D040005160B6F90210C1F38132012ABAD12278B7
:10D050000C30E8E70AFB07F105EB08125161B6F95D
:10D060000410C1F38132022AACD1227808F1020007
:10D07000C2F3820205EB0010D8E70AFB07F108F1C2
:10D080000102100105EB02125160B6F9001011F413
:10D09000404F06D122780830C2F382022844FFF7BD
:10D0A00013FFB6F90210C1F38132012AD7D12278D9
:10D0B00005EB0810C2F382021C30FFF705FFCEE734
:10D0C000002B38D1009A0C2A35D8DFE802F007137C
:10D0D000171B34343434343434342E004278B0F9ED
:10D0E00002102846FFF7F8FC0123C9F800304FF082
:10D0F000000830E74278B0F90410F2E74278B0F95E
:10D100000610EEE74278B0F902102846FFF7E4FC7B
:10D110006278B4F9041005F10800FFF7DDFC6278CD
:10D12000B4F9061005F11000DCE7B0F90810284644
:10D1300016F032FDD8E76FF085080CE7548D040037
:10D14000488D0400014B00200B607047588204009A
:10D15000034670B50A4600681979836846689C6979
:10D160000569002C54D002F4C003B3F5C00F0ED1F2
:10D17000294940F27B33294A294811F0FFFF294809
:10D1800011F0FCFF40F27B31244811F0EEFF63B94F
:10D19000254940F27F33214A214811F0EFFF23480F
:10D1A00011F0ECFF40F27F31EEE702F0C863B3F517
:10D1B000800F0CD11E4940F28933184A184811F0EB
:10D1C000DDFF1C4811F0DAFF40F28931DCE7012372
:10D1D00036688B4033420CD1174940F293330F4AE3
:10D1E0000F4811F0CBFF154811F0C8FF40F2933102
:10D1F000CAE7160204D52D682B4218BF82F0C06220
:10D200000F4BA446BDE87040134002F0B072604777
:10D210006FF0570070BD00BF97120500DE0E0500CD
:10D2200013AD0400D8120500041305002E130500E9
:10D2300059130500A31305000F0F05004D0F05003E
:10D24000400000062DE9F04F1469556894F84E30FF
:10D2500094F84D701B0203F440731F43E37AD4F833
:10D260005080002B4FF00003914614BF082606267D
:10D2700087B07F002365B8F1000F0DD10121664A08
:10D28000664813F036F84FF0B86105F1180007B0A2
:10D29000BDE8F04FFFF75CBF05AB0093404604AB21
:10D2A00007F10C0206F10C0116F053FD824690B115
:10D2B00001215B4A594813F01CF86FF00B014046FE
:10D2C00013F0CDFF4FF0B86105F11800FFF740FFF4
:10D2D00007B0BDE8F08F049B1A7842F001021A7083
:10D2E000D4E9180258609A6094F84C205A70207A59
:10D2F0001A7860F384021A70E07A60F341021A70BF
:10D30000059BA3F10C05BD4228BF3D46B5FBF6F5D4
:10D310007543049B5D80B5FBF6F306FB13534BB1DD
:10D3200040494148CF23414A11F028FFCF213F48CF
:10D3300011F01BFFD3462027049B0293606D16F06B
:10D34000F8FC064638B9BAF1000F26D051464046DF
:10D3500013F085FFBCE74368002B09DABAF1000F30
:10D3600006D10121324A2D4812F0CCFFD6F804A094
:10D37000636D9B69C6F800B0EFF3118287F31288E2
:10D38000BFF36F8F18681E60066082F31188BFF3C9
:10D390006F8FDA890132DA81D0E7606D16F0A5FC73
:10D3A0008346606D16F0A1FC0646606D16F09DFC8C
:10D3B000A36D074651462C220BF10400039319F08C
:10D3C0006DFF039B5146CBF8083040F60153ABF894
:10D3D0001030184B2C22CBF80030301DD4F858B048
:10D3E00019F05CFF029B2F220C337361124B5146E4
:10D3F0003360C6F808B03561C6F80C80781C19F0A7
:10D400004DFF04233B700D4BC7F80C80C7E904396E
:10D41000606DF1F723FA5BE7E8130500807F0400F5
:10D42000F71305004B14050013AD04000C140500A0
:10D430006B140500037F0200017F0100ED3D040035
:10D440002DE9F04F14691746256D536894F84CB0D8
:10D4500087B0002D00F0FC80AA685668002E00F00E
:10D46000F7803279002A00F0F38003F118094FF4B5
:10D4700000114846FFF76CFE002398469A46F06874
:10D48000834218D1BAF1000F23D1B8F1000F24D094
:10D490001BF0080F21D00021606D039116F049FCAC
:10D4A0000399064608BB00293FD0284607B0BDE8CF
:10D4B000F04F13F0D4BEB16801EB830231F82310B2
:10D4C0000A2904D00B2908BF90460133D8E79246B9
:10D4D000FBE71BF0040FDED1D7E74FF0B8614846F9
:10D4E00007B0BDE8F04FFFF733BE4368002B06DA04
:10D4F00029B901217B4A7C4812F004FF716800229F
:10D50000636D9B693260EFF31182202080F31288F3
:10D51000BFF36F8F18681E60066082F31188BFF337
:10D520006F8FDA890132DA81B6E7BAF1000F20D0C5
:10D53000B8F1000F23D19AF8028008F1FF33012BD4
:10D5400000F2898000230C22236505AB009311466D
:10D55000284604AB16F0FDFB0646C0B16FF00B0188
:10D56000284613F07CFE4FF0B8614846FFF7F0FD07
:10D570006EE0B8F1000F02D098F80280DDE798F86D
:10D5800002809AF80230984528BF9846D5E7DDE931
:10D5900004320146184619F081FE027842F0010279
:10D5A0000270D4E9181280F801B041608260867080
:10D5B000C6703146284613F080FEB8F1020FD2D172
:10D5C0003C69606D16F091FB314605462E22023013
:10D5D000D4F8588019F062FE47F603732B8040F6AA
:10D5E00003232B822823C5F80880AB74A57AE37A3D
:10D5F00005F0030545EA8305A389EDB2DB05606DFF
:10D6000048BF45F0080516F070FB2C2206460021A5
:10D610000430D4F8588019F041FE40F603233382D9
:10D620002823B374314BF5743360C6F80880606DFD
:10D6300016F05BFB2F2205460021013019F02EFE6B
:10D6400004232B702A4BC5E90437606DF1F706F906
:10D6500007B0BDE8F08F606D16F047FB8146606D46
:10D6600016F043FB0646606D16F03FFB2C22804609
:10D67000002109F10400D4F858A019F00FFE40F67B
:10D680000B43C9F808A04FF0020AA9F81130194B52
:10D6900089F810A0C9F800302C220021301DD4F8E0
:10D6A000589019F0FBFD04F14D037361124B2F22CA
:10D6B00033600021C6F80890C6F810A0F56008F1A4
:10D6C000010019F0EBFD042388F800300B4BC8F87B
:10D6D0000C50C8E90437606D07B0BDE8F04FF1F7B2
:10D6E000BDB800BF6B140500807F0400037F0100FC
:10D6F000273D0400037F0200017F010045D20200A4
:10D700002DE9F0478B680569D3F804904368064615
:10D7100003F118080F4640464FF40011FFF718FDBB
:10D72000002824DB0022144610461346D9F80CC00A
:10D7300094451ED195F86C108A072BD550BB43F049
:10D74000040211F0010F03D014B942F00802D2B262
:10D75000C1F3400C84451FD101F00101A1421BD14E
:10D760004FF0B8614046FFF7F3FC002849DABDE806
:10D77000F087D9F8081031F822100A2904D10120C5
:10D7800043F004030132D3E70B2904BF012443F023
:10D790000803F7E71A46D4E795F86C1044EA40040A
:10D7A00021F003010C4330462A2185F86C4016F025
:10D7B00089F90028DBDB002330461A46194695F824
:10D7C0000A9095F80BA0AC8916F0ABF90028CEDBD7
:10D7D000B9F1000F06D1BDE8F04701210A4A0B4814
:10D7E00012F087BD5346002C08BF8024012B38BFA0
:10D7F000012322464946304616F093F90028AFDA55
:10D80000B5E72F65B3E700BF79140500807F0400FA
:10D810002DE9F34704698146236D6BB1684616F024
:10D8200036FD054658B101212548264A12F061FD12
:10D830002946206D13F013FD02B0BDE8F087DDE945
:10D84000000100F063FFC4E91801606D16F04DFAA5
:10D850000746606D16F049FA0646606D16F045FA07
:10D86000294680462C22381DD4F858A019F016FD00
:10D8700002233B7440F60B33A7F81130124B2946B4
:10D88000C7F808A03B602C22301DA76D19F006FDDB
:10D890000123336104F14C0373610C4B2F2233607D
:10D8A0002946B76008F1010019F0F8FC042388F854
:10D8B0000030074BC8E90439606DF0F7CFFFBBE7D4
:10D8C000807F04008E140500037F0200017F0100A9
:10D8D00041D402002DE9F0438DB00646406800AF08
:10D8E00083681B689847041E18DA6D4688B0336851
:10D8F0006A468249C2E905134FF400739383804B53
:10D9000042F8103F00234FF4E2517E48EAF7A2FDAF
:10D91000AD4620463437BD46BDE8F083D6F81080CA
:10D920000123D021304608F1440216F06EFA041E9D
:10D93000C0F2DF8098F84430612B06D00121724A92
:10D94000704812F0DFFC0024E3E7356995F8289071
:10D95000B9F1000F6AD117238A2130463A1D16F01B
:10D9600054FA041EC0F2C5800E23E121304607F1AF
:10D970001B0216F04AFA041EC0F2BB80052349467A
:10D98000304607F1290216F040FA041EC0F2B180B9
:10D99000B7F82330EB81BB882B82BB79AB74BB68B3
:10D9A0006B613B7B2B76FB897A7F6B833B8AAB83F6
:10D9B0007B8A5BBAEB83FB8A2B843B8B6B84BB7EBD
:10D9C00085F824303B7F03F00F0343EA02132B80DA
:10D9D0003B7FFA7E1B0943EA02136B80BB7F2B71EE
:10D9E000FB7F6B7197F82030AB7197F82130EB71AA
:10D9F00097F822302B7297F827306B72B7F82530E2
:10DA00006B8197F828302B7397F8293085F82630EA
:10DA100097F82B30C3F3011385F8253097F92D3093
:10DA20001B1185F82730012385F828300122722147
:10DA3000304616F0F1F9041E5BDB002275213046FA
:10DA400016F0EAF9041E54DB10227121304616F05C
:10DA5000E3F9041E4DDB4FF4A072B8F90A306425D7
:10DA600003F5163303F2991302FB03F11423B1FB00
:10DA7000F3F10A2301F54811B1FBF3F198F90930EC
:10DA8000304603F54473594398F90C3003EB830394
:10DA900003EB83024FF47A7392FBF3F2120202EB70
:10DAA0006102832198F825300433B2FBF3F298F930
:10DAB00026304B4303F58033B2FBF3F22223FA3ACC
:10DAC0005A43323292FBF5F25A21D2B216F0A4F93F
:10DAD000041E0EDB71222946304616F09DF9041E05
:10DAE00007DB55227421304616F096F9041EBFF666
:10DAF0002AAF14F1860F7FF40CAF24E7B0140500B1
:10DB000003000001C07F0400C71405002DE9F041A7
:10DB100040290546046986B009D0AC49AC48E623E3
:10DB2000AC4A11F02BFBE621AA4811F01EFB55224E
:10DB3000742116F071F90028C0F24481FC26013EE0
:10DB400000F03E81002121200AF022FA01231D214C
:10DB500028460DF1070216F058F90028C0F232816C
:10DB60009DF90730002BEADA0D231F21284602AA6F
:10DB700016F04BF90028C0F22581BDF809609DF828
:10DB8000083076BAB6B246EA0346BDF80C309DF8C6
:10DB90000B20B4F80EC05BBA9DF814009BB243EAA8
:10DBA00002434FEA4C0C00F01005CCEBD31C84F878
:10DBB0003C504FEA5C034FEAEC7543EAC57303FB44
:10DBC00005F7A3FB033505EB47051B0B43EA05539C
:10DBD0004FEA253E94F912503609EF175F434FEA9A
:10DBE0000518B4F9105008FB0E7785FB0C5CA3FBFD
:10DBF0000838ED0A47449B0B45EA4C5543EA8743F6
:10DC00002B44236403EB83055B10A3F57A434FEAAF
:10DC1000A30C0CFB0CFC94F91E704FEAEC2E07FBD6
:10DC20000EFEB4F91C704FEA6C3C5F437F0007EBBB
:10DC3000AE07B4F916E0803503FB0EFE94F91830F8
:10DC40002D125B010CFB03F3DB1003EB6E03B4F846
:10DC500014C09B1403F500430CFB03F34FEAE33CB1
:10DC6000C6F58013B4F91A60B4F920E0360406EB67
:10DC7000A706A3EB263340F635467343B3F1804F36
:10DC8000ADBF93FBFCF35B0093FBFCF35B00DE108A
:10DC900076437713B4F922604FEA232C77439E1022
:10DCA0000EFB06F6761306EB27360CFB0CF70CFB87
:10DCB00007F794F824C0BDF80E100CFB07F706EB2D
:10DCC000674694F91F7049BA06EBC71603EB261393
:10DCD0006426236394F9063094F905706B4393FB33
:10DCE000F6F36B436F439B1197FBF6F793FBF6F349
:10DCF0003B44678803F580437B43278889B2A1EBC7
:10DD0000071194F904709B126F4397FBF6F7A1EB90
:10DD100067014B4394F90810E562694391FBF6F102
:10DD2000E579002601EBC5119D136D430911AD1274
:10DD30004D434FF47A7103EB65039B124B43264925
:10DD40001B1323EAE3738B42D4BF6363616340F226
:10DD50003C550521B446BDF8132094F9273000F056
:10DD60000F00C1FB035C1D4B1D4953F8203052BA14
:10DD7000A5FB035703FB0C77C2F3891251F820006F
:10DD80002D0CD20345EA074512F17F4263EB0303F2
:10DD90005219A0FB05514FEA274C00FB0C1143EB35
:10DDA000274350086D0A45EAC15540EAC3705F1029
:10DDB000281847EB6121E3F787FFA063304601E0B5
:10DDC0006FF00A0006B0BDE8F08100BF8B100500BF
:10DDD00013AD0400E0140500A0860100AC8D040022
:10DDE0006C8D04002DE9F04305460669406885B056
:10DDF00083691B689847041E08DA694A012169484B
:10DE000012F077FA204605B0BDE8F08340F608032B
:10DE10004FF4FA67B38109234FF4FA70B373378272
:10DE200016F07AF868688369DB689847044608B199
:10DE30005D4AE3E701460123284602AA16F06EF880
:10DE400004460028DED19DF80830242B09D0242276
:10DE5000012100925348554A12F05EFA6FF0040413
:10DE6000D0E7B6237E218DF80930284601230DF135
:10DE7000090216F082F804460028C3D1384616F08D
:10DE80004BF801237C2128460DF10B0216F046F8D1
:10DE900004460028B6D14FF47A779DF80B307C21E8
:10DEA00023F001038DF80B302846012300970DF174
:10DEB0000B0216F069F804460028A3D18DF80A0079
:10DEC0000123592128460DF10A0216F056F804469E
:10DED000002897D106468146D5F80480D8F81C3032
:10DEE0009B689C423BD33446002E8BD101235921A1
:10DEF00028460DF10A028DF80A3016F03EF8044665
:10DF000000287FF47FAF01232121284603AA16F0C1
:10DF100005F8044600287FF475AF9DF80C3003F037
:10DF20000F03012B8DF80C3037D0013642F2107000
:10DF3000F6B215F0F1FF102EE5D19DF80B307C21E3
:10DF400043F001038DF80B304FF47A7328460093A9
:10DF50000DF10B02012316F017F8044652E763098E
:10DF60008DF80D305B2102232846009703AA8DF817
:10DF70000C9016F009F846B25EB9D8F81C305E2154
:10DF80005A6828464FF480730097224415F0FCFF2E
:10DF900046B204F58074A4B2A0E70F2ECDD15DE7A0
:10DFA00033150500D07F04004C15050071150500E0
:10DFB00070B501F07F0188B0012602258DF80710A9
:10DFC00001460DF10704079304ABCDE9056251F852
:10DFD000040B049402930395836802AA1C6800232F
:10DFE000A047041E08DA074A23463146064812F0C5
:10DFF00089F9204608B070BD28460AF00DF80024C3
:10E00000F7E700BF01170500D07F0400F7B54029EE
:10E0100004690DD00B290BD02B492C4840F2391341
:10E020002B4A11F0ABF840F23911294811F09DF854
:10E0300008236A464221406816F0AFF8002808DA43
:10E0400024480121244A12F054F96FF0040003B06F
:10E05000F0BDBDF80650BDF90010AD0801232A46F9
:10E06000C910204616F05FF8BDF90270A062FF10DB
:10E0700000232A463946204616F055F8BDF90460BB
:10E08000E062761016F5804F1AD0B4F90530B4F975
:10E090001120F61AB4F90F30B4F90B10EB1A5343F0
:10E0A000B4F80D206D006A439B1002F50042C3EBEB
:10E0B000C63301EB224293FBF2F300202363C6E751
:10E0C0004FF00043F9E700BF5017050013AD0400FF
:10E0D00018170500987F04008817050070B50839E7
:10E0E000006903293CD8DFE801F002131517836AA1
:10E0F0004FF4C86193FBF1F1116040F271214B4381
:10E10000194993FBF1F001FB10335360002070BDFF
:10E11000C36AEDE7036BEBE74FF4C864836A40F230
:10E12000712593FBF4F16B4311600F4993FBF1F6FA
:10E1300001FB16335360C36A93FBF4F66B4396609E
:10E1400093FBF1F601FB1633D360036B93FBF4F4FE
:10E150006B4393FBF1F001FB103314615361D5E77E
:10E160006FF08500D3E700BF40420F0073B504464F
:10E17000406883681B689847002816DB0121204609
:10E18000266916F02DF8024688B15E495E4815F002
:10E19000FCFF0021204616F023F85B486FF00402D4
:10E1A0005A4915F0F2FF6FF0040002B070BD002173
:10E1B000632009F0EDFE82234B211A46204615F01C
:10E1C000F2FF024608B15249E0E70146204616F048
:10E1D00007F8024608B14F49D8E70021212009F08D
:10E1E000D7FE0121204615F0FBFF054610B102467F
:10E1F0004949CBE70021632009F0CAFE01234021F1
:10E2000060680DF1070215F0C8FF002805DA434ADF
:10E2100001213D4812F06DF8BBE79DF80720322A36
:10E2200001D03F49B2E73F4B53F8351003EBC5022D
:10E2300009290DDD13794C21DB003822204603F03B
:10E24000F80315F0B0FF002806DA0A2236499DE7E8
:10E250000135082DE8D1F8E704225121606815F056
:10E2600099FF002802DA092230498FE7072252215C
:10E27000606815F08FFF002802DA0F222C4985E72D
:10E28000002306224C21204615F08DFF002804DAD9
:10E290000121284A1C4812F02CF8152332465D2132
:10E2A000606815F07AFF002801DA234AB0E7002100
:10E2B0002046C6E90611C6E90811C6E90A1131630C
:10E2C00015F08EFF0121204615F08AFF054620B18A
:10E2D00002461A490C4815F058FF0021632009F046
:10E2E00057FE062200234C21204615F05CFF55EA1C
:10E2F000000203D01249044815F047FF6FF0850073
:10E3000053E700BF9E170500987F0400D218050050
:10E31000C7170500DD170500FE17050024180500C6
:10E320003B180500608E04005018050068180500B1
:10E33000831805009D180500B9180500F0180500A0
:10E340000F190500F7B51546446803694AB929490C
:10E3500029484323294A10F011FF4321274810F090
:10E3600004FF1F2943D1A27A1B8C12F0200162798D
:10E3700018BF1BB22AB3E279277C042A09BF22689E
:10E38000E2899268128909B1013FFFB25A43A0792C
:10E3900001A90192FBF7A0FF0646A0B9019941FA35
:10E3A00007F06769C7B94FF47A7390FBF3F203FB88
:10E3B00000F1134B2A6091FBF3F203FB1211696029
:10E3C00007E06FF08506012133460E4A0E4811F032
:10E3D00099FF304603B0F0BD4FEAE07CA0FB070197
:10E3E000334607FB0C11A269E3F76EFCDBE76FF025
:10E3F0008506EEE77C19050013AD04004019050001
:10E4000040420F008F190500A081040070B51F293C
:10E410004668056901D040291BD1D5E9060109F0FC
:10E42000B7FD304615F028FF044638B103460A4AC6
:10E4300001210A4811F066FF204670BD30688368EC
:10E4400029465B68984704460028F5D0044A0346ED
:10E45000EEE76FF08504EFE79D190500A081040049
:10E46000B21905002DE9F84F6FF001024FF0FF33AC
:10E4700005694768C5E906230646386817F03FFD79
:10E4800048B9804A0121804811F033FF6FF012052E
:10E490002846BDE8F88FF86920B117F030FD08B9BB
:10E4A0007A4AEFE7384615F0E7FE044638B1012115
:10E4B0000346774A744811F025FF2546E8E77B7943
:10E4C0004BB96FF085030121724A6F4811F01AFFB2
:10E4D0006FF08505DCE701233A7993406B603B7C64
:10E4E0002B747B7C6B7405F12003AB600223EB6023
:10E4F0007368D86940B9D6F80490D9F81C00002890
:10E500005FD104EAE475C3E793F820105B8C03F055
:10E510003002302AD0F810C0D0E9015E0ED15E4939
:10E5200040F2E2335D4A5E4810F028FE5D4810F08C
:10E5300025FE40F2E231594810F017FE03F00602C2
:10E54000042A09D1584940F2E933544A544810F09A
:10E5500015FE40F2E931EEE701272D68DA0707FAE8
:10E5600001F754BF43F4B01383F4D0132F4223F4C4
:10E5700080120CD14D494FF47F73484A484810F03F
:10E58000FDFD4B4810F0FAFD4FF47F71D3E7DCF846
:10E590000050DB074CBF3D43BD43CCF80050DEF8D4
:10E5A0000030984705460028A5D00121414A364849
:10E5B00011F09FFE002D9EDA15F1860F7FF468AFF3
:10E5C00099E7012199F82020366991404268036952
:10E5D000126811420CD1354940F28D632F4A304800
:10E5E00010F0CCFD324810F0C9FD40F28D61A2E779
:10E5F0001B681942836814BF1B69DB68984704468F
:10E6000020B101212C4A204811F073FE17F00AFEB8
:10E610004FF00008DFF8A4A00D464FF4004BD4469D
:10E6200041460746D9F824000023E0FB0BC1244AE9
:10E630006046E3F799FBC01945EB0105012875F128
:10E6400000051ADB17F0EEFD0D4641460746D9F8E6
:10E6500024000023E0FB0BA1194A5046E3F784FB9A
:10E660006FF001034FF0FF32C01945EB01011B1A97
:10E6700062EB0101C6E9063143E76FF001034FF099
:10E68000FF31F7E7BF190500A0810400D01905008C
:10E69000E8190500F2190500770F0500DE0E0500E8
:10E6A00013AD0400B00F0500ED0F05000F0F0500BE
:10E6B0004D0F0500041A0500271A05003F420F0000
:10E6C00040420F0008B50B4A0B4B93420ED90B4941
:10E6D0000C230B4A0B4810F051FD0B4810F04EFD77
:10E6E0000C21074810F041FD1033EEE7FCD3002069
:10E6F00008BD00BF68820400588204008F1A05001C
:10E70000561A050013AD0400B7B10400044AA0FB7B
:10E71000020302FB0131C00B40EA4140C90B7047C4
:10E7200000CA9A3B2DE9F04194B083680546D3F8BE
:10E7300004C00026034600AF197803290FD881B121
:10E740005A8801369207F6B225D4042E27D9012122
:10E75000414A424811F0CDFD6FF00B0114E005294C
:10E76000EED06C4688B06A46D36104233C48C2E9C7
:10E77000050142F8103F4FF4015100233748E9F7F3
:10E7800069FE6FF00401A546284612F068FD503777
:10E79000BD46BDE8F0815B6B002BCDD1D5E74FF0D6
:10E7A000000E2B46714607F1100407F13002C7E94D
:10E7B0000046C7E90226B6450DD30029E4D1002E54
:10E7C00039D1284928487E23284A10F0D7FC7E21D9
:10E7D000264810F0CAFC18780138042828D8DFE849
:10E7E00000F0030B1127250058691060186950606C
:10E7F0000020206018690DE000201060186950604A
:10E800005869F6E700201060187C506003F1110091
:10E810002060187C606058880EF1010E10F0020034
:10E820000CBF03465B6B08320834C4E79869E4E721
:10E830006FF00401EFE7614651F8040B83683A4634
:10E840001C6807F10803A047014600289CD1284610
:10E8500012F033FD9BE700BFE61A05008881040033
:10E86000C11A0500761B050013AD04004C1B050002
:10E8700010B50C46F0F7D0F958B901210848094AFB
:10E8800011F037FD2046BDE810406FF00B0112F08B
:10E89000E6BC2146BDE81040034AF0F7D5B900BFF9
:10E8A00088810400831B050025E7020008B5036882
:10E8B0000246590914D0012906D14FF6FF7103F021
:10E8C0001F03D940C80712D40A490B4840F2CA3383
:10E8D0000A4A10F053FC40F2CA31084810F045FCD7
:10E8E0004FF0FF31D940C907EED5054800E0054893
:10E8F000136008BD59CA040013AD040026CA040001
:10E900000025845000288450012310B503FA01F13A
:10E91000436804691B6819420ED10E4940F28D63A9
:10E920000D4A0E4810F02AFC0D4810F027FC40F26A
:10E930008D61094810F019FC2368194218BF82F054
:10E94000010222B18368DB68BDE810401847836884
:10E950001B69F9E70F0F0500DE0E050013AD04007B
:10E960004D0F05002DE9F84F4568D0F81080064698
:10E970000021E86B00AF15F0BDFC041E11DB296C13
:10E98000481C1AD005F1440000F0A2FB10F1130F4F
:10E9900004460AD101214D4A4D4815F08CFC6FF018
:10E9A00012042046BD46BDE8F88F411D05D1012166
:10E9B000484A474815F07FFCF3E74FF001096B6BBD
:10E9C0009847D8F80850D8E9023203EBC2039D42B9
:10E9D00009D3404615F0D0FC73680021D86B15F0C0
:10E9E00089FC0024DDE7286817F089FA0346B0B9EE
:10E9F0002A686C468AB0106829796A46D1614FF45A
:10EA00000071354D11843549C2E9055042F8101F97
:10EA10004FF411512E48E9F71DFDA546BFE72868C0
:10EA20002979EB8803F03002302AD0F810E0D0E9E1
:10EA300001BA0ED12A4940F2E2332A4A2A4810F09C
:10EA40009DFB2A4810F09AFB40F2E231254810F075
:10EA50008CFB03F00602042A09D1254940F2E93370
:10EA6000204A214810F08AFB40F2E931EEE7DA074C
:10EA700054BF43F4B01483F4D014DBF8003009FA27
:10EA800001FC1CEA030F24F480120CD119494FF445
:10EA90007F73144A144810F071FB174810F06EFB96
:10EAA0004FF47F71D2E7DEF80030E4074CBF43EA51
:10EAB0000C0323EA0C03CEF80030DAF80030984754
:10EAC000041EFFF66EAF08357DE700BFE11B0500B1
:10EAD000808104000C1C0500291C050004000001B5
:10EAE000770F0500DE0E050013AD0400B00F050022
:10EAF000ED0F05000F0F05004D0F05002DE9FF413B
:10EB000005690646AA6DD0F804802B6E002A35D11F
:10EB1000002B53D0B8F83840686D9C4228BF1C4683
:10EB2000EF6DEB6D53B12A6E42B107F06042B2F166
:10EB3000005F03D0082C28BF08246F6F6A6DAC6695
:10EB40001AB1AA6D002A18BF224601921BB12B6E82
:10EB5000002B18BF234600900022694640460393CD
:10EB6000029704F045FD184B984229D06FF004013C
:10EB7000304604B0BDE8F04115F020BC696DEF6D82
:10EB80000846B8F83840ABB1934228BF13469C42C0
:10EB900028BF1C460029C4D001F06043B3F1005FD8
:10EBA000BFD0082C28BF0824286F224618F04FFB3E
:10EBB000286FB6E7944228BF1446EBE71946D7E71B
:10EBC00004B0BDE8F08100BF0000AD0B10B50278C5
:10EBD0000346002A5FD10C69A26E32B9606E6FF0F5
:10EBE0007301BDE8104015F0E9BBE06D40B1216E46
:10EBF00031B1DB6823B1834202D0616F18F027FB8B
:10EC0000A36DA26E33B19A4213D90121224A23483F
:10EC100015F051FB236EA26E33B19A4222D9012125
:10EC20001D4A1E4815F047FB606EBDE81040FFF717
:10EC300065BF9B1AA3657BB9636C04F15802083366
:10EC40006364A36C04F14801013BA36404F1440034
:10EC500015F03DFB6065DDE7636D002BDAD01344F2
:10EC60006365D7E79B1A23667BB9E36C04F1600206
:10EC70000833E364236D04F15001013B236504F183
:10EC80004C0015F024FBE065CEE7E36D002BCBD004
:10EC90001344E365C8E710BD4D1C050080810400E6
:10ECA0002DE9F04F91B000AFC7E9023243688046CA
:10ECB0007B608B8804699804894632D44FF0FF3218
:10ECC0004FF0FF3304F1100007F0FCF8C4F8049093
:10ECD000D8F810A0D8F804B09AF86D30DBF808C066
:10ECE00023B1DAF80030994500F0E180B9F804E08A
:10ECF0001EF400631CD00121B14AB24815F0DBFAC2
:10ED00006FF0850523689B8813F4005304D163607A
:10ED100004F1100007F052F828464437BD46BDE81C
:10ED2000F08FA369002BC9D163689942C6D1CFE7A0
:10ED30001EF0010F16D06D4688B0D8F800106A4654
:10ED4000A148C2E905014FF4007191839F4942F83F
:10ED5000101F4FF4E2519B48E9F77CFBAD466FF082
:10ED60001505CFE71EF0080F05D0994A01219548F7
:10ED700015F0A1FAF3E7CEF34513082B01D0954A1D
:10ED8000F4E7D9F800303B603A68934B9A4201D8D7
:10ED9000924AEBE7924B9C4507D94FF05022D2F8AC
:10EDA000582512F0030F18BF9C4607F118050BF108
:10EDB0000C060FCE0FC50FCE0FC53B6896E80300BB
:10EDC000634528BF63469C46864B85E803009C4507
:10EDD00017D2834B9C4514D2834B9C4511D2834B55
:10EDE0009C454CD8824B9C454BD8824B9C454AD87D
:10EDF000814B9C4549D88149814B824A8C4588BFCB
:10EE000013461EF0020FFB620EF004033FD0002BEE
:10EE100014BF0323022387F83030CEF3001387F8A2
:10EE20003130DBF80030D3F80835591C0BD01EF018
:10EE3000020F7B6107F114002DD1FFF737FD01238D
:10EE40007A699340C3609AF86D302BB1584604F04C
:10EE500071FB00238AF86D3043466B4A584607F130
:10EE6000180104F027FB694A034690421AD0012199
:10EE7000674A544811F046FA6FF0040542E7654BC3
:10EE8000BFE7654BBDE7654BBBE7654BB9E7003BAB
:10EE900018BF0123BFE7FFF709FD01237A699340FB
:10EEA0008360D0E70123CAF800908AF86D3001230F
:10EEB00084F86C307B68196C4A1C0AD003F144005A
:10EEC00000F036F9743004D10221564A3D4815F05D
:10EED000F2F9FB68002B6AD163640023A36404F198
:10EEE000580204F1480104F1440015F0F0F9BB6840
:10EEF0006065002B40F09A80E3640023236504F1F1
:10EF0000600204F1500104F14C0015F0E0F9002515
:10EF100001212A46E0652564204615F00CFA40469A
:10EF2000FFF7ECFD2A462B46A06C834240F0878019
:10EF300000231946256DA94240F088809A4238BFC7
:10EF40001A4626464FF4FA5303FB02F556F8283BBF
:10EF50004FF4004C1B6840F2E730B5FBF3F500219D
:10EF6000C8354FF47A720023E5FB0C01E2F7FCFE92
:10EF700002460B46304606F0A5FF024600286CD03C
:10EF80000121294A0F4815F096F900257868A566F1
:10EF900004F0D0FA6FF07301404684F86D5015F01C
:10EFA0000DFA304607F008F86FF07305AAE6FB6823
:10EFB0001B686364002B90D0FB685B688EE700BF22
:10EFC0006B1C050080810400851C05000300000106
:10EFD000A71C0500C61C050047E80100F51C05003C
:10EFE0000024F4000048E80100127A00FF083D0008
:10EFF0007F841E003F420F001FA107008FD0030037
:10F0000048E8010090D00300CDEB02000000AD0BFA
:10F01000261D050000093D0080841E0040420F00AF
:10F0200020A107004D1D0500771D0500BB681B686A
:10F03000E364002B3FF461AFBB685B685EE7616C23
:10F0400001EBC301496801330A446EE7E06C00EB51
:10F05000C1004068013103446DE7256C15F1740F60
:10F0600093D0002D3FF44EAE0146D8F8100015F0B5
:10F0700062F947E608B503680246590914D0012928
:10F0800006D14FF6FF7103F01F03D940C80712D411
:10F090000A490B4840F2CA330A4A10F06FF840F2AE
:10F0A000CA31084810F061F84FF0FF31D940C90764
:10F0B000EED5054800E00548136008BD59CA0400B4
:10F0C00013AD040026CA0400002584500028845093
:10F0D0000123F0B587B08DF80230022300248DF8AB
:10F0E00004306B4403930F4601AB0DF1030104930D
:10F0F00005460291059402F049FA0C4B06469842E7
:10F100000FD13946284603AA02F076F8B0420BD058
:10F1100028469DF8031002F031FA6FF0040007B0A2
:10F12000F0BD6FF01200FAE72046F8E70000AD0BE3
:10F13000F7B50C46054615F033FC0022214606467D
:10F14000284602F02BFA01A80194FFF793FF019BD8
:10F1500000EB8302D2F80012154B0B4043F00C0376
:10F16000C2F8003215F03BF907462B689B59B3B142
:10F1700000262146284615F011FC01A80194FFF74E
:10F1800079FF019B00EB8300D0F80022084B13406D
:10F1900043F00403C0F80032304603B0F0BD15F070
:10F1A0001EF9C01B0628E0D96FF07306E1E700BF27
:10F1B000F0F0FCFF70B40E4922F07F46D1E9003434
:10F1C000D01AC31844F10004C1E90034A6F50013B5
:10F1D000B3F5400F09D2074B1B681A0A1B069C198E
:10F1E000054B42F10005C3E9004570BC09F0B4BB12
:10F1F000C04B0020606A0020C84B00200D4B1868EF
:10F20000010A0006BFF35F8F0B4BD3F804351818C3
:10F2100041F10001B3F5801F0AD2084BD3E9002366
:10F22000904271EB030303D210F1807041F10001B1
:10F23000704700BF606A002000500150C84B00209A
:10F240002DE9F7432E4BD3F8042390070BD5D3F8C1
:10F25000042142B10022C3F804212A4AD3F8043120
:10F26000136801331360264AD2F80433D90326D534
:10F27000254BD3E8EF1F21F00100C3E8E40F002C79
:10F28000F7D1CB0702D4D2F84031C3B100251C4CD2
:10F29000C4F84051D4F84031FFF7B0FFEFF31182CA
:10F2A000202383F31288BFF36F8F184BD3E90267D3
:10F2B000B042B94106D282F31188BFF36F8F03B019
:10F2C000BDE8F0834FF0FF38D3E900104FF0FF396D
:10F2D0001D60C3E902894FF48033C4F84833C4F891
:10F2E0004051D4F8403182F31188BFF36F8F002969
:10F2F000E5D0009032463B4628468847DFE700BF0E
:10F3000000500150606A0020586A0020B04B002075
:10F310002DE9F84F04460D46434FD7E8EF8F28F00C
:10F320000103C7E8E23F002AF7D14FF480393F4E8E
:10F33000C6F80893BFF35F8FBFF36F8FFFF75EFFD1
:10F34000A04271EB050308F0010840D2384B201AA7
:10F3500065EB0101984271F1000148D2354BD3E9C8
:10F3600002239D4208BF94423AD04FF0000C24F093
:10F370007F40834603216FF0020EC6F84893C6F81B
:10F3800040C1D6F84031DFF8B0A02BF07F43C6F87B
:10F390004035C6F84493D6F80425AEEB02035B442F
:10F3A00023F07F4353451BD9D6F840315BB1D6F8E3
:10F3B0000425131A23F07F43B3F5000F10D9C6F8C4
:10F3C00040C1D6F8403101EB020B0131DDE71B4BA8
:10F3D000D3E8EF1F41F00101C3E8E21F002AF7D193
:10F3E000144B174AC3E902451A6000225A60B8F16B
:10F3F000000F16D0D7E8EF3F43F00103C7E8E23F24
:10F40000002AF7D14FF48032084BC3F804230B4B8A
:10F41000D3E8AF3FDB0742BF4FF40012094BC3F8FC
:10F420000021BDE8F88F00BF5C6A00200050015049
:10F4300001008000B04B0020FDFF7F00586A0020D3
:10F44000B5F1020000E100E070B54FF0FF3000259B
:10F450004FF0FF31164C174B0226C4F80833C4F89E
:10F460004833154BC4F80855C3E902014FF4803303
:10F470004FF40012C4F80433104B0121C4F80463A4
:10F480001520C3F880212A46ECF7CEFC1520ECF7B6
:10F490009BFC01230A4AA3600021236009481360F2
:10F4A000FFF736FF3046FBF7CDFD284670BD00BFA5
:10F4B0000050015003000F00B04B002000E100E0BD
:10F4C0005C6A0020FFFF7F00431C10B50F4C05D085
:10F4D0008442A8BF0446012CB8BF0124FFF78EFE6A
:10F4E0000B4AD2E90031C01AB0F5000F074A0AD220
:10F4F0002044904228BF1046BDE81040C01841F19A
:10F500000001FFF705BF1046F6E700BFFFFF7F00D1
:10F51000C04B002008B5FFF771FE024B1B68C01AF4
:10F5200008BD00BFC04B0020012310B5074C1520BB
:10F530006360ECF757FC4FF40012054BC4F8083336
:10F54000C4F84833034BC3F8802110BD005001506C
:10F5500003000F0000E100E02DE9F04112F0FC6F24
:10F560001346D0E9014706690ED0424940F2DF3325
:10F57000414A42480FF002FE41480FF0FFFD40F2C1
:10F58000DF313D480FF0F1FD02F03002302A0CD19E
:10F590003C4940F2E233384A38480FF0EFFD3A4830
:10F5A0000FF0ECFD40F2E231EBE7384A384D1A40FB
:10F5B000AA420CD1374940F2E6332F4A2F480FF0C8
:10F5C000DDFD35480FF0DAFD40F2E631D9E703F012
:10F5D0000602042A09D1314940F2E933264A274874
:10F5E0000FF0CCFD40F2E931CBE713F4402216D006
:10F5F0009D030CD42A494FF47B731F4A1F480FF018
:10F60000BDFD28480FF0BAFD4FF47B71B9E7B2F5A4
:10F61000402F18D0244A9A4301D183F44023012576
:10F6200024688D40254223F4801219D11F494FF4DC
:10F630007F73114A11480FF0A1FD1D480FF09EFD88
:10F640004FF47F719DE71B494FF47C730A4A0B48C6
:10F650000FF094FD18480FF091FD4FF47C7190E786
:10F660003468DB074CBF2C43AC4334603B68BDE8D7
:10F67000F0411847BD1D0500DE0E050013AD040066
:10F680001A1E0500770F0500B00F050002000300E9
:10F69000020001007F110500C6110500ED0F0500F5
:10F6A0003E1E0500841E0500010010000F0F05001E
:10F6B0004D0F0500BF1E0500001F050070B58368D3
:10F6C00046689C690569002C66D002F4C003B3F556
:10F6D000C00F0ED1324940F27B33324A32480FF02C
:10F6E0004DFD32480FF04AFD40F27B312D480FF0BE
:10F6F0003CFD63B92E4940F27F332A4A2A480FF075
:10F700003DFD2C480FF03AFD40F27F31EEE702F06C
:10F71000E863B3F1C86F0CD1274940F28233214A24
:10F7200021480FF02BFD25480FF028FD40F28231D3
:10F73000DCE702F0C863B3F5800F0CD1204940F23A
:10F740008933184A18480FF019FD1E480FF016FDAE
:10F7500040F28931CAE7012336688B4033420CD12D
:10F76000194940F293330F4A0F480FF007FD17482D
:10F770000FF004FD40F29331B8E7160204D52D686E
:10F780002B4218BF82F0C062114BA446BDE8704006
:10F79000134002F0B07260476FF0570070BD00BFB9
:10F7A00097120500DE0E050013AD0400D812050007
:10F7B000041305002E1305002C1F0500AD1F0500C6
:10F7C00059130500A31305000F0F05004D0F050089
:10F7D00040000006012310B503FA01F143680469F3
:10F7E0001B6819420ED10E4940F28D630D4A0E4836
:10F7F0000FF0C4FC0D480FF0C1FC40F28D610948C8
:10F800000FF0B3FC2368194203D022B183681B694F
:10F8100003E0002AFAD08368DB68BDE8104018478F
:10F820000F0F0500DE0E050013AD04004D0F05009F
:10F8300008B50349034814F0D6FD6FF0150008BD64
:10F84000012005008880040008B50349034814F02E
:10F85000CAFD002008BD00BF1C20050088800400F0
:10F860002DE9F74300244FF0010827461C4D286876
:10F870002E79436808FA06F61B681E4210D1194912
:10F8800040F23463184A19480FF078FC18480FF01A
:10F8900075FC40F2346114480FF067FC0127E6E77D
:10F8A000D0F81090836801A95B68984700280AD0B7
:10F8B00010DB0123BB401C430835002FEED020464F
:10F8C00003B0BDE8F083D9F80020019B53403342D8
:10F8D000F2D0EEE703B0BDE8F043FFF7B5BF00BFDD
:10F8E000F08F04000F0F0500DE0E050013AD0400BD
:10F8F0004D0F05002DE9F041074688460025104EC2
:10F9000027FA05F212F0010210D128FA05F3DB07FD
:10F910000ED531793068FFF75DFF044640B10949E3
:10F92000094814F060FD2046BDE8F0810122F0E7AF
:10F930000135032D06F10806E2D10024F3E700BFEC
:10F94000D88F04003120050088800400002838B5D5
:10F9500014BF4FF098654FF400150E212A460A484F
:10F96000FFF7ACFE044630B90D212A460648FFF7E2
:10F97000A5FE044628B101212346044A044810F09C
:10F98000C1FC204638BD00BFA87604004720050012
:10F990008880040070B50446EFF31186202383F3BA
:10F9A0001288BFF36F8F234808F01EFE68B98823C2
:10F9B000214A224922480FF0E1FB1E4921480FF05D
:10F9C000DDFB88211C480FF0D0FB1F4D194808F0C3
:10F9D0002FFE2B78BBB91D4B9C4202D01C4B9C4286
:10F9E0000AD10020FFF7B2FF18B11A491A4814F0E3
:10F9F000FAFC0022194B1A70012321222B7018489F
:10FA0000002307F0D1F90B4808F0FCFD68B940F27B
:10FA10003113094A13490A480FF0B0FB054912484F
:10FA20000FF0ACFB40F23111CCE786F31188BFF345
:10FA30006F8F70BD886A0020F1B004001EB1040011
:10FA400013AD040033B10400F97E0020C876040031
:10FA5000A87604006720050088800400F87E002056
:10FA6000D04B002049B1040060B104002DE9F04101
:10FA7000494F3B7853B10020FFF768FF28B1474951
:10FA80004748BDE8F04114F0AEBC3870FFF7E8FE1F
:10FA90000446444BD3E8EF2FC3E8E14F0029F9D1E6
:10FAA000414BDFF808811A7842BBD8F80060A642C3
:10FAB00019D03F4B66401B680BB1314698474FF059
:10FAC000FF334FF0FF323B4805F064FE3A4B1D68B0
:10FAD00035B1043D2B683146204698476D68F7E7FD
:10FAE000344805F027FFC8F8004054B1BDE8F041A4
:10FAF0004FF4A4720023314807F056B900221A705F
:10FB0000F1E7EFF31186202383F31288BFF36F8FA1
:10FB10002B4808F069FD68B988232A4A2A492B48EE
:10FB20000FF02CFB26492A480FF028FB8821254896
:10FB30000FF01BFB224808F07BFD264B1D78012DA2
:10FB400017D01F4808F05EFD68B940F231131D4A16
:10FB500021491E480FF012FB194920480FF00EFBF7
:10FB600040F23111E3E786F31188BFF36F8FBDE8F0
:10FB7000F08128461C70FFF7E9FE044610483D70EE
:10FB800008F040FD0028E0D086F31188BFF36F8FA6
:10FB9000002CECD0124973E7F87E0020832005008A
:10FBA00088800400986A00206A2E0020686A00207D
:10FBB0009C6A00206C6A0020806A0020D04B0020E4
:10FBC000886A0020F1B004001EB1040013AD0400E7
:10FBD00033B10400F97E002049B1040060B1040093
:10FBE0009C20050070B500260C4CE2882068217925
:10FBF00042F40032FFF7B0FC054648B90136032E47
:10FC000004F10804F1D1BDE870400F21FFF772BE86
:10FC10000349044814F0E7FB284670BDD88F040060
:10FC2000B420050088800400054BD3E8AF3F00B145
:10FC30000360044811B102685A400A6003607047CB
:10FC4000986A0020646A0020F8B5324B1860324888
:10FC500016F0BEF9314F0E213846314AFFF77CFCD1
:10FC6000044680B90D2138462D4AFFF775FC04463D
:10FC700048B94FF400120E213846FFF71FFD044625
:10FC800030B1284900E02849284814F0ACFB3FE097
:10FC90004FF400120D213846FFF710FD04460028EE
:10FCA000EFD1234D234BBE686B604FF4C043AB6074
:10FCB000F3691BB96FF057041F49E5E70122294694
:10FCC0003846984704460028F6D1F369002BF1D056
:10FCD000012229463846984704460028ECD11749A6
:10FCE000174806F029FF0122164B15481A70002309
:10FCF000002206F0D1FF21462046FFF795FFFFF7CF
:10FD0000AFFD114BD3E8EF2FC3E8E10F0029F9D184
:10FD10002046F8BD9C6A00206C6A0020A87604008A
:10FD200011000100EB200500CE20050088800400B2
:10FD30008C6A002095F90200062105006DFA020088
:10FD4000D04B0020F97E0020986A002002280A4645
:10FD500010B503D9BDE81040FFF76ABD074B03EBB0
:10FD6000C001097953F83000FFF734FD044618B19B
:10FD70000349044814F037FB204610BDD88F040017
:10FD800031200500888004004FF40071014809F01B
:10FD9000C9BA00BFFA7E00200121024A024814F0CD
:10FDA00054BB00BF2E210500887F0400F8B54368CE
:10FDB000044605691E6800AF304616F0A0F80346F9
:10FDC000B8B920686C468AB031686A46D161194971
:10FDD000194D11621949C2E9055042F8101F18481F
:10FDE0004FF42151E8F736FB6FF01200A546BD46EF
:10FDF000F8BD2C65002405F110063046114906F0C7
:10FE00009BFE95F85E2040F2E7304FF40045214616
:10FE10000D4B53F822C04FF47A720023ECFB05011E
:10FE2000E1F7A2FF02460B46304606F035FF2046BA
:10FE3000DDE700BF000201034E21050004000002BF
:10FE4000887F0400B5FE02003890040070B590F879
:10FE50004E1004460131C9B2032980F84E100DD16D
:10FE600001235434D4E8EF2FC4E8E03F0028F9D14F
:10FE7000BDE870400C4A0D4814F0E7BA0C4B4FF443
:10FE8000004553F8216040F2E73000214FF47A72C8
:10FE90000023E6FB0501E1F767FF02460B4620461B
:10FEA000BDE8704006F0F8BE6D210500887F0400B3
:10FEB0003890040010B50B4B90F84E20044653F8D0
:10FEC0002230006C9847206530B1BDE81040012118
:10FED000054A064814F0B9BA2046BDE81040FFF7BD
:10FEE000B5BF00BF2C90040080210500887F04006E
:10FEF00070B505690C462846164614F0A8FA38B9BC
:10FF000010480321104A14F0A0FA6FF00F0070BDE2
:10FF1000A4F11201032912D8DFE801F00E02080B48
:10FF2000B5F85430002033607060F0E7B5F8563013
:10FF3000F8E7B5F85830F5E7B5F85C30F2E76FF060
:10FF40008500E4E7887F04009D2105007FB54029F6
:10FF50000669456809D00121384A394814F075FA14
:10FF60006FF08504204604B070BD304614F06FFA7F
:10FF700038B90321334A324814F067FA6FF00F049E
:10FF8000F0E7422128460DF10D0214F0D1FA041ECB
:10FF900005DA2D4A01212A4814F057FAE2E79DF9C3
:10FFA0000D30002B07DB0121284A254814F04DFABB
:10FFB0006FF00404D6E750238DF80F300A23286829
:10FFC000A9880DF10F02009306F1540314F04DFAC5
:10FFD000041E01DA1E4ADDE7602128460DF10E02FB
:10FFE00014F0A6FA041E01DA1A4AD3E7A868297B9E
:10FFF000D0E901239C69E4B1012312688B401342CC
:020000040003F7
:100000000ED1154940F29333144A15480FF0B6F853
:1000100014480FF0B3F840F2933110480FF0A5F8F0
:100020004FF000734FF48002A047041E04DA0E4A1A
:10003000B0E76FF05704FAE7002493E7BB2105000F
:10004000887F04009D210500D6210500FE210500C2
:1000500016220500342205000F0F0500DE0E0500F4
:1000600013AD04004D0F0500582205007FB5002593
:10007000036946685D659D65A3F85C50802331790E
:1000800000934022306814F00CFA041E07DA0121B4
:100090001B4A1C4814F0D9F9204604B070BD9221C7
:1000A00030460DF10E0214F043FA041E06DA234620
:1000B000154A0121134810F025F9EDE79DF80E309F
:1000C000E02B07D0114A01210E4810F01BF96FF008
:1000D0000404E1E7402130460DF10F0214F028FA44
:1000E000041E02DA0A4A2346E3E79DF80F3003F0C4
:1000F0003F020D2A01D0074AE5E72C46CCE700BFB6
:1001000076220500887F040095220500BD220500A7
:10011000DD220500FD22050042F6412230B585B002
:10012000ADF8002002224368054618689B88CDF888
:1001300004D002928DF80C209DF80C20816842F0CA
:1001400002028DF80C208C68012201A9A047041E30
:1001500007DA01210A4A0B4814F077F9204605B066
:1001600030BD284600F052F9041E06DA012123466C
:10017000054A044810F0C6F8F0E70024EEE700BF97
:1001800015230500887F04004C230500034670B545
:100190000A4600681979836846689C690569002CDD
:1001A00054D002F4C003B3F5C00F0ED1294940F278
:1001B0007B33294A29480EF0E1FF29480EF0DEFF83
:1001C00040F27B3124480EF0D0FF63B9254940F25C
:1001D0007F33214A21480EF0D1FF23480EF0CEFF95
:1001E00040F27F31EEE702F0C863B3F5800F0CD127
:1001F0001E4940F28933184A18480EF0BFFF1C48C8
:100200000EF0BCFF40F28931DCE7012336688B40F9
:1002100033420CD1174940F293330F4A0F480EF086
:10022000ADFF15480EF0AAFF40F29331CAE716025F
:1002300004D52D682B4218BF82F0C0620F4BA44634
:10024000BDE87040134002F0B07260476FF0570095
:1002500070BD00BF97120500DE0E050013AD04004F
:10026000D8120500041305002E13050059130500CC
:10027000A31305000F0F05004D0F050040000006F9
:10028000F8B5476800690C4615461E4614F075F926
:1002900040B903211C4A1D4810F02BF86FF00F04E1
:1002A0002046F8BD402C2CD1022D16D162213846B3
:1002B000327814F0BCF9041E06DA2346144A0121F0
:1002C000124810F01FF8EBE763213846727814F0FB
:1002D000AEF9041EF1DB0024E2E7012D11D1642107
:1002E0003846327814F0A3F9041E02DA094A23468C
:1002F000E5E765213846727814F099F9041EEADAC8
:10030000F4E76FF08504CBE79D210500907F0400A2
:100310008A230500AC2305002DE9F0470769D0F8D2
:1003200004A038460E46904614F027F948B9032138
:100330002F4A30480FF0DDFF6FF00F042046BDE874
:10034000F0870AF108094FF400114846FFF71EFF35
:10035000041EF3DB3588012D1FD0042D28D1032383
:1003600061211A46504614F016F9041E06DA234697
:10037000214A01211F480FF0C5FFDFE77388132BC7
:1003800018D0142B17D0152B24D01C4A0121194842
:100390000FF0AFFF6FF08504D0E700230322612147
:1003A000504614F0F8F8041E04DA154A2346E0E734
:1003B000144AEBE700250D226021504645F0010369
:1003C00014F0E9F8041E07DA01210F4A09480FF07A
:1003D00090FFB3E70825EEE7C7F8688030684FF074
:1003E0001071F8664846BDE8F047FFF7CFBE00BF82
:1003F0009D210500907F0400CE230500F623050013
:10040000132405004D110500382405002DE9F041A5
:100410004568066900AFA86815F071FD0346C8B9C4
:10042000AA686C4688B011686A465748C2E9050157
:100430004FF400719183554942F8101F4FF4E25177
:100440005348E8F707F8A5466FF012042046BD466A
:10045000BDE8F08106F140004E4906F031F8B5F8EC
:100460000EC0A868297B4CF480320CF03004302C8C
:10047000D0F810E0D0E901380ED1474940F2E2331C
:10048000464A47480EF07AFE46480EF077FE40F2A4
:10049000E23142480EF069FE0CF0020464B14249B8
:1004A00040F2E6333D4A3E480EF068FE3F480EF00B
:1004B00065FE40F2E631ECE70CF00604042C09D1AD
:1004C0003B4940F2E933354A35480EF057FE40F2D9
:1004D000E931DEE701241B688C401C420CD1354910
:1004E0004FF47F732D4A2E480EF048FE32480EF02E
:1004F00045FE4FF47F71CCE7DEF800301CF0010FB1
:1005000014BF2343A343CEF80030D8F800309847F7
:10051000041E06DA2346294A01211D480FF0F2FE87
:1005200094E74FF001082B7B08FA03F366B92449DE
:1005300040F2D763194A1A480EF020FE21480EF007
:100540001DFE40F2D761A4E71F4AC6E90123A8684F
:100550008368DB693BB1424631469847041E05DAA1
:100560001A4A2346D8E76FF05704F9E74FF098612D
:1005700005F10800FFF70AFE041EBFF667AF144A34
:1005800023464146C9E700BF592405000300000186
:10059000907F04004F450400770F0500DE0E050034
:1005A00013AD0400B00F05007F110500C611050052
:1005B000ED0F05000F0F05004D0F05007524050018
:1005C000639F04009C2405005D450400C2240500CF
:1005D000E2240500F0B585B06E4681680546103905
:1005E00021F007040FF0A7FF32460A4B03F1100C6D
:1005F000374618685968083303C763453E46F7D144
:100600001023214628460FF053FF003818BF012061
:1006100005B0F0BDC694040030B50D46816887B0C2
:10062000102302AA103904460FF02DFF002802DA29
:10063000012007B030BD1022204602A914F026F890
:1006400000283AD110221E4902A816F02FFE0028D9
:100650000CBF012302232B70204614F003F8012362
:1006600001460DF1070220460FF00DFF0028DFDBE9
:100670009DF80730204603F00F021B096A702B71AA
:1006800001220DF1070114F001F810B96B78042B69
:1006900003D901236B7000232B71A2682046183AFE
:1006A00022F00702083AA91C14F003F80028BFD171
:1006B0002046E91C14F055F8BBE70323CBE700BF45
:1006C000C69404002DE9F04184B000AF39460546D8
:1006D0000FF0BFFE0128044606D13D4B394653F8C2
:1006E000350014F044F8044624B1FF201037BD460D
:1006F000BDE8F081364B07F1080103EBC5035868EC
:1007000014F035F8012845D103212B46314A3248EF
:100710000FF0F8FD314B3C73BB6000263A7897F838
:1007200008802F4C1146207813F0A2FF002837D004
:100730004146607813F09CFF002831D0A378042B49
:1007400002D0F97899422BD1E378042B02D0F97AC0
:10075000994225D12379042B1FD16279022A2CD109
:10076000204B6E468AB06A46D36140F201331E497F
:1007700013841E4BC2E9051542F8103F00231648AA
:100780004FF41351E7F766FE6079B546831E022BDE
:10079000ACD9AAE70028C0D0A7E7B9789942DCD045
:1007A0000136032E04F10604BCD10B482B4631461A
:1007B0000F4A0FF0A7FD012098E7032A05D00D4B43
:1007C0000D49042A08BF0B46CBE70C4BC9E700BF15
:1007D0004490040036250500F08004000301030363
:1007E000BC250500182505007C2505000400000136
:1007F0009B2505001D2505002F2505001325050057
:100800004FF47F03D3F83021D3F83431072A05D1D0
:10081000023B032B02D8024AD05C7047002070478D
:10082000E325050008B5FFF7EBFF58B1644BD3F89B
:10083000202A3AB90D21C3F8201A0121C3F81C1946
:10084000C3F81C290022D30003F57F03D3F800135B
:10085000013107D0D3F800130132D3F80433202A32
:100860000B60F0D1FFF7CCFF002840F0A080FFF72D
:10087000C7FF40B1534B544AC3F830254FF05023C3
:100880000122C3F858254FF47F03D3F83021D3F861
:100890003431072A09D1023B032B06D84B4AD35CDB
:1008A0001BB100224A4BC3F84C25FFF7A9FF50B1FA
:1008B0004FF05023D3F80024D10742BF0022C3F8E1
:1008C0001421C3F818214FF47F03D3F83021D3F853
:1008D0003431072A09D14FF05023D3F80024D2072E
:1008E00044BF6FF00102C3F80024FFF789FF18B17D
:1008F0006522334BC3F80C274FF47F03D3F8302124
:10090000D3F83431072A16D1314BD3F82034002BD9
:1009100011DA4FF050230322C3F8182501229A6000
:10092000D3F80421002AFBD00022C3F804210122BD
:10093000DA60C3F818254FF47F03D3F83021D3F8D9
:100940003431072A23D1023B032B02D8214AD35C3E
:10095000EBB17E221A4B1B49C3F80C27C3F83C2984
:100960007F231D4AC2F818310023C1F8043EC1F8A4
:10097000083E01F54821C1F81031C2F82431C2F80F
:100980002C3102F5FF1202F58052C2F8A032134A50
:10099000D2F88C3043F44063C2F88C30104A114BCB
:1009A0001168C3F84415D269C3F84C2508BD292243
:1009B000034BC3F80C270322C3F83C2757E700BFBB
:1009C00000400050009003504400EFBEDF250500BA
:1009D00000200350DB2505000020005000ED00E062
:1009E0000080FF000060005030B50468ACB1B4FA7C
:1009F00084F30122C3F11F03DBB29A4024EA02020E
:100A0000D0E8EF5FA54204D1C0E8EC2FBCF1000FA5
:100A1000F6D1EAD102480B7030BD0248FCE700BFB6
:100A20000000AD0B0200AD0B10B50368CB40DB0737
:100A300010D401238B40026843EA0201D0E8EF4F53
:100A4000944204D1C0E8EC1FBCF1000FF6D1F2D102
:100A5000014810BD0148FCE70000AD0B0400AD0BE0
:100A6000014BC3F8040570470070015008B549B93F
:100A7000074908484823084A0EF080FB48210648E9
:100A80000EF073FB40F00040C1F8800008BD00BFCD
:100A90008426050013AD04004726050008B549B9B2
:100AA000074908484E23084A0EF068FB4E210648C5
:100AB0000EF05BFB40F00040C1F8800008BD00BFB5
:100AC0008826050013AD04004726050001460148AD
:100AD00000F0C8B9882D00200328F7B5064635D8A0
:100AE0004FF050213D4B3E4A33F81000925DC1F863
:100AF00008030A44002501213A4B116033F81630EF
:100B00008E4203F150231D601B688DF8071001D140
:100B10000DF1070542F210744FF05027022E4BD012
:100B2000032E1FD0012E30D0D7F8183403F48033B1
:100B3000002D4AD0D7F8182402F003022A701BB106
:100B40009DF8070001282BD003B0F0BD26492748A7
:100B50004FF48673264A0EF011FB4FF48671244839
:100B60000EF003FBD7F85434DB03EDD5002DE7D1AD
:100B7000012013F072FE013CF4D1E5E7002BE3D035
:100B8000012013F06AFE013CDED0D7F80C3403F4E8
:100B90008033002DF2D0D7F80C2402F00102CDE70B
:100BA00013F05BFE013CB9D1CEE7002BCCD0012085
:100BB00013F053FE013CC7D0D7F85C3403F4803304
:100BC000002DF2D0D7F85C24E7E7002BBCD0012041
:100BD00013F043FE013CA3D1B6E700BFDE9404004E
:100BE000E7260500D6940400821E050013AD04001C
:100BF0008C260500044B1A7922B9012218601A715B
:100C00000248704702487047A06A00200000AD0B00
:100C10000C00AD0B08B5124B1A795AB9114912489C
:100C20004FF4B673114A0EF0A9FA4FF4B6710F489B
:100C30000EF09BFA1B6833B10520EBF7E7F810B90B
:100C40000520EBF7C1F84FF050220123C2F8183508
:100C5000C2F81435C2F88035054A137008BD00BFCC
:100C6000A06A0020C926050013AD04008C260500EB
:100C7000FA80002038B53E4C23795BB93D4940F2FB
:100C8000C1133D4A3D480EF079FA40F2C1113A488D
:100C90000EF06BFA03284FD8DFE800F018585D0219
:100CA00018224FF490734FF48071002003F1502309
:100CB00018601D68012502F1502215602268002A83
:100CC0004FD04FF05023C3F804132AE04FF05023C5
:100CD000D3F81814D3F81824C90312D502F003036B
:100CE000022B05D0012B02D00020FFF7F5FE0123D7
:100CF0004FF050220221C2F8183508224FF48273B7
:100D0000D3E7D3F81424D207F1D5D3F81C2402F08A
:100D10000302013A012AE7D822681AB10222C3F875
:100D2000042338BDD3F80421002AFBD00022C3F8E5
:100D30000421D3F80431F4E7114940F21D230E4A8F
:100D40000E480EF01BFA40F21D21A0E700224FF4DE
:100D500080730121A9E720224FF492734FF40071B0
:100D6000A3E71A68002AFCD018601B68D9E700BF07
:100D7000A06A0020C92605008C26050013AD0400DA
:100D8000821E050008B5094B1B795BB90849094863
:100D900040F23723084A0EF0F1F940F237210648B5
:100DA0000EF0E3F9BDE80840FFF796BEA06A002008
:100DB000C926050013AD04008C260500F8B54FF0D8
:100DC000502301250026D3F80443224F04B9F8BD6F
:100DD000B4FA84F0C0F11F00820002F5807292B272
:100DE00002F1502205FA00F311689BB224EA0304D1
:100DF0000029EBD0166012684FF05022022BC2F887
:100E0000083314D00DD8012B1FD0134913484FF4C9
:100E10006F73134A0EF0B2F94FF46F7110480EF071
:100E2000A4F9B3F5807F10D0B3F5007FECE7D2F8DA
:100E30001814D2F8181401F00301012905D1C2F8E1
:100E40001835C2F804339160C0E73B68C0B29847D8
:100E5000BCE700BFA06A0020821E050013AD04009D
:100E60008C2605000079024B03EB0010FFF7BCBD98
:100E7000902D0020034A4309D35C00F01F00184462
:100E8000C0B270471428050008B502680146104634
:100E900013F0E5FC58B9104940F2CA330F4A104824
:100EA0000EF06CF940F2CA310C480EF05EF902F017
:100EB0001F0352090B600BD0012A0BD0094940F2E5
:100EC000D333064A06480EF059F940F2D331EBE726
:100ED000054808BD0548FCE759CA040026CA0400B5
:100EE00013AD0400821E05000025845000288450A4
:100EF000072808B50BD90849084840F2D133084AF9
:100F00000EF03CF940F2D13105480EF02EF9800088
:100F100000F5807008BD00BF2027050013AD040058
:100F2000EB26050070B50546FFF7A4FF0C4C083012
:100F300034F810300E46DA0508D5C3F3432304EB2A
:100F4000C302284654F8333052689847A3682BB13F
:100F500031462846E268BDE87040184770BD00BFC2
:100F6000A86A002008B5FFF785FF034B083033F867
:100F70001000400B08BD00BFA86A002008B5FFF7AD
:100F800079FF034B083033F81000C0F3400008BD70
:100F9000A86A002008B5FFF76DFF044B083033F84E
:100FA000100010F01C0018BF012008BDA86A002026
:100FB00008B5FFF75FFF034B083033F81000C0F3AC
:100FC000401008BDA86A0020034611F0010010B5CA
:100FD000CCB20BD1A207C4F340000DD5074A106A6A
:100FE00058601062003818BF012005E004490A6A01
:100FF0001A600A62002AEDD010BD00BF002884509C
:101000000025845010B5FFF735FF184A083032F834
:101010001030D9051DD5C3F3432123F4F85322F82A
:101020001030002002F10E0434F8023F13F4807FE8
:1010300003D0C3F3432399420BD001303028F3D1BE
:1010400000230B4842F83130FFF7EEFC094B984281
:1010500000D110BD0849094840F2EB13084A0EF0D0
:101060008DF840F2EB1106480EF07FF8A86A0020D8
:10107000206B00200000AD0B750C050013AD0400C3
:101080002A27050008B5014613F0E9FB58B91B49AA
:1010900040F21E231A4A1B480EF070F840F21E213F
:1010A00017480EF062F80846FFF768FF48B1164986
:1010B00040F21F23124A13480EF060F840F21F213D
:1010C000EEE70846FFF766FF48B910494FF408738A
:1010D0000B4A0C480EF052F84FF40871E0E708464E
:1010E000FFF766FF30B10846FFF73CFFBDE8084058
:1010F000FFF7FEBE4FF4BE7008BD00BF68270500B5
:101100002A27050013AD040089270500A72705003D
:101110002DE9F8430024074625464FF00108A14673
:10112000CEB2B4420DD1124BD3F87C2132B10022A1
:10113000C3F87C21D3F87C3145F000452846BDE852
:10114000F8832046FFF7D4FEA0F58072920808FAD3
:1011500002F2174209D000F1A04303F55043196889
:1011600019B1C3F800901B6815430134E4B2D8E705
:1011700000D00050F7B506460846FFF77BFE1A4F31
:1011800000F1080537F815300C46DB072AD5304644
:1011900013F0DEFB2046FFF70BFF58B12046FFF7A8
:1011A000E1FE0022316800B201EB8003C3F8102594
:1011B000C3F810252046FFF725FF002301A827F8D4
:1011C00015300194FFF760FE019B00EB8300D0F81F
:1011D0000022064B134043F00203C0F800320448DB
:1011E00003B0F0BD0348FBE7A86A0020F0F0FCFF65
:1011F0000000AD0B0400AD0B2DE9F0431646804610
:1012000085B00846FFF736FE37680D460446E7B15D
:10121000084613F092FB08BB3B46CDE900008DF871
:101220000E008DF80F000DF10F020DF10E01284692
:1012300013F027FB494A04F1080132F8113023F07A
:10124000020343F0010322F8113073687BB3284690
:101250001F785968FFF792FE10B1E9B1404829E0C4
:101260003E4A04F1080032F8103023F02003DB047A
:10127000DB0C22F8103079B1032FEFD87168D1F868
:1012800004E0D8F800109EF800C001EB8C01A7B96B
:10129000C1F81075C1F81075304A04F1080132F830
:1012A000113023F01C0343EA870322F81130B3689E
:1012B0005BBB2C4805B0BDE8F083D1F810E543EAEC
:1012C0004C332EF0030EC1F810E5D8F8001043F0AF
:1012D000200301EB8C0EDEF8101522F8103021F4FB
:1012E0004F3121F44071CEF810152902DEF8108537
:1012F00001F47C5141EA074141EA0801CEF810159A
:1013000002EB4C01A1F87C50C6E72846D3E9006700
:10131000FFF778FE002ECCD0104DD5E90023964281
:1013200003D19F4201D1002209E00F480DF10F01C6
:10133000FFF75AFB0B4B9842BCD19DF80F2005EBF1
:10134000C20308345F6035F8143045F8326043EA70
:10135000422343F4807325F81430AAE7A86A0020DA
:101360000400AD0B0000AD0B206B00202DE9FF4108
:101370000C468046204611461D46FFF77BFD06467B
:1013800021B32046FFF7FAFD18B92046FFF710FEFB
:1013900010BB2046FFF7FEFD10B14B78012B1BD090
:1013A00001238DF80F3000234A1CCDE9001320469D
:1013B0008B1C0DF10F0113F064FA294A06F10801A4
:1013C00032F8113043F0030322F81130002D44D0DD
:1013D0002046FFF7D3FD18B9224804B0BDE8F081DC
:1013E000002295F800C0D8F800301D4F03EB8C03A5
:1013F000C3F81025C3F8102506F1080237F81210BB
:101400004FEA8C0E21F02001C904C90C27F81210F4
:101410006E7816B3D8F80000AD787044D0F8103567
:10142000360423F4991323F4F853C0F8103523023B
:1014300003F47C5306F440362D05D0F810E5334311
:1014400005F480152B4341EA4C3143EA0E0341F089
:101450002001C0F8103527F812100348BDE700BF7F
:10146000A86A00200400AD0B0000AD0B014BC3E9DE
:1014700002127047A86A002010B514465AB90E49E6
:101480000E4840F24D330E4A0DF078FE40F24D31D9
:101490000B480DF06AFE0846FFF78AFD50B108467A
:1014A000FFF7E8FC074B083033F8103006485B0BB9
:1014B000237010BD0548FCE7C827050013AD0400E4
:1014C0002A270500A86A00200000AD0B0400AD0B20
:1014D000F8B51E4B026805469A420BD01C491D48C0
:1014E0004FF458731C4A0DF049FE4FF458711A48D6
:1014F0000DF03BFE194E96F88C402CBB274660221F
:10150000214606F1100015F0C9FE2D68E0B2FFF784
:10151000EFFCA0F580739B081F2B08BF2F5004F130
:10152000010408BF2B58082CF0D1002345F30730E5
:10153000C5F87C31D5F87C31EAF746FC0123084830
:1015400086F88C30B367F8BD0648FCE700D0005041
:10155000D227050013AD04002A270500A86A002041
:101560000000AD0B0C00AD0B034B93F88C00003862
:1015700018BF0120704700BFA86A00200079024B05
:1015800003EB8000FFF750BAA02D00200079024B3A
:1015900003EB8000FFF728BAA02D00202DE9F341CE
:1015A000054608460C461646FFF7F4FC58B9334981
:1015B00040F25343324A33480DF0E0FD40F25341CC
:1015C0002F480DF0D2FD0846FFF7F2FC2F6800B35C
:1015D0000846FFF7D3FC8046D8B90846FFF7C2FC9F
:1015E0000446FFF785FC47F800803B582B6822B281
:1015F00003EB8203D3F8102542F00102C3F8102553
:1016000026B101232A68A340C2F8043302B0BDE822
:10161000F081D7F80433002BA4BF4FF00043C7F884
:1016200004334EB9184940F26D43154A15480DF080
:10163000A5FD40F26D41C3E72046FFF71BFC134BAD
:10164000083033F81030C3F38203042B11D0052B7C
:1016500011D001A80194FFF717FC019B0169D94043
:1016600001F001010231204602B0BDE8F04113F063
:1016700055B90321F7E70221F5E700BFA7270500C9
:101680002A27050013AD040009280500A86A0020D8
:101690002DE9F04F634B0821D3F8040387B0C0B2A3
:1016A00040F00040FFF734FD051E2BDA0023032134
:1016B00004A8CDE90433FFF787FC4FF000094FF091
:1016C000010BDFF864A10DF110081AF8013B57492E
:1016D000DA088A5C03F0070322FA03F3DA071CD462
:1016E00008F10408B9F1000F14D000214FF00040B8
:1016F000FFF70EFD032104A8FFF766FC0028DCD1EC
:1017000025F000450124474E494F002D75D107B003
:10171000BDE8F08F4FF00109D7E7464B4B440093EB
:10172000D8F800100029DBD091FAA1F1B1FA81F1CB
:10173000009B1C7841EA44142046FFF79BFB3C4B7E
:10174000083033F81070C80818F8002001F00701BD
:101750000BFA01F122EA0102BB0808F8002003A8F5
:1017600001930394FFF790FB039A019B803250F89A
:101770002220C7F382065B073746C2F3014221D518
:1017800039462046D6B2FFF7CDFB03A80394FFF7F6
:101790007BFB039B803350F82330C3F301439E420D
:1017A00007D10021204613F0B9F83146204613F046
:1017B000B5F803A80394FFF767FB039B0BFA03F349
:1017C0000362ADE7022A0CD10321204613F0A6F8EC
:1017D00006F00503012BECD139462046FFF7A2FBAA
:1017E000E7E702212046019213F098F8032EF3D088
:1017F000019A032ADDD1022EEDE795FAA5F3B3FA9B
:1018000083F304FA03F225EA020503F5A27256F8FF
:10181000221007EB4303B3F87C00C1F30141FFF74B
:1018200081FB72E700D00050242805005890040086
:10183000A86A00202428050070B516460D4649B94F
:101840000B490C4837230C4A0DF098FC37210A4805
:101850000DF08BFC094C237943B92A20EAF7B4FA3E
:101860000123074823712560A66070BD0548FCE789
:10187000441B050013AD040026280500386B00202A
:101880000000AD0B0C00AD0B38B548B919494A231F
:10189000194A1A480DF072FC4A2117480DF065FCF0
:1018A000174B1B79012B07D016494B23124A1348BB
:1018B0000DF064FC4B21F0E70023134A50F823405D
:1018C00003F5A2710133102B42F82140F6D1002319
:1018D0000D4A00F13C0103F5B27451F8045F013385
:1018E000102B42F82450F6D1D0F88030C2F80433DF
:1018F00038BD00BF612805002628050013AD04008F
:10190000386B00206A28050000A0025008B5094B7A
:101910001B79012B09D0084908487A23084A0DF0A1
:101920002DFC7A2106480DF020FC064A8340C2F8BF
:10193000043308BD386B00206A28050013AD04008D
:101940002628050000A0025008B5094B1B79012B81
:1019500009D0084908488223084A0DF00FFC82216B
:1019600006480DF002FC064A8340C2F8083308BD61
:10197000386B00206A28050013AD040026280500F6
:1019800000A00250F8B501260027124B124DD3F8E3
:101990000C4304B9F8BD94FAA4F0B0FA80F006FA4A
:1019A00000F30F2824EA03040BDD0C490C4840F235
:1019B00017230C4A0DF0E2FB40F2172109480DF005
:1019C000D4FB094B82009F502B68002BE1D0A96803
:1019D0009847DEE700A00250386B0020C5280500BC
:1019E00013AD04009328050000A102500022034B10
:1019F000C3F88425C3F80425704700BF0090035046
:101A0000044AD2F80034DB07FBD50160BFF35F8FD7
:101A1000704700BF00900350B0F5801F08B513D287
:101A2000C0F30B03E3B902220E4BC3F88425C3F8BD
:101A300004254FF0FF320260D3F80024D207FBD513
:101A4000FFF7D4FF084808BD0849094840F20713CA
:101A5000084A0DF093FB40F2071106480DF085FB94
:101A60000548F0E7009003500000AD0B2C2905005D
:101A700013AD0400D02805000A00AD0BB0F5801F9F
:101A800008B512D300F17F4303F50043B3F5805F3F
:101A90000BD3124940F29513114A12480DF06EFB18
:101AA00040F295110E480DF060FB830709D00E49F6
:101AB0004FF4CB730A4A0B480DF060FB4FF4CB7127
:101AC000F0E70122094BC3F88425C3F80425FFF78A
:101AD00097FFBDE80840FFF789BF00BF4629050012
:101AE000D028050013AD04006029050000900350C4
:101AF00010B548B91C491D4875231D4A0DF03EFB21
:101B000075211B480DF031FB1A4C23784BBB037831
:101B1000194AC3F34003C2F8003B037803F0010302
:101B2000C2F804370378DB0710D54FF47F03D3F8EE
:101B30003011D3F83431072908D1023B032B05D8E3
:101B40000E49CB5C13B10123C2F828370520EAF710
:101B50005DF910B90520EAF737F901230848237029
:101B600010BD0848FCE700BF6128050013AD040064
:101B700089290500FB80002000400050092A05004B
:101B80000000AD0B0C00AD0B4FF0502310B5D3F897
:101B90000443610717D5D3F80821A2B10022C3F886
:101BA0000821D3F80831244B1B685BB923494FF453
:101BB000BA73234A23480DF0E1FA4FF4BA71204872
:101BC0000DF0D3FA9847A20617D54FF05023D3F85B
:101BD000142192B10020C3F81401D3F814311A4B28
:101BE0001B684BB9194940F27D13154A15480DF091
:101BF000C5FA40F27D11E2E7984763061AD54FF027
:101C00005023D3F81821AAB10022C3F81821D3F821
:101C100018310D4B1B684BB90C494FF4C273084A7D
:101C200008480DF0ABFA4FF4C271C8E70120BDE8D7
:101C30001040184710BD00BF486B0020C6290500A2
:101C40008929050013AD0400446B0020E729050035
:101C500000220121054B83F83820054BC3F80813F7
:101C60001961C3F80025C3F8002170474C6B0020B0
:101C700000B0025070B5104D6C6B9CB14FF47A738C
:101C80005C430A23B4FBF3F40C4ED6F8003163B97D
:101C900095F839304BB90A2012F0DFFD013CF4D140
:101CA000074870BD4CF25034EEE795F83930002B00
:101CB000F6D10448F5E700BF4C6B002000B002509D
:101CC0000700AD0B0000AD0B10B500220124084B3E
:101CD000C3F80045C3F800211C6038B1FFF7CAFF04
:101CE000044B984203D1044B83F83840014810BD9F
:101CF00000B002500000AD0B4C6B00202DE9F0410C
:101D0000434C804694F8305016461F464DB9414921
:101D10007F23414A41480DF031FA7F213E480DF0C2
:101D200024FA38B93E4980233B4A3C480DF026FA54
:101D30008021F3E712F047FE002862D108F06043EB
:101D4000B3F1005F5FD118F0030F5CD1012D05D016
:101D5000BD425AD194F83830002B56D00023314A76
:101D6000022F0BBFC2F81065C2F80465C2F81485D3
:101D7000C2F808850CBFC2F81815C2F80C1584F813
:101D8000393023680CBF08250425C3B994F83830CE
:101D90006BB10022234B05F1A045C3F800210123BC
:101DA00005F52C352B60BDE8F041FFF763BF01203E
:101DB000FFF78AFF1C4B9842EBD1BDE8F081A36886
:101DC0002BB1C4F80C806161E6611848F5E7154A4B
:101DD000C4F808802161A66184F83070C2F800312F
:101DE0000123C2F8043394F8382002F0FF0012B93E
:101DF000FFF76AFFE9E705F1A04505F52C352B60F3
:101E0000E3E70B48D9E70B48D7E70B48D5E700BF16
:101E10004C6B0020492A05000D2A050013AD040073
:101E2000752A050000B002500700AD0B0000AD0B95
:101E30000800AD0B0A00AD0B0B00AD0B084B9A6808
:101E40005A621A699A629A69DA62DA689A6032B1F9
:101E50005A691A61DA699A610022DA60704770473C
:101E60004C6B002008B543090DD0012B1ED014493E
:101E7000144840F2CA33144A0DF080F940F2CA31D6
:101E800011480DF072F94FF0FF33C340DA07EED579
:101E90000E4A02EB8002D2F800020D4B034043EAE7
:101EA000012343F00203C2F8003208BD4FF6FF736E
:101EB00000F01F00C340DB07D9D5064AE9E700BFA1
:101EC00059CA040013AD040026CA0400002584503A
:101ED000F0F0FCFF0028845010B50E4B0238D3F808
:101EE0003C26D3F83836072813D8DFE800F0110F66
:101EF0000D0B0A080604100EC871100C8871100A28
:101F000048710A711A0ECA701A0C8A701A0A4A703D
:101F10000B7010BD00B00250023807281FD8DFE850
:101F200000F02927251123211F04CB791B068A796C
:101F300043EA02434A7943EA02230A7913430E4AE9
:101F4000C2F83C36CB781B068A7843EA02434A78CB
:101F500043EA02230A781343074AC2F83836704727
:101F60000023E4E70023E5E70023E6E70023EBE7AF
:101F70000023ECE70023EDE700B002500268154BA8
:101F8000FF2A08BF4FF0FF32C3F824254268FF2A1A
:101F900008BF4FF0FF32C3F828258268FF2A08BF28
:101FA0004FF0FF32C3F83025C268FF2A08BF4FF058
:101FB000FF32C3F834250269FF2A08BF4FF0FF3211
:101FC000C3F838254269FF2A08BF4FF0FF32C3F833
:101FD0003C25704700B0025030B5194D8DB006ACAD
:101FE0000FCD0FC495E8030084E80300154906A847
:101FF000D1F82435DBB20093D1F82835DBB2019358
:10200000D1F83035DBB20293D1F83435DBB203932B
:10201000D1F83835DBB20493D1F83C35DBB2059307
:10202000FFF7ACFF0023C1F8003101230B60D1F8AA
:102030000031002BFBD06846FFF7A0FF0DB030BD8C
:10204000F482040000B0025070B590F829300446C4
:102050001BB190F82A20002A41D16068FF2800F0C7
:102060008A80A168FF2900F08680E268FF2A00F0DC
:10207000828025690E2D7ED111287CD112297AD13A
:102080000D2A78D16269FF2A01D00F2A73D1A26983
:10209000FF2A01D0102A6ED1DBB903211120FFF7EE
:1020A000E1FE0321A068FFF7DDFE0321E068FFF7F2
:1020B000D9FE20690321FFF7D5FE6069FF2802D011
:1020C0000321FFF7CFFEA069FF2802D00321FFF70D
:1020D000C9FE94F82A3013B9201DFFF74FFF636A39
:1020E000264E274D736394F8293086F83A30012341
:1020F000C5F80833FFF770FF2368C5F84035A37FA4
:10210000617F227F9B0143EAC1031343E27F43EADD
:10211000C213C5F8443594F82320D5F844352ABBBA
:1021200043F44033C5F844354FF4C063C5F8403636
:10213000D5F8002694F8203022F07F4222F0FF02EA
:10214000134394F8212043EA026394F8222043EADF
:10215000426394F8232043EA0273C5F800363368DB
:1021600013B12B20E9F730FE064870BD23F400338D
:1021700043F48033D6E70448F7E700BF4C6B0020F8
:1021800000B002500000AD0B0400AD0B38B558B9DB
:10219000104911484FF4DB73104A0CF0EFFF4FF475
:1021A000DB710E480CF0E1FF0D4C94F8305075B91E
:1021B000C4E90012FFF748FF0A4B984206D10123F9
:1021C000C4E9025584F8303084F8385038BD0648E8
:1021D000FCE700BF6128050013AD04000D2A0500CF
:1021E0004C6B00200000AD0B0C00AD0B2DE9F8434B
:1021F000DFF8D090884699F830100746144659B950
:1022000031494FF40173314A31480CF0B7FF4FF4B4
:1022100001712E480CF0A9FF12F0D5FB00284CD11B
:1022200001294CD199F838302A4E83B301232A4D25
:10223000C5F80833FFF7D0FEB8F1000F2FD14FF0EB
:10224000000889F83980C5F80081BB787A781B03CB
:1022500043EA02233A781343FA7843EA42333A795D
:1022600043EA82337A7943EAC233C5F83436FFF75A
:1022700001FDB04218D13B7973B9184940F23623B9
:10228000124A13480CF07AFF40F23621C1E70846A3
:10229000FFF71AFDB042C9D10E48BDE8F8834146A8
:1022A0007878FFF739FECAE7C5F800811CB12146EE
:1022B0007878FFF711FE0A48EFE70A48EDE70A4889
:1022C000EBE700BF4C6B0020492A05000D2A0500F2
:1022D00013AD04000700AD0B00B002508D2A0500BD
:1022E0000000AD0B0800AD0B0B00AD0B08B50C4B9F
:1022F00093F830205AB90B490B484FF43F730B4AFF
:102300000CF03CFF4FF43F7108480CF02EFF93F89F
:1023100038301BB9BDE80840FFF7D6BC044808BDFB
:102320004C6B0020492A050013AD04000D2A05005E
:102330000C00AD0B08B50C4B93F830305BB90B4972
:102340000B484FF442730B4A0CF018FF4FF44271E4
:1023500008480CF00AFF012B03D1FFF779FC06486F
:1023600008BD0648FCE700BF4C6B0020492A050069
:1023700013AD04000D2A05000000AD0B0B00AD0BE2
:10238000034B93F83000003818BF0120704700BF9E
:102390004C6B002070B5294C064694F830505DB95E
:1023A0002749284840F23133274A0CF0E7FE40F233
:1023B000313125480CF0D9FE12F005FBB8BB11F005
:1023C000030236D12368B3B1012D34D11F4BC3F8BA
:1023D0001C150421C3F8206584F8392084F83010D6
:1023E000C3F80021C3F8045394F83820EAB9FFF782
:1023F0006BFC174818E0154DC5F81C15C5F820658D
:1024000084F8393094F8383043B10023C5F80031EE
:102410000123EB60BDE87040FFF72CBC0120FFF703
:1024200053FC0C4B9842F0D170BDDD60E1E70A48E7
:10243000FAE70A48F8E70A48F6E700BF4C6B0020C5
:10244000492A050013AD04000D2A050000B0025012
:102450000000AD0B0700AD0B0800AD0B0A00AD0B83
:102460000B00AD0B08B50B4B93F830305BB90A4944
:102470000A484FF459730A4A0CF080FE4FF4597120
:1024800007480CF072FE0021BDE808400220FFF76B
:1024900081BF00BF4C6B0020492A050013AD04002A
:1024A0000D2A050010B5224BD3F8002192B100226D
:1024B000204CC3F8002194F8381094F8302071B9FA
:1024C0000121032A84F8381005D0042A05D0022AF5
:1024D00000D1996010BD5960FCE7D960FAE7032A82
:1024E00019D0042A19D0022A04D1012384F82030FB
:1024F000FFF7A4FCA36813B9012384F8303094F8E3
:10250000393003F0FF0013B9D4E9003198470023B4
:1025100084F82030DEE70223E8E7032284F8202055
:10252000D3F81C256262D3F8203584F82830E1E71F
:1025300000B002504C6B0020054B93F82E00431E58
:10254000012B03D9043818BF0120704700207047C1
:10255000886B0020002010B5154A1649C2F8000506
:1025600091F82F40D2F8043381F82E400C6823F004
:1025700033030CB143F02303C2F81C01D2F81C4111
:10258000C2F81801D2F81841C2F80801D2F808219F
:1025900091F83320D00791F8342048BF43F08003EE
:1025A000D207034A48BF43F04003C2F8003310BDCE
:1025B00000E00050886B0020002370B501251E4606
:1025C0000B4A92F8301018B90BB182F8301070BD78
:1025D00090FAA0F3B3FA83F305FA03F40C3302EB99
:1025E0004303DE8020EA0400012321EA0401EAE734
:1025F000886B002038B548B914498123144A15481E
:102600000CF0BCFD812112480CF0AFFDFF2807D96A
:10261000114982230E4A0F480CF0B0FD8221F2E7E7
:102620000E4B082493F8305001220023104203D0AF
:10263000154208D00133DBB2013C4FEA4202F5D12A
:1026400007480B7038BD0748FCE700BFDC2A0500CF
:102650009F2A050013AD0400F02A0500886B0020B6
:102660000000AD0B0400AD0B73B50023044601AAB6
:102670000E464FF48071019312F0BBF94FF48A714A
:10268000204612F0B6F94FF482710546204612F04A
:10269000B0F920B11EB115B1144BD3F8343601AAEC
:1026A0004FF48471204612F0A4F94FF4867120464D
:1026B00012F09FF94FF48871204612F09AF90C4BF2
:1026C000234083B14FF48E75294601AA204612F0AB
:1026D00090F9291F0835204689B2ADB212F089F968
:1026E000B5F5AE7FF0D1019802B070BD00E00050AA
:1026F000C0FF3F0010B5C3794BB922492248982347
:10270000224A0CF03BFD982120480CF02EFDC378A6
:1027100082781B03120202F4E06203F48053134335
:102720000278417A02F0030213430279120402F4A0
:10273000E02213434278120102F0300213438279FF
:10274000120602F0807213434279120502F48012DD
:1027500013430A0102F1A04202F56042C2F81835A3
:102760000B4AC47901F10C0302EB43039C71007A1C
:10277000D871012303FA01F192F830300B4382F84B
:10278000303010BD0F2B050013AD04009F2A05004B
:10279000886B00202DE9F843904620221E462B4BE3
:1027A000089FC3F808230122054689469A60002144
:1027B0002020FFF759FF0028F9D00023244C84F88B
:1027C000333084F83430A3602361A3831F4B276028
:1027D00084F83150C3F8F095C3F8F4852FB3232261
:1027E000C3F8002300244FF0010C1948174F0CFACE
:1027F00004F22A404FEA04111AD101F1A04303F573
:102800006043C3F81025C3F814253944D1F81835AE
:10281000013423F0807343EA0262082CC1F81825C2
:1028200000F10200E3D1BDE8F883C3F80073D9E7F3
:10283000C27F90F81EE001F1A04303F56043C3F8A6
:1028400010E5C3F814253246DFE700BF00E0005072
:10285000886B002070B51F4D95F82E40002C37D1A5
:102860000126FF2085F82E60FFF7A6FE1A4B1B49B4
:10287000C3F80041D3F80021C3F80441D3F8042180
:10288000C3F81041D3F81021C3F81441D3F8143120
:102890001C239A0806FA02F212F0330F1FBF03F14D
:1028A000A04202F56142146012681A1F920806FAEB
:1028B00002F212F0330F1CBF5C505A5808335C2BE5
:1028C000E7D10E20E9F780FA002305482B6070BDA0
:1028D0000448FCE7886B002000E00050FCE000505A
:1028E0000000AD0B0C00AD0B08B5134B024693F87E
:1028F0002E305BB911494FF4B373114A11480CF0F3
:102900003DFC4FF4B3710E480CF02FFC48B90E4952
:1029100040F267130A4A0B480CF030FC40F2671192
:10292000F1E7FFF709FE20B91046FFF7E3FE07487D
:1029300008BD0748FCE700BF886B00203C2B050062
:102940009F2A050013AD0400C82705000000AD0B49
:102950000B00AD0B08B5094B93F82E205AB9084966
:10296000084840F27513084A0CF008FC40F2751153
:1029700005480CF0FAFB93F8300008BD886B002086
:102980003C2B050013AD04009F2A05002DE9F04300
:102990001B4F994697F82E3005468846164685B057
:1029A0005BB91849184840F28D13184A0CF0E6FB41
:1029B00040F28D1115480CF0D8FBFFF7BDFDE8B9CA
:1029C00028460DF10F01FFF715FE114B0446984202
:1029D00010D1331E18BF0123324641462846CDF898
:1029E0000090FFF7D7FE9DF80F3087F832300223B2
:1029F00087F82E30204605B0BDE8F083054CF9E796
:102A0000886B00203C2B050013AD04009F2A0500B5
:102A10000000AD0B0B00AD0B2DE9FF47374E99467B
:102A200096F82E3080468A4615465BB9344940F206
:102A3000B713344A34480CF0A1FB40F2B7113148C7
:102A40000CF093FB4AB931494FF4DC732D4A2E4800
:102A50000CF094FB4FF4DC71F1E7FFF76DFD0746D6
:102A6000002847D140460DF10F01FFF7C3FD284B69
:102A7000044698423AD16B8833B19DF80F30012B50
:102A80003AD8B9F1000F37D02A786B782AB123B938
:102A90009DF80F1001292FD8012751464046CDF847
:102AA0000090FFF777FE6B881A4A8BB1A3F15001B3
:102AB000B1F5F66F0AD31849134840F22553174A67
:102AC0000CF05CFB40F225511448B9E743F4805305
:102AD000C2F8F8359DF80F3086F832302B7986F839
:102AE000367086F83530042386F82E30204604B040
:102AF000BDE8F0870A4CF9E70A4CF7E7886B00203D
:102B00003C2B05009F2A050013AD04006128050039
:102B10000000AD0B00E00050C02B05008C2B050021
:102B20000B00AD0B0300AD0B38B5224B93F82E20F4
:102B30005AB9214921484FF4FA73214A0CF01EFB7F
:102B40004FF4FA711E480CF010FB1C695CBB00F0DE
:102B50006044B4F1005F28D193F83240B1FBF4F542
:102B600004FB15151DBB0DB2002D20DD052A05D86F
:102B7000032A0AD8022A0DD0124838BD062AFBD1F2
:102B8000114AC2F82C06C2F830169A6842B1C3E95D
:102B9000040103E08C420AD1C3E902040B48ECE7CC
:102BA000C3E90201FAE70A48E7E70A48E5E70A4805
:102BB000E3E700BF886B00203C2B050013AD040049
:102BC0009F2A05000500AD0B00E000500000AD0B92
:102BD0000C00AD0B0A00AD0B0600AD0B2DE9F34167
:102BE0005C4C94F82E205AB95B4940F22D235B4A85
:102BF0005B480CF0C3FA40F22D2158480CF0B5FAAE
:102C0000012A09D1574940F22E23544A54480CF066
:102C1000B5FA40F22E21F0E7A368002B00F0978070
:102C2000022A05D0042A30D04F4802B0BDE8F08116
:102C300001264E4DC5F800652168E26849B10321BF
:102C400084F82E10C5F82C36C5F830262E6048487A
:102C5000EBE7C5F82C36C5F830262E6011F0E0FE03
:102C600008346E6021460220FFF7FEFC0028F9D0F0
:102C700000223E4BC3F80821D3F80811C3F80C21F9
:102C8000D3F80C11C3F80025E1E74FF00108374DE8
:102C9000C5F80085276857B1052284F82E20E26820
:102CA000C5F82C36C5F83026C5F80080CFE7A18BD3
:102CB00094F8322003EB410300930192C5F82C36BF
:102CC000C5F83026C5F8008011F0AAFE94F8363019
:102CD0005BBB0123254D6B6069460220FFF7C4FCF6
:102CE0000028F9D00022C5F80821D5F80831C5F828
:102CF0000C21D5F80C31A18B94F832300B44E168EB
:102D00009BB28B42A38321BF1A4BA283D3E902015A
:102D100022614FF0000228BFC3E90001134B2CBF12
:102D200013481548C3F800257FE7D5F8F465F6B2D7
:102D300008FA06F6013EBE42CBD9C5F80480002150
:102D40000420FFF791FC0028F9D00137F3E70B4886
:102D50006BE700BF886B00203C2B05009F2A050015
:102D600013AD0400E32B05000500AD0B00E000509F
:102D70000000AD0B906B00200B00AD0B0200AD0B03
:102D8000F8B5334E024696F82E1059B931493248FB
:102D900040F2D123314A0CF0F1F940F2D1212F4811
:102DA0000CF0E3F9FFF7C8FB00284ED1072386F8A3
:102DB0002E3001232A4C86F82F107260C4F800359B
:102DC000D4F80453C4F80003E3603AB125F0C00519
:102DD00045F03305C4F800532248F8BD0021102007
:102DE000FFF742FC0028F9D00023C4F80431D4F8DE
:102DF00004311D4B0127C4F82C360223C4F83036A9
:102E0000276011F00DFEA76000212020FFF72CFCA9
:102E10000028F9D00022124BC3F80421D3F8041182
:102E2000C3F80821D3F80811C3F8002596F82F102D
:102E300086F82E10C3F81C21D3F81C11C3F81821F2
:102E4000D3F81821C3F80053C6E70848C5E700BF08
:102E5000886B00203C2B050013AD04009F2A050061
:102E600000E000500000AD0BA06B00200B00AD0B8C
:102E70007FB533206149FFF7F7FB10F0100F0546CF
:102E80005E4E0BD010225E4BC3F80823B218C3F875
:102E90002C260222C3F8302601221A60594CAA06B9
:102EA00094F82E300ED5072B554A05D0D2F834367B
:102EB0009BB2E36000232361D2F80433DB0601D523
:102EC000FFF748FBA80718D50022A16894F82E3018
:102ED0000291E168062B8DF80420ADF80C1018D093
:102EE000072B35D0032B08D1454BC3F8002502230F
:102EF00084F82E30236801A89847E9074FD594F845
:102F00002E30033B042B4AD8DFE803F05A4929410D
:102F10005E0094F8353023B1236913B10122384B98
:102F20001A60236801A89847374B93E803000023F1
:102F300086E803002361A368002BDED1304AC2F883
:102F40000035042384F82E3005238DF80430D1E7B2
:102F5000FFF700FB02238DF804306368CBE70423FE
:102F600001A88DF8043023689847254BD3F8F8253D
:102F7000D20444BF01225A600623226984F82E300D
:102F80002AB161691E4BC3F82C26C3F83016236999
:102F90002BB9032301A88DF804302368984794F8CF
:102FA0002E30072B0AD0164B1848D3F804330021D3
:102FB0001840FFF759FB012685094DB904B070BDD3
:102FC00001220F4B5A60EAE701220D4B9A60E6E7B7
:102FD00095FAA5F3B3FA83F306FA03F225EA02059C
:102FE0005A08DB4303F001038DF809308DF80460C3
:102FF00023688DF8082001A89847DEE7906B002031
:1030000000E00050886B0020986B0020C0FF3F005C
:1030100008B503680246590914D0012906D14FF6B4
:10302000FF7103F01F03D940C80712D40A490B48A7
:1030300040F2CA330A4A0CF0A1F840F2CA310848FB
:103040000CF093F84FF0FF31D940C907EED5054891
:1030500000E00548136008BD59CA040013AD040020
:1030600026CA040000258450002884504B69304A49
:1030700093424BD00DD82F4A934247D007D82E4ABF
:10308000934243D02D4A934240D02D4870472D4A59
:10309000F9E72D4A934208D004D82C4A934235D000
:1030A0002B4AF0E72B4A9342EFD10279002A3CD019
:1030B00091F823201AB191F82420002A33D1006816
:1030C000254A90422FD1234A93422CD10B685A1C97
:1030D00001D0082BD9D14B68581C01D0092BD4D171
:1030E0008B685A1C01D00A2BCFD191F8213023B123
:1030F000CB68581C01D00B2BC7D1CB6917485A1C81
:1031000015D00F4A0C2B18BF1046704791F821209C
:1031100012B1CA680132C8D1CA690132C5D191F869
:103120002320002AC7D10D4870470D4870477047CB
:1031300080841E0020A1070048E8010090D0030011
:103140000400AD0B40420F000024F40000093D00D4
:1031500000127A000048E80100A000500000AD0B0A
:103160000300AD0BF7B51746421C1C4606460D463C
:10317000089B18D0012902D1BBB111F0C5FC01A8F0
:103180000196FFF745FF019B240200EB8300D0F876
:103190000022074B44EA87042C4313401C4344EAB3
:1031A0004504C0F8004203B0F0BD11F0B9FCE6E7F9
:1031B000F0F0FCFF2DE9F04F067907460C4685B08C
:1031C0002EB391F8213033B34FF0010891F822303B
:1031D00003936369824A93423AD024D8814A934246
:1031E00000F0D58019D8804A934200F0D3807F4AFE
:1031F000934200F0D2807E497E484FF4BF737E4AEE
:103200000BF0BCFF4FF4BF717B480BF0AEFFB04634
:1032100002230393DDE79846FAE7784A9342EAD11E
:103220004FF0805516E0764A934200F0B98009D8F5
:10323000744A934200F0B780734A9342DBD14FF057
:10324000004507E0714A9342D5D14FF0A05501E007
:103250004FF000552422DFF8B8B194F8230002FBA8
:1032600006B3997F60F3000199773B79217C02FBDB
:1032700003B39A7F61F341029A7794F82390B9F1EE
:10328000000F34D16269614B01219A420CBF4FF0AB
:10329000030A4FF0000A237E4A46012B94BF002305
:1032A0000123009320685346FFF75CFFCDF80090A0
:1032B00053464A4601216068FFF754FFCDF800905D
:1032C00053464946A27EA068FFF74CFF237C4A463E
:1032D00083F00103009301215346E068FFF742FFAA
:1032E0000121009153464A46E069FFF73BFF242342
:1032F000B8F1000F5AD04FF0FF3203FB06B31A6249
:10330000A67C217E627ED4F80CC094F810803B79B4
:10331000002B5AD094F8200094F824E03B68BEF1CA
:10332000000F13D1D4E9009ED4F808A0E469C3F8D3
:103330000895C3F80CE5C3F810A5C3F86C45039CC9
:10334000C3F814C5C3F86885C3F86445003A18BFCC
:1033500001220229C3F8C065C3F8245537D00329D8
:1033600038D0012901D142F00202C3F854252422A9
:10337000C3F860053B7953435BF803306BB338689F
:1033800040F3073005B0BDE8F04FE8F71DBD4FF042
:1033900000655FE74FF000755CE74FF0806559E727
:1033A0004FF0206556E74FF0804553E703FB06B624
:1033B000E268B37F3262227C4FF0FF3C62F341034C
:1033C000B377A67C217E627EA1E70220A4E742F0CB
:1033D0000402CAE742F00602C7E705B0BDE8F08F75
:1033E00080841E0020A1070048E8010090D003005F
:1033F000821E050013AD04000C2C050040420F0096
:103400000024F40000093D0000127A000048E801A1
:10341000C06B0020431C07B50ED0019001A8FFF738
:10342000F7FD019B00EB8300D0F80022044B134012
:1034300043F00203C0F8003203B05DF804FB00BFA4
:10344000F0F0FCFF70B501F10C020C46402105467E
:1034500011F003FB38B323685BB91349134840F2FA
:103460001943134A0BF08AFE40F2194110480BF041
:103470007CFE206A421C04D0A37F9B0710D511F06C
:103480004FFB637F1BB12146284611F024FB00232C
:1034900020462372616850F8083BBDE87040184729
:1034A00011F032FBEDE770BD482C050013AD0400B0
:1034B0000C2C05002DE9F84F06469146984659B95F
:1034C000164917484FF41673164A0BF057FE4FF47F
:1034D000167114480BF049FE24230779DFF848B031
:1034E0005F430BEB070595F81CA0BAF1000F13D151
:1034F000FFF7BCFD0D4B044698420AD130464BF80D
:103500000790C5F80480FFF755FE012385F81DA03C
:103510002B772046BDE8F88F054CFAE761280500B7
:1035200013AD04000C2C0500C06B00200000AD0B97
:103530000C00AD0B2DE9F84324270679274D77437E
:10354000EB191B7F04465BB92549264840F2B92395
:10355000254A0BF013FE40F2B92123480BF005FE7B
:10356000006840F30730E8F73DFCEB5953B123689E
:103570001E4A06EBC601C3F80823206805EB81014B
:1035800011F0A9FA242707FB06572368D3F808058A
:10359000D3F80C85D3F81095BB7FDB0716D4FFF763
:1035A00039FF4846FFF736FF4046FFF733FF386ADA
:1035B000FFF730FF23794BB12368D3F86C05D3F8BC
:1035C0001445FFF727FF2046FFF724FF242303FBC2
:1035D000065500232B77BDE8F88300BFC06B0020A1
:1035E000562C050013AD04000C2C050052010800F8
:1035F0002DE9FF47242306797B4F824603FB0673A0
:103600001B7F0D4690465BB9784940F2AD33784A4E
:1036100078480BF0B3FD40F2AD3175480BF0A5FDD5
:103620000B685BB94B684BB1734940F2AE33704ADB
:1036300070480BF0A3FD40F2AE31EEE76F4BD5E9D9
:10364000021209BB4AB16E4940F2AF33684A694879
:103650000BF094FD40F2AF31DFE79B5D6A68DA4022
:1036600015D118F008091CD0242303FB06731B6A2C
:10367000013316D0634940F2B3335D4A5D480BF025
:103680007DFD40F2B331C8E79B5DDA40E6D05E498C
:103690004FF46C73564A57480BF070FD4FF46C7141
:1036A000BBE724237343FA18517F002940F09A8026
:1036B000FB5823B118F0140F04BF012353772424BF
:1036C00095E80F0004FB067404F10C0C8CE80F0065
:1036D000206A421C04D0A37F9B071AD511F014FA6C
:1036E0002B68DAF8004023B103F06043B3F1005FC8
:1036F00006D1AB6883B103F06043B3F1005F0BD038
:103700002423002203FB067340485A7704B0BDE827
:10371000F08711F005FAE3E718F0010318BF012361
:10372000C4F8503518F0020318BF0123EC46C4F862
:10373000403595E80F008CE80F00039BC4F8440562
:10374000C4F84815C4F83425C4F838350023C4F843
:103750001831D4F818310723C4F8003524237343F3
:10376000FA18B9F1000F1DD10121F858216158B99B
:10377000D4F81831002BFBD062464021204611F0CE
:103780006CF924237343FA18FB5813BB106A451CC9
:1037900013D106EBC606204607EB860111F09BF914
:1037A0001B48B3E7FB58A3B9106A411CF8D0937FBC
:1037B0009A070BD511F0B4F9F2E7937F9B0702D576
:1037C00011F0AEF9E5E711F09FF9E2E711F09CF98D
:1037D000E6E7402318F0040F14BFC4F80833C4F818
:1037E0000433DDE70B4891E7C06B0020562C050041
:1037F0000C2C050013AD0400822C0500F52D0500EE
:10380000C92C0500BF2D0500102D05000A00AD0BC9
:103810000000AD0B0B00AD0B01490248FFF712BED3
:10382000C06B002000C0005001490248FFF70ABEEB
:10383000E46B002000A0005038B544090DD0012CE5
:1038400020D01549154840F2CA33154A0BF096FCB2
:1038500040F2CA3112480BF088FC4FF0FF34C440EC
:10386000E507EED50F4C04EB8000D0F800520E4C6B
:103870001B0243EA82022C4042EA41012143C0F884
:10388000001238BD4FF6FF7400F01F00C440E4077B
:10389000D7D5064CE7E700BF59CA040013AD0400B2
:1038A00026CA040000258450F0F0FCFF0028845054
:1038B00070B5C37B04460BB1837B73BBA368B3F1C4
:1038C0007F6F1DD32368222B15D16368232B26D14C
:1038D0000B25A67B0EBBD4E90003984212D11149F7
:1038E000114840F20713114A0BF048FC40F207114F
:1038F0000E480BF03AFC232B11D16368222BE6E72C
:103900000625E6E72B4603223146FFF795FF2B46B7
:10391000032231466068FFF78FFF012070BD002051
:10392000FCE700BF332E050013AD0400F72D0500A2
:1039300010B4CC7B8A6803682CB9D1E90041C3F884
:103940000845C3F80C15C3F82425282203795343EE
:10395000054AD3582BB1006810BC40F30730E8F794
:1039600033BA10BC704700BF086C0020F8B506469B
:103970000D4659B91849194840F21B13184A0BF063
:10398000FDFB40F21B1116480BF0EFFB28210079DC
:10399000144F48433C1894F82210C9B93A50A1601A
:1039A000636084F8251084F82410AB7B284684F8E3
:1039B0002730FFF77DFF68B16B7B3046294684F8DE
:1039C0002630FFF7B5FF0123074884F82230F8BD01
:1039D0000648FCE70648FAE76128050013AD040035
:1039E000F72D0500086C00200000AD0B0C00AD0B9E
:1039F0000400AD0B282108B50D4B027901FB023301
:103A000093F82220012A0BD00A490B484FF4E173A6
:103A10000A4A0BF0B3FB4FF4E17108480BF0A5FB29
:103A200006210268C2F80015022283F8222008BD90
:103A3000086C00205A2E050013AD0400F72D050078
:103A4000282108B5134B027901FB023393F8222099
:103A50005AB9114911484FF4E773114A0BF08EFB24
:103A60004FF4E7710E480BF080FB0021996002686B
:103A70000C48C2F80803D2F8000220F4BC50C2F887
:103A80000002C2F80015012283F8241083F82220D6
:103A900008BD00BF086C0020562C050013AD0400C3
:103AA000F72D050002029C01F8B5282507791C4E68
:103AB000044605FB076595F822305BB919491A4899
:103AC0004FF4D173194A0BF059FB4FF4D1711748D9
:103AD0000BF04BFB006840F30730E8F783F9204612
:103AE000FFF7AEFF95F8273093B995F826507DB9CA
:103AF00023682A46D3F80805D3F80C4501212B4644
:103B0000FFF79AFE2B462A4601212046FFF794FE36
:103B1000282303FB0766002386F82230F8BD00BF88
:103B2000086C0020562C050013AD0400F72D05008D
:103B30002DE9F84F03790E4617463BB94B68B3F5AC
:103B4000803F03D28B68B3F5803F0BD3AA4940F284
:103B5000B623AA4AAA480BF011FB40F2B621A748A7
:103B60000BF003FBA74D95F82230022B09D0A64994
:103B70004FF42F73A14AA2480BF000FB4FF42F71B2
:103B8000EDE72B68C3B90B78022B09D19F4940F2AE
:103B9000BF239A4A9A480BF0F1FA40F2BF21DEE7C0
:103BA000032B09D19A494FF43073944A94480BF08F
:103BB000E5FA4FF43071D2E70023046885F823302A
:103BC000736833B1F36803F06043B3F1005F40F012
:103BD00091813378023B012B06D8336903F06043AF
:103BE000B3F1005F40F086818A4BC4F8083395F842
:103BF000243003F0FF013BB1AB68DFF81C82C4F84E
:103C000004334046BDE8F88F17F0140F0CBF0123B2
:103C1000002385F824303378C7F3001E85F8203060
:103C2000737807F0080985F82130F268EA60736854
:103C30002B61D6F810C0C5F814C0B06885F825E02F
:103C4000A861EF6196F801E0C4F888E5C4F8601156
:103C5000D4F860E1C4F84811D4F848E1C4F824115C
:103C6000D4F824E1C4F80411D4F8041117F00101C8
:103C700018BF0121C4F8501517F0020118BF012127
:103C8000C4F840153178032900F2B080DFE801F074
:103C900091A78102F80609D560494FF40B73574A82
:103CA00057480BF06BFA4FF40B7158E7B9F1000F5E
:103CB00009D05B4940F22D23504A51480BF05EFA7F
:103CC00040F22D214BE7790709D5564940F22E23C2
:103CD0004A4A4B480BF052FA40F22E213FE74FF48C
:103CE0008071C4F80012C4F84425C4F84835012393
:103CF000A3604FF48011204610F060FF0028F8D137
:103D0000D5E90523C4F84425C4F848354FF4802389
:103D1000AB60DFF814812A68B9F1000F40F0C08071
:103D20003378032B00F0BC80012B40F085802360AA
:103D30009AB92A69002A5CD04FF0010BDFF8ECA099
:103D4000DFF8EC905146204610F038FF830548BF5D
:103D5000C4F814B010EA090FF4D072682B68002A76
:103D600040F09E80002B00F09F8001236361790763
:103D700044BF0023AB607A065EBFAB6843F002032A
:103D8000AB60AB6843F40073AB60AB68C4F804335A
:103D900037E7C4F84425C4F848354FF48453C4F8D1
:103DA00034C5C4F83805C4F8003201232362022365
:103DB000AEE7C4F84425BA06C4F848354BBF4FF403
:103DC00080734FF40073C4F80032C4F800324CBF63
:103DD0004FF480230223AB600123236299E7C4F8E8
:103DE0003425C4F838354FF48053DCE7DFF84480DD
:103DF00091E76361A0E700BF842E0500F72D050061
:103E000013AD0400086C0020413605006A36050039
:103E1000BA36050002029C010B00AD0B0A37050003
:103E200020370500363705000000AD0B0202040004
:103E3000020004000400AD0B0123A360002A8CD112
:103E40002A692AB3DFF8B4A0DFF8B4B019EA0A0F80
:103E500083D15946204610F0B1FE10F4007F814610
:103E6000F4D04FF08071204610F0A8FED4F8003254
:103E700080B113F4007103D101228946226262618C
:103E8000D805E3D54FF48021204610F097FE04E0DA
:103E90006361D7E70123236263614FF00009D5E72F
:103EA0002B68002B7FF463AF0022D4F8C434C4F82D
:103EB000C43485F824208BB1124A134913F0010F42
:103EC00014BF90468846013213F0020F18BF904687
:103ED00013F0040F0D4B18BF984692E67B063FF592
:103EE00090AE20460A4910F027FE074B002808BF75
:103EF000984686E6DFF81C8083E600BF02000400D7
:103F0000020204000000AE0B0100AD0B0200AE0B7C
:103F1000086C00200A00AD0B70B5644C86B02368B5
:103F20005BB96349634840F20633634A0BF026F9F4
:103F300040F2063160480BF018F9604D0221284626
:103F400010F03CFE4FF400710646284610F036FE95
:103F5000D8B1E6B9A3684FF08071C5F808330223E1
:103F6000A360A3682846C5F8043310F027FE18B1F3
:103F7000D5F800329B0503D40122504B1A625A61D6
:103F8000012384F8233006B070BD002E58D0E569B7
:103F90006E060AD494F823303BB94449474810F0E0
:103FA000CBFD80F0010084F8230015F0040525D135
:103FB000424B94F82520C3F86051D3F86011C3F840
:103FC0005C51D3F85C1112B194F823205AB100224D
:103FD000C3F80022A2603A4AC3F808234FF40072E3
:103FE000384BC3F88021238CADF80430E368049388
:103FF0002369029363690593A36903932F4AD2F857
:10400000C4349807C2F8C4344AD459074AD4DA07EA
:104010004AD494F823309B00DBB28DF8003094F83A
:1040200025300BB984F82430E3695B0703D594F895
:104030002330002BA7D0D4E9003168469847A2E787
:104040004FF48021284610F0B9FD94F82030ABB928
:1040500094F8253053B94FF40072C5F80032A360CC
:10406000174BC5F80833174BC3F8802100238DF890
:10407000043094F821308DF80530B7E74FF4007321
:10408000C5F8003240F20223A36003F1CE73C5F8F5
:104090000833A368C5F804330123AB602B6272E7D1
:1040A0000123BAE70223B8E70323B6E7086C002030
:1040B000482C050013AD0400F72D050000900050BA
:1040C00002029C0100E100E00722024BC3F8042336
:1040D000704700BF007003500722024BC3F808234B
:1040E000704700BF00700350072208B5044B37200B
:1040F000C3F80823E7F776FE0022024B1A6008BDDA
:1041000000700350306C002010B5044648B91149C6
:104110003123114A11480BF031F831210E480BF0D0
:1041200024F803683BB90E4932230B4A0B480BF0C5
:1041300025F83221F2E7FFF7D7FF2268094B372035
:104140001A600022084BC3F80821BDE81040E7F7C9
:104150003BBE00BF8A3705004C37050013AD040095
:10416000A2370500306C00200070035010B5114CD0
:10417000D4F800312BB100200F4BC4F800011B68AC
:104180009847D4F8043133B10023C4F804310A4B02
:1041900001201B689847074BD3F8082142B1002241
:1041A000C3F80821044B0220BDE810401B681847E3
:1041B00010BD00BF00700350306C002008B50368CC
:1041C0000246590914D0012906D14FF6FF7103F0B8
:1041D0001F03D940C80712D40A490B4840F2CA331A
:1041E0000A4A0AF0CBFF40F2CA3108480AF0BDFF84
:1041F0004FF0FF31D940C907EED5054800E005482A
:10420000136008BD59CA040013AD040026CA040097
:104210000025845000288450F7B50C46064610F05F
:10422000F7FC204610F0F4FC01A80196FFF7C6FF4A
:1042300040F20D65019B2B4F00EB8300D0F800325C
:1042400001943B402B43C0F8003201A8FFF7B6FFB2
:10425000019B00EB8300D0F800323B402B43C0F8B9
:104260000032042010F0F9FA0925012701A8019471
:10427000FFF7A4FF019A0369D340DB0714D401A818
:104280000196FFF79BFF019B013D07FA03F3C36013
:10429000042010F0E2FA304610F0BAFC042010F0CE
:1042A000DCFA15F0FF05E1D101A80194FFF786FFC4
:1042B0000123019A9340C360042010F0CEFA2046F7
:1042C00010F0A6FC042010F0C8FA01A80194FFF732
:1042D00075FF019A03690448D34003F00103C01A33
:1042E00003B0F0BDF0F0FCFF0100AD0B2DE9F04193
:1042F0000E4617460C4D55F81C4FAC4203D16FF0DB
:104300001200BDE8F081314654F8440CA4F1440891
:10431000DDF744FD30B9C7F800804046BDE8F04104
:1043200010F052BD2468E8E7346C002010B5D0E9E5
:1043300009124A60416A00F124031160C0E909339F
:104340004368044603B19847054A936833B112792C
:10435000062A03D90720226802499847002010BD89
:10436000346C0020C33705002DE9F04107460D46A7
:104370000B4E56F80C4FB44202D16FF001000AE028
:10438000394654F8240CA4F12408DDF707FD20B9C0
:104390001DB1C5F80080BDE8F0812468EBE700BFDF
:1043A000346C002038B5044600B30068F0B10378DF
:1043B000E3B10021FFF7D8FFD8B104F11C03C4E931
:1043C00007330D4B04F12402196903F10C00A162BB
:1043D00060621A610A609D6835B11B79062B03D9AA
:1043E000072022680549A847002038BD6FF0150056
:1043F000FBE76FF01000F8E7346C0020C5370500CC
:1044000038B5114C0546216819B1002001312160F1
:1044100038BD2422204612F041FF2B682846A360B5
:104420002B79237104F10C03C4E9033304F1140361
:10443000C4E9053304F11C03C4E9073300F018F89C
:104440000028E5D12168E0E7346C002038B5074D3D
:104450002C68013C2C6044B900F012F82146284633
:10446000BDE83840242212F019BF38BD346C00205A
:1044700008B50248FFF796FF002008BDA42D0020D4
:104480000148FFF753BF00BFA42D00200EB4431E08
:10449000062B33B588BF0020094B05AC54F8045BEC
:1044A00053F8201007480AF053FE2146284601948D
:1044B0000AF04CFE02B0BDE8304003B0704700BFC8
:1044C0005C900400D5D804002DE9F04F87B0174662
:1044D0009B460446DDF840A000284BD0056A35B164
:1044E0002D6825B1AC4607B0BDE8F04F6047E36AE0
:1044F0009F4242D80026BE4203D1002007B0BDE84B
:10450000F08F182303FB06F8D4F83090A26909EB6A
:1045100008052B1D0593CAB9686969680368B5F871
:104520000CC0C91AAB680CF1030E5D1E05EB0C152F
:104530005B4205EB4E051D4005EBCC038568063359
:10454000A94228BF4FF0FF3110F00BFC59F808309A
:1045500020460293236AB1B29B6A01935AF826302F
:1045600000935BF82620059B10F04CFC0028C5D179
:104570000136C0E76FF01500C0E70148BEE700BF95
:1045800040F4FFFF10B5044690B1028D43899A4272
:1045900009D0084A936833B11279032A03D94268D3
:1045A0000549042098472046BDE8104011F0ECBEB4
:1045B00010BD00BF346C00207838050030B5448948
:1045C0008C4212D9436A013C5D882C4003EBC40342
:1045D00059609A60BFF35B8F426A538801335380FE
:1045E000438D01334385002030BD0148FCE700BF07
:1045F00041F4FFFF70B4039E144660B1006A50B1ED
:104600004BB1013407D0002E05DBD0F8844014B143
:10461000A44670BC6047014870BC70472DF8FFFF8E
:1046200070B4039E144660B1006A50B14BB10134BE
:1046300007D0002E05DBD0F8944014B1A44670BC1E
:104640006047014870BC70472DF8FFFF2DE9FF4718
:10465000DDF834800E4691469A460546002876D00D
:10466000002974D0B8F1000F71D001F16407384609
:1046700010F058FDBAF1FF3F49D1346E06F15002F7
:1046800004F18000844204F01F0C07D2C4F34111EE
:1046900052F8211021FA0CF1C90736D4012104F097
:1046A0007F04600952F8203004F5806A01FA0CF1A9
:1046B00004F201440B4304F07F0442F820303466D6
:1046C0006B6C4A4603930E9B2946CDE901830C9BF4
:1046D00030460093534610F0D4FD384601F06EFB8F
:1046E0002C7874B196F8A4405CB1AB6A013330D138
:1046F0000021284610F055FD044610B1284610F060
:1047000026FD204604B0BDE8F0870134BAE7BAF5CB
:10471000806FD5D3AAF580637F2B06F150010FD8A7
:10472000580951F8204003F01F0324FA03F2D2077E
:104730000BD4012202FA03F3234341F82030BFE7F0
:10474000054C384601F03AFBDBE7044CF9E7024C34
:10475000D7E70024D5E700BF2DF8FFFF29F8FFFFBA
:1047600008B583681A0C0AD1094A93682BB11279EB
:10477000022A02D9032007499847002008BDA3F563
:10478000803383601B0C0CBF01200020F6E700BFC4
:10479000346C00209A38050038B50446E0B100F1C9
:1047A0006405284610F0BEFDD4F8B4309B6953B9B7
:1047B000D4F8A840103C002C00DC084C284610F02F
:1047C000AFFD204638BD012BF7D1D4F8BC0010F066
:1047D00091FCA0F11004EEE7014CF2E72EF8FFFF88
:1047E0002DF8FFFF38B50446E0B100F16405284616
:1047F00010F098FDD4F8B4309B6953B9D4F8AC40AC
:10480000103C002C00DC084C284610F089FD2046A6
:1048100038BD012BF7D1D4F8B80010F06BFCA0F133
:104820001004EEE7014CF2E72EF8FFFF2DF8FFFF32
:104830002DE9F041A3F1100853F8087C002388B05B
:104840000693ADF81E301023CDE904120E9D0446E8
:10485000D0F8C000ADF81C5001688668A8EB0101D3
:10486000B14228BF4FF0FF310DEB030210F03FFAC9
:104870001028BFB20BD024494FF4DF73234A2448D9
:104880000AF07CFC4FF4DF7120480AF06EFC04F162
:104890006406304610F046FDD4F8B4309B69D3B9B5
:1048A000D4F8A820D4F8B430D4F8BC009B69CBB9B4
:1048B000CDE90282CDF80080012202A910F0CFFAE2
:1048C000B0B1144940F2C913104A11480AF056FC1D
:1048D00040F2C911D8E73946D4F8BC0010F055FBB6
:1048E0000246DFE7012B03D13946FFF767FEE7E712
:1048F000D4F8BC0010F0C7FB304610F011FD28467C
:1049000008B0BDE8F08100BFFE380500BB380500E7
:1049100013AD040017390500F0B504468E680D4646
:10492000B6B23146D0F8B80085B010F02EFBD4F8FE
:10493000B43007469A699AB90095CDE9025001232F
:10494000D4F8B80002A910F08AFA48B10F497D23C3
:104950000F4A10480AF012FC7D210D480AF005FCB0
:10496000D4F8B4309B69012B0ED13A463146D4F8C5
:10497000B800FFF723FE38B104498323044A0548F1
:104980000AF0FCFB8321E8E705B0F0BD9FBB040003
:10499000BB38050013AD04002DE9FF4103689E6A92
:1049A00006F16408404610F0BDFCD6F8B4309B69AF
:1049B0003BB1012B12D0404610F0B2FC04B0BDE870
:1049C000F081D6F8B8000DF10A0203A910F0A3FA9D
:1049D000D6F8B43004469B69012B07D1D6F8B8004D
:1049E00003AA0DF10A0110F000FB0446002CE2D0EE
:1049F000BDF80A3000216268A36030464FF0FF33F3
:104A000010F005FC054610F093FBA368404603F543
:104A10008033A36010F084FCE5B1AB6A696C0133AC
:104A200008BF2368284608BFAB622368A2890091AB
:104A30006F6B04F11001B84700280BDA10491148D8
:104A400040F25A23104A0AF099FB40F25A210E48CC
:104A50000AF08BFB404610F065FC284610F06DFB19
:104A60002046FFF77DFE38B130462146FFF754FF60
:104A7000D6F8B80010F007FB404610F051FC91E763
:104A80002339050013AD0400BB3805002DE9F043C0
:104A900085B00F46904603A90D9A0646994610F038
:104AA00022FD044650B30C9D039BD6F8C0009D42E6
:104AB000A8BF1D460168D0F808C0611A614528BF2B
:104AC0004FF0FF312B464A4610F011F985420BD0CA
:104AD0000B490C484FF405730B4A0AF04FFB4FF497
:104AE000057109480AF041FB2346424639463046E3
:104AF0000095FFF79DFE05B0BDE8F0830348FAE797
:104B00002F39050013AD0400BB3805002EF8FFFF58
:104B10002DE9F0478AB00D46DDE912971646984612
:104B2000044620B9924E30460AB0BDE8F08700290D
:104B3000F8D0002BF6D00021A822C0F8D01012F037
:104B4000ADFB012204F16400114611F07AFA894BA1
:104B5000C4F8B450E667AC62C4F88430864BC4F83D
:104B60008830864BC4F88C30854BC4F89030854B28
:104B7000C4F89430844BC4F89830844BC4F89C300B
:104B8000834BC4F8A030AB693BB9002FCAD097E87B
:104B9000070004F1A80383E80700AB69012B06D0E6
:104BA0002B6ADBB96FF00506BDE74307F8D4D4F8EC
:104BB000B400002800F0D980036A002BF2D09B6873
:104BC000002BEFD098474206EFD50021D4F8B4006F
:104BD00010F096FB06460028E9D0A4E71B69002BDD
:104BE000E0D028469847AB69012B04BF0023286119
:104BF00000F0010008BF6B6184F8A400AB69DBB969
:104C00003B7A002B00F0838009F10C03C4F8C43018
:104C1000B9F1000F86D0D9F80820002A00F0A3804F
:104C20009B68002B00F09F805A4B04935A4B0593CE
:104C30005A4B06935A4B0793AB69012B07D1564B3E
:104C40000493544B0593564B0693544B0793002102
:104C500004F1C803C4E9323306ABC4F8C0800222B1
:104C600000932846019104ABFFF72EFC064600286E
:104C70007FF459AFAB693BB92B6B1B68C4F8B830F4
:104C80002B6B9B69C4F8BC30AB69012B07D12B6B34
:104C90009B69C4F8B8302B6B1B68C4F8BC30D4F8DF
:104CA000BC0010F0C2F92B6B1B68C3F82C802B6B77
:104CB0009B69C3F82C80D5F818A0BAF1000F07D172
:104CC000D4F8AC300993D4F8B8305B89534520D878
:104CD00094F8A430C4E9004463B100230293314B3B
:104CE000204601933523304A0394009304F10801D0
:104CF00010F0C7FAAB69002B7FF415AF04212846EA
:104D000010F0FEFA074600283FF40DAF26E04B46B0
:104D10007CE74846D4F8AC1010F0D6FB0746E0B16B
:104D2000D8F800100890411AD8F8080000228142F3
:104D300028BF4FF0FF31D4F8AC30404610F011F8E6
:104D4000009701230022D4F8B80008A910F087F8D2
:104D5000074618B90AF1010AB5E7144F284610F0C2
:104D6000C8FA3E46DFE6114EDDE66FF01506DAE6DC
:104D70002DF8FFFF8D4A0300795304009554040079
:104D8000E75404003148030031530400E5470300B1
:104D9000994703003D39050043390500994903004F
:104DA0001F5304009D530400493905002EF8FFFFEE
:104DB000F0B505460E46174687B0074A03AC07CA4A
:104DC00084E807000C9A3146009228463A4601943E
:104DD000FFF79EFE07B0F0BD0C83040008B5124B30
:104DE000A8220021184612F059FA03220F49026145
:104DF00042610F4A8161C2614FF480620262002207
:104E000082624262C26201660A490346416610211B
:104E1000816609490267C266426711F8010D98541C
:104E20000132102AF9D108BD102400204C390500A8
:104E30001020002000200020653905002DE9F84FE2
:104E40001826DFF87C80074606FB008E00FB06660E
:104E5000DEF82440DEF828C046447368A44589463D
:104E6000154603EB040022D8DEF820B0ABEB040AB1
:104E70000AF1FF339A4203D812F0E9F92C440FE00B
:104E800063449A4219D852462C4412F0E0F9B4EB2C
:104E90000B0405D02246706809EB0A0112F0D7F91D
:104EA0001823012003FB07835C62BDE8F88F0CF137
:104EB000FF3CACEB040C9445DED20020F5E700BFCC
:104EC000102400201822034B02FB00339A6A586A10
:104ED000801A704710240020002310B4074A0849A4
:104EE000C85C12F8014D844204D10133102BF7D174
:104EF00010BC704710BCFFF771BF00BF65390500DB
:104F00001024002070B516461D465A1C036804463E
:104F10001344C2689A4205D20821006A10F0EDFEDF
:104F2000002070BD32783DB1AB1E062B8EBF002332
:104F30000B4AD35C1833DAB2204610F0E1FE0028A9
:104F4000EED03544B54203D1A3680133A360E8E74E
:104F500023685A1C226015F8012D1A70F2E700BF71
:104F60006639050008B50A4A0A4B93420ED90A4928
:104F700019230A4A0A480AF001F90A480AF0FEF819
:104F8000192106480AF0F1F82033EEE7FCD308BDFA
:104F9000A879040088760400903905006D39050071
:104FA00013AD0400B7B1040010B50446E3F70CF9E3
:104FB00003480121034A0BF09CF9204610F0AAFF98
:104FC00038810400A83905002DE9F84304460D4650
:104FD00000AFEFF31188202383F31288BFF36F8FA4
:104FE0000428314A98BF314BE9468AB09668117C53
:104FF00098BF53F820306A4688BF2D4BC2E907316D
:1050000040F201332B4893842B4BC2E9050442F84C
:10501000103F00234FF431512848E3F71BFACD46E7
:1050200045B1EB69C3F3080323B10121244A2348A6
:105030000BF05FF92EB1304611F081F808B103781A
:1050400003B92048E9468AB06A461F4BD061C2E9DD
:10505000053640F2013313841C4B42F8103F002305
:105060004FF411511548E3F7F5F92946CD4620468E
:10507000FFF79AFF042C0CD115498723154A1648CF
:105080000AF07CF815480AF079F8872111480AF0EF
:105090006CF888F31188BFF36F8F3046E6F73CFE5B
:1050A000BD46BDE8F88300BF586C00207C9004002A
:1050B000B7390500C5390500050000013881040035
:1050C000ED39050069D804000E3A0500040000011E
:1050D000483A0500263A050013AD0400653A05007C
:1050E00038B50A4B53F82040013053F82050A54200
:1050F00000D838BD606830B1037FDB0701D410F001
:1051000011FF0834F3E723689847FAE7909004000A
:10511000012270B5384B032086B01A70FFF7E0FF0C
:10512000E7F7DEFDE5F718FB0420FFF7D9FF334C66
:10513000334DAC42264628D932494223324A3348BD
:105140000AF01CF832480AF019F842212E480AF0F9
:105150000CF854F80C3C059354F8103C049354F8A4
:10516000143C039354F8183C029354F81C3C0193EC
:1051700054F8203C009354E90A2354E90C0101F04F
:10518000C3FF54F8303C5E65D3E7AE4204F130040F
:10519000DFD302F0D9FC194C1E4EAC421FD919497D
:1051A0006623194A194809F0E9FF194809F0E6FF92
:1051B0006621CBE7D4E90A23B3F1FF3F08BFB2F180
:1051C000FF3F05D052EA0301206803D102F042FFFD
:1051D0003034E2E73146183003F07CFAF8E7E9D3DF
:1051E00002F020FDDEF740FE0B4A137B23F00103A3
:1051F000137306B070BD00BFFC800020F07B04007C
:10520000107D0400053B0500E43A050013AD0400E1
:10521000B7B10400AD610400F04C002008B50348AC
:10522000034A0021121A10F094FE08BD48350020F0
:10523000008100200023012270B586B0CDE904234F
:105240000F220193CDE9023214234FF4A0720E4DC8
:105250000E4E03FB00550E4906EBC016044602FB3A
:1052600000110C4B3046009501F04EFF737B2C74FF
:1052700023F004037373084B013403EBC423EE6083
:105280006B6006B070BD00BF586C0020704C0020F1
:1052900070D900204D57030070D10020BFB5002009
:1052A000FFF71EFF2B4B03F5006282F3088883F3A0
:1052B0000A880024E023284D284F85F82230EC7717
:1052C0002C766C76AC7685F820406B6A43F4E0234C
:1052D0006B6285F82340E6F79DFCE6F735FE4FF05C
:1052E000FF33AB62EB62E7F705F8E6F751FEE2F752
:1052F0009BFE1B4801F0B4FFFFF734FEE7F7C0FC4C
:105300000120FFF7EDFE0220164DFFF7E9FE02F047
:1053100019FD154B15495D61154B4FF4006205935E
:1053200001232846CDE90343CDE901443B460094DF
:1053300001F0EAFE06466A7B284622F004026A7300
:1053400002F014F92046FFF775FF3A463146284629
:10535000E6F7DAFD70D1002000ED00E01151030006
:10536000104E0020F04C0020586C0020B0DA0020D5
:10537000323B050038B50D4C0D4DAC4213D90D49EB
:105380001A230D4A0D4809F0F9FE0D4809F0F6FE02
:105390001A21094809F0E9FE2046D4E9011210F06B
:1053A000DCFD1834E9E7F7D3002038BDC02F00201A
:1053B000D82F0020A23B05003A3B050013AD0400A6
:1053C000B7B10400F8B505460E4600F11404EFF33A
:1053D0001187202383F31288BFF36F8F204603F0D9
:1053E00003F968B988231B4A1B491C4809F0C6FE0B
:1053F00021461B4809F0C2FE8821164809F0B5FE77
:10540000204603F015F928463146DFF7C9FB05F1C0
:105410000C0010F0D9FE28B139462046BDE8F8400E
:1054200002F038BB204603F0EDF868B940F23113C2
:10543000084A0C49094809F0A1FE21460A4809F02A
:105440009DFE40F23111D8E787F31188BFF36F8FCB
:10545000F8BD00BFF1B004001EB1040013AD04009C
:1054600033B1040049B1040060B10400002038B534
:105470000C4C0D4DAC4213D90C4994230C4A0D48E9
:1054800009F07CFE0C4809F079FE9421084809F0E7
:105490006CFE204610F06BFD002802DB2034E9E7AB
:1054A000F7D338BD202F0020C02F0020E03B05009F
:1054B000BB3B050013AD0400B7B104002DE9F74371
:1054C00005460F4691461C4600F10806EFF3118889
:1054D000202383F31288BFF36F8F304603F084F8E4
:1054E00060B98823314A3249324809F047FE3146D3
:1054F000314809F043FE88212C4826E0304603F06D
:1055000097F82B691BB33B601C68EB692C61013376
:10551000EB6114B96A6993421FD0EB68E41A09D4AD
:10552000D5E905235A43A24204D9B4FBF3F203FBA5
:10553000124494B12149E923214A1E4809F01EFE74
:10554000204809F01BFEE9211D4809F00EFE59EA2A
:10555000040214D16FF00B043B60304603F052F8A4
:10556000F0B940F23113114A1749124809F006FE0A
:105570003146164809F002FE40F23111BCE7CDE990
:1055800000942A464146304602F0D2F8044618B943
:105590000F4B9B685B693B60204603B0BDE8F0831E
:1055A00088F31188BFF36F8FF6E700BFF1B00400F6
:1055B0001EB1040013AD040033B10400FD3B05002F
:1055C000BB3B0500793C050049B1040060B1040013
:1055D000586C00202DE9F843C3680546CB1A0E46E7
:1055E00023D4D0E90512514399421ED9B3FBF2F1FD
:1055F00002FB1133CBB900F10807EFF31189202426
:1056000084F31288BFF36F8F384602F0EDFFD8B9EC
:105610008823414A4149424809F0B0FD3946414892
:1056200009F0ACFD88213C480CE03F4940F21113E1
:105630003E4A3B4809F0A2FD3D4809F09FFD40F27B
:1056400011113A4809F091FD384602F0F1FFD5F802
:105650001080B8F1000F40D1EFF3118384F312886A
:10566000BFF36F8F83F31188BFF36F8F5BB931493D
:10567000B023314A2A4809F081FD304809F07EFD07
:10568000B0212D48DEE72C68A54226D02CB3A368B4
:105690003BB92B499923284A214809F06FFD9921EC
:1056A000EFE7D4E9003213605A60637BC4E90088F5
:1056B00023F002036373C4F8088004F1180003F0B8
:1056C000EDF82046C4F87C80666101F04FFF494642
:1056D0003846BDE8F84302F0DDB92B69384633603F
:1056E000EB692E61013BEB6102F08CFF68B940F27F
:1056F0003113094A13490A4809F040FD3946124856
:1057000009F03CFD40F231118DE789F31188BFF3B8
:105710006F8FBDE8F88300BFF1B004001EB1040034
:1057200013AD040033B10400821E0500BB3B05002D
:10573000943C05001DB20400F2B1040035B204002F
:1057400038B2040049B1040060B1040008B50D4B43
:105750009B6893F90E30002B09DB2024EFF31183B3
:1057600084F31288BFF36F8F0BF03EFAF6E7064919
:1057700006481C23064A09F001FD1C21044809F0D3
:10578000F4FC00BF586C0020D73C050013AD0400AA
:10579000B63C05002DE9F341044617461E46EFF3DB
:1057A000058565B158496F23584A594809F0E6FC08
:1057B000584809F0E3FC6F21544809F0D6FCEFF398
:1057C0001188202383F31288BFF36F8F524802F0B1
:1057D0000BFF60B98823514A51494D4809F0CEFC6E
:1057E0004D49504809F0CAFC88214C48E5E74A4831
:1057F00002F01EFFE3684C4A9BB1A06891688842A2
:1058000029D057EA06032ED1434802F0FBFEA0B18F
:1058100088F31188BFF36F8F6FF00F0002B0BDE8FF
:10582000F081916891F90E100133E36093683A4872
:105830002161A36002F0E6FE78B940F23113374AE5
:105840003A49334809F09AFC3349394809F096FC43
:1058500040F23111C9E72169E6E788F31188BFF307
:105860006F8F0020DAE791F90E1090F90E306FF08B
:105870007E029942A8BF19469142B8BF11468B4299
:1058800002DD10F09DFB054622464146CDE900763B
:10589000214801F04DFF0028E3D0EFF311862023CB
:1058A00083F31288BFF36F8F1B4802F09DFE002820
:1058B00090D0194802F0BCFEA068C0B123682169ED
:1058C0009C420AD04BB193F90E309942A8BF1946B9
:1058D0006FF07E039942B8BF194610F071FB30B1EA
:1058E00031460D4802F0D6F86FF00A0096E7002D19
:1058F000F6D1094802F086FE00289ED086F3118872
:10590000BFF36F8FF0E700BF213D0500FF3C0500AE
:1059100013AD0400333D0500786C0020F1B00400A5
:105920001EB1040033B10400586C002049B10400DA
:1059300060B10400F8B50546EFF3058363B154493F
:10594000D723544A544809F019FC544809F016FC6E
:10595000D721504809F009FC8368002B00F09280A1
:105960004F4A9268934240F09080C3683BB94D49DA
:10597000EF23484A484809F001FCEF21E9E7012BF1
:1059800003D0013BC3600020F8BDEFF31187202452
:1059900084F31288BFF36F8F434802F025FE60B98D
:1059A0008823424A42493C4809F0E8FB3E494148C5
:1059B00009F0E4FB88213D48CCE73B4802F038FE83
:1059C0002969A86810F0FCFAEFF3118384F31288B8
:1059D000BFF36F8F83F31188BFF36F8F5BB93649C5
:1059E000B023364A2C4809F0C9FB354809F0C6FBFC
:1059F000B0213248AEE72C68AC4215D100232A48CA
:105A0000C5E9023302F0FEFD002836D140F2311321
:105A1000264A2C49204809F0B1FB23492A4809F0BD
:105A2000ADFB40F23111C6E7002CE7D0A3683BB9CB
:105A300026499923214A184809F0A0FB9921D8E763
:105A40000026D4E9003213605A60637BC4E9006623
:105A500023F002036373A66004F1180002F01EFF36
:105A6000AC6094F90E3020462B61E66701F07EFDB4
:105A700039460D4802F00EF885E787F31188BFF329
:105A80006F8F80E76FF015007EE74FF0FF307BE708
:105A9000213D0500FF3C050013AD0400333D05002A
:105AA000586C0020583D0500786C0020F1B00400CF
:105AB0001EB1040033B104001DB20400F2B10400B1
:105AC00035B2040049B1040060B1040038B20400EA
:105AD00008B583684BB90B490B4899230B4A09F069
:105AE0004DFB9921094809F040FBD0E900321360D1
:105AF0005A600023427BC0E9003322F00202427365
:105B0000836008BD38B2040013AD0400F2B1040094
:105B10002DE9F04704460F4691469A469DF82080AD
:105B200000F10805EFF31186202383F31288BFF3F9
:105B30006F8F284602F058FD60B98823504A5149BA
:105B4000514809F01BFB2946504809F017FB8821F2
:105B50004B481DE0284602F06BFDB8F1000F00D065
:105B60006768EFF31183202282F31288BFF36F8FEF
:105B700083F31188BFF36F8F63B94549B023454A5A
:105B8000414809F0FBFA444809F0F8FAB0214148CD
:105B900009F0EBFA234653F80C8F984519D0B8F169
:105BA000000F16D04046FFF793FF08F1180002F0EF
:105BB00075FE00234046C8F87C30C8F8149001F008
:105BC000D5FC3146284601F065FF00242046BDE89B
:105BD000F087BAF1000F14D0082003F035FA00283E
:105BE00046D00122C0F804900260016801F0030170
:105BF0005FB922680A430260626820606AB9606027
:105C00000BE04846C9F800A0EFE73A68032A24D819
:105C100001606168D9B9C4E9000004F114000421ED
:105C200003F0B4F804460028CBD1284602F0EAFC81
:105C300008BB40F23113124A1849134809F09EFA82
:105C40002946174809F09AFA40F2311180E70A68AC
:105C500002F0030202430A60D1E722F003020A4382
:105C600002603A6802F0030240EA02033B60D4E7B4
:105C70006FF00B04D9E786F31188BFF36F8FA5E7A8
:105C8000F1B004001EB1040013AD040033B10400F0
:105C90001DB20400F2B1040035B2040049B10400A1
:105CA00060B104002DE9F743064690461F4600F117
:105CB0000805EFF31189202383F31288BFF36F8F58
:105CC000284602F091FC68B98823254A25492648D0
:105CD00009F054FA2946254809F050FA882120484D
:105CE00009F043FA284602F0A3FC3468FCB12368AB
:105CF000726823F00303944220464FF001013360A1
:105D000008BF736010F06BF90446284602F07AFC75
:105D1000E8B940F23113124A1549134809F02EFA36
:105D20002946144809F02AFA40F23111D7E758EA17
:105D30000703EAD049462846CDE9008706F10C0260
:105D400001F0F6FC38B90C4B9B685C6903E089F301
:105D50001188BFF36F8F204603B0BDE8F08300BF0A
:105D6000F1B004001EB1040013AD040033B104000F
:105D700049B1040060B10400586C002008B5836884
:105D80004BB90B490B4899230B4A09F0F7F99921B4
:105D9000094809F0EAF9D0E9003213605A6000239B
:105DA000427BC0E9003322F002024273836008BDE7
:105DB00038B2040013AD0400F2B1040070B504461B
:105DC000EFF31186202585F31288BFF36F8F3348D8
:105DD00002F00AFC60B98823314A3249324809F09E
:105DE000CDF92E49314809F0C9F988212C4818E02D
:105DF0002A4802F01DFCEFF3118385F31288BFF3EC
:105E00006F8F83F31188BFF36F8F63B92849B02375
:105E1000284A254809F0B2F9274809F0AFF9B0211E
:105E2000244809F0A2F92568AC4212D08DB1284669
:105E3000FFF7A4FF05F1180002F030FD002328460B
:105E4000EB6701F093FB3146BDE87040134801F069
:105E500021BED4E902329A4218BF01330221A36065
:105E600004F1100002F092FF0028ECD10B4802F080
:105E7000C9FB68B940F23113094A10490A4809F0D0
:105E80007DF906490E4809F079F940F23111ADE784
:105E900086F31188BFF36F8F70BD00BF7C6C00204C
:105EA000F1B004001EB1040013AD040033B10400CE
:105EB0001DB20400F2B1040035B2040049B104007F
:105EC00060B10400F7B5044616461D46EFF305839E
:105ED0007BB152EA05030CD02D4988232D4A2E4868
:105EE00009F04CF92D4809F049F98821294809F0B1
:105EF0003CF9EFF31187202383F31288BFF36F8FF0
:105F0000274802F071FB60B98823264A26492248B7
:105F100009F034F92249254809F030F9882121484F
:105F2000E5E71F4802F084FBA368D3B1013B1C489E
:105F3000A36002F067FB68B940F23113194A1C49AB
:105F4000154809F01BF916491A4809F017F940F2EB
:105F50003111E4E787F31188BFF36F8F002003B09E
:105F6000F0BD56EA05030BD10D4802F04BFB0028AB
:105F7000E2D087F31188BFF36F8F6FF00F00EEE769
:105F800022463946CDE90065054801F0D1FBE6E738
:105F90008F3D05006F3D050013AD040035B20400D0
:105FA0007C6C0020F1B004001EB1040033B1040089
:105FB00049B1040060B104002DE9F0470446EFF355
:105FC0001188202787F31288BFF36F8F354802F0BE
:105FD0000BFB064660B98823334A3449344809F03C
:105FE000CDF83049334809F0C9F888212E481CE023
:105FF0002C4802F01DFB4FF000096FF00A0AEFF386
:10600000118387F31288BFF36F8F83F31188BFF377
:106010006F8F63B92849B023284A254809F0AEF8A4
:10602000274809F0ABF8B021244809F09EF825680C
:10603000AC420ED06DB12846FFF7A0FE05F1180066
:1060400002F02CFC2846C5F87CA001F08FFAB1467E
:10605000D5E700230221A36004F1100002F096FEB0
:10606000A0B9B9F1000F11D10E4802F0CBFA98B9DE
:1060700040F231130C4A13490D4809F07FF80949E1
:10608000114809F07BF840F23111AFE74146BDE815
:10609000F047044801F0FEBC88F31188BFF36F8F0E
:1060A000BDE8F0877C6C0020F1B004001EB1040054
:1060B00013AD040033B104001DB20400F2B10400BA
:1060C00035B2040049B1040060B1040007B5074BC4
:1060D0004FF48052009306494FF0FF33054800F01B
:1060E0002DFC002003B05DF804FB00BFA890040065
:1060F000B0E20020704D00202DE9F0430446764EBA
:10610000764F85B0EFF31188202383F31288BFF315
:106110006F8F304602F068FA68B98823704A714977
:10612000714809F02BF86C49704809F027F888216C
:106130006B4809F01AF8304602F07AFAD4F8845025
:10614000F5B9022104F19C000FF08BFF002840D02C
:1061500004F1940500220121284602F0FDF80028F0
:10616000F8D100234FF0FF3202934FF0FF33414646
:10617000CDE90023304604F18C0202F04BF9C1E76F
:10618000D4F888202B68954208BFC4F88830C4F83A
:106190008430D4F89C30304643F00203C4F89C307D
:1061A000EB68D5F8049023F0040343F00103EB609F
:1061B00002F028FAF8B940F23113494A4C494A48EA
:1061C00008F0DCFF44494B4808F0D8FF40F2311199
:1061D000AEE7D4F89C30DD06C3D5C4F89C003E4839
:1061E00002F010FA0028E6D088F31188BFF36F8F11
:1061F00005B0BDE8F08388F31188BFF36F8FB9F164
:10620000000F0AD13C49384840F2AB233B4A08F022
:10621000B5FF40F2AB2139488BE72846C847EFF37A
:106220001188202383F31288BFF36F8F304602F06A
:10623000DBF900283FF471AF304602F0F9F9EB6862
:10624000D90623F0010231D4EA60EB689A0716D52B
:10625000386823F00203EB6088B10021036870B155
:106260004268954230D1036841BB7A683B60824204
:1062700000D17B60002340F8083BFFF79FFDD4F876
:106280009C30304623F00203C4F89C30C3F3002551
:1062900002F0B8F900288ED088F31188BFF36F8F11
:1062A000002D7FF42FAF01F055FD2BE723F01103F4
:1062B000EB6005F11000FFF781FDC6E70B607B681E
:1062C000834208BF7960D5E723B11A6801461846B2
:1062D0001346C4E71A46F9E7886C0020806C00205A
:1062E000F1B004001EB1040013AD040033B104008A
:1062F00049B1040060B10400AC370500E63D05007B
:1063000070B5C3680546C3F340069B070C460DD520
:106310000122002104F108000FF093FE0023236006
:10632000054B65605A681AB9C3E90044304670BD30
:1063300014605C60FAE700BF806C0020F8B5C368A9
:1063400004469A070F46C3F340063BD45B0727D4A5
:106350000B680BB983680B60E368DD0723D5A3687E
:106360005BB9294929484FF4AA73294A08F006FF66
:106370004FF4AA71264808F0F8FE02263B603D68FB
:10638000002D3ED0234B9A68D5F880309A420CD02D
:10639000D5F89C30D807C3F3800216D46FF01206EC
:1063A00000233B6027E00126E9E70FF0BFFED5F8A8
:1063B0009C300028EED1D907C3F3C002EED552B10C
:1063C0005B0708D46FF00F06EAE7002AFAD1C3F39F
:1063D000C003002BF6D100232360D5F8883063B9C1
:1063E000C5E9214428460FF057FEE36843F0040353
:1063F000E3603B68A3603046F8BD1C60C5F8884088
:10640000F0E76FF01506CBE7073E050013AD04007B
:10641000E63D0500586C002073B50446EFF3118586
:10642000202383F31288BFF36F8F1E4802F0DCF83D
:1064300068B988231C4A1D491D4808F09FFE194968
:106440001C4808F09BFE8821174808F08EFE15486E
:1064500002F0EEF800230321201F0193A4F110069F
:106460000FF0FFFD28B1A369304601A90193FFF7A2
:1064700065FF0C4802F0C6F868B940F231130A4AC9
:106480000D490B4808F07AFE06490C4808F076FEE4
:1064900040F23111D8E785F31188BFF36F8F02B056
:1064A00070BD00BF886C0020F1B004001EB1040074
:1064B00013AD040033B1040049B1040060B104001D
:1064C00038B50D46044648B90C4999230C4A0D4885
:1064D00008F054FE99210A4808F047FE39B90A49E4
:1064E0009A23074A074808F049FE9A21F3E7102249
:1064F000002110F0D3FE656038BD00BFC33E05002B
:10650000E63D050013AD0400AC370500F8B5C368DF
:10651000064603F00503002B0C4614BF0127002795
:1065200029D085685DB91D491D484FF4DF731D4AA8
:1065300008F024FE4FF4DF711A4808F016FE01221D
:10654000002104F110000FF07CFD20461649FFF7F2
:10655000B7FFE36843F01003E360F3685B0712D50D
:10656000336823606BB9D5F8883033B9C5E9214465
:1065700028460FF091FD3846F8BD1C60C5F88840EC
:10658000F6E73460F4E7D5F884302360D5F8883036
:10659000C5F88440002BEBD1F0E700BF0D3E0500AD
:1065A00013AD0400E63D05007960040038B50446EB
:1065B000EFF31185202383F31288BFF36F8F184800
:1065C00002F012F868B98823164A1749174808F0EC
:1065D000D5FD1349164808F0D1FD8821114808F06F
:1065E000C4FD0F4802F024F8E4680D4804F01F04CD
:1065F00002F008F868B940F231130A4A0D490B4815
:1066000008F0BCFD06490C4808F0B8FD40F2311115
:10661000E4E785F31188BFF36F8F204638BD00BFD4
:10662000886C0020F1B004001EB1040013AD04001A
:1066300033B1040049B1040060B1040037B50C4621
:10664000019059B928494FF4BD73284A284808F0E9
:1066500095FD4FF4BD71254808F087FD4B684BB997
:10666000244940F27B13214A214808F087FD40F27B
:106670007B11F0E7EFF31185202383F31288BFF33A
:106680006F8F1D4801F0B0FF60B988231B4A1C4979
:10669000174808F073FD18491A4808F06FFD882163
:1066A0001648D9E7144801F0C3FF204601A9FFF7B7
:1066B00045FE0446104801F0A5FF68B940F23113C9
:1066C0000E4A11490A4808F059FD0B490F4808F0D5
:1066D00055FD40F23111E3E785F31188BFF36F8F69
:1066E000204603B030BD00BFC33E0500E63D0500B7
:1066F00013AD0400223E0500886C0020F1B00400B8
:106700001EB1040033B1040049B1040060B10400BB
:10671000014601480FF0FABC704D002070B50C46E0
:10672000054658B938494FF4E573384A384808F0F7
:1067300025FD4FF4E571354808F017FDC368DB050A
:1067400009D5344940F2CB13304A314808F016FDE0
:1067500040F2CB11EFE70FF0E9FC48B12E494FF4BE
:10676000E6732A4A2A4808F009FD4FF4E671E2E789
:106770004CB92A4940F2CD13244A254808F0FEFCC2
:1067800040F2CD11D7E7EFF31186202383F312886F
:10679000BFF36F8F224801F027FF60B98823214A99
:1067A00021491B4808F0EAFC1D49204808F0E6FC96
:1067B00088211C48C0E71A4801F03AFF28462146C4
:1067C000FFF7A4FE0546164801F01CFF68B940F229
:1067D0003113144A16490E4808F0D0FC10491548E8
:1067E00008F0CCFC40F23111E3E786F31188BFF3E7
:1067F0006F8F3DB14FF0FF324FF0FF3304F11000C7
:10680000FFF760FB284670BDC33E0500E63D05006E
:1068100013AD04003F3E0500DFE804006E3E0500B6
:10682000886C0020F1B004001EB1040033B10400F4
:1068300049B1040060B1040038B5044658B928498C
:106840004FF40A73274A284808F098FC4FF40A715D
:10685000244808F08AFCC368DB0509D5234940F2C7
:106860002923204A204808F089FC40F22921EFE73B
:10687000EFF31185202383F31288BFF36F8F1C4839
:1068800001F0B2FE60B988231A4A1B49164808F085
:1068900075FC1749194808F071FC88211548D8E79C
:1068A000134801F0C5FE20460FF0FDFB04461048DA
:1068B00001F0A8FE68B940F231130E4A10490A48A7
:1068C00008F05CFC0A490F4808F058FC40F231110E
:1068D000E4E785F31188BFF36F8F204638BD00BF12
:1068E000C33E0500E63D050013AD04003F3E050034
:1068F000886C0020F1B004001EB1040033B1040024
:1069000049B1040060B1040008B558B90849094804
:106910004FF43373084A08F031FC4FF433710648E2
:1069200008F023FCA022002110F0B8FC08BD00BF35
:106930000D3E050013AD0400E63D0500F0B589B03D
:1069400004460E9D58B92F4940F2F1232E4A2F4894
:1069500008F014FC40F2F1212B4808F006FC49B97C
:106960002B4940F2F223284A284808F007FC40F25D
:10697000F221F1E7D0F89C0010F0010009D0254980
:1069800040F2F323204A214808F0F8FB40F2F321BB
:10699000E2E7C4E9210004F18C00C4E9230004F11A
:1069A0009400C4E9250055B32879002840F201106D
:1069B00008BF0120C4F89C0000204FF0FF364FF0C4
:1069C000FF37CDE90330CDE90100CDE90667204668
:1069D000114B009400F0FEFB55B1296811B120461F
:1069E0000FF0AAFB6B791BB1237B43F001032373E8
:1069F000204601F02FFBC4F8804009B0F0BD012013
:106A0000D8E700BFB63E0500E63D050013AD040023
:106A1000BC3E0500823E0500F96003007FB50D46CF
:106A2000044658B93A494FF447733A4A3A4808F08D
:106A3000A5FB4FF44771374808F097FB0FF076FB42
:106A400048B1364940F21D33324A334808F096FBCC
:106A500040F21D31EFE7EFF31186202383F3128814
:106A6000BFF36F8F2E4801F0BFFD60B988232D4A18
:106A70002D49294808F082FB29492C4808F07EFB63
:106A800088212848D8E7264801F0D2FDD4F89C3068
:106A900013F0060F1DD1B5B143F00C03C4F89C30C0
:106AA00020460FF0F9FA00234FF0FF3202934FF027
:106AB000FF333146CDE90023194804F1940201F077
:106AC000A9FC04B070BDD4F884504DB143F0040368
:106AD000E4E743F00402C4F89C20002DE0D0DBE79B
:106AE0000F4801F08FFD68B940F231130D4A10498B
:106AF000094808F043FB0A490E4808F03FFB40F202
:106B00003111BEE786F31188BFF36F8F2846D8E7AF
:106B1000B63E0500E63D050013AD0400DFE80400C5
:106B2000886C0020F1B004001EB1040033B10400F1
:106B300049B1040060B1040038B50D46044658B9A7
:106B40000F4940F292330F4A0F4808F017FB40F20A
:106B500092310C4808F009FB49B90C4940F29333D3
:106B6000084A094808F00AFB40F29331F1E7302265
:106B7000002110F093FB4FF480736560E36038BD33
:106B8000C23E0500E63D050013AD0400AC3705002C
:106B9000F7B50C4616461D46019058B9334940F2E8
:106BA0000D43334A334808F0E9FA40F20D413048CA
:106BB00008F0DBFA49B9304940F20E432C4A2D481F
:106BC00008F0DCFA40F20E41F1E7EFF311872023E1
:106BD00083F31288BFF36F8F284801F005FD60B979
:106BE0008823274A2749234808F0C8FA234926481A
:106BF00008F0C4FA88212248DAE7204801F018FD9D
:106C0000E36813F01E0F27D155EA060216D120467D
:106C100001A9FFF793FB0446184801F0F3FCE8B91B
:106C200040F23113164A1949124808F0A7FA1349DD
:106C3000174808F0A3FA40F23111DCE743F00803EB
:106C4000E360019B04F11000A36232462B46114918
:106C500001F040FD0124DFE70024DDE787F3118820
:106C6000BFF36F8F204603B0F0BD00BF0D3E05009F
:106C7000E63D050013AD0400C23E0500886C00200F
:106C8000F1B004001EB1040033B1040049B10400A6
:106C900060B104001964030001460148FFF778BFA2
:106CA000704D0020F7B50C4616461D46019058B9A8
:106CB00032494FF48663324A324808F05FFA4FF4A3
:106CC00086612F4808F051FA49B92F4940F2314303
:106CD0002B4A2C4808F052FA40F23141F1E7EFF329
:106CE0001187202383F31288BFF36F8F274801F0A9
:106CF0007BFC60B98823264A2649224808F03EFAE0
:106D00002249254808F03AFA88212148DAE71F4845
:106D100001F08EFC20460FF0B0F955EA060316D1BB
:106D2000204601A9FFF70AFB0446184801F06AFC57
:106D3000E0B940F23113164A1849124808F01EFA19
:106D40001249174808F01AFA40F23111DDE7E368FA
:106D500004F1100043F00803E360019B3246A36294
:106D600010492B4601F0B6FC0124DEE787F31188B9
:106D7000BFF36F8F204603B0F0BD00BF0D3E05008E
:106D8000E63D050013AD0400C23E0500886C0020FE
:106D9000F1B004001EB1040033B1040049B1040095
:106DA00060B104001964030001460148FFF77ABF8F
:106DB000704D002038B5044658B92349234840F2A5
:106DC0005243234A08F0DAF940F25241204808F0D1
:106DD000CCF9EFF31185202383F31288BFF36F8F73
:106DE0001C4801F001FC60B988231B4A1B49174865
:106DF00008F0C4F917491A4808F0C0F98821164864
:106E0000E5E7144801F014FC20460FF036F920465F
:106E10000FF049F904460F4801F0F4FB68B940F25D
:106E200031130D4A0F49094808F0A8F909490E48DD
:106E300008F0A4F940F23111E1E785F31188BFF3BE
:106E40006F8F204638BD00BFC23E050013AD040061
:106E5000E63D0500886C0020F1B004001EB104007E
:106E600033B1040049B1040060B10400F8B50D4627
:106E7000044658B93E4940F263433E4A3E4808F052
:106E80007DF940F263413B4808F06FF949B93B494D
:106E900040F26443374A384808F070F940F26441E0
:106EA000F1E70FF043F948B1354940F26543314A03
:106EB000314808F063F940F26541E4E7EFF31186E9
:106EC000202383F31288BFF36F8F2E4801F08CFBD1
:106ED00060B988232C4A2D49274808F04FF92949E1
:106EE0002B4808F04BF988212748CDE7254801F0C9
:106EF0009FFBE36803F01F03002B14BF012700274B
:106F000017D1204801F07EFB68B940F231131E4AC8
:106F10002049194808F032F91A491F4808F02EF99B
:106F200040F23111E0E786F31188BFF36F8F3846E6
:106F3000F8BD20460FF0A1F820460FF0B4F8204627
:106F40002946FFF7DDF904460E4801F05BFB0028F7
:106F5000DBD086F31188BFF36F8F002CE7D04FF0A2
:106F6000FF324FF0FF3305F10800FEF7ABFFDEE71D
:106F7000C23E0500E63D050013AD04006E3E05006F
:106F8000DFE80400886C0020F1B004001EB10400AA
:106F900033B1040049B1040060B1040008B583684E
:106FA0004BB90B490B4899230B4A08F0E7F8992194
:106FB000094808F0DAF8D0E9003213605A6000237B
:106FC000427BC0E9003322F002024273836008BDB5
:106FD00038B2040013AD0400F2B104002DE9F84307
:106FE0000546EFF31188202787F31288BFF36F8FD0
:106FF0003B4801F0F9FA60B988233A4A3A493B48DC
:1070000008F0BCF836493A4808F0B8F88821354805
:1070100018E0334801F00CFBEFF3118387F312887B
:10702000BFF36F8F83F31188BFF36F8F63B931495B
:10703000B023314A2D4808F0A1F8304808F09EF8F6
:10704000B0212D4808F091F82C68A54234D09CB3AB
:1070500000262046FFF7A2FF04F1180001F01EFCF5
:10706000B1462046C4F87C9000F080FA0136EFF378
:10707000118387F31288BFF36F8F83F31188BFF3F7
:107080006F8F002BD3D02C68A54210D07CB1204646
:10709000FFF784FF04F1180001F000FCE1E788F33A
:1070A0001188BFF36F8F00263046BDE8F883414654
:1070B0000B4800F0EFFCF7E7094801F0A3FA0028BD
:1070C000EDD140F23113074A0D49084808F056F84F
:1070D00003490C4808F052F840F2311197E700BF1D
:1070E0008C6C0020F1B004001EB1040013AD04004C
:1070F00033B104001DB20400F2B1040035B2040043
:1071000049B1040060B104002DE9F04385B00F9D42
:1071100004460F2D0F46984638D1284B984539D153
:1071200004F15803C4E91633109B0026237304238B
:107130000732A57322F0070507EB0509494663737B
:107140002046C4E90666A660E673E4F7CDFA0E9B16
:10715000073020F00700E066C4E9197502930D9B23
:10716000A9EB000901930C9B4A460093394643461C
:107170002046E4F7ADFE124B66659B680BB12661B5
:107180001B6F4846236705B0BDE8F08305F1100387
:107190001E2BC5D940F205230A4A0B490B4807F0BC
:1071A000EDFF29460A486FF00F030E2207F0E6FFB5
:1071B00040F20521034807F0D8FF00BF4D570300F8
:1071C000586C0020D73E0500FA3E050013AD0400C0
:1071D0007A3F0500F0B587B00446DDE91276EFF39B
:1071E000058575B1194940F29223194A194807F0EB
:1071F000C5FF194807F0C2FF40F29221144807F07A
:10720000B4FF0595109D04950F9D03950E9D029565
:107210000D9D01950C9D0095FFF776FFB6F1FF3FA0
:1072200008BFB7F1FF3F05D056EA070305D1204656
:1072300000F010FF204607B0F0BD3A46334604F197
:107240001800064901F046FAF4E700BF213D0500A9
:10725000D73E050013AD0400AB3F0500AD6104004F
:1072600040F201138381002310B50446C0E91933AD
:1072700001F0E4FE014B9C6010BD00BF586C002083
:107280006FF00A01084A9368D967084998674B6804
:1072900043F080534B60002383F31188BFF36F8F5B
:1072A0009368D86F704700BF586C002000ED00E075
:1072B00038B590F90D200146002A437B11DA03F01E
:1072C0007F0343731B4B984209D11B491B4856232C
:1072D0001B4A07F053FF5621194807F046FF0EF0EE
:1072E00030FF184D2A4652F8184FAB68944200D030
:1072F00004B9EC688B4214D05BB91349D523134A07
:107300000E4807F03BFF124807F038FFD5210F4821
:10731000E3E75A7BD20604D1DA897F2A01D9A26930
:107320002AB1A34202D0204601F0D2F823466B6175
:1073300038BD00BF704C0020F23F050013AD0400C3
:10734000D03F0500586C00203F4005001340050069
:1073500035B2040008B583684BB909490948992337
:10736000094A07F00BFF9921074807F0FEFE0EF0CF
:10737000E8FE437B23F0020343730023836008BDD0
:1073800038B2040013AD0400F2B1040070B590F9F6
:107390000D20437B002A55DBD90653D163F07F03D0
:1073A00043732A4B984209D129492A484F232A4A34
:1073B00007F0E4FE4F21284807F0D7FE274C21466E
:1073C00051F8183FE5698B420BD1C0E900152860E0
:1073D000E06116E006691A6996420AD19D42F4D02E
:1073E0001B68002BF1D090F90E6093F90E209642A5
:1073F000F0D0921B002AF1DD5A68C0E9003210601B
:107400005860A5698D4200D005B9E568A3685BB9ED
:107410001349D523134A0F4807F0B0FE124807F06E
:10742000ADFED5210F48C7E75A7BD20604D1DA89D1
:107430007F2A01D9AA6932B1AB4202D0284601F0B5
:1074400047F8656170BD6361FCE700BF704C0020C8
:10745000F23F050013AD0400D03F0500586C00203A
:107460003F4005001340050035B2040070B590F9A7
:107470000D200146002A437B344C10DA03F07F03D1
:10748000A042437309D132495623324A324807F0A9
:1074900075FE56212F4807F068FE0EF052FE4B7B1A
:1074A000A14263F07F034B7307D129494F23294A37
:1074B000294807F063FE4F21ECE7284C204650F89E
:1074C000183FE56983420BD1C1E900052960E161FC
:1074D00016E00E691A6996420AD19D42F4D01B68E3
:1074E000002BF1D091F90E6093F90E209642F0D066
:1074F000921B002AF1DD5A68C1E90032116059601F
:10750000A569A368854200D005B9E5688B4214D00F
:107510005BB91349D523134A0F4807F02FFE1248D1
:1075200007F02CFED5210F48B5E75A7BD20604D1CF
:10753000DA897F2A01D9AA692AB1AB4202D028464A
:1075400000F0C6FF2B46636170BD00BF704C002089
:10755000F23F0500D03F050013AD0400586C002039
:107560003F4005001340050035B2040038B504461D
:10757000EFF31185202383F31288BFF36F8F174831
:1075800001F032F868B98823154A1649164807F001
:10759000F5FD1249154807F0F1FD8821104807F064
:1075A000E4FD0E4801F044F82046FFF7EFFE0B48DB
:1075B00001F028F868B940F23113094A0C490A4829
:1075C00007F0DCFD05490B4807F0D8FD40F231110A
:1075D000E4E785F31188BFF36F8F38BD906C00200E
:1075E000F1B004001EB1040013AD040033B1040077
:1075F00049B1040060B1040038B50446EFF31185C9
:10760000202383F31288BFF36F8F184800F0ECFF3C
:1076100068B98823164A1749174807F0AFFD134980
:10762000164807F0ABFD8821114807F09EFD0F4872
:1076300000F0FEFFA36813B12046FFF78BFE0B4856
:1076400000F0E0FF68B940F23113094A0C490A48DA
:1076500007F094FD05490B4807F090FD40F2311109
:10766000E2E785F31188BFF36F8F38BD906C00207F
:10767000F1B004001EB1040013AD040033B10400E6
:1076800049B1040060B1040038B50446EFF3118538
:10769000202383F31288BFF36F8F1E4800F0A4FFEE
:1076A00068B988231C4A1D491D4807F067FD194920
:1076B0001C4807F063FD8821174807F056FD154860
:1076C00000F0B6FF637B13F0280F0BD1A36813B152
:1076D0002046FFF73FFE637B204623F004036373DD
:1076E000FFF754FE0B4800F08DFF68B940F23113EC
:1076F000094A0D490A4807F041FD06490B4807F0C1
:107700003DFD40F23111D7E785F31188BFF36F8F4C
:1077100038BD00BF906C0020F1B004001EB1040021
:1077200013AD040033B1040049B1040060B104009A
:107730002DE9F047DFF8D4A0354D1746DDE908986C
:10774000DAF80820334BA84204460E461A600BD1E3
:107750003149324840F27223314A07F00FFD40F2BE
:1077600072212F4807F001FDEFF31183202383F3EB
:107770001288BFF36F8F284600F036FF60B9882368
:10778000284A2949254807F0F9FC2946274807F0E7
:10779000F5FC88212348E5E7284600F049FFDAF8A0
:1077A0000850394628460EF0D4FCB8F1FF3F08BF18
:1077B000B9F1FF3F06D04A4643461D4905F118007E
:1077C00000F088FF204600F01DFF68B9194940F21B
:1077D0006B13144A114807F0D1FC2146164807F0F4
:1077E000CDFC40F26B11D5E7094800F00BFF40B922
:1077F000104940F26B130B4A084807F0BFFC0449DC
:10780000ECE73046BDE8F047FFF73ABD586C002082
:10781000906C0020946C00206640050013AD0400BD
:10782000D03F0500F1B004001EB1040033B10400E4
:10783000AD61040049B1040060B1040070B50546B3
:10784000EFF31186202383F31288BFF36F8F1B4859
:1078500000F0CAFE68B98823194A1A491A4807F085
:107860008DFC1649194807F089FC8821144807F057
:107870007CFC124800F0DCFE2C68A54215D014B147
:107880002046FFF767FD0D4800F0BCFE78B940F2D6
:1078900031130B4A0E490C4807F070FC07490D489C
:1078A00007F06CFC40F23111E0E70024EBE786F3CF
:1078B0001188BFF36F8F204670BD00BF906C002011
:1078C000F1B004001EB1040013AD040033B1040094
:1078D00049B1040060B10400F8B504460D46EFF369
:1078E0001187202383F31288BFF36F8F5C4800F069
:1078F0007BFE60B988235B4A5B495C4807F03EFC2D
:1079000057495B4807F03AFC8821564818E054482C
:1079100000F08EFE637B03F01F02002A0CBF0126DD
:10792000002661D103F07F036373524B9C4209D15F
:1079300051494E485623514A07F020FC56214F48E2
:1079400007F013FC20460EF0FCFB4FFA85FC4C4D73
:10795000637B294663F07F0384F80EC0637351F89C
:10796000183F8B423ED1E869C4E900100460EC6125
:1079700019E0D4F810E01A69964502D0A2EB0E0285
:107980000AE08342F0D01B68002BEDD093F90E2063
:107990009445EED0A2EB0C02002AF2DD5A68C4E94D
:1079A000003214605C60AC698C4200D004B9EC68B1
:1079B000AB689C4202D0204600F08AFD6C612848EA
:1079C00000F020FE002845D140F23113254A2D4910
:1079D000264807F0D3FB22492B4807F0CFFB40F2A3
:1079E000311192E7E869CFE79B0731D5A16841B92A
:1079F00026491E489923264A07F0C0FB99212448AE
:107A00009EE720466DB20EF09CFBA5730B68994271
:107A10000FD14B68C4E900131C604C60CFE72069AC
:107A20001A69904201D0121A0AE04A689342F0D0D3
:107A30001B68002BEDD093F90E209542EFD0521B1E
:107A4000002AF2DD5A68C4E9003214605C60B6E7CF
:107A5000A573B4E787F31188BFF36F8F3046F8BD85
:107A6000906C0020F1B004001EB1040013AD0400BE
:107A700033B10400704C0020F23F0500D03F0500F8
:107A8000586C002049B1040060B1040038B2040011
:107A9000F2B1040070B504460D46F9B9EFF305865E
:107AA000E6B91A4B5A699B689A4217D000F0AAFDB2
:107AB00078B940F26B13164A1649174807F05EFB77
:107AC0002146164807F05AFB40F26B11104807F0A8
:107AD0004CFB3046BDE87040FFF7D2BB204600F0BB
:107AE00091FD68B940F23113094A0A490A4807F082
:107AF00045FB2146094807F041FB40F23111E5E71B
:107B000085F31188BFF36F8F70BD00BF586C0020E4
:107B1000F1B0040049B1040013AD040060B10400E9
:107B2000034648B9EFF3058232B9064A51699268B3
:107B3000914201D0FFF7A4BB83F31188BFF36F8F8D
:107B4000704700BF586C002010B5EFF3118420235C
:107B500083F31288BFF36F8F264800F045FD60B9AC
:107B60008823254A2549264807F008FB214925484E
:107B700007F004FB8821204810E01E4800F058FD63
:107B8000EFF3058363B120498F23204A1C4807F097
:107B9000F5FA1F4807F0F2FA8F211C4807F0E5FAC2
:107BA0001C4B9A68D37B012B0AD11B499023174A9F
:107BB000134807F0E3FA164807F0E0FA9021ECE7E3
:107BC000013BD3730B4800F01DFD68B940F231133F
:107BD000094A12490A4807F0D1FA0649104807F045
:107BE000CDFA40F23111C6E784F31188BFF36F8FED
:107BF00010BD00BF906C0020F1B004001EB1040065
:107C000013AD040033B10400213D0500F2B10400BE
:107C100035B20400586C00209F40050049B10400B3
:107C200060B1040070B5EFF31186202383F312884E
:107C3000BFF36F8F374800F0D7FC60B98823364A0E
:107C40003649374807F09AFA3249364807F096FA2B
:107C50008821314813E0344D2E4800F0E9FCAB6830
:107C6000DA7B72B9314940F20D33314A2C4807F0C2
:107C700085FA304807F082FA40F20D312C4807F0BF
:107C800074FAEFF3058161B12B4940F20E33284AB3
:107C9000234807F073FA274807F070FA40F20E31D4
:107CA000ECE70132DA732A4652F8184F944200D0BA
:107CB00004B9EC685A7BD20604D1DA897F2A01D94B
:107CC000A2692AB1A34202D0204600F001FC23465B
:107CD00010486B6100F096FC68B940F231130E4A0F
:107CE00016490F4807F04AFA0A49154807F046FABC
:107CF00040F23111ADE786F31188BFF36F8FEFF3D8
:107D00001180202383F31288BFF36F8FBDE870408A
:107D1000FFF706BF906C0020F1B004001EB1040014
:107D200013AD040033B10400586C0020D0400500AE
:107D3000D03F050035B20400213D050049B10400E3
:107D400060B10400024B03F11802C3E90622704738
:107D5000586C002070B5EFF3058373B13B4940F2D6
:107D600024433B4A3B4807F009FA3B4807F006FA30
:107D700040F22441364807F0F8F9EFF3118620234A
:107D800083F31288BFF36F8F344800F02DFC60B985
:107D90008823334A33492F4807F0F0F92F493248F6
:107DA00007F0ECF988212E48E5E7304C2B4800F02D
:107DB0003FFCA168E0690B68814214BF1A460022AB
:107DC00049680B605960A368E0692AB9284AC3E989
:107DD00000200360E3610DE093F90E5092F90E105C
:107DE0008D4226D0491B002927DD5168C3E90021B7
:107DF0000B605360A5691E4B9D4200D005B9E56834
:107E0000A3689D4202D0284600F062FB13486561DA
:107E100000F0F8FBA8B940F26B13114A15490D4860
:107E200007F0ACF90D49144807F0A8F940F26B11BE
:107E3000B9E71D6911698D42D4D18242C6D012685A
:107E4000C3E73046BDE87040FFF71ABA213D050090
:107E5000D03F050013AD040035B20400906C002043
:107E6000F1B004001EB1040033B10400586C0020CE
:107E7000706C002049B1040060B104002DE9F041AC
:107E800006460C46EFF3058777B1344940F23C4390
:107E9000334A344807F072F9334807F06FF940F27B
:107EA0003C412F4807F061F950EA010304D1FFF784
:107EB00051FF0020BDE8F081EFF31188202383F308
:107EC0001288BFF36F8F294800F08EFB60B98823BA
:107ED000274A2849234807F051F92449264807F042
:107EE0004DF988212248DDE7244D204800F0A0FB11
:107EF000A868234B1860FFF7DBF9A86823463246D1
:107F00002049183000F0E6FBAA680446537B174866
:107F100043F00403537300F075FB68B940F26B1330
:107F2000134A19490F4807F029F91049174807F073
:107F300025F940F26B11D5E74046FFF7A1F9AB6890
:107F4000D3E90A23B3F1004F08BFBA42B1D10EF012
:107F500065F9201A20EAE070ACE700BF213D05007A
:107F6000D03F050013AD040035B20400906C002032
:107F7000F1B004001EB1040033B10400586C0020BD
:107F8000946C0020AD61040049B1040060B10400AC
:107F900070B504460E46EFF3058575B11A4940F2F7
:107FA00066431A4A1A4807F0E9F81A4807F0E6F853
:107FB00040F26641154807F0D8F8FFF75FFFB6F1C9
:107FC000FF3F08BFB4F1FF3F0246204616D047F6F8
:107FD000FF704FF47A7403462946C2FB0431B3F5AF
:107FE000004F71F100020AD36FF400429A4243F647
:107FF000FF728A4105D3D80B40EA414070BD284644
:10800000FCE76FF00040F9E7213D0500D03F050097
:1080100013AD040035B2040038B500240B494FF409
:1080200000458C462146C0FB05C100236046084A36
:10803000D9F79AFEC117FFF721FF47F6FF73044AED
:10804000C0FB0234DB0B43EA444038BD3F420F0023
:1080500040420F0038B50446EFF31185202383F327
:108060001288BFF36F8F204800F0BEFA68B98823EA
:108070001E4A1F491F4807F081F81B491E4807F098
:108080007DF88821194807F070F8174800F0D0FAF9
:10809000637B5B0710D504F1180000F0FFFB637BE6
:1080A000204623F004036373FFF770F92946BDE807
:1080B00038400D48FFF7EEBC0B4800F0A3FA68B952
:1080C00040F23113094A0D490A4807F057F80649AA
:1080D0000B4807F053F840F23111D3E785F31188CC
:1080E000BFF36F8F38BD00BF906C0020F1B004006B
:1080F0001EB1040013AD040033B1040049B1040003
:1081000060B10400014B9868704700BF586C0020B4
:108110002DE9F8430446077BEFF31185202383F311
:108120001288BFF36F8F7B4800F05EFA68B988232E
:10813000794A7A497A4807F021F87649794807F070
:108140001DF88821744807F010F8724800F070FAA2
:10815000637B190717D56F4800F054FA68B940F2ED
:1081600031136D4A70496E4807F008F869496F4845
:1081700007F004F840F23111E4E785F31188BFF30A
:108180006F8FBDE8F883D90943F008027FD162738D
:10819000A36813B12046FFF7DDF804F1180000F0E2
:1081A0007DFBA66D04F15808B04511D04FF00009D1
:1081B00076B13046FFF7CEF806F1180000F06EFBFE
:1081C0003046C6F87C90FFF7E1F8A66DB045EFD1D8
:1081D000DFF85C81D8F808309C426DD1EFF3058957
:1081E000B9F1000918BF4FF00109D8F81860514AD9
:1081F000964200D00EB9D8F80C60B34202D0304697
:1082000000F066F9C8F81460B9F1000F02D04A48CE
:10821000FFF726F8D8F808309C4260D1EFF30586C6
:10822000002E5CD1237BDA071FD53A4800F0EAF92B
:10823000002894D085F31188BFF36F8F86F31188DF
:10824000BFF36F8F0423184602DFEFF3118520235D
:1082500083F31288BFF36F8F2E4800F0C5F9002812
:108260003FF465AF2B4800F0E3F92A4800F0CAF963
:1082700028BB40F26B13284A2B49294806F07EFFA1
:1082800024492A4806F07AFF40F26B115AE703F0BE
:108290007F0343F008036373284B9C4208D12849AD
:1082A0005623284A1E4806F069FF562125484AE70A
:1082B00020460DF046FF6BE74FF0000995E7284692
:1082C000FEF7DEFF20494FF4DD731E4A144806F026
:1082D00055FF1E4806F052FF4FF4DD71E6E70D48EA
:1082E00000F090F900283FF43AAF85F31188BFF30E
:1082F0006F8FFB077FF545AF40F23D53114A14499C
:10830000074806F03BFF2146124806F037FF40F2CF
:108310003D51CBE7906C0020F1B004001EB1040089
:1083200013AD040033B1040049B1040060B104008E
:10833000586C0020706C0020104E0020704C002003
:10834000F23F0500D03F0500014105000C4105004A
:108350002E410500394105002DE9F84306468846BF
:108360001746EFF31189202383F31288BFF36F8F31
:10837000214800F039F9054668B988231F4A204989
:10838000204806F0FBFE1C491F4806F0F7FE882136
:108390001A4806F0EAFE184800F04AF93468A64286
:1083A0001FD004B32046C4F87C806761FEF7D2FF7B
:1083B00004F1180000F072FA2046FEF7E7FF0E48BD
:1083C00000F020F988B940F231130C4A0F490D48EA
:1083D00006F0D4FE08490E4806F0D0FE40F23111F6
:1083E000D6E70025EBE72546E9E789F31188BFF3D7
:1083F0006F8F2846BDE8F883906C0020F1B0040030
:108400001EB1040013AD040033B1040049B10400EF
:1084100060B10400D3B5DDE90667089CCDE90067CB
:10842000FFF786F91CB1034B9B685B69236002B0C0
:10843000D0BD00BF586C002008B568B10F4B984202
:108440000AD303F11802904206D21822C01AB0FBD8
:10845000F2F302FB13034BB109490A4838230A4AD5
:1084600006F08CFE3821084806F07FFE0122074BFB
:10847000C0105843064B1A5408BD00BF904E002050
:108480007F41050013AD040057410500ABAAAAAA1D
:10849000FD800020C3897F2B12D80A4B1B6863B173
:1084A000094B90F90E201B689A4209DB437BDB06DF
:1084B00006D1064BC31A18BF012303F00100704711
:1084C0000023FAE7D02D0020986C0020704C00208B
:1084D00070B50E4B0E4C1E7C054606EB460304EBB6
:1084E000C304204600F0DAF900220A4B28469A55C8
:1084F000FFF7D0FF48B1084B2046BDE870401A682E
:108500000649013AD31700F0E5B870BD586C002059
:10851000904E0020FD800020D02D002039840300E3
:1085200038B5EFF31185202383F31288BFF36F8FE3
:10853000234800F059F868B98823224A2249234881
:1085400006F01CFE1E49224806F018FE88211D4830
:1085500006F00BFE1A4800F06BF81E4B1E4A9C6892
:108560001068A04213D1FFF7B3FF154800F04AF896
:1085700008BB40F23113134A1849144806F0FEFDB7
:108580000F49174806F0FAFD40F23111DFE70021EC
:108590001B7C1160134AD35C002BE6D02046FFF70A
:1085A00079FF0028E1D0637BDB0602D12046FEF78D
:1085B0005DFF2046D7E785F31188BFF36F8F38BD85
:1085C000906C0020F1B004001EB1040013AD040053
:1085D00033B10400586C0020946C002049B10400B1
:1085E00060B10400FD800020006838B1044B00F049
:1085F00003001B7CC01A18BF012070470120704780
:10860000586C0020002302680360EFF30581074BDC
:1086100019B19968497BC90706D4197C9868084341
:10862000831A58425841704701207047586C002007
:10863000024B1A7C9B68134303607047586C002000
:10864000074808B5074A0849121A0DF084FCBDE82E
:1086500008400648064A0749121A0DF07CBC00BFC4
:10866000C024002044350020C4450500B824002063
:10867000C0240020BC450500024B1868984208BF82
:1086800000207047D42D0020034B1B680BB9F6F770
:1086900041BF0020704700BF9C6C002030B570B116
:1086A0000B4B5B6898420AD0036843B1D3E90421BD
:1086B000D0E90445121941EB0501C3E90421D0E9D1
:1086C000003213605A600023C0E9003330BD00BFA0
:1086D000D42D0020B3F1FF3F08BFB2F1FF3F2DE9D9
:1086E000F74F044690469B4615461F4600F0B8805B
:1086F000D0F80090B9F1000F0CD05B4972235B4AAF
:108700005B4806F03BFD5B4806F038FD7221574898
:1087100006F02BFD8160EFF311830193202383F397
:108720001288BFF36F8F5448FFF75EFF824660B92F
:108730008823524A52494E4806F020FD4E4951487E
:1087400006F01CFD88214D48E2E74B48FFF770FF1B
:10875000B8F1FF3F7BF1FF334B4A1FDBFFF794FF7C
:10876000064601354BF1000B474A2D184BEBE073E1
:10877000D2E90017C4E904536D1843EB0707FFF76C
:108780007BFF0346DFF804E1DEF80490F3B9C4E9A7
:1087900000E9C9F80040CEF8044029E06FF0010379
:1087A000D2E900125B1A4FF0FF3161EB0202B3EB2A
:1087B000080362EB0B02012B72F10001BCBF012325
:1087C0004A464FF0000AC4E90432D8E7D3E9041C52
:1087D000D4E904208A4270EB0C0B2EDA891A5A680D
:1087E0006CEB0000C3E90410C4E9003214605C6063
:1087F000FFF742FF84420ED1254B1B685BB9BAF1EB
:10880000000F02D1FFF740FF064630460DF0EFFCA7
:108810000021F6F759FE1848FFF7F4FEB0B940F210
:108820003113164A1B49124806F0A8FC12491A488F
:1088300006F0A4FC40F2311185E7521A60EB0C00FF
:108840009945C4E90420A2D01B689FE7019B83F3EC
:108850001188BFF36F8F2846394603B0BDE8F08F0B
:1088600000252F46F7E700BF5443050030430500BD
:1088700013AD040035B20400A06C0020F1B0040078
:108880001EB1040033B10400A84E0020D42D0020F6
:108890009C6C002049B1040060B1040070B504462E
:1088A000EFF31186202383F31288BFF36F8F2348E1
:1088B000FFF79AFE68B98823214A2249224806F028
:1088C0005DFC1E49214806F059FC88211C4806F031
:1088D0004CFC1A48FFF7ACFE236833B3FFF7CCFE1D
:1088E00005462046FFF7DAFE00224FF00043A5427E
:1088F000C4E9042306D1FFF7C7FE0DF078FC002180
:10890000F6F7E2FD00240D48FFF77CFE80B940F247
:1089100031130B4A0E490C4806F030FC07490D484C
:1089200006F02CFC40F23111D0E76FF01504EAE7B5
:1089300086F31188BFF36F8F204670BDA06C0020B6
:10894000F1B004001EB1040013AD040033B1040003
:1089500049B1040060B104002DE9F0470446EFF38B
:108960001188202383F31288BFF36F8F4348FFF7EA
:108970003BFE68B98823424A4249434806F0FEFB61
:108980003E49424806F0FAFB88213D4806F0EDFBDF
:10899000DFF8FC903948FFF74BFEC9F80040FFF7BD
:1089A0006BFE002604460027DFF8E8A0D9F8003067
:1089B000DAE900C0D91754B1D4E90452AB4271EBE3
:1089C000020E1FDAED1A62EB0102C4E90452002420
:1089D00013EB0C0340EB01012046CAE90031C9F852
:1089E00000400DF004FC2146F6F76EFD2348FFF72A
:1089F00009FEB0B188F31188BFF36F8FBDE8F0476F
:108A0000FFF78EBD15EB0C0340EBE570CAE90030B3
:108A1000C4E904672046FFF741FE1848FFF7F2FD5E
:108A200068B940F23113164A1B49174806F0A6FBF5
:108A300012491A4806F0A2FB40F23111A5E788F36B
:108A40001188BFF36F8F2046A3689847EFF3118812
:108A5000202383F31288BFF36F8F0848FFF7C4FD0C
:108A6000002887D00548FFF7E3FDD9F800305B1BED
:108A7000C9F80030FFF700FE044697E7A06C00201D
:108A8000F1B004001EB1040013AD040033B10400C2
:108A90009C6C0020A84E002049B1040060B1040085
:108AA00070B5EFF31186202383F31288BFF36F8F25
:108AB0001A48FFF799FD68B98823194A19491A48D5
:108AC00006F05CFB1549194806F058FB882114484C
:108AD00006F04BFB1148FFF7ABFDFFF7D5FD144A3D
:108AE000D2E90045041945EBE0750C48FFF78AFD13
:108AF00068B940F231130A4A0E490B4806F03EFBB2
:108B000006490D4806F03AFB40F23111DFE786F3E3
:108B10001188BFF36F8F2046294670BDA06C0020DE
:108B2000F1B004001EB1040013AD040033B1040021
:108B3000A84E002049B1040060B10400F8B5044615
:108B4000EFF31187202383F31288BFF36F8F4F4811
:108B5000FFF74AFD68B988234D4A4E494E4806F052
:108B60000DFB4A494D4806F009FB8821484806F0AC
:108B7000FCFA4648FFF75CFD226892B14348FFF7D4
:108B800041FD00287CD140F23113414A444942481A
:108B900006F0F4FA3D49434806F0F0FA40F231118C
:108BA000E4E7D4E90A36581C46F10001022871F1C5
:108BB000000127D3012B76F10001BCBF012316462B
:108BC0005D1E46F1FF360DF02DFB013041F1000135
:108BD000401946EB0101012871F100014BDB0DF05A
:108BE00021FB013041F100016FF00102401946EB19
:108BF00001034FF0FF31121A61EB030320462A49AB
:108C0000FFF768FD236B01332363236AD3B11F4849
:108C1000FFF7F8FC0028B6D087F31188BFF36F8FF9
:108C20002046236A9847EFF31187202383F31288A5
:108C3000BFF36F8F1548FFF7D7FC00288BD0134880
:108C4000FFF7F6FC54F8185FA54297D0002D95D099
:108C50002846FEF7D1FC00230C48EB67FFF7D2FC57
:108C6000002890D087F31188BFF36F8F2846BDE8A6
:108C7000F840FEF77BBC6FF001024FF0FF33BDE719
:108C800087F31188BFF36F8FF8BD00BFA46C00207D
:108C9000F1B004001EB1040013AD040033B10400B0
:108CA00049B1040060B104003D8B03002DE9F84395
:108CB000064614461D4691469846EFF31187202339
:108CC00083F31288BFF36F8F2848FFF78DFC68B9D4
:108CD0008823274A2749284806F050FA234927487D
:108CE00006F04CFA8821224806F03FFA1F48FFF7A9
:108CF0009FFCB5F1FF3F08BFB4F1FF3F11D11B4806
:108D0000FFF780FC60BB40F23113194A1C491A4836
:108D100006F034FA15491B4806F030FA40F23111DA
:108D2000E1E7631C75F1FF330ADB012C75F10003E9
:108D30002246BCBF0122002512F1FF3945F1FF3860
:108D40003046FFF7ABFDDDE90823C6E90A2300231F
:108D50004A463363304643460B49FFF7BBFCCEE738
:108D600087F31188BFF36F8FBDE8F883A46C0020F0
:108D7000F1B004001EB1040013AD040033B10400CF
:108D800049B1040060B104003D8B0300F8B505460D
:108D90000E46EFF31187202383F31288BFF36F8F02
:108DA0001F48FFF721FC68B988231E4A1E491F4847
:108DB00006F0E4F91A491E4806F0E0F9882119483E
:108DC00006F0D3F91648FFF733FC2C68A5421CD0F7
:108DD000D4E9003213605A60002331462046C4E9CA
:108DE00000330DF08EFA0E48FFF70CFC78B940F214
:108DF00031130C4A0F490D4806F0C0F908490E48D6
:108E000006F0BCF940F23111D9E70024EBE787F313
:108E10001188BFF36F8F201E18BF0120F8BD00BF5F
:108E2000A86C0020F1B004001EB1040013AD0400D2
:108E300033B1040049B1040060B1040070B50446C8
:108E40000D46EFF31186202383F31288BFF36F8F53
:108E50002148FFF7C9FB68B98823204A20492148E7
:108E600006F08CF91C49204806F088F988211B4837
:108E700006F07BF91848FFF7DBFB01212068E5606D
:108E80008442A16011D11448FFF7BCFBE8B940F25D
:108E90003113124A1549134806F070F90E49144867
:108EA00006F06CF940F23111E1E7D0E900321360CD
:108EB0005A600023C0E900330DF023FA314604461E
:108EC0000548FEF7E7FD204670BD86F31188BFF325
:108ED0006F8F0024F7E700BFA86C0020F1B00400FA
:108EE0001EB1040013AD040033B1040049B1040005
:108EF00060B104002DE9F84F4F1E0F4206460D46A3
:108F00009A460BD02F4917232F4A304806F036F9DE
:108F10002F4806F033F917212B481CE0141D4DD2C1
:108F200041F0040B00F11408EFF31189202383F3BF
:108F30001288BFF36F8F4046FFF756FB68B988234E
:108F4000244A2549214806F019F94146234806F0EC
:108F500015F988211F4806F008F94046FFF768FB1D
:108F6000224659463046D04704464046FFF74AFB62
:108F700068B940F23113174A1949144806F0FEF84F
:108F80004146184806F0FAF840F23111E2E789F359
:108F90001188BFF36F8F8CB144F8046B7DB13C42F4
:108FA0000DD03423084A1049084806F0E7F8214656
:108FB0002A460E4806F0E2F83421ADE700242046A8
:108FC000BDE8F88FDB440500B744050013AD04008D
:108FD000F6440500F1B004001EB1040033B10400F2
:108FE00049B1040060B10400134505004545050082
:108FF0002DE9F04105460E4617460DF097F828B9C1
:10900000074B9B681C6F14B9BDE8F081054C3B46CB
:10901000324629462046BDE8F041FFF76BBF00BF4E
:10902000586C0020C02F002002460021014B02484E
:10903000FFF760BF97F00300C02F0020014B0367CC
:10904000704700BFC02F00200146024A0020FFF7F2
:10905000CFBF00BF97F0030001680E4A034691425C
:1090600015D1C169A2F11022A2F1EF1291420ED1E5
:109070008268012A0BD8C26812B101698A4206D0FF
:10908000586928B19B691B1A584258417047012002
:10909000704700BF55AA00FF70B50D4B9E68A6B182
:1090A0003046FFF7D9FF044678B9F3686BB93569E4
:1090B0000DB9204670BD2846FFF7CEFF28B9EB68F2
:1090C000B34202D12E462D69F2E70124F1E700BF39
:1090D000AC6C00202DE9F041444B454C05461B6823
:1090E00020468846984718B100242046BDE8F08104
:1090F000A4F1140754F8144CFB68DCB1BC68CCB183
:10910000002D66D0B8F1000F65D008FB05F6B6FB60
:10911000F5F5A84561D1311D5FD8B20711D026F011
:10912000030204321C4603E06168914257D2A469ED
:10913000002CF9D12F4B2E481B6898470028D4D01B
:10914000D2E73246EEE7891A232904F120051CD81C
:109150000123A360D4E90523AAB19361A3690BB1EC
:1091600062695A610023C4E905333B69DB0703D513
:10917000FFF792FF002835D13246002128462C46C1
:109180000EF08CF8D6E7FB60E8E702F1200C04EB68
:109190000C032039C3E90110DC602169164819610C
:1091A00044F80C00A0F11020A0F1EF10D86101B13B
:1091B000CB6061695961A069986141B18B6199691E
:1091C00001B14B6101212361C4E90121CAE7FB60C0
:1091D000F5E72C46AEE74446ACE70446AAE7A068AC
:1091E0000028B0D0012005F03DF800BFEC2D002094
:1091F000C06C0020E82D002055AA00FF70B5464B3A
:10920000464C05461B6820469847002840F082805F
:10921000002D43D054F8143CA4F11406002B3DD08B
:10922000B268002A3AD09D4203D3726813449D422B
:1092300002D3012005F016F8A5F120042046FFF71F
:109240000BFF0028F5D155F8183C012BF1D155F84A
:10925000143C45F8180C3BB39A682ABB55F81C2CF3
:1092600002F120015A680A445A6055E905321A6130
:1092700055F8145C2B6903B1DD60202200212046E3
:109280000EF00CF8286910B18368002B2ED03369DA
:109290009B0703D5FFF700FF0028CAD1BDE8704047
:1092A0001F4B1E481B68184755F8100C00282AD081
:1092B000836843BB42686368134420336360036977
:1092C0002361D4E905239AB9CBB943696361826903
:1092D000A261B3B19C61A36903B15C61236903B16D
:1092E000DC60202200210DF0D9FFD0E72C46E1E719
:1092F0009361A369002BE8D062695A61E5E7F360E6
:10930000F7E7F460E7E7F36845F8083C03B15C6110
:10931000F460BCE770BD00BFEC2D0020C06C0020E5
:10932000E82D002038B50C461C22002105461548C2
:109330000DF0B4FF144B15481B68984714491548A5
:1093400000F038F8232C1CD915F003031FBF043C90
:10935000E418C3F10403ED182246002128460DF05D
:109360009DFF084B0C49C3E90054203C9D606C6094
:109370009A6811609A68A1F11021A1F1EF11D161F1
:10938000DA6038BDAC6C0020F02D0020C06C0020ED
:10939000FD910300D590030055AA00FF014B1B6807
:1093A000184700BFE02D0020014B1B68184700BF85
:1093B000DC2D0020024B1860024B00201960704722
:1093C000E02D0020DC2D002010B50A46044619B11E
:1093D000024B00211B68984710BD00BFE42D002000
:1093E000F8B50D4E0D4C0E4D33680E489847677812
:1093F0002B680C48984733680B489847022F08D1D0
:109400002478E31F5C425C412B680748984720465C
:10941000F8BD0024F8E700BFEC2D0020C86C002048
:10942000E82D0020202A0020282A00200E4B03408F
:10943000B3F1607F06D1B1F5885F14BF6FF086008D
:1094400000207047B3F1707F0BD101F4E043B3F516
:10945000005F06D111F4E06F0CBF6FF086000020B2
:1094600070476FF0860070470000C07F8A4270B579
:1094700006460D4600F0ED80784922F4FF7323F094
:1094800001038B4213D022F0FF0001F5885188427E
:109490000DD0734C22F47F7121F00301A14206D05C
:1094A0007049884203D001F574518B422CD16E4B28
:1094B00025F0FF0199420FD115F0FF000BD06B4B47
:1094C00040F00070984240F0C68082EA0500FF2814
:1094D0008CBF0020012070BD654B9942ECD0A3F5F4
:1094E00088539942E8D025F4FF7323F00103B3F1C8
:1094F000062FE1D05B488142DED05E498B42DBD053
:10950000A1F584418B42D7D005F0FE43B3F1A06FA3
:1095100013D102F0FE43B3F1A06F40F0888082EADD
:10952000050333F47E1340F082802E047FD5C5F30B
:109530000540C2F305429042CAE74F498D420BD124
:109540004E4B9A4200F085804D4B22F47E1098429B
:1095500014BF00200120BEE7B3F1407F67D102F0C5
:10956000FE43B3F1407F62D182EA050030F47E14FD
:109570005DD131462846FFF759FF00286BD1414B9A
:1095800012F47C1103EA020318D0B3F1607FC2F336
:1095900005413DD13C48D3B243F0007383423BD0F8
:1095A00003F17E43043B112B01D83848C45C15F409
:1095B0007C1FC5F3054331D18C42C9E7B3F1607F0D
:1095C0000DD13148D3B243F0007383421ED003F172
:1095D0007E43043B112BDDD82D49C95CDAE7B3F19A
:1095E000707FE4D106F4E043B3F5005F03D10121BD
:1095F000C6F30223994006F4E043B3F5005FD6D1E9
:109600000120C6F3022600FA06F4D0E71021C1E7D4
:10961000B3F1707FCBD1EEE71024C8E712F47C1FC2
:1096200001D1A34215D02C0401D58B4250E725F07F
:10963000004323F47F03B3F1106F0CD102F0FE431B
:10964000B3F1106F07D11348104040F01060A842EA
:109650007EE701203FE700203DE700BF0002000653
:10966000000400060009000600030006FF000002D7
:1096700000130006004600060093C0040013C00457
:10968000000140050000C07F030000026D45050099
:109690006D4505000000FFF62DE9F84388461746A2
:1096A0001C4600F0B7FC054688BBD8F80060B6F849
:1096B000009009F4E043B3F5804FB36808BF27F08A
:1096C000010737EA03031AD10CB3274B24F0FF023A
:1096D0009A421FD114F0FF0304D0244A43F00073D0
:1096E000934236D022464846F168FFF7BFFE074650
:1096F00068B9224648463169FFF7B8FE90BB6FF063
:10970000840500233046C8F8003000F0B7FC284636
:10971000BDE8F883164B9A42DCD0A3F588539A42F1
:10972000D8D024F4FF7323F00103B3F1062FD1D076
:1097300010498A42CED0104A9342CBD0A2F584423F
:109740009342C7D004F0FE43B3F1407F04D1230419
:10975000C8D56FF08605D4E7B3F1A06FF7D0034BFF
:109760009C42BEE73D46D2E700030006FF00000230
:1097700000130006000900060046000670B5114BF4
:1097800005461B6810480E469847044618B16FF00E
:109790008F04204670BD6B6933602B7F012B04BFA3
:1097A00002232B77094B18BF30601B68064818BF8F
:1097B0006FF0960498470028EBD0002CE7D06FF0AC
:1097C0009604E6E7EC2D0020302A0020E82D00204A
:1097D00038B500F0FE43B3F1407F04460D4602D099
:1097E0006FF0860038BDFFF721FE0028FAD114F48F
:1097F0007C1F12D0C4F30543032B137022D9284ACF
:109800002240B2F1607F3DD1264AE4B244F00074B8
:1098100094422BD1102BE5D9E2E7214B2340B3F141
:10982000607F15D11F49E3B243F000738B4202D130
:1098300010231370D6E703F17E43043B112B04D9A8
:10984000002313706FF08500CCE71749CB5CD3E79A
:10985000B3F1707FF4D101F4E043B3F5005FEFD1D1
:109860000123C1F302218B40DBB2C5E704F17E4442
:10987000043C112CB4D80D4A125D9342B0D8202B71
:10988000B0D9DFE7B2F1707FAAD105F4E042B2F5BA
:10989000005FA5D10122C5F30225AA40EDE700BF74
:1098A0000000C07F030000026D4505006D45050006
:1098B00000232DE9F34113604768D0F81480044673
:1098C0000E46384611460DF009F9054688B9384666
:1098D0000DF006F9054660B9FFB277B9B8F1000F8F
:1098E00005D1A36823F0031323F47F4363B16FF022
:1098F0008605284602B0BDE8F081012160690DF0BF
:10990000C7F80028EDD1F2E74FF6F87362889A4263
:1099100027D8154B15481B682779984710B16FF069
:109920008F05E6E707B901A8314600F02BFB104B85
:1099300005461B680D48984710B1002DD9D1EEE7B8
:10994000002DD6D10FCCD6F800C066460FC694E8DD
:10995000070086E80700002FCBD1019BCCF814301C
:10996000C7E76FF08505C4E7EC2D0020302A002002
:10997000E82D002010B5044660B1074B07481B686E
:10998000984720460CF033FEBDE81040044B0348D6
:109990001B68184710BD00BFEC2D0020302A0020A6
:1099A000E82D002037B50446C0B101A900F032FB14
:1099B000044698B9194B1A481B689847194DF0B9D5
:1099C0000198037F032B11D10DF073F82B68044627
:1099D0001348984728B10CB96FF08F04204603B0A4
:1099E00030BD002C08BF6FF08704F7E7022B12D1BF
:1099F000032303770379FF2B08BF6FF084040198DA
:109A00000DF057F82B68002818BF04460448984703
:109A10000028E3D0DFE76FF09604F0E7EC2D00209C
:109A2000302A0020E82D00202DE9F04116461F467F
:109A3000002288B0038805468846CDE904220796AF
:109A40003A60002E62D0B6F1005F80F09E8023F075
:109A5000FF03B3F5E24F02D0B3F5824F22D128467F
:109A60000CF0A6FC0446002840F08380EB686BB144
:109A70006A885AB12B8803F44F41B1F5824F05D162
:109A8000DBB2222B37D02DD8122B39D042460023FF
:109A900008EB060112F8010B914243EA0003F9D1E9
:109AA000002B33D0284605AA04A9FFF701FF04467E
:109AB000A0B9049B9B6A63B3049B41465A8828461D
:109AC000069206AA029203F1280201929A6A009273
:109AD0005B6A32460DF036F8044678B30498FFF717
:109AE00049FF46E0273BDBB21B2BCFD8284921FAA0
:109AF00003F3DB07CAD50732B6EBD20FC6D205E0B7
:109B000040F209239A42F6D1402EBFD86FF0860466
:109B10002FE06B681B0A07D1079904980CF027FD0A
:109B200004460028C8D0D9E732464146284607AB4C
:109B30000CF0E0FF04460028EED0CFE70499069B26
:109B40004A88D2B94B804FF6F873069A04989A4225
:109B500018D82B8813B102889A4210D16B8813B1A0
:109B600042889A420BD13946FFF708FE0446002886
:109B7000B4D1204608B0BDE8F0819A42E3D06FF03E
:109B80008604ABE76FF08504A8E76FF08504F0E783
:109B90000102000C38B504460D46FFF721FC30B138
:109BA0002A462146BDE8384002480DF0A5B86FF0BE
:109BB000880038BDCC6C00202DE9F04F9B46002377
:109BC000924601F0FE428FB0B2F1806F0E46DDE9A1
:109BD0001878DDF86890099306D0184600F04EFA20
:109BE0006FF08605002479E00B464FF4807209A9D6
:109BF000FFF752FD0546099815B100F03FFAF1E76D
:109C0000038803F4E042B2F5005F1DD113F4E06F66
:109C1000C3F3022118D0364C26F48072A2420AD037
:109C200004F50074A64206D0324CA64203D0A4F537
:109C30003F44A24208D101248C40102C0CD900F0E2
:109C40001DFA6FF08305CDE742F2040293420AD178
:109C5000294B9E420ED10C24A04510D200F00EFAE2
:109C60006FF08905BEE742F20702934202D1224B10
:109C70009E42E4D0214B9E4209D10D24ECE72146BF
:109C80000AA8FFF787FF054610B10998B5E7002439
:109C90000998D0E909123FB33D19A8EB04030DF16F
:109CA0002808CDE90453CDE902AB3346CDF818902E
:109CB0000194CDF800800CF09BFF0646099800F057
:109CC000DDF9054696B900288CD124B122464146DB
:109CD00038460DF0BCFAD9F800301C442846C9F8C3
:109CE00000400FB0BDE8F08F3D46D6E7354679E736
:109CF0000010C00400FF4004000180040013C004F1
:109D000070B51D4E1D4C33681D4898472378590780
:109D100044BF23F00403237023789A0705D500F08D
:109D200017F9237823F002032370164D14482B688B
:109D30009847336814489847637813B113480CF078
:109D4000ECFF0023042111486370FFF73DFB2B68F3
:109D50000D48984733680A4898472378DB0705D5AC
:109D60000CF0C7FE237823F0010323702B6804480E
:109D7000BDE87040184700BFEC2D0020C86C0020E3
:109D8000282A0020E82D0020202A0020CC6C00206A
:109D90002DE9F041FFF724FB18B100242046BDE86F
:109DA000F081364F36483B689847044620B16FF043
:109DB0008F04FFF7A5FFF1E7324D2B78D80706D4C3
:109DC0000CF095FE04462B7843F001032B702E4EC9
:109DD0002B483368984710B1002CE8D0E9E7002CF5
:109DE000E7D13B682648984704460028DFD12B7806
:109DF000990706D400F0A4F804462B7843F0020338
:109E00002B7033681E4898470028E5D1002CD0D12C
:109E10003B681B4898470028C9D13368184895F813
:109E2000008098470028C2D13B68184898470446EC
:109E30000028BCD16B7843B918F0010F05D0144845
:109E40000CF058FF022304466B7033680F489847A4
:109E50000028C1D1002CACD13B68094898470028A4
:109E6000A5D12B7806485A075CBF43F004032B703A
:109E700033689847002890D099E700BFEC2D002068
:109E8000282A0020C86C0020E82D0020202A00206D
:109E9000CC6C002038B5074C074B20461B68984710
:109EA000064B204693F88055054B1B68984728467B
:109EB00038BD00BF282A0020EC2D0020D06C0020E7
:109EC000E82D002000F140421F2A38B504460D4617
:109ED0000CD82C21194B01FB02331A7F022A02D124
:109EE0005A69824218D06FF08B001FE001210CF0FC
:109EF000CFFDE0B1114A00201346117F022902D1A3
:109F00005169A14205D00130202802F12C02F4D180
:109F1000E9E72C2202FB00331A7F022A0AD11A6ACF
:109F2000511C07D0002001321A622B6038BD6FF03F
:109F30008700FBE76FF09600F8E700BFD06C0020C9
:109F40000122024B002083F880257047D06C00204E
:109F50002DE9F0410A4C002526464FF00108032761
:109F60002046C4F82080277701350CF040FB202DD7
:109F700004F12C04F4D1002386F88035BDE8F0818B
:109F8000D06C0020F8B506460F46FFF783FF002887
:109F900035D000241D4B22461D46197FF9B13CB92E
:109FA000022905D1196A19B91979002918BF1C4667
:109FB0000132202A03F12C03EFD114B96FF08C0089
:109FC0000BE0237F022B04D1236A5A1C1CBF0133F0
:109FD000236220460CF00BFB10B100240DE01C4660
:109FE000237F7BB90123237736B1094B651BAD1065
:109FF0005D4305F18045356000203C60F8BD6FF0A1
:10A000008800EAE76FF09600E7E700BFD06C002019
:10A01000A38B2EBA002370B50B6004460D46FFF7E4
:10A0200039FF08B3124B13481B689847064618B10E
:10A030006FF08F04204670BD20462946FFF742FF8F
:10A0400010F18C0F04460C4B07D01B680948984749
:10A050000028EFD0002CEDD1EAE72E601B68054800
:10A0600098476FF08704E5E76FF08804E2E700BFE8
:10A07000EC2D0020302A0020E82D002010B50B4BDD
:10A0800004461B680A48984718B16FF08F042046B1
:10A0900010BD20460CF00DFD064B04461B6804481D
:10A0A00098470028F3D0002CF1D1EEE7EC2D0020EA
:10A0B000302A0020E82D0020074B10B599420446B5
:10A0C00006D0083000F00EFA08B91C23236010BD3A
:10A0D0006FF08500FBE700BF0500000270B40A4E78
:10A0E000DCB2456844F00074B4424FEA152503D051
:10A0F00035B970BC00F026B96FF0850070BC7047B0
:10A100006FF08600FAE700BF05000002F7B5089E71
:10A110000D4FF5B2044645F000754868BD424FEA60
:10A1200010200AD060B9009604F1080000F0C0F8D1
:10A1300008B91C23236003B0F0BD6FF08500FAE777
:10A140006FF08600F7E700BF05000002F7B5089E34
:10A150000D4FF5B2044645F000754868BD424FEA20
:10A1600010200AD060B9009604F108000CF058FFE6
:10A1700008B91C23236003B0F0BD6FF08500FAE737
:10A180006FF08600F7E700BF050000022DE9F743F6
:10A19000DDB2314B45F000759D4204460F469146B5
:10A1A0004BD005F17E43043B112B4AD82B4A0F2B91
:10A1B00012F8038047D82A4AD65C4E4519D2294660
:10A1C0002046FFF779FFA8BB4A46394620460CF0E7
:10A1D0004CFD78BB04F5867742463946204601ABF4
:10A1E0000CF04CFD30BB0146E82220460DF056F83D
:10A1F000C14629462046FFF75FFFD8B904F20B128B
:10A2000007EB09018F4220D1A6EB090209F5867000
:10A21000B14588BF0022362120440DF03FF8324678
:10A22000204604F586710CF020FD18B9C4F8E850FA
:10A2300084F84C6103B0BDE8F0834FF0100840266D
:10A24000BBE74FF000080026B7E717F8013B83F0A3
:10A25000360302F8013FD5E7030000028F450500F1
:10A260007F4505007FB50024C0F848410F4C0546E6
:10A2700000940CF0C8FC044698B9102203AB05F515
:10A280009C76019328463346009205F594710CF0B4
:10A29000CDFC044628B930460CF06BFD204604B0D6
:10A2A00070BD28460CF0CEFCF8E700BF0044400427
:10A2B0002DE9F041069E1D461F4B04463340B3F185
:10A2C000607F0F4690460FD14FF4A87200210CF02A
:10A2D000E5FF012384F850312A46334641462046A3
:10A2E000BDE8F041FFF752BF144B26F47E169E42A4
:10A2F0001BD10B88B3F5105F17D1A5F11002102AFE
:10A3000017D80F4BD340DB0713D54FF4A6720021AB
:10A310000CF0C4FF022384F8503142462B463946E4
:10A320002046BDE8F041FFF79DBF6FF08500BDE816
:10A33000F0816FF08600FAE70000C07F0002C003E2
:10A34000010101002DE9F0471D46DDE90A7CDDE948
:10A350000836DFF870A0894605EA0A0ABAF1607F7C
:10A360001446DDF830E00AD12A4621464846CDE9B8
:10A370000ACECDE90867BDE8F0470CF028BEDFF84B
:10A38000489025F47E154D4514D10588B5F5105F2C
:10A3900010D1A2F11004102C10D80C4D25FA04F4A1
:10A3A000E4070BD5CDE90ACECDE90867BDE8F04753
:10A3B0000CF088BD6FF08500BDE8F0876FF0860077
:10A3C000FAE700BF0000C07F0002C00301010100E6
:10A3D00073B50C4611461A4623880546B3F5105F3F
:10A3E000069E19D1A2F11004102C12D80C4BE34098
:10A3F000DB070ED50B4B9E420ED100242346009462
:10A4000000F0F8F8204685F81C41C5F8186102B044
:10A4100070BD6FF08600FAE76FF08500F7E700BFC8
:10A4200001010100004440042DE9F04116461F4699
:10A43000D0F818210E4B05469A42884611D1314674
:10A4400000F0F8F8069B044698420DD8334628469B
:10A450004246394600F0FCF80020079B1C60BDE82E
:10A46000F0816FF08500FAE76FF08900F7E700BF31
:10A470000044400470B50088C8B0B0F5105F4D9E30
:10A480004F9D22D1A2F11000102821D8134C24FA9C
:10A4900000F0C0071CD51248834216D105F00F000A
:10A4A000064315D1519B9D4215D8529B03A81D60B0
:10A4B0003346009600F09EF803A82B464E9A50991A
:10A4C00000F0C6F8304648B070BD6FF08500FAE77E
:10A4D0006FF08600F7E76FF08900F4E701010100F3
:10A4E0000044400438B50A4B054699420C4605D055
:10A4F0000133994208D06FF0850038BD00F086FC2A
:10A500000020C5F8D840F8E700F0B0FAF8E700BF3F
:10A510000800000210B5094CD0F8D830A34205D08D
:10A520000134A34206D06FF0850010BD00F098FC06
:10A530000020FAE700F0C4FAFAE700BF08000002C2
:10A5400070B51D46104ED0F8D8300446B34205D041
:10A550000136B3420FD06FF0850070BD1B2A10D9B1
:10A5600000F046FD1C23E022002120462B600CF069
:10A5700095FE0020F1E71F2A03D900F077FB202386
:10A58000F1E76FF08900E8E70800000270B5184EA7
:10A59000049CB342458802D06FF0850070BDEE1D6B
:10A5A000B2EBD60F4FEAD60302D06FF08600F5E784
:10A5B000079A934218D8089A136047F2121200883B
:10A5C0009042E9D1059A5B0001339342EDD12378A3
:10A5D000042BEAD1B5F5807FDED10698621C00F02D
:10A5E00067F90028DAD0E0E76FF08900D6E700BF0E
:10A5F00000000209F8B5069F04461D4661B11646E3
:10A60000AFB9D6F7A9F8002384F8116184F8127164
:10A6100084F8103184F8133145B11022294604F131
:10A62000F0000CF014FE012384F81331F8BDD6F7C6
:10A6300027FAE8E751B190F8103190F812210B4455
:10A6400002F001029B1A23F00F0070470846704782
:10A650002DE9F04F1E4690F8123187B090F8109116
:10A660000093002E52D0924603F00108C9F1100267
:10A6700008EB0203B342044600F5807700F2C38082
:10A680000D46002A40F0B280009B002B69D194F85F
:10A69000133104F1F009C846002B40F0C080224677
:10A6A0003946484694F81131D5F702FF0F2E40F293
:10A6B000CD80D046A6F1100323F00F031033019391
:10A6C00005EB030B94F813311BB3102341464A46A4
:10A6D00038469844D6F706FC1022494628460CF026
:10A6E000B6FD103522463946484694F81131D5F763
:10A6F000DFFE5D45E6D116F00F0623D184F8106128
:10A70000C8461022414658460CF0A1FD07B0BDE8EE
:10A71000F08F4146102238460CF099FD1022494630
:10A7200028460CF094FD103522463946484694F8E8
:10A730001131D5F7BDFEAB4508F11008C2D116F0B6
:10A740000F06DBD0019B9A445146384632460CF046
:10A750007EFD009B84F81061002B7DD00DF1080870
:10A76000CFE794F811312246394602A8D6F736F8D9
:10A7700094F81331002B5BD1B8F1000F0CBF4FF0F0
:10A7800010094FF011094E4529D304F1F00801E0FA
:10A790004E4524D310225146384692440CF057FDC2
:10A7A0001022284602A90CF052FD94F811312246DD
:10A7B000394602A8D6F712F894F81331103E103536
:10A7C000002BE5D002A9084642461023D6F78AFBA3
:10A7D0001022394640460CF03AFD4E45DAD22EBBE7
:10A7E000AB460DF1080884F810618AE7514607EB83
:10A7F000090092440CF02BFD009B103E4E44002BB0
:10A800003FF445AFADE707EB0900514632460CF087
:10A810001EFDB14484F8109107B0BDE8F08F1023FD
:10A820004A4639463846D6F75DFB38E7AB468BE7F4
:10A8300002A904F1F0094A4608461023D6F752FB54
:10A840004846102239460CF002FD95E7002EEDD166
:10A85000AB4684F8106154E704F1F00950E700BFFB
:10A8600000B589B00146684600F03EF809B05DF8D1
:10A8700004FB00BF00B591B00146684600F092FDB0
:10A8800011B05DF804FB00BF30B599B005466846CD
:10A8900000F02AF86946044608A800F07BFE03464B
:10A8A00008A928461C4300F0B1FD204619B030BD70
:10A8B00070B598B005466846164600F015F8314662
:10A8C000044608A800F06EFD034608A96A4608463B
:10A8D0001C4300F0A9FD034608A928461C4300F0CC
:10A8E00093FD204618B070BD38B50B68124D1BBAE9
:10A8F000C3614B682A461BBA83618B6804461BBA46
:10A900004361CB681BBA03610B691BBAC3604B6917
:10A910001BBA83608B691BBA4360CB6901461BBAC3
:10A920000360D6F7CFF8034620461C4629461A4650
:10A93000D6F7E8F8601E38BDB09004003F2A2DE934
:10A94000F041904652D905460C46A2F1400626F049
:10A950003F064036274F0E44236840341BBA2B6411
:10A9600054F83C3C39461BBA6B6454F8383C2846D2
:10A970001BBAAB6454F8343C1BBAEB6454F8303C5B
:10A980001BBA2B6554F82C3C1BBA6B6554F8283C59
:10A990001BBAAB6554F8243C1BBAEB6554F8203C59
:10A9A0001BBA2B6654F81C3C1BBA6B6654F8183C57
:10A9B0001BBAAB6654F8143C1BBAEB6654F8103C57
:10A9C0001BBA2B6754F80C3C1BBA6B6754F8083C55
:10A9D0001BBAAB6754F8043C1BBAEB67D6F78EFA88
:10A9E000B442B9D108F03F00BDE8F0811046BDE89F
:10A9F000F08100BFD09004000A4610B514681A49CF
:10AA000024BA0464546824BA4464946824BA8464FC
:10AA1000D46824BAC464146924BA0465546924BA95
:10AA20004465946924BA8465D46924BAC465146AF7
:10AA300024BA0466546A24BA4466946A24BA8466C2
:10AA4000D46A24BAC466146B24BA0467546B24BA5B
:10AA50004467946B24BA8467D26B12BAC267D6F784
:10AA60004DFA002010BD00BFD09004000023F0B5C7
:10AA70000B490C4C0C4ADFF834E0DFF834C00D4FC2
:10AA80000D4E0E4DC0E903ECC0E90576C0E900416A
:10AA9000C5618260C0F8C030C0F8C430F0BD00BFEE
:10AAA00085AE67BB67E6096A72F36E3C3AF54FA55F
:10AAB0007F520E518C68059BABD9831F19CDE05B8B
:10AAC0002DE9F041D0E930531344074614460E46B1
:10AAD000C0F8C430E5B13F2D00F2C280CAB105F123
:10AAE0007F01C5F1400833460144B04400E0ACB3F7
:10AAF000013313F8010C9A1B434501F8010F04F1CF
:10AB0000FF342A44F3D1402A00F098801546464687
:10AB10001CB9C7F8C050BDE8F0812246314638461E
:10AB2000FFF70CFF221A0546B3180028F1D0411E8A
:10AB3000052906D90132324407F180018A1A022A16
:10AB400013D8264407F17F0213F8011B9E4202F836
:10AB5000011FF9D1C7F8C050BDE8F081402A78D074
:10AB60001546C7F8C050BDE8F08119688208012A6F
:10AB7000C7F8801077D05968022AC7F8841043D0EC
:10AB80009968032AC7F888103ED0D968042AC7F804
:10AB90008C1039D01969052AC7F8901034D059693A
:10ABA000062AC7F894102FD09969072AC7F8981079
:10ABB0002AD0D969082AC7F89C1025D0196A092A11
:10ABC000C7F8A01020D0596A0A2AC7F8A4101BD0D1
:10ABD000996A0B2AC7F8A81016D0D96A0C2AC7F8A8
:10ABE000AC1011D0196B0D2AC7F8B0100CD0596BEE
:10ABF0000E2AC7F8B41007D0996B0F2AC7F8B810FF
:10AC000002D0DA6BC7F8BC20AA0782D025F0030275
:10AC100013441878B91881F88000511C8D427FF6D2
:10AC200078AF587802323944954281F880007FF637
:10AC300070AF9B783A4482F880306AE7384607F173
:10AC40008001FFF7D9FE46460546002C3FF461AF70
:10AC500063E7384607F18001FFF7CEFE054658E767
:10AC60002A4688464FE704221344D2E7F8B58026E7
:10AC70000446D0F8C0300D46C218581C382882F857
:10AC80008060264432D93F282AD8002220443E2B17
:10AC900080F8802003F1020122D021443D2B81F86D
:10ACA000802003F103011BD021443C2B81F880203C
:10ACB00003F1040114D021443B2B81F8802003F1DF
:10ACC00005010DD021443A2B81F8802003F10601C3
:10ACD00006D02144382B81F8802001D184F8BF2090
:10ACE00031462046FFF788FE3A285BD8421C3B2AB3
:10ACF000C0F13A01C0F13B0388BF0123022941D9C9
:10AD000000219A0800F1800E012A04EB0E0C44F891
:10AD10000E1031D0022ACCF804102DD0032ACCF822
:10AD2000081029D0042ACCF80C1025D0052ACCF81C
:10AD3000101021D0062ACCF814101DD0072ACCF808
:10AD4000181019D0082ACCF81C1015D0092ACCF8F4
:10AD5000201011D00A2ACCF824100DD00B2ACCF8E0
:10AD6000281009D00C2ACCF82C1005D00E2ACCF8CB
:10AD7000301008BFCCF8341023F003029B071044B6
:10AD800010D0421C002321183B2A81F8803009D0C2
:10AD90002244392882F8803000F1020202D0224495
:10ADA00082F880300022D4F8C43031465F0F4FEA79
:10ADB000535E67F307024FEA533C6EF30F225E09BE
:10ADC0006CF31742DB0066F31F6284F8BF30204645
:10ADD000C4F8BB20FFF710FE23681BBA2B60636822
:10ADE0001BBA6B60A3681BBAAB60E3681BBAEB606D
:10ADF00023691BBA2B6163691BBA6B61A3691BBA18
:10AE0000AB61E3691BBAEB61F8BD00BF0023F0B58D
:10AE10000B490C4C0C4ADFF834E0DFF834C00D4F1E
:10AE20000D4E0E4DC0E903ECC0E90576C0E90041C6
:10AE3000C5618260C0F8C030C0F8C430F0BD00BF4A
:10AE400007D57C36D89E05C117DD703039590EF70D
:10AE5000310BC0FF11155868A78FF964A44FFABED3
:10AE6000F8B51446D0E93023234405460F46C0F810
:10AE7000C430CAB13F2A14D8BCB102F17F0CC2F170
:10AE800040060B4684443744511A00E084B31A78D4
:10AE90000133BB420CF8012F04F1FF3403EB010234
:10AEA000F4D1402A00F0968014B9C5F8C020F8BD4E
:10AEB000224639462846FFF741FD211A02467B18F3
:10AEC0000028F2D00138052806D90131394405F1AE
:10AED0008000411A022914D8274405F17F0113F894
:10AEE000010B9F4201F8010FF9D1C5F8C020F8BD50
:10AEF000402ADAD1284605F18001FFF77DFD0246A0
:10AF0000D3E7186891080129C5F880006CD058680B
:10AF10000229C5F8840043D098680329C5F8880041
:10AF20003ED0D8680429C5F88C0039D018690529A5
:10AF3000C5F8900034D058690629C5F894002FD080
:10AF400098690729C5F898002AD0D8690829C5F852
:10AF50009C0025D0186A0929C5F8A00020D0586A9D
:10AF60000A29C5F8A4001BD0986A0B29C5F8A800C7
:10AF700016D0D86A0C29C5F8AC0011D0186B0D2971
:10AF8000C5F8B0000CD0586B0E29C5F8B40007D036
:10AF9000986B0F29C5F8B80002D0D96BC5F8BC1062
:10AFA000910782D022F003010B441C78681880F8C6
:10AFB0008040481C82427FF678AF5C78023128449A
:10AFC0008A4280F880407FF670AF9B78294481F8F0
:10AFD00080306AE7284605F18001FFF70DFD024643
:10AFE000002C3FF462AF63E704210B44DDE700BFB0
:10AFF000F8B580260446D0F8C0300D46C218581C5B
:10B00000382882F88060264432D93F282AD8002286
:10B0100020443E2B80F8802003F1020122D02144FD
:10B020003D2B81F8802003F103011BD021443C2BF0
:10B0300081F8802003F1040114D021443B2B81F8D6
:10B04000802003F105010DD021443A2B81F88020A6
:10B0500003F1060106D02144382B81F8802001D16C
:10B0600084F8BF2031462046FFF7C6FC3A285BD85B
:10B07000421C3B2AC0F13A01C0F13B0388BF0123C7
:10B08000022941D900219A0800F1800E012A04EB1F
:10B090000E0C44F80E1031D0022ACCF804102DD03A
:10B0A000032ACCF8081029D0042ACCF80C1025D09B
:10B0B000052ACCF8101021D0062ACCF814101DD087
:10B0C000072ACCF8181019D0082ACCF81C1015D073
:10B0D000092ACCF8201011D00A2ACCF824100DD05F
:10B0E0000B2ACCF8281009D00C2ACCF82C1005D04B
:10B0F0000E2ACCF8301008BFCCF8341023F003022D
:10B100009B07104410D0421C002321183B2A81F8D1
:10B11000803009D02244392882F8803000F10202C0
:10B1200002D0224482F880300022D4F8C430314664
:10B130005F0F4FEA535E67F307024FEA533C6EF32B
:10B140000F225E096CF31742DB0066F31F6284F87E
:10B15000BF302046C4F8BB20FFF74EFC23681BBA63
:10B160002B6063681BBA6B60A3681BBAAB60E368B3
:10B170001BBAEB6023691BBA2B6163691BBA6B6155
:10B18000A3691BBAAB61F8BD2DE9F04106460C4638
:10B19000904688B0684602F1200106F12007D6F7F4
:10B1A00025F96A4669466846D6F742F86946384640
:10B1B000D6F71CF93A463946384604F12005D6F749
:10B1C00037F86A4669466846D6F732F84146284657
:10B1D000D6F70CF96A4641463046D6F7EFF82A46CC
:10B1E00029466846D6F724F82A4669466846D6F7BF
:10B1F0001FF869466846114AD6F71AF8694620468C
:10B20000D6F7F4F8324621462046D6F74FF83246B4
:10B2100021462046D6F74AF8224631462846D6F738
:10B2200045F86A4629462846D6F7C8F83A462946D8
:10B230002846D6F73BF808B0BDE8F08190920400AC
:10B24000F0B504460D4699B02A4668462146D6F721
:10B250002DF869466846D6F7C9F86A46214608A817
:10B2600005F1200604F12007D6F7A8F86A4629461A
:10B270006846D6F7A3F83246394610A8D5F7D8FF66
:10B28000324639463046D6F711F831462846D6F7C9
:10B29000ADF86A46204608A9D5F7CAFF22462946D6
:10B2A0002846D6F703F86A46684608A9D5F7FEFF90
:10B2B0006A4639463846D6F781F82A46684608A9CC
:10B2C000D5F7F4FF6A4631463046D6F777F83A4666
:10B2D00031463046D5F7EAFF684610A9D6F786F81A
:10B2E000224669462046D5F7E1FF08A922460846CE
:10B2F000D5F7DCFF10A9084608AAD6F75FF83A464A
:10B30000384610A9D5F7D2FF19B0F0BD2DE9F041AC
:10B3100005460C46904688B00A4668462946D5F749
:10B32000C5FF69466846D6F761F86A462946284649
:10B3300004F12006D6F742F805F120076A462146B7
:10B340006846D6F73BF8324639463046D5F7AEFF69
:10B3500031462046D6F74AF82A4621462046D5F7F8
:10B36000A5FF6A4621462046D5F7A0FF6A46294632
:10B370004046D5F79BFF424639463846D6F71EF879
:10B38000224629466846D5F791FF6A46314630463F
:10B39000D6F714F83A4631463046D5F787FF08B05D
:10B3A000BDE8F08170B504460D4690B004F120066A
:10B3B00000F014F9304605F1200100F00FF92146A4
:10B3C00008A8D6F713F808A908460D4AD5F730FFA4
:10B3D00008A922460846D5F7F1FF08A90846094AF8
:10B3E000D5F726FF31466846D6F700F82022694691
:10B3F0000DEB0200D5F754FD013810B070BD00BF51
:10B40000909204007092040000F002B938B505462D
:10B410000C4600F0FDF805F1200004F12001BDE824
:10B42000384000F0F5B800BF13462DE9F047B8B03A
:10B430008946544A1946804610A8D5F743FB52491D
:10B44000024610A8D5F75EFB0746179E4D4907EA4E
:10B45000D676C6F1010210A8D5F754FB179C4A46D0
:10B46000E44328A918A8FFF78FFEE40F20A9084697
:10B47000C4F101024FF0FE0AC7F1010700F090F895
:10B4800025466A4618A928A8FFF740FF4FEA6A1325
:10B4900038AA02EB830353F8A04C0AF01F03DC40E8
:10B4A00004F0010465402A4628A918A8D5F786FBB0
:10B4B0002A4630A920A8D5F781FB0AF1FF3A28A92E
:10B4C00018A8FFF7BDFEBAF1FF3FD9D1C4F10102C0
:10B4D00020A908A800F064F866406A4618A928A8C0
:10B4E000FFF714FF324628A918A8D5F767FB3246A4
:10B4F00030A920A8D5F762FB08A96A460846D5F707
:10B500005DFF08A9084600F09DF808A908F120048D
:10B51000084609F12002D5F751FF204620A908AAC4
:10B52000D5F74CFF08AA684618A9D5F747FF694622
:10B530006846D5F75BFF18AA694608A8D5F73EFF0D
:10B5400021466846D5F752FF08AA69461046D5F746
:10B55000ADFE68460D4A08A9D5F7A8FE2046202171
:10B56000D5F7B2FC024608A9684654423C43D5F7D9
:10B5700025FB40466946064AD5F720FF204638B0ED
:10B58000BDE8F087F091040010920400709204006E
:10B59000D09104000A460149FFF746BF30920400EB
:10B5A00070B588B004460D46164600212022684634
:10B5B0000BF074FE002329462022204600930BF056
:10B5C00046FE2A4669466846D5F770FE3246694609
:10B5D0002046D5F7F3FA08B070BD00BF0B681BBA60
:10B5E000C3614B681BBA83618B681BBA4361CB682C
:10B5F0001BBA03610B691BBAC3604B691BBA83603A
:10B600008B691BBA4360CB691BBA0360704700BFEC
:10B61000CB691BBA03608B691BBA43604B691BBAC9
:10B6200083600B691BBAC360CB681BBA03618B686C
:10B630001BBA43614B681BBA83610B681BBAC361B9
:10B64000704700BF70B50D46052498B0064610A897
:10B65000D5F7CCFE2A46684610A9D5F7AFFE694655
:10B6600010A8D5F7C3FE10A90846D5F7BFFE6A4655
:10B6700010A908A8D5F7A2FE08A910A8D5F7B6FE0C
:10B6800010A90846D5F7B2FE10A90846D5F7AEFEB8
:10B6900010A90846D5F7AAFE10A908AA0846D5F7AA
:10B6A0008DFE10A90846D5F7A1FE10A90846D5F7CA
:10B6B0009DFE10A96A4608A8D5F780FE08A910A823
:10B6C000D5F794FE10A90846D5F790FE013C10A9C5
:10B6D000F5D1084608AAD5F771FE052410A9084639
:10B6E000D5F784FE10A90846D5F780FE013CF5D1B8
:10B6F00010A908AA0846D5F761FE10A908A8D5F731
:10B7000075FE08A90846D5F771FE08A96A4668467D
:10B71000D5F754FE1024694610A8D5F767FE10A986
:10B720000846D5F763FE013C10A9F5D12A46084624
:10B73000D5F744FE402410A90846D5F757FE10A9B6
:10B740000846D5F753FE013CF5D110A96A460846D4
:10B75000D5F734FE102410A90846D5F747FE10A9E6
:10B760000846D5F743FE013CF5D110A96A460846C4
:10B77000D5F724FE102410A90846D5F737FE10A9E6
:10B780000846D5F733FE013CF5D110A9084608AAB2
:10B79000D5F714FE2A46304610A9D5F70FFE18B08B
:10B7A00070BD00BF014B1B68184700BF102E002062
:10B7B000014B9B68184700BF102E0020014BDB682F
:10B7C000184700BF102E002010B50C4C236813B191
:10B7D0000B4B1B682BB900F05FFE30B90122084B00
:10B7E0001A6001232360002010BD0138072801D909
:10B7F000044810BD044B53F8200010BD58720020BF
:10B8000054720020FE8FFFFFB0920400BFF34F8FF1
:10B810000549064BCA6802F4E0621343CB60BFF3EC
:10B820004F8F00BFFDE700BF00ED00E00400FA0508
:10B8300030B44FF0FE3200250B4B0C4C0C494968DC
:10B84000C3F80024C3F80424C3F80824C3F80C2464
:10B85000C3F81024C3F81424C3F81824C3F81C2414
:10B86000C4F8005530BC0847005084500040845054
:10B87000F42D0020024BD0E90012C3E900127047FA
:10B88000F42D0020144B2DE9F043002814BF04468A
:10B890001C46124F236883B0BB4219D016460D4692
:10B8A00020464FF4E07104F1040900F0EDF804F5CE
:10B8B0008E78484600F0D0FC404600F0F3FA2B4664
:10B8C0004A4640460649009600F002FB08B9276048
:10B8D000002003B0BDE8F0835C720020A5BCC95A0B
:10B8E000DDC2030070B50D4C1D46002814BF06468E
:10B8F00026460B4B306882B098420DD106F58E700B
:10B90000002633460096144600F032FB002818BF8C
:10B9100034462C6002B070BD0248FBE75C72002028
:10B92000A5BCC95AE88FFFFF10B5044650B1636843
:10B9300013F0685F05D0064A934202D0002362608C
:10B94000236010BD034B04485B689847EFE700BFD6
:10B950002C5F5CA9F42D0020D0920400C8B143688C
:10B960000D4A934213D013F0685F0ED0012350E8C4
:10B97000002F194640E8001C9CF0000FF7D1012A67
:10B98000F5D0BFF35F8F002070470448704704482C
:10B9900070476FF4E04070472C5F5CA9E98FFFFFB0
:10B9A000EA8FFFFF034680B1426809498A420AD004
:10B9B00012F0685F05D0BFF35F8F002210461A6057
:10B9C000704704487047044870476FF4E040704780
:10B9D0002C5F5CA9E98FFFFFEA8FFFFF10B50446DB
:10B9E00020B10023034A2360626010BD0248FFF7C4
:10B9F0001FFFF6E73A00003AF892040070B5194CC0
:10BA0000D0F804C00668C4F804C0D0F808C0C06804
:10BA1000C4F808C0E06026600868134B134D186036
:10BA20004868D5F818215860886812F0685F9860F7
:10BA3000C8680969D860196112D000230C4A05F55D
:10BA40008A70C5F81431C5F8B831C5F81821C5F8A1
:10BA5000BC21B047236805F5DC70BDE8704018478D
:10BA600070BD00BF102E0020FC2D00205C72002055
:10BA70002C5F5CA938B131B100220144034601308A
:10BA800081421A70FAD1704738B131B100220144B5
:10BA90000346013088421A70FAD170472DE9F04F01
:10BAA000B2F5C07FBDB000F2DA800C46DFF8B49189
:10BAB000154600214FF4D07282460DF17C084846AD
:10BAC0000BF0ECFB404601F047F9302321460024FF
:10BAD00009F118062A4689F8173030466BBAA9F8DA
:10BAE0001230A9F810400BF0B2FB802223467255A9
:10BAF0000DF12B0101F8013F0133202BFAD14FF456
:10BB0000807240460BA901F03DF98346002840F0C1
:10BB1000A38005F1190313AD2F4607AE0293CDF8AC
:10BB20000CA0019604951022002101980BF0B6FBA1
:10BB3000DFF834A1DDF808B005970A9B5AF8044CE9
:10BB4000089F099A07995AF8100C5AF80C6C5AF881
:10BB5000085C5C40019B7E40554081EA00071A4624
:10BB600001214046CDE90776CDE9095401F02CF9D1
:10BB7000BBF1100F94BFABEB0B0BABF1100B0AF149
:10BB8000100A002847D1BBF1000FD6D1059F102223
:10BB9000384601990BF05BFB99F8033010370133FD
:10BBA000474589F80330BED1049D4FF48072294681
:10BBB0004046DDF80CA0019E01F0E4F8834678BB16
:10BBC00054460AF130071BAB1A460121404601F0EA
:10BBD000FBF8834620BB102220461BA914440BF01F
:10BBE00036FBA742EFD1404601F0C6F84FF4D071C2
:10BBF0001C48FFF749FF28463021FFF745FF0BA8F7
:10BC00002021FFF741FF30461021FFF73DFF584646
:10BC10003DB0BDE8F08F8346DDF80CA0019E049D89
:10BC2000404601F0A9F84FF4D0710E48FFF72CFF01
:10BC300028463021FFF728FF20210BA8FFF724FF1B
:10BC400010213046FFF720FF30215046FFF71CFF40
:10BC500058463DB0BDE8F08F13AD07AEE0E76FF09A
:10BC6000370BF5E72C7400203C7400202DE9F041DF
:10BC70008CB004460D463022002168466F460BF01A
:10BC80000DFB04F12006E27B0132D2B2E273002AFE
:10BC90004DD1A27B0132D2B2A273002A47D1637B7D
:10BCA0000133DBB26373002B41D1237B0133DBB261
:10BCB0002373002B3BD1E37A0133DBB2E372002B19
:10BCC00035D1A37A0133DBB2A372002B2FD1637A73
:10BCD0000133DBB2637253BB237A0133DBB22372CD
:10BCE0002BBBE3790133DBB2E37103BBA3790133EF
:10BCF000DBB2A371DBB963790133DBB26371B3B932
:10BD000023790133DBB223718BB9E3780133DBB2E2
:10BD1000E37063B9A3780133DBB2A3703BB96378F6
:10BD20000133DBB2637013B92378013323703B46D0
:10BD300022460121304601F047F88046002841D1D3
:10BD400010370CAB9F429ED1029AAB6803995340C7
:10BD500002933046EE68D5F820804E400396049951
:10BD60002E69D5F828C04E4004966E6905990B9F40
:10BD70004E4005960699AE69009B4E400696EE69C8
:10BD800007994FF480724E400796089ED5F824E03C
:10BD900088EA0608099E8EEA060E0A9E8CEA0601CB
:10BDA000EE6A7E402F687B4000936B68019D6B407C
:10BDB0000193CDE9088ECDE90A16694600F0E2FF4D
:10BDC000804638B168463021FFF75EFE40460CB031
:10BDD000BDE8F0811022204608A90BF038FAF1E7FF
:10BDE0002DE9F8431D468369B3F5C07F52D8164646
:10BDF000C3F5C072AA424DD3C5F5C072D31AB3427F
:10BE000048D30446DFF898904FF4C0720F46484676
:10BE100000210BF043FA4946D4F89430A269D4F8D3
:10BE200098009847002838D1D4F818803DB1D4E95B
:10BE300025302A4609EB0801984770BBA84407B192
:10BE4000C6B9174942460846FFF728FE054638B1ED
:10BE50004FF4C0711248FFF717FE2846BDE8F8837B
:10BE600020460F49FFF702FF05460028F0D10123C5
:10BE70002361EDE73946324609EB08000BF0E7F99C
:10BE80000749B04442460846FFF708FE0546002829
:10BE9000DED1E5E76FF03705DFE76FF03305DCE76C
:10BEA000CC75002010B5A422002104460BF0F6F951
:10BEB0004FF0FF314FF6F072044B2161E26104F163
:10BEC0009C001B68BDE81040184700BFF02D002003
:10BED0002DE9F047054688B00F461646002120227E
:10BEE000684698460BF0DAF91F4B05F19C09484665
:10BEF0001B689847044618B1204608B0BDE8F08793
:10BF000005F1200A504600F027FFAA69C5E9257609
:10BF1000F2B920232E69AB61002E22DB6946504620
:10BF20004FF4807200F02EFF044630B9334641468C
:10BF30002846109AFFF754FF04460C4B48461B68EE
:10BF40009847002818BF0446204608B0BDE8F0878F
:10BF50002E69002EE2DA2F2A96BF013226465608B5
:10BF6000DCE71026DAE700BFEC2D0020E82D0020EA
:10BF70002DE9F04FB2F5806F91B01A9F00F2E38087
:10BF8000B7F5807F00F2DC80044615460E4630226D
:10BF9000002104A898460BF081F96C4B04F19C0930
:10BFA00048461B6898478346002840F092802269E3
:10BFB000E3699A4200F391806369002B40F08D8021
:10BFC000002F40F0A980DFF888A16F46002D00F017
:10BFD00098806F4604F120080EE0102DAB4628BF74
:10BFE0004FF0100B304639465A460BF030F9B5EB9E
:10BFF0000B055E4400F08580E37B0133DBB2E37325
:10C00000002B4DD1A37B0133DBB2A373002B47D1AF
:10C01000637B0133DBB26373002B41D1237B01339C
:10C02000DBB22373002B3BD1E37A0133DBB2E37243
:10C03000002B35D1A37A0133DBB2A372002B2FD1B1
:10C04000637A0133DBB2637253BB237A0133DBB211
:10C0500023722BBBE3790133DBB2E37103BBA3791A
:10C060000133DBB2A371DBB963790133DBB26371F6
:10C07000B3B923790133DBB223718BB9E378013390
:10C08000DBB2E37063B9A3780133DBB2A3703BB9D1
:10C0900063780133DBB2637013B923780133237003
:10C0A0003B4622460121404600F08EFE8346002892
:10C0B00093D0DAF80030484698470346302104A868
:10C0C000002B18BF9B46FFF7DFFC10213846FFF717
:10C0D000DBFC584611B0BDE8F08F3A4641460023DC
:10C0E0002046FFF77DFEDFF868A000283FF46DAF23
:10C0F0004846DAF800309847834600283FF465AF99
:10C10000E7E7204604A9FFF7B1FD83460028D0D118
:10C11000236901332361CCE73A46414604A8FFF77F
:10C12000BDFC834618B16F46DFF824A0C1E7204666
:10C1300004A9FFF79BFD834600283FF444AFF2E7D4
:10C140006FF0370BC5E76FF0350BC2E7EC2D002021
:10C15000E82D00202DE9F043202B1D460646884699
:10C1600091468BB026D8DBB202AF8DF80480B04682
:10C1700058F8041B8DF8053021B9404600F066FEE2
:10C18000044640B9012302224046336001A900F071
:10C1900071FE044638B138462021FFF775FC204671
:10C1A0000BB0BDE8F0832A464946404600F062FEE7
:10C1B0000446F0E702AF1946104600233A4600F065
:10C1C000DFFF04460028E6D12023B9461D46CCE710
:10C1D0002DE9F041D0F8F830A6B0002BD8BF02AE60
:10C1E00031DD05460027D0F80C4102AEA4F101086C
:10C1F0009022D5F8FC403146D0F8000101AB019700
:10C20000B8FA88F8A0474FEA5818044620B9019BAD
:10C2100053B9B8F1000F16D030469021FFF734FC27
:10C22000204626B0BDE8F081014632462846FFF799
:10C2300091FF58B9D5F80431019A1344C5F8043177
:10C24000B8F1000FE8D16FF03C04E5E70446204662
:10C2500026B0BDE8F08100BF70B500250446142269
:10C2600004F588762946C0F8F850FC300BF016F833
:10C270000822294630460BF011F8144B30461B6853
:10C280009847204640F8045B00F0C6FD104B30464E
:10C290001B689847C8B9D4F8F830AB420FDC03EB01
:10C2A000830204EB82022021C2F800010120C2E9CE
:10C2B000421008490133C2F8FC10C4F8F830064BAC
:10C2C0003046BDE870401B68184770BDF02D002057
:10C2D000EC2D002055CC0300E82D00202DE9F0477F
:10C2E000202A88B07AD83F4B00F5887904461B682D
:10C2F00048461746884698470546F8B940F2011661
:10C30000D4F8F830002B65D02046FFF761FF0546D2
:10C3100038B9D4F8F830002B14DC013EF2D16FF0BC
:10C320003B056E4620213046FFF7AEFB2E4B4846BC
:10C330001B689847002818BF6FF01D05284608B0F5
:10C34000BDE8F087D4E94132934203D3D4F80C21FD
:10C35000012A02D0013ED7D1E1E71F2BFAD96E4660
:10C3600001462022304604F1040A0AF097FF3146C4
:10C37000504600F0A9FD05460028D3D1504600F0F4
:10C380005FFD504600F048FD2946504600F05EFD36
:10C3900005460028C6D150462022314600F06AFDED
:10C3A00005460028BED1034632462021304600F023
:10C3B000E7FE05460028B5D1D4F8F8303A46002B00
:10C3C000C8BF002340463146C8BFC4F804310AF054
:10C3D0003EFFA7E76FF03F056E46A3E76FF03B0512
:10C3E000ACE700BFEC2D0020E82D0020002130B587
:10C3F0008DB0282202A801910AF050FF02A800F097
:10C40000E7FE044610B120460DB030BD1B4D4FF085
:10C41000FF31286800F034F960BB194BD3F8340EB3
:10C4200010F0010017D100F05BF9F8B9154A02A924
:10C4300001A800F001FC0446012000F051F988B980
:10C44000286800F025F90028DDD00F48FFF7F0F943
:10C4500020460DB030BD2868052400F019F90028E9
:10C46000D1D0F2E70948FFF7E3F9E9E70848FFF719
:10C47000DFF9DBE70748FFF7DBF9CEE7442E0020C2
:10C48000006084504C77002074930400549304009F
:10C49000349304001C93040030B583B000F036F8E8
:10C4A00078B900F055F890B9144BC3F80C0AFFF7AF
:10C4B0009DFF0446F8B9124D2B6863B1204603B0C6
:10C4C00030BD032400F072F8204603B030BD0424D0
:10C4D000204603B030BD02460146FFF7D3F950B9FC
:10C4E0006822084901ABFFF7FDF920B92046064B49
:10C4F0002B6003B030BD0524E0E700BF005084503E
:10C500006C790020707900205AEA5A5A002070474E
:10C51000430504D54FF0FF32034BC3F80821024B0B
:10C52000C3F8080A704700BF00508450014BC3F89D
:10C53000040A70470050845008B100F071B84FF4FD
:10C540007500704708B100F04FB84FF475007047A0
:10C5500010B5114800F080F800B110BD0F4800F090
:10C560007BF80028F9D10E4C204600F075F8002821
:10C57000F3D10C4B0C481C6000F06EF8014600280B
:10C58000EBD100F02DF8044608B1204610BD00F0B4
:10C5900089F82046FAE700BF542E0020502E0020D4
:10C5A0004C2E0020442E0020482E002008B50848BC
:10C5B00000F05CF8074800F059F8074800F056F81A
:10C5C000064800F053F8BDE8084000F00BB800BF83
:10C5D000542E0020502E00204C2E0020482E0020EB
:10C5E00000207047704700BF10B402460B4C01E0BA
:10C5F000134207D1D4F8003A13F48070F8D0012028
:10C6000042F4807229B1054BD3F804410C60C3F8A1
:10C610000841024BC3F8082A10BC704700508450F0
:10C620000246084901E01A4207D1D1F8003A13F452
:10C630008070F8D0012042F48072024BC3F8082ABF
:10C64000704700BF005084500AF00EBE0AF026BEAC
:10C650000A4600210AF022BE08B5034B02681B6897
:10C6600010689847002008BD102E002008B5034B25
:10C6700002685B6810689847002008BD102E0020F3
:10C68000024B02689B681068184700BF102E0020FC
:10C6900008B5034B0268DB6810689847002008BDA6
:10C6A000102E002070B5094C094D2069AB689847E1
:10C6B00018B1084B08485B6898470021074AEB68A7
:10C6C00011602069BDE87040184700BFFC2D0020B4
:10C6D000102E0020F42D00208C930400D879002027
:10C6E000F8B51A4D1A4E0446B26828699047E8B961
:10C6F000184F3B684CB1A3B1012B19D0013B3B60F3
:10C700002869F36898470020F8BD43B90121124A0F
:10C71000C2F800151149D1F81029002AFBD10133C4
:10C720003B60F368286998470020F8BD0C48F8BDC5
:10C730000A4AD2F81039002BFBD1074A6FF07E402D
:10C74000C2F80035FFF7F2FE3B68D7E7FC2D00206A
:10C75000102E0020D87900200040845000508450D2
:10C76000E98FFFFF2DE9F041002873D00C46002926
:10C7700070D01D46002B6DD007461AB10122002350
:10C780002A6003602B68002B5FD02946204600F00A
:10C79000D9FD804600285AD12146286800F0B8FD0E
:10C7A0008046002853D12868082867D0042867D01D
:10C7B000A0F10200B0FA80F040090121314EC6F824
:10C7C000C411C6F84011C6F8C411636AC6F8303106
:10C7D000D6F830219342F6D10023C6F82C314FF021
:10C7E000FF33C6F808316FF01B03C6F80031C6F8F6
:10C7F0000C01D6F8040A40F48060FFF797FE0A2384
:10C80000C6F83831069B012B29D023691E4AA2FBAA
:10C8100003231B09626A404602FB03F303EB430355
:10C82000184ADB039B09C2F8D8310123C2F82C3126
:10C830003B682A6823F07F4343EA02633B602A682F
:10C8400043EA02233B60BDE8F081DFF840804046C8
:10C85000BDE8F081DFF838804046BDE8F0814FF454
:10C860007F03D3F80C2C013206D0D3F80C3C064AD7
:10C87000A2FB03231B09CDE71623CBE703209CE78C
:10C8800002209AE700508450ABAAAAAA310CF1000A
:10C89000350CF10058B34B1EB3F5047F27D230B5E9
:10C8A0004FF0000ECD00744671464B0901F01F0C8D
:10C8B00050F82330BCF11F0F23FA0CF306D003F01D
:10C8C000010319B901211C468E46EEE79C4201F195
:10C8D000010106D01C464FF0010EA942E5D100200F
:10C8E00030BD0EF1010E9645F7D1024830BD01482A
:10C8F000704700BF360CF100C0B32DE9F0434C1E69
:10C90000B4F5047F1DD2E3B1DAB100252E46A84666
:10C910002C46CF0003F1FF394FEA541C04F01F0EE0
:10C9200050F82C10BEF11F0F21FA0EFC0CD00CF0A9
:10C93000010C4CB90126E04634463546ECE79642F8
:10C9400016D90C48BDE8F083AB420BD0C44508BFF4
:10C950000136A945F3D001350134BC42DCD10020B9
:10C96000BDE8F0830125E0462E46F5E70148704713
:10C970001D46F1E7370CF1002DE9F04F8FB08246EC
:10C98000DDE919460D46002E6ED1096904911C603F
:10C99000002318990B60002A00F02881994B6A6ADD
:10C9A000D3F83811D3F830319A4269D10A2967D1C6
:10C9B0009AF80330069304F1080305930423049ABC
:10C9C0000393914B8F4CA3FB023B4FEA9B0B0BEB6A
:10C9D0004B0BA2EB4B0B189B049E1E60002E00F02D
:10C9E000E580002700F0BEFC0797BAF1000F00F0C9
:10C9F000D0804FF00109DDF81480002D00F0C980CF
:10CA0000069B002B3ED0284606A900F09BFC002880
:10CA10003AD07E4B984220D0069B082B00F0E08055
:10CA200000225B000693294606AB50460092FFF7B2
:10CA300099FE774B984200F0CF8070B9DAF8002069
:10CA4000130A03F47F03134323F07F43CAF8003033
:10CA5000039B013B0393BED10020039000F082FCB6
:10CA600003980FB0BDE8F08F4FF47F01D1F80C0CA4
:10CA700001300CBF4FF40471D1F80C1C049186E70F
:10CA80006448EAE76248C4E72946069800F040FC9B
:10CA90000028BED1069B082B00F0A480042B00F0D8
:10CAA000A380A3F10203B3FA83F35B09C4F8C49132
:10CAB000C4F84091C4F8C4916A6AC4F83021D4F82B
:10CAC00030118A42F6D10022C4F82C214FF0FF32F7
:10CAD000C4F808216FF01B02C4F80021C4F80C311F
:10CAE000D4F8040A40F48060FFF720FD0A23C4F85C
:10CAF00038312B69444AA2FB0313696A1B0901FB05
:10CB000003F303EB4303DB039B09C4F8D831C4F8F8
:10CB10002C910698DAF8003023F07F41030243EAB3
:10CB200000630B43CAF8003007A800F0E1FB079B45
:10CB3000354A03F01A0303437FF46EAFA2FB0632BB
:10CB4000D4F81431B7EB920F0893D4F81831099345
:10CB5000D4F81C310A93D4F820310B93D4F8243143
:10CB60000C93D4F828310D9302D1BBF1000F12D1F0
:10CB70004046182208A9183EFFF766FD08F118087C
:10CB800001379EB100F0EEFB00230793002D7FF4E8
:10CB900037AF21483DE740465A4608A9A6EB0B06A9
:10CBA000FFF752FDD8440137002EEBD1049F059EBC
:10CBB0006A6939463046FFF76DFEAA6940B94FF4FD
:10CBC000806339463046FFF797FE00283FF444AFB4
:10CBD0000023189A13601CE72B6A002B3FF43DAF2B
:10CBE0000E483AE7032361E702235FE70122294663
:10CBF0005046009606ABFFF7B5FD00283FF4DBAECC
:10CC00002BE700BF00508450ABAAAAAA020CF10087
:10CC1000310CF100300CF100350CF100320CF10058
:10CC200010B4DDE9013401940024DDF80CC0CDE935
:10CC300002C410BCFFF7A0BE30B51546012487B072
:10CC400005AB00930022CDE9015404ABFFF794FE3D
:10CC500007B030BDF0B587B0002967D01E46002B65
:10CC600064D01446002A61D0324F0D4638684FF028
:10CC7000FF31FFF705FD00283DD12F4BD3F8340ECF
:10CC800010F0010015D04FF0FF354FF408712B481C
:10CC9000FEF7F0FE04212A48FEF7ECFE2948282181
:10CCA000FEF7E8FE3868FFF7F3FC40BB284607B004
:10CCB000F0BDFFF715FD002834D1224800F088FAB6
:10CCC00070B91E4A0346029205AA019204AA039073
:10CCD00000921C4902461A48FFF7A2FF0346A0B182
:10CCE0004FF0FF350120FFF7FBFC0028CDD01648A0
:10CCF000FEF79EFDC9E71548FEF79AFDBDE714480B
:10CD0000FEF796FD284607B0F0BD28461D46059B58
:10CD100022469C4228BF1A46049932600831FFF728
:10CD200093FCDFE70B48FEF783FDC6E74FF0FF35C6
:10CD3000BCE700BF442E002000608450087A002029
:10CD4000DC790020E0790020549304001C93040057
:10CD5000AC9304003493040010B5044630B10022B3
:10CD600001236265A265E365236610BD0148FEF7F5
:10CD70005FFDF4E7C493040018B174220021FFF7AB
:10CD800065BC7047C8B1D9B108B50023C02A836318
:10CD900080F83C300FD0B2F5807F04D0802A03D0D9
:10CDA0006FF01F0008BD02230363D2081030FFF7A5
:10CDB0004BFC002008BD0123F6E76FF0210070470F
:10CDC0006FF01F00704700BF70B5044686B0F8B121
:10CDD0001046EAB1E3B101291AD8A26B16D0012A94
:10CDE00016D1102500210DEB0506019602AA6163FC
:10CDF0002946009500F0C8FA50B92B463246204625
:10CE000002A900F073FD18B906B070BD002AE8D081
:10CE10006FF02100F8E700BF10B5044628B12046A6
:10CE2000BDE81040F421FFF713BC0448FEF700FDF5
:10CE30002046BDE81040F421FFF70ABCD893040057
:10CE400010B1F421FEF716BE704700BF08B521B13E
:10CE5000012908D06FF0360008BD012100F058F814
:10CE60000028F7D108BD022100F052F80028F9D0BF
:10CE7000F0E700BF30B505468818B0F5801F0B46B7
:10CE80001446A1B001D8802A0CD9B3F5801F17D958
:10CE900022461946284600F07DF8044684B920460B
:10CEA00021B030BD6846FFF7CFFB224669462846D1
:10CEB00000F070F8802104466846FFF7C9FBEDE7F3
:10CEC0006FF03604EBE700BF70B5E8B10E46D9B19C
:10CED000044600F031F80546B0B92368012B0BD0A9
:10CEE000022B01D0284670BD1C22304604F10801F7
:10CEF000FFF7AAFB284670BD2022304604F1080146
:10CF0000FFF7A2FB284670BD6FF03605EAE700BFC9
:10CF100078B138B50D46F0210446FFF799FB402360
:10CF200020462560E36500F061FA003818BF012053
:10CF300038BD0120704700BFF0B5056EA5B00446AE
:10CF400004AEE5B900230127019330466760294606
:10CF500002AA009300F018FA10B1012025B0F0BD2C
:10CF60002A46204602A900F069FA0028F5D1204699
:10CF700000F06CFB0028F0D1206625B0F0BD802DBC
:10CF80002A46304628BF802204F16401FFF75CFB8B
:10CF9000256ED7E7002800F0AE802DE9F04F14464B
:10CFA000A5B0002A3DD00F46002949D0B2F5803FF8
:10CFB0000546006E20D34FF6FF7805F1640AEB6D4D
:10CFC0001A1AB2FBF3F103FB1122002A65D1834246
:10CFD000B9464FF6FF7672D0B6FBF3FB03FB0BFBB3
:10CFE000BBF1000F30D1002E45D1A4F57F44FF3CAA
:10CFF000B4F5803F4744E2D2EA6D161AB6FBF2F36D
:10D0000002FB1366A64228BF2646002E75D1824237
:10D0100000F08D80B4FBF2F602FB06F62EB9002C70
:10D0200079D1002025B0BDE8F08F00233146384685
:10D03000CDE9003302AA00F0A7F9002800F095809E
:10D04000012025B0BDE8F08F002359464846CDE9C0
:10D05000003302AA00F098F90028F1D15A46284678
:10D0600002A900F0EBF90028EAD1A6EB0B06286E26
:10D07000D944002EB9D019304946324605EB80001C
:10D08000FFF7E2FAA4F57F44286EFF3C3044B4F584
:10D09000803F4744286692D2AEE7424528BF4246C9
:10D0A000164639465044FFF7CFFA286EEB6D3044F0
:10D0B000834207EB06092866A8EB06068CD1802B75
:10D0C00028BF802351461A4604A8FFF7BDFA002363
:10D0D000E96D02AACDE9003304A800F055F9002853
:10D0E000AED12846EA6D02A900F0A8F90028A7D120
:10D0F000EB6D286670E70120704705F1640339463F
:10D1000032461844FFF7A0FA286EEA6D3044A41B9B
:10D11000374428667BE72B6E2246193305EB8300E4
:10D120003946FFF791FA2B6E23442B6679E7802A64
:10D1300028BF802205F1640104A8FFF785FA0023C7
:10D14000E96D04A8CDE9003302AA00F01DF900281A
:10D150007FF476AF2846EA6D02A900F06FF9002847
:10D160007FF46EAFEA6D286654E73246284602A97E
:10D1700000F064F900287FF463AF3744A41B4EE746
:10D18000F8B51C460546114816460F46FFF744FE03
:10D1900021460E48FFF75AFE044620B10B48FFF720
:10D1A0004FFE2046F8BD3A4629460848FFF762FE82
:10D1B00004460028F2D131460448FFF785FE0446B4
:10D1C0000248FFF73DFE2046F8BD00BF287C002046
:10D1D0001C2370B582B001A90546019300F032F816
:10D1E000044638B9019B1C2B07D0144C1C2128463F
:10D1F000FFF72EFA204602B070BDD5E90112131ECA
:10D2000018BF0123003918BF0121012628689B009F
:10D21000EA6843EA4103002818BF43F00103EE61C6
:10D220002AB9C5E90834002BE4D1054CDEE72046D5
:10D2300043F00803C5E9083402B070BD370CF000B4
:10D240000E0CF000034618B111B10A681C2A01D077
:10D25000012070474FF47F02D2F8101C01310CBF3F
:10D2600040F2DC51D2F8101C4FF47F020160D2F87A
:10D27000141C01310CBF40F2DC51D2F8141C4FF4E5
:10D280007F024160D2F8181C01310CBF40F6340116
:10D29000D2F8181C4FF47F028160D2F81C1C0131B7
:10D2A0000CBF40F63401D2F81C1C4FF47F02C16061
:10D2B000D2F8001C01310CBF9021D2F8001C4FF4B1
:10D2C0007F020161D2F8041C01310CBF5121D2F858
:10D2D000041C4FF47F024161D2F8081C0020013188
:10D2E0000CBF40F23732D2F8082C9A61704700BF69
:10D2F000014608B54FF48060FFF724F90022034B84
:10D30000C3F8C821C3F82C2108BD00BF00508450C9
:10D310000138072805D8DFE800F0100E040A0404DD
:10D32000040607487047CB6800204B6270478B6843
:10D3300000204B6270474B68F6E70B68F4E700BFCC
:10D34000310CF1000B6802E0082B0B6006D8026A72
:10D3500013424FEA4303F7D000207047004870475C
:10D36000310CF100002310B5064C4FF48060C4F876
:10D370002C31C4F8C431FFF7CBF84FF0FF33C4F8B9
:10D38000083110BD005084502DE9F041002482B0D6
:10D3900015461E4601220DF107030746DDF82480DD
:10D3A0008DF8074000F05AFFD0B99DF807300446C9
:10D3B0002F602B71B8F1000F0ED04EB102460899C4
:10D3C00030460DF1070300F049FF48B99DF80730DA
:10D3D000C8F8006088F80430204602B0BDE8F0814B
:10D3E0004FF47504204602B0BDE8F081D8B108B50D
:10D3F0000368012B04D0022B0FD043B10B4808BDAA
:10D4000020220B490830FFF71FF9002008BD142225
:10D4100008490830FFF718F9F7E7202206490830D5
:10D42000FFF712F9F1E74FF4730070470100F300C2
:10D43000E893040028940400089404002DE9F047C0
:10D44000002900F0EB800446002800F0EB80036820
:10D4500088469146002B00F0B580013B012B00F27D
:10D46000C9804FF0FF3171484FF0020AFFF708F909
:10D47000002840F0B1800020FFF732F9074600286D
:10D4800040F0B4806A4DD5F81069002EFBD14FF002
:10D49000FF30FFF73DF8D5F8040A20F40060FFF7ED
:10D4A00045F801230722C5F81838C5F82038C5F813
:10D4B0000029C5F8C437C5F8A466A36CC5F8CC37F5
:10D4C000E36CC5F8D037C5F8C0A723685BB1013B52
:10D4D000012B18D8636AC5F85C36236AC5F858363C
:10D4E000E369C5F85436A269514BC3F85026626906
:10D4F000C3F84C262269C3F84826E268C3F84426DC
:10D50000A268C3F84026B9F1000F56D063684FF403
:10D510000060012B04BF464AC2F8843698F80430F4
:10D52000D8F80010424A5B0003F00203C2F80C3B3B
:10D53000C2F8281CC2F82C9CFEF7FEFF07462368A1
:10D5400063B1013B012B19D8394BD3F85C266262D9
:10D55000D3F858262262D3F85436E361344BD3F81B
:10D560005026A261D3F84C266261D3F84826226186
:10D57000D3F84426E260D3F84036A36000220121AC
:10D580002B4BD3F8CC07A064D3F8D007E064C3F8E2
:10D59000C417C3F88426C3F8C827C3F81828C3F8EB
:10D5A0002028AFBB0120FFF79BF868BB1F48FFF79F
:10D5B0006FF818BB3846BDE8F08704221C4BC3F84F
:10D5C000C827BCE74FF0FF3118484FF0010AFFF7BA
:10D5D00057F800283FF44FAF1648FEF729F900200E
:10D5E000FFF77EF8074600283FF44CAF1248FEF7DD
:10D5F0001FF947E7114F3846BDE8F0871048FEF79E
:10D6000017F93846BDE8F0870E48FEF711F9CDE767
:10D61000102104F10800FFF71BF8C3E70A4F384652
:10D62000BDE8F0874FF47307C4E700BF542E002015
:10D63000005084501C930400349304000100F30054
:10D6400074930400549304000300F300A0B3034652
:10D6500070B4D0E90240D3E9041226BA05BA0CBA74
:10D6600010BAC3E90440D3E90612986A09BAC3E9BB
:10D67000026512BA996100BAD3E9084125BA0CBA19
:10D68000C3E90725D3E90B12C3E9094009BAD86BEE
:10D6900012BAD962D3E90D4125BAC3E90C250CBAF7
:10D6A00000BAD3E9101209BA12BAC3E90E401964DC
:10D6B00000205A6470BC70474FF47300704700BF7D
:10D6C00070B500284DD0436B0446032B3CDD063B70
:10D6D000012B3BD8A36B012B3BD8E36D012B3DD82D
:10D6E000236E012B41D8224ED6F81059002DFBD1C4
:10D6F0004FF0FF30FEF70CFFD6F8040A20F400606C
:10D70000FEF714FF0123C6F80039C6F8BC54636B5A
:10D7100023F00402032A18BFA16B226B0CBF294619
:10D7200001F00101022A17D89B0003F01C0343EA11
:10D7300002330F4A0B43C2F8C034636B072B06D188
:10D740000123C2F87C3402E0002BC3DA094D2846DD
:10D7500070BD094D284670BD084DF8E7084D2846B4
:10D7600070BD4FF47105284670BD064DEFE700BF50
:10D77000005084500100F1000200F1000600F100A9
:10D780000300F1000400F10000287DD038B590F8C6
:10D790003C300446002B55D0022B23D03C483D4D55
:10D7A0002A683D4B1268C3F800242A685268C3F8FF
:10D7B00004242A689268C3F808242A68D268C3F847
:10D7C0000C242A681269C3F810242A685269C3F825
:10D7D00014242A689269C3F818242A68D269C3F805
:10D7E0001C2438BD016B006C00F032FB294D002871
:10D7F000D6D12A68284B1268C3F800242A685268D8
:10D80000C3F804242A689268C3F808242A68D268F6
:10D81000C3F80C242A681269C3F810242A685269D4
:10D82000C3F814242A689269C3F818242A68D269B4
:10D83000C3F81C24216B206C00F020FB0028AFD122
:10D84000002038BD0269144BC3F800244269C3F8B4
:10D8500004248269C3F80824C269C3F80C24026B4B
:10D86000013A012AECD8026AC3F81024426AC3F8CC
:10D870001424026B022AE3D1826AC3F81824C26A14
:10D880000020C3F81C24DCE74FF47100704700BF90
:10D890000900F100402E002000508450114A124B24
:10D8A00011680968C3F8001411684968C3F80414C2
:10D8B00011688968C3F808141168C968C3F80C14A2
:10D8C00011680969C3F8101411684969C3F8141480
:10D8D00011688969C3F818141268D269C3F81C2446
:10D8E000704700BF402E0020005084502DE9F04FBB
:10D8F00085B0002958D01746002A55D00446002884
:10D9000000F0DC809846C36D0E46002B42D1B8F57E
:10D91000805F44D294F83C30042B00F0C7804FF075
:10D92000000A4FF0FF31B548FEF7AAFE002840F08C
:10D93000B9800020FEF7D4FE002840F0AF804FF001
:10D940000109DFF8BCB22046CBF81098CBF820983C
:10D95000FFF7B6FE054620B92046FFF715FF05463E
:10D9600038B3BAF1000F40F085800022A44B0120AB
:10D97000C3F81028C3F82028FEF7B2FE002840F0B4
:10D9800089809E48FEF784FE00287CD1284605B099
:10D99000BDE8F08F012BBDD1B8F5803FBAD3994DCA
:10D9A000284605B0BDE8F08F974D284605B0BDE884
:10D9B000F08F636B072B00F2CA8009FA03F919F0A4
:10D9C0008A0F40F0D38019F0440F40F0C28019F064
:10D9D000010F00F0BC8033793A795B0002F001025C
:10D9E00003F002031343864A31683868C2F80C3BDF
:10D9F000636B23F00403032B0AD0236E012B0BBFB0
:10DA0000C2F8280DC2F8300DC2F82C8DC2F8348D42
:10DA1000E36D4FF40060012B794B0BBFC3F8281C5A
:10DA2000C3F8301CC3F82C8CC3F8348CFEF784FD8B
:10DA30000546002895D1626B072A15D8012393402B
:10DA400013F08A0F40F09F8013F0440F0CD06C4B02
:10DA5000D3F860242260D3F864246260D3F8682489
:10DA6000A260D3F86C34E3600123A365BAF1000F20
:10DA70003FF47BAF0423202104F1100084F83C30F4
:10DA8000FEF7E6FD71E76148FDF7D2FE284605B0D6
:10DA9000BDE8F08F5E48FDF7CBFE72E75D48FDF70D
:10DAA000C7FE4CE75C48FDF7C3FE42E7216B206CE4
:10DAB00000F0B8F928B14FF0010A32E74FF47105D0
:10DAC00064E7DFF858914E4DD9F800301B68C5F86F
:10DAD0000034D9F800305B68C5F80434D9F8003058
:10DAE0009B68C5F80834D9F80030DB68C5F80C34F9
:10DAF000D9F800301B69C5F81034D9F800305B69DB
:10DB0000C5F81434D9F800309B69C5F81834D9F831
:10DB10000030DB69C5F81C34216B0229CBD8236D9A
:10DB20004FEAC10A0193E36C0AF1100A04F1100BE9
:10DB30000093CDF80CA0CDF808B0206CD4E91123E7
:10DB400000F09CFA68BB002384F83C30B3E7344D06
:10DB500007E72368CBF860346368CBF86434A368C4
:10DB6000CBF86834E368CBF86C3434E72368CBF83F
:10DB700040346368CBF84434A368CBF84834E36896
:10DB8000CBF84C3427E71E4BD3F840242260D3F85F
:10DB900044246260D3F84824A260D3F84C34E36094
:10DBA00062E7D9F8003051461B685846C5F8003482
:10DBB000D9F800305B68C5F80434D9F800309B68A8
:10DBC000C5F80834D9F80030DB68C5F80C34D9F84A
:10DBD00000301B69C5F81034D9F800305B69C5F80E
:10DBE0001434D9F800309B69C5F81834D9F80030DE
:10DBF000DB69C5F81C34FEF72BFDA4E7542E00208A
:10DC0000005084500500F1000B00F10074930400F3
:10DC100054930400349304001C930400402E00200D
:10DC20000100F1002DE9F04701B3FAB104460028E4
:10DC300054D01D46436B0E46072B1BD05DB9032BFA
:10DC400010D1836D73B945668566C5660567102575
:10DC500000F164030B602B4631462046BDE8F047D7
:10DC6000FFF744BE2F463846BDE8F087644F38467C
:10DC7000BDE8F087C36DA3BBB5F5805F36D20DB9A3
:10DC8000A36D9BBB4FF0FF315E48FEF7F9FC002807
:10DC90004CD10020FEF724FD002843D14FF00108AD
:10DCA000DFF864912046C9F81088C9F82088FFF78A
:10DCB00007FD0746E0B10022534B0120C3F81028AE
:10DCC000C3F82028FEF70CFD40BB4E48FEF7E0FCF1
:10DCD0000028C8D04D48FDF7ABFDC4E74FF47107ED
:10DCE000C1E7012BCBD1B5F5803FC8D3484FBAE788
:10DCF0002046FFF749FD07460028DCD1636B072B60
:10DD00000AD808FA03F818F08A0F13D118F0440F54
:10DD10005AD118F0010F19D13E4FCCE73E48FDF71C
:10DD200087FDD2E73D48FDF783FDB7E73C48FDF7A7
:10DD30007FFDAEE72368C9F840346368C9F844340E
:10DD4000A368C9F84834E368C9F84C3401212E4A65
:10DD5000C2F87C14C2F8BC54337930688B4003F0AD
:10DD60000203C2F80C3BE5B9A36D0BB9C2F8241548
:10DD7000626B072A9FD80123934013F08A0F30D19A
:10DD800013F0440F97D0204BD3F860242260D3F8CF
:10DD900064246260D3F86824A260D3F86C34E36032
:10DDA00089E7E36D012B0BBFC2F8280CC2F8300CD9
:10DDB000C2F82C5CC2F8345C4FF40060FEF7BCFB88
:10DDC0000028D5D0074676E72368C9F86034636831
:10DDD000C9F86434A368C9F86834E368C9F86C34D6
:10DDE000B4E7094BD3F840242260D3F8442462609E
:10DDF000D3F84824A260D3F84C34E3605BE700BF5B
:10DE00000B00F100542E0020005084507493040045
:10DE10000500F1000100F100549304003493040064
:10DE20001C9304007F2809D851B10139022909D86F
:10DE300005497F280CBF08460020704702487047FC
:10DE400008467047014870470100F7000300F700DB
:10DE50007F2809D851B10139022909D805497F28FD
:10DE60000CBF0846002070470248704708467047BC
:10DE7000014870470100F7000300F7000129F0B4E2
:10DE800007D0022900F0898000295AD07248F0BCDE
:10DE900070470022714C724B4FEAC00CC4F8001559
:10DEA000451C0CF57F04C3F8082104F50444C3F8AD
:10DEB0000021C3F80421C3F800556A4E2468B44217
:10DEC00040F0B380196002E0002940F0B580D3F83B
:10DED0000021D3F80841D3F804112243F4D0002CD8
:10DEE00040F0B180002940F0A78001245B4AC3F8CC
:10DEF00000150230C2F800455B4AC3F80811C3F8A8
:10DF00000011C3F80411C3F8000552F80C00574A79
:10DF1000904240F08E80524A1C6002E0002840F09F
:10DF20008B80D2F80031D2F80811D2F804010B43EB
:10DF3000F4D0002940F08C8000287DD1C2F8000583
:10DF400028E00124464BC200444E204402F57F02E3
:10DF5000C6F8004502F50442C3F80811C3F80011E1
:10DF6000C3F80411C3F800053E4D1268AA4260D1FF
:10DF70001C6001E000285FD1D3F80021D3F808111C
:10DF8000D3F804010A43F5D000295CD1002853D10D
:10DF9000C3F800050020F0BC704701250022304B7B
:10DFA0002E4F4FEAC00C44190CF57F01C7F80055FD
:10DFB00001F50441C3F80821C3F80021C3F8042186
:10DFC000C3F80045274E0968B1422ED11D6000E01C
:10DFD00091BBD3F80021D3F80841D3F804112243B0
:10DFE000F6D084BB41BB01241C4AC3F800150230A3
:10DFF000C2F800451C4AC3F80811C3F80011C3F861
:10E000000411C3F8000552F80C00184A904210D1D0
:10E01000134A1C6000E078B9D2F80031D2F8081138
:10E02000D2F804010B43F6D083E7C3F8002510486B
:10E030002DE7C3F80015FAE70022094B0D48C3F895
:10E040000025F0BC70470022C3F800250A481EE7EF
:10E050000023C2F80035F9E70C00F10000408450BD
:10E0600000900350005484500884FF0010548450E2
:10E070000600F7000200F7000100F7002DE9F04765
:10E080000024CCB0824689461646214674220EA84A
:10E090001F46579DDDF8588109F000F9802221467E
:10E0A0002CA82B9409F0FAF88423B5F57F6FCDE9FD
:10E0B0000A440D940C94059364D8FFF7EFFB05AB6D
:10E0C00030462BAE01933946DDE954230295009684
:10E0D00000F064F8002850D1022307228DF8133095
:10E0E0009DF813301B928DF8743000220123012417
:10E0F00010211C900EA8CDE92423CDF86890CDF80E
:10E1000078A02694FEF7A4FA10220DF120090092BF
:10E11000304605990AABCDF8049006AAFFF734F90A
:10E12000074688B11EE0102D2E4628BF10260EA9E6
:10E130003246FEF789FA10210EA8FEF789FA01345B
:10E14000AD1B3744E4B222D0059B4A4606A90EA86F
:10E150008DF8AC40FFF766FD034608EB0700002B87
:10E16000E1D01F460EA874220021FEF76FFAFFF7D8
:10E1700095FB38464CB0BDE8F087064F38464CB0AA
:10E18000BDE8F087044F38464CB0BDE8F0872F4615
:10E19000E8E700BF0E00F1000F00F1002DE9F041AB
:10E1A000002482B00A9D0194B5F57F6F40D8ED0040
:10E1B000B5F5807F1E4634BF0323042301F1FF3CE5
:10E1C000BCF13F0F0C46009332D888B3174666BBAC
:10E1D000089A6AB3099A116851B3A2191344994273
:10E1E00026D3089B01462246581CFEF72DFA089BB1
:10E1F00004F102081C440023637026BB089BFF2D1A
:10E20000009503EB080017D92B029BB243EA1523B4
:10E21000022201A90193FEF717FA08F10203002078
:10E22000099A136002B0BDE8F0810AB1402ECFD93F
:10E23000094802B0BDE8F08101226946FEF704FA00
:10E2400008F10103EBE7089B324603EB080039466F
:10E25000FEF7FAF9B044D1E70600008000201870FC
:10E26000704700BF08B5054B044613B10021AFF35A
:10E27000008000F0F3FC2046DEF734F900000000D7
:10E280000FB407B504AA064B52F8041B1868019294
:10E2900000F0DAF803B05DF804EB04B0704700BF9B
:10E2A0007C860400F8B50E4B06461D68AB789B07CC
:10E2B00012D56F6816F8014B29462CB90A20B847C9
:10E2C000002805DB204609E02046B8470028F1DA9F
:10E2D000AB7843F00403AB704FF0FF30F8BD00BFE4
:10E2E0007C8604000CB430B589B005460C461C226F
:10E2F000002101A808F0D2FF022305958DF8063011
:10E300000D4B029323462CB1B4F1004F28BF4FF0C0
:10E310000043013B1D440DAA0C9901A806950092EB
:10E3200000F092F814B1059B00221A7009B0BDE804
:10E33000304002B0704700BFAB7404000EB470B53B
:10E3400089B005461C2200210DAC01A854F8046BCD
:10E3500008F0A4FF012301A8224631468DF80630BB
:10E36000054B05950393009400F0C8FA09B0BDE889
:10E37000704003B0704700BF97740400242AF0B5C2
:10E38000044601D8012A40D12E4B162209F0AEF8DE
:10E390001A5001B10C600020F0BD2F463D4615F823
:10E3A000010B2028F9D0A0F109060346042EF4D968
:10E3B0002B282CD02D282CD10126BD1C7B78302B6E
:10E3C0002DD1287840F02000782824D132F0100098
:10E3D00021D16B782C46102202350020392B82BFC8
:10E3E00003F1FF3343F02003263B303B9A421AD916
:10E3F000A0FB02040CB9C01801D346F002062F4658
:10E400002C4617F8013B3D46E8E70746C6E70026DD
:10E41000D3E70026D3E7002A08BF0822DDE7002A59
:10E4200008BF0A22D9E701B10C60F20748BF404299
:10E43000B307B1D5034B222209F058F81A504FF018
:10E44000FF30A9E70C0000002DE9F04F43688DB0C4
:10E4500015468046029383789A0740F10D81002487
:10E460000E78002E00F00A81252E0BD04B1C039352
:10E47000013441463046029B98470028C0F2F6809E
:10E480000399EDE74E788B1C252E0393F0D00027DF
:10E49000B946BB46BBF11F0F38D8A6F12003102B9D
:10E4A0000AD8DFE803F02A09093009090921090916
:10E4B0000928092D09091F00A6F13003092B33D9BA
:10E4C0002A2E37D11BF0400F55F8043B40F08280D4
:10E4D000002BA7BF4BF0200B9946C3F100094BF06E
:10E4E000280B01E04BF0010B039B13F8016B039326
:10E4F000002ECFD130E04BF0020B4BF0040BF3E7D2
:10E500004BF0080BF0E74BF0100BEDE7BBF17F0F82
:10E5100019D8A6F13003092BD2D81BF0400F03D035
:10E520000A2101FB0737DFE70A214BF0200B01FB33
:10E530000939D9E72E2E06D11BF0400F40F09E80FE
:10E540004BF0400BD0E76C2E31D02BD8682E36D054
:10E550006A2E3CD04C2E3AD0002F46F02003B8BF94
:10E560002BF04002A3F16501BCBF00271FFA82FB1C
:10E57000022901D9612B2FD107350727DFF8ACA27B
:10E5800025F0070508351BF0080F66D00AEB070BCE
:10E5900056465E4563D1A4EB0A0AA9EB070906EBD0
:10E5A0000A026FE1742E9FD07A2E9DD0D4E71BF023
:10E5B000800F18BF4BF4007B4BF0800B94E71BF4EB
:10E5C000807F18BF4BF4007B4BF4807B8CE74BF4CF
:10E5D000207B89E71F4687E7A6F16301122900F235
:10E5E000F080DFE811F013004F00EE00EE00EE00C7
:10E5F000EE004F00EE00EE00EE00EE00EE00FE003A
:10E60000E900EE00EE001B00EE00AF0055F8043B01
:10E6100001270DF1180A8DF81830B4E755F804AB4E
:10E62000834BBAF1000F08BF9A461BF0400F5046CB
:10E6300014BF39464FF0FF3107F008F90746A2E74B
:10E6400041462020029B984700280FDB013EB7423D
:10E65000F6D34C44B146A41B98E74E46F7E7414633
:10E6600016F8010B029B9847002892DA98F80230BE
:10E6700043F0040388F802304FF0FF3420460DB019
:10E68000BDE8F08F1BF0800F34D01BF4007F2CD03E
:10E69000073525F00705AA4669685AF8080B2BF0DC
:10E6A00010050029ADB237DA404245F4806561EBD0
:10E6B00041010DF1180B0A235A4608F029FEA0EB80
:10E6C0000B0301936B0662D5019B25F001019F426C
:10E6D00089B240F3A180002E00F0998015F010025D
:10E6E00040F09C80BB460D4623E0AA465AF8040B36
:10E6F000C117D4E7AA461BF4807F5AF8041B01D146
:10E700000846F5E71BF4007F19BF48B241F3C0117A
:10E7100008B241F3C031C2E750EA0103C9D11BF08E
:10E72000400FC6D0002FC4D12BF01102BB46019779
:10E7300095B240F2064115EA01021CBF0BF1010B34
:10E7400000222CE02BF010020A231FFA82FB1BF0A0
:10E75000800C49D01BF4007115BF0735AA4625F07F
:10E7600007055AF8040B1EBFAA4669685AF8080B39
:10E7700050EA010545D12BF016051BF0400FADB254
:10E7800042D0002F40D12BF01702019795B215F01F
:10E79000100248D0019B002E42D103F1010B290742
:10E7A0005AD4EB0706D5D9456FDDA9EB0B030199C8
:10E7B000CB465F185B4649E04BF0100B10237826E0
:10E7C000C5E7782B04D1C6F1780343F01003BEE708
:10E7D00041462520029B98470028FFF647AF0234A8
:10E7E00047E608230026B2E7AA461BF480715AF8D0
:10E7F000040BBDD01BF400711ABFC0B2614680B2D9
:10E80000B6E72BF0060295B20DF1180B54E725F090
:10E810001105BB46ADB28CE70D46B8E73B460D4649
:10E8200003F1020BBBE7DDF804B082E7A845050061
:10E83000A1450500CDE9043241462020029B9847BE
:10E840000028FFF613AF049B059A01339945F1DCCC
:10E85000A4EB0B019B46CC180AB341463020029B27
:10E8600098470028FFF602AF8EB901342744391BC0
:10E87000019B994224DC1D4655BB019AA9EB0B096B
:10E88000554622441446914433E0019F92E70234F6
:10E8900041463046029B98470028E7DAE6E640F218
:10E8A00006410D42E2D015F0020F04F10104414689
:10E8B00014BF2B20202015F4806F18BF2D20E9E70E
:10E8C00041463020029B013498470028CFDACDE63C
:10E8D00006AB013D4146585D029B98470028CBDAC4
:10E8E000C4E641462020029B013498470028FFF6E9
:10E8F000BDAEA9EB0403002BF3DCC1E52DE9F04F1D
:10E900008046002089B08246029207900D4615F895
:10E91000014BACB1202C17D0A4F10903042B13D95F
:10E92000252C17D007A9404608F048FD031EC0F269
:10E93000CD80DBB2A3420BD007AA414608F048FDC8
:10E94000504609B0BDE8F08F07A9404608F048FDE1
:10E950002946DBE74C788D1C252CE3D02A2C20D1CE
:10E96000CD1C8C780126002706E00A2246F002061C
:10E9700015F8014B02FB0737A4F13003DBB2092B7A
:10E98000F3D916F0020F08BF4FF0FF376C2C33D0CD
:10E9900009D8682C24D06A2C3CD04C2C35D034B902
:10E9A000CEE70026DFE7742C31D07A2C2FD0214619
:10E9B0009E4808F040FD0028C2D016F001030393E2
:10E9C00011BF4FF00009029B53F8049B02936E2C79
:10E9D00023D1079A00234846009608F016FDB7E7B2
:10E9E0002C78682C03D046F020060135D7E746F096
:10E9F00030066C780235D2E72C786C2C02D046F0C9
:10EA00000406F2E746F00C06F3E746F00C0615F8AC
:10EA1000014BC4E746F00806F9E7632C18D116F05D
:10EA2000020F08BF012707A9404608F0C7FC0028CD
:10EA30004CDBB9F1000F01D009F8010B013FF2D115
:10EA4000039B002B84D10AF1010A5FFA8AFA7FE75F
:10EA50005B2C54D12B7800245E2B06BF01354FF080
:10EA6000010B4FF0000B07A9404608F0A7FC00225D
:10EA70002E4605F1010E9446114616F8013BFBB1F6
:10EA8000764508D05D2B12D02D2B04D132B90B4620
:10EA900001221946F1E7002A08BF194688424FF0C3
:10EAA0000002F6DB9842D8BF4FF0010CF1E70028D6
:10EAB00005DBE34511D107AA414608F089FCACB952
:10EAC00098F8023013F00C0F3FF43AAFBAF1000F90
:10EAD00014BF50464FF0FF3033E7B9F1000F01D0BB
:10EAE00009F8010B013F4FF00104BCD1B9F1000F4F
:10EAF00001D13546A4E7002389F80030F9E707A9DA
:10EB0000404608F06DFC0028E0DB6F2C58D031D86F
:10EB1000642C57D0693C18BF0124240107A9404642
:10EB200008F04CFC2B2803D02D2809D146F04006D4
:10EB3000013FC5D007A9404608F040FC0028BFDBD4
:10EB400030286ED17B1E049306D007A9404608F0FA
:10EB500035FC0028049B37DA0027BB46730602D534
:10EB60007F426BEB4B0B3A465B464846009608F0FB
:10EB70004CFC65E7732C0BD0752C0CBF0A241024B9
:10EB8000CCE7B9F1000F01D009F8010B013F0FD01C
:10EB900007A9404608F012FC002809DB202803D012
:10EBA000A0F10903042BECD807AA414608F010FC99
:10EBB000B9F1000F3FF444AF002389F800303FE77C
:10EBC0000824ABE70A24A9E740F0200246F08006BB
:10EBD000782A0ED134F010020ED1BB1E0493BBD0A4
:10EBE00007A9404608F0EAFB0028049BB4DB102488
:10EBF00002E0002C08BF08240027BB463928024643
:10EC000082BF00F1FF3242F02002263A303A9442AD
:10EC10000ED807AA414608F0DBFB32067FF550AF5D
:10EC20009CE73B46002CE7D10A24E5E7B045050008
:10EC3000A4FB077146F08006D71904FB0B1141F1C4
:10EC4000000B013BCDE9043388D007A9404608F00A
:10EC5000B5FB0028049BD1DA80E700BF38B5074D2B
:10EC6000074C641BA41024B9064B0BB1AFF3008012
:10EC700038BD013C55F824309847F4E70000000007
:10EC80000000000000000000704701F032BB01F0FE
:10EC900039BB0023D9F7DEBB10B483682822DC68B7
:10ECA0004CF25033A44610BC604710B483685C68D3
:10ECB0004FF0FF33A44610BC604700210F2008B579
:10ECC00005F095FB00214FF40040F9F761F9F9E7F1
:10ECD00083681B69184783681B69184710B48468E8
:10ECE000246814B1A44610BC604710BC7047836808
:10ECF0001B691847836800EBC101B3F5004F2CBFB7
:10ED000051F8220031F81200704700EBC101806811
:10ED1000B0F5004F2CBF41F8223021F81230704777
:10ED2000012208B5FFF7E6FFD04008BD836800EB7D
:10ED3000C101B3F5004F08D34B681AB143F001038A
:10ED40004B60704723F00103FAE74B881AB143F098
:10ED500001034B80704723F00103FAE753000122BF
:10ED6000FFF7D3BF8368B3F5004F34BF04230823F4
:10ED7000C91A081AC0087047B0F5004F34BF042301
:10ED800008230731C818C00870470A4608B5012192
:10ED9000FFF7F2FF0132121AB2FA82F0C0F11F003F
:10EDA00008BD2DE9F041174603220E460446FFF741
:10EDB000A1FF8642054607F104080AD10122E36853
:10EDC000BA4023EA0203E360002344F82830BDE898
:10EDD000F081314602222046FFF78CFF06462B4683
:10EDE00001460322204644F82850FFF78EFF3346A1
:10EDF00029462046BDE8F0410222FFF786BF70B5E4
:10EE00000D4686680446FFF78BFFB6F5004F0146B6
:10EE100001D3012809D03046FFF7B7FF2946024643
:10EE20002046BDE87040FFF7BCBF70BD2DE9F0473C
:10EE3000054680688846FFF7A8FF05EB800ADAF8E8
:10EE400010900646B9F1000F1BD00327DAF81040E6
:10EE500028462146FFF764FF404507D33246214646
:10EE60002846FFF79EFF2046BDE8F0870322214693
:10EE70002846FFF73FFF013FCAF8100001D0814547
:10EE8000E4D14FF0FF34EB680136B4401C40EAD0C7
:10EE900094FAA4F2B2FA82F2131D55F82340DEE789
:10EEA0002DE9F04114460E460546FFF739FFA4EB65
:10EEB0000608371B0744424631462846FFF74EFFF7
:10EEC0003A4621462846FFF749FF4346002221469D
:10EED0002846FFF71AFF21462846FFF721FF3B4649
:10EEE000211800222846BDE8F041FFF70EBF2DE9AA
:10EEF000F041164604460F46FFF712FF314605461D
:10EF00002046FFF70DFF05442A4639462046FFF705
:10EF100025FF31462046FFF703FF2B46311800221C
:10EF20002046BDE8F041FFF7F0BE2DE9F0410D4667
:10EF300086680446FFF7F4FEB6F5004F014601D39C
:10EF4000012832D03046FFF720FF04EB80010E6924
:10EF500096B90122E36882401343E36002220D6107
:10EF60002B4629462046FFF7D0FE0322294620469D
:10EF7000BDE8F041FFF7C9BE022231462046FFF747
:10EF8000B9FE0746034629462046FFF7BEFE032288
:10EF9000334629462046FFF7B8FE39462B46204621
:10EFA000FFF7B3FE02223146E1E7BDE8F081F8B594
:10EFB0000C460546FFF7B4FE2618012231462846C6
:10EFC000FFF798FEC3070CD431462846FFF717FF1A
:10EFD00021462846FFF7A4FE214622182846FFF7BF
:10EFE00086FF002221462846FFF784FE271A0122C9
:10EFF00039462846FFF77EFE10EA020613D139464D
:10F000002846FFF7FCFE214632462846FFF772FEEF
:10F010002246211A2846FFF76AFF21463246284633
:10F02000FFF768FE241A21462846BDE8F840FFF79E
:10F030007CBF70B5066809B9002070BDB068B0EB40
:10F04000D10FF9D9FFF798FE014605463046FFF784
:10F05000EDFE04460028EFD001463046FFF760FE83
:10F06000A84209D92544214630462A46FFF718FF11
:10F0700029463046FFF759FF304601222146FFF767
:10F0800055FEB368B3F5004F34BF0423082303EBE8
:10F09000C4031844D1E71146FFF7CBBF2DE9F04771
:10F0A00006460D46174698462BB34FF0000A98F8CF
:10F0B000004093F80190DB78A40004EB430498F837
:10F0C00002301C444444CA4509D339463046AC4654
:10F0D000D8F8042008F10803BDE8F047604714F8A9
:10F0E000013B0AF1010A204648F82340D2F768FEA6
:10F0F00001300444E7E76FF01500BDE8F08770B514
:10F10000002502462846144614F8013B0BB9184660
:10F1100009E098B18D4207D1702B04D0A3F14002D1
:10F120003A2A0BD8002070BDA3F140063A2E05D82C
:10F1300053780135941C002BE9D00020252B224662
:10F1400008BF80F00100DEE70020704701F04FB8F3
:10F150000FB407B504A951F8040B019101F047F869
:10F1600003B05DF804EB04B07047002383F311880B
:10F17000BFF36F8F0423184602DF70470FB407B543
:10F1800004A951F8040B0191FFF7E0FF03B05DF80B
:10F1900004EB04B0704710B50369024613F0080091
:10F1A00009D11368D4689C429BBF0120526AE31ABC
:10F1B000D31A0B6010BD00231846FAE713B501A956
:10F1C0000446FFF7E8FF20B1019BE268013B1344CE
:10F1D0000193606A019BC01A013802B010BD10B5DE
:10F1E000044650182269636AD20702D5013B1840D1
:10F1F00010BD984228BFC01AFAE710B504460A4667
:10F20000C168FFF7ECFF2369E06023F00803236186
:10F2100010BD38B50D46026A8B00016843F0020349
:10F22000044642F8213001682A46FFF7D8FFE36818
:10F230006168984208BF2369206008BF43F0080353
:10F240002A46204608BF2361FFF7C9FF606038BD2A
:10F250002DE9F74FC768066A9B4606EB87030093C4
:10F2600016F82730044603F00303022B8846914624
:10F270004FF000030BD01360CBF8003023699B07DD
:10F2800013D44FF0000A504603B0BDE8F08F56F893
:10F29000271013608908CBF80030EFD0FFF7ADFFDF
:10F2A000E368A3604FF0010AEDE7E36906EB87002E
:10F2B000984716F82720054612F0010AE1D012F00F
:10F2C00002021FD0B8F1000F03D041462046FFF7DD
:10F2D000A0FF61682A462046FFF781FFD4E902219A
:10F2E0009142606006D12A462046FFF778FF4FF032
:10F2F000000AA060A2682260E260226942F008026F
:10F300002261C0E7014620460192FFF776FFE368DD
:10F31000A360B8F1000F04D02168236A019A43F872
:10F32000212005EB0802CBF8002021682046FFF7DA
:10F3300056FF2369206043F00803236116F8273045
:10F340006FF3000306F82730009BC9F80030A9E7E7
:10F3500070B504461546FFF742FF2368834205D186
:10F360002369216023F00803236170BD226AAB008A
:10F3700043F0020342F8213061682A462046FFF735
:10F380002EFF6060F1E738B5036904465B0706D5D8
:10F39000856AFFF713FF85422CBFA562A06238BDC6
:10F3A00050F8282C51F8283C9A4203D0CCBF0120B9
:10F3B0000020704750F8242C51F8243C9A42F5D193
:10F3C00088422CBF002001207047F0B56423054619
:10F3D000042600200A2769B9F0BD9A42B2FBF3F473
:10F3E0000CD2012B0AD048B903FB14220A24B3FB28
:10F3F000F4F3D2B2013EF0D12E70EDE7303405F8CF
:10F40000014BB2FBF3F403FB1422B3FBF7F3013916
:10F410000130C9B2C0B2D2B2DBB2DCE7A0F1300336
:10F42000DBB2092B02D800200B707047A0F16103FA
:10F43000052B02D85738C3B2F5E7A0F14103052BDD
:10F4400001D83738F7E76FF015007047F7B5054674
:10F4500001F0010000EB51069E424FEA510703D92B
:10F460000026304603B0F0BD58B128780DF10701F1
:10F47000FFF7D4FF0028F3DB9DF80730013502F8D1
:10F48000013B01351744BA42EBD015F8010C0DF1E0
:10F490000701FFF7C3FF0028E2DB9DF807402401C6
:10F4A000E4B2147015F8020BFFF7B8FF0028D7DBA1
:10F4B0009DF807301C4402F8014BE4E7F8B5064616
:10F4C0000D46144601270368136054F8041BA94233
:10F4D00001D13846F8BD73682846984754F8043C73
:10F4E00028B95B68002BF4D023600137EDE71B6877
:10F4F00023F00103F6E709B142607047036803F0A7
:10F5000001031A43026070472DE9F84F01F180486A
:10F51000A8F102084FEA880350F828A003F1040B71
:10F5200050F80B50DAF804202F6895420646D5F8BB
:10F53000049027F0010718D1022920DC01214A4656
:10F540002846FFF7D8FF0C46B94600215246284608
:10F55000FFF7D1FF4A4621465046FFF7CCFF46F859
:10F56000285046F80BA0BDE8F88F02291EDC0021C8
:10F570003A462846FFF7BFFF0C460121E6E73A4628
:10F5800001244F469146334453F8040C2A464168FF
:10F59000A1EB0A0359425941FFF7ADFF21463A4614
:10F5A0002846FFF7A8FF84F00101CFE70024EAE72F
:10F5B000006808B97047184619B14368002BFAD1A2
:10F5C0007047036823F00103F8E72DE9F04F83B09B
:10F5D0000B6800AF03F001030B6000234B6003686E
:10F5E00006460D46C7F804D053B901230160836075
:10F5F0000B6843F001030B600C37BD46BDE8F08F8C
:10F6000083689B000B3323F00703ADEB030D6B46C0
:10F610001A464FEA930BE846FFF750FF08EB8003CA
:10F6200053F8049C04464FEA800A4946284672680B
:10F63000904780F001012A464846C9B2FFF75BFFB8
:10F640002B684AF82B5023F0010304F1010A2B60C8
:10F65000554604F18044013C08EB8404012D05DC8F
:10F66000D8F80020136843F001033CE0D4E9000E11
:10F67000036813F0010337D154F8042C5168884211
:10F6800002BF1168012321F0010199B1D1F800C036
:10F690001CF0010F0ED11368083C23F00103136026
:10F6A0000368023D43F0010303600B6843F001036C
:10F6B0000B60D3E74268A2EB0E014A424A419A42EC
:10F6C00003D029464046FFF71FFF4046691EFFF75B
:10F6D0001BFF54F8042C136843F0010313602268E5
:10F6E000136823F001031360B3685345D8F8003062
:10F6F000B8BFC6F808A03360D7F804D07CE7013A59
:10F7000001F01F030A4430B54C090121550902F0EC
:10F710001F02C26001FA02F2836001FA03F3511E74
:10F720005B420A43AC42036108BF1340046045607A
:10F73000426108BF036130BDF0B587B004460C9844
:10F740001D4610B96846FFF7DAFF01684768A368ED
:10F75000B94253F82120066908D125B1324343F854
:10F76000212007B0F0BD22EA0602F8E7B5B1324326
:10F7700043F821204168A268456952F821302B43A3
:10F7800042F821304FF0FF310368013342689A425A
:10F79000E7D9A26842F823100133F7E722EA06020C
:10F7A00043F82120A2684168466952F8213023EAD3
:10F7B000060342F821300268436801329342D0D9EF
:10F7C000A36843F82250F7E7002203680BB91846F4
:10F7D00070478B4210D10B6842B942680360914276
:10F7E00000D14360002301200B6070471360436821
:10F7F000994208BF4260F5E71A461B68E6E7838B2B
:10F8000013F0070305D10368002B0CBF0020032071
:10F810007047022B05D1C08BB0FA80F04009800000
:10F820007047012B05D10368002B0CBF0020052079
:10F8300070470020704710B50C4600B111B96FF049
:10F84000150010BD081D00F02FF80028F9D1A3689D
:10F85000032BF6D9F3E72DE9F0410D46074619468B
:10F86000281D90461E46D7F711FB044638B1334693
:10F87000424629463846A446BDE8F0416047BDE807
:10F88000F08138B50C46054658B151B10B6843B10B
:10F890004B6833B12022002107F000FD00202C61CD
:10F8A00038BD6FF01500FBE7034640B1426802F037
:10F8B0000302022A06D0032A04D0012A05D06FF0E1
:10F8C000150070471A68002AF9D000209860704728
:10F8D00070B506460C888888241A3069A4B2844220
:10F8E00085B224BF641BA4B22D1BA8B2984228BFC6
:10F8F00018463368234413600B8803440B8070BDA3
:10F9000070B4838985880669ED1AADB2731B934282
:10F9100028BF134670BC0A46011DFFF7D9BF70B45B
:10F920000E460146C58831F80A3FEC1AA3B293424D
:10F9300028BF1346324670BCFFF7CABF10B54B88CC
:10F940000C88E41AA4B294420ED31A4492B28B8863
:10F950004A800A800069D21A92B2824201D2002003
:10F9600010BD03448B80FAE76FF01500F8E770478D
:10F9700070B4066884890D0C16FA81F105FB041138
:10F98000806A84682468A44670BC60472DE9F0430F
:10F990000646884617461C46C36A89B01D686D42F4
:10F9A00005F020051CB9204609B0BDE8F083AC4243
:10F9B000A14628BFA9466A464B4641463046FFF756
:10F9C000D7FF0028F0D16B46484502D1241A804465
:10F9D000E8E713F8012BBA4201D10130F4E7012026
:10F9E000E2E70B6803F580330B60C0891A0CB0EBBB
:10F9F000134F04BFA3EB02430B60704700F079BCC8
:10FA000038B5828903680D0C090C044602FB0131EC
:10FA1000806A2D0401F067F850B9E26A2946204651
:10FA2000A3895279FFF7B2FF002818BF6FF00500D5
:10FA300038BD014610B507220446FF20D5F79AF8D5
:10FA4000E07110BD0368012B81BFC91801F1FF31BE
:10FA50005B421940084670472DE9F0410C460546C7
:10FA60000821C06AFFF7EEFF072207462146FF2064
:10FA70006688B4F80480D5F77DF8E379834208D12D
:10FA8000A8894644C01BB04294BF00200120BDE8B5
:10FA9000F0810020FBE738B505460C46FFF7DCFF98
:10FAA000A0B1A08898B94FF6FF7322889A420DD171
:10FAB0000821E86AFFF7C6FF6288AB899B1AB3FB8F
:10FAC000F0F202FB1030B0FA80F0400938BD00209F
:10FAD000FCE7F7B504460D46C06A0821FFF7B2FF00
:10FAE0000823074629682046FFF742FF06460028FC
:10FAF00036D12B683B442B60A28999B2D21B91422C
:10FB00002ED11A0C09BFE289A3F5803102F1FF3230
:10FB100003EB0241204608236A462960FFF728FFCD
:10FB2000E8B9E36A5A796B4613F8011B8A420CD193
:10FB300001300828F8D1636805E02B68BDF8022081
:10FB40001B0C1B0413442B600AE069462046FFF798
:10FB5000A2FF0028F1D129462046D7F729FA064608
:10FB6000304603B0F0BD2DE9F043074690461E46EF
:10FB700089B01BB9002009B0BDE8F0833C688389D7
:10FB8000080C14FA81F100FB0314FB6A1D686D4236
:10FB900035400CD0B86A83682146D3F804902B46D0
:10FBA000C8470028E7D1761BE4D02C44A84432464D
:10FBB0004146684607F04BFBFD6A0DEB06002A68DC
:10FBC0006979921B07F06AFBB86A2B688268214644
:10FBD00055686A46A847CEE710B50A46082341682B
:10FBE0000446FFF7C0FF08210246E06AFFF72AFF3C
:10FBF00063681B1A6360104610BD4FF6FF7313B5A0
:10FC000000220446ADF800308DF80630836868465F
:10FC1000ADF80420ADF80230FFF70BFF694620462F
:10FC2000FFF7DAFF02B010BD2DE9F04F082195B0C3
:10FC30000446C06AFFF706FF0546636820461B0CB2
:10FC40001B0403A90393FFF7CCFEDDF80CB0A689D3
:10FC500006AA5E44761B0823314620460496FFF729
:10FC600087FE021EC0F2A980E36A06AA5979002322
:10FC700012F8010B814240F08F800133082BF7D13D
:10FC8000A36862682B449A427ED259462046FFF709
:10FC9000B7FE024691E0BDF81A30360C36041E4419
:10FCA000049608AA204604A9DDF810A0FFF711FF6A
:10FCB0000246002840F08180204608A9FFF7CCFECC
:10FCC00018B9019B9A45ECD1DAE7636805930AAA53
:10FCD000204605A9059EFFF7FCFE024600286CD1D0
:10FCE000BDF82820BDF820309A4227D06268059BD5
:10FCF0009A42ECD15645E4D1BDF82430002BE0D037
:10FD0000BDF822704FEA1A431B041F44A36808A8D9
:10FD1000ADF82230FFF78DFEE36ABDF824901E682F
:10FD2000764206F02006B9F1000F0ED1204608A950
:10FD3000FFF752FF02460028C3D03EE020460AA942
:10FD4000FFF78AFE0028D1D0D4E74E45B04628BF41
:10FD5000C8460CAA434639462046FFF709FE02462C
:10FD600058BB4346A1680CAA2046FFF7FCFE41465B
:10FD70000246E06AFFF766FEA3680344A360E2B9A7
:10FD8000A9EB08094744CEE72046FFF736FF0246B5
:10FD900000283FF47AAF10E0731B204606A90193B8
:10FDA000FFF779FE00287FF476AF204604A9D7F745
:10FDB000FFF8024600283FF474AF104615B0BDE8C6
:10FDC000F08F00231A46D7F7F7BA13B50024009432
:10FDD000D7F7C8FB02B010BD0A46012100F089BA6E
:10FDE0000369D3F8780370476FF0850070470846C1
:10FDF00008B5114618B105F0F7F9002008BD6FF0FD
:10FE00000100FBE7084608B5114618B105F0E3F913
:10FE1000002008BD6FF00100FBE713B5044608465B
:10FE2000216901F55D71D1E8AF1F022909D15BB1EC
:10FE300068B100931346D0E90912F4F7F1FB02B060
:10FE400010BD6FF00F00FAE76FF04C00F7E76FF0AE
:10FE50000100F4E72DE9F8431C46DDE90853164696
:10FE600098460F46006939B34AB344B36A1C43F15C
:10FE70000003022A73F1000324D2226842B1D0F8B1
:10FE800078339A4204D96FF00B002360BDE8F88301
:10FE900005EA080909F101035A425A412146384648
:10FEA00005F0ABF988B9B8F1FF3F08BFB5F1FF3FE6
:10FEB000F0D06FF06800E9E76FF00100E6E76FF05F
:10FEC0001500E3E76FF08500E0E730600020DDE734
:10FED00005F0F8B938B50D46044600F1480128464A
:10FEE000D1F75CFF30B1284604F1C001D1F756FFCD
:10FEF00020B90120782303FB004038BD0020FCE737
:10FF000002F5307102F5347006F000B9D0F8B03067
:10FF1000A0F53070003B18BF012300EB8300D0F840
:10FF2000AC0205F0F9B8C86828B1096983681B6894
:10FF30000BB1002218477047F5F7FCBCD0E8EF3F43
:10FF4000C0E8E21F002AF9D1704710B54368046980
:10FF50001B68C4F8703304F5EC7006F039F8002122
:10FF600004F55D70FFF7EAFF084610BD2DE9F74381
:10FF700017460D4691B30B7883B3D0F8C440A4F56F
:10FF8000E27914344FF0FF324FF0FF332046F5F79B
:10FF900001FC2A46484601A9D7F734FC019E804659
:10FFA0002EB9204603B0BDE8F043FFF7C5BF58B1F6
:10FFB0002046FFF7C1FF3B462A463146484603B07C
:10FFC000BDE8F043D7F7FCBB1F22294606F14800E5
:10FFD00007F08EF986F86780B766E2E703B0BDE800
:10FFE000F083030103EB4003093323F0030303EB26
:10FFF000C00348430330083320F003001844400096
:020000040004F6
:1000000070472DE9F84306464FF001080569D0F81E
:10001000049005F55D77D7E8EF3F022B03D1C7E8E1
:10002000E28F002AF7D141D195F86C30002B40D1F6
:1000300095F8E430002B3CD12846D5F8701300F039
:1000400054F8044680BB73683669D3E905018368B8
:100050001B693BB322469847044628BB414606F538
:100060003470F6F7DBFCD6F8500305F5F876DBF7CD
:1000700053FE3046D9F8001000F072F8044698B9E3
:100080000146D022304607F009F921464FF4F672B6
:10009000284607F003F921463846FFF74FFF204670
:1000A000BDE8F8836FF057040221F5E76FF077049D
:1000B000F5E76FF00F04F2E710B50846029B114612
:1000C00052B993F86C202AB90122184683F86C20A3
:1000D000D7F784FC002010BD1A6F9468002CF9D06B
:1000E0005A6FA047F6E705F0EDB838B50D4604465F
:1000F00060B1F03005F0A5FA0DB1002038BDC4F8AC
:10010000C451C4F8C851C4F8CC51F6E76FF01500DB
:10011000F4E70268D2F8C83013B1D2F8C410184717
:100120007047704783690BB9C36B19707047012022
:1001300070478369012B03D1C36B1878C0B2704735
:100140000420704738B5C41DE4002046F8F76CFF62
:10015000054618B12246002107F0A0F8284638BD10
:1001600038B504463822002107F098F818220021FB
:1001700004F1A40007F092F81822002104F18C0089
:1001800007F08CF8D4F8C000F4F7FCF9D4F8BC0000
:10019000F4F7F8F9D4F8803004F154050BB128468F
:1001A000984738220021284607F078F8F4F74EF9EE
:1001B000002038BD03785B075FBF03684288C3F344
:1001C0004A2303EB12105DBF173020F007008008B0
:1001D000002070470020704704F001B90346D3E8BF
:1001E000EF0F421CC3E8E12F0029F8D170471FB57B
:1001F0000023CDE902011A4619461846CDE900331D
:10020000D8F7BEF905B05DF804FB0120D7F7A2BE10
:10021000002070474368DA7101224368196043681F
:100220005A71D7F789BE70B5D2E901369B1B8B4254
:100230000C4615460AD313680A460146981907F07A
:1002400006F82046AB682344AB6070BD6FF01B001E
:10025000FBE770B50E4615461946044618B9BDE8C9
:100260007040D7F777BE33B1C2F34A231030120D76
:10027000184406F0ECFFC4E900562046BDE8704083
:10028000D8F7C8B82DE9F3415F1C4FEA8708064646
:1002900008F1170020F0070080080C461546D7F734
:1002A00003FF00238DF80470ADF805308DF807309A
:1002B00068B10346019AA8F1040143F8102F2A46B9
:1002C000294452F8045B8A4243F8045FF9D10023C1
:1002D0003146A20102F4E07242EA482222F07F4253
:1002E00022F4700222F03F0202B0BDE8F041FFF7B5
:1002F000B0BF07B50123019201AAFFF7C3FF03B006
:100300005DF804FB07B5CDE9002302236A46FFF739
:10031000B9FF03B05DF804FB1FB5CDE90123069BCF
:1003200001AA03930323FFF7ADFF05B05DF804FBBB
:10033000F8B506460D4614461F4604B9F8BD2146D9
:1003400028463A46B047241A0544F6E710B54268F5
:100350000446D2E9002381680068FFF7E9FF002224
:1003600063681A6010BD0A2838B504460D4602D1EC
:100370000D20D8F7A1F929462046D8F79DF900208D
:1003800038BD2DE9F043054687B008460E8891F840
:1003900000900C46D1F808801746D8F761F9011E85
:1003A000C6F38216C9F3C2091EDB4846D8F744F8E3
:1003B0000346214651F8102B6088C2F34A22002AD6
:1003C00001EB020408BF00210022C0F30B10CDE9AD
:1003D0000407CDE902142846414601960092D8F759
:1003E00097F907B0BDE8F0830023E2E743680020F7
:1003F0001B685B689961704701212DE9F0414368F2
:100400001B685A6811771D682F68D5E90136D3E952
:1004100000481CB96B681C60BDE8F081214630467D
:100420004246B847241A0644F3E743681B68186835
:10043000D8F7FCBA70B543680C461D686B689869BC
:10044000D7F764FD214603460F222868BDE87040B7
:100450001847012801BF0323487008710B7005BFBE
:1004600000208B700120CB707047002908DB80686A
:10047000884205D9401A904234BF002001207047BD
:1004800000207047704770B516461A4605460C4660
:10049000FFF7EBFF48B16968E86821448268146897
:1004A0003246A446BDE8704060476FF0150070BD4D
:1004B00070B516461A4605460C46FFF7D6FF48B1FA
:1004C0006968E8682144826854683246A446BDE8F9
:1004D000704060476FF0150070BD10B50B460446C4
:1004E000FFF7C3FF40B16168E068194483689B6807
:1004F0002BB1BDE8104018476FF0150010BD6FF02C
:100500005700FBE710B50B460446FFF7AEFF30B1CE
:100510006168E0681944BDE8104000F0E4BA6FF08B
:10052000150010BD08B5C0688368DB68984700688F
:1005300008BDC068704708B5C0688368DB68984725
:10054000407908BD70B54C680368A34201D2012010
:1005500070BD8A682244934201D30020F8E74E69B7
:10056000D1E90325B54203D36FF00B038B61F4E7A8
:100570001B1B42F835304368086902EBC002536028
:100580000B6901330B61E2E737B50C46C0B201A934
:100590001546D8F759FB00280CDB019850B12146CD
:1005A0002A46D8F777FB04460198FFF76BFF2046F1
:1005B00003B030BD6FF01504F9E742680B68934251
:1005C00002D90846D8F780BB4B68012013444B6022
:1005D00070472DE9F047894616469846044698B379
:1005E00082680369134482693344934230D80025FA
:1005F000D4E90170A6EB050A3F1ABA4515D2B542F7
:1006000009D223685246184409EB050106F01FFE83
:10061000A3685344A360B8F1000F1CD0A068A8B130
:100620002046BDE8F047D8F75DBB23683A4618443A
:1006300009EB050106F00BFE63682046A360D8F7BE
:1006400051FB18B93D44D3E76FF00D00BDE8F087CA
:100650006FF00B00FAE74046F8E70069704710F0CA
:10066000700F09D100F07F0310F0800F4FF00100F0
:1006700018BF103398407047002070472DE9F843A9
:1006800006460F469046994604254B464246394653
:100690003046E8F7CDFC10F10B0F044603D1F7F715
:1006A00059FB013DF1D12046BDE8F8830020D9F780
:1006B0003FB8006838B150F8043C04385B688B429E
:1006C00001D04068F6E77047006848B150F8043C34
:1006D00004385B685B689B788B4201D04068F4E724
:1006E000704730B5006888B150F8043C04385B6846
:1006F0001A6A1D7F0023043ADCB2A54201D8406883
:10070000F1E7013312F833408C42F5D130BD08B522
:10071000D9F736FA28B1406810F1100F14BF002045
:10072000012008BD4B1CDBB28170817680F825303A
:10073000C37600F8061C704750E90231D0F89C00DF
:1007400018470022036983F84A207047036993F829
:100750004A0050B193F8480038B1D3F890209388FC
:10076000918910695B1A9BB2C01A70470022036915
:1007700083F84B207047036993F8490008B193F858
:100780004B00704708B50246FFF7F5FF30B9104639
:10079000FFF7DCFF003818BF012008BD0120FCE78F
:1007A0000369C3E90012704770B504690546D4F8BF
:1007B0008C00D6F7C9FB94F8A0300646B3B1D4F844
:1007C0008C209388918912695B1A9BB2D31A3F2BB4
:1007D0000CD994F89E3033B16B6822461B6A002115
:1007E000187BD9F7B9FC002384F8A030304670BDDF
:1007F000012208B5FFF7D8FF013818BF4FF0FF30CE
:1008000008BD0269D2F8901088898B8809691B1A83
:100810009BB2994204BF002382F84830D2F88C3052
:100820000120D9885B89994204BF002382F84930AE
:1008300070472DE9F04300F50179054685B048463B
:100840000F4690461E46FFF708FF78B133464246F2
:1008500039464846FFF7BDFE04463EB3D5F80002D0
:10086000FFF710FE0023C5F800321FE0D5F8003274
:10087000986802F027FD0446D5F80002FFF759FEFC
:100880008368DB689847D5F80002FFF752FE2146DF
:1008900001AA02F01BFE044640B9DDE90112D5F8B9
:1008A0000002FFF72FFE04460028CFD0204605B0F7
:1008B000BDE8F08330B5054685B0084605F5007102
:1008C000D8F7C2F9044698B9D5F80002FFF731FE0F
:1008D000D5F8003202949A68014601925B682A4674
:1008E000009305F501704FF40073D8F799FA0446A8
:1008F000204605B030BD0020D9F7F6BC00221146D5
:10090000D9F7C0BC034610B508460AB100211160F2
:1009100053B1D0B1411E11F8010F80B113F8014B52
:10092000A04201D13D28F6D100200EE00133136032
:100930000AE03D2808D0B0FA80F0400905E01878B8
:100940002F28F6D1002AF1D1012010BD10B509B130
:1009500000230B6058B103461A781C4601332AB1B4
:100960003D2A03D02F2AF7D101B10B60201A10BD08
:100970000830704710B5134614460A46818800684F
:10098000FFF723FAA042A8BF204610BD2DE9F04F83
:1009900097B004469A468946019200297CD0DAB184
:1009A000BAFA8AF67609258F04F1080B0135ADB243
:1009B000A8466F1EBFB2B7F5004F26D04A2339466E
:1009C000584603AAFFF701FA002807DA10F1020FD0
:1009D00008BFB8463D46ECE70126E4E700F15803BE
:1009E0000DEB0300002303A900F84C3C4846D1F767
:1009F000D5F90028EED126B339465846FFF7E1F97C
:100A0000002805DA17B0BDE8F08FBEB30020F9E783
:100A100005F57F513F31584689B2FFF7D2F90028DA
:100A2000F0DB238FBB42F1D12246013B22F8383F55
:100A30004FF4004102235846D6F7BEFC00EAE070AE
:100A4000E0E7B846B8F5404F29D0238F04F10805F8
:100A5000434515D308F5804153462846019A89B28B
:100A6000D6F7AAFC0028CDDB002ECFD04846D1F720
:100A7000A7F94A46034641462846DDE70126E1E755
:100A8000224602234FF40041284622F8388FD6F739
:100A900093FC0028DEDAB5E76FF01500B2E76FF0DF
:100AA0000B00AFE773B5C36B04460363C3B100F13A
:100AB00008063046D6F7DAFA054670B902234FF435
:100AC000004130460DF10602FFF77FF90028B4BF60
:100AD0004FF40043BDF806302387284602B070BDAE
:100AE0006FF01205F9E72DE9F04187680446FB68CD
:100AF0000D4616469847BB682BB13246294620461C
:100B0000BDE8F04118476FF05700BDE8F0810020C4
:100B100008B5D5F7EDFA83681B6B03B1184770472A
:100B200070B504460D46D9F7E7FF43682BB1294657
:100B300082682046BDE87040184770BD70B586B029
:100B40000546D9F7D9FF14220446002101A806F072
:100B5000A5FB05238DF804300023206884F8B83005
:100B60008368DB6B03B1984720688368DB6C03B153
:100B70009847266E36B9284601A9FFF7D1FF3046BF
:100B800006B070BD00212846D9F7D6FFF1E738B589
:100B90000D461446D9F7B0FFC0E90154002038BD16
:100BA000406BDAF70DB9406BDAF780B9014600689F
:100BB000DAF73ABD08B5DAF793FDBDE80840DAF791
:100BC000B3BD0A460121FFF794BB00210120DAF7EB
:100BD0002BBD436E83F30B88704761B662B680F31A
:100BE0001188BFF36F8F704708B572B6002383F387
:100BF0001188BFF36F8FDCF711F850B1BFF34F8F3F
:100C000030BF00BF00BF00BF00BF00BF00BF00BFBC
:100C100000BF62B6BFF36F8F08BD10B5044672B651
:100C2000002383F31188BFF36F8FDBF7F7FF50B119
:100C3000BFF34F8F20BF00BF00BF00BF00BF00BF8A
:100C400000BF00BF00BF84F31188BFF36F8F62B68F
:100C500010BD40E800F313F4803FD8B208BF6FF036
:100C60001500704730B50C684B6885B00A894D890E
:100C70000094013B24F01F04234402F01F0242EAC7
:100C8000451223F01F0369468DF808200393DBF714
:100C9000B5F905B030BD08B5D1E904319847002059
:100CA00008BD08B5DBF726FC002008BD7047C16A07
:100CB0008968DBF7B1BC03680B6043684B608368ED
:100CC0008B60704710B50C460121DBF71FFF0470E5
:100CD00010BD10B5036801211C78DBF737FF2046F3
:100CE00010BD10B5036802211C88DBF72FFF2046DA
:100CF00010BD02688068101A70478388C2888168B6
:100D0000D21A03685B1AD01A704738B50D461446DC
:100D10001146DBF757FF22462946BDE8384006F06A
:100D200096BA10B50C460121DBF74CFF047010BDDC
:100D30004FF05023012270B50C460546C3F8142627
:100D40000020DCF71FF828462346BDE8704000214C
:100D5000184708B500214220F7F71AF9002008BD0E
:100D600003898B420AD9436803EBC10053F8313041
:100D70002BB94368002B08BF002070470020704744
:100D8000F0B5037885888779C679002013F0070FBE
:100D9000C3F3C10314BF03240124012B28BF012383
:100DA0000860087844EAC30320F01F006DBA0343CB
:100DB00052BA0B704A808D808F71CE71F0BD37B5FD
:100DC0000C4605460846DBF703FC0823204645F899
:100DD000044B238250F80C4F1C44FFF78EFF002277
:100DE0000346009202212246284605F07AF803B015
:100DF00030BD2DE9F04F85B005460E4690461F46A2
:100E000004F068FE20B96FF04C0005B0BDE8F08F2B
:100E10004FF01409002334464FF0010A09FB08691A
:100E20003B60284602A904F052FEDDE9023200933D
:100E300068BB284604F077FE0028E4D00020E4E7F1
:100E4000A14598BF344661688A4214D12168009850
:100E5000019206F02BFA019A68B9237CD3B9D4E940
:100E6000023128469847C0B184F810A03B6814347A
:100E700001333B60D5E714340BF1010BD845DFD1CA
:100E80000021284604F0A6FE0028CAD1D1E74FF081
:100E9000000BF3E76FF06F00B7E76FF02200B4E7E5
:100EA000F8B51423044603FB0106154603469E428B
:100EB00007D82846D0F784FF0746A64208D8002066
:100EC00003E01A68AA4201D1187CF8BD1433EEE79A
:100ED0006368BB4207D13A462846216806F0E6F926
:100EE00008B9207CF1E71434E7E702780B789A42DE
:100EF0000FD30CD842784B789A420AD307D842884D
:100F00004B889A4205D38CBF0120002070470120F6
:100F100070474FF0FF30704770B506460D4600F041
:100F200040F80446304602F0CBF9032C034601D9C1
:100F3000DCF77EFB013B84F00100032B0CD8DFE8DB
:100F400003F008060902022305B12B7070BD0123CE
:100F5000FAE720460023F7E74FF0FF30F6E70328D3
:100F600073B5054601D9DCF77BFB4610304600F02F
:100F700018F8002304460DF1070130468DF80730BC
:100F8000FFF7CAFFA84203D19DF80730022B04D017
:100F9000631B5842584102B070BD0120FBE7704707
:100FA0007047400070470020704770B505460E46F8
:100FB000002488B000236A4631462046DCF7D4FE80
:100FC00028B920222946684606F070F920B101347C
:100FD000042CEFD14FF0FF34204608B070BD002341
:100FE00001461A461846DCF7BFBE042804D802287A
:100FF00007D808D00120704706280CBF0520012023
:1010000070470520704703207047002008B5D5F7CA
:101010006FF8022805D00338012894BF0020012072
:1010200070470520704770B50446BCB000F110054C
:1010300017AE002200232846F4F734FE014608B913
:101040003CB070BD03AB6846CDE900460293DBF7C8
:10105000E7FFEEE7DBF788BC70B505460E46DDF727
:101060007BF9044618B1736B1BB12946984720469B
:1010700070BDEA7A05F11801183006F0E8F8F6E7D5
:1010800010B5044640B18B6B0BB118309847204621
:10109000BDE81040DBF768BC10BD00230364A0F876
:1010A00044307047036C13B1B0F8440070476FF0E0
:1010B00015007047F8B5036C04460F4616460BBB87
:1010C000072A26D940F6AB134D889A426DBA05F12E
:1010D0000805ADB220D89D421ED8AA4216D8DDF729
:1010E0003BF92064D8B1A4F84450206C324639460C
:1010F0000C30FFF70AFEB4F844309B1B98B2A4F8FA
:101100004400F8BDB0F844309342EED26FF08A004C
:10111000F7E76FF03C00F4E76FF03E00F1E76FF0A7
:101120000B00EEE738B50B46016C044661B1B0F830
:10113000445005B15BB12046DDF73EF90023A4F829
:1011400044302364284638BD6FF01505FAE76FF088
:101150003C05F7E710B50446006C30B1FFF77AFFA5
:101160000020A4F84400206410BD6FF01500FBE7D8
:10117000006C00B118307047036813B1002303609E
:10118000037170478B6913B183610B7F0377002074
:10119000704710B50446084659B1DDF759F940B11A
:1011A000A3698B4206D190F86930227F9B1A58427E
:1011B000584110BD0120FCE770B50546DDF748F940
:1011C000044698B1284600F0C3FD034604F13800F8
:1011D00043B1783306D0BDE870404FF4004200239D
:1011E000F5F7E2BDBDE87040F5F7E4BD70BD08B5A8
:1011F000806918B101F0ECFC033880B208BD08B575
:10120000DDF726F920B1BDE808406C30F4F7D6BD13
:1012100008BD034610B5406803F108018142026829
:1012200005D10AB9002010BD5A6010461268A2B953
:101230001C68A042F6D19A60EFF31182202484F357
:101240001288BFF36F8F1C681960216082F31188C8
:10125000BFF36F8F0268002AE4D05A60E3E70022F0
:10126000DDF75EBB70B5438804461B0705D56FF0FC
:101270008B01BDE87040FFF7F2BF8568C5B9037800
:10128000042B04D0062B0DD06FF01501F1E70146B9
:10129000D0E90432806B984729462046BDE870406B
:1012A00000F00BB8D0E90423BDE87040DDF7A4BC22
:1012B0002B68BDE870401B6818470122DDF730BB82
:1012C00000211838FFF7F9BFD0E90E03184730B5F1
:1012D0000546B1F8032087B04B79ADF808200C46DD
:1012E0000D2200210DF10B008DF80A3005F0D6FF1C
:1012F00002AA11462846E0F759FB10B1002007B0BA
:1013000030BD029B0322ADF8043020461B0C01A91E
:101310008DF8063005F0CAFFB0FA80F04009EEE71C
:1013200070B50D4600210446FFF710FB0D2818D1BB
:10133000237B302B13D0312B13D1012305F8063B2F
:1013400004F10C062A462046012302210234FEF74E
:101350007DF8B44205F1FF35F4D1002070BD0023C3
:10136000ECE76FF01500F9E70020704710B50C4668
:10137000017822788AB08A420FD06946DDF7A6FE4E
:10138000204605A9DDF7A2FE10220DF115010DF191
:10139000010005F08BFF0AB010BD012A06D0022A19
:1013A00007D072B940886388C01AF4E74068636860
:1013B000FAE71022611C01300AB0BDE8104005F0C8
:1013C00075BF6FF01500E6E7042A0AD0102A0DD089
:1013D000022A4FF0000315D103700B8843800120CF
:1013E0007047012303700B684360F8E7022300F89D
:1013F000013B01F1100351F8042B994240F8042BF2
:10140000F9D1ECE718467047012310B506210446D0
:1014100000F8013BE0F7B8FA18B9A37963F03F038D
:10142000A37110BD0B6803608B8883808B798371F7
:10143000037823F00203037070470078C0F3400084
:10144000704708B5DEF77AFEBDE808400820DDF7F2
:1014500079BE38B50446807ADBF78EF861690546B7
:1014600049B1637ADB0704D4C36A20461B689B68D2
:1014700098470023636121462846BDE8384004F0C0
:10148000D2BD08B5FFF7E5FFBDE808400220DDF753
:1014900059BE438A23B9C068B0FA80F0400970474A
:1014A00000207047D0F8A03083B15A7BD1070DD50A
:1014B000D2060DD51B7B102B14BF032304234372CC
:1014C000807A98428CBF0020012070470223F6E703
:1014D0000323F4E70F2807D80D280BD8052808BFE9
:1014E000032018BF02207047132803D01A2808BF12
:1014F0000120F6E701207047FEF7FBBE034610B55A
:10150000D3E8EF0F40EA0102C3E8E42F002CF7D143
:1015100010BDFEF7F7BE0023D6F79CBFD0E8EF3F23
:101520000B40C0E8E23F002AF8D17047C0F3072320
:10153000537000231070000ED070C1F30720090E05
:101540009370137150719371D171704738B504461F
:101550000D46DEF709F95F3005D129462046BDE882
:101560003840DDF7D1BF38BD0120704710B5038882
:101570004288934219D8052B17D9B2F5486F14D871
:101580008388B3F5FA7F10D240F67644C088A0F184
:101590000A0189B2A14208D801339BB25343B3EB8D
:1015A000800F34BF0120002010BD0020FCE7002088
:1015B000704708B5E6F7B2FC18B1C089003818BF0B
:1015C000012008BD70B506460D464FF0FF304FF0C4
:1015D000FF31DEF71DFB044618B9BDE87040DDF7AA
:1015E00089BF03210C30DBF7EDFA068085702146B8
:1015F000BDE8704042F22100DEF752BD70B50646EC
:101600000D464FF0FF304FF0FF31DEF701FB04468F
:1016100068B103210C30DBF7D5FA068085702146CE
:10162000BDE87040002240F20640DEF725BF6FF0B3
:10163000680070BDC368187808B1DDF7B3BF1846FD
:10164000DFF7DEB838B54FF0FF3105464FF0FF3019
:10165000DEF7DEFA044668B102210C30DBF7B2FA9D
:101660002B88214603800022BDE8384042F2160054
:10167000DEF702BF6FF0680038BDF8B507460E46CA
:101680004FF0FF304FF0FF311546DEF7C1FA044648
:1016900078B106210C30DBF795FA3B884680038051
:1016A00085802146BDE8F840002242F22200DEF7A4
:1016B000E3BE6FF06800F8BD2DE9F047814688462B
:1016C0004FF0FF304FF0FF3117461E469DF820A027
:1016D000DEF79EFA0546A0B107210C30DBF772FA5F
:1016E000B9F8003080F802800380C7700671A0F856
:1016F00005A02946BDE8F047002242F23200DEF79D
:10170000BBBE6FF06800BDE8F08708B5002000217F
:10171000DEF746FE18B1BDE80840DEF7BBBCBDE809
:101720000840E1F77FB9072208B505F0BFFDB0FA20
:1017300080F0400908BDFEF7DCBD0B6803608B88B4
:1017400083808B7983717047D0E8AF0F7047F8B50D
:101750000F46144638BB4FF0FF304FF0FF31DEF735
:1017600057FA054610B327210C30DBF72BFA224637
:1017700006463946FFF7E1FFC31D04F1100152F898
:10178000040B8A4243F8040BF9D11022002106F120
:10179000170005F083FD2946BDE8F840002242F21B
:1017A0002700DEF769BE6FF01500F8BD6FF0680026
:1017B000FBE7037A02465B0705D501462A3211F89A
:1017C000010BFFF7C4BF704738B54FF0FF31054636
:1017D0004FF0FF30DEF71CFA044658B129460C30B2
:1017E000FFF79FFA2146BDE83840002242F22D0063
:1017F000DEF742BE6FF0680038BD10B400F1100390
:10180000D3E8EF2F22F40041C3E8E41F002CF7D106
:10181000130403D5012110BC00F054B910BC70476B
:1018200070B5044686B00E4601300131FFF77BFFEC
:101830002A34162200210546684605F02FFD1022A5
:101840006946204605F032FD40B11022204606F1DF
:101850002A0105F02BFD002808BF0125284606B007
:1018600070BD00F1100208B503461046FFF76CFF8B
:1018700001060DD5D2E8EF0F40F40040C2E8E10FB9
:101880000029F7D11846BDE80840002100F01AB938
:1018900008BD10B50C4630B919B1E6F7EDFA00B144
:1018A000441C204610BD0024FBE718B111B10846C6
:1018B000DFF776B96FF01500704713B5044680B1B5
:1018C00006216846E0F760F848B99DF8053069469A
:1018D00003F03F0320468DF80530FFF7E6FF02B026
:1018E00010BD6FF01500FAE7003818BF01207047EF
:1018F000037AD90704D523F001030372DFF7B0BAE6
:10190000990704D523F002030372DFF7C3BA7047C7
:1019100000207047034610F4004F0CBF072006203C
:10192000DA0348BF00F005009B0348BF00F0FB004E
:101930007047D0E8AF0F7047034610B5D3E8EF0FFC
:1019400000EA0102C3E8E42F002CF7D110BD012307
:1019500010B403FA01F1044642B1D4E8EF3F0B435F
:10196000C4E8E23F002AF8D110BC7047C94310BC5C
:10197000FFF7E2BF2DE9F04F87B09DF848600546BC
:101980000C4690460021102202A81F46DDF8409028
:101990009DF844A005F082FCCEB9CDE902480122B1
:1019A00042F2080002A9DFF78FFC044658B9BAF1E9
:1019B000000F3AD11035D5E8EF3F43F00403C5E8F6
:1019C000E23F002AF7D1204607B0BDE8F08FDEF7EE
:1019D0005DFB8346E4B937BB5846D0F7F1F90923DC
:1019E000012ECDE901B48DF800308DF80100CDF85D
:1019F0000C80D4D10222CDF810D00596D0E714F88F
:101A00003320083A012A24D901339845F7D1E2E777
:101A10000023FAE717F83320083A012A19D90133CD
:101A20009945F7D1D8E70023FAE70122022E08BF33
:101A3000059242F2090008BF324602A908BFCDF85C
:101A400010D0CDE90279DFF73FFC0028B2D0044680
:101A5000B9E76FF01504B6E7436813F008000AD041
:101A60005A0307D403F4C063B3F5806F14BF022098
:101A7000012070470120704770B506460D464FF0B3
:101A8000FF304FF0FF3186B0DEF7C2F80446B0B148
:101A90000C3095B10121FFF744F9204606F1100200
:101AA00003A907230095DEF7A1F80022214642F2A0
:101AB0000A00DEF7E1FC06B070BD2946EBE76FF0E7
:101AC0006800F8E7FFF7D8BF1830F5F773B9036877
:101AD000D90444BF43F48063036003689A0444BF9D
:101AE00043F40063036070470368D90444BF43F4C0
:101AF0008063036003689A0444BF43F40063036097
:101B0000704700230B60436813B9C0E900117047A8
:101B1000196041607047D0F8B000003818BF01204C
:101B20007047D0E8AF0F7047FEF7ECBB034610B527
:101B3000D3E8EF0F40EA0102C3E8E42F002CF7D10D
:101B400010BD437B072B01D1E0F764BA70472438FE
:101B5000E0F702BB002203680BB9184670478B42BE
:101B600010D10B6842B942680360914200D14360D2
:101B7000002301200B60704713604368994208BF3F
:101B80004260F5E71A461B68E6E710B504460069AF
:101B900018B1DAF7E9FE0023236110BD2DE9F843FF
:101BA00007460E46904600244FF0D009B44203D1B8
:101BB00000231846BDE8F88309FB0470E0F712FC27
:101BC000034658B1457B012D02D0073D012D03D8B6
:101BD0001A884245EDD01846E0F7ECFC0134E5E701
:101BE00010B50446D0F8A00028B9207A04F170019D
:101BF000E6F794F938B1E278C3892AB913F0210FD6
:101C000014BF0120002010BD13F0240FF8E738B5F1
:101C1000037A04468B42154615D100F17001072264
:101C2000284605F043FB80B1E378072243B904F16D
:101C30007E01284605F03AFBB0FA80F0400938BD35
:101C400004F17701F5E70020F9E70120F7E720B17B
:101C50008378194214BF01200020704708B5032182
:101C60000246FFF7F4FF28B1D07A18B1D2F8A000ED
:101C700000B1007B08BD38B50A4603210446FFF7D2
:101C8000E6FF28B3637B072B25D1130602F07F05FF
:101C90000BD54FF40041201DFFF748FF2046A572E9
:101CA000E5F7FCFA88B9002038BD637AAB42FAD276
:101CB000A37AAB42F7D2231DD3E8EF1F21F40041F2
:101CC000C3E8E21F002AE9D0F6E7637AA372EBE7E4
:101CD0006FF01500E8E76FF07F00E5E708B5032136
:101CE0000246FFF7B4FF00B1507A08BD08B50121E4
:101CF0000246FFF7ACFF08B102F1700008BDF8B56D
:101D000007460D464FF0FF304FF0FF31DDF780FF03
:101D10000646D0B10E210C30DAF754FF04460E22ED
:101D2000002105F0BBFA3B88314623802B88002236
:101D300063806B8842F21300A380AB88E380EB885A
:101D40002381BDE8F840DEF797BB6FF06800F8BD6F
:101D500038B50C4601210246FFF779FF00B3131D89
:101D60001846FFF7DEFE0105C0F3C02505D5214664
:101D7000BDE838401046E1F72FBA21881846A2F88E
:101D800088106188A2F88A10A188A2F89010E188D2
:101D9000A2F892104FF40051FFF7C8FE284638BD54
:101DA0006FF01500FBE708B503210246FFF74FFF70
:101DB00038B19378012B04D1BDE80840104601F0FA
:101DC00050B96FF0150008BD08B503210246FFF7B2
:101DD0003EFF38B19378012B04D1BDE8084010468E
:101DE000E5F754BC6FF0150008BD7047704701223D
:101DF00010B400F15003D3E8EF1FC3E8E42F002C28
:101E0000F9D141B9034653F84C2BC164D2F8B41050
:101E100029B9C2E92C33006810BCE0F70DBB0B6098
:101E2000C2F8B430F7E770B50446D0E900354BB3DB
:101E30000021D3F8B0204C306AB1904234D1E26C2A
:101E400051BBD3F8B410C3F8B020884201D1C3F815
:101E5000B4200023E364002204F15003D3E8EF1F11
:101E6000C3E8E02F0028F9D104F130060022002356
:101E70003046F3F717FFD0B96B680BB1204698478F
:101E800000232360E3680BB1204698472B6A8BB18F
:101E90002046BDE8704018470A60D3F8B42090424D
:101EA00008BFC3F8B410D4E711461268C4E7DAF7E4
:101EB0005BFDDBE770BD38B5406B30B150F80849C9
:101EC00004B1083CFFF7AFFF04B938BDA5682DB1D8
:101ED0002046083DFFF7A7FF2C46F7E72046BDE860
:101EE0003840FFF7A0BF38B5436B0D46BBB118466D
:101EF00050F8084904B1083C53F8043C9B680BB106
:101F0000294698475CB12046A468436824B19B6881
:101F1000083C002BF4D1F6E79B68002BF0D138BDCC
:101F2000F8B50F4600210546164600234FF48032CF
:101F30000846E1F747FB044620B92846BDE8F840CB
:101F4000E1F76EBA04210C30DAF73CFE05704770F9
:101F500046802046F8BD406B28B1838B08388B4201
:101F600001D08068F8E7704710B54AB989B2FFF729
:101F7000F2FF28B143689B6913B1BDE810401847D0
:101F800010BD38B50D460521FFF7E5FF00232946B2
:101F90001A46E1F731FB044610B12846DAF7E4FCB3
:101FA000204638BD406B28B1838908388B4201D068
:101FB0008068F8E7704770470346006828B15968A1
:101FC000026888421A6008BF5A60704703460020C2
:101FD00003B970471A8A5B681044F9E710B5D468F2
:101FE0000231237813B92170012010BD8B42FBD040
:101FF000038A023B038200201061F6E70620704747
:10200000FEF777B973B51446014605464FF495724D
:10201000206800F0DFFD207500BB237A2068ABB19B
:10202000A3F11802534253419B000193638A29464E
:102030000093AE68238AE268B047002808DB238A51
:1020400098420ED100230120237508E00223ECE71B
:1020500010F1FF0F05D34042C0B22075002002B03E
:1020600070BD0E20F9E71FB5CDE9012300231A4604
:102070000093E3F731FC05B05DF804FBF8B5936815
:1020800005460F461446166863B9506801210C30A6
:10209000DAF798FDA0602B681B78002B14BF022391
:1020A00001230370A3681B78012B03D0022B1FD0E0
:1020B00000201CE02B681B78002BF9D160680421FC
:1020C0000C30DAF77FFDE06007802A68E368528809
:1020D0005A806168728D738B088A9A4294BFC0EBF4
:1020E0000200C0EB0300042894BF00200120F8BDCB
:1020F0002B681B78022BDBD1606812210C30DAF7D9
:1021000061FDE06007802B68E268591C02321133E0
:1021100051F8040B994242F8040BF9D16168728DB1
:10212000738B088A9A4294BFC0EB0200C0EB030095
:102130001228D9E770B40568AA6A52B3136803B1CC
:10214000B03BA2F1B0040022114600E0B03B844253
:1021500007D0668D648BB14238BF3146A24238BF8A
:1021600022461C462BB1D3F8B030002BEED184426E
:10217000EFD1438D408B8B4201D890420BD98242E4
:1021800038BF02469942286838BF194670BCE4F748
:1021900051BA1146EDE770BC7047D068043103783E
:1021A00013B90170012070478B42FBD00020916869
:1021B0000B8A043B0B82106170472DE9F04F0446F7
:1021C00085B0104690469946FFF700FF638B628DFD
:1021D0008B46934228BF1346834240F29380636844
:1021E00040460393DAF706FC4FF0000A06464046E5
:1021F000FFF7ECFE628B638D06F10C079A4294BFE9
:10220000C0EB0205C0EB03053846FEF776FD8542BC
:1022100017D24046FFF7DAFE628B638D9A4294BF75
:10222000C0EB0205C0EB03058DBB98F80A00DAF796
:10223000A3F900220023FEF73AFD064630B95746BF
:1022400036E03846FEF759FD0546EDE701464046C3
:10225000DAF716FC4046FFF7B9FE628D638B06F194
:102260000C079A4294BFC0EB0205C0EB0305384649
:10227000FEF743FD85421FD24046FFF7A7FE628D61
:10228000638B9A4294BFC0EB0205C0EB0305F16873
:10229000328ACDF80090DBF804700A44039859465E
:1022A000ABB2B847071E0CDABAF1000F18BF574699
:1022B000384605B0BDE8F08F3846FEF71EFD0546EE
:1022C000E5E70E9BB3B9394606F10C00DAF77AFC64
:1022D0004046FFF77BFE638D628BB944934228BF73
:1022E00013468342BA441FFA89F9A8D9AF423FF492
:1022F0007EAFA4E7394630460F9A0E9B98470028D8
:10230000E1D19CE70027D3E70022036803B97047B7
:102310008B420FD10B683AB942680360914200D1F9
:10232000436000230B60704713604368994208BF05
:102330004260F6E71A461B68E8E706207047D0E8D7
:10234000EF3F43F00802C0E8E12F0029F7D1C3F3C3
:10235000C000704773B500230546166814467068C0
:1023600029461373952200F035FC207380B9CDE91E
:10237000000029463046A388A268FFF71EFF002808
:1023800009DA10F1FF0F32BF0E204042C0B22073B5
:10239000002002B070BD0120FBE72DE9F3410023CE
:1023A000074616681446706839461373952200F084
:1023B00011FC0546207308BBA068718D728B038ADF
:1023C000914294BFC3EB0103C3EB0203012B15DD64
:1023D00002210C30DAF7F6FBCDE900558046A388E0
:1023E00039463046A268FFF7E8FE031E0ADA13F109
:1023F000FF0F32BF0E235B42DBB22373002002B01B
:10240000BDE8F0810120A8F80030F8E72DE9F0419F
:1024100004468868FFF7DAFD638D628B0D469342B0
:1024200028BF134683421DD300272166D1F80880B8
:102430008F60F5F789FB41462046E1F745FD0646EA
:1024400038B1C5F808802766F5F7ECFB3046BDE8E3
:10245000F081618D638B2846994228BF194600F0B0
:1024600083FCF1E76FF07906F0E738B50546D1E86F
:10247000AF3FDB0716D550F8040C98B1EB6D8BB964
:102480000430FFF799FD044660B10146281FFFF7AD
:10249000BDFF38B155F8043C5A6822609A685C6008
:1024A00002B99C6038BD2DE9F041846A074634B317
:1024B00054F8B06906B1B03E002307F104081D4688
:1024C00001E034461646226E92B905B983B94046FA
:1024D000FFF772FD054650B101462046FFF796FF13
:1024E00068B17B682B60BB687D6003B9BD60234623
:1024F0002EB1D6F8B020002AE3D0B03AE1E7BDE82B
:10250000F08170B504460E46002200230846F3F71A
:10251000C9FB054658B101462046E1F7D5FC044603
:1025200018B12946304603F07EFD204670BD6FF09D
:102530000104FAE7F8B5054650F8044C071F00F10E
:102540005803D3E8EF1F21F00401C3E8E21F002A7B
:10255000F7D1FCB1EB6D83B9636873B1201DFFF750
:102560002BFD064601463846FFF750FF90B16368E1
:102570003360A368666003B9A660384605F1600160
:10258000FFF7BFFF30B1384604F10C01BDE8F84059
:10259000FFF7B7BFF8BD38B504460D46E1F794FC28
:1025A00030B1294604F16400BDE8384003F030BD85
:1025B00038BD2DE9F0418846174601210422054621
:1025C0001E46E1F791FD044670B104210C30DAF7A4
:1025D000F9FA80F80080A0F80170C67021462846FC
:1025E000BDE8F041FFF7D7BFBDE8F08137B50C4635
:1025F000054601F10C00FEF774FB228A03460192A6
:10260000E2681221009228461322E1F729FE03B066
:1026100030BD37B50C46054601F10C00FEF761FBF5
:10262000228A03460192E26828460092002211465F
:10263000E1F716FE03B030BD07B5CA680C21138858
:10264000528800920D22E1F7DBFF03B05DF804FB36
:1026500007B50022CB680A211B8800920B22E1F704
:10266000CFFF03B05DF804FB70B5CB6804461E884D
:10267000B3B2162B1AD90321E1F784FE0546B8B18F
:1026800002210C30DAF79EFA6FF00D03037001237C
:10269000294643702046FFF77EFF4FF4F97320462A
:1026A00063836685FFF746FD002070BD0420FCE7CC
:1026B0000E20FAE7E3F75AB808B5E1F7B9FB08B31B
:1026C000826A02B3136803B1B03B32F8960C32F859
:1026D000862C904228BF104643B913E0934228BF8E
:1026E0001346984238BF1846A1F1B003D3F8B01092
:1026F0005A8B5B8D0029F1D19A4228BF1A4690422D
:1027000038BF104608BD1046FCE70A8A0023C96896
:10271000E2F71CB970B5054650F8043C044655F87C
:102720000469002B32D031B1C36D7BB31B7CDA0757
:102730002CD505231DE03046E3F790FF737A012B7B
:1027400024D0E46D14B3237CDB071FD5E368002B92
:10275000EFD028466269617CE1F7C6FC064638B1D5
:10276000D4E90512E368984750B13046DAF7FCF82F
:102770000E2300222846BDE870401146E2F7E6B875
:1027800031462846E1F7A0FB0028EED170BD0120BC
:10279000704708B5E1F74CFB78B1836A6BB1B03B89
:1027A00003F15C02D2E8EF0F20F00800C2E8E10F6D
:1027B0000029F7D1D3F8B030F0E708BD08B50421FF
:1027C000FFF7F0FB20B15830D0E8AF0FC0F3C000E6
:1027D00008BD70B51C460E461546E1F74FFB0123B8
:1027E000C0E90365C380047570BD106000207047A8
:1027F00010B5029CA36833B1B1F5807F28BF0E21CC
:10280000CAB221469847A37DE268013BDBB2A375BB
:1028100022B11BB92046BDE81040104710BD106022
:1028200091800020704700207047FDF76BBDF0B528
:10283000076806463D78144689B0E5B97B88B3F54C
:10284000245F04D011D8A3F52053032B13D8ADF87F
:102850000A10022220460DF10A01E2F7F1F970B1E7
:102860006FF01502C4F8642106E003F55643FF3308
:102870009BB2042B1DD90125284609B0F0BD7B88E9
:10288000022220460DF10A01ADF80A30E2F7D8F92C
:102890000028E5D1009003AA132331467768B84792
:1028A000021EDFDB03A92046E2F7CAF90028E2D0C6
:1028B000D6E7ADF80A10022220460DF10A01E2F730
:1028C000BFF90028CCD17B880222ADF80A300DF187
:1028D0000A01E8E7072208B504F0E8FCB0FA80F046
:1028E000400908BD10B503780446934207D1013072
:1028F000FFF7F0FF002814BF2046002010BD002085
:10290000FCE7034610B5D3E8EF0F40EA0102C3E845
:10291000E42F002CF7D110BD034610B5D3E8EF0F1C
:1029200000EA0102C3E8E42F002CF7D110BD0B68C8
:1029300003608B8883808B7983717047D0E8AF0FF9
:102940007047FDF7D6BC70B50D46064611F8010B71
:10295000E0F762FB044610B12C89DFF72BFE6B8990
:10296000A34207D0EB686C8123B121463046BDE815
:102970007040184770BD38B5BDF8104015469442F8
:1029800011D374B123B92046BDE83840E2F75ABBF1
:10299000A21A8A42A8BF0A4694B22246591904F0E4
:1029A00056FC204638BD6FF00600FBE730B585B019
:1029B000C96814461D46E2F759FA00B1008902239E
:1029C000ADF80E00009329462046BDF820200DF1F9
:1029D0000E03FFF7D0FF05B030BD1FB50C461946FA
:1029E000E36810461C78BDF818203CB11024013370
:1029F000069404B0BDE81040FFF7BDBF5B88ADF89A
:102A00000E30022300930DF10E03FFF7B4FF04B064
:102A100010BD30B51D46002385B014468DF80C302E
:102A2000E2F7F6F910B1037A8DF80C30012329464C
:102A300000932046BDF8202003ABFFF79CFF05B0B4
:102A400030BD2DE9F04114461D46BDF81870DDF784
:102A50001DFB0646CFF7B4F980B2069033463A46DE
:102A600029462046BDE8F041FFF785BF30B585B067
:102A700014461D46FEF79BFD0223ADF80E000093A1
:102A800029462046BDF820200DF10E03FFF773FF05
:102A900005B030BD022A10B508D1002300F1700145
:102AA0001A46007AE2F764FA022010BDE2F772FBE0
:102AB000FAE708B50C3029B10121FFF722FFC04326
:102AC000084008BD6FF00101FFF726FF00F001008C
:102AD000F7E710B50446FFF7ECFF38B12146BDE833
:102AE0001040012211F8010BE2F7D4B910BD38B53E
:102AF00004461546FFF74BFE48B12046E2F788F939
:102B000028B1037ADB0702D50121FFF7E2FF55B9AF
:102B1000207A04F17001E2F7FFF820B18560BDE88A
:102B20003840E2F70DBA38BD13B5044610B900209D
:102B300002B010BD00238DF8043042F60303006894
:102B400001A9ADF80630FEF711FC0028EFD1E368CB
:102B500098880028ECD12046E2F776FE013080B25A
:102B6000E6E770B5CC681E46A37988B008468DF8B4
:102B70000C301546FFF7D8FFADF80D002468237818
:102B80006BB96388ADF80F300523009331462846B2
:102B9000BDF8302003ABFFF7EEFE08B070BD631C3C
:102BA0000DF10F02113453F8041BA34242F8041B29
:102BB000F9D11323E9E71FB5CDE9012300231A4614
:102BC0000093E2F789FE05B05DF804FBE2F79ABFD7
:102BD000FFF772BD38B54C8AD3070546C4F30E041F
:102BE00004D514F0950F2AD04B6843B3900704D551
:102BF00014F4957F25D08B681BB3144014F4DE7F4A
:102C00000DD0EB7A2BB92846FEF7EAFFD8B905209C
:102C100038BD14F0300F04D114F4C07F07D1002068
:102C2000F6E72846FFF75AF80228F5D8EFE7D5F877
:102C3000A030002BEBD05B7BDB06E8D5EFE7022072
:102C4000E6E70320E4E70F20E2E72DE9F04105463F
:102C50008846E2F7DDF80446E0B1037ADB0719D5D0
:102C600000F10C073846FFF769FE10F0010611D19C
:102C7000B8F1000F0FD06FF002013846FFF74CFE9D
:102C800010F0020F284609D0FFF783FD01212046EE
:102C9000FFF71FFF01263046BDE8F081FFF777FD03
:102CA0000028F8D02846FFF789FD0028F3D06FF000
:102CB00002013846FFF730FE2846E5E7F8B506463C
:102CC0000F46E2F707F8394604463046FEF771FC36
:102CD00048B344B304F108056FF001012846FFF73B
:102CE0001BFEC20703D539463046E3F7CFFC6FF031
:102CF00002012846FFF710FE830703D53946304608
:102D0000E2F7E2FC2846FFF719FE60B9234603F814
:102D1000010BC4F80100C3F80300D5E8EF3FC5E894
:102D2000E20F002AF9D1F8BD10B50446A0F1170151
:102D300010F8180CFFF7C2FF14F80C0CA4F10B01EB
:102D4000BDE81040FFF7BABF38B5044659B100F1ED
:102D500070052946007AE3F799FC2946207ABDE8F8
:102D60003840E2F7B1BC38BD704707207047FDF727
:102D7000C0BAD0E8AF0F084100F001007047034629
:102D800010B5D9B1C88910F0240F17D01A7D5C7B1B
:102D9000097BA24228BF2246914201D9002010BDE2
:102DA000820604D4187A003818BF0120F7E70521FD
:102DB000181DFFF7DEFF0028F4D1EFE70120EEE752
:102DC00001238B40DB43D0E8EF2F1A40C0E8E12F0E
:102DD0000029F8D17047FDF795BA08B50621FFF72D
:102DE000E1F818B9BDE80840E3F730BDEC3808BD9C
:102DF0000720704701238B40D0E8EF2F1A43C0E82B
:102E0000E12F0029F8D1704708B50E21FFF7F2FF36
:102E1000002008BD70B5051D0E4628460421FFF7A9
:102E2000A8FF68B10022002100230846E0F7CAFB92
:102E3000044640B904212846FFF7DCFF204670BD58
:102E40004FF47022EFE701210C30D9F7BBFE06707A
:102E5000F4E738B504210446FFF7DCFF054698B1D6
:102E600010210C30D9F7AEFE04F1270304F137022C
:102E700053F8041B934240F8041BF9D1204629461D
:102E8000E3F7FAFC002038BD0820FCE770B5D0F865
:102E9000EC300446DB78012B19D1CD68061D1021DA
:102EA0003046FFF78DFF2B4604F1B70205F1100104
:102EB00053F8040B8B4242F8040BF9D1072130463A
:102EC000FFF757FF28B109213046FFF793FF002095
:102ED00070BD0A213046FFF74CFF0028F3D1204691
:102EE000BDE87040E3F7E2BD072070470720704758
:102EF00007207047012303FA01F1CA4330B5D0E837
:102F0000EF3F03EA0204C0E8E54F002DF7D1194274
:102F100014BF0120002030BD70B500F170060446DA
:102F20000D4607223046096804F0C0F940B96B68C5
:102F30001A6822679A88A4F874209B7984F87630FE
:102F400070BD38B504460025031DD3E8EF2FC3E854
:102F5000E15F0029F9D104F5A470F3F72BFF257286
:102F6000D4E8EF3FC4E8E25F002AF9D12046BDE88B
:102F700038400121FFF73EBF2DE9F84FDDF82C80E6
:102F8000044692461F46BDF82890FFF726FF0546E7
:102F900000285AD0061DB9F1000F27D15AEA0703BD
:102FA00024D103213046FFF7E4FED0B3012130469F
:102FB000FFF7DFFEA8B32C7D6B7B05F147019C4238
:102FC00028BF1C462246404604F041F90F2C06D883
:102FD0000021C4F1100208EB040004F05FF9304650
:102FE0000121FFF707FF0120BDE8F88FD4F8A030DA
:102FF000F3B904F1700B5A462020217AE4F710FF50
:10300000C4F8A00030B95A460120217AE4F708FF3D
:10301000C4F8A000B9F1000F0AD15AEA070704D09A
:1030200006E0D4F8A030002BE3D0D4F8A01071B99A
:103030000F213046FFF79DFE20B1022206212046D7
:10304000DFF76AFF2846FFF77CFF0020CCE7CB893B
:103050009B06EDD50C7B1A312246B4E76FF0850054
:10306000704738B5FFF7B9FE044610B96FF0150088
:1030700038BD051D0A212846FFF73CFF0028F5D082
:1030800007212846FFF775FE28B109212846FFF7DA
:10309000B1FE0020ECE710212846FFF76AFE092167
:1030A0000028F3D12846FFF764FE0028F1D020461F
:1030B000E3F7FCFC01460028EBD02046E4F748FA91
:1030C000E7E770B504460820E3F776FB0546E0B174
:1030D000061D08213046FFF773FEBCB30721FFF73A
:1030E0006FFE234605F1970204F1200153F8040B0B
:1030F0008B4242F8040BF9D10A213046FFF739FE22
:1031000070B109213046FFF775FE0720E3F754FB45
:103110000446E8B1E3F7D2FB0146C8B1204612E00D
:1031200010213046FFF725FE09210028EAD130465C
:10313000FFF71FFE0028E8D02846E3F7B7FC01465A
:103140000028E2D02846E4F703FADEE70B21F9E78E
:1031500070BD70B50446A0F1EC0650F85C3BE83C4D
:10316000D3F8A050F3F726FE03212046FFF701FE17
:10317000A0B108213046E4F755F93DB1EB8913B110
:103180006B7B9B0702D52846E4F72AFF3046BDE853
:1031900070404FF4C072002104F080B80121204635
:1031A000FFF7E7FD0028E4D10F212046FFF7E1FDFE
:1031B0000028DED1E1E7DDF72BBE10B5431E00F19C
:1031C0001002073013F8011F12F8014D83421C70E2
:1031D0001170F7D110BDF0B50E4614461D4697B0DC
:1031E0000146202205A81C9FE5F706F8202231465B
:1031F0000DA8E5F701F82146102201A88DF85450DA
:10320000E4F7FAFF3B46412205A901A8E5F7B6F825
:10321000044610B93846FFF7D0FF204617B0F0BD7E
:103220002DE9F04316461D4697B00446DDE91F9888
:10323000102205A8219FE4F7DFFF1022314609A8DC
:10324000E4F7DAFF102229460DA8E4F7D5FF0322A0
:103250001E9911A8E4F7D0FF494611F8013BD9F8AF
:1032600001008DF847308B880622129012A8ADF825
:103270004C30E4F7C1FF414611F8013B06228DF8BE
:103280004E30D8F801300DF14F00CDF84F308B881B
:10329000ADF85330E4F7B0FF2146102201A8E4F75F
:1032A000ABFF3B46412205A901A8E5F767F80446B4
:1032B00010B93846FFF781FF204617B0BDE8F0830C
:1032C000EDF700BA20387047FDF713B810B5036961
:1032D0000446C0E905330023C360837F13B1407AFD
:1032E000E6F7C6FE0123237700236377E377A3770E
:1032F00010BDF2F74FBAF2F71DBB0120E5F7D4B9C4
:1033000038B50446E5F790F8054660B1037A6BB12D
:1033100020460024E6F754FF2846AC77FFF7D6FF97
:1033200020462C7238BD6FF01500FBE76FF0770078
:10333000F8E770B504460E461546E5F703FF30B9C9
:1033400006B925B12046BDE87040E5F751BF70BD14
:1033500010B50C46E5F7C6FFEFF31183202282F388
:103360001288BFF36F8F02692260027B2AB9807DC9
:1033700083F31188BFF36F8F10BD0420F8E7F2F7D5
:103380001DBD00692830F2F719BD13460A46012118
:10339000FCF7B8BF08B50020D9F778FD002008BDBC
:1033A000F8B5069F0469C9B2EFF31186202585F3AD
:1033B0001288BFF36F8F0C2569430C44D4F88850F2
:1033C00005F0070CBCF1010F0CD1C4F8887086F32E
:1033D0001188BFF36F8FC4E9202343685B58984777
:1033E0000020F8BD05F0C005AF4286F31188BFF399
:1033F0006F8F0CBF6FF077004FF0FF30F1E713B520
:1034000080240094FFF7CCFF02B010BD0069CBB25E
:1034100000EB4310002110470320EDF72BBC0220E6
:10342000EDF728BC0020EDF725BC0320EDF7AABC82
:103430000220EDF7A7BC0020EDF7A4BC1046F2F780
:10344000BDBC8022E7F798BC0020704708461146B3
:10345000DDF7F2B8002208B511461046F8F712FA67
:10346000002818BF6FF0150008BDF7B51C460023F3
:10347000164682682360A3600D465369694601AA17
:103480009847019B5A1E01921BB96FF0150003B0BB
:10349000F0BD0098A26847682168676085B9B31AD3
:1034A000D0F800C0634528BF634603FB07111A44E8
:1034B0002160A26002689A4206D808300090E0E7D6
:1034C0006B1AB3FBF7F3EBE70020E0E713460022AB
:1034D000FFF7CBBF2DE9F0470024836886B088460C
:1034E00091465B6902AA01A99847A2462546029B1C
:1034F000AB4202D806B0BDE8F0870026019F07EB7B
:10350000C5077B6804933A680AEB0603B24202D807
:103510009A460135EBE749460394059303A8C04753
:103520000028E7D0049B01361C44ECE74FF400026E
:1035300000230020C1E90023704718B901F11800E9
:10354000F2F73CBC704710B50446026902F1300343
:10355000D3E8EF1F0139C3E8E01F0028F8D1536B0F
:103560003BB94FF050230222C3F8B82509B9EEF752
:10357000E1FE2069BDE81040F2F720BC10B50469F7
:1035800004F13003D3E8EF1F0131C3E8E21F002A42
:10359000F8D100694FF0FF334FF0FF32F2F792FCA1
:1035A000636B43B94FF05022C2F8B8350720BDE82D
:1035B000104002F0A0BC10BD7FB5FF238DF8033092
:1035C0000DF10303002101930123CDE9023105230D
:1035D00003A88DF80C3001AB04910593E7F7A8FE22
:1035E0000028A8BF9DF8030007B05DF804FB1FB5D5
:1035F000002188420CBF0623042301A8CDE9011154
:1036000003918DF80430E7F793FE002818BF6FF0A0
:10361000040005B05DF804FB10B50C4601F0C3F9D9
:103620000023C4E90003184610BD38B505460C4612
:1036300001F0B9F9002D07DBA84205D9401B8442EF
:103640008CBF0020012038BD0020FCE770B50D467E
:103650001946284616461C46FFF7E7FF28B92146BB
:103660002846BDE87040E8F7B7B924B1224629469C
:10367000304603F0ECFD002070BD436800205B681D
:103680001B690B607047436802EA01005B6821EA2E
:10369000020198600020D9607047436800205B6891
:1036A00099607047436800205B68D9607047436841
:1036B0005A68536821EA03000B4090600020D360F1
:1036C0007047082913B528BF08214FF47F020C4624
:1036D000D2F80432D2F808221BBA12BA00920A4673
:1036E0006946019303F0B3FD204602B010BD00F01F
:1036F00043B8002201210920D8F796BB38B504460B
:10370000056901222846114602F09BFC012205F1C1
:103710001800002102F095FC2046BDE83840E8F78B
:10372000B5BD0069F2F7CEBB0069F2F747BB13B530
:1037300001AA044600F03BF8002805DB019B226843
:1037400019791868E8F7F4FE02B010BD10B54468A6
:103750000021606AFFF7EBFF2046BDE81040F0F75C
:1037600049B910B544682046F0F76AF9606A01214A
:10377000BDE81040FFF7DBBF10B54468FFF7F1FF6D
:103780002046F0F791F9002010BD10B500690F290F
:103790009FBF00EB810440F821202364002088BFF4
:1037A0006FF0150010BD002070471020704730B535
:1037B00043681360057A446804EBC504A34202D34E
:1037C0006FF0010030BD5C798C4201D00833F0E726
:1037D0000020F7E710B50469204602F0F9FB00234A
:1037E000636110BDF8B5876806467C689CB1436884
:1037F00093F82630DB071DD405694FF0FF334FF0F7
:10380000FF322846F1F7C6FF6B69002B05DC002468
:103810002846F2F78FF82046F8BD013B6B61002B7C
:10382000F5D17B6830469847041EBEBF6B690133F3
:103830006B61EDE70024EEE7F0B4D0E901631B69AA
:103840003BB177688F4208DB3568954205DCF0BCF8
:1038500018476FF05700F0BC70476FF01500FAE79B
:10386000F0B4D0E901631B6A3BB137698F4208DBD2
:10387000F568954205DCF0BC18476FF05700F0BCC6
:1038800070476FF01500FAE770B4D0E90162956AED
:1038900003460C46A5B196F8242012B92B4670BCFD
:1038A0001847306A024410F8011BA14202D1214698
:1038B0001846F3E79042F6D16FF0850070BC704770
:1038C0006FF05700FAE72DE9F3410E46D0E90147C2
:1038D00094F825108046FF2905690FD194F8261029
:1038E000C1F38101022914D0D8F8083000391B6BCC
:1038F00018BF01214BB96FF0570003E0FFF7C4FF79
:103900000028EBDA02B0BDE8F08140469847002875
:10391000F8DBA268B2F1004F05D011464046FFF730
:103920008BFF0028EEDB6269B2F1004F05D0114633
:103930004046FFF795FF0028E4DB2368B3F1004F12
:1039400014D0D8F808305B69002BD4D0404601A9C8
:1039500098470028D6DB2268019B9A421CDD11465D
:103960004046FFF769FF002805DACBE76FF0004318
:1039700062689A42E5D19EB994F826309B0716D02A
:1039800040463B6898470028BCDBA069E8F794FEF6
:103990006B6901336B610AE062689342EBDDDEE73D
:1039A0006B6901336B6194F82630DA0601D400208C
:1039B000A8E74046FFF716FFA4E743681868B0F190
:1039C000004018BF012070470346084631B95B68C4
:1039D0001B68B3F1004F01D0136070476FF0150002
:1039E000704708B54368986A38B1012293F82C10E3
:1039F000E8F778FE00EAE07008BD6FF08500FBE7AD
:103A00004368986A20B1002293F82C10E8F76ABE48
:103A10006FF08500704710B58AB08DF8052001AAB7
:103A2000069202220C46CDE907230C9B40680993BD
:103A30000B2C06AB8DF80410029300F104010BD19E
:103A4000CDE9043201230393006883681C6804AB4A
:103A500002AAA0470AB010BD0392006883681C68E0
:103A60000023F5E707B500930B460B21FFF7D3FFC3
:103A700003B05DF804FB1FB5ADF80E1000930A21EA
:103A80000DF10E03FFF7C7FF05B05DF804FBF7B5B6
:103A900001230D462C220DF1070107460669FFF7A9
:103AA000E1FF68B99DF80740012304F03F0444EAB0
:103AB00085142C223846E1B2FFF7DDFF00B93572DC
:103AC00003B0F0BD2DE9FF4101270D4690461C468D
:103AD0000A4600970B210DF10F030646FFF79BFFE7
:103AE00070B99DF80F300A2123EA080214433046CA
:103AF0002A4600970DF10F038DF80F40FFF78BFF5B
:103B000004B0BDE8F08101230B22FFF7ABBF07B57E
:103B1000012308220DF10701FFF7A4FF03B05DF8B0
:103B200004FB70B5154602690446917201F0030169
:103B300041EA8301D372C9B2EB05958148BF41F0D8
:103B4000080101232822FFF796FF38B929462046AD
:103B5000BDE8704001232922FFF78DBF70BD37B546
:103B600008230C460E2269460569FFF77BFF88B9DA
:103B7000237860F300032370BDF800306380BDF844
:103B80000230A380BDF80430E380BDF80630238105
:103B90002B7A637003B030BD4FF47A7301EB81115F
:103BA00001F6CA0191FBF3F203FB121159430260C3
:103BB00041607047F8B5034610461D690C292AD8A4
:103BC000DFE801F0070E12162929292929292929B8
:103BD00024002A7AB5F90010E8F77EFF0020F8BD2E
:103BE0002A7AB5F90210F7E72A7AB5F90410F3E753
:103BF0001446AE1E2F1D36F9021F20462A7AE8F71A
:103C00006BFFBE4204F10804F5D1E7E7B5F90610F1
:103C1000FFF7C2FFE2E76FF08500E0E751F8040C20
:103C2000E9F7F6BD13B58CB2090C10D10178CB07BA
:103C300006D4032C0BD801230020138002B010BD42
:103C40004388002BF8D0032C04D90C2C09D06FF03A
:103C50008500F3E7880756BF0621DB08B3FBF1F3C5
:103C6000EAE78907F3D5C3F3CF03E5E70378024614
:103C700013F0010012D00A2907D00B2909D001291D
:103C80000BD1507800F0010070475078C0F38000ED
:103C900070475078C0F3C00070470020704703465B
:103CA00010B5406803F108018142026805D10AB9E4
:103CB000002010BD5A6010461268A2B91C68A042CC
:103CC000F6D19A60EFF31182202484F31288BFF3B7
:103CD0006F8F1C681960216082F31188BFF36F8FAA
:103CE0000268002AE4D05A60E3E738B54569044623
:103CF0002846FFF7D4FFA8B1EB890022013BEB81F6
:103D0000034643F83029EFF31182202181F3128812
:103D1000BFF36F8F216A2062086082F31188BFF3BE
:103D20006F8F184638BD50684FF0B8611830E9F70A
:103D30000FBA10B50446806800220023F2F7C2F8DB
:103D400028B904F12C00BDE81040FFF7A8BF0020FF
:103D500010BD2DE9F74F07780446012F8846154618
:103D60001E46DDF8309038D143885B0735D543696E
:103D7000D0F838A03BB102698A4232D26FF00B0012
:103D800003B0BDE8F08FBAF1000FF7D0DAF81C30BD
:103D9000002BF3D093F804B007FA0BF77B1E5919E8
:103DA00021FA0BF13246DAF81C0001930091D0F7AA
:103DB000DFFFDDE9001350B901FA0BF1C9F800107B
:103DC00033686361D9F8003023610020D8E7BD4231
:103DD000D4D9ED1BA845E2D9D0E723694345CDD31B
:103DE000636933602369C9F80030EEE70B4610B50C
:103DF00054680021D868FDF760FA04F118004FF00C
:103E0000B861BDE81040E9F7A3B910B44468A468EC
:103E10006468A44610BC604743689B689B68184769
:103E20001029036929D006D80D290AD00E2918D0E7
:103E30006FF0850070471E29FAD19B6B1360002339
:103E40000CE06421D86A90FBF1F01060DB6A93FB10
:103E5000F1F001FB103342F210714B43002053602C
:103E600070474FF47A71186BB0FBF1F010601B6B68
:103E7000B3FBF1F001FB1033EFE74FF47A71586BAD
:103E8000B0FBF1F010605B6BF2E708B5006802F080
:103E900036F800280CBF6FF01200002008BD30B5C6
:103EA00089B044688DF807100DF1070120681D46A0
:103EB00002910121A388CDE9052503910722002164
:103EC0008DF81C208DF810109DF81C20816842F0A0
:103ED00002028DF81C208C68022202A9A04709B0BA
:103EE00030BD1FB58DF80120022243688DF8001007
:103EF00018689B88CDF804D002928DF80C209DF8AC
:103F00000C20816842F002028DF80C208C6801229E
:103F100001A9A04704B010BDF4F77EB810B4406802
:103F200084696468A44610BC60471FB540290469D1
:103F300020D10C2301AA1946FFF7F0FF98B9BDF86C
:103F400004302380BDF806306380BDF80830A380BC
:103F5000BDF80A30E380BDF80C302381BDF80E3087
:103F6000638104B010BD002323806380A380E380BD
:103F70002381F5E76FF08500F3E710B440688469AA
:103F8000A468A44610BC604710B5FFF7F6FF0446CE
:103F900010B90298FFF7C0FF204610BD03297FB576
:103FA00004461D463BD8062A08D0072A09D0C2B9C4
:103FB000194604B0BDE87040CEF78ABC1A4600210D
:103FC000F7E7012341210DF10F020669FFF7A6FF74
:103FD000F8B92B68082B1ED006DC022B07D0042B67
:103FE0001BD06FF0850014E0102BFAD1032033733F
:103FF0009DF80F30412123F0030318434FF47A73E7
:10400000009301238DF80F000DF10F022046FFF7FA
:10401000BBFF04B070BD0220E9E70120E7E70439E7
:104020000329DED8062A09D0072A0AD0002AD8D1C7
:10403000194604B0BDE87040CEF716BE1A460021FE
:10404000F7E7012343210DF10F020669FFF766FF31
:104050000028DED12B68B3F5FA7F1CD005DC7D2B60
:104060001BD0FA2BBDD1032005E0B3F57A7F16D023
:10407000B3F5FA6FB5D133829DF80F30432123F0A9
:10408000070318434FF47A738DF80F0000930DF176
:104090000F020123BAE70220EDE70420EBE701203D
:1040A000E9E730B58DB00DF103040294012402ADAF
:1040B000CDE90454039461F07F0108AC06948DF8B7
:1040C00003100224014601ADCDE90854CDE90A23CD
:1040D00051F8040B0794836804AA1D6806ABA8472F
:1040E000002803DB2046F3F797FF00200DB030BD1A
:1040F00007B5012300210DF10702FFF7D2FF03B03E
:104100005DF804FB10B50446006801F0F8FE38B114
:10411000E06808B9002010BD01F0F1FE0028F9D1D7
:104120006FF01200F7E711F5805FF0B52AD0B0F814
:104130000F40002A08BF2246FBB190F9005090F9C9
:104140000760A303B3FBF2F3A3F580431FB213FB95
:1041500003F3DA11037D90F91340DB017B4304FB89
:1041600002335B1203F58013A03673431B135943CC
:10417000E80000EB613000B2F0BD90F9015090F919
:104180000860DEE74FF00040F6E713460A460121DB
:10419000FCF7B8B883689B68184710B484686468F3
:1041A000A44610BC6047F7B5054614461F46406854
:1041B00001230DF107020E46FFF7EFFF00280BDB8E
:1041C0009DF8073023EA04023C402243934205D085
:1041D00031466868FFF7DEFF03B0F0BD0020FBE763
:1041E0000B4601224B21FFF7DEBF30B589B08DF8B9
:1041F00007100DF107011D46029101210446CDE98A
:1042000005250391072200210068A3888DF810106E
:104210008DF81C209DF81C20816842F002028DF868
:104220001C208C68022202A9A04709B030BD08B545
:10423000006801F064FE00280CBF6FF0120000203F
:1042400008BD1FB503468DF80120022200689B8837
:104250008DF80010CDF804D002928DF80C209DF856
:104260000C20816842F002028DF80C208C6801223B
:1042700001A9A04704B010BD4379014623B151F80C
:10428000060B83681B6818476FF08500704710B5F0
:10429000044630B100F0A3F80023C4E90003184637
:1042A00010BD6FF01500FBE7836801465B68186876
:1042B00083685B681847FCF71CB8002201210C20BA
:1042C000D7F7B2BD002201210A20D7F7ADBD10B546
:1042D0000B6813B91846136005E003685C681CB1ED
:1042E00014600368186810BD083303600B68013B55
:1042F0000B60EDE713B501AA0446FFF758FA002852
:1043000005DB019B226819791868E8F711F902B0FA
:1043100010BD38B50569446895F86D302BB120465D
:10432000EFF708F9002385F86D300121E06BFFF706
:10433000E1FF002038BD10B503680446DBB1986882
:10434000C8B149B1197B0122EAF7DEFA236818697E
:10435000BDE8104001F0CFBD12B99A88D2040AD44A
:10436000186901F0C8FD23680022BDE81040197BE0
:104370009868EAF7C9BA10BD10B5012200210446B9
:10438000FFF7D9FFA36933B9636004F11000BDE8FA
:104390001040F1F713BD10BD10B5006903688B42E2
:1043A00006D190F86C4034B9FFF7E6FF204610BD07
:1043B0006FF01500FBE76FF00F00F8E738B50569FF
:1043C0000446296405F12800F1F7F8FC002285F87D
:1043D0006C2020691146BDE83840FFF7ACBF08B536
:1043E000EAF70CFF08BD0A460121FBF782BF40EA4D
:1043F00001030F2B01D8EBF77DBA6FF01500704762
:104400000121EBF7A3BC0021EBF7A0BC08B5EBF74B
:10441000BBFC002008BD08B5F5F7BAFC48B1002385
:1044200083F31188BFF36F8F0423184602DF6FF008
:10443000040008BDF7F7C8B908B5D6F7EFF9D6F705
:10444000D5FABDE80840F7F7BFB9FBF752BF10B582
:1044500000F16404D4E8AF3F23B94FF4A470002105
:10446000F3F796FDD4E8AF0F10BD10B586B00092FB
:1044700001220393089B01920493002207238DF8E5
:1044800008208DF814309DF81430826843F0020340
:104490008DF8143094680B4602226946A04706B096
:1044A00010BD2DE9F0414FF0010888B016461C46BA
:1044B0008DF81420CDF800800DF10F0305AA0546F4
:1044C0000F46FFF7D2FF00BB9DF80F209DF8381074
:1044D00022EA04030C401C43A24216D004AB05930D
:1044E00002238DF810608DF8114006938DF81C3072
:1044F0009DF81C30AA6843F002038DF81C309468C4
:104500003B464246284605A9A04708B0BDE8F081D1
:10451000102313B540684222017900930068FFF729
:10452000C0FF041E01DAEBF737FC204602B010BDD5
:104530001FB51346012200928DF80F100DF10F02E6
:1045400081880068FFF791FF05B05DF804FB836A7E
:104550001BB100F12C0100691847704710B50C46DB
:104560000B6D4FF4001158680830EBF70FFE04F1A3
:104570004000BDE81040F2F7CBB810B500F164047C
:10458000D4E8AF3F23B94FF4A4700021F3F700FD46
:10459000D4E8AF0F10BD2DE9F04F994600234FF03E
:1045A000010889B08DF810300DF10303CDE905380D
:1045B000072301AD0F461446066890F804A08DF855
:1045C00004100295CDF80C808DF81C309DF81C303D
:1045D000B26843F002038DF81C30D2F808B053469D
:1045E0000222304602A9D847F0B99DF8032022EAFA
:1045F000040304EA09041C43A24215D002238DF8E7
:1046000004708DF80540029503938DF810309DF8E5
:104610001030B26843F002038DF8103094685346AE
:104620004246304602A9A04709B0BDE8F08F1FB549
:1046300003468DF80120022200689B888DF8001047
:10464000CDF804D002928DF80C209DF80C208168E2
:1046500042F002028DF80C208C68012201A9A047CB
:1046600004B010BD8068183820F00700103870477B
:10467000042809D0052803D1481E18BF012070471F
:10468000431A5842584170470120704738B51546C3
:104690000C4661B15AB1FBF74EFF2146254411F893
:1046A000013B834203D1A942F9D1012038BD00204A
:1046B000FCE738B50C460123114622460546FBF7B8
:1046C000E2FE00280FDB012221462846FFF7DEFF2D
:1046D00038B92378012B14BF022301230020237053
:1046E00038BD0323FAE70120FAE72DE9F7431D4619
:1046F00006460F469046FBF715FF6C1E04444042E9
:104700000440082C01D9D7F7BFFE3046FBF713FF52
:1047100081462A464146684602F099FD4946621B99
:104720000DEB050002F0BAFD23466A4639463046D5
:10473000FBF7BEFE003818BF012003B0BDE8F083D0
:1047400007B501238DF8042001AAFFF7CEFF03B0BF
:104750005DF804FB81680122183921F00701FFF799
:10476000EFBF8268183A22F00702FFF7A2BF13B525
:104770000C46C0B201A9D4F767FA50B92146019896
:10478000EBF74AFF04460198FBF77CFE204602B097
:1047900010BD0124FAE70E2A13B5044601D9D7F754
:1047A00073FE0E29FBD841EA02118DF80710FFF7BE
:1047B00059FF012301460DF107022046FFF795FF3F
:1047C00002B010BDF7B50D1E69460CBF17462F4647
:1047D0000446EBF721FF78B99DF80060022E2FD038
:1047E000032E0BD0012E33D135B19DF80330032BAE
:1047F00002D12046FFF7AEFF03B0F0BD002DFBD184
:104800002046EBF7E7FE05460028F5D1A7B1204684
:10481000FFF7A0FF0028EFD12378042B06D0022B4E
:1048200004D0012B0AD0083B5D425D413146204651
:10483000EAB2FFF7B0FFDFE70226EDE71D46F5E736
:1048400045B90146A2682046FBF747FE0320D3E79F
:10485000D7F71AFE0420CFE7004701F04CBB43090D
:104860000AD0012B0BD14FF6FF7300F01F0023FA83
:1048700000F000F0010070474FF0FF33F5E7002033
:1048800070472DE9F3411746DDE90858019001A86A
:104890000C461E46ECF7F8FA019B391E18BF0121A1
:1048A00000EB8300231E18BF0123002E43EA4103BF
:1048B00014BF0C210021002D43EA010314BF4FF463
:1048C00070610021B8F1000F43EA010314BF4FF4F7
:1048D00040310021D0F800220B4322EA030304B147
:1048E00024780FB13F787F001C430EB13678B600B4
:1048F0003C438DB1297809023443B8F1000F03D04D
:1049000098F800804FEA0848214341EA0801C0F8BE
:10491000001202B0BDE8F0812946EDE71FB50DF1A8
:104920000F03019300238DF80F101A4619460093C8
:10493000FFF7A7FF05B05DF804FB08B50146ECF7EB
:104940001DFB10B10846ECF733FB00F0010008BD79
:1049500038B5054608460C46ECF72AFBB0B10846C8
:10496000ECF70CFB90B90846ECF7FCFA01232A6837
:104970008340C2F808332A6803B202EB8303D3F8FA
:10498000102522F00302C3F8102538BD2046BDE8EB
:1049900038400021FFF7C2BFECF7ECBBFFF7D8BFF0
:1049A0000846ECF76FBB4FF4801070474FF480500F
:1049B00070474FF48070704708B5EDF7E5F8BDE833
:1049C0000840ECF7FBB94FF05023D3F8B825920715
:1049D00007D1D3F8580500F00300013818BF0120B3
:1049E0007047012070470223EDF788B90323EDF7E4
:1049F00085B910B50124A1F580739B0804FA03F36F
:104A000018400CD001F1A04101F56041086830B1B7
:104A1000002008602046096811681943116010BD24
:104A200008B500210120EDF71FFE0028F9D008BDD0
:104A300070B50126A2F58074A40806FA04F40546B0
:104A400014EA010008D0A85830B100213046A9501E
:104A5000AA581A6822431A6070BD00232DE9F34159
:104A600004460D460193904601AB4FF4A672FFF742
:104A7000DFFF4FF4827229462046FFF7D9FF4FF43B
:104A80008C72074629462046FFF7D2FF064630B112
:104A9000B8F1000F1DD017B13E46D4F83C354FF4A5
:104AA00088722946204601ABFFF7C2FF30B1B8F14A
:104AB000000F03D016B90FB1D4F83C354FF4907203
:104AC0002946204601ABFFF7B3FF019802B0BDE8CD
:104AD000F0814646E3E770B54B7F04460D467BB157
:104AE000012364264361002202212046FFF7B5FF1F
:104AF00020B90120FFF7B1FE013EF4D100236B770E
:104B00000023C4F8003570BD07B5019001A8EEF789
:104B10007FFA0123019A9340836003B05DF804FBA0
:104B200007B5019001A8EEF773FA0123019A9340AB
:104B3000C36003B05DF804FB91F820200346032A0C
:104B400029D8DFE802F0212519028A68500304D52C
:104B5000D3F84C250869904207D18A6852031AD4C9
:104B6000D3F84C258969914215D000200622C3F85C
:104B70000005C3F800257047D3F84C25086990421A
:104B8000F3D1D3F83C25EDE7D3F84C250969EAE7E2
:104B9000D3F83C25FAE70120704730B50124A2F58F
:104BA0008075AD08AC400C4207D0815829B1002176
:104BB000815082581A6822431A6030BD002313B511
:104BC0000C4601934FF4A47201ABFFF7E6FF2146B8
:104BD0004FF48272FFF7E1FF21464FF49272FFF724
:104BE000DCFF21464FF4A872FFF7D7FF21464FF4B0
:104BF000A672FFF7D2FF21464FF4B072FFF7CDFF48
:104C00004FF4AE722146FFF7C8FF019802B010BD05
:104C100007B5019001A8EFF7D1FA0123019A93405B
:104C2000836003B05DF804FB2DE9F04389B0109E6A
:104C30000446894690460021202268461F46129D60
:104C400002F02CFB1F2E97BF01234FF0FF33B34020
:104C500003F1FF332361119BC4E90098C4E9027694
:104C60006361183445B10FCD0FC495E80F0084E897
:104C70000F0009B0BDE8F0836D46F4E773B5046832
:104C8000661C31D08568A9422ED264182CD05E18DB
:104C9000AE4288BF6B1A056A35B100930523A84759
:104CA0000346184602B070BDBFF35B8F1946A41AC5
:104CB000101919B140EA0205AD070AD103290DDC2C
:104CC000013811448A42ECD010F8014F02F8014B30
:104CD000F8E70078013902F8010BE9E750F8044BD6
:104CE000043942F8044BE9E76FF02103D9E773B5C3
:104CF0000468651C32D08568A9422FD264182DD073
:104D00005E18AE4288BF6B1A456ACDB10093052389
:104D1000A84702B070BD12F8015B01390570154655
:104D2000A01819B140EA0206B607F4D103290ADC3B
:104D3000013D014488420CD1BFF35B8F1846E8E780
:104D40001946A41AEBE755F8042B043940F8042B54
:104D5000ECE715F8012F00F8012BEBE76FF02100CD
:104D6000D7E773B51C46036815465A1C29D08268DC
:104D7000914226D25B1824D066189642866A88BF74
:104D8000541A36B105232A460094B047204602B093
:104D900070BD184622464AB9294602F07FFABFF391
:104DA0005B8FF3E700F8015B013AF4E78307F9D181
:104DB0004FF001336B43032AEEDD40F8043B043A25
:104DC000F9E76FF02100E2E70020704710B4046BB0
:104DD00002460B4684B9C1681F2998BF23FA01F423
:104DE000416861B18068834209D21069184051F866
:104DF0002430184410BC7047234610BC18474FF0AD
:104E0000FF30F7E730B5059CC4E90002039A218121
:104E10001989E260049A618121856261D3E90025E4
:104E200002EB0113C4E906128A1C236203EB42035E
:104E30006A1C13446D422B406362836953B9013984
:104E4000E2698B4202EB031206DB002393736FF0DF
:104E50007F03D373002030BD0133D381F0E72DE908
:104E6000F04FB0F830A004465546002685B002EB5E
:104E7000030891460E9A00EBCA031FFA88FB9A6357
:104E8000A3F83CB008F1FF32C3690F1D0192B04591
:104E90001ADC238D2586A3EB0B032385236A618906
:104EA0005A8801390A4003EB4203A3F804A0BFF378
:104EB0005B8F0020226A538801335380638D013356
:104EC000638505B0BDE8F08FE06A2A0157F8041C3D
:104ED00003EB0515029303680392C91A8368083728
:104EE000994228BF4FF0FF31FFF770FFDDE9023232
:104EF000985000226A6057F8082CAA60019A9642DE
:104F0000ACBF00220122B145D8BF42F00202AA8103
:104F10000136ED89BBE7F0B550B3456A448E6B8826
:104F2000A34230D0631C43864389BFF35B8F013BB0
:104F30001C4005EBC4056B689EB209B1AD680D60FD
:104F4000D0F81CC09BB20CEB031100EBC3039D8F88
:104F5000078D2F44013D07859D878D896F070ED5ED
:104F6000058ECD8100210686986B996302B114806D
:104F7000F0BD9D8FC989013D0CEB01119D878D8985
:104F8000ED07F6D4ECE70020F2E7C36903EB011369
:104F90009868704770B5C369C56A09015E586B6B44
:104FA000E3B92C69621C09BF6B6834401C68341B70
:104FB00021462846FFF70AFF864207D02B690133B6
:104FC0001C44AB689C42F3D34FF0FF342868431C69
:104FD00009D0AB68A34206D9204470BD31462846AB
:104FE00098470446F2E70020F7E770B5BFF35B8F00
:104FF0000D46016A1646838E4A8804469A4212D0AC
:105000005A1C82864289013A134001EB4301898888
:10501000298089B2FFF7BEFF2A88E36903EB0213F8
:105020009B68336070BD0020FCE710B5026893698F
:105030001269920017D543B9438E026A8169448987
:10504000013B1B1B02EB4102938003689B69012B10
:1050500008D1838E426A81694089013B1B1A02EBA9
:10506000C102938010BD23B9026A138843F0010383
:10507000138003689B69012B01BF426A138843F0C8
:1050800001031380EEE710B5BFF35B8F036804469E
:105090001A699B6912F0005F1AD07BB9036A426AF1
:1050A0005B888169013B02EBC10292889B1A628D89
:1050B0009BB29A4214D80023638510BD012BFAD10C
:1050C000436A026A5B888169013B02EB4102ECE7BB
:1050D00063B9436A1B88DB4303F00103002BEAD06A
:1050E0006369002BE7D020469847E4E7012BE2D123
:1050F000036AEFE7036A828E598891420AD0418998
:1051000001390A4003EB42039A88C36903EB021397
:105110009868704700207047BFF35B8FC36803B186
:10512000184770474FF0FF324FF0FF33F0F7CABE19
:1051300010B1C36A0133C362704738B1C26A013A21
:10514000C2621AB9026B02B110470262704770B5B1
:105150000446056A05F164063046FFF7E3FF636A1B
:10516000A3F580637F2B0BD801225909503503F03A
:105170001F039A4055F8213023EA020345F82130F5
:10518000D4E90F124A60E16B04F13C031160204640
:10519000C4E90F33FFF7D1FF3046BDE87040F0F7A8
:1051A0000DBE10B5436A8CB00A9320230446024614
:1051B0000B9102A8194600F057FA28230122CDE9E5
:1051C000003220463522616A02ABEFF713FA00EA9B
:1051D000E0700CB010BD30B1006A20B119B1D0F848
:1051E000883003B11847704730B1006A20B119B157
:1051F000D0F88C3003B11847704730B1006A20B145
:1052000019B1D0F8903003B11847002070472DE94C
:10521000F84306468846174699460468A64201D1D7
:10522000002520E07A1CA4F13C0502D06B6ABB4249
:1052300019D0B8F1000F22D020224146284602F0B2
:1052400045F8E0B9B9F1FF3F02D0AB6A4B450AD04F
:105250007B1C0BD02468B442E2D054F8183CA4F173
:105260003C059F42E8D12846BDE8F883AB6A01338C
:10527000F9D02468B442D3D0A4F13C05D9E724681E
:10528000CCE770B505460C461E46CAB12023204621
:10529000194600F0E9F90123E362049B6662A36208
:1052A000059B25626363069BA363079B63646A682F
:1052B00004F13C03C4E90F526B60226C136070BDB3
:1052C0000A70E8E710B5044690B1036A83B102782A
:1052D0004AB193F8A43033B1436AB3F5806F02D377
:1052E0000121FFF75EFF2046BDE81040FFF72FBF0A
:1052F00010BD20B1036A13B15B6803B11847704752
:1053000008B530B1036A3BB1DB682BB19847002088
:1053100008BD6FF01500FBE76FF00500F8E7704778
:10532000F0F74CBD4FF0FF324FF0FF33F0F7CABD3E
:10533000F8B50C4600F164070546A4F1100638469E
:10534000FFF7F0FF3046EFF70BFA80B154F8083C56
:1053500024F8083CD5F8CC3044F80C3C05F1C803DF
:1053600044F8103CC5F8CC6054F80C3C1E6038463C
:10537000FFF7D6FF0020F8BD38B50D4600F16404F4
:105380002046FFF7CFFF55F8083C204603F5803351
:1053900045F8083CBDE83840FFF7C2BF2DE9F041B1
:1053A00088B00E9C282A8846D4F8C0006ED10168C7
:1053B0008568A8EB0101A94228BF4FF0FF312023E7
:1053C0006A46FFF75BFC04F16406D8F820703046AB
:1053D000FFF7A8FF3B464FF0FF3269462046FFF734
:1053E00016FFD8F824300546E0B1D0F8308003F03D
:1053F0000103B8F1000F02D0DBB9AF6230E0002B3F
:10540000FBD04FF0FF3383623046FFF789FFAB6B71
:1054100083BBD4F88030002B38D03A46694620460A
:10542000984733E0DB071FD43046FFF779FFE36F7F
:10543000F1E74FF0FF338362FFF77AFE3046FFF764
:105440006FFFAB6BA3B9D4F880301BB13A46694605
:10545000204698473046FFF765FF2846FFF76DFE68
:105460003046FFF75DFF11E03046FFF759FFD0E708
:105470004FF0010828469847D4F880301BB13A46CF
:10548000694620469847B8F1000FE3D1002008B0E4
:10549000BDE8F08170B500F16406A1F11005044685
:1054A0003046FFF73FFF2846EFF75AF938B120465C
:1054B0002946EFF731FAD4F8B800FFF7E4FD30469B
:1054C000BDE87040FFF72CBF10B548B149B1436843
:1054D0008B4206D382680468D21A5B1A4360A01814
:1054E00010BD0020FCE72DE9F3470546D0F8B400D5
:1054F0000E46904618B9002002B0BDE8F087036A56
:10550000002BF8D09B68002BF5D098474307F2D5C5
:1055100043F69823B8F1000F18BF984605F16407C9
:1055200005F1C8093846FFF7FDFED5F8C8404C45DF
:105530002BD054B3D4E90023536022681A60C4E925
:105540000044D5F8B43021899B69ADF806107BB1D1
:10555000012B14D03846FFF7E3FEBDF8063004F106
:10556000100003F58033A3603368103B3360C3E75A
:10557000D5F8A8303360D5F8B4309B69E8E7D5F8A2
:10558000BC00FFF702FD3060E4E7D5F8B430D3F893
:1055900018A0BAF1000F36D13146D5F8BC000DF194
:1055A0000602FFF7B8FC04460028D3D1D5F8BC307A
:1055B0001B8DB3B93846FFF7B3FEB8F1000F9AD090
:1055C000D5E92D32182112891B6B01FB0233D5F866
:1055D000D02022BB21200021F2F7DAFC08F1FF38AD
:1055E000A0E7D5F8A810D5F8C400FFF76DFF044672
:1055F000D5F8A830ADF806A033603846FFF790FE26
:10560000002CDAD0A9E7BAF1010FD3D13246D5F890
:10561000BC000DF10601FFF7E8FC0446EDE719694F
:10562000284690476FF4FB639842D3D000283FF49C
:1056300079AF60E720B119B112B1C0E90122016070
:10564000704710B5044618B910BD3C38FFF73AFE54
:1056500020688442F9D10023C4E92E33D4F8B40081
:10566000BDE81040FFF745BE70B505461C4699B130
:105670008B4228BF0C46661C013E05D012F8013B48
:1056800000F8013B002BF7D1A14207D9091B8A1969
:10569000002101F003FEA11B084670BD00230D444C
:1056A00005F8013CF7E708B5EFF716FC002008BD48
:1056B000EFF31180202383F31288BFF36F8F7047BD
:1056C00080F31188BFF36F8F704730B5026A0346CD
:1056D000D2E9014084424FF0000002D30123D3609D
:1056E00030BD18745068242501305060186A426833
:1056F000541E0268184605FB04225C1950F8045B2E
:10570000A04242F8045BF9D101209960E8E7F0B5C6
:10571000064604468BB001AD0F4694460FCE0FC52A
:105720000FCE0FC5216A33684A682B602068A568D0
:1057300022B90223CB6000200BB0F0BDFB0713D5CC
:1057400024260B68013A06FB02337E0703D41A7C39
:105750000AB10F23EEE7224603F1240153F8046B4C
:105760008B4242F8046BF9D1B90741BF226A5368F2
:1057700003F1FF335360AC4505D2236A002BDAD026
:105780000422DA60D7E77A0748BF20603B0701D4DC
:105790000120D1E7143406AB93E8070084E8070042
:1057A000F6E710B502601A44029B012983604FF0AE
:1057B0000003C26003740375836101D8036210BDE6
:1057C00024224A43243A841804628350026A8C1EBD
:1057D0009460026A02295360026AD360026A1374F9
:1057E000026A53741EBF036A24301860E7E7182862
:1057F00071F100030ED3B0F5807F71F100030BD37C
:10580000B0F5803F71F1000308D3002914BF0920CF
:105810000520704701207047022070470320704721
:1058200037B50024002508290A46CDE900450AD8E5
:105830000146684601F00BFDDDE9000103B0BDE85B
:105840003040FFF7D4BF002003B030BD0346002036
:10585000884200D170471A5C002AFBD00130F7E77C
:1058600000B1C1607047436803608368013383609F
:10587000006AFFF7F5BF08B50268C3689A4205D30E
:10588000006A0821FFF7ECFF002008BD0120FCE7BB
:1058900038B504460D46FFF7EEFF40B123681B788C
:1058A000B5EB531F04D00A21206AFFF7D9FF00206F
:1058B00038BD10B50446FFF7DEFF38B123681A780B
:1058C000FF2A05D00A21206AFFF7CAFF002010BD79
:1058D00001332360FBE710B5027D044632B1FFF7C8
:1058E000E8FF48B100234FF0FF3223752046BDE8A2
:1058F00010400721FFF70BBF10BD2DE9F84F1D46E3
:10590000531E072B04460E46174602D90E21206A65
:105910001EE020B94FF000094846BDE8F88F002985
:10592000F4D0FFF7A8FF81460028F3D0A3680BB995
:105930000321ECE7226892F8008008F01F0BBBF10E
:105940001F0F14D10DB3206A28B1037C1BB11521A0
:10595000FFF786FFDEE701232B7000252368013562
:1059600063602B442360A368013BA360D4E7BBF1D1
:10597000170F0CD9ABF11803D9B2032905D80125AB
:105980009D40AF4204D20521C1E70721BFE70025B2
:10599000E36805F1010A5244934201D20821B6E7B7
:1059A0003A460021304601F079FC15B986F800B07E
:1059B000D3E72268711E531913F801099A4201F8BE
:1059C000010FF9D1236A002BC8D01B7C002BC5D056
:1059D00008F107085FFA88F8B8F1020FBED9394616
:1059E0003046FFF71DFF8245B8D015218FE738B547
:1059F0000C4611460546FFF74BFF08B9002038BD9D
:105A0000042200232846A118FFF777FF0028F5D0CD
:105A10002B682360F3E7002337B504468DF8033085
:105A2000FFF736FFA8B1042220460DF103030DEB6A
:105A30000201FFF762FF60B19DF8035065B901995B
:105A40002046FFF742FE50B963682360A368013324
:105A5000A360002003B030BD6FF00F01F0E72575A3
:105A6000F8E738B504460D46FFF7C1FF48B1226894
:105A7000E3689B1A6A689A4204D908212046FFF716
:105A8000F2FE002038BD38B504460D46FFF7E9FFA9
:105A900018B123686A681344236038BD70B50D4699
:105AA000002104461646FFF7F3FE38B13246294678
:105AB0002046BDE870400023FFF71FBF70BD0422E1
:105AC000FFF7ECBFFFF7FBBF0222FFF7DCBF0322AB
:105AD000FFF7D9BF10B505210446FFF79CFF50B171
:105AE000237D4BB96FF00042A368934205D3052193
:105AF0002046FFF7B8FE002010BD5B00A360FBE767
:105B0000037D23B98068B0FA80F0400970470368CC
:105B1000C268934205D21878A0F1FF035842584159
:105B2000704700207047FFF7D6BE70B50D460721BD
:105B30000446FFF7ADFE48B123681E7806F01F0645
:105B4000182E05D90A21206AFFF78AFE002070BDB1
:105B50000023012229462046FFF7CFFE0028F5D07A
:105B6000182EF4D12B781F2BF1D815212046FFF7E2
:105B70007AFEEBE737B50C460DF107010546FFF756
:105B8000D4FF58B19DF80730143BDBB2012B8DF8E0
:105B9000073006D90A212846FFF765FE002003B02A
:105BA00030BD03F001032370F9E738B50D46062137
:105BB0000446FFF76DFE08B9002038BD002304221B
:105BC00029462046FFF799FE0028F5D0A368013347
:105BD000A360F2E7F0B504460E468FB021B10E2166
:105BE000206AFFF73DFE02E0FFF745FE18B90026E8
:105BF00030460FB0F0BD236800221D780023CDE9A8
:105C0000022322466D0905AB04F1200C1F461068E3
:105C10005168083203C762453B46F7D110683860C7
:105C2000062D1CD0002308228DF804302B1F012BD9
:105C300098BF01AE33460DEB020105A8FFF75DFEEC
:105C400006460028D3D0042D36D017D8023D012DAA
:105C50001FD9059B2360A368013BA360C8E701A986
:105C600005A8FFF7A2FF0028C1D0059B089A934220
:105C700001D30821B4E71D786D09D1E7052DE8D1DE
:105C8000DDE90232B3F1004F72F1000110D3294671
:105C9000A6E7E3682168029A5B1A9A4203D8059B3B
:105CA00013440593D5E708212046FFF7DCFD9EE766
:105CB000DB185241CDE902329DF8045025B16FF056
:105CC0000F020023CDE90223029B8DF82850079391
:105CD00005A8FFF715FF014638B1002DB9D005A87A
:105CE000FFF7E7FD0028B4D181E705A8FFF772FFB1
:105CF0000028EDD17BE7FFF754BD00B1C1607047CC
:105D000010B50368C468A34205D30821006AFFF7F1
:105D1000F4FF002010BD1F2A01D90E21F6E742EA48
:105D200041121A700368013303600120F2E770B575
:105D300005460E46104619461446FFF771FD2246E9
:105D40003146431E2846BDE87040EFF7DBB8F8B592
:105D50001746C368026804469A420D4606D30821D6
:105D6000206AFFF7CAFF00263046F8BD9B1A4A6832
:105D70009A42F4D80E4656F8043B53B104213046FB
:105D8000FFF74EFD6A6823681344E26803449A42B1
:105D9000E5D33246042339462046FFF7C8FF0646BE
:105DA0000028E0D020682968884202D06A6801F0A3
:105DB0005BFA23686A6813442360D5E7082A73B541
:105DC00013460C4606D90521006AFFF796FF00200E
:105DD00002B070BD8E1816F9012C002A0EDA0A46A0
:105DE00069460C46B24203D101214BB90E21EBE7C3
:105DF00012F8015BED4301F8015BF3E70021F4E7E2
:105E00002246FFF794FFE3E7134610B52AB1BDE839
:105E100010400A460021FFF78ABF0E21006AFFF7F3
:105E20006CFF104610BD07B5042201910DEB020175
:105E3000FFF7C4FF03B05DF804FB07B5042201912E
:105E40000DEB0201FFF7E0FF03B05DF804FBFFF785
:105E5000F4BF0222FFF77BBF0322FFF778BF07B52D
:105E6000CDE900126946FFF7F7FF03B05DF804FBC8
:105E700038B50C46054611462046FFF7E7FC21469B
:105E800002462846BDE83840FFF7E9BF1F2204213B
:105E9000FFF736BF1F220521FFF732BF1F22072160
:105EA000FFF72EBFFFF7FABF10B50A460978183979
:105EB000072905D9BDE8104001230721FFF737BFA7
:105EC0001521006AFFF719FF002010BD07B5143136
:105ED0008DF807100DF10701FFF7E6FF03B05DF83D
:105EE00004FB1FB50024CDE90144069C0094FFF794
:105EF00058FC04B010BD08B1D6F732BF704740B1AE
:105F0000C368587810F001001EBF1878B0FA80F00E
:105F100040097047EFF31183202383F31288BFF306
:105F20006F8FFEE710B54369044633B90020E2687D
:105F3000537843F00103537010BD98470028F5D003
:105F40000028B8BF4042FF28A8BFFF20E3681870B0
:105F5000EDE701F0A3B901F07AB910B400F10C0437
:105F6000C0E903440024446110BCCEF767BE8169D8
:105F7000C36843EA010212F003020FD102614269D1
:105F8000013A01FB0233C2689A4201D900207047EE
:105F900002691A60826903619B1AF4E76FF01500C9
:105FA000704710B5C0E905320023C160C36183604A
:105FB0000446FFF7DCFF0028A8BFC4E9004410BD79
:105FC00090F90E308B4201D0F1F786BC002070476B
:105FD00003460020C3E90033C3E90200704710B54F
:105FE000044630B10268930703D0446809B100F059
:105FF000CBF9204610BD0023C0E90033836000F1D7
:106000000C03C0E9033300F11403C0E90533704702
:10601000012307B5009300230A461946EFF778FDE0
:1060200003B05DF804FB002307B50A460093194648
:10603000EFF76EFD03B05DF804FB00210068FFF789
:10604000CEBF5AB18A4209D300F11003C0E902124F
:10605000C0E90000C0E90433002070476FF015006C
:106060007047012302688B4022EA0303036022FA8F
:1060700001F000F001007047704710B5032104469D
:106080000C30FFF7EEFF30B104F11000F2F706FC20
:10609000B0FA80F0400910BD20B100228C301146CA
:1060A000F2F75AB9704770B5C3680446C3F34006A7
:1060B0009B0716D4856802210C30FFF7D2FF80B110
:1060C000D5F884206AB194421DD122689EB9D5F8D2
:1060D0008830C5F884209C4201D1C5F8882000236F
:1060E0002360E36813F01F001EBF43F00203E36068
:1060F00040F0020070BD3260D5F88820944208BF9D
:10610000C5F88860EBE716461268DBE710B5F0F7D4
:1061100095FA041E08DDEFF31180202383F3128823
:10612000BFF36F8FF1F7FCFC204610BDEFF3058045
:10613000003818BF012070476FF0570070470020EB
:106140007047D0E9003213605A600023C0E9003381
:10615000704738B504460D46F1F7AAF8637B43F063
:10616000020363730DB3A5602B689D420DD16B686C
:10617000C4E900531C606C6017E021691A69914200
:106180000BD16A689A42F2D01B68002BEFD094F9C9
:106190000E1093F90E209142EFD0521A002AF0DD32
:1061A0005A68C4E9003214605C6038BD01211838B7
:1061B000F1F76ABA10B50446F1F71EFA04F11800B7
:1061C000BDE81040F2F76ABB38B505460468002008
:1061D000AC4200D138BD002CFCD02046FFF7EAFFCE
:1061E0002046F1F7C3F92C680120A542F1E708B574
:1061F0000246F2F741FA70B1D0E904319B1A61EB23
:10620000E272B3F1004F72F1000104DA002AACBF70
:106210001846002008BD6FF00040FBE708B5F2F714
:106220003FFC08BDF2F73CBCB3F1FF3F08BFB2F141
:10623000FF3F70B504461D46164613D01A4315D0CD
:106240006FF001024FF0FF33921B63EB0501002951
:1062500004DAF2F725FC821941EB0501C4E90021BB
:10626000204670BD4FF0FF321146F7E70022FBE7F2
:10627000B3F1FF3F08BFB2F1FF3FF8B5074616463E
:106280001C4610D054EA020311D0F2F709FCB042C8
:106290000A46A14103460AD2F31A64EB0204C7E995
:1062A00000343846F8BD4FF0FF331C46F7E70023B3
:1062B000FBE70023C0E9081200F11802C0E906223A
:1062C000C0E9003303634363704710B50446F2F737
:1062D000E5FAA8B9636A0BB12046984704F11800A3
:1062E000F1F7ACFA60B1F1F741F9EFF31180202337
:1062F00083F31288BFF36F8FBDE81040F1F710BC35
:1063000010BD2DE9F041846805460E46D4B163788E
:10631000012B22D114F8533C9A0711D5A4F1600740
:106320003846FFF747FF082E0CBF6FF0030300232A
:10633000E36114F8533CDB0602D13846F1F716F955
:10634000002323700020EB68A860C3F38632164355
:1063500066F39433EB60BDE8F081022BF0D1237833
:10636000002BEDD054F8048CB8F1000FE8D004F104
:106370001400F2F793FA0023A4F1140739464046BB
:10638000E362F0F75BF9DBE720B1011F50F8040C82
:10639000EFF718B8704700207047704710B50446F3
:1063A00008B1F3F711F82046BDE81040F2F7FCBF42
:1063B0000346C068E0B15888D0B11B8803F44F424F
:1063C000B2F5824F09D1DBB2272B2AD008D8172B80
:1063D0000FD0222B34D0122B16D06FF085007047CF
:1063E000302B2FD0413B012BF7D8FF2839D100208B
:1063F0007047C028FBD0E128F9D0B0F5807F0CBFF2
:1064000000206FF08600704720F02003C02BEED0F4
:1064100020F08003B3F5807FE9D040F20923984251
:10642000EDE7E928E3D0EF28E1D040F21B139842D2
:10643000DDD040F299139842D9D040F23B23EEE7E9
:10644000E928F1E720F02003C02BD0D020F0400352
:10645000B3F5807FCBD0B0F5C07FC8D0B0F5007F5A
:10646000CDE7B0F5E07FCAE73AB1002918BF0023B5
:106470002121D21A184400F011BF70472DE9F04FC6
:106480009B46002389B08DF81B30159B9146DDE9B2
:1064900012A7002B0D460B460CBF4FF400624FF4C1
:1064A000806207A9DDF85080F3F7F6F80446D0B90A
:1064B000079E284631880DF11B02F3F789F904463F
:1064C00088B99DF81B30BB421FD8CDE90338CDE910
:1064D00001BACDF800902B46D6E909123046F3F701
:1064E000FDFD044608B1C8F800703A462146504602
:1064F000D8F80030FFF7B8FF0798F3F7BFFD002C7E
:1065000018BF204609B0BDE8F08F6FF08904EAE7B4
:1065100041F2062398421AD8B0F5905F09D241F2B1
:10652000010398420CD0B0F5885F09D06FF0850068
:1065300070476923A0F5905080B2C340DB07F5D5C2
:1065400011F0070F0CBF00206FF086007047B0F508
:10655000105FEBD121F04003802B06D0B1F5807F96
:106560000CBF00206FF0860070470020704770B5A8
:10657000446A05460E463CB90120F2F70FFF6862F7
:1065800028B12046AE6270BD6FF08A00FBE76FF065
:106590008C00F8E7F8B51E460F4615460388C2B1D1
:1065A00003F4E043B3F5805F02D0B3F5005F10D190
:1065B000089BE90019600088FFF7AAFF044630B97C
:1065C0002A463946304600F042FE079B1D602046B1
:1065D000F8BD6FF08504FAE710B50446406A10B1C3
:1065E000A16AFFF7DBFE0020C4E9090010BD38B541
:1065F0000546FFF7F1FF2B7F0446012B0ED0023B2F
:10660000012B0ED82B6A012B18BF6FF096042C2299
:106610000021284600F042FE204638BD2B6A002BA0
:10662000F2E76FF09604F2E770B50488154604F4BB
:10663000E042B2F5805F049E19D0B2F5005F16D03B
:1066400044F2010224F44050904210D004F44F422E
:10665000B2F5824F0BD0B2F5884F08D0B2F58E4F0D
:1066600005D0803C24F0FF04B4F5485F0ED1B5425C
:106670000FD818462A4600F0EAFD0021721B284474
:1066800000F00CFE0020059B1D6070BD6FF08500C2
:10669000FBE76FF08900F8E77FB50E461D4614460C
:1066A000BAB1002301222B6003A9F2F7F5FF70B9FC
:1066B000CDE9004503983346D0E9091200F06BFAA2
:1066C00004460398F3F7DAFC002C18BF204604B008
:1066D00070BD6FF08900FAE770B50488154604F4C0
:1066E000E042B2F5804F049E22D144F2010224F42C
:1066F000405090420DD004F44F44B4F5824F08D07E
:10670000B4F5844F05D0B4F5884F02D0B4F58E4F60
:106710000ED1B5420FD818462A4600F098FD002148
:10672000721B284400F0BAFD0020059B1D6070BD5F
:106730006FF08500FBE76FF08900F8E7F0B50F46D2
:106740001E46154685B00AB3002303A91A463360D6
:10675000F2F7A2FF044638B9039803885B0406D415
:10676000F3F78CFC6FF08604204605B0F0BDCDE950
:1067700000563B46D0E9091200F018FA0446039887
:10678000F3F77CFC002C08BF0446EDE76FF08904AA
:10679000EAE710B50368044653B100F098FA002305
:1067A0002360A38823F4FF7323F00103A38010BDAB
:1067B0001846FCE72DE9FF41984600230C46016886
:1067C000054617460393A9BB4FF4AC72083000F09E
:1067D00065FDB8F1000F20463B4614BF4FF48062C0
:1067E0004FF4006203A9F2F757FF044620BB039E53
:1067F000384631882A1DF2F7EBFF0446E0B96B7981
:10680000314668F300036B7100972846D6E90923E7
:10681000B8F1000F0BD0F3F779FC044660B9039888
:10682000F3F72CFC0446204604B0BDE8F081F3F7F2
:106830008DFCF2E76FF088042846FFF7AAFF039863
:10684000F3F71CFCEFE70123FFF7B4BF38B504688A
:10685000054664B112B90024204638BD00F022FA82
:1068600004460028F7D02846FFF793FFF4E76FF0BF
:106870008804F1E72DE9F0411746026805460E4607
:10688000984682B14279D2070DD502795AB1BA42FF
:1068900016D800F010FA044638B9A6B92846BDE863
:1068A000F041FFF776BF6FF088040023C8F800704E
:1068B0002B7146B92846FFF76CFF2046BDE8F081F2
:1068C0006FF08904F1E721463A463046D8F80030A7
:1068D000FFF7CAFD2846FFF75CFF002C08BF0446FF
:1068E000EBE71FB501240394089C0294079C0194D4
:1068F000069C0094FFF7C2FD04B010BD2DE9F047DF
:1069000005469A46002388B0079325F0004323F4F8
:106910007F03B3F1106F0846DDE910961746DDF8E6
:1069200048801CD12B464FF4804207A9F2F7B4FEF1
:106930000446B0B9CDE90368CDE901A907980097ED
:106940002B46D0E9091200F0CAF9044648B9079865
:10695000F3F794FB0446204608B0BDE8F0876FF0DB
:10696000860431464846F3F715F90798C8F80060E1
:10697000F3F784FBEFE703461B88084603F4E04384
:10698000B3F5805F114602D0B3F5005F01D1F3F794
:1069900001B96FF0850070477FB5002203880A6057
:1069A000CDE90122428806460D46002A69D00288B8
:1069B00002F4E042B2F5804F63D023F0FF03B3F559
:1069C000E24F02D0B3F5824F04D13046FFF7F0FC1E
:1069D0000446D8B9304602AA01A9F2F769FF044675
:1069E000002843D1019B9B6A9BB10199304601F17C
:1069F0002803D1E9091200F087F80446002839D1AC
:106A000029460198F2F7BAFE044678BB204604B046
:106A100070BD73681B0A22D13088718800F4E0438E
:106A2000B3F5805F15D0B3F5005F12D020F0FF03FF
:106A3000B3F5E24F22D1C0B242280ED10831C908C5
:106A4000039103990198FFF792FD04460028CCD0EA
:106A50000CE0FFF75DFD044640B90731EFE7304633
:106A600003A900F04CF804460028EAD00198F2F798
:106A700081FFCBE70198FFF7AFFDF7E76FF08504E3
:106A8000F4E76FF08604C1E71C22002100F006BC89
:106A900003466FF040420846591E914207D338B171
:106AA00003F1404393428CBF002001207047012036
:106AB0007047034668B1017F8A1E012A0BD803295B
:106AC000026A03D1012A01D1FFF791BD1AB1013A3F
:106AD0001A62002070476FF09600704700207047E0
:106AE000C0B2002814BF6FF085000020704700205E
:106AF0007047704700226FF086001A6070470023CD
:106B00006FF086000B6070472DE9F041476804463E
:106B10003F0A0D461646984611D107887F0407D4D0
:106B20004346324629462046BDE8F041FFF723BFE1
:106B300000F011F910F1860FF2D0BDE8F0816FF08E
:106B40008600FAE72DE9F04F476885B03F0A044612
:106B5000DDE90E9A0D4616469846DDF840B015D18F
:106B6000CDE901ABCDF8009000F0E7F810F1860F09
:106B70000ED14346324629462046CDE90FABCDF82B
:106B8000389005B0BDE8F04FFFF704BD6FF0860008
:106B900005B0BDE8F08F10B44468240A02D110BCDF
:106BA000FFF742BD6FF0860010BC70472DE9F34738
:106BB00047680446DDE90A9A3F0A0D46164698469C
:106BC00011D1CDE9009A00F0AAF810F1860F0CD18E
:106BD0004346324629462046CDE90A9A02B0BDE82E
:106BE000F047FFF779BD6FF0860002B0BDE8F0878F
:106BF00010B44468240A02D110BCF3F73BBC6FF018
:106C0000860010BC704713B504464868000A0AD1D4
:106C10000498009004F10800F3F7DAFB08B91C238C
:106C2000236002B010BD6FF08600FAE710B404686C
:106C30001C2C03D110BC0830F3F7F6BB6FF08600B4
:106C400010BC704738B503681C2B0CD100F1080448
:106C5000204600F01BFA4FF4907105462046F2F7EB
:106C6000B3FB284638BD0025FBE703681C2B02D187
:106C70000830F3F74FBC6FF08800704710B4046819
:106C80001C2C03D110BC0830F3F75ABC6FF08800FD
:106C900010BC704703681C2B02D1083000F0FEB90D
:106CA0000020704703681C2B02D1083000F0BAB9ED
:106CB0006FF08600704710B404681C2C03D110BC20
:106CC000083000F0BCB96FF0860010BC7047036854
:106CD0001C2B02D1083000F0C3B90020704710B45B
:106CE0004468240A02D110BC00F0DFB96FF08600BE
:106CF00010BC70470020704713B5002001AB14464C
:106D0000F4F7F0FD30B9019BA34218BF6FF0930078
:106D100002B010BD6FF09200FAE70020704710B487
:106D2000048804F44F44B4F5824F02D110BC00F043
:106D3000E1B96FF0850010BC704710B4048804F40A
:106D40004F44B4F5824F02D110BC00F003BA6FF08B
:106D5000850010BC704710B4048824F0FF04B4F51B
:106D6000E24F02D110BC00F048BA6FF0850010BCB1
:106D70007047024612F8103BDB0903EBC303C3EB79
:106D8000031312F8011D83EA4103904213704FEA86
:106D90001323F6D170472DE9FF4705468846144670
:106DA00022B3D0F8486100F5947786B94FF0100906
:106DB000A0440DF10C0A102CA8EB040237D823468E
:106DC0003946384600F089F9C5F848410EE0C6F169
:106DD00010094A450FD8B91913460846424600F033
:106DE0007CF9D5F848312344C5F8483100263046AF
:106DF00004B0BDE8F087B9F1000F08D0B9194246D8
:106E00004B46084600F069F9103EC844344410224D
:106E100003AB019339463B4628460092FFF706FF35
:106E200006460028C2D02846FFF70CFFDFE71023F4
:106E30003946384600F051F93B461022394628467B
:106E4000CDE9009AFFF7F2FE06460028EBD1103C90
:106E5000B1E72DE9F0439846D0F848311746102B9A
:106E60000446894685B000F59C7200F594751CD1E6
:106E70002946284600F031F9102203AB0193294638
:106E80002B4620460092FFF7D1FE064630B93A461F
:106E90002946484600F0DBF9C8F800702046FFF7A5
:106EA000D1FE304605B0BDE8F083C618104696F80E
:106EB000283183F0800386F82831FFF75AFF10232A
:106EC0000246D5E7F0B504460E461746D5B04FF456
:106ED000A672002101A81D4600F0E0F921463B46BC
:106EE000324601A8F3F7BEF9044680B929465A9AFA
:106EF00001A8FFF750FF044648B9DDE95C235B9920
:106F000001A8FFF7A6FF0446204655B0F0BD01A832
:106F1000FFF798FEF8E72DE9F74300F1EC09884602
:106F200016461F462022494601AB0546FFF7A6FE3E
:106F30000446002847D16FF4857095F84C1105F28E
:106F40000B13401BC218914229D8E8220021284681
:106F500000F0A4F92846D5F8E810F3F7ADF8044698
:106F600088BB284695F84C2105F58671FFF77DFE14
:106F7000044640BB49462846019AFFF776FE044680
:106F800008BB019BB34210D13B46324641462846DE
:106F9000FFF774FE0446204603B0BDE8F08313F803
:106FA000012F82F06A021A70CCE720224946284657
:106FB00001ABFFF763FE044628B932464946404616
:106FC00000F045F93E602846FFF764FEE3E7F0B5C0
:106FD00004460E461746D5B04FF4A8720021684605
:106FE0001D4600F05BF921463B4632466846F3F702
:106FF000CDF8044680B9294668465A9AFFF735FE0F
:10700000044648B9DDE95C2368465B99FFF783FFD6
:107010000446204655B0F0BD6846FFF73BFEF8E752
:10702000F3F746B990F85031012B04D0022B04D06D
:107030006FF088007047FFF718BEFFF7ACBE10B4C2
:1070400090F85041012C05D0022C06D06FF088003A
:1070500010BC704710BCFFF75EBF10BCFFF7F9BE55
:1070600010B590F850310446012B03D0022B0AD002
:10707000002010BDFFF70EFE4FF4AC720021204639
:1070800000F00CF9F4E7FFF7DDFDF5E708B54FF484
:107090009072002100F002F9002008BD08B5E0223E
:1070A000002100F0FBF8002008BD10B4048804F4AF
:1070B0004F44B4F5824F02D110BCF3F767BA6FF0BA
:1070C000850010BC704703460144002013F8012BD3
:1070D0008B4240EA0200F9D1704730B50B4411F8F9
:1070E000014B12F8015B994284EA050400F8014B58
:1070F000F5D130BDF8B505466F882D881846DDE915
:10710000063605F4E04CBCF5804F144606D19A4291
:107110001DD800F09CF834600020F8BD47F2121230
:10712000954202D06FF08500F7E7640001349C427D
:107130000DD80423B7F5807F34600370F2D101309D
:10714000F3F7A2FB0028E7D06FF08600E5E76FF0C9
:107150008900E2E72DE9F0410E4644F212111F4684
:10716000038815468B42DDF8208042882ED047F2F6
:1071700012118B423BD102B9EA00B2F5807F36D1C1
:10718000202D03D06FF08600BDE8F08129463046FF
:10719000FFF799FF0028F5D03046F3F761FB002890
:1071A000F0D1D8F8004034F48074EBD1069B9D42B6
:1071B00020D82A463146384600F049F8079B204639
:1071C0001D604FF48073C8F80030DDE71AB9EB0793
:1071D000D8D56A08D200B2F5807F08D1412DD1D12F
:1071E0003378042BCED1701CF3F744FBD7E76FF054
:1071F0008500C9E76FF08900C6E7F8B51E4647F27B
:1072000012130D4647880188FC1D99424FEAD404A9
:1072100002D06FF08500F8BD944215D8214628466B
:10722000F2F7B8FC0028F6D121462846FFF74BFFBD
:107230000028F3D0B7F5807FEBD12846F3F710FB99
:107240000028EBD13460E6E76FF08900E3E70A44F9
:10725000431E914200D1704710B511F8014B914285
:1072600003F8014FF9D110BD884210B501EB0204BB
:1072700002D98442234607D8431EA14208D011F800
:10728000012B03F8012FF8E7024401468A4200D19E
:1072900010BD13F8014D02F8014DF7E70244034613
:1072A000934200D1704703F8011BF9E7013902440A
:1072B00010B5904201D1002005E0037811F8014F8C
:1072C000A34201D0181B10BD0130F2E710B56AB11E
:1072D0000139841810F8012B11F8013F9A4203D1AB
:1072E000A04201D0002AF5D1D01A10BD1046FCE70B
:1072F00010B50139044632B111F8013F013A00F8E6
:10730000013B002BF7D10021FFF7C8FF204610BD3D
:10731000F0B5C3F13707044603F01F031046FFB270
:10732000082BE6B232D0102B3DD06508A40845EA00
:10733000C17544EA81748A082D1942EB510229096A
:1073400041EA02716D1842EB1212290A41EA026108
:107350006D1842EB1222290C41EA02416D1842EBF2
:107360001242AD1842F10002EC0844EA4274D1081E
:1073700004EB8402A6EB4205EDB2092D0CD90134D1
:10738000A5F10A0541F10001EDB212E0E40806F0B2
:10739000070544EA4174C908303554EA010200F88F
:1073A000015BBDD1F0BD240906F00F0544EA01746C
:1073B0000909092D84BFED19EDB2EDE710B50C46B2
:1073C00000F046F80028A2BF23680133236010BDF7
:1073D0000028A2BF136803F1FF33136000F06DB8FB
:1073E00070B505460E4631462846FFF7E7FF041EF6
:1073F00009DB202CF7D0A4F10903042BF3D9324682
:107400002946FFF7E5FF204670BDBDF8001068B1C2
:1074100011F0100F01D00270704711F0080F02D068
:10742000C0E9002370474B0701D5026070478B0607
:10743000FBD502807047C9B20346184613F8012BEA
:1074400012B18A42F9D17047002918BF0020704755
:1074500010B583780446DA0705D443F004034FF0EF
:10746000FF30A37010BD4FF00002D4E85F3FC4E8C6
:10747000512F0029F9D19BB213B1581EC0B2F1E7C8
:10748000A36898470028F9DA0130A37814BF0822CE
:1074900004221343E3E702690346107810B1013276
:1074A0001A6170476FF001007047D1E904329342CE
:1074B0001EBF5A1C0A61187070478B78DA0702D415
:1074C0004FF0FF307047431CFAD0C0B2431CD1E8E4
:1074D000DF2F002A04D1C1E8DC3FBCF1000FF6D158
:1074E000EED18B7823F008038B7070470148006859
:1074F000704700001C570020A4A8FC7F010000007A
:10750000AD77010000000000000000008876040054
:10751000A75604000000000075530300000000009F
:107520006D5403000000000000000000C876040055
:1075300000000000A87604003544040000000000AC
:1075400000000000287704000000000048770400D5
:10755000000000000877040000000000E876040046
:1075600081B102000000000049F4020000000000A8
:1075700045E80100000000005D7D01000000000002
:1075800019EB010000000000655E01000000000032
:107590001DC5010000000000000000006877040025
:1075A00051A2010000000000394404000000000066
:1075B000CD60030000000000000000008877040098
:1075C00000000000A877040000000000C877040055
:1075D00000000000E8770400000000004878040084
:1075E0000000000008780400000000002878040073
:1075F00000000000687804007DF001000000000039
:1076000015850200000000000D4404000000000089
:10761000174404000000000000000000A8780400E7
:107620000000000088780400530D040000000000F2
:107630000000000068790400000000008879040060
:1076400000000000E8780400000000000879040051
:10765000000000004879040000000000C878040021
:107660000000000028790400AD06040000000000BE
:10767000C5E60200000000005DCF01000000000030
:1076800029E301000000000093080500748B04004A
:10769000487E0400762E00203C6700201DAE0200CC
:1076A0000000000000000000890C0500208C040090
:1076B000547D0400802E00201068002071BF02005D
:1076C0000000000000000000950C0500388C04004C
:1076D000547D0400822E00201C68002071BF02002F
:1076E000000000000000000050BC0400B83400207E
:1076F000A07E04006E2E0020C024002029A00100DE
:1077000000000000000000005EBC04009434002073
:10771000A07E0400702E00207025002029A001000A
:107720000000000000000000CD080500000000007F
:107730001C7D0400782E0020000000004934040065
:1077400000000000000000001F090500000000000C
:10775000A48B04007A2E00200000000055340400A1
:107760000000000000000000BC0E05008C2C002072
:10777000907D0400862E00205C68002001C302007A
:107780000000000000000000440B0500B48B040062
:107790003C7D04007C2E0020542C0020A9B3020064
:1077A0000000000000000000FF0705002429002061
:1077B000B08304006C2E0020383900204BFF0300FA
:1077C00000000000000000000905050000000000A6
:1077D000107D0400722E002000000000BDA30200F6
:1077E0000000000000000000F80705000000000095
:1077F0003C7E0400742E0020102C002000000000AD
:107800000000000000000000B40B050000000000B4
:10781000247D04007E2E002000000000FDB902003F
:107820000000000000000000700D0500508C0400F6
:10783000787D0400842E002028680020FD36040096
:10784000EF360400000000009D1D0500D88E0400E6
:10785000307E0400982E0020942C002065E9020060
:107860001343040000000000A61D0500508F040013
:10787000307E04009A2E00200C2D002065E90200C5
:107880001343040000000000201005009C8C04003D
:10789000647E0400882E0020E468002041C70200B6
:1078A000000000000000000030100500CC8C040037
:1078B000647E04008A2E0020FC68002041C702007C
:1078C000000000000000000033110500FC8C0400E3
:1078D000A47D04008C2E002078280020A5C802007A
:1078E000000000000000000018150500EC8D0400E9
:1078F000C07D04008E2E002094690020D5D802009F
:10790000000000000000000022150500F88D0400B2
:10791000C07D0400902E0020DC690020D5D8020034
:10792000000000000000000098150500108E040003
:10793000DC7D0400922E00203C7D0020E5DD02006D
:1079400000000000000000002F190500548E040004
:10795000F87D0400942E0020246A00206DE10200CE
:107960000000000000000000481A0500AC8E040072
:10797000147E0400962E0020884B002065E402004F
:1079800000000000000000007923050000900400C2
:10799000109004009C2E0020004C0020ADFD020041
:1079A000000000000000000000000000CB0B0400FD
:1079B00000000000CB0B040000000000CB0B040013
:1079C00000000000CB0B040000000000CB0B040003
:1079D000B94904005948040000000000CB0B040022
:1079E00000000000CB0B040000000000CB0B0400E3
:1079F000193F03005948040029380300594804007E
:107A000000000000CB0B04001938030059480400A3
:107A10009116030059480400712E030059480400D0
:107A200000000000CB0B040000000000CB0B0400A2
:107A300000000000CB0B040000000000CB0B040092
:107A400000000000CB0B040000000000CB0B040082
:107A50000000000041F2020000000000CB0B040017
:107A600000000000CB0B040000000000CB0B040062
:107A700000000000CB0B040000000000CB0B040052
:107A800000000000CB0B040000000000CB0B040042
:107A900000000000CB0B040000000000CB0B040032
:107AA00000000000CB0B040000000000CB0B040022
:107AB00000000000CB0B040000000000CB0B040012
:107AC00000000000CB0B040000000000CB0B040002
:107AD00000000000CB0B040000000000CB0B0400F2
:107AE00000000000CB0B040000000000CB0B0400E2
:107AF00000000000CB0B0400851903005948040066
:107B0000A52403005948040000000000CB0B04002A
:107B100000000000CB0B040000000000CB0B0400B1
:107B200000000000CB0B040000000000CB0B0400A1
:107B300000000000CB0B040000000000CB0B040091
:107B400000000000CB0B040000000000CB0B040081
:107B500000000000CB0B0400ED9702005948040020
:107B60006D4103005948040000000000CB0B0400E5
:107B700000000000CB0B040000000000CB0B040051
:107B800000000000CB0B040000000000CB0B040041
:107B900000000000CB0B040000000000CB0B040031
:107BA00000000000CB0B040000000000CB0B040021
:107BB00000000000CB0B040000000000CB0B040011
:107BC00000000000CB0B040000000000CB0B040001
:107BD00002000000000800002C5A00204043002052
:107BE00000B10020000000000DEC0100FFFFFFFFCE
:107BF000C83500200085002000040000E9300100A5
:107C0000000000000000000000000000060000006E
:107C100000000000D5A204000000000000000000E9
:107C2000C8360020008D002000040000E93D01005E
:107C3000000000000000000000000000060000003E
:107C40000000000006A30400000000000000000087
:107C5000C83700200095002000040000553A0100BC
:107C6000000000000000000000000000070000000D
:107C70000000000033A3040000000000000000002A
:107C8000483700200091002000040000693B0100FB
:107C900000000000000000000000000006000000DE
:107CA000000000001EA3040000000000000000000F
:107CB000483600200089002000040000293E010011
:107CC00000000000000000000000000006000000AE
:107CD00000000000EEA20400000000000000000010
:107CE000483500200081002000040000A93B01006D
:107CF000000000000000000000000000060000007E
:107D000000000000BCA20400000000000000000011
:107D100089A5020019A70200580200004D34040092
:107D2000000000004D360400B1BA020025BA02007E
:107D3000D1B9020019360400C1B9020015B602001B
:107D400059B7020079B802005DB202002D35040077
:107D50004DB202005DBD02007B3604008736040090
:107D60009B360400A5360400AF36040035BC020083
:107D700039BB020000000000BDC10200000000008D
:107D8000F1BF020000000000000000007DC1020001
:107D900031C402008B370400A7370400AB3704005E
:107DA0009DC30200192601000000000039CB02002B
:107DB00051C80200B53B040045D102007DCE02004F
:107DC0000000000000000000000000000DDB0200C9
:107DD000213E040000000000000000009D3F040060
:107DE00000000000000000002B3F0400E926010015
:107DF0000000000000000000000000000000000083
:107E0000000000000DE00200DDE0020000000000C4
:107E10000000000000000000000000000000000062
:107E20000DE4020045E30200000000000000000035
:107E3000A1EC020071E8020099430400EDAB0200DE
:107E400069AC020091A9020081AE02004334040033
:107E5000FF330400000000003DAD02000000000000
:107E600000000000E3390400013A0400BB390400BB
:107E7000C9390400000000000000000000000000FC
:107E800000000000000000000000000000000000F2
:107E900000000000000000000000000000000000E2
:107EA00000000000000000000000000000000000D2
:107EB0000000000000000000F107040071A00100B4
:107EC00000000000E19E0100A9070400C19E01001E
:107ED000430704004D070400A19E01006D07040044
:107EE0000000000077070400000000000000000010
:107EF0008507040003080400A10704000500000032
:107F00006D3402000000000006000000BD6F02009A
:107F10000000000004000000013B0200000000001F
:107F20008D360100A1350100A539010000000000D7
:107F300000000000000000003534010000000000D7
:107F4000EDE70100A1E701000000000000000000D3
:107F50000000000000000000000000000000000021
:107F60009489040008000000348A0400070000001F
:107F7000B4840400060000003887040004000000F8
:107F800045110500030000008323050003000000E5
:107F90000425050003000000391905000300000056
:107FA000F6BA0400030000001205050003000000FB
:107FB000C0AC040003000000FEA7040003000000A2
:107FC0002C1505000300000060A50400030000005C
:107FD000B2150500030000004FAA040003000000D2
:107FE00072E204000300000041F0040003000000FE
:107FF0003CD404000300000053EB04000300000025
:10800000A9FB04000300000043D4040003000000A7
:1080100050E504000300000047F6040003000000E0
:10802000D3DE0400030000000F0805000300000079
:108030001D08050003000000C2E304000300000067
:10804000E3E104000300000091FB040003000000D2
:1080500085ED040003000000EDBD040003000000F6
:10806000E5D104000300000008D304000300000071
:108070007AFA040003000000BAB004000300000014
:10808000BF080500030000001A21050003000000DE
:108090002BD20400030000007ABC0400030000009F
:1080A000CB0B05000300000007B60400030000002E
:1080B000A10C050003000000790D0500030000007D
:1080C00093B604000300000041B704000300000061
:1080D00045B704000300000077B904000300000066
:1080E000C70E050003000000CCFB040004000000E4
:1080F000CE250500030000003CCE04000300000074
:1081000077CE04000300000095CF040003000000B8
:10811000DACE040003000000F9C6040003000000EA
:108120004EC9040003000000E9C904000300000078
:108130006F02050003000000373B0500030000004C
:1081400082B204000300000053A3040003000000F7
:10815000510B050003000000431005000300000060
:1081600039D1040003000000B31A05000300000029
:108170000BD304000300000022CA04000300000027
:10818000AF1D050003000000D81B05000300000020
:10819000B9C0040003000000D7FE04000300000083
:1081A0004E1A05000300000054840400644F0020B0
:1081B000FEB8040001000000988404005429002047
:1081C00066B904000100000005D3040000000000AF
:1081D000000000004DED0100DDEF01000000000097
:1081E00017F404000100000000000000272804002C
:1081F00000000000000000003BF604000100000049
:10820000000000008955020000000000000000008E
:1082100033F604000100000000000000654C02007D
:108220007D5B02000000000089FB040001000000EB
:10823000000000002D8002000D7E02000000000002
:1082400041F604000100000000000000D9510200C6
:108250000951020000000000253C0400000000005D
:10826000E9CE02006D3C040085DB010009E101005C
:10827000E5E5010091E20100FFFFFFFFFFFFFFFFC7
:108280000000000003000000A0000000F00000005B
:10829000000000008D44030006000000D4DD04004F
:1082A000D9DD0400DDDD0400E1DD0400E5DD0400CE
:1082B000E9DD0400EDDD0400F1DD0400F5DD04007E
:1082C000F9DD0400FDDD040001DE040005DE04002C
:1082D00009DE04000DDE040011DE0400FF000000D2
:1082E000FF000000FF000000FF000000FF00000092
:1082F000FF000000FF000000FF000000FF00000082
:10830000FF000000FF000000FF000000000200006E
:1083100000020000000000000600090000002A0022
:108320001800280000002A0000C201000000080117
:10833000030062746C650000000000000000000093
:10834000000000000000000000000000000000002D
:10835000000000000000000000000000000000001D
:10836000000000000100000000000000000000000C
:108370000338FDD870470000BEC0040000000000B4
:10838000EC8504004F7D00204838002000000000EC
:10839000000000000000000007100000582E002020
:1083A00001010000682E0020090B000047A3040013
:1083B0002D780100030004000D7A0100597A0100B4
:1083C000457B0100E1FD030055FE0300E9FD0300CC
:1083D0001BFE030005FE0300EFFD0300000000008C
:1083E0000000000033010400250104002F010400F7
:1083F0002301040000000000000000000000000055
:108400000000000013010400383D002000010000BE
:108410000B020400B5010400020000008303040005
:10842000000000000000000000000000000000004C
:10843000DEB80400E6B80400000000000000000000
:1084400000000000EEB80400F2B80400F6B8040022
:10845000FAB80400D58A0100C98A0100F98A01002E
:10846000B18A010000000000BD8A01000000000088
:10847000558B01006C4F0020557D0020100000003E
:10848000888404007C4F0020DD8B01009C4F00207D
:10849000657D002001000000350404002B04040069
:1084A000F9030400018C010000000000ED0304004A
:1084B0000000000048940400DB29040000000000D4
:1084C000DCBD04000000010044940400632B0400A0
:1084D00000000000182A002000000100BABD0400BE
:1084E000000000000000000000000000000001008B
:1084F00040940400AD29040081530200002A0020AA
:10850000000003003C940400632B04000000000002
:10851000F82900200000010098BD040000000000C0
:1085200091A701000000000000000300000000000F
:108530000F0B0400502A0020482A0020402A002067
:1085400000000000382A002059A9010029A80100D4
:108550007DA80100F1A80100090000000000000052
:108560000000000000000100087804000200000084
:108570000000000000000E008877040003000000E7
:108580000000010000020000087804000400000060
:108590000000010000000E00087804000500000043
:1085A0000002010000FE0D00087804000600000033
:1085B0000002010000FE0D00087804000800000021
:1085C00000000E000000040088770400090000008D
:1085D00000000F0000000100087804000A000000FD
:1085E0000000120000006E00887704008F0B04006A
:1085F000B9AF0100C1AD010025AC0100FDAC010027
:108600003D0B040085AA010019AA0100F1B4010084
:10861000000000000000000000000000000000005A
:10862000000000000000000000000000000000004A
:10863000000000000000000000000000000000003A
:108640000000000000000000C02400200000000026
:1086500006000100020000005C860400000000002B
:10866000A6C8040002000000E0FF0F000020002068
:10867000AEC8040021000000E0FF06205C2A0020B4
:10868000ADC5010000000000AD0C04000DCE0100DE
:10869000310D0400000000001DD8010021DA0100A6
:1086A000000000002DDF01000000000000000000BD
:1086B00000000000000000000000000000000000BA
:1086C00000000000B1DE010091DB010000000000AD
:1086D0002DE201002DE2010000000000000000007A
:1086E000000000000000000000000000000000008A
:1086F00000000000000000000000000015E2010082
:10870000CDE10100000000000000000000000000BA
:1087100015E1010000000000000000009DE20100E2
:10872000808604002C870400AB090000B002012001
:108730008ACF04000000000054940400DB290400E8
:108740000000000052D0040000000100509404001A
:10875000632B040000000000B42A00200000010088
:1087600030D0040000000000F5E40100000000002B
:10877000000002004C940400AD2904008153020063
:108780009C2A0020000003008086040094870400D7
:1087900047000000DC2A012080860400A487040032
:1087A000FB010000942E012080860400B4870400A1
:1087B0002E0000009445012080860400C487040038
:1087C000020100006846012015DE040033DE0400CB
:1087D0004EDE04005EDE04006BDE040074DE040086
:1087E0007BDE040082DE040089DE040091DE0400EA
:1087F0006BDE040099DE0400ABDE0400C0DE040082
:108800000E030000890A02000F040000550A02004E
:108810001A0100005DF301000504000075F301007A
:108820001301000099FA0100FF01000019F901008D
:108830003E010000F9F8010005040000C1F3010049
:1088400008040000F9FC01003003000071FC010085
:108850001001000069F4010001120000D9090200B2
:108860000A1E0000351604000309000081F901000A
:10887000040B000051F50100060A0000DD020200B1
:10888000070A000039F401000C05000005F401009E
:10889000050C00001902020080860400A488040070
:1088A0004700000084470120D2EA0400DFEA040008
:1088B000FFEA0400F3EA04000AEB040021EB0400E1
:1088C00031EB04001AEE040045EB0400808604003E
:1088D000D888040000000000584C01208086040065
:1088E000E8880400FB010000804C0120EB1D04001F
:1088F000ED1D04000000000000000000000000006A
:108900004D380200000000000000000000000000E0
:1089100000000000020201006926040004040100B6
:108920006548020006060100A54702000804010090
:10893000914602000A020100512604000C040100C5
:10894000392604000E0401006545020020040100E0
:10895000C944020010040100D943020012020100C0
:10896000ED25040016040100FD1F0400180101009C
:108970003B2304001E0004000B27040052020000E9
:10898000132604008086040090890400FD01000085
:10899000EC52012084940400DB2904000000000054
:1089A00080940400000001007C940400632B040008
:1089B00000000000A42B00200000010074940400BB
:1089C00000000000000000000000000000000000A7
:1089D00070940400AD29040081530200AC2B0020E8
:1089E000000003006C940400632B040000000000EE
:1089F0009C2B00200000010064940400132A040052
:108A0000A554020000000000000003006094040070
:108A1000632B040000000000942B002000000100E4
:108A200058940400915A0200000000000000000069
:108A300000000100B0940400DB29040000000000E5
:108A4000AC94040000000100A8940400632B04000F
:108A500000000000D42B002000000100A0940400BE
:108A6000432A040000000000000000000000010094
:108A70009C940400632B040000000000CC2B002019
:108A800000000100949404006D2A0400000000001E
:108A9000000000000000010090940400632B04001B
:108AA00000000000C42B0020000001008894040096
:108AB0007D500200000000000000000000000100E6
:108AC000496F0200533104004D7A0200000000009B
:108AD00000000000E9760200000000000000000035
:108AE0000000000000000000000000000000000086
:108AF000C170020006000000ED2E04000600000018
:108B0000BD6C02001000000031690200100000007E
:108B1000ED790200010000006B2D04001000000040
:108B2000E92E04000A000000DD6F020010000000C2
:108B3000CD77020007000000F12E040010000000B5
:108B4000F12D040001000000856E020040000000CD
:108B50008D2E040010000000092E0400010000000A
:108B6000D58602000000000001AD0200F5AD020054
:108B700000000000B9AF0200BDAE02009E08050073
:108B80002534040037340400A40805001F34040011
:108B900031340400AA080500193404002B34040001
:108BA000B4080500D1B1020000000000040000007C
:108BB00000FF0000000000000000000000000000B6
:108BC00000000000000000000000000000000000A5
:108BD000020000000000000BF40100000001010091
:108BE00000008000C2281700EC8B040000B0025087
:108BF000F88B040001000000008C04000400000059
:108C00001100001D0D00001F0E0000201200001EAC
:108C100000080000001000000400000000FF000039
:108C2000FFFF000000288450000000000100000049
:108C300000D0005000000000FFFFFFFF002584501F
:108C4000000000000000000000D000500000000004
:108C50000090005000000000000000000000000034
:108C60000000400600000101B9BF02001000000032
:108C7000F3360400808C0400C87E0020FFFF000053
:108C8000009000508C8C040001000000948C0400C3
:108C9000020000002200000C2300000B00000080F6
:108CA000FFFFFF7F0000008000000080FFFFFF7FCC
:108CB00000000080000000000000000053100500CC
:108CC00000FF0A00C87604001F00000000000080BA
:108CD000FFFFFF7F0000008000000080FFFFFF7F9C
:108CE000000000800000000000000000531005009C
:108CF00000FF0A00C87604000F0001006878040035
:108D000000127A0000010000C8760400160001007D
:108D100000000000C87604001300000000000200FC
:108D2000800000006878040000127A000001000052
:108D3000C87604001600010000000000A20B0A0023
:108D4000A20B0A00C8AF0A000500000006000000E0
:108D50000700000000B4C404005A6202002D310173
:108D600080969800404B4C00A0252600000024F47B
:108D70000000127A0000093D0080841EFF583E0F5B
:108D8000548C93070090D0031038EC019062F400EB
:108D900000127A0000093D0080841E0040420F004E
:108DA00020A1070090D0030048E80100FFFFFF7FEB
:108DB000FFFFFF7FFFFFFF7FFFFFFF7FFFFFFF7FC3
:108DC000EA51B87EFFFFFF7F21DBF97EFFFFFF7FC7
:108DD000FFFFFF7FC776BE7FF4285C7FFFFFFF7F2A
:108DE000EA51B87EFFFFFF7FFFFFFF7F2878040076
:108DF00076000000048E040028780400760000004D
:108E0000048E04008B3E04009F3E0400E33E0400F9
:108E10006878040000127A0000010100A8760400BE
:108E20000400010000000000448E0400308E0400A5
:108E3000A9150500B9150500480100000000000053
:108E40000000000005410400A3400400B1DF02005F
:108E5000F14004002878040010000000A08E0400F7
:108E600002000000010000000600000002000000F7
:108E700008000000030000000A00000000000000DD
:108E80000F000000040000001400000005000000B6
:108E900019000000060000001E000000070000008E
:108EA0002F420400EB41040043420400C877040051
:108EB0000201090400000203000058020C00000037
:108EC00080A2190020BF0200C87604001000000034
:108ED00064000000A942040000A00050010000004E
:108EE0000048E80100000000000000000000000051
:108EF000FFFFFFFF0000FF00000000000000000077
:108F0000FFFFFFFF0200000101000000C542040056
:108F1000FFFF0000288F0400FFFFFFFF000000009C
:108F2000000000000000000000A00050348F04008A
:108F3000010000003C8F040003000000051800043D
:108F4000091800050A180006C87604000B00010085
:108F500000C000500000000000127A000000000075
:108F60000000000000000000FFFFFFFF0000FF0006
:108F70000000000000000000FFFFFFFF00000001F4
:108F800001000000BB420400FFFF0000A08F0400AE
:108F9000FFFFFFFF000000000000000000000000D5
:108FA00000C00050AC8F040001000000B48F04002A
:108FB000030000001D0000041C0000051A0000064C
:108FC000C876040016000100A87604000400010021
:108FD000C876040018000100A8760400080000000C
:108FE000A876040006000000A87604000700000030
:108FF000A87604000E001100A87604000D001100F0
:109000002878040038000000A8760400050011004C
:109010008102030000000000190303004DFF02005D
:10902000F1FE020000000000000000006D000300DF
:1090300011450400190103000200000000000000B7
:109040000000000004000000020000000100000019
:10905000080000000800000003000000E0370500E1
:10906000F337050006380500193805002C380500CF
:109070003F38050052380500653805009A3A05006A
:10908000A83A0500BC3A0500CB3A0500D73A0500DE
:10909000007504000075040068750400787504000C
:1090A0007876040088760400DD3D050000010000AC
:1090B000512563FCC2CAB9F3849E17A7ADFAE6BC7A
:1090C000FFFFFFFFFFFFFFFF00000000FFFFFFFFAC
:1090D000982F8A4291443771CFFBC0B5A5DBB5E923
:1090E0005BC25639F111F159A4823F92D55E1CAB97
:1090F00098AA07D8015B8312BE853124C37D0C5525
:10910000745DBE72FEB1DE80A706DC9B74F19BC16C
:10911000C1699BE48647BEEFC69DC10FCCA10C245C
:109120006F2CE92DAA84744ADCA9B05CDA88F97640
:1091300052513E986DC631A8C82703B0C77F59BFAA
:10914000F30BE0C64791A7D55163CA0667292914D6
:10915000850AB72738211B2EFC6D2C4D130D385373
:1091600054730A65BB0A6A762EC9C281852C729235
:10917000A1E8BFA24B661AA8708B4BC2A3516CC763
:1091800019E892D1240699D685350EF470A06A109C
:1091900016C1A419086C371E4C774827B5BCB034EB
:1091A000B30C1C394AAAD84E4FCA9C5BF36F2E6889
:1091B000EE828F746F63A5781478C8840802C78C18
:1091C000FAFFBE90EB6C50A4F7A3F9BEF27871C61B
:1091D000AAAAAAAAAAAAAAAAAAAAAAAA5555555543
:1091E0005555555555555555000000005555555583
:1091F000522563FCC2CAB9F3849E17A7ADFAE6BC38
:10920000FFFFFFFFFFFFFFFF00000000FFFFFFFF6A
:10921000512563FCC2CAB9F3849E17A7ADFAE6BC18
:10922000FFFFFFFFFFFFFFFF00000000FFFFFFFF4A
:1092300096C298D84539A1F4A033EB2D817D0377F0
:10924000F240A463E5E6BCF847422CE1F2D1176B8B
:10925000F551BF376840B6CBCE5E316B5733CE2B5E
:10926000169E0F7C4AEBE78E9B7F1AFEE242E34F8D
:109270004B60D2273E3CCE3BF6B053CCB0061D65CA
:10928000BC86987655BDEBB3E7933AAAD835C65A53
:10929000FCFFFFFFFFFFFFFFFFFFFFFF00000000DD
:1092A000000000000000000001000000FFFFFFFFC1
:1092B000FF8FFFFFFF8FFFFFFE8FFFFFFE8FFFFF80
:1092C000FD8FFFFFFC8FFFFFFC8FFFFFFB8FFFFF7A
:1092D0006D757465785F667265652063616C6C6539
:1092E000642077697468204E554C4C20706172611F
:1092F0006D6574657200000043616E277420696EAD
:10930000697469616C697A65206D757465782C2063
:10931000776173204E554C4C0D0A00004661696C14
:1093200020746F2061637175697265206D75746555
:10933000780A00004661696C20746F20696E637260
:109340006561736520504D20636F756E7465720A98
:10935000000000004661696C20746F2064656372D0
:109360006561736520504D20636F756E7465720A78
:10937000000000004661696C20746F2072656C65A6
:10938000617365206D757465780A0000436F756CB4
:1093900064206E6F74206C6F636B20706F776572E2
:1093A0002073617665206D75746578004661696C1F
:1093B00020746F20756E6C6F636B206D75746578AB
:1093C0000A0000006374782063616E6E6F7420621F
:1093D00065204E554C4C00000A6374782069732058
:1093E0004E554C4C0A00000067E6096A85AE67BB23
:1093F00072F36E3C3AF54FA57F520E518C68059B77
:10940000ABD9831F19CDE05BD89E05C107D57C364B
:1094100017DD703039590EF7310BC0FF1115586840
:10942000A78FF964A44FFABE0123456789ABCDEF3E
:10943000FEDCBA9876543210F0E1D2C30000032863
:109440000000022900000328000000280000022973
:10945000000003280000002800002A2B00002A2B0F
:10946000000003280000292B0000292B00000328FE
:10947000000002290000052A0000052A0000032838
:1094800000000118000000280000042A0000042A3F
:10949000000003280000012A0000012A0000032820
:1094A0000000002A0000002A000003280000001825
:1094B00000000028E803F401EB00020000000400B3
:1094C00001000800020077C295F360D2EF7F3552A9
:1094D000500F2CB679800401000124012001020004
:1094E0000100000200014164766572746973696E5F
:1094F00067206661696C656420746F2073746172A3
:109500007420286572722025642900416476657292
:10951000746973696E6720737563636573736675C9
:109520006C6C792073746172746564004E6F742082
:1095300061626C6520746F20616C6C6F636174652F
:1095400020554152542072656365697665206275C5
:109550006666657200424C452072656164792C2014
:109560007374617274696E6720424D452073656E35
:10957000736F722E2E2E0A00424D452073656E7356
:109580006F72207374617274206661696C65642007
:10959000286572723A2025642900424D4520736582
:1095A0006E736F72207374617274206661696C658A
:1095B000643A2025640A00424D452073656E736F3E
:1095C000722073746172746564207375636365736C
:1095D0007366756C6C790A00424D452073656E7335
:1095E0006F72207468726561642065786974696E51
:1095F000670A00424C452072656164792C207374BF
:10960000617274696E67204248313734392073655E
:109610006E736F722E2E2E0A004248313734392075
:10962000424C452063616C6C6261636B20726567BC
:10963000697374657265640A0042483137343920B1
:1096400073656E736F7220737461727420666169E2
:109650006C656420286572723A20256429004248AE
:10966000313734392073656E736F72207374617291
:1096700074206661696C65643A2025640A0042487A
:10968000313734392073656E736F72207374617271
:10969000746564207375636365737366756C6C7948
:1096A0000A004248313734392073656E736F722077
:1096B0007468726561642065786974696E670A0010
:1096C000424C452072656164792C20737461727418
:1096D000696E6720424D493237302073656E736F73
:1096E000722E2E2E0A00424D4932373020424C4510
:1096F0002063616C6C6261636B207265676973746F
:10970000657265640A00424D493237302073656ED8
:10971000736F72207374617274206661696C656422
:1097200020286572723A2025642900424D4932375B
:10973000302073656E736F7220737461727420666B
:1097400061696C65643A2025640A00424D493237EC
:10975000302073656E736F72207374617274656408
:10976000207375636365737366756C6C790A004268
:109770004D493237302073656E736F722074687292
:109780006561642065786974696E670A00424C45BA
:109790002072656164792C207374617274696E67DC
:1097A000204144584C3336322073656E736F722EED
:1097B0002E2E0A004144584C33363220424C45206C
:1097C00063616C6C6261636B207265676973746559
:1097D0007265640A004144584C3336322073656E1A
:1097E000736F72207374617274206661696C656452
:1097F00020286572723A20256429004144584C3370
:1098000036322073656E736F7220737461727420C8
:109810006661696C65643A2025640A004144584CCD
:109820003336322073656E736F7220737461727495
:109830006564207375636365737366756C6C790A10
:10984000004144584C3336322073656E736F72207A
:109850007468726561642065786974696E670A006E
:109860004144584C3336322073656E736F722074E6
:10987000687265616420737461727465640A00576C
:10988000616974696E6720666F7220424C45206979
:109890006E69742E2E2E0A0054696D656F757420E2
:1098A00077616974696E6720666F7220424C45204B
:1098B000696E69743A2025640A00543A25642E259D
:1098C0003032644320503A25642E2530326468508B
:1098D0006120483A25642E253032642525204761D1
:1098E000733A256C754F686D7300424D4520646175
:1098F00074612073746F7265643A20543D25642E40
:109900002530326420503D25642E253032642048B5
:109910003D25642E25303264204761733D256C75EA
:109920000A00424D45207061727365206661696C62
:1099300065643A2025730A00523A256420473A2587
:109940006420423A25642049523A25640041583A3D
:1099500025642E253032642041593A25642E253065
:10996000326420415A3A25642E253032642047580B
:109970003A25642E253032642047593A25642E2535
:1099800030326420475A3A25642E25303264007004
:1099900075626C69630072616E646F6D00707562F0
:1099A0006C69632D69640072616E646F6D2D69640A
:1099B00000253032583A253032583A253032583A5C
:1099C000253032583A253032583A2530325820283E
:1099D0002573290053656375726974792063686122
:1099E0006E6765643A202573206C6576656C20256A
:1099F00075005365637572697479206661696C6579
:109A0000643A202573206C6576656C202575206589
:109A100072722025642025730050616972696E6737
:109A2000206661696C656420636F6E6E3A202573F1
:109A30002C20726561736F6E2025642025730050A1
:109A4000616972696E6720636F6D706C65746564BF
:109A50003A2025732C20626F6E6465643A20256479
:109A600000506173736B657920666F722025733ABD
:109A7000202530367500446973636F6E6E656374BC
:109A800065643A2025732C20726561736F6E2030F7
:109A90007825303278202573005072657373204228
:109AA0007574746F6E203120746F20636F6E6669F9
:109AB000726D2C20427574746F6E203220746F208A
:109AC00072656A6563742E00436F6E6E65637469B8
:109AD0006F6E206661696C65642C2065727220303F
:109AE000782530327820257300436F6E6E6563747D
:109AF00065642025730050616972696E6720636137
:109B00006E63656C6C65643A20257300525820665C
:109B1000726F6D2025732C206C656E3D25640D0AD7
:109B2000004845583A2000253032582000545854F7
:109B30003A2025730D0A004661696C656420746FD4
:109B40002073656E642064617461206F7665722095
:109B50005541525400E29AA120554152545F525847
:109B60005F5244593A2052656365697665642025E1
:109B7000642062797465730D0A00F09F93A52042FA
:109B8000756666657220746F74616C206C656E67B3
:109B90007468206E6F773A2025642062797465734B
:109BA0000D0A00F09F949A204E65776C696E6520CF
:109BB00064657465637465642C2064697361626CA8
:109BC000696E6720554152542052580D00F09F9401
:109BD0008420554152545F52585F44495341424C8E
:109BE0004544202D2052652D656E61626C696E675B
:109BF00020726563657074696F6E0D00F09F93A6A7
:109C000020554152545F52585F4255465F52454C71
:109C100045415345440D00E29C852050757474699C
:109C20006E6720256420627974657320696E746F95
:109C3000204649464F0D0A00E29AA0EFB88F204215
:109C4000756666657220656D7074792C2066726524
:109C500065696E672069740D00436F6E6E6563748D
:109C6000696F6E206F626A65637420617661696CEA
:109C700061626C652066726F6D2070726576696FC7
:109C8000757320636F6E6E2E20446973636F6E6E02
:109C900065637420697320636F6D706C65746521F2
:109CA000004E756D65726963204D617463682C2088
:109CB000636F6E6E202570004E756D65726963204E
:109CC00052656A6563742C20636F6E6E2025700088
:109CD000F09F93A4205465726D696E616C20696E6B
:109CE0007075742072656365697665643A202564D1
:109CF0002062797465730D0A0053656E64696E673E
:109D000020746F20424C45202825642062797465B8
:109D100073293A20004661696C656420746F207372
:109D2000656E642064617461206F76657220424CB8
:109D30004520636F6E6E656374696F6E0044617475
:109D4000612073656E7420746F2070686F6E65207B
:109D50007375636365737366756C6C79210D00426E
:109D60004D452073656E736F72207468726561640F
:109D700020737461727465640A00556E6966696562
:109D80006420424C452073656E646572207468726D
:109D900065616420737461727465640A00424C45A5
:109DA0002072656164792C207374617274696E67C6
:109DB00020756E69666965642073656E6465722ED0
:109DC0002E2E0A00424D4520543A25642E2530326D
:109DD000644320503A25642E253032646850612057
:109DE000483A25642E253032642525204761733A90
:109DF000256C754F686D207C2000424820523A2522
:109E00006420473A256420423A25642049523A2585
:109E100064207C2000424D492041583A25642E257B
:109E20003032642041593A25642E25303264204175
:109E30005A3A25642E253032642047583A25642E3C
:109E4000253032642047593A25642E25303264206B
:109E5000475A3A25642E25303264207C2000414444
:109E6000584C20583A25642E2530326420593A2522
:109E7000642E25303264205A3A25642E253032640F
:109E8000004661696C656420746F2073656E6420A0
:109E9000636F6D62696E656420646174613A202548
:109EA000640A0053656E7420636F6D62696E656449
:109EB00020646174612028256420627974657329A7
:109EC0000A004248313734392073656E736F72204F
:109ED00074687265616420737461727465640A00E9
:109EE000424D493237302073656E736F722074684B
:109EF0007265616420737461727465640A00436101
:109F00006E6E6F7420696E697420627574746F6E02
:109F10007320286572723A202564290043616E6EB1
:109F20006F7420696E6974204C45447320286572F3
:109F3000723A20256429004661696C656420746F5B
:109F400020656E61626C65205553420043616E6E00
:109F50006F7420696E697469616C697A6520554116
:109F600052542063616C6C6261636B005374617264
:109F700074696E67204E6F72646963205541525454
:109F800020736572766963652073616D706C650D11
:109F90000A0043616E6E6F7420646973706C61793E
:109FA0002077656C636F6D65206D657373616765A0
:109FB00020286572723A202564290043616E6E6F15
:109FC0007420656E61626C652075617274207265C3
:109FD00063657074696F6E20286572723A2025641B
:109FE00029004661696C656420746F207265676939
:109FF0007374657220617574686F72697A617469CF
:10A000006F6E2063616C6C6261636B732E202865D8
:10A0100072723A20256429004661696C6564207477
:10A020006F20726567697374657220617574686FFB
:10A0300072697A6174696F6E20696E666F20636100
:10A040006C6C6261636B732E20286572723A2025F6
:10A05000642900426C7565746F6F746820696E695D
:10A060007469616C697A656400424D452073656E60
:10A07000736F7220696E697469616C697A61746961
:10A080006F6E206661696C656420286572723A2083
:10A090002564292C20636F6E74696E75696E672064
:10A0A000776974686F75742073656E736F720042A0
:10A0B0004D452073656E736F7220696E69746961B6
:10A0C0006C697A65642C2077696C6C207072696E9B
:10A0D0007420646174612065766572792031302066
:10A0E0007365636F6E64730042483137343920738F
:10A0F000656E736F7220696E697469616C697A61EB
:10A1000074696F6E206661696C656420286572727F
:10A110003A202564292C20636F6E74696E75696E10
:10A120006720776974686F75742073656E736F72DA
:10A130000042483137343920636F6C6F7220736589
:10A140006E736F7220696E697469616C697A656497
:10A150002C2077696C6C207072696E742064617455
:10A1600061206576657279203130207365636F6E8A
:10A17000647300424D493237302073656E736F72DD
:10A1800020696E697469616C697A6174696F6E20A7
:10A190006661696C656420286572723A20256429BD
:10A1A0002C20636F6E74696E75696E6720776974B1
:10A1B000686F75742073656E736F7200424D49321B
:10A1C000373020494D552073656E736F7220696E6C
:10A1D000697469616C697A65642C2077696C6C209C
:10A1E0007072696E7420646174612065766572793D
:10A1F000203130207365636F6E6473004144584CA6
:10A200003336322073656E736F7220696E697469BC
:10A21000616C697A6174696F6E206661696C6564EE
:10A2200020286572723A202564292C20636F6E7491
:10A23000696E75696E6720776974686F75742073CD
:10A24000656E736F72004144584C3336322061633F
:10A2500063656C65726F6D657465722073656E738E
:10A260006F7220696E697469616C697A65642C200B
:10A2700077696C6C207072696E74206461746120FF
:10A2800065766572792038207365636F6E6473003C
:10A290004661696C656420746F20696E69746961D8
:10A2A0006C697A65205541525420736572766963F2
:10A2B0006520286572723A2025642900756E6966EA
:10A2C0006965645F73656E6465725F746872656109
:10A2D000645F6964006164786C3336325F73656E05
:10A2E000736F725F7468726561645F696400626D48
:10A2F000693237305F73656E736F725F7468726551
:10A3000061645F6964006268313734395F73656E18
:10A31000736F725F7468726561645F696400626D17
:10A32000655F73656E736F725F7468726561645F99
:10A33000696400626C655F77726974655F746872E6
:10A340006561645F6964006C6566745F696E736FF4
:10A350006C65007065726970686572616C5F7561CB
:10A36000727400424D453638303A20543D25642EF3
:10A3700025303264432C20503D25642E2530326434
:10A380006850612C20483D25642E253032642525F7
:10A390002C204761733D25644F686D730A00466148
:10A3A000696C656420746F206665746368207361EE
:10A3B0006D706C653A20256400424D45363830207A
:10A3C000646576696365206973206E6F74207265B9
:10A3D00061647900424D453638302073656E736F85
:10A3E0007220696E697469616C697A65642073753D
:10A3F000636365737366756C6C790053656E736F18
:10A4000072206E6F7420696E697469616C697A6517
:10A410006400424D452073656E736F72206E6F74D9
:10A4200020696E697469616C697A6564005374614E
:10A430007274696E6720424D452073656E736F724A
:10A44000005374617274696E6720424D45207365D4
:10A450006E736F72207468726561642E2E2E0042D6
:10A460004D452073656E736F722073746162696C01
:10A47000697A6174696F6E20636F6D706C65746565
:10A4800000424D452073656E736F722072756E6E5B
:10A49000696E6720696E20706F6C6C696E67206DE5
:10A4A0006F646500424D452073656E736F72207254
:10A4B000756E6E696E6720696E20706F6C6C696E68
:10A4C00067206D6F6465202831307320696E746574
:10A4D0007276616C290052656164696E6720424D35
:10A4E000452073656E736F7220646174612E2E2E29
:10A4F0000053656E736F72207265616420737563BB
:10A500006365737366756C2C206C6F6767696E6723
:10A510002F73656E64696E672E2E2E00543A256483
:10A520002E253032644320503A25642E2530326483
:10A5300068506120483A25642E2530326425252054
:10A540004761733A256C754F686D730A0053656EE9
:10A55000736F722072656164206661696C65640066
:10A56000626D655F73656E736F72004661696C65DD
:10A570006420746F206765742052454420636861CD
:10A580006E6E656C3A202564004661696C656420D6
:10A59000746F2067657420475245454E206368619B
:10A5A0006E6E656C3A202564004661696C656420B6
:10A5B000746F2067657420424C5545206368616E56
:10A5C0006E656C3A202564004661696C6564207490
:10A5D0006F20676574204952206368616E6E656CF8
:10A5E0003A202564004248313734392073656E7350
:10A5F0006F72206E6F742072656164790042483119
:10A600003734392073656E736F72206E6F742072E9
:10A61000656164790A0042483137343920636F6CD0
:10A620006F722073656E736F7220696E69746961F1
:10A630006C697A6564207375636365737366756CA2
:10A640006C79004248313734392073656E736F720C
:10A6500020696E697469616C697A65643A20257352
:10A660000A004248313734392073656E736F7220A7
:10A670006E6F7420696E697469616C697A65640AC9
:10A68000004661696C656420746F20666574636858
:10A690002073656E736F7220646174613A20256463
:10A6A000004248313734393A20523D25642C204746
:10A6B0003D25642C20423D25642C2049523D2564D3
:10A6C0000A005374617274696E67204248313734EE
:10A6D000392073656E736F72005374617274696EA2
:10A6E000672042483137343920636F6C6F722073B2
:10A6F000656E736F72207468726561642E2E2E0A07
:10A70000004248313734392073656E736F7220739D
:10A71000746162696C697A6174696F6E20636F6DD0
:10A72000706C6574650A00424831373439207365AE
:10A730006E736F722072756E6E696E6720696E201F
:10A74000706F6C6C696E67206D6F64650042483194
:10A750003734392073656E736F722072756E6E694F
:10A760006E6720696E20706F6C6C696E67206D6F0C
:10A770006465202831307320696E74657276616C6F
:10A78000290A0052656164696E6720424831373496
:10A790003920636F6C6F722073656E736F72206403
:10A7A0006174612E2E2E0A0053656E736F722072D3
:10A7B000656164207375636365737366756C2C20C3
:10A7C0006C6F6767696E672F73656E64696E672E5D
:10A7D0002E2E0A00523A256420473A256420423A38
:10A7E00025642049523A25640A0053656E736F72DE
:10A7F0002072656164206661696C65640A00626844
:10A80000313734395F73656E736F7200424D493270
:10A8100037303A2041583D25642E2530326420419E
:10A82000593D25642E2530326420415A3D25642E41
:10A83000253032642047583D25642E25303264206F
:10A8400047593D25642E2530326420475A3D256402
:10A850002E253032640A004661696C656420746F8D
:10A860002067657420414343454C20646174613A1C
:10A87000202564004661696C656420746F206765FB
:10A8800074204759524F20646174613A2025640056
:10A89000424D493237302073656E736F72206E6F90
:10A8A0007420726561647900424D493237302073FB
:10A8B000656E736F72206E6F742072656164790AC1
:10A8C00000424D4932373020494D552073656E7333
:10A8D0006F7220696E697469616C697A656420734E
:10A8E00075636365737366756C6C7900424D4932AC
:10A8F00037302073656E736F7220696E6974696199
:10A900006C697A65643A2025730A00424D493237F2
:10A91000302073656E736F72206E6F7420696E697C
:10A920007469616C697A65640A0053746172746950
:10A930006E6720424D493237302073656E736F72F7
:10A94000005374617274696E6720424D493237302A
:10A9500020494D552073656E736F7220746872655F
:10A9600061642E2E2E0A00424D4932373020736525
:10A970006E736F722073746162696C697A61746955
:10A980006F6E20636F6D706C6574650A00424D498F
:10A990003237302073656E736F722072756E6E6918
:10A9A0006E6720696E20706F6C6C696E67206D6FCA
:10A9B000646500424D493237302073656E736F72A3
:10A9C0002072756E6E696E6720696E20706F6C6C98
:10A9D000696E67206D6F6465202831307320696E61
:10A9E00074657276616C290A0052656164696E67EC
:10A9F00020424D4932373020494D552073656E73E2
:10AA00006F7220646174612E2E2E0A0041583A251F
:10AA1000642E253032642041593A25642E25303287
:10AA20006420415A3A25642E253032642047583A32
:10AA300025642E253032642047593A25642E25306E
:10AA4000326420475A3A25642E253032640A006267
:10AA50006D693237305F73656E736F7200414458B1
:10AA60004C3336323A20583D25642E25303264204E
:10AA7000593D25642E25303264205A3D25642E250B
:10AA8000303264206D2F735E320A004661696C6556
:10AA90006420746F2067657420414343454C5F58C0
:10AAA0003A202564004661696C656420746F2067F4
:10AAB000657420414343454C5F593A202564004664
:10AAC00061696C656420746F20676574204143433D
:10AAD000454C5F5A3A202564004144584C33363285
:10AAE0002073656E736F72206E6F7420726561647F
:10AAF00079004144584C3336322073656E736F725F
:10AB0000206E6F742072656164790A004661696C19
:10AB1000656420746F207365742073616D706C6957
:10AB20006E67206672657175656E63790041445881
:10AB30004C33363220616363656C65726F6D65748A
:10AB400065722073656E736F7220696E69746961D6
:10AB50006C697A6564207375636365737366756C7D
:10AB60006C79004144584C3336322073656E736FF4
:10AB70007220696E697469616C697A65643A20252E
:10AB8000730A00E29D8C204144584C3336322073C6
:10AB9000656E736F72206E6F7420696E697469617F
:10ABA0006C697A65640A005374617274696E672017
:10ABB0004144584C3336322073656E736F720053C4
:10ABC00074617274696E67204144584C3336322088
:10ABD000616363656C65726F6D6574657220736522
:10ABE0006E736F72207468726561642E2E2E0A0077
:10ABF0004144584C3336322073656E736F72207344
:10AC0000746162696C697A6174696F6E20636F6DDB
:10AC1000706C6574650A004144584C3336322073B9
:10AC2000656E736F722072756E6E696E6720696EE5
:10AC300020706F6C6C696E67206D6F6465004144B5
:10AC4000584C3336322073656E736F722072756E96
:10AC50006E696E6720696E20706F6C6C696E67201C
:10AC60006D6F64652028387320696E746572766133
:10AC70006C290A0052656164696E67204144584C32
:10AC800033363220616363656C65726F6D65746520
:10AC90007220646174612E2E2E0A00583A25642EAB
:10ACA0002530326420593A25642E25303264205AEA
:10ACB0003A25642E25303264206D2F735E320A00EF
:10ACC0006164786C3336325F73656E736F72000047
:10ACD000070E091C1B1215383F363124232A2D5725
:10ACE0004553545F544F504449522F7A65706879E8
:10ACF000722F6C69622F686561702F686561702EB4
:10AD000063006368756E6B5F7573656428682C20DB
:10AD1000632900415353455254494F4E20464149FF
:10AD20004C205B25735D20402025733A25640A0082
:10AD300009756E6578706563746564206865617017
:10AD40002073746174652028646F75626C652D666C
:10AD50007265653F2920666F72206D656D6F72792F
:10AD60002061742025700A006C6566745F636875E5
:10AD70006E6B28682C2072696768745F6368756EF3
:10AD80006B28682C20632929203D3D20630009633E
:10AD90006F72727570746564206865617020626F8F
:10ADA000756E64732028627566666572206F7665BD
:10ADB00072666C6F773F2920666F72206D656D6FCC
:10ADC00072792061742025700A006279746573209D
:10ADD0003E20686561705F666F6F7465725F62794F
:10ADE00074657328627974657329000968656170F8
:10ADF0002073697A6520697320746F6F20736D61A9
:10AE00006C6C0A00686561705F737A203E2063682D
:10AE1000756E6B737A2873697A656F6628737472BE
:10AE2000756374207A5F68656170292900636875AD
:10AE30006E6B305F73697A65202B206D696E5F637E
:10AE400068756E6B5F73697A65286829203C3D20C0
:10AE5000686561705F737A00574553545F544F5073
:10AE60004449522F7A65706879722F6C69622F6D30
:10AE7000656D5F626C6F636B732F6D656D5F626C88
:10AE80006F636B732E63006D656D5F626C6F636BD8
:10AE900020213D202828766F6964202A2930290046
:10AEA0006F75745F626C6F636B20213D202828767C
:10AEB0006F6964202A293029006D656D5F626C6FAF
:10AEC000636B2D3E6269746D617020213D202828DE
:10AED000766F6964202A293029006D656D5F626C88
:10AEE0006F636B2D3E62756666657220213D20287A
:10AEF00028766F6964202A293029006F6666736599
:10AF000074202B20636F756E74203C3D206D656D41
:10AF10005F626C6F636B2D3E696E666F2E6E756D32
:10AF20005F626C6F636B7300574553545F544F50AF
:10AF30004449522F7A65706879722F6C69622F6F5D
:10AF4000732F63627072696E74665F7061636B61A8
:10AF50006765642E630009537472696E67207769B0
:10AF6000746820746F6F206D616E792061726775EF
:10AF70006D656E74730A00097374725F7074725F2A
:10AF8000706F735B5D20746F6F20736D616C6C0A02
:10AF90000009756E65787065637465642073697AFD
:10AFA000652025750A0009746F6F206D616E792028
:10AFB000666F726D617420617267730A00696E5FFB
:10AFC0007061636B6167656420213D202828766F7E
:10AFD0006964202A2930290028756E7369676E65B7
:10AFE00064292063686172202A2075736564206675
:10AFF0006F722025257020617267756D656E742EE5
:10B000002049742773207265636F6D6D656E64658A
:10B010006420746F206361737420697420746F20DE
:10B02000766F6964202A20626563617573652069A3
:10B0300074206D6179206361757365206D69736239
:10B0400065686176696F7220696E206365727461EC
:10B05000696E20636F6E66696775726174696F6E81
:10B06000732E20537472696E673A22257322206111
:10B070007267756D656E743A256400736370795FED
:10B08000636E74203C2073697A656F6628637079FB
:10B090005F7374725F706F7329006B6565705F63B7
:10B0A0006E74203C2073697A656F66286B656570E5
:10B0B0005F7374725F706F73290063627072696E80
:10B0C00074665F7061636B61676500574553545FD9
:10B0D000544F504449522F7A65706879722F6C69C9
:10B0E000622F6F732F6D7073635F706275662E636E
:10B0F00000574553545F544F504449522F7A65705E
:10B100006879722F696E636C7564652F7A657068F3
:10B1100079722F7370696E6C6F636B2E68007A5F43
:10B120007370696E5F6C6F636B5F76616C696428C6
:10B130006C290009496E76616C6964207370696ED0
:10B140006C6F636B2025700A007A5F7370696E5FA5
:10B15000756E6C6F636B5F76616C6964286C290037
:10B16000094E6F74206D79207370696E6C6F636B1C
:10B170002025700A00574553545F544F504449529C
:10B180002F7A65706879722F6C69622F6F732F70D8
:10B190003477712E63007070203C3D205F6B5F70D0
:10B1A0003477715F696E6974706172616D5F6C692B
:10B1B00073745F656E640009756E6578706563749D
:10B1C0006564206C69737420656E64206C6F6361C4
:10B1D00074696F6E0A006974656D2D3E74687265DE
:10B1E0006164203D3D202828766F6964202A29303B
:10B1F0002900574553545F544F504449522F7A65A4
:10B20000706879722F6B65726E656C2F696E636CF6
:10B210007564652F6B73636865642E6800216172C5
:10B2200063685F6972715F756E6C6F636B656428CC
:10B230006B65792900090A007468726561642D3EA6
:10B24000626173652E70656E6465645F6F6E004F3A
:10B250007574206F6620776F726B657220746872E8
:10B26000656164732C207072696F726974792067EC
:10B27000756172616E7465652076696F6C61746565
:10B28000640070347771004661696C656420746F86
:10B29000207265626F6F743A207370696E6E696EAA
:10B2A0006720656E646C6573736C792E2E2E0A00B0
:10B2B000574553545F544F504449522F7A65706834
:10B2C00079722F6C69622F7574696C732F72622E9C
:10B2D000630069735F626C61636B286E6F646529DC
:10B2E000207C7C2069735F626C61636B2863686992
:10B2F0006C64290009626F7468206E6F6465732046
:10B300007265643F210A00574553545F544F5044BF
:10B3100049522F7A65706879722F6C69622F757443
:10B32000696C732F62697461727261792E63006D4A
:10B3300069736D617463685F62756E646C6520210A
:10B340003D203000626974617272617920213D2074
:10B350002828766F6964202A29302900626974617F
:10B36000727261792D3E6E756D5F62697473203EF5
:10B37000203000574553545F544F504449522F7A60
:10B3800065706879722F6C69622F7574696C732FA0
:10B390006F6E6F66662E63007374617465203D3D49
:10B3A00020305500217379735F736C6973745F6922
:10B3B000735F656D70747928266D67722D3E636CBE
:10B3C00069656E747329007472616E7369742021EB
:10B3D0003D202828766F6964202A2930290073745B
:10B3E000617465203D3D202831554C203C3C20288F
:10B3F000312929006D67722D3E72656673203D3DCF
:10B400002030007374617465203D3D202831554C17
:10B41000203C3C2028302929006D67722D3E726542
:10B420006673203E203000287374617465203D3DB2
:10B4300020282831554C203C3C2028322929207CCA
:10B44000202831554C203C3C20283129292929200D
:10B450007C7C20287374617465203D3D2028283150
:10B46000554C203C3C2028322929207C203055296D
:10B4700029207C7C20287374617465203D3D202840
:10B480002831554C203C3C2028322929207C20287A
:10B4900031554C203C3C202830292929290057458A
:10B4A00053545F544F504449522F7A6570687972F3
:10B4B0002F6C69622F7574696C732F6E6F74696677
:10B4C000792E6300574553545F544F504449522FCF
:10B4D0007A65706879722F6C69622F7574696C7304
:10B4E0002F72696E675F6275666665722E63004EC5
:10B4F0005653206E6F7420696E697469616C697A45
:10B50000656400436F756C64206E6F74206F6274A5
:10B5100061696E20666C61736820706172616D652F
:10B520007465727300556E737570706F72746564B4
:10B5300020777269746520626C6F636B2073697A1F
:10B540006500556E61626C6520746F2067657420BC
:10B550007061676520696E666F00496E76616C691F
:10B560006420736563746F722073697A6500436F3A
:10B570006E66696775726174696F6E206572726F4D
:10B5800072202D20736563746F7220636F756E7403
:10B5900000256420536563746F7273206F662025E5
:10B5A0006420627974657300616C6C6F63207772DC
:10B5B000613A2025642C202578006461746120772D
:10B5C00072613A2025642C202578004E6F20474375
:10B5D00020446F6E65206D61726B657220666F75B9
:10B5E0006E643A2072657374617274696E67206765
:10B5F0006300474320446F6E65206D61726B657216
:10B6000020666F756E640066735F6E767300496EB8
:10B6100076616C696420696E7374616E636500495C
:10B620006E76616C6964206261636B656E64206331
:10B630006F6E66696775726174696F6E00496E76C8
:10B64000616C696420696E7374616E63652C20653A
:10B650006E64706F696E74206F7220636F6E6669BE
:10B660006775726174696F6E00496E76616C6964AA
:10B6700020656E64706F696E7400456E64706F69EA
:10B680006E74206E6F74207265676973746572657D
:10B69000640A006970635F73657276696365006C44
:10B6A0006F6767696E6700574553545F544F504446
:10B6B00049522F7A65706879722F73756273797346
:10B6C0002F6C6F6767696E672F6C6F675F636F7250
:10B6D000652E63006C6F675F6261636B656E645FAC
:10B6E000636F756E745F6765742829203C20282875
:10B6F0003332202F20335529202D202831202B2094
:10B70000302929006261636B656E64203C3D205FD7
:10B710006C6F675F6261636B656E645F6C697374A5
:10B720005F656E64006C6F675F6261636B656E641A
:10B730005F636F756E745F6765742829203E2030E3
:10B74000006C6F67006C6F675F6D676D74004D65AF
:10B750007373616765202822257322292064726F24
:10B76000707065642062656361757365206974201B
:10B77000657863656564732073697A65206C696DAB
:10B7800069746174696F6E202825752900574553C7
:10B79000545F544F504449522F7A65706879722F24
:10B7A0007375627379732F6C6F6767696E672F6C3F
:10B7B0006F675F6D73672E6300706C656E203E3D32
:10B7C0002030004D6573736167652064726F70701F
:10B7D00065642062656361757365206974206578AE
:10B7E00063656564732073697A65206C696D69743B
:10B7F0006174696F6E202825752900574553545F81
:10B80000544F504449522F7A65706879722F73757E
:10B81000627379732F6C6F6767696E672F6C6F67E0
:10B820005F6F75747075742E63006F75745F6374E9
:10B83000782D3E636F6E74726F6C5F626C6F636BBA
:10B840002D3E6F6666736574203C3D206F75745F96
:10B850006374782D3E73697A65001B5B306D006CF4
:10B860006576656C203C3D203400257320005B2507
:10B8700030386C755D20005B253032753A253032EA
:10B88000753A253032752E253033752C25303375B9
:10B890005D200025732F003C25733E200025733A60
:10B8A0002000657272203E3D203000253032782025
:10B8B000007C00256300206D6573736167657320EC
:10B8C00064726F70706564202D2D2D0D0A1B5B3026
:10B8D0006D001B5B313B33316D2D2D2D20001B5B2B
:10B8E000313B33316D001B5B313B33336D0065728F
:10B8F000720077726E00696E6600646267006C6F3A
:10B90000675F6261636B656E645F72747400574554
:10B9100053545F544F504449522F7A65706879727E
:10B920002F7375627379732F6C6F6767696E672FFA
:10B930006261636B656E64732F6C6F675F626163D6
:10B940006B656E645F756172742E63006465766901
:10B9500063655F69735F726561647928756172748C
:10B960005F64657629006C6F675F6261636B656E0B
:10B97000645F75617274006C6F675F7561727400EB
:10B980004275666665722073697A65206973206204
:10B990006967676572207468616E20706167650011
:10B9A0004572726F72202564207768696C65206724
:10B9B000657474696E67207061676520696E666F73
:10B9C000004572726F72202564207768696C65206B
:10B9D00065726173696E6720706167650073747268
:10B9E00065616D5F666C6173685F666F72776172C7
:10B9F000645F65726173652025642072616E67659E
:10BA00003D30782530387A7800666C6173685F77EE
:10BA100072697465206572726F72202564206F668A
:10BA2000667365743D30782530387A7800666C61CD
:10BA300073682072656164206661696C65643A2090
:10BA400025640063616C6C6261636B206661696C84
:10BA500065643A20256400427566666572207369E4
:10BA60007A65206973206E6F7420616C69676E65FA
:10BA70006420746F206D696E696D616C20777269E6
:10BA800074652D626C6F636B2D73697A6500496E06
:10BA9000636F727265637420706172616D65746545
:10BAA000720053697A6520697320696E636F7272E0
:10BAB00065637400446576696365207365656D73BD
:10BAC00020746F206861766520302073697A650084
:10BAD0005265717565737465642072616E67652067
:10BAE0006F766572666C6F777320646576696365DF
:10BAF0002073697A650053545245414D5F464C416D
:10BB0000534800574553545F544F504449522F7A7D
:10BB100065706879722F7375627379732F757362AC
:10BB20002F6465766963652F7573625F64657669F6
:10BB300063652E63006366675F64617461203C3DEA
:10BB4000205F7573625F6366675F646174615F6CD9
:10BB50006973745F656E6400303132333435363763
:10BB6000383941424344454600574553545F544F8A
:10BB7000504449522F7A65706879722F73756273D9
:10BB800079732F7573622F6465766963652F75739A
:10BB9000625F64657363726970746F722E630072A2
:10BBA0006574203D3D203000094661696C65642064
:10BBB000746F2066696E642076616C696420624DE2
:10BBC00061785061636B657453697A65300A00620D
:10BBD00075665B61736369695F6964785F6D6178DD
:10BBE0005D203E2030783146202626206275665B37
:10BBF00061736369695F6964785F6D61785D203C3A
:10BC0000203078374600094F6E6C79207072696E6B
:10BC10007461626C652061736369692D37206368A4
:10BC200061726163746572732061726520616C6C0E
:10BC30006F77656420696E20555342207374726972
:10BC40006E672064657363726970746F72730A0043
:10BC50006364635F61636D5F756172743100626F0D
:10BC60006172645F6364635F61636D5F7561727469
:10BC700000757362776F726B7100666C6173685FD9
:10BC8000696D6700574553545F544F504449522FD4
:10BC90007A65706879722F7375627379732F736523
:10BCA0007474696E67732F7372632F73657474692C
:10BCB0006E67732E63006368203C3D205F7365747C
:10BCC00074696E67735F68616E646C65725F7374CC
:10BCD000617469635F6C6973745F656E640073653A
:10BCE000742D76616C7565206661696C7572652E60
:10BCF000206B65793A202573206572726F72282552
:10BD00006429002A2A2A20426F6F74696E67204DC9
:10BD100079204170706C69636174696F6E2076334D
:10BD20002E312E312D65326139376665323537381F
:10BD300061202A2A2A0A002A2A2A205573696E6756
:10BD4000206E524620436F6E6E6563742053444BE1
:10BD50002076332E312E312D6532613937666532CA
:10BD600035373861202A2A2A0A002A2A2A205573C0
:10BD7000696E67205A6570687972204F5320763457
:10BD80002E312E39392D6666386630633537396580
:10BD90006562202A2A2A0A00029ECADC240EE5A92E
:10BDA000E093F3A3B50200406E029ECADC240EE5C8
:10BDB000A9E093F3A3B50200406E029ECADC240EF4
:10BDC000E5A9E093F3A3B50300406E029ECADC240C
:10BDD0000EE5A9E093F3A3B50300406E029ECADC12
:10BDE000240EE5A9E093F3A3B50100406E62745FF1
:10BDF0006E7573006D757465785F696E6974206324
:10BE0000616C6C65642077697468204E554C4C20D9
:10BE1000706172616D6574657200436F756C64204A
:10BE20006E6F7420616C6C6F63617465206D7574E6
:10BE30006578206265666F726520696E69746961F4
:10BE40006C697A696E6700574553545F544F50448C
:10BE500049522F6E72662F7375627379732F7561F5
:10BE600072745F6173796E635F616461707465722F
:10BE70002F756172745F6173796E635F6164617065
:10BE80007465722E6300646576006465762D3E6489
:10BE90006174610021646174612D3E72782E6E655B
:10BEA00078745F6275665F6C656E00646174612DA5
:10BEB0003E72782E637572725F627566203E3D2019
:10BEC000646174612D3E72782E62756600646174DF
:10BED000612D3E72782E637572725F627566203EC8
:10BEE0003D20646174612D3E72782E6C6173745FC5
:10BEF0006E6F746966795F627566007461726765FA
:10BF0000745F646576203D3D20646174612D3E74EC
:10BF1000617267657400094952512068616E646CF2
:10BF200065722063616C6C65642077697468206158
:10BF300020636F6E74657874207468617420736513
:10BF4000656D7320756E696E697469616C697A6577
:10BF5000642E0A00646174612D3E74782E637572DC
:10BF6000725F62756600556E6578706563746564AE
:10BF7000206669666F2066696C6C206572723A2073
:10BF8000256400646174612D3E74782E637572724D
:10BF90005F627566203E3D20646174612D3E747859
:10BFA0002E62756600545820627566666572204E72
:10BFB000554C4C206F6E20747820636F6D706C65EB
:10BFC000746500556E65787065637465642065728C
:10BFD000726F72206F6E204649464F2064726F70F8
:10BFE00070696E673A20256400446174612072654F
:10BFF00063656976656420776974686F757420621B
:10C0000075666665722070726570617265642C2059
:10C0100064726F7070656420256420627974657342
:10C0200000556E6578706563746564206572726F23
:10C0300072206F6E204649464F20726561643A2037
:10C04000256400646174612D3E72782E73697A658F
:10C050005F6C656674203E3D207265740064657691
:10C060002D3E617069006465762D3E617069203DEA
:10C070003D2026756172745F6173796E635F6164E0
:10C0800061707465725F6472697665725F61706910
:10C09000000954686973206973206E6F742075619C
:10C0A00072745F6173796E635F61646170746572ED
:10C0B000206465766963650A00756172745F6173F7
:10C0C000796E635F616461707465720072302F61B4
:10C0D000313A2020307825303878202072312F6195
:10C0E000323A2020307825303878202072322F6183
:10C0F000333A20203078253038780072332F61347D
:10C100003A2020307825303878207231322F69700B
:10C110003A2020307825303878207231342F6C72F4
:10C120003A20203078253038780020787073723AC1
:10C130002020307825303878004661756C74696E3F
:10C140006720696E737472756374696F6E206164C1
:10C15000647265737320287231352F7063293A2019
:10C1600030782530387800556E68616E646C65648F
:10C17000204952516E3A202564002A2A2A2A2A2070
:10C180004D5055204641554C54202A2A2A2A2A002F
:10C190002020537461636B696E67206572726F72E1
:10C1A0002028636F6E746578742061726561206DFC
:10C1B00069676874206265206E6F742076616C69AF
:10C1C0006429002020556E737461636B696E67206B
:10C1D0006572726F72002020446174612041636354
:10C1E0006573732056696F6C6174696F6E002020EF
:10C1F0004D4D46415220416464726573733A20305C
:10C20000782578002020496E737472756374696FA5
:10C210006E204163636573732056696F6C61746946
:10C220006F6E002020466C6F6174696E672D706FB1
:10C23000696E74206C617A79207374617465207002
:10C240007265736572766174696F6E206572726F64
:10C250007200574553545F544F504449522F7A65EA
:10C26000706879722F617263682F61726D2F636FCE
:10C2700072652F636F727465785F6D2F6661756C80
:10C28000742E6300212828285343425F5479706537
:10C29000202A292028283078453030304530303069
:10C2A000554C29202B20307830443030554C2920F3
:10C2B000292D3E434653522026202831554C203C00
:10C2C0003C20283055202B2034552929290009539A
:10C2D0007461636B696E67206F72204461746120C2
:10C2E0004163636573732056696F6C6174696F6E27
:10C2F000206572726F7220776974686F757420732D
:10C300007461636B2067756172642C20757365724C
:10C310002D6D6F6465206F72206E756C6C2D706F63
:10C32000696E74657220646574656374696F6E0A02
:10C330000A002A2A2A2A2A205553414745204641E5
:10C34000554C54202A2A2A2A2A002020446976693A
:10C3500073696F6E206279207A65726F00202055B4
:10C360006E616C69676E6564206D656D6F727920B2
:10C37000616363657373002020537461636B206F86
:10C38000766572666C6F772028636F6E746578745B
:10C390002061726561206E6F742076616C6964291A
:10C3A0000020204E6F20636F70726F636573736F30
:10C3B0007220696E737472756374696F6E73002096
:10C3C00020496C6C6567616C206C6F6164206F66DE
:10C3D000204558435F52455455524E20696E746F44
:10C3E000205043002020496C6C6567616C20757398
:10C3F00065206F66207468652045505352002020E8
:10C40000417474656D707420746F20657865637510
:10C41000746520756E646566696E656420696E7307
:10C420007472756374696F6E002A2A2A2A2A204260
:10C430005553204641554C54202A2A2A2A2A0020A6
:10C4400020537461636B696E67206572726F72004E
:10C450002020507265636973652064617461206295
:10C460007573206572726F7200202042464152201F
:10C47000416464726573733A203078257800202017
:10C48000496D7072656369736520646174612062CF
:10C490007573206572726F72002020496E7374721A
:10C4A000756374696F6E20627573206572726F7246
:10C4B00000526573657276656420457863657074B3
:10C4C000696F6E20280053707572696F75732069EB
:10C4D0006E74657272757074202849525120005331
:10C4E0005053454C20696E20746872656164206DFC
:10C4F0006F646520646F6573206E6F7420696E646D
:10C500006963617465205053500065736620213D56
:10C51000202828766F6964202A293029000945538C
:10C520004620636F756C64206E6F742062652072A4
:10C53000657472696576656420737563636573738A
:10C5400066756C6C792E205368616C6C206E657614
:10C550006572206F636375722E0A002A2A2A2A2ABE
:10C560002048415244204641554C54202A2A2A2A28
:10C570002A002020427573206661756C74206F6EEE
:10C5800020766563746F72207461626C65207265D9
:10C5900061640020204465627567206576656E746D
:10C5A0000020204661756C7420657363616C617452
:10C5B000696F6E20287365652062656C6F7729004E
:10C5C000415243485F455843455054207769746849
:10C5D00020726561736F6E2025780A0009466175C7
:10C5E0006C7420657363616C6174696F6E20776928
:10C5F00074686F75742046535220696E666F0A0026
:10C6000009486172644661756C7420776974686F5B
:10C610007574204846535220696E666F20536861D6
:10C620006C6C206E65766572206F636375720A00AC
:10C630002A2A2A2A2A204465627567206D6F6E694E
:10C64000746F7220657863657074696F6E202A2A32
:10C650002A2A2A002A2A2A2A2A2025732025642900
:10C66000202A2A2A2A2A00574553545F544F5044FF
:10C6700049522F7A65706879722F617263682F61F1
:10C68000726D2F636F72652F636F727465785F6D63
:10C690002F6972715F6D616E6167652E63007072E4
:10C6A000696F203C3D20282831554C203C3C2028F7
:10C6B000332929202D2031290009696E76616C69A2
:10C6C00064207072696F7269747920256420666FC6
:10C6D0007220256420697271212076616C75657302
:10C6E000206D757374206265206C657373207468A7
:10C6F000616E20256C750A0A006D707500466169CF
:10C700006C656420746F20616C6C6F63617465206C
:10C710006E6577204D505520726567696F6E2025D4
:10C72000750A00506172746974696F6E2025753ADC
:10C730002073616E69747920636865636B2066613C
:10C74000696C65642E00496E76616C696420756E53
:10C750006465726C79696E6720726567696F6E20B7
:10C76000696E64657820257500574553545F544FB2
:10C77000504449522F7A65706879722F61726368EC
:10C780002F61726D2F636F72652F6D70752F6172DF
:10C790006D5F6D70752E630009436F6E6669677516
:10C7A00072696E6720257520737461746963204D0A
:10C7B000505520726567696F6E73206661696C659C
:10C7C000640A0A00094D61726B696E672025752045
:10C7D000617265617320666F722064796E616D6944
:10C7E0006320726567696F6E73206661696C65644A
:10C7F0000A0A00095265717565737420746F2063AD
:10C800006F6E6669677572653A2025752072656777
:10C81000696F6E732028737570706F727465643AF7
:10C82000202575290A0A002128726567696F6E5BE9
:10C830006964785D2E64745F6174747220262028A8
:10C8400031554C203C3C20283029292900095241EF
:10C850004D5F4E4F434143484520776974682044FB
:10C86000545F4D454D5F434143484541424C45204F
:10C870006174747269627574650A0A0009466169B7
:10C880006C656420746F20616C6C6F6361746520EB
:10C890004D505520726567696F6E732066726F6DBB
:10C8A0002044540A0A00464C4153485F300053521A
:10C8B000414D5F3000574553545F544F50444952E7
:10C8C0002F7A65706879722F6C69622F6C69626368
:10C8D0002F7069636F6C6962632F61737365727423
:10C8E0002E63006578697400574553545F544F5068
:10C8F0004449522F7A65706879722F6C69622F6E85
:10C9000065745F6275662F6275662E630062756678
:10C910002D3E666C616773203D3D20305500627589
:10C92000662D3E6672616773203D3D202828766F34
:10C930006964202A293029007265715F73697A65FC
:10C94000203C3D2073697A650066726167006E6500
:10C95000745F62756600574553545F544F504449A5
:10C96000522F7A65706879722F6C69622F6E6574C8
:10C970005F6275662F6275665F73696D706C652E98
:10C9800063006275662D3E6C656E203D3D2030551E
:10C99000006275662D3E6C656E203E3D206C656EB6
:10C9A000006E65745F6275665F73696D706C655F5C
:10C9B00068656164726F6F6D2862756629203E3DFF
:10C9C000206C656E006E65745F6275665F73696D7D
:10C9D000706C655F7461696C726F6F6D28627566EB
:10C9E00029203E3D206C656E006E65745F62756641
:10C9F0005F73696D706C6500574553545F544F50B9
:10CA00004449522F7A65706879722F736F632F6E65
:10CA10006F726469632F6E726635332F736F632E86
:10CA20006300736F6300574553545F544F5044493C
:10CA3000522F6D6F64756C65732F68616C2F6E6F0C
:10CA4000726469632F6E7266782F68616C2F6E72E4
:10CA5000665F6770696F2E68006E72665F677069E7
:10CA60006F5F70696E5F70726573656E745F636827
:10CA700065636B282A705F70696E290057455354AF
:10CA80005F544F504449522F7A65706879722F7302
:10CA90006F632F6E6F726469632F6E726635332F0A
:10CAA0006E726635335F6370756E65745F6D676D4A
:10CAB000742E6300726574203E3D2030005745534C
:10CAC000545F544F504449522F6D6F64756C6573B9
:10CAD0002F68616C2F6E6F726469632F6E72667857
:10CAE0002F68616C2F6E72665F7370752E680021FF
:10CAF00028705F7265672D3E455854444F4D41493B
:10CB00004E5B646F6D61696E5F69645D2E50455266
:10CB10004D20262028307831554C203C3C202838A8
:10CB2000554C29292900000000012B2C2A1E5745AD
:10CB300053545F544F504449522F7A65706879724C
:10CB40002F7375627379732F6D676D742F6D6375B5
:10CB50006D67722F6D676D742F7372632F6D676DC4
:10CB6000742E630068616E646C6572203C3D205FCA
:10CB70006D63756D67725F68616E646C65725F6C22
:10CB80006973745F656E640072630067726F7570BD
:10CB900000574553545F544F504449522F7A6570A3
:10CBA0006879722F7375627379732F6D676D742F47
:10CBB0006D63756D67722F6772702F696D675F6D3A
:10CBC000676D742F696E636C7564652F6D676D7426
:10CBD0002F6D63756D67722F6772702F696D675F58
:10CBE0006D676D742F696D675F6D676D745F7072CF
:10CBF00069762E6800736C6F74203E3D20302026CD
:10CC00002620736C6F74203C202832203C3C20315D
:10CC1000290009496D706F737369626C6520736CCC
:10CC20006F74206E756D6265720A004661696C658D
:10CC30006420746F206F70656E20666C617368206D
:10CC4000617265612049442025753A2025640046BB
:10CC500061696C656420746F207265616420646131
:10CC600074612066726F6D20666C617368206172FA
:10CC700065613A202564004661696C656420746FC3
:10CC800020657261736520666C61736820617265EE
:10CC9000613A202564004661696C656420746F20E8
:10CCA0007265616420646174612066726F6D2066D4
:10CCB0006C6173683A2025640004020108736C6F8C
:10CCC000740076657273696F6E003C3F3F3F3E00B3
:10CCD000626F6F7461626C650070656E64696E6727
:10CCE00000636F6E6669726D656400616374697676
:10CCF00065007065726D616E656E7400696D616767
:10CD000065730073706C6974537461747573004655
:10CD1000616C656420626F6F745F7365745F6E65CC
:10CD20007874207769746820636F64652025642CAB
:10CD300020666F7220736C6F742025642C207769D5
:10CD400074682061637469766520736C6F74202544
:10CD50006420616E6420636F6E6669726D20256465
:10CD600000636F6E6669726D000A02042568752E95
:10CD70002568752E256875002E257500736C6F74F7
:10CD800073004661696C656420746F206F70656E16
:10CD900020736C6F7420256420666F7220696E6644
:10CDA0006F726D6174696F6E206665746368696E19
:10CDB000673A2025640075706C6F61645F696D610E
:10CDC00067655F6964006F6666007368610075700F
:10CDD000677261646500496D6167652075706C6F8D
:10CDE000616420696E7370656374206661696C6547
:10CDF000643A2025640049727265636F76657261DA
:10CE0000626C65206572726F723A20666C6173683D
:10CE1000207772697465206661696C65643A2025C3
:10CE20006400050501010101060101010103020180
:10CE30000101030303030103030106066D63756D1E
:10CE400067725F696D675F6772700071756572798F
:10CE500000626F6F746C6F61646572004D43556260
:10CE60006F6F74006275665F73697A6500627566DC
:10CE70005F636F756E74006D63756D67725F6F735E
:10CE80005F677270004661696C656420746F206F23
:10CE900070656E20666C6173682061726561004622
:10CEA00061696C656420746F2067657420666C61CD
:10CEB0007368206172656120646576696365004608
:10CEC00061696C656420746F2065726173652066AA
:10CED0006C6173682061726561006D63756D677266
:10CEE0005F7A62617369635F67727000574553547C
:10CEF0005F544F504449522F7A65706879722F738E
:10CF000075627379732F6D676D742F6D63756D67BF
:10CF1000722F7472616E73706F72742F7372632FDD
:10CF2000736D702E630028736D70742D3E66756E80
:10CF30006374696F6E732E6F757470757420213D04
:10CF4000202828766F6964202A293029290009526F
:10CF500065717569726564207472616E73706F7249
:10CF600074206F75747075742066756E6374696F64
:10CF70006E20706F696E7465722063616E6E6F747F
:10CF8000206265204E554C4C0A006D63756D6772CA
:10CF900020736D70006D63756D67725F736D7000E7
:10CFA0004E756C6C20637064206F626A65637420D8
:10CFB000666F7220636F6E6E656374696F6E202595
:10CFC0007000426C7565746F6F746820534D50200B
:10CFD0007472616E73706F727420726567697374B6
:10CFE0006572206661696C6564202865727220250F
:10CFF000642900574553545F544F504449522F7A87
:10D0000065706879722F7375627379732F6D676DB0
:10D01000742F6D63756D67722F7472616E73706FAC
:10D0200072742F7372632F736D705F62742E63005E
:10D0300002487C997411269EAE014ECEFB28782EB4
:10D04000DA02487C997411269EAE014ECEFB2878F8
:10D050002EDA0284AA6074528A8B86D34CB71D1DC7
:10D06000DC538D574553545F544F504449522F7AE7
:10D0700065706879722F7375627379732F72746932
:10D080006F2F7274696F5F6578656375746F722E48
:10D0900063007472616E73616374696F6E20213D09
:10D0A00020636861696E6564000945787065637422
:10D0B000656420636861696E6564206F72207472B4
:10D0C000616E73616374696F6E20666C61672C209A
:10D0D0006E6F7420626F74680A006E6F6465202141
:10D0E0003D202828766F6964202A293029000945C7
:10D0F0007870656374656420612076616C69642072
:10D100007375626D697373696F6E20696E207468E0
:10D1100065207175657565207768696C6520696E35
:10D120002061207472616E73616374696F6E206F29
:10D130007220636861696E0A007274696F5F657856
:10D14000656375746F7200574553545F544F504474
:10D1500049522F7A65706879722F7375627379738B
:10D160002F7274696F2F7274696F5F696E69742EA4
:10D1700063007371655F706F6F6C203C3D205F7260
:10D1800074696F5F7371655F706F6F6C5F6C6973EB
:10D19000745F656E64006371655F706F6F6C203CD7
:10D1A0003D205F7274696F5F6371655F706F6F6C54
:10D1B0005F6C6973745F656E640000FFFFFFFFFFC3
:10D1C000FF00000000000000FFFFFFFFFFFF000066
:10D1D000000000003031323334353637383961627F
:10D1E000636465660062745F72706100496E737596
:10D1F0006666696369656E74206E756D626572201E
:10D200006F6620617267756D656E74730049676E35
:10D210006F72696E67206964656E7469746965739D
:10D220002073746F72656420696E20666C61736828
:10D2300000496E76616C6964206C656E6774682065
:10D240004944206164647265737320696E2073744D
:10D250006F726167650062742F25732F25303278F5
:10D2600025303278253032782530327825303278C2
:10D270002530327825752F25730062742F25732F82
:10D2800025303278253032782530327825303278A2
:10D2900025303278253032782575007365747469CD
:10D2A0006E67735F7375627379735F696E697420FB
:10D2B0006661696C656420286572722025642900A6
:10D2C00062742F2573004661696C656420746F2059
:10D2D000736176652049442028657272202564298F
:10D2E00000556E61626C6520746F20736574757093
:10D2F00020616E206964656E74697479206164646C
:10D30000726573730062740062745F73657474692C
:10D310006E6773004254204C572057510002FB3473
:10D320009B5F800000800010000000000000574557
:10D3300053545F544F504449522F7A657068797244
:10D340002F7375627379732F626C7565746F6F7468
:10D35000682F686F73742F6275662E63007479701E
:10D3600065203D3D2042545F4255465F455654205E
:10D370007C7C2074797065203D3D2042545F42558D
:10D38000465F41434C5F494E207C7C207479706538
:10D39000203D3D2042545F4255465F49534F5F490F
:10D3A0004E0009496E76616C696420627566666537
:10D3B0007220747970652072657175657374656427
:10D3C0000A00574553545F544F504449522F7A65D1
:10D3D000706879722F696E636C7564652F7A6570F9
:10D3E0006879722F626C7565746F6F74682F6275DF
:10D3F000662E68006D6574612D3E706172656E7495
:10D400000076696577006E65745F6275665F686552
:10D410006164726F6F6D28706172656E7429203E51
:10D420002030002162745F6275665F6861735F76A9
:10D4300069657728706172656E74290062745F6235
:10D4400075660062745F6461746100446174612098
:10D45000627566666572206F766572666C6F77209E
:10D46000286C696E6B2074797065203078253032B5
:10D47000782900556E61626C6520746F206C6F6F47
:10D480006B20757020636F6E6E20776974682068FA
:10D49000616E646C6520257500556E61626C652057
:10D4A000746F206C6F6F6B757020636F6E6E20668B
:10D4B0006F722068616E646C65202575004861722A
:10D4C0006477617265206572726F722C2068617278
:10D4D000647761726520636F64653A202564004358
:10D4E0006F756C64206E6F74207375626D69742043
:10D4F00072785F776F726B3A20256400556E6162B7
:10D500006C6520746F20616C6C6F63617465206260
:10D51000756666657200556E68616E646C65642040
:10D520006576656E7420307825303278206C656EB3
:10D530002025753A202573004E6F2070656E646952
:10D540006E67207065726970686572616C20636FC8
:10D550006E6E656374696F6E00556E657870656395
:10D56000746564207374617475732030782530326B
:10D5700078202573004E6F20636F6D6D616E64209F
:10D5800073656E7420666F7220636D6420636F6DC7
:10D59000706C65746520307825303478004F7043A6
:10D5A0006F64652030782530347820636F6D706C3F
:10D5B0006574656420696E7374656164206F6620AC
:10D5C0006578706563746564203078253034780040
:10D5D000574553545F544F504449522F7A657068F1
:10D5E00079722F7375627379732F626C7565746FBE
:10D5F0006F74682F686F73742F6863695F636F72ED
:10D60000652E63002162756600546F6F20736D6133
:10D610006C6C2028257520627974657329206576E5
:10D62000656E742030782530327800496E76616CF2
:10D630006964204843492041434C207061636B6515
:10D64000742073697A6520282575290041434C2090
:10D6500064617461206C656E677468206D69736DB8
:10D66000617463682028257520213D2025752900D7
:10D67000556E61626C6520746F2066696E6420630C
:10D680006F6E6E20666F722068616E646C65202517
:10D690007500496E76616C6964204843492065765F
:10D6A000656E742073697A65202825752900627477
:10D6B0005F6863695F6576745F6765745F666C61F8
:10D6C0006773286864722D3E6576742920262028A9
:10D6D00031554C203C3C202831292900556E6B6E79
:10D6E0006F776E20627566207479706520257500ED
:10D6F000556E68616E646C65642076656E646F72E9
:10D700002D7370656369666963206576656E742044
:10D71000307825303278206C656E2025753A2025CA
:10D720007300696E74657276616C206578636565F7
:10D730006473207468652076616C69642072616E20
:10D74000676520307825303478006C6174656E63CD
:10D7500079206578636565647320746865207661F7
:10D760006C69642072616E6765203078253034788A
:10D7700000737570765F74696D656F757420657878
:10D780006365656473207468652076616C696420E4
:10D7900072616E6765203078253034780065767464
:10D7A000206E756D5F68616E646C657320283D2521
:10D7B000752920746F6F206C617267652028257A47
:10D7C00075203E20257529004E6F20636F6E6E65B3
:10D7D0006374696F6E20666F722068616E646C6539
:10D7E000202575007061636B65747320636F756EBF
:10D7F00074206D69736D617463680061746F6D6925
:10D80000635F6765742826636F6E6E2D3E696E5F79
:10D810006C6C29004661696C656420746F207365C7
:10D8200074207265717569726564207365637572C1
:10D83000697479206C6576656C004E6F2063686151
:10D840006E676520746F20656E6372797074696F9E
:10D850006E2073746174652028656E6372797074CC
:10D86000203078253032782900756E6B6E6F776EB8
:10D87000006576745F666C616773202620283155D9
:10D880004C203C3C202830292900496E76616C6987
:10D8900064206275662074797065202575005B30A0
:10D8A0005D00484349207472616E73706F72743A00
:10D8B00020257300495043004964656E746974798A
:10D8C00025733A202573004964656E746974795B29
:10D8D00025645D3A202573004843493A20766572F5
:10D8E00073696F6E202573202830782530327829AF
:10D8F000207265766973696F6E20307825303478D0
:10D900002C206D616E75666163747572657220306E
:10D910007825303478004C4D503A20766572736922
:10D920006F6E2025732028307825303278292073B7
:10D93000756276657220307825303478004E6F201D
:10D94000494420616464726573732E2041707020B5
:10D950006D7573742063616C6C2073657474696E8B
:10D9600067735F6C6F6164282900556E61626C6536
:10D9700020746F2073656E6420746F206472697602
:10D9800065722028657272202564290009556E6130
:10D99000626C6520746F20616C6C6F6320666F72BF
:10D9A00020486F7374204E43500A0009556E61621F
:10D9B0006C6520746F2073656E6420486F737420EB
:10D9C0004E43502028657272202564290A00556E46
:10D9D00061626C6520746F206C6F6F6B20757020B6
:10D9E000636F6E6E207769746820696E6465782055
:10D9F000307825303278004E6F74207265706F7207
:10DA000074696E67207061636B657420666F722045
:10DA10006E6F6E2D636F6E6E656374656420636FE9
:10DA20006E6E00556E61626C6520746F20616C6C67
:10DA30006F63617465206E65772048434920636F8A
:10DA40006D6D616E64004F7574206F6620636F6D3D
:10DA50006D616E64206275666665727300556E63F3
:10DA60006C65617265642070656E64696E672073B1
:10DA7000656E745F636D64007375636365737300D3
:10DA800009636F6D6D616E64206F70636F646520F4
:10DA90003078253034782074696D656F75740A00AC
:10DAA00009436F6E74726F6C6C657220756E72656F
:10DAB00073706F6E736976652C20636F6D6D616E28
:10DAC00064206F70636F646520307825303478206F
:10DAD00074696D656F7574207769746820657272FA
:10DAE0002025640A006F70636F64652030782530EC
:10DAF00034782073746174757320307825303278EF
:10DB0000202573004661696C656420746F2072651E
:10DB1000616420444C45206D61782064617461200B
:10DB20006C656E0074785F6F6374657473206578DC
:10DB30006365656473207468652076616C69642030
:10DB400072616E67652025750074785F74696D6514
:10DB50002065786365656473207468652076616C00
:10DB600069642072616E676520257500436F6E746D
:10DB7000726F6C6C657220746F20686F73742066AE
:10DB80006C6F7720636F6E74726F6C206E6F742091
:10DB9000737570706F72746564004E6F6E2D4C45B6
:10DBA0002063617061626C6520636F6E74726F6C6C
:10DBB0006C657220646574656374656421004E75DC
:10DBC0006D206F6620436F6E74726F6C6C65722788
:10DBD000732041434C207061636B65747320213D59
:10DBE0002041434C2062745F636F6E6E5F747820D7
:10DBF000636F6E74657874732028257520213D202D
:10DC00002575290041434C2042522F454452206241
:10DC1000756666657273206E6F7420696E697469CB
:10DC2000616C697A65640056656E646F7220484362
:10DC30004920657874656E73696F6E73206E6F74BA
:10DC400020617661696C61626C6500485720506C98
:10DC50006174666F726D3A20257320283078253004
:10DC60003478290048572056617269616E743A20F1
:10DC70002573202830782530347829004669726D64
:10DC8000776172653A202573202830782530327804
:10DC9000292056657273696F6E2025752E257520B3
:10DCA0004275696C64202575004661696C65642065
:10DCB000746F207265616420737570706F72746523
:10DCC000642076656E646F7220636F6D6D616E6443
:10DCD00073004661696C656420746F2072656164CD
:10DCE00020737570706F727465642076656E646FF2
:10DCF00072206665617475726573004843492064DB
:10DD00007269766572206973206E6F742072656126
:10DD1000647900425420525820575100484349200A
:10DD2000647269766572206F70656E206661696CD9
:10DD300065642028256429006576742D3E7374611E
:10DD4000747573203D3D2030783030004E6F207068
:10DD5000656E64696E6720636F6E6E20666F7220F9
:10DD60007065657220257300556E65787065637403
:10DD7000656420484F53545F4E554D5F434F4D509F
:10DD80004C455445445F5041434B4554532C2073FC
:10DD900074617475732030782530327820257300D3
:10DDA00091FBFBF3F4FBFBFBFBEA0009090909010A
:10DDB00002090909090909090909090907090909DC
:10DDC00009090609090909090909090909090909C6
:10DDD00009090905312E306200312E3100312E3211
:10DDE00000322E3000322E3100332E3000342E30EF
:10DDF00000342E3100342E3200352E3000352E31D5
:10DE000000352E3200352E3300352E3400362E30BC
:10DE100000362E31005374616E6461726420426C6E
:10DE20007565746F6F746820636F6E74726F6C6C5D
:10DE300065720056656E646F722073706563696603
:10DE4000696320636F6E74726F6C6C6572004669F3
:10DE5000726D77617265206C6F61646572005265E6
:10DE60007363756520696D616765007265736572BE
:10DE7000766564006E5246353178006E5246353212
:10DE800078006E5246353378006E52463534487805
:10DE9000006E524635344C7800496E74656C2043F0
:10DEA0006F72706F726174696F6E004E6F72646929
:10DEB000632053656D69636F6E647563746F720080
:10DEC0004E58502053656D69636F6E647563746F4F
:10DED00072730062745F6863695F636F7265006389
:10DEE0006D6420646973616C6C6F7765640057457D
:10DEF00053545F544F504449522F7A657068797279
:10DF00002F7375627379732F626C7565746F6F749C
:10DF1000682F686F73742F69642E6300636F6E6679
:10DF20006C69637420213D202828766F6964202A5B
:10DF300029302900636F6E666C6963742D3E6361DE
:10DF40006E64696461746520213D202828766F69BC
:10DF500064202A293029007265736964656E742013
:10DF6000213D202828766F6964202A29302900283D
:10DF7000636F6E666C6963742D3E63616E64696481
:10DF80006174652D3E737461746520262042545F70
:10DF90004B4559535F49445F414444454429203D22
:10DFA0003D2030004661696C656420746F206469AF
:10DFB0007361626C6520616464726573732072655D
:10DFC000736F6C7574696F6E005265736F6C7669F0
:10DFD0006E67206C6973742073697A652065786355
:10DFE00065656465642E20537769746368696E673C
:10DFF00020746F20686F73742E004661696C6564CD
:10E0000020746F20636C656172207265736F6C752C
:10E0100074696F6E206C697374004661696C656425
:10E0200020746F206164642049524B20746F206318
:10E030006F6E74726F6C6C657200536574207072D1
:10E040006976616379206D6F646520636F6D6D61C2
:10E050006E64206973206E6F7420737570706F72B8
:10E06000746564004661696C656420746F20736533
:10E07000742070726976616379206D6F64650062E7
:10E08000745F6465762E6C652E726C5F656E74725B
:10E09000696573203E20300044697361626C696E6B
:10E0A000672061646472657373207265736F6C7549
:10E0B00074696F6E206661696C6564202865727290
:10E0C00020256429004661696C656420746F2072A4
:10E0D000656D6F76652049524B2066726F6D2063C7
:10E0E0006F6E74726F6C6C6572004F6E6C7920721B
:10E0F000616E646F6D207374617469632069646517
:10E100006E746974792061646472657373207375C9
:10E1100070706F7274656400496E76616C6964201A
:10E12000696E70757420706172616D65746572736B
:10E13000004661696C656420746F207265616420BB
:10E140007075626C696320616464726573730052F8
:10E15000656164205374617469632041646472650D
:10E160007373657320636F6D6D616E64206E6F7481
:10E1700020617661696C61626C65004661696C65FD
:10E180006420746F207265616420737461746963C4
:10E1900020616464726573736573004E6F207374DD
:10E1A000617469632061646472657373657320735D
:10E1B000746F72656420696E20636F6E74726F6C29
:10E1C0006C65720043616E27742073657420626F02
:10E1D0007468204944454E544954592026204E52D3
:10E1E00050410062745F696400546F6F2062696718
:10E1F000206164766572746973696E672064617406
:10E2000061004661696C656420746F20737461728B
:10E210007420616476657274697365720046616921
:10E220006C656420746F2073746F70206164766510
:10E2300072746973696E673A20256400436F6E7467
:10E24000726F6C6C65722063616E6E6F74207265A4
:10E2500073756D6520636F6E6E65637461626C6566
:10E26000206164766572746973696E67202825641D
:10E27000290062745F61647600574553545F544FC0
:10E28000504449522F7A65706879722F696E636CB9
:10E290007564652F7A65706879722F7379732F6250
:10E2A0007974656F726465722E68002828707372C5
:10E2B00063203C20706473742026262028707372BB
:10E2C00063202B206C656E67746829203C3D2070AC
:10E2D00064737429207C7C202870737263203E2034
:10E2E00070647374202626202870647374202B2099
:10E2F0006C656E67746829203C3D207073726329D9
:10E30000290009536F7572636520616E642064652E
:10E310007374696E6174696F6E206275666665728A
:10E3200073206D757374206E6F74206F7665726CD8
:10E3300061700A007073615F63727970746F5F69F6
:10E340006E69742829206661696C65642025640003
:10E350007073615F67656E65726174655F72616E2F
:10E36000646F6D2829206661696C656420256400EE
:10E370004661696C656420746F20696D706F72749A
:10E3800020414553206B6579202564004145532089
:10E39000656E6372797074696F6E206661696C6511
:10E3A00064202564004661696C656420746F206494
:10E3B000657374726F7920414553206B6579202510
:10E3C000640062745F686F73745F63727970746FF6
:10E3D000004661696C656420746F2067656E6572C4
:10E3E00061746520454343206B65792025640046B0
:10E3F00061696C656420746F206578706F72742039
:10E40000454343207075626C6963206B65792025F4
:10E4100064004661696C656420746F206578706F74
:10E420007274204543432070726976617465206B75
:10E430006579202564004661696C656420746F20ED
:10E4400064657374726F7920454343206B6579204E
:10E450004944202564004661696C656420746F201E
:10E46000696D706F7274207468652070726976616E
:10E470007465206B657920666F72206B6579206109
:10E48000677265656D656E74202564005261772042
:10E490006B65792061677265656D656E7420666174
:10E4A000696C6564202564004661696C656420744C
:10E4B0006F2064657374726F7920746865206B6572
:10E4C00079202564007073615F696D706F72745F8D
:10E4D0006B657928292072657475726E6564207386
:10E4E00074617475732025640042757379207065BA
:10E4F00072666F726D696E6720616E6F74686572A7
:10E500002045434448206F7065726174696F6E00E6
:10E51000E69D350E480103CCDBFDF4AC1191F4EF20
:10E52000B9A5F9E9A7832C5E2CBE97F2D203B020DF
:10E530008BD28915D08E1C742430ED8FC245637642
:10E540005C15525ABF9A32636DEB2A65499C80DC98
:10E5500062745F65636300574553545F544F504482
:10E5600049522F7A65706879722F73756273797367
:10E570002F626C7565746F6F74682F686F73742F7A
:10E58000636F6E6E2E63006362203C3D205F627499
:10E590005F636F6E6E5F63625F6C6973745F656EFD
:10E5A000640069735F61636C5F636F6E6E28636F95
:10E5B0006E6E29004661696C656420726561642035
:10E5C00072656D6F74652066656174757265732020
:10E5D00028256429004661696C6564204C452053F8
:10E5E0006574205048592028256429004661696CCB
:10E5F000656420746F207365742064617461206C9D
:10E60000656E2028256429006B5F63757272656EE4
:10E61000745F6765742829203D3D206B5F776F72BA
:10E620006B5F71756575655F7468726561645F675E
:10E6300065742874785F6E6F746966795F776F723E
:10E640006B71756575655F676574282929000963B5
:10E650006F756C646E2774207375626D6974202801
:10E66000657272202564290A00556E6578706563AD
:10E67000746564206669727374204C324341502083
:10E680006672616D6500556E65787065637465646A
:10E69000204C3243415020636F6E74696E75617413
:10E6A000696F6E004E6F7420656E6F7567682062CB
:10E6B000756666657220737061636520666F72208F
:10E6C0004C32434150206461746100556E6578702E
:10E6D00065637465642041434C20666C61677320F8
:10E6E00028307825303278290041434C206C656E03
:10E6F000206D69736D6174636820282575203E2044
:10E7000025752900746D7020213D20636F6E6E00A9
:10E710007072657620213D2026636F6E6E2D3E5F00
:10E72000636F6E6E5F72656164790009496E766130
:10E730006C696420636F6E6E656374696F6E2072BE
:10E7400065666572656E63650A006F6C64203E20C5
:10E75000300009436F6E6E207265666572656E6388
:10E760006520636F756E74657220697320300A00CE
:10E7700028756E6B6E6F776E29006E6F20747261F4
:10E780006E736974696F6E20257300496E76616CD3
:10E7900069642028257529206F6C64207374617466
:10E7A0006500636F6E6E202570206661696C65641C
:10E7B00020746F2065737461626C6973682E2052D7
:10E7C00046206E6F6973653F006E6F2076616C69DD
:10E7D000642028257529207374617465207761731E
:10E7E0002073657400696E636F6D70617469626C2B
:10E7F000652068616E646C6520257500696E6465CE
:10E8000078203E3D203020262620696E64657820E1
:10E810003C20282873697A655F7429202828286994
:10E820006E74292073697A656F6628636861725B0C
:10E8300031202D2032202A202128215F5F62756936
:10E840006C74696E5F74797065735F636F6D70610E
:10E850007469626C655F70285F5F747970656F665C
:10E860005F5F2861636C5F636F6E6E73292C205F3E
:10E870005F747970656F665F5F28262861636C5FDF
:10E88000636F6E6E73295B305D2929295D29202D08
:10E89000203129202B202873697A656F66286163EF
:10E8A0006C5F636F6E6E7329202F2073697A656FBA
:10E8B00066282861636C5F636F6E6E73295B305DE1
:10E8C000292929290009496E76616C6964206274DE
:10E8D0005F636F6E6E20706F696E7465720A0021DF
:10E8E0006B5F69735F696E5F697372282900546991
:10E8F0006D656F7574206469736361726465642EFD
:10E90000204E6F20626C6F636B696E6720696E20AA
:10E9100073797377712E00556E61626C6520746F28
:10E9200020616C6C6F6361746520627566666572E8
:10E930002077697468696E2074696D656F757400FD
:10E9400009496E76616C696420636F6E6E2074791C
:10E9500070652025750A00636F6E6E2025703A2061
:10E960006E6F7420636F6E6E656374656400094E2C
:10E970006F20636F6E74726F6C6C65722062756667
:10E98000730A00094E6F20545820636F6E746578C7
:10E99000740A0030207C7C20286275662D3E7265EA
:10E9A00066203D3D203129207C7C20286275662D23
:10E9B0003E726566203D3D203229002162745F620F
:10E9C00075665F6861735F76696577286F757473C4
:10E9D00069646529006672616720213D20282876D8
:10E9E0006F6964202A2930290009496E76616C69B3
:10E9F0006420636F6E6E656374696F6E20747970E6
:10EA0000652025750A00466174616C206572726F1D
:10EA10007220282564292E20446973636F6E6E6509
:10EA20006374696E6720257000466F756E6420768A
:10EA3000616C696420636F6E6E656374696F6E20CC
:10EA40002825702920776974682061646472657371
:10EA50007320257320696E2025732073746174659B
:10EA6000200009496E76616C696420636F6E6E20C8
:10EA700073746174652025750A0053656E64204CBB
:10EA80004520706172616D207570646174652066E7
:10EA900061696C65642028657272202564290053C1
:10EAA000656E64206175746F204C452070617261E1
:10EAB0006D20757064617465206661696C656420A1
:10EAC00028657272202564290000000101010101FE
:10EAD0000203646973636F6E6E65637465640064DA
:10EAE0006973636F6E6E6563742D636F6D706C65B3
:10EAF0007465007363616E2D6265666F72652D6962
:10EB00006E6974696174696E6700696E69746961C0
:10EB100074696E672D66696C7465722D6C697374A7
:10EB2000006164762D636F6E6E65637461626C65FF
:10EB3000006164762D6469722D636F6E6E65637417
:10EB400061626C6500646973636F6E6E656374699E
:10EB50006E670062745F636F6E6E00556E61626C0B
:10EB60006520746F20616C6C6F63617465206275E1
:10EB70006666657220666F72206F7020307825306F
:10EB80003278004E6F20617661696C61626C65203D
:10EB90004C3243415020636F6E7465787420666F09
:10EBA0007220636F6E6E20257000574553545F547A
:10EBB0004F504449522F7A65706879722F7375628D
:10EBC0007379732F626C7565746F6F74682F686FDB
:10EBD00073742F6C326361702E630073203D3D208F
:10EBE000266C655F6368616E2D3E5F7064755F7251
:10EBF00065616479006F6C6400666368616E203CD7
:10EC00003D205F62745F6C326361705F6669786536
:10EC1000645F6368616E5F6C6973745F656E6400E6
:10EC2000457870656374696E6720757020746F2015
:10EC3000256420726566732C20676F74202564003C
:10EC4000636F6E6E2D3E7374617465203D3D20428E
:10EC5000545F434F4E4E5F434F4E4E4543544544E1
:10EC600000616C72656164792068617665207669FF
:10EC70006577206F6E202570006669666F5F70642F
:10EC800075203D3D20706475004C32434150206C2E
:10EC9000656E677468206D69736D617463682028A0
:10ECA000257520213D2025752900496E76616C6906
:10ECB00064206964656E742076616C756520696E88
:10ECC000204C324341502050445500496E76616CCF
:10ECD0006964204C4520636F6E6E20706172616DB7
:10ECE000207273702073697A652028257520213D74
:10ECF00020257A75290052656A656374696E6720FC
:10ED0000756E6B6E6F776E204C32434150205044CD
:10ED10005520636F64652030782530327800546F59
:10ED20006F20736D616C6C204C32434150207369CD
:10ED3000676E616C696E672050445500546F6F2098
:10ED4000736D616C6C204C3243415020504455200F
:10ED500072656365697665640049676E6F72696E96
:10ED600067206461746120666F7220756E6B6E6FD0
:10ED7000776E206368616E6E656C20494420307840
:10ED8000253034780062745F6C32636170004E6FBE
:10ED900020617661696C61626C6520415454206326
:10EDA0006F6E7465787420666F7220636F6E6E206C
:10EDB0002570004E6F20617661696C61626C652020
:10EDC000415454206368616E6E656C20666F7220DA
:10EDD000636F6E6E20257000556E61626C652074E5
:10EDE0006F2063726561746520555549443A2073FC
:10EDF000697A6520257500556E61626C6520746FB7
:10EE00002063726561746520555549443A207369E1
:10EE10007A65202564004E6F7420636F6E6E6563A3
:10EE200074656400556E61626C6520746F2066695C
:10EE30006E6420415454206368616E6E656C0041BD
:10EE40005454206368616E6E656C206E6F7420632D
:10EE50006F6E6E656374656400574553545F544F1D
:10EE6000504449522F7A65706879722F73756273B6
:10EE700079732F626C7565746F6F74682F686F7328
:10EE8000742F6174742E63006E65745F6275665FC3
:10EE9000706F6F6C5F676574286275662D3E706F6A
:10EEA0006F6C5F696429203D3D20266174745F703A
:10EEB0006F6F6C006275662D3E6C656E203E3D2066
:10EEC00073697A656F6628737472756374206274EF
:10EED0005F6174745F68647229004572726F72209A
:10EEE0007369676E696E6720646174610052616E58
:10EEF000206F7574206F66205458206275666665B1
:10EF00007273206F7220636F6E74657874732E0055
:10EF1000476F74206572722025642C206E6F7420F8
:10EF200063616C6C696E6720415454206362000910
:10EF3000556E6B6E6F776E206F70207479706520E0
:10EF40003078253032580A00415454204D54552011
:10EF500065786365656465642C206D61782025752E
:10EF60002C2077616E74656420257A7500546F6F6C
:10EF700020736D616C6C20415454205044552072B4
:10EF80006563656976656400556E68616E646C657D
:10EF9000642041545420636F6465203078253032FA
:10EFA0007800496E76616C6964206C656E20257509
:10EFB00020666F7220636F64652030782530327868
:10EFC000004E6F20415454206368616E6E656C2062
:10EFD000666F72204D545520257A75004E6F207053
:10EFE000656E64696E672041545420726571756561
:10EFF000737400446973636F6E6E656374696E67E2
:10F00000206661696C656420286572722025642918
:10F01000004154542054696D656F757420666F7299
:10F02000206465766963652025732E2044697363C7
:10F030006F6E6E656374696E672E2E2E0072657139
:10F040000062745F61747400434D414320757064C5
:10F05000617465206661696C6564202564004661A1
:10F06000696C656420746F206465636F64652076E5
:10F07000616C7565202865727220257A64290046C6
:10F0800061696C656420746F2073617665204461EA
:10F0900074616261736520486173682028657272CB
:10F0A0002025642900574553545F544F504449521A
:10F0B0002F7A65706879722F7375627379732F6216
:10F0C0006C7565746F6F74682F686F73742F6761E8
:10F0D00074742E6300656C20213D202828766F69AA
:10F0E00064202A293029000943616E277420736146
:10F0F0007665204346202F2043434320746F2066CB
:10F100006C6173680A006661696C656420746F20C5
:10F1100073746F72652053432028657272202564D2
:10F120002900756E61626C6520746F20736176656D
:10F130002053433A206E6F20636667206C656674C7
:10F1400000546F6F206D616E7920436C69656E7439
:10F1500020436861726163746572697374696320C6
:10F16000436F6E66696775726174696F6E2E2053A6
:10F17000656520434F4E4649475F42545F534554AF
:10F1800054494E47535F4343435F53544F52455F87
:10F190004D41580A0076616C75655F6C656E206F35
:10F1A000662025752070726F766964656420666FCD
:10F1B00072204E554C4C2076616C756500496E7618
:10F1C000616C6964206B6579006661696C656420B7
:10F1D000746F2064656C65746520534320286572E4
:10F1E0007220256429004661696C656420746F2073
:10F1F000636C65617220534320256400556E616223
:10F200006C6520746F206465636F6465206164645D
:10F210007265737320257300496E76616C69642092
:10F220006C6F63616C206964656E74697479202504
:10F230006C7500556E61626C6520746F2072657329
:10F24000746F72652053433A206E6F2063666720A7
:10F250006C656674004E6F20737061636520746F17
:10F260002073746F72652043434320636667004ECA
:10F270006F20737061636520746F2073746F7265A3
:10F2800020436C69656E7420537570706F7274657D
:10F290006420466561747572657300556E61626CB9
:10F2A0006520746F20726573746F72652043463AEF
:10F2B000206E6F20636667206C656674004368612A
:10F2C0006E67652D61776172652073746174757303
:10F2D000206E6F7420666F756E6420696E20736592
:10F2E0007474696E67732C2064656661756C7469EB
:10F2F0006E67207065657220737461747573207415
:10F300006F206368616E67652D756E6177617265E8
:10F310000052656164206261636B206261642063F6
:10F3200068616E67652D61776172652076616C75C5
:10F33000653A20307825782C2064656661756C7498
:10F34000696E6720706565722073746174757320CF
:10F35000746F206368616E67652D756E6177617289
:10F3600065004661696C656420746F2073746F7208
:10F370006520436C69656E742046656174757265BD
:10F380007320286572722025642900737461746982
:10F39000635F737663203C3D205F62745F676174D6
:10F3A000745F736572766963655F737461746963B2
:10F3B0005F6C6973745F656E6400556E61626C6545
:10F3C00020746F20696D706F727420746865206B93
:10F3D000657920666F722041455320434D4143209B
:10F3E000256400434D4143206F7065726174696FFD
:10F3F0006E20696E6974206661696C65642025649D
:10F4000000434D41432066696E69736820666169F7
:10F410006C65642025640062742F6363630009696E
:10F420006E76616C696420706172616D657465727D
:10F430000A0A00617474720052656164206D65741B
:10F44000686F64206E6F7420736574004661696C28
:10F45000656420746F2072656164206174747269E0
:10F4600062757465202570202865727220257A6483
:10F470002900496E76616C69642072656164206C54
:10F48000656E6774683A20257A6400094E6F206DB6
:10F490006F726520617474726962757465730A0AAB
:10F4A000004C696E6B206973206E6F7420656E630B
:10F4B0007279707465640044657669636520697368
:10F4C000206E6F7420737562736372696265642065
:10F4D000746F2063686172616374657269737469C3
:10F4E00063004E6F206275666665722061766169A1
:10F4F0006C61626C6520746F2073656E6420696E48
:10F500006469636174696F6E00706172616D73002C
:10F5100009696E76616C696420706172616D6574F1
:10F520006572730A0A00706172616D732D3E6174B9
:10F530007472207C7C20706172616D732D3E7575D4
:10F540006964002161746F6D69635F746573745FD2
:10F550006269742873632D3E666C6167732C205357
:10F56000435F494E4449434154455F50454E4449E9
:10F570004E47290009496E64696361746520616CB6
:10F5800072656164792070656E64696E670A004314
:10F590004343202570206E6F742077726974616216
:10F5A0006C6500534320726573746F726520696ED9
:10F5B0006469636174696F6E206661696C6564007B
:10F5C0004E6F2062756666657220617661696C6156
:10F5D000626C6520746F2073656E64206E6F746951
:10F5E0006669636174696F6E004661696C65642069
:10F5F000746F207365742073656375726974792004
:10F60000666F7220626F6E6465642070656572203B
:10F6100028256429004661696C656420746F207335
:10F62000746F7265204343437320286572722025EE
:10F6300064290062742F686173680062742F6366C6
:10F640000062742F73630062745F676174740055A5
:10F650006E61626C6520746F2066696E6420534D24
:10F6600050206368616E6E656C005075626C6963F2
:10F67000206B6579206E6F7420617661696C6162C0
:10F680006C65004661696C656420746F2067656E07
:10F6900065726174652044484B65790043616C6311
:10F6A000756C61746520636F6E6669726D2066614A
:10F6B000696C656400556E6B6E6F776E2070616962
:10F6C00072696E67206D6574686F642028257529DE
:10F6D0000043616C63756C617465204C544B20660B
:10F6E00061696C65640043616C63756C617465206D
:10F6F0006C6F63616C2044484B6579206368656377
:10F700006B206661696C65640043616C63756C6154
:10F7100074652072656D6F74652044484B6579206F
:10F72000636865636B206661696C65640052656D32
:10F730006F7465207075626C6963206B65792072E7
:10F74000656A65637465640052656D6F74652069F0
:10F7500073207573696E6720446562756720507504
:10F76000626C6963206B65790052656365697665D3
:10F770006420696E76616C6964207075626C69637F
:10F78000206B6579004E6F20617661696C61626CF7
:10F790006520534D5020636F6E7465787420666FDA
:10F7A0007220636F6E6E20257000556E61626C650D
:10F7B00020746F20676574206B65797320666F72A3
:10F7C00020257300574553545F544F504449522FDE
:10F7D0007A65706879722F7375627379732F626CB2
:10F7E0007565746F6F74682F686F73742F736D70A5
:10F7F0002E63005075626C6963206B6579207265B9
:10F800002D67656E65726174696F6E2072657175C2
:10F81000657374206661696C65642028256429001D
:10F820006D757465785F657272203D3D20300050C3
:10F8300075626C6963206B65792067656E657261BE
:10F8400074696F6E2074696D656F757400546865B6
:10F8500020696E2D70726F677265737320706169B5
:10F8600072696E6720686173206265656E206465E9
:10F870006C657465642100534D5020646F6573207E
:10F880006E6F7420616C6C6F77206120706169729B
:10F89000696E67206661696C757265206174207499
:10F8A00068697320706F696E742E204B6E6F776E6F
:10F8B0002069737375652E20446973636F6E6E657E
:10F8C0006374696E6720696E73746561642E005499
:10F8D0006F6F20736D616C6C20534D5020504455F8
:10F8E00020726563656976656400534D5020636FCF
:10F8F0006D6D616E642028636F64652030782530FB
:10F900003278292072656365697665642061667462
:10F9100065722074696D656F757400526563656901
:10F9200076656420726573657276656420534D5008
:10F9300020636F64652030782530327800556E681A
:10F94000616E646C656420534D5020636F64652064
:10F9500030782530327800556E657870656374654F
:10F960006420534D5020636F646520307825303219
:10F970007800496E76616C6964206964656E7469AB
:10F980007479202573002128736D702D3E72656D8A
:10F990006F74655F64697374202620307830322973
:10F9A000005265667573696E67206E6577207061B9
:10F9B0006972696E672E20546865206F6C642062DE
:10F9C0006F6E64206D75737420626520756E706152
:10F9D000697265642066697273742E002162745FB7
:10F9E00069645F66696E645F636F6E666C69637499
:10F9F000286E65775F626F6E642C2030290070611D
:10FA00006972696E67206661696C6564202870653B
:10FA1000657220726561736F6E20307825782900D9
:10FA20004E6F206B65797320737061636520666F1C
:10FA30007220257300534D502054696D656F7574A5
:10FA4000000005061F1F2918120308020305080AF3
:10FA50000008010304010504050906070101060663
:10FA6000080000010001000301000302020100027E
:10FA70000000000000020301000362745F736D70F8
:10FA800000574553545F544F504449522F7A657084
:10FA90006879722F7375627379732F626C756574F0
:10FAA0006F6F74682F686F73742F6B6579732E6333
:10FAB000006B65797320213D202828766F696420CA
:10FAC0002A293029006164647220213D202828768B
:10FAD0006F6964202A2930290066756E6320213DF4
:10FAE000202828766F6964202A2930290046616918
:10FAF0006C656420746F20726561642076616C753A
:10FB000065202865727220257A642900556E61622D
:10FB10006C6520746F2066696E642064656C657422
:10FB20006564206B65797320666F722025730046CB
:10FB300061696C656420746F20616C6C6F636174C3
:10FB400065206B65797320666F7220257300496E9E
:10FB500076616C6964206B6579206C656E6774688A
:10FB600020257A6420213D20257A75004661696C44
:10FB7000656420746F2073617665206B65797320EE
:10FB800028657272202564290062742F6B65797371
:10FB90000062745F6B657973006C888391AAF5A528
:10FBA0003860370BDB5A6083BE62745F63727970B2
:10FBB000746F004661696C656420746F20636F6DBB
:10FBC00070757465204D4143202564006D63756236
:10FBD0006F6F745F646675005553424420657665A7
:10FBE0006E74206D656D6F727920636F72727570BF
:10FBF00074656400574553545F544F504449522F25
:10FC00007A65706879722F647269766572732F7580
:10FC100073622F6465766963652F7573625F6463D1
:10FC20005F6E7266782E6300757362645F776F72C1
:10FC30006B710065705F63747800555342442065B2
:10FC400076656E7420616C6C6F636174696F6E2091
:10FC50006661696C65642100556E6B6E6F776E200E
:10FC600055534220706F776572206576656E7420FB
:10FC70002564006E6F742061747461636865642C20
:10FC800020455020307825303278206576656E74B6
:10FC90002064726F707065640065705F6374782DA6
:10FCA0003E6366672E74797065203D3D2055534252
:10FCB0005F44435F45505F434F4E54524F4C0009E1
:10FCC000496E76616C6964206576656E74206F6E2E
:10FCD000204354524C2045502E0A006E5246205567
:10FCE000534244207472616E73666572206572724D
:10FCF0006F7220284F5554293A20307825303278B9
:10FD0000004661696C656420746F20616C6C6F6380
:10FD1000206576740055534244206576656E7420E4
:10FD200071756575652066756C6C2100556E6B6E1E
:10FD30006F776E2055534244206576656E743A2085
:10FD400025686400556E6578706563746564206528
:10FD500076656E7420286E7266785F7573626429AA
:10FD60003A2025642C2065702030782530327800C8
:10FD70005F65705F7374617475735F676574206627
:10FD800061696C65642120436F64653A20256400D5
:10FD900061646472203D3D202875696E74385F741B
:10FDA0002928284E52465F555342445F5479706566
:10FDB0002A292030783530303336303030554C29D0
:10FDC0002D3E55534241444452000955534220416F
:10FDD00064647265737320696E636F7272656374B5
:10FDE000210A00696E76616C696420656E64706FCB
:10FDF000696E7420636F6E66696775726174696F8E
:10FE00006E00696E76616C696420656E64706F69FE
:10FE10006E7420696E6465782F61646472657373B3
:10FE200000696E76616C696420656E64706F696EDE
:10FE30007420747970650069736F20656E64706FEB
:10FE4000696E742063616E206F6E6C79206265202C
:10FE500069736F004550206D6178207061636B6538
:10FE6000742073697A65206D7573742062652061F2
:10FE700020706F776572206F662032005354414CBA
:10FE80004C20756E737570706F72746564206F6E40
:10FE90002049534F20656E64706F696E7400456E23
:10FEA00064706F696E742030782530327820697301
:10FEB000206E6F7420656E61626C6564006E5246E0
:10FEC0002055534244207772697465206572726FC1
:10FED000723A20256400037573625F6E7266780063
:10FEE000574553545F544F504449522F7A657068B8
:10FEF00079722F647269766572732F7573622F63DE
:10FF00006F6D6D6F6E2F6E72665F757362645F6387
:10FF10006F6D6D6F6E2F6E72665F757362645F6377
:10FF20006F6D6D6F6E2E630028282828657020265F
:10FF3000203078383029203D3D2030783830292055
:10FF40002626202828657020262030784629203C47
:10FF500020392929207C7C2028282865702026200B
:10FF60003078383029203D3D203029202626202891
:10FF700028657020262030784629203C2039292900
:10FF800029006D5F6472765F7374617465203D3D16
:10FF9000204E5246585F4452565F53544154455F79
:10FFA000494E495449414C495A4544006B5F736579
:10FFB0006D5F636F756E745F6765742826646D612D
:10FFC0005F617661696C61626C6529203D3D20311D
:10FFD000006D5F6472765F7374617465203D3D20CF
:10FFE0004E5246585F4452565F53544154455F50F9
:10FFF0004F57455245445F4F4E0028282873697A71
:020000040005F5
:10000000652026202873697A65202D203129292032
:100010003D3D203029207C7C20282865702026202A
:100020003078462920213D20302929002873697A1B
:100030006520213D203029207C7C202828657020E7
:1000400026203078462920213D20302900282828E4
:10005000657020262030784629203E3D2038292012
:100060002626202873697A65203C3D2075736264DA
:100070005F65705F69736F5F6361706163697479F5
:10008000286570292929207C7C2028212828657052
:1000900020262030784629203E3D2038292026265B
:1000A000202873697A65203C3D2036342929006573
:1000B00076656E745F68616E646C657200705F7403
:1000C00072616E7366657220213D202828766F6903
:1000D00064202A29302900282865702026203078BD
:1000E000383029203D3D203078383029207C7C2054
:1000F00028705F7472616E736665722D3E705F6406
:100100006174612E7278203D3D202828766F6964E5
:10011000202A29302929207C7C20286E7266785F6D
:1001200069735F696E5F72616D28705F7472616E72
:10013000736665722D3E705F646174612E727829FA
:100140002900216E72665F757362645F636F6D6D07
:100150006F6E5F73757370656E645F636865636B04
:10016000282900705F73746174652D3E6D6F726530
:100170005F7472616E73616374696F6E730074781B
:100180005F73697A65203C3D2036340065705F738B
:10019000697A65203E3D20646174615F73697A65A8
:1001A0000028705F7472616E736665722D3E705FB9
:1001B000646174612E7278203D3D202828766F6935
:1001C00064202A29302929207C7C206E7266785F81
:1001D00069735F696E5F72616D28705F7472616EC2
:1001E000736665722D3E705F646174612E7278294A
:1001F000007472616E736665722E73697A65203D54
:100200003D2030007472616E736665722E73697A78
:1002100065203D3D2072785F73697A65002128284A
:10022000657020262030784629203E3D2038290060
:10023000282865702026203078383029203D3D2040
:100240003029006D5F6472765F737461746520217C
:100250003D204E5246585F4452565F5354415445D8
:100260005F554E494E495449414C495A4544006EE8
:1002700072665F757362645F636F6D6D6F6E0006AB
:100280000105010401070203010502020103020541
:1002900004010101020103010401060108010C012E
:1002A00010011801200140018043616E6E6F7420BF
:1002B00073746172742073616D706C696E673A203B
:1002C000307825303878004661696C656420746F39
:1002D00020696E697469616C697A65206465766904
:1002E00063653A202573004661696C656420746F0C
:1002F00020736574206275666665723A2025303811
:100300007800496E76616C6964206368616E6E6521
:100310006C2049443A2025640053656C656374651C
:100320006420414443206761696E206973206E6FC9
:10033000742076616C69640053656C6563746564F0
:1003400020414443207265666572656E636520696D
:1003500073206E6F742076616C69640053656C6500
:1003600063746564204144432061637175697369F6
:1003700074696F6E2074696D65206973206E6F7487
:100380002076616C69640043616E6E6F7420636FE8
:100390006E666967757265206368616E6E656C2054
:1003A00025643A20256400496E76616C6964207387
:1003B000656C656374696F6E206F66206368616E3B
:1003C0006E656C73004368616E6E656C20257520E8
:1003D0006E6F7420636F6E66696775726564004E38
:1003E0006F206368616E6E656C20636F6E6669670F
:1003F0007572656400414443207265736F6C757457
:10040000696F6E2076616C756520256420697320A4
:100410006E6F742076616C6964004F7665727361EB
:100420006D706C696E6720697320737570706F7280
:1004300074656420666F722073696E676C652063F3
:1004400068616E6E656C206F6E6C79004F766572B8
:1004500073616D706C696E672076616C75652025BF
:1004600064206973206E6F742076616C6964005734
:100470004553545F544F504449522F7A6570687900
:10048000722F647269766572732F6164632F616481
:10049000635F6E7266785F73616164632E630028C8
:1004A000696E74657276616C5F7573203C3D2031B6
:1004B000323855292026262028696E7465727661A7
:1004C0006C5F7573203E2030290050726F7669642E
:1004D00065642062756666657220697320746F6F4B
:1004E00020736D616C6C202825752F2575290043BC
:1004F000616E6E6F742073746172742073616D70BD
:100500006C696E673A202564006164634065303031
:1005100030006164635F6E7266785F73616164630B
:10052000004661696C656420746F2073656E642099
:100530002865727220256429004E6F7420656E6FE5
:100540007567682064617461202825752920666FAD
:1005500072206576656E7420686561646572202816
:10056000257A7529004576656E74207061796C6F07
:100570006164206C656E677468206973206E6F74A7
:1005800020636F72726563742028257520213D20D9
:1005900025752900436F756C646E277420616C6C3F
:1005A0006F636174652061206275666665722061A3
:1005B000667465722077616974696E6720313020D6
:1005C0007365636F6E64732E004E6F7420656E6F7B
:1005D00075676820737061636520696E2062756657
:1005E00066657220257A752F257A75004E6F742006
:1005F000656E6F75676820646174612028257529B0
:1006000020666F722041434C2068656164657220EA
:1006100028257A7529004E6F20617661696C6162C8
:100620006C652041434C20627566666572732100DB
:1006300041434C207061796C6F6164206C656E671A
:100640007468206973206E6F7420636F72726563C3
:10065000742028257520213D20257529004E6F74B2
:1006600020656E6F75676820646174612028257548
:100670002920666F722049534F2068656164657256
:100680002028257A7529004E6F20617661696C619A
:10069000626C652049534F206275666665727320EF
:1006A00028257A7529210049534F207061796C6F94
:1006B0006164206C656E677468206973206E6F7466
:1006C00020636F72726563742028257520213D2098
:1006D000256C752900556E6B6E6F776E2048434907
:1006E0002074797065202575004843492074726133
:1006F0006E73706F727420736574757020666169B3
:100700006C656420776974683A2025640A00495052
:1007100043207365727669636520696E7374616ED8
:10072000636520696E697469616C697A6174696F67
:100730006E206661696C65643A2025640A00526522
:10074000676973746572696E6720656E64706F693E
:100750006E74206661696C65642077697468202511
:100760006400456E64706F696E742062696E6469BE
:100770006E67206661696C656420776974682025FE
:10078000640044657265676973746572696E672099
:1007900048434920656E64706F696E7420666169B4
:1007A0006C656420776974683A20256400436C6F37
:1007B00073696E672049504320736572766963657B
:1007C000206661696C656420776974683A202564E5
:1007D00000484349207472616E73706F72742074A4
:1007E000656172646F776E206661696C65642077FD
:1007F0006974683A2025640062745F6863695F69A0
:10080000706330006E72665F62745F686369006275
:10081000745F6863695F6472697665720062745FB1
:100820006863695F6E726635335F737570706F727F
:100830007400574553545F544F504449522F7A65C2
:10084000706879722F647269766572732F636C6F4A
:10085000636B5F636F6E74726F6C2F636C6F636B2F
:100860005F636F6E74726F6C5F6E72662E6300747E
:10087000797065203C20434C4F434B5F434F4E54AF
:10088000524F4C5F4E52465F545950455F434F554F
:100890004E5400636C6F636B4035303030006866D7
:1008A000636C6B006C66636C6B006866636C6B31C9
:1008B00039326D006866636C6B617564696F0063E3
:1008C0006C6F636B5F636F6E74726F6C00656E74D8
:1008D000726F70795F62745F686369005745535443
:1008E0005F544F504449522F6E72662F647269767E
:1008F0006572732F656E74726F70792F656E747286
:100900006F70795F63633378782E63006465762057
:10091000213D202828766F6964202A293029006328
:10092000727970746F403530383434303030006E46
:1009300052463533343020616E6F6D616C792031F1
:10094000353920636F6E646974696F6E73206465F6
:10095000746563746564005365742074686520432E
:10096000505520636C6F636B20746F203634204DBC
:10097000487A206265666F7265207374617274696B
:100980006E672051535049206F7065726174696FB2
:100990006E0063696E737472202530327820747231
:1009A000616E7366657220746F6F206C6F6E673A4C
:1009B00020257A7500636C656172004A45444543A1
:1009C000206964205B25303278202530327820255C
:1009D0003032785D20657870656374205B25303235
:1009E00078202530327820253032785D005244530B
:1009F00052206661696C65643A2025640051452087
:100A00002573206661696C65643A2025640072650F
:100A10006164206572726F723A20616464726573FA
:100A200073206F722073697A6520657863656564E9
:100A3000732065787065637465642076616C756594
:100A4000732E416464723A203078256C7820736983
:100A50007A6520257A7500777269746520657272EF
:100A60006F723A2061646472657373206F722073D1
:100A7000697A65206578636565647320657870655B
:100A8000637465642076616C7565732E416464726D
:100A90003A203078256C782073697A6520257A753C
:100AA000006572617365206572726F723A206164CD
:100AB0006472657373206F722073697A652065783C
:100AC000636565647320657870656374656420761A
:100AD000616C7565732E416464723A203078256CC0
:100AE000782073697A6520257A7500756E73757044
:100AF000706F72746564206174203078256C782082
:100B000073697A6520257A7500776169742065724A
:100B1000726F72206174203078256C782073697A46
:100B20006520257A75006572617365206572726F44
:100B300072206174203078256C782073697A652082
:100B4000257A75006D78323572363433356640302B
:100B500000717370695F6E6F7200696E76616C69A7
:100B60006420616464726573733A2030782530388C
:100B70006C783A257A7500756E616C69676E65648C
:100B800020616464726573733A2030782530386C64
:100B9000783A257A75006E6F7420776F72642D61D4
:100BA0006C69676E65643A2030782530386C783A25
:100BB000257A7500666C6173682D636F6E74726F51
:100BC0006C6C657240333930303000666C6173682C
:100BD0005F6E726600574553545F544F50444952FC
:100BE0002F7A65706879722F696E636C7564652FF2
:100BF0007A65706879722F647269766572732F678F
:100C000070696F2F6770696F5F7574696C732E6898
:100C100000094E6F2063616C6C6261636B210A0096
:100C200063616C6C6261636B2D3E68616E646C65C0
:100C30007200094E6F2063616C6C6261636B2068A7
:100C4000616E646C6572210A00574553545F544FBE
:100C5000504449522F7A65706879722F64726976B0
:100C60006572732F6770696F2F6770696F5F6E723F
:100C700066782E6300657272203D3D204E524658C4
:100C80005F53554343455353006770696F40383491
:100C900032383030006770696F4038343235303068
:100CA00000693263004E65656420746F207573655A
:100CB0002074686520696E7465726E616C20647260
:100CC0006976657220627566666572206275742049
:100CD0006974732073697A6520697320696E73750E
:100CE0006666696369656E7420282575202B20254A
:100CF00075203E202575292E2041646A7573742065
:100D0000746865207A65706879722C636F6E6361B0
:100D1000742D6275662D73697A65206F72207A650D
:100D2000706879722C666C6173682D6275662D6DC2
:100D300061782D73697A652070726F70657274794D
:100D40002028746865206F6E652077697468206755
:100D50007265617465722076616C75652920696EB3
:100D6000207468652022257322206E6F64652E0032
:100D70006932634039303030006932635F6E7266C9
:100D8000785F7477696D00756E737570706F7274CB
:100D9000656420737065656400547279696E6720BC
:100DA000746F207472616E73666572206D6F726508
:100DB000207468616E20746865206D6178696D7556
:100DC0006D2073697A6520666F722074686973207C
:100DD0006465766963653A202564203E20256400B9
:100DE00074785F6D61736B20746F6F206269672028
:100DF000286F72204950435F434F4E465F4E554D1A
:100E000020746F6F20736D616C6C290072785F6D58
:100E100061736B20746F6F2062696720286F722086
:100E20004950435F434F4E465F4E554D20746F6FA0
:100E300020736D616C6C2900456E61626C696E6730
:100E4000206368616E6E656C20776974686F757475
:100E500020612072656769737465726564206361DF
:100E60006C6C6261636B0A0053656E64696E672027
:100E700064617461206E6F7420737570706F72742A
:100E80006564005258206576656E74206F6E206927
:100E90006C6C6567616C206368616E6E656C005296
:100EA00058206576656E74206F6E20646973616288
:100EB0006C6564206368616E6E656C006D626F784E
:100EC000403261303030006D626F785F6E726678EC
:100ED0005F6970630000010203040506070B5745B4
:100EE00053545F544F504449522F7A657068797259
:100EF0002F696E636C7564652F7A65706879722FDF
:100F0000647269766572732F6770696F2E68002846
:100F10006366672D3E706F72745F70696E5F6D619E
:100F2000736B202620286770696F5F706F72745F23
:100F300070696E735F74292831554C203C3C202821
:100F400070696E29292920213D2030550009556EF0
:100F5000737570706F727465642070696E0A0047F3
:100F600050494F20706F72743A202573206E6F7451
:100F70002072656164790028666C616773202620A1
:100F8000282831203C3C203429207C202831203C5A
:100F90003C203529292920213D20282831203C3C8E
:100FA000203429207C202831203C3C203529290070
:100FB0000950756C6C20557020616E642050756C02
:100FC0006C20446F776E2073686F756C64206E6F51
:100FD0007420626520656E61626C65642073696D62
:100FE000756C74616E656F75736C790A0028666C38
:100FF0006167732026202831203C3C20312929209C
:10100000213D2030207C7C2028666C61677320267F
:10101000202831203C3C20322929203D3D20300031
:1010200073656E736F722D7077722D6374726C00BE
:10103000726567756C61746F722D3376332D6374CE
:10104000726C00726567756C61746F725F66697847
:10105000656400574553545F544F504449522F7AAA
:1010600065706879722F647269766572732F736523
:101070006E736F722F6164692F6164786C333632DE
:101080002F6164786C3336322E63006368616E20A2
:101090003D3D2053454E534F525F4348414E5F41C3
:1010A0004C4C006164786C3336325F736F667477D2
:1010B0006172655F7265736574206661696C6564F1
:1010C0002C206572726F722025640077726F6E67D4
:1010D00020706172745F69643A202564004661691A
:1010E0006C656420746F20696E697469616C697ADB
:1010F0006520696E7465727275707421004661694D
:101100006C656420746F20636F6E666967757265C5
:1011100020696E746572727570740057726F6E67B5
:10112000206D6F6465007363616C6520213D202D27
:101130003232007370692D6465762D6164786C338A
:1011400036324030004144584C33363200556E73CD
:101150007570706F727465642073656E736F722042
:1011600074726967676572004750494F20706F72EB
:1011700074202573206E6F7420726561647900217C
:101180002828666C616773202620283155203C3C56
:101190002031362929202626202128666C61677394
:1011A000202620283155203C3C2031372929202673
:1011B000262028666C6167732026202831203C3C5D
:1011C00020312929290009496E7075742063616EE8
:1011D0006E6F7420626520656E61626C6564206666
:1011E0006F7220274F70656E20447261696E272CE4
:1011F00020274F70656E20536F7572636527206DD1
:101200006F64657320776974686F7574204F7574A7
:101210007075740A004661696C656420746F20679C
:10122000657420612072656164206275666665720E
:10123000206F662073697A65202575206279746550
:1012400073004661696C656420746F206665746321
:10125000682073616D706C657300574553545F541B
:101260004F504449522F7A65706879722F647269C1
:10127000766572732F73656E736F722F6164692F59
:101280006164786C3336322F6164786C3336325F48
:101290007274696F2E630028666C61677320262064
:1012A00028283155203C3C20323129207C2028310F
:1012B00055203C3C20323229292920213D20282854
:1012C0003155203C3C20323129207C2028315520CA
:1012D0003C3C2032322929000943616E6E6F742034
:1012E000626F746820656E61626C6520616E642057
:1012F00064697361626C6520696E74657272757081
:1013000074730A0028666C616773202620282831D0
:1013100055203C3C20323129207C20283155203C6E
:101320003C20323229292920213D20305500094D09
:101330007573742065697468657220656E61626C8E
:1013400065206F722064697361626C6520696E74D8
:10135000657272757074730A002828666C61677311
:10136000202620283155203C3C2032322929203D9E
:101370003D203029207C7C202828666C6167732002
:10138000262028283155203C3C20323529207C203D
:10139000283155203C3C20323629292920213D2066
:1013A000302900094174206C65617374206F6E658B
:1013B000206F66204750494F5F494E545F4C4F574E
:1013C0005F302C204750494F5F494E545F48494792
:1013D000485F312068617320746F20626520656EFC
:1013E00061626C65642E0A004E6F2070656E6469E0
:1013F0006E6720535145004661696C656420746FC7
:10140000206765742062756666657200574553549F
:101410005F544F504449522F7A65706879722F6437
:101420007269766572732F73656E736F722F616464
:10143000692F6164786C3336322F6164786C33368F
:10144000325F73747265616D2E6300726561645FF3
:101450006C656E20252073616D706C655F736574BB
:101460005F73697A65203D3D2030004275732065C9
:1014700072726F723A202564004552524F523A20E0
:101480004649464F2044495341424C454400466139
:10149000696C656420746F206765742073656E7372
:1014A0006F7220636C6F636B206379636C6573008C
:1014B000427573206E6F7420726561647920666F67
:1014C0007220272573270042616420424D4536383B
:1014D0003020636869702069643A2030782578008C
:1014E000574553545F544F504449522F7A657068A2
:1014F00079722F647269766572732F73656E736F7C
:10150000722F626F7363682F626D653638302F6299
:101510006D653638302E6300626D65363830403781
:101520003600626D6536383840373600626D653694
:10153000383000436F756C64206E6F7420696E697B
:101540007469616C697A652062757300436F756CAC
:1015500064206E6F7420696E6974696174652062BD
:10156000757320636F6D6D756E69636174696F6EFD
:1015700000556E6578706563746564206368697092
:1015800020696420282578292E20457870656374A9
:1015900065642028257829007370692D6465762D8F
:1015A000626D693237304031006D61785F6669661F
:1015B0006F00626D6932373000C82E002E802E1AFF
:1015C00000C82E002EC82E002EC82E002EC82E00B9
:1015D0002EC82E002EC82E002E9032212E59F51026
:1015E00030212E6AF51A242200802E3B00C82E449A
:1015F0004722003700A400FF0FD10007AD802E0066
:10160000C1802E00C1802E00C1802E00C1802E001E
:10161000C1802E00C1802E00C1802E00C1802E000E
:10162000C1802E00C1802E00C1000000000000110A
:1016300024FCF580304042505000301224EB00036F
:1016400030002EC1865A0EFB2F212EFCF513246389
:10165000F5E03C48002230F780C242E17F3A25FCA9
:1016600086F07F4133982EC2C4D66FF130F108C4A2
:101670006F1124FF03122400FC6109A20836BE2A60
:10168000B91324380064BBD1BE940A7108D5422135
:10169000BD91BCD242C14200B2FE82052F50302122
:1016A0002E21F2002E002ED02EF06F0230024220AA
:1016B00026E06F023103409A0A0242F037052E5E9F
:1016C000F7100812241EF280428384F17F0A25134A
:1016D0003083423B82F06F002E002ED02E124052FB
:1016E00042002E124052423E84004040427E82E13F
:1016F0007FF27F982E6AD62130232E61F5EB2CE104
:101700006F7370695F77726974655F647420666176
:10171000696C656420256900574553545F544F50E8
:101720004449522F7A65706879722F6472697665C0
:1017300072732F73656E736F722F626F7363682F8E
:10174000626D6D3135302F626D6D3135302E630035
:101750006368616E203D3D2053454E534F525F43B9
:1017600048414E5F414C4C207C7C206368616E2078
:101770003D3D2053454E534F525F4348414E5F4DD0
:1017800041474E5F58595A006661696C6564207420
:101790006F20726561642073616D706C65006661B5
:1017A000696C656420746F20656E73757265206E58
:1017B0006F7420696E2073757370656E64206D6F31
:1017C00064653A202564006661696C656420736F06
:1017D00066742072657365743A20256400666169D9
:1017E0006C656420746F20656E7465722073757308
:1017F00070656E64206D6F64653A202564006661D3
:10180000696C656420746F20676F206261636B2070
:10181000696E746F20736C656570206D6F64653AD6
:10182000202564006661696C656420726561646985
:101830006E67206368697020696400696E76616C08
:1018400069642063686970206964203078257800B5
:101850006661696C656420746F20736574204F4401
:101860005220746F202564006661696C6564207481
:101870006F207365742052455020585920746F2092
:101880002564006661696C656420746F20736574FB
:1018900020524550205A20746F20256400666169EB
:1018A0006C656420746F20656E746572206E6F7253
:1018B0006D616C206D6F6465006661696C656420A4
:1018C000746F2072656164207472696D207265673F
:1018D00073006661696C656420746F20696E697459
:1018E00069616C697A6520636869703A20256400D3
:1018F0006661696C656420746F20656E7465722022
:10190000736C656570206D6F64653A2025640066B0
:1019100061696C656420746F20656E746572206EF9
:101920006F726D616C206D6F64653A202564006292
:101930006D6D31353040313000424D4D3135300024
:10194000574553545F544F504449522F7A6570683D
:1019500079722F647269766572732F73656E736F17
:10196000722F766F6C746167655F64697669646510
:10197000722F766F6C746167652E630076616C20E0
:10198000213D202828766F6964202A293029007299
:1019900061775F746F5F6D763A20256400616463E0
:1019A0005F7365747570206661696C65643A2025A3
:1019B00064006164635F726561643A20256400417C
:1019C0004443206973206E6F7420726561647900EE
:1019D000506F776572204750494F206973206E6FB2
:1019E000742072656164790073657475703A20259E
:1019F000640073657175656E636520696E69743A1C
:101A0000202564006661696C656420746F20636FD3
:101A10006E666967757265204750494F20666F7220
:101A200020504D206F6E006661696C656420746F94
:101A300020736574204750494F20666F7220504DC7
:101A400020726573756D6500766261747400766FDF
:101A50006C7461676500574553545F544F50444957
:101A6000522F7A65706879722F6472697665727325
:101A70002F73656E736F722F73656E736F725F6411
:101A800065636F646572735F696E69742E6300616C
:101A90007069203C3D205F73656E736F725F646593
:101AA000636F6465725F6170695F6C6973745F65B1
:101AB0006E640073656E736F725F636F6D706174D7
:101AC00000496E76616C6964206F7020636F646595
:101AD00020256420666F72207375626D6973736967
:101AE0006F6E202570004174206D6F737420434F1A
:101AF0004E4649475F5350495F5254494F5F4641F4
:101B00004C4C4241434B5F4D534753207375626DBC
:101B1000697373696F6E7320696E206120747261DE
:101B20006E73616374696F6E2061726520616C6CA5
:101B30006F77656420696E207468652064656661EE
:101B4000756C742068616E646C65720057455354FF
:101B50005F544F504449522F7A65706879722F64F0
:101B60007269766572732F7370692F7370695F7213
:101B700074696F2E63006E756D5F6D736773203EC1
:101B80002030005254494F20776F726B2069746582
:101B90006D20616C6C6F636174696F6E2066616942
:101BA0006C65642E20436F6E736964657220746F78
:101BB00020696E63726561736520434F4E464947E5
:101BC0005F5254494F5F574F524B515F504F4F4CEC
:101BD0005F4954454D532E007370695F7274696F8D
:101BE000004661696C656420746F20616C6C6F6382
:101BF000617465204750494F5445206368616E6E9B
:101C0000656C20666F722057414B45004661696CD8
:101C1000656420746F20636F6E66696775726520F6
:101C200057414B452070696E004353204750494F40
:101C300020706F72742025732070696E20256420D7
:101C40006973206E6F7420726561647900557064E9
:101C5000617465206578636565647320637572726D
:101C6000656E74206275666665720048616C662DEB
:101C70006475706C6578206E6F7420737570706F0A
:101C80007274656400536C617665206D6F646520C5
:101C90006973206E6F7420737570706F72746564F1
:101CA000206F6E202573004C6F6F706261636B2034
:101CB0006D6F6465206973206E6F7420737570702A
:101CC0006F7274656400576F72642073697A65730C
:101CD000206F74686572207468616E2038206269B4
:101CE000747320617265206E6F7420737570706FED
:101CF00072746564004672657175656E63696573BB
:101D0000206C6F776572207468616E2031323520E7
:101D10006B487A20617265206E6F742073757070E5
:101D20006F72746564004661696C656420746F202D
:101D3000696E697469616C697A65206E7266782073
:101D40006472697665723A20253038780057616987
:101D500074696E6720666F722057414B452061633E
:101D60006B6E6F776C6564676D656E742074696DFA
:101D70006564206F75740054696D656F75742077A4
:101D8000616974696E6720666F72207472616E7328
:101D900066657220636F6D706C6574650073706941
:101DA0004061303030007370694063303030007310
:101DB00070695F6E7266785F7370696D0028666C1B
:101DC00061677320262028283155203C3C20323181
:101DD00029207C20283155203C3C20323229207C8F
:101DE00020283155203C3C20323329207C202831CA
:101DF00055203C3C20323429207C20283155203C81
:101E00003C20323529207C20283155203C3C203292
:101E100036292929203D3D20300009496E7465721C
:101E20007275707420666C61677320617265206ED4
:101E30006F7420737570706F727465640A00286621
:101E40006C61677320262028283155203C3C2031C6
:101E50003829207C20283155203C3C203139292943
:101E600029203D3D2030207C7C2028666C616773F2
:101E7000202620283155203C3C203137292920219B
:101E80003D203000094F7574707574206E6565646F
:101E90007320746F20626520656E61626C656420DA
:101EA000746F20626520696E697469616C697A6516
:101EB00064206C6F77206F7220686967680A002859
:101EC000666C61677320262028283155203C3C2011
:101ED000313829207C20283155203C3C20313929BB
:101EE000292920213D2028283155203C3C2031380B
:101EF00029207C20283155203C3C203139292900DB
:101F0000094F75747075742063616E6E6F74206212
:101F10006520696E697469616C697A6564206C6FAB
:101F20007720616E6420686967680A002828666CFB
:101F3000616773202620283155203C3C203232290D
:101F400029203D3D203029207C7C202828666C619A
:101F50006773202620283155203C3C203234292923
:101F600020213D203029207C7C202828666C616758
:101F70007320262028283155203C3C20323529204A
:101F80007C20283155203C3C20323629292920212B
:101F90003D2028283155203C3C20323529207C200A
:101FA000283155203C3C20323629292900094F6E22
:101FB0006C79206F6E65206F66204750494F5F49EE
:101FC0004E545F4C4F575F302C204750494F5F496C
:101FD0004E545F484947485F312063616E20626517
:101FE00020656E61626C656420666F722061206C92
:101FF0006576656C20696E746572727570742E0AF0
:10200000004C454420696E646578206F7574206FBC
:1020100066207468652072616E67650043616E6E4C
:102020006F742072656164206770696F2070696EDB
:102030000043616E6E6F74207772697465204C4541
:1020400044206770696F004750494F204952512022
:10205000636F6E666967206661696C65642C2065D4
:1020600072723A202564004661696C656420646977
:102070007361626C696E6720696E746572727570E7
:1020800074730043616E6E6F742064697361626C77
:10209000652063616C6C6261636B730043616E6E9B
:1020A0006F7420656E61626C652063616C6C626147
:1020B000636B730043616E6E6F7420636F6E66694D
:1020C00067757265204C4544206770696F004361F5
:1020D0006E6E6F7420636F6E6669677572652062DD
:1020E0007574746F6E206770696F0043616E6E6FF8
:1020F000742064697361626C652063616C6C6261F9
:10210000636B7328290043616E6E6F742061646491
:102110002063616C6C6261636B00646B5F627574F9
:10212000746F6E735F616E645F6C65647300436FA0
:10213000756C64206E6F7420736574206D656173B7
:102140007572656D656E74206D6F64652E00257304
:102150003A20627573206465766963652025732073
:102160006973206E6F742072656164790042483132
:1021700037343920696E697469616C697A65640005
:1021800042483137343920696E697469616C697A03
:102190006174696F6E206661696C65640044657680
:1021A000696365206973206E6F7420696E69746954
:1021B000616C697A65642079657400556E73757019
:1021C000706F727465642073656E736F72206368DC
:1021D000616E6E656C00436F756C64206E6F742069
:1021E00072656164207374617475732072656769C8
:1021F0007374657220434F4E54524F4C32004E6FF1
:102200002076616C6964206461746120746F20665B
:10221000657463682E00436F756C64206E6F742064
:10222000726561642073656E736F722073616D7087
:102230006C657300436F756C64206E6F7420646905
:102240007361626C652073656E736F7220696E7462
:102250006572727570742E00436F756C64206E6FBA
:102260007420656E61626C652070696E2063616CBC
:102270006C6261636B00436F756C64206E6F7420D9
:102280006170706C7920736F66747761726520720B
:1022900065736574004661696C6564207768656E76
:1022A0002072656164696E67206D616E7566616339
:1022B00074757265722049443A20256400496E762F
:1022C000616C6964206D616E7566616374757265B9
:1022D000722049443A2030782530327800466169CE
:1022E0006C6564207768656E2072656164696E67ED
:1022F00020706172742049443A20256400496E764A
:10230000616C696420706172742049443A203078AD
:102310002530327800436F756C64206E6F742073C3
:102320006574206761696E20616E64206D656173FC
:102330007572656D656E74206D6F646520636F6E78
:1023400066696775726174696F6E2E004661696CAB
:10235000656420746F20696E697469616C697A655F
:1023600020696E7465727275707420776974682064
:102370006572726F722025640062683137343940AB
:1023800033380042483137343900436F756C64206C
:102390006E6F742073657420757070657220746838
:1023A000726573686F6C643A20256400436F756CC6
:1023B00064206E6F7420736574206C6F7765722073
:1023C0007468726573686F6C643A20256400556E9A
:1023D00061626C6520746F20736574207468726527
:1023E00073686F6C642070657273697374656E6373
:1023F000653A20256400556E737570706F72746550
:102400006420696E7465727275707420736F757272
:10241000636500556E61626C6520746F207365742E
:1024200020646174612072656164792074726967E7
:102430006765723A20256400496E74657272757022
:10244000747320636F756C64206E6F7420626520F6
:10245000656E61626C65642E004750494F2064656B
:1024600076696365202573206973206E6F7420720E
:1024700065616479004661696C656420746F2063EE
:102480006F6E66696775726520696E7465727275C4
:102490007074204750494F3A202564000943616C0D
:1024A0006C6261636B20706F696E74657220736813
:1024B0006F756C64206E6F74206265204E554C4CB5
:1024C0000A004661696C656420746F20736574202E
:1024D0004750494F2063616C6C6261636B3A202501
:1024E00064004661696C656420746F20636F6E667A
:1024F000696775726520696E746572727570743A79
:10250000202564004248313734395F5452494747E7
:102510004552007065726D007465737400425547D2
:102520003B2063616E27742068617070656E007275
:102530006576657274005365636F6E6461727920AD
:10254000696D616765206F6620696D6167652070E0
:10255000616972202825642E2920697320756E72A6
:102560006561636861626C652E20547265617420D8
:10257000697420617320656D70747900496D6167BD
:102580006520696E6465783A2025642C2053776154
:102590007020747970653A20257300496D61676514
:1025A00020696E6465783A2025642C205377617029
:1025B00020747970653A206E6F6E65000401040323
:1025C00004020401040104030104030401046D6313
:1025D00075626F6F745F7574696C000000000101B3
:1025E00001000001000000574553545F544F504410
:1025F00049522F6D6F64756C65732F68616C2F6E17
:102600006F726469632F6E7266782F68616C2F6ECB
:1026100072665F647070692E68006368616E6E65D3
:102620006C203C206E72665F647070695F636861E5
:102630006E6E656C5F6E756D6265725F676574283E
:10264000705F7265672900574553545F544F50447B
:1026500049522F6D6F64756C65732F68616C2F6EB6
:102660006F726469632F6E7266782F68656C70652F
:1026700072732F6E7266785F677070695F647070D6
:10268000692E63006565700074657000574553548A
:102690005F544F504449522F6D6F64756C65732FB2
:1026A00068616C2F6E6F726469632F6E7266782F2B
:1026B000647269766572732F7372632F6E726678B7
:1026C0005F636C6F636B2E63006D5F636C6F636B36
:1026D0005F63622E6D6F64756C655F696E697469A6
:1026E000616C697A6564000C04241C574553545F7F
:1026F000544F504449522F6D6F64756C65732F6849
:10270000616C2F6E6F726469632F6E7266782F68CA
:10271000616C2F6E72665F6770696F74652E6800FA
:10272000696E646578203C203800574553545F54E7
:102730004F504449522F6D6F64756C65732F6861FB
:102740006C2F6E6F726469632F6E7266782F64727D
:1027500069766572732F7372632F6E7266785F6726
:1027600070696F74652E63006E7266795F67706959
:102770006F5F70696E5F70726573656E745F6368BA
:1027800065636B2870696E290070696E5F69735F9D
:10279000696E70757428705F696E7374616E6365BD
:1027A0002C2070696E290070696E5F6861735F74B8
:1027B00072696767657228705F696E7374616E63B2
:1027C000652C2070696E2900705F6368616E6E65AC
:1027D0006C00705F696E7374616E63652D3E705F2F
:1027E000726567203D3D2028284E52465F4750497C
:1027F0004F54455F547970652A2920307835303040
:102800003044303030554C2900696E745F656E611C
:10281000626C650000203030303030303030303085
:10282000303030300001574553545F544F504449C5
:10283000522F6D6F64756C65732F68616C2F6E6FAE
:10284000726469632F6E7266782F6472697665723E
:10285000732F7372632F6E7266785F6970632E6375
:1028600000705F636F6E666967006D5F63622E73F1
:1028700074617465203D3D204E5246585F44525667
:102880005F53544154455F494E495449414C495A5C
:10289000454400574553545F544F504449522F6D9F
:1028A0006F64756C65732F68616C2F6E6F726469ED
:1028B000632F6E7266782F68616C2F6E72665F6927
:1028C00070632E6800696E646578203C20313600A4
:1028D000574553545F544F504449522F6D6F6475A0
:1028E0006C65732F68616C2F6E6F726469632F6EF5
:1028F0007266782F647269766572732F7372632FB4
:102900006E7266785F6E766D632E630062797465B1
:10291000735F636F756E74203C3D202834202D203A
:10292000627974655F7368696674290069735F769C
:10293000616C69645F616464726573732861646467
:10294000722C2030290069735F76616C69645F6165
:1029500064647265737328616464722C2031290089
:102960006E7266785F69735F776F72645F616C69BE
:10297000676E65642828766F696420636F6E737470
:10298000202A29616464722900574553545F544FCB
:10299000504449522F6D6F64756C65732F68616C7C
:1029A0002F6E6F726469632F6E7266782F6472691E
:1029B000766572732F7372632F6E7266785F706FB5
:1029C0007765722E63006D5F706F667761726E5F00
:1029D00068616E646C657220213D202828766F69DD
:1029E00064202A293029006D5F736C6565706576F7
:1029F000745F68616E646C657220213D20282876C2
:102A00006F6964202A2930290001000000574553CE
:102A1000545F544F504449522F6D6F64756C657309
:102A20002F68616C2F6E6F726469632F6E726678A7
:102A30002F647269766572732F7372632F6E72667C
:102A4000785F717370692E63006D5F63622E7374BB
:102A500061746520213D204E5246585F51535049C4
:102A60005F53544154455F554E494E495449414C7A
:102A7000495A454400705F62756666657220213D63
:102A8000202828766F6964202A29302900705F6326
:102A90006F6E6669672D3E7769707761697400575C
:102AA0004553545F544F504449522F6D6F64756CB9
:102AB00065732F68616C2F6E6F726469632F6E721D
:102AC00066782F647269766572732F7372632F6EE6
:102AD0007266785F73616164632E630063685F741C
:102AE0006F5F61637469766174655F6D61736B00BC
:102AF00063685F746F5F61637469766174655F6D4D
:102B000061736B203C202831203C3C203829007028
:102B10005F6368616E6E656C2D3E70696E5F7020DC
:102B2000213D204E52465F53414144435F494E5040
:102B300055545F44495341424C4544006D5F6362C4
:102B40002E73616164635F737461746520213D203D
:102B50004E52465F53414144435F53544154455F95
:102B6000554E494E495449414C495A454400705FBD
:102B70006368616E6E656C73006368616E6E656C30
:102B80005F636F756E74203C3D2038005745535489
:102B90005F544F504449522F6D6F64756C65732FAD
:102BA00068616C2F6E6F726469632F6E7266782F26
:102BB00068616C2F6E72665F73616164632E68007A
:102BC000286363203E3D20283830554C2929202693
:102BD0002620286363203C3D202832303437554C72
:102BE0002929006D5F63622E73616164635F737492
:102BF00061746520213D204E52465F53414144435C
:102C00005F53544154455F49444C45005745535424
:102C10005F544F504449522F6D6F64756C65732F2C
:102C200068616C2F6E6F726469632F6E7266782FA5
:102C3000647269766572732F7372632F6E72667831
:102C40005F7370696D2E6300705F63622D3E686113
:102C50006E646C657200705F63622D3E73746174A4
:102C60006520213D204E5246585F4452565F5354D2
:102C70004154455F554E494E495449414C495A4586
:102C80004400705F786665725F646573632D3E70A3
:102C90005F74785F62756666657220213D20282822
:102CA000766F6964202A293029207C7C20705F7827
:102CB0006665725F646573632D3E74785F6C656EE4
:102CC000677468203D3D203000705F786665725FF4
:102CD000646573632D3E705F72785F6275666665CA
:102CE0007220213D202828766F6964202A29302906
:102CF000207C7C20705F786665725F646573632DED
:102D00003E72785F6C656E677468203D3D203000D0
:102D10002828705F786665725F646573632D3E7204
:102D2000785F6C656E677468203C202831554C20B4
:102D30003C3C202865617379646D615F73757070C8
:102D40006F72745F626974735B705F696E737461D4
:102D50006E63652D3E6472765F696E73745F69643D
:102D6000785D2929292026262028705F78666572DB
:102D70005F646573632D3E74785F6C656E6774681D
:102D8000203C202831554C203C3C2028656173793B
:102D9000646D615F737570706F72745F6269747374
:102DA0005B705F696E7374616E63652D3E647276ED
:102DB0005F696E73745F6964785D29292929002130
:102DC00028666C6167732026202831554C203C3CD6
:102DD00020332929207C7C2028705F63622D3E737C
:102DE000735F70696E203D3D20307846464646460A
:102DF00046464629001010574553545F544F5044DF
:102E000049522F6D6F64756C65732F68616C2F6EFE
:102E10006F726469632F6E7266782F64726976656B
:102E200072732F7372632F6E7266785F7477696D39
:102E30002E6300705F636F6E6669672D3E73636C0F
:102E40005F70696E20213D20705F636F6E666967F9
:102E50002D3E7364615F70696E00705F63622D3E2A
:102E60007374617465203D3D204E5246585F445254
:102E7000565F53544154455F494E495449414C496A
:102E80005A4544002830207C7C20282828705F691F
:102E90006E7374616E63652D3E6472765F696E73E6
:102EA000745F69647829203D3D204E5246585F5436
:102EB00057494D315F494E53545F494458292026A4
:102EC0002620282828705F786665725F64657363C2
:102ED0002D3E7072696D6172795F6C656E677468A2
:102EE00029203C20283155203C3C203136292920FE
:102EF0002626202828705F786665725F6465736394
:102F00002D3E7365636F6E646172795F6C656E6789
:102F1000746829203C20283155203C3C203136293A
:102F2000292929207C7C2030207C7C2030207C7C3E
:102F30002030207C7C2030207C7C2030207C7C2039
:102F400030207C7C2030207C7C2030207C7C203019
:102F5000207C7C2030207C7C2030207C7C20302019
:102F60007C7C2030207C7C2030207C7C2030207CAD
:102F70007C2030207C7C2030207C7C2030207C7C9D
:102F80002030207C7C2030207C7C2030207C7C20E9
:102F900030207C7C2030207C7C2030207C7C2030C9
:102FA000207C7C2030207C7C2030207C7C203020C9
:102FB0007C7C2030207C7C2030207C7C2030207C5D
:102FC0007C2030207C7C2030207C7C2030207C7C4D
:102FD0002030207C7C2030207C7C2030207C7C2099
:102FE00030207C7C2030207C7C2030207C7C203079
:102FF000207C7C2030207C7C2030207C7C20302079
:103000007C7C2030207C7C2030207C7C2030207C0C
:103010007C2030207C7C2030207C7C2030207C7CFC
:103020002030207C7C2030207C7C2030207C7C2048
:1030300030207C7C2030207C7C2030207C7C203028
:10304000207C7C2030207C7C2030207C7C20302028
:103050007C7C2030207C7C2030207C7C2030207CBC
:103060007C2030207C7C2030207C7C2030207C7CAC
:103070002030207C7C2030207C7C2030207C7C20F8
:1030800030207C7C2030207C7C2030207C7C2030D8
:10309000207C7C2030207C7C2030207C7C203020D8
:1030A0007C7C2030207C7C2030207C7C2030207C6C
:1030B0007C2030207C7C2030207C7C2030207C7C5C
:1030C0002030207C7C2030207C7C2030207C7C20A8
:1030D00030207C7C2030207C7C2030207C7C203088
:1030E000207C7C2030207C7C2030207C7C20302088
:1030F0007C7C2030207C7C2030207C7C2030207C1C
:103100007C2030207C7C2030207C7C2030207C7C0B
:103110002030207C7C2030207C7C2030207C7C2057
:1031200030207C7C2030207C7C2030207C7C203037
:10313000207C7C2030207C7C2030207C7C20302037
:103140007C7C2030207C7C2030207C7C2030207CCB
:103150007C2030207C7C2030207C7C2030207C7CBB
:103160002030207C7C2030207C7C2030207C7C2007
:1031700030207C7C2030207C7C2030207C7C2030E7
:10318000207C7C2030207C7C2030207C7C203020E7
:103190007C7C2030207C7C2030207C7C2030207C7B
:1031A0007C2030207C7C2030207C7C2030207C7C6B
:1031B0002030207C7C2030207C7C2030207C7C20B7
:1031C00030207C7C2030207C7C2030207C7C203097
:1031D000207C7C2030207C7C2030207C7C20302097
:1031E0007C7C2030207C7C2030207C7C2030207C2B
:1031F0007C2030207C7C2030207C7C2030207C7C1B
:103200002030207C7C2030207C7C2030207C7C2066
:1032100030207C7C2030207C7C2030207C7C203046
:10322000207C7C2030207C7C2030207C7C20302046
:103230007C7C2030207C7C2030207C7C2030207CDA
:103240007C2030207C7C2030207C7C2030207C7CCA
:103250002030207C7C2030207C7C2030207C7C2016
:1032600030207C7C2030207C7C2030207C7C2030F6
:10327000207C7C2030207C7C2030207C7C203020F6
:103280007C7C2030207C7C2030207C7C2030207C8A
:103290007C2030207C7C2030207C7C2030207C7C7A
:1032A0002030207C7C2030207C7C2030207C7C20C6
:1032B00030207C7C2030207C7C2030207C7C2030A6
:1032C000207C7C2030207C7C2030207C7C203020A6
:1032D0007C7C2030207C7C2030207C7C2030207C3A
:1032E0007C2030207C7C2030207C7C2030207C7C2A
:1032F0002030207C7C2030207C7C2030207C7C2076
:1033000030207C7C2030207C7C2030207C7C203055
:10331000207C7C2030207C7C2030207C7C20302055
:103320007C7C2030207C7C2030207C7C2030207CE9
:103330007C2030207C7C2030207C7C2030207C7CD9
:103340002030207C7C2030207C7C2030207C7C2025
:1033500030207C7C2030207C7C2030207C7C203005
:10336000207C7C2030207C7C2030207C7C20302005
:103370007C7C2030207C7C2030207C7C2030207C99
:103380007C2030207C7C2030207C7C2030207C7C89
:103390002030207C7C2030207C7C2030207C7C20D5
:1033A00030207C7C2030207C7C2030207C7C2030B5
:1033B000207C7C2030207C7C2030207C7C203020B5
:1033C0007C7C2030207C7C2030207C7C2030207C49
:1033D0007C2030207C7C2030207C7C2030207C7C39
:1033E0002030207C7C2030207C7C2030207C7C2085
:1033F00030207C7C2030207C7C2030207C7C203065
:10340000207C7C2030207C7C2030207C7C20302064
:103410007C7C2030207C7C2030207C7C2030207CF8
:103420007C2030207C7C2030207C7C2030207C7CE8
:103430002030207C7C2030207C7C2030207C7C2034
:1034400030207C7C2030207C7C2030207C7C203014
:10345000207C7C2030207C7C2030207C7C20302014
:103460007C7C2030207C7C2030207C7C2030207CA8
:103470007C2030207C7C2030207C7C2030207C7C98
:103480002030207C7C2030207C7C2030207C7C20E4
:1034900030207C7C2030207C7C2030207C7C2030C4
:1034A000207C7C2030207C7C2030207C7C203020C4
:1034B0007C7C2030207C7C2030207C7C2030207C58
:1034C0007C2030207C7C2030207C7C2030207C7C48
:1034D0002030207C7C2030207C7C2030207C7C2094
:1034E00030207C7C2030207C7C2030207C7C203074
:1034F000207C7C2030207C7C2030207C7C20302074
:103500007C7C2030207C7C2030207C7C2030207C07
:103510007C2030207C7C2030207C7C2030207C7CF7
:103520002030207C7C2030207C7C2030207C7C2043
:1035300030207C7C2030207C7C2030207C7C203023
:10354000207C7C2030207C7C2030207C7C20302023
:103550007C7C2030207C7C2030207C7C2030207CB7
:103560007C2030207C7C2030207C7C2030207C7CA7
:103570002030207C7C2030207C7C2030207C7C20F3
:1035800030207C7C2030207C7C2030207C7C2030D3
:10359000207C7C2030207C7C2030207C7C203020D3
:1035A0007C7C2030207C7C2030207C7C2030207C67
:1035B0007C2030207C7C2030207C7C2030207C7C57
:1035C0002030207C7C2030207C7C2030207C7C20A3
:1035D00030207C7C2030207C7C2030207C7C203083
:1035E000207C7C2030207C7C2030207C7C20302083
:1035F0007C7C2030207C7C2030207C7C2030207C17
:103600007C2030207C7C2030207C7C2030207C7C06
:103610002030207C7C2030207C7C2030207C7C2052
:1036200030207C7C2030207C7C2030207C7C203032
:10363000207C7C2030207C7C2030207C7C20302929
:1036400000705F63622D3E7374617465203D3D20A0
:103650004E5246585F4452565F53544154455F5052
:103660004F57455245445F4F4E00212828705F63F5
:10367000622D3E68616E646C6572203D3D20282895
:10368000766F6964202A293029292026262028706F
:103690005F786665725F646573632D3E74797065EB
:1036A000203D3D204E5246585F5457494D5F584685
:1036B00045525F54585258292900212828705F63C9
:1036C000622D3E68616E646C6572203D3D20282845
:1036D000766F6964202A293029292026262028701F
:1036E0005F786665725F646573632D3E747970659B
:1036F000203D3D204E5246585F5457494D5F584635
:1037000045525F545854582929002128666C616736
:10371000732026202831554C203C3C203429290098
:103720002128666C6167732026202831554C203C87
:103730003C20332929002128666C616773202620EC
:103740002831554C203C3C20322929005745535400
:103750005F544F504449522F6D6F64756C65732FE1
:1037600068616C2F6E6F726469632F6E7266782F5A
:10377000647269766572732F7372632F6E726678E6
:103780005F7573627265672E6300705F636F6E664C
:10379000696720213D202828766F6964202A293016
:1037A0002900705F636F6E6669672D3E68616E64A5
:1037B0006C657220213D202828766F6964202A29B3
:1037C000302900756E72656769737465726564206F
:1037D0002573206275730A0067656E657269630000
:1037E0006D6574616C3A20656D657267656E6379AD
:1037F0003A20006D6574616C3A20616C6572743AB0
:103800002020202020006D6574616C3A206372696D
:10381000746963616C3A2020006D6574616C3A20B4
:103820006572726F723A2020202020006D657461ED
:103830006C3A207761726E696E673A202020006DC5
:103840006574616C3A206E6F746963653A2020205C
:1038500020006D6574616C3A20696E666F3A2020B5
:1038600020202020006D6574616C3A2064656275CB
:10387000673A20202020200025733A206672656573
:10388000696E67206E6F6E2D656D70747920766934
:10389000727471756575650D0A00756E6578706571
:1038A00063746564206275666665722068656C6421
:1038B00020636F756E7465720D0A00574553545F2F
:1038C000544F504449522F6D6F64756C65732F6C63
:1038D00069622F6F70656E2D616D702F6F70656EF0
:1038E0002D616D702F6C69622F72706D73672F720E
:1038F000706D73675F76697274696F2E630073749D
:1039000061747573203D3D2073697A656F66287216
:10391000705F6864722900737461747573203D3D33
:10392000203000737461747573203E3D2030007345
:103930007461747573203D3D206C656E0072785F14
:1039400076710074785F7671004E53005465726D25
:10395000696E616C00000000000000545452205257
:1039600045474745530001020203030303574553EC
:10397000545F544F504449522F7A65706879722FC2
:103980006B65726E656C2F6465766963652E630086
:10399000646576203C3D205F6465766963655F6C95
:1039A0006973745F656E640048616C74696E67204A
:1039B00073797374656D00556E6B6E6F776E2065ED
:1039C00072726F72003E3E3E205A45504859522056
:1039D000464154414C204552524F522025643A20D2
:1039E0002573206F6E204350552025640046617575
:1039F0006C7420647572696E6720696E746572728A
:103A00007570742068616E646C696E670A00437536
:103A10007272656E74207468726561643A202570F4
:103A2000202825732900574553545F544F5044496B
:103A3000522F7A65706879722F6B65726E656C2F84
:103A4000666174616C2E6300726561736F6E202114
:103A50003D204B5F4552525F4B45524E454C5F50A7
:103A6000414E49430009417474656D70746564206A
:103A7000746F207265636F7665722066726F6D2059
:103A800061206B65726E656C2070616E6963206386
:103A90006F6E646974696F6E0A00435055206578D3
:103AA00063657074696F6E00556E68616E646C65F5
:103AB0006420696E7465727275707400537461630A
:103AC0006B206F766572666C6F77004B65726E6502
:103AD0006C206F6F7073004B65726E656C20706147
:103AE0006E696300574553545F544F504449522FF9
:103AF0007A65706879722F6B65726E656C2F696E6E
:103B000069742E63007468726561645F64617461D6
:103B1000203C3D205F5F7374617469635F746872F9
:103B20006561645F646174615F6C6973745F656E25
:103B300064006D61696E006F7300574553545F54A4
:103B40004F504449522F7A65706879722F6B6572B5
:103B50006E656C2F6B686561702E63002161726306
:103B6000685F69735F696E5F6973722829207C7C66
:103B700020282874696D656F7574292E7469636BCC
:103B800073203D3D202828286B5F74696D656F7533
:103B9000745F7429207B307D29292E7469636B73CF
:103BA000290068656170203C3D205F6B5F6865613E
:103BB000705F6C6973745F656E6400574553545F42
:103BC000544F504449522F7A65706879722F6B6553
:103BD000726E656C2F6D656D5F736C61622E630034
:103BE000736C6162203C3D205F6B5F6D656D5F7340
:103BF0006C61625F6C6973745F656E640028736CDE
:103C000061622D3E667265655F6C697374203D3D2F
:103C1000202828766F6964202A293029202626202A
:103C2000736C61622D3E696E666F2E6E756D5F7589
:103C3000736564203D3D20736C61622D3E696E6644
:103C40006F2E6E756D5F626C6F636B7329207C7C69
:103C500020736C61625F7074725F69735F676F6F0E
:103C60006428736C61622C20736C61622D3E6672F5
:103C700065655F6C697374290009736C6162206308
:103C80006F7272757074696F6E20646574656374A9
:103C900065640A0009496E76616C6964206D656D22
:103CA0006F727920706F696E7465722070726F76B2
:103CB000696465640A00574553545F544F50444942
:103CC000522F7A65706879722F6B65726E656C2FF2
:103CD00069646C652E63005F6B65726E656C2E6344
:103CE0007075735B305D2E63757272656E742D3EF8
:103CF000626173652E7072696F203E3D20300057FF
:103D00004553545F544F504449522F7A6570687937
:103D1000722F6B65726E656C2F6D757465782E638E
:103D20000021617263685F69735F696E5F697372B6
:103D3000282900096D7574657865732063616E6E5E
:103D40006F74206265207573656420696E736964A1
:103D50006520495352730A006D757465782D3E6C69
:103D60006F636B5F636F756E74203E203055005734
:103D70004553545F544F504449522F7A65706879C7
:103D8000722F6B65726E656C2F73656D2E630028E4
:103D900028617263685F69735F696E5F6973722817
:103DA00029203D3D203029207C7C20282874696D05
:103DB000656F7574292E7469636B73203D3D2028EF
:103DC00028286B5F74696D656F75745F7429207B3B
:103DD000307D29292E7469636B73292900737973E7
:103DE000776F726B7100574553545F544F5044497D
:103DF000522F7A65706879722F6B65726E656C2FC1
:103E0000776F726B2E6300776F726B2D3E717565E5
:103E1000756520213D202828766F6964202A293085
:103E20002900776F726B2D3E68616E646C6572203D
:103E3000213D202828766F6964202A293029002115
:103E4000666C61675F746573742826776F726B2D7B
:103E50003E666C6167732C204B5F574F524B5F443B
:103E6000454C415941424C455F42495429007379C0
:103E70006E6320213D202828766F6964202A29302E
:103E8000290021666C61675F7465737428267175FB
:103E90006575652D3E666C6167732C204B5F574FCF
:103EA000524B5F51554555455F535441525445441B
:103EB0005F424954290071756575650073746163CB
:103EC0006B0064776F726B20213D202828766F6924
:103ED00064202A29302900574553545F544F5044D9
:103EE00049522F7A65706879722F6B65726E656CB6
:103EF0002F7468726561642E630028282828707208
:103F0000696F2929203D3D203135202626207A5F02
:103F100069735F69646C655F7468726561645F652D
:103F20006E7472792828656E747279292929207C2B
:103F30007C202828283135202D203129203E3D2085
:103F400028282D3136292929202626202828707254
:103F5000696F2929203E3D2028282D313629292026
:103F600026262028287072696F2929203C3D2028A8
:103F70003135202D20312929290009696E76616C9F
:103F80006964207072696F726974792028256429C8
:103F90003B20616C6C6F7765642072616E67653A77
:103FA00020256420746F2025640A00095468726516
:103FB000616473206D6179206E6F74206265206387
:103FC00072656174656420696E20495352730A00FA
:103FD000574553545F544F504449522F7A65706887
:103FE00079722F6B65726E656C2F73636865642ED2
:103FF0006300217A5F69735F69646C655F746872DE
:104000006561645F6F626A65637428746872656174
:10401000642900574553545F544F504449522F7AF6
:1040200065706879722F6B65726E656C2F696E634F
:104030006C7564652F6B7468726561642E68005FCF
:104040006B65726E656C2E637075735B305D2E638D
:10405000757272656E7420213D202828766F696420
:10406000202A2930290073697A656F66285F736397
:104070006865645F7370696E6C6F636B29203D3D8A
:104080002030207C7C206C6F636B20213D20265FDC
:1040900073636865645F7370696E6C6F636B005FF8
:1040A0006B65726E656C2E637075735B305D2E632D
:1040B000757272656E742D3E626173652E736368EE
:1040C00065645F6C6F636B656420213D2031550032
:1040D0005F6B65726E656C2E637075735B305D2E01
:1040E00063757272656E742D3E626173652E7363C3
:1040F0006865645F6C6F636B656420213D2030559B
:1041000000217465726D696E617465000961626F8A
:1041100072746564205F63757272656E742062618B
:10412000636B2066726F6D20646561640A002165AF
:104130007373656E7469616C000961626F72746596
:104140006420657373656E7469616C207468726550
:1041500061642025700A00574553545F544F504402
:1041600049522F7A65706879722F6B65726E656C33
:104170002F74696D65736C6963696E672E630028BF
:104180002874696D656F7574292026262028287586
:10419000696E747074725F74292028736C6963652A
:1041A0005F74696D656F7574732929203C3D202803
:1041B0002875696E747074725F7429202874696D33
:1041C000656F7574292920262620282875696E7444
:1041D0007074725F7429202874696D656F75742915
:1041E00029203C20282875696E747074725F7429C8
:1041F00020282628736C6963655F74696D656F7527
:104200007473295B282873697A655F7429202828CC
:1042100028696E74292073697A656F6628636861FE
:10422000725B31202D2032202A202128215F5F62FD
:1042300075696C74696E5F74797065735F636F6DB7
:1042400070617469626C655F70285F5F7479706516
:104250006F665F5F28736C6963655F74696D656F16
:10426000757473292C205F5F747970656F665F5F6A
:10427000282628736C6963655F74696D656F757452
:1042800073295B305D2929295D29202D20312920C2
:104290002B202873697A656F6628736C6963655F84
:1042A00074696D656F75747329202F2073697A6541
:1042B0006F662828736C6963655F74696D656F75D7
:1042C0007473295B305D292929295D292920262637
:1042D0002028282875696E747074725F74292028EC
:1042E00074696D656F75742929202D2028287569DA
:1042F0006E747074725F74292028736C6963655FD3
:1043000074696D656F757473292929202520736977
:104310007A656F662828736C6963655F74696D657B
:104320006F757473295B305D29203D3D2030290075
:10433000574553545F544F504449522F7A65706823
:1043400079722F6B65726E656C2F74696D656F7510
:10435000742E6300217379735F646E6F64655F69A7
:10436000735F6C696E6B65642826746F2D3E6E6F8B
:1043700064652900574553545F544F504449522FA8
:104380007A65706879722F6B65726E656C2F706FCD
:104390006C6C2E630009696E76616C6964206576C9
:1043A000656E742074797065202830782578290A24
:1043B0000A006576656E742D3E73656D20213D2083
:1043C0002828766F6964202A2930290009696E76C9
:1043D000616C69642073656D6170686F72650A0A4B
:1043E000006576656E742D3E717565756520213D9D
:1043F000202828766F6964202A2930290009696EEF
:1044000076616C69642071756575650A0A00657668
:10441000656E742D3E7369676E616C20213D2028A6
:1044200028766F6964202A2930290009696E76612F
:104430006C696420706F6C6C207369676E616C0AC4
:104440000A006576656E742D3E6D73677120213D9F
:10445000202828766F6964202A2930290009696E8E
:1044600076616C6964206D65737361676520717531
:104470006575650A0A006576656E742D3E70697013
:104480006520213D202828766F6964202A2930295B
:104490000009696E76616C696420706970650A0A4A
:1044A0000009696E76616C6964206576656E7420BA
:1044B000747970650A0A00574553545F544F50444D
:1044C00049522F7A65706879722F6B65726E656CD0
:1044D0002F6D656D706F6F6C2E630028616C69675E
:1044E0006E20262028616C69676E202D20312929D5
:1044F000203D3D20300009616C69676E206D757349
:1045000074206265206120706F776572206F66206D
:10451000320A00616C69676E203D3D2030207C7C52
:1045200020282875696E747074725F74296D656DCA
:1045300020262028616C69676E202D2031292920D2
:104540003D3D203000096D6973616C69676E65647B
:10455000206D656D6F72792061742025702028614F
:104560006C69676E203D20257A75290A00141400B5
:10457000001C2030401C2000001C20304000404027
:10458000400000404080808080000090886848148F
:104590001400001C2030401C2000001C2030400073
:1045A00040286E756C6C29002A666C6F61742A0055
:1045B0006364696E6F70737578585B00FFFFFFFF6F
:1045C000FFFFFFFF000000000000000000000000EF
:1045D00000000000000000000000000000000000DB
:1045E00000000000000000000000000000000000CB
:1045F00000000000000000000000000000000000BB
:1046000000000000000000000000000000000000AA
:10461000000000000000000000000000000000009A
:10462000000000000000000000000000000000008A
:10463000000000000000000000000000000000007A
:10464000000000000000000000000000000000006A
:10465000702900205C29002000C201000000080031
:10466000000000000000000000000000000000004A
:10467000000000000000000000000000000000003A
:10468000000000000000000000000000000000002A
:10469000000000000000000000000000000000001A
:1046A000000000000000000000000000000000000A
:1046B00000000000000000000000000000000000FA
:1046C00000000000000000000000000000000000EA
:1046D00000000000000000000000000000000000DA
:1046E00000000000000000000000000000000000CA
:1046F00000000000000000000000000000000000BA
:10470000B02900209C29002000C201000000080000
:104710000000000000000000000000000000000099
:1047200000000000000000000B100400000000006A
:104730000001000000000000000000000000000078
:104740000000000000000000000000000000000069
:104750000000000000000000000000000000000059
:104760000000000000000000000000000000000049
:104770000000000000000000000000000000000039
:104780000000000000000000000000000000000029
:104790000000000000000000000000000000000019
:1047A0000000000000000000000000000000000009
:1047B00000000000000000000000000000000000F9
:1047C00000000000000000000000000000000000E9
:1047D00000000000000000000000000000000000D9
:1047E00000000000000000000000000000000000C9
:1047F00000000000000000000000000000000000B9
:1048000000000000000000000000000000000000A8
:104810000000000000000000000000000D07020082
:104820000000000000000000000000000000000088
:104830000000000000000000000000000000000078
:104840000000000000000000000000000000000068
:104850000000000000000000000000000000000058
:104860000000000000000000000000000000000048
:104870000000000000000000000000000000000038
:104880000000000000000000000000000000000028
:104890000000000000000000000000000000000018
:1048A0000000000000000000000000000000000008
:1048B00000000000000000000000000000000000F8
:1048C00000000000E8770400000000000000000085
:1048D000CC270020CC2700200000000001000000B1
:1048E000DC270020DC270020E4270020E42700202C
:1048F0000000000001000000F4270020F427002041
:1049000000000000000000000000000000000000A7
:104910000000000000000000000000000000000097
:104920000000000000000000000000000000000087
:104930000000000000000000000000000000000077
:104940000000000000000000000000000000000067
:104950000000000000000000000000000000000057
:104960000000000000000000000000000000000047
:104970000000000000000000000000000000000037
:104980000000000000000000000000000000000027
:104990000000000000000000000000000000000017
:1049A0000000000000000000000000000000000007
:1049B00000000000000000000000000000000000F7
:1049C00000000000000000000000000000000000E7
:1049D000DC3400201435002000000000000000003E
:1049E000000000000000000000000000653701002A
:1049F000000000000000000011350100C13401007A
:104A00000000000000000000593501000000000017
:104A100021360100000000002137010000000000E5
:104A2000E876040049F103000000000000000720C0
:104A300000000100687704000000000068770400AF
:104A40000100000002000000000000000000000063
:104A500000020000D5010400808404000000000072
:104A6000605C012000000000000000000000000069
:104A70000004000060600120000000000000000051
:104A80000000000000040000D59F0100800000002D
:104A9000AD9C010000000000AD9C01008000000002
:104AA0006064012000000000000000000000000021
:104AB0000004000060680120000000000000000009
:104AC0000000000000040000D59F010080000000ED
:104AD000AD9C010000000000AD9C010080000000C2
:104AE00019A6010000000000000000000000000006
:104AF0008D0904000000000071090400A9BD040034
:104B000000000C0000000000000000000000000099
:104B10007DA701000000000000000000CBBD0400E4
:104B200000001000283000203A000000143000205F
:104B30003A000000EC2F00203A0000000030002076
:104B40003A0000003C3000203A000000D82F00203E
:104B50003A000000783000203A0000005C85040034
:104B600000000000A30C0400000000000000000092
:104B700000000000988604000700010055DB0100DA
:104B800000000000D086040009000000EB0F0400C4
:104B9000000000001887040001003F00131004000B
:104BA000000000000000000000000000C9E4010057
:104BB000000000000000000041D0040000001400CC
:104BC00000000000C1EE0100000000000000000035
:104BD000000000000B1704000000000000000000AF
:104BE00000000000B9F70100000000000000000014
:104BF000000000001D1C020000000000000000007A
:104C000000000000E91A020000000000000000009F
:104C100000000000892802000000000000000000E1
:104C200000000000D520020000000000000000008D
:104C30002C2B00202C2B0020000000000000000086
:104C400099390200D1490200152704000000000034
:104C50000000000099410200352504006B24040087
:104C60008D3902000000000000000000000000007C
:104C7000000000000000000000000000E5660200E7
:104C80000000000000000000492D040000000000AA
:104C900000000000000000005C940400000002001E
:104CA0006894040000000A007894040000002000CA
:104CB00000000000000000000000000000000000F4
:104CC000952A0400000000008C94040000000200FB
:104CD0009894040000000200A49404000000020064
:104CE000DC2B0020DC2B0020000000000000000076
:104CF0000E000000F02B0020F02B0020F5750200C4
:104D00000000000000000000B731040000000000B7
:104D10000000000000000000000000000000000093
:104D200004080500000000008333040000000000B8
:104D3000DDA9020000000000E8770400382C002004
:104D4000382C00200000000001000000482C00204A
:104D5000482C0020A8770400542C0020542C00205C
:104D60000100000001000000642C0020642C0020E1
:104D70006C2C00206C2C00200000000001000000C2
:104D80007C2C00207C2C0020000000000000000093
:104D9000FFFF0000FFFF0000000000000000000017
:104DA000488F040001000000A42C0020A42C002047
:104DB0000000000001000000B42C0020B42C0020F2
:104DC000BC2C0020BC2C00200000000001000000D2
:104DD000CC2C0020CC2C00200000000000000000A3
:104DE00000000000000000000000000000000000C3
:104DF00000000000000000000000000048780400EF
:104E00000000000000000000E07E0020D87E0020AE
:104E10000000000000000000C08F0400030000003C
:104E20001C2D00201C2D00200000000001000000AF
:104E30002C2D00202C2D0020342D0020342D00207E
:104E40000000000001000000442D0020442D00203F
:104E50000000000000000000000000000000000052
:104E60000000000000000000000000000000000042
:104E7000000000006878040000000000000000004E
:104E8000F07E0020E87E00200090D00300700150EA
:104E900000000000FFFFFFFF3F000000FFFFFFFFDB
:104EA0003F000000FF000000D837050000000000B0
:104EB000ED420300000000000000000000000000C0
:104EC00000000000000000000000000000000000E2
:104ED0000000000090020000D42D0020D42D0020FE
:104EE0009B630400976304009D720400BDB7030038
:104EF000B1B70300A5B70300000000000DB8030020
:104F0000382E0020302E0020282E00200000000027
:104F1000202E0020DDB9030029B903005DB903008C
:104F2000A5B903001C7400203A00003A2074002048
:104F30003A00003A247400203A00003A2874002015
:104F40003A00003A707900204C2E00200C2E0020F0
:104F5000042E0020002E0020FC2D00209ECADC2400
:104F60000EE5A9E093F3A3B50100406E0601010030
:104F70000000000000000000000000000000000031
:104F80000000000000000000000000000000000021
:104F90000000000000000000000000000000000011
:104FA0000000000000000000000000000000000001
:104FB00000000000000000000000000000000000F1
:104FC00000000000000000000000000000000000E1
:104FD00000000000000000000000000000000000D1
:104FE00000000000000000000000000000000000C1
:104FF000000000003D8B03000000000000000000E6
:1050000000000000002F0020002F0020FB320400D1
:105010000000000000000000000000000000000090
:1050200000000000202F0020202F002000000000A2
:105030005C59012000000000010000003000000069
:1050400000000000402F0020402F00200000000042
:10505000B8CC00200000000001000000B8000000F3
:1050600000000000602F0020602F002000000000E2
:10507000E0590120000000002000000014000000A2
:1050800000000000802F0020802F00200000000082
:105090008C59012000000000030000001C000000EB
:1050A00000000000A02F0020A02F00200000000022
:1050B000DC29012000000000040000004000000086
:1050C0000000000000000000B0F20020001000000E
:1050D000000000000000000000000000D82F0020A9
:1050E000D82F002000000000000000000E0000008B
:1050F000EC2F0020EC2F002000000000000000003A
:105100000E000000003000200030002000000000F1
:10511000000000000E0000001430002014300020B9
:1051200000000000000000000E00000028300020F9
:105130002830002000000000000000000E000000E9
:105140003C3000203C300020000000000000000047
:105150000E00000050300020503000200000000001
:10516000000000000E0000006430002064300020C9
:1051700000000000000000000E0000007830002059
:105180007830002000000000000000000E00000049
:105190008C3000208C300020000000000000000057
:1051A0000E000000A0300020A03000200000000011
:1051B000FFFFFFFFB0300020B0300020B8300020EB
:1051C000B830002000000000FFFFFFFFC8300020C3
:1051D000C8300020D0300020D03000200000000077
:1051E00005000000E0300020E0300020E830002022
:1051F000E83000200100000001000000F83000202D
:10520000F8300020003100200031002000000000B4
:105210000100000010310020103100201831002062
:105220001831002000000000FFFFFFFF28310020A0
:1052300028310020000000000000000000000000F5
:105240003C3100203C31002044310020443100201A
:1052500000000000000000000000000058310020A5
:105260005831002060310020603100200000000033
:1052700000000000000000007431002074310020A4
:105280007C3100207C310020000000000000000084
:105290000000000090310020903100209831002063
:1052A0009831002000000000000000000000000015
:1052B000AC310020AC310020B4310020B4310020EA
:1052C000000000000B000B00040000004314040069
:1052D00098870400604401200000000000000000E6
:1052E00000000000E0310020E0310020E831002023
:1052F000E83100200000000003000300100000005F
:1053000000000000DC88040074520120000000004E
:1053100000000000000000001432002014320020C1
:105320001C3200201C32002000000000030003009B
:1053300010000000AD3F020084890400E458012001
:1053400000000000000000000000000048320020C3
:10535000483200205032002050320020000000006F
:10536000030003000000000000000000A887040004
:1053700020460120000000000000000000000000A6
:105380007C3200207C3200208432002084320020D5
:10539000000000000A000A0000000000831404005E
:1053A00088870400A42D01200000000000000000F8
:1053B00000000000B0320020B0320020B8320020DF
:1053C000B8320020000000000100010010000000C1
:1053D000ED1E0200CC880400584C012000000000A3
:1053E0000000000000000000E4320020E432002051
:1053F000EC320020EC320020000000000D000D0017
:10540000000000000000000098880400204B0120EC
:105410000000000000000000000000001833002021
:10542000183300202033002020330020000000002B
:1054300004000400080000000000000020870400B1
:105440005C290120000000000000000000000000B6
:105450004C3300204C3300205433002054330020C0
:10546000000000000100010000000000000000003A
:10547000B88704006C47012012010002EF020140CE
:10548000E32F0E5301040102030109020000000191
:1054900000C032080B0002020200000904000001F3
:1054A0000202000005240010010524010201042469
:1054B000020205240600010705800310000A090402
:1054C0000100020A000000070580024000000705F5
:1054D0000002400000080B00020202000009040064
:1054E0000001020200000524001001052401020150
:1054F0000424020205240600010705800310000AA7
:1055000009040100020A00000007058002400000B3
:1055100007050002400000040309040E035A455029
:105520004859520000000000004A035468696E6741
:10553000793A3533204E6F72646963205541525475
:1055400020536572766963652073616D706C6500C8
:10555000000000000000000000000000000000004B
:10556000000000000000000000000000000000003B
:1055700000000022033031323334353637383941B8
:1055800042434445460000000000000000000000C7
:1055900000000000000000FF000000009733002022
:1055A00025070400CDA10100719F0100000000004B
:1055B0000000000003000000C429002000000000DB
:1055C000D933002025070400CDA10100719F0100FF
:1055D00000000000000000000300000084290020FB
:1055E000B830002000000000A030002000000000C3
:1055F000000000001C3500203035002000000000B5
:105600000435002004350020000000001035002083
:105610001035002000000000D48E0400248D04000A
:105620002435002024350020000000000800080078
:10563000884900203835002038350020000000005F
:10564000080008001469002015E015E00769500102
:10565000100020005E0BE83786F66BCC3FF8ADAD4E
:10566000F71A84D45F20F4DF13467EE3C984B7873A
:1056700096D3031001002000FC5701DC6135E132B4
:105680003847BDC40F04D2E5BEE5833B23C29F93D8
:10569000593D00018CFA9994200000011FE319097B
:1056A0009141D91A7711ABB889899AD7468A33566E
:1056B0002D5488C46673EB0145D141EE6990AE4F1D
:1056C000B0E12AD56EBF9C22446564E57C61E33A73
:1056D0005683BC85B5C4DFCEADEF48F9B96FF1672D
:1056E000C80803C709B9F3AAA06683FE57F04FFDA7
:1056F00054568926C1677950E739551AC1342FFBB2
:105700002823FE0D9C23CFBF51179B3A325A249376
:1057100089ADDFFA5BF1458605839119B747D03330
:1057200049D6A83DAB6B3F4035031756458D1FD674
:10573000F9BBE752355A7A0B0FFCD7E0841923A93D
:10574000465F381E3C588CB99AABEC01791F342E59
:105750007FCE3141BD97CF520CB4193D382863FA42
:10576000C90112CE4B4A56BBAE08233A0375439487
:105770005D04311F2CE916EE6F36C6441BC11B5861
:1057800095298C45A5895F6517D2C02A3D4C3FA05D
:0C5790006532073DB7DDF6AE6275EB8BAD
:00000001FF
