:020000040100F9
:108600003DB8F396000000000002000014A0020034
:10861000000000000000000000000000000000005A
:10862000FFFFFFFFFFFFFFFFFFFFFFFFFFFFFFFF5A
:10863000FFFFFFFFFFFFFFFFFFFFFFFFFFFFFFFF4A
:10864000FFFFFFFFFFFFFFFFFFFFFFFFFFFFFFFF3A
:10865000FFFFFFFFFFFFFFFFFFFFFFFFFFFFFFFF2A
:10866000FFFFFFFFFFFFFFFFFFFFFFFFFFFFFFFF1A
:10867000FFFFFFFFFFFFFFFFFFFFFFFFFFFFFFFF0A
:10868000FFFFFFFFFFFFFFFFFFFFFFFFFFFFFFFFFA
:10869000FFFFFFFFFFFFFFFFFFFFFFFFFFFFFFFFEA
:1086A000FFFFFFFFFFFFFFFFFFFFFFFFFFFFFFFFDA
:1086B000FFFFFFFFFFFFFFFFFFFFFFFFFFFFFFFFCA
:1086C000FFFFFFFFFFFFFFFFFFFFFFFFFFFFFFFFBA
:1086D000FFFFFFFFFFFFFFFFFFFFFFFFFFFFFFFFAA
:1086E000FFFFFFFFFFFFFFFFFFFFFFFFFFFFFFFF9A
:1086F000FFFFFFFFFFFFFFFFFFFFFFFFFFFFFFFF8A
:10870000FFFFFFFFFFFFFFFFFFFFFFFFFFFFFFFF79
:10871000FFFFFFFFFFFFFFFFFFFFFFFFFFFFFFFF69
:10872000FFFFFFFFFFFFFFFFFFFFFFFFFFFFFFFF59
:10873000FFFFFFFFFFFFFFFFFFFFFFFFFFFFFFFF49
:10874000FFFFFFFFFFFFFFFFFFFFFFFFFFFFFFFF39
:10875000FFFFFFFFFFFFFFFFFFFFFFFFFFFFFFFF29
:10876000FFFFFFFFFFFFFFFFFFFFFFFFFFFFFFFF19
:10877000FFFFFFFFFFFFFFFFFFFFFFFFFFFFFFFF09
:10878000FFFFFFFFFFFFFFFFFFFFFFFFFFFFFFFFF9
:10879000FFFFFFFFFFFFFFFFFFFFFFFFFFFFFFFFE9
:1087A000FFFFFFFFFFFFFFFFFFFFFFFFFFFFFFFFD9
:1087B000FFFFFFFFFFFFFFFFFFFFFFFFFFFFFFFFC9
:1087C000FFFFFFFFFFFFFFFFFFFFFFFFFFFFFFFFB9
:1087D000FFFFFFFFFFFFFFFFFFFFFFFFFFFFFFFFA9
:1087E000FFFFFFFFFFFFFFFFFFFFFFFFFFFFFFFF99
:1087F000FFFFFFFFFFFFFFFFFFFFFFFFFFFFFFFF89
:10880000208600218156020171E002016D560201AD
:108810006D5602016D5602016D5602010000000006
:10882000000000000000000000000000DD57020111
:108830006D560201000000007D5702016D560201D5
:1088400085590201855902018559020185590201A4
:108850008559020185590201855902018559020194
:1088600063E502018559020185590201855902011A
:1088700079E50201855902018559020185590201F4
:108880008559020149E50201855902018559020114
:108890008559020185590201855902018559020154
:1088A0008559020185590201855902018559020144
:1088B00085590201855902010000000000000000F6
:1088C00000000000000000000000000000000000A8
:1088D0000000000000000000000000000000000098
:1088E0000000000000000000000000000000000088
:1088F0000000000000000000000000000000000078
:108900000000000000000000000000000000000067
:108910000000000000000000000000000000000057
:108920000000000000000000000000000000000047
:108930000000000000000000000000000000000037
:108940000000000000000000000000000000000027
:108950000000000000000000000000000000000017
:108960000000000000000000000000000000000007
:1089700000000000000000000000000000000000F7
:1089800000000000000000000000000000000000E7
:1089900000000000000000000000000000000000D7
:1089A00000000000000000000000000000000000C7
:1089B00000000000000000000000000000000000B7
:1089C00000000000000000000000000000000000A7
:1089D0000000000000000000000000000000000097
:1089E0000000000000000000000000000000000087
:1089F0000000000000000000000000000000000077
:108A0000DEE61E284CBBCE8F023500003C00000085
:108A1000649F02000100000000880001008800013E
:108A2000FFFF0291000000000000000000000000B5
:108A3000000000000000000000000000084B1B7850
:108A4000002B4FF00003836018BF0222036008BFB1
:108A50000122044B4360FF23C2710372704700BFC1
:108A6000000A002128010800064A074B9B78026093
:108A70004FF41672C3710023828008220372827140
:108A8000704700BF793E0201000A0021064A074BE9
:108A9000DB7802604FF43472C371002382800822B5
:108AA00003728271704700BF833C0201000A0021FB
:108AB000064A074B1B7902604FF4B472C371FF235F
:108AC0008280082203728271704700BF4F38020112
:108AD000000A00212DE9F341C41D0028064624F0B8
:108AE00007040CBF0020204600F0CAFF071E04DA6E
:108AF0006FF00B0002B0BDE8F0810EB9FC42F7D474
:108B0000364D6989288903316B7B03302A7B89B212
:108B100080B217F0FFFC0028EADB3C44A978EB7830
:108B2000002E04F10304194424F0030400FB01F1B6
:108B30000CBF0020204601F02DF920440EB900287A
:108B4000D6DB2B790446B3B1697D19446B7919449E
:108B5000FF29CDDC0330002E2A8AC9B220F003049D
:108B60000CBF0020204601F085F90028C0DB04443A
:108B70000EB9002CBCDB012000F078FFC8B1A97B46
:108B8000B9B195F82C300734002B24F0070415BF39
:108B9000402325234FF481722822002E14BF204643
:108BA000002006F035FF0028A2DB04440EB9002C9B
:108BB0009EDBAB7CDBB12B7993B10734002EA97C13
:108BC00024F007040CBF002020460DF039F90028DE
:108BD0008EDB04445EB9002C09DA89E7000A002123
:108BE000012000F043FF10B1AB7B002BE5D1724BAD
:108BF0001B6893B1A97981B10334002EEA7C24F07B
:108C000003040CBF0020204698470028FFF670AFF1
:108C1000044416B9002CFFF66BAF684B1B688BB190
:108C2000297D79B10334002E24F003040CBF002009
:108C3000204698470028FFF65BAF044416B9002C85
:108C4000FFF656AF5E4B1F68B7B1697DA1B1033423
:108C5000002E2B7E24F0030408BF0020009318BFD1
:108C60002046EB7DAA7DB8470028FFF641AF0444BB
:108C700016B9002CFFF63CAF072000F0F7FE98B1C4
:108C8000A97989B10334002EAA7E24F003040CBF15
:108C90000020204601F0DCF90028FFF629AF04444B
:108CA00016B9002CFFF624AFB6FA86F795F8250022
:108CB0007F09A0B10334EB7F297F24F00704194416
:108CC0003B4644F00404C9B2224601F003FA0028EE
:108CD000FFF60EAF044416B9002CFFF609AF95F865
:108CE0002610002959D00734002E2A8D24F00708B9
:108CF0000CBF0020404617F022FC041EFFF6F8AE21
:108D0000444416B9002CFFF6F3AE1EB1298D40463F
:108D100012F028FD95F82010002940D095F8243055
:108D2000002B3CD06A8C0734002E24F0070802F197
:108D300024020CBF0020404692B217F000FC041E33
:108D4000FFF6D6AE444416B9002CFFF6D1AE03347C
:108D5000AB7F297F24F0070495F8240019443B4693
:108D600044F00404C9B2224601F0A6F90028FFF637
:108D7000BFAE044416B9002CFFF6BAAE3EB16A8C01
:108D8000404695F82010083292B212F0F1FC2B6B9D
:108D90005BB176B12C630020ACE68846B5E7002EC7
:108DA000F5D0002211461046EFE7002EF3D1204601
:108DB000A0E62834FBD59BE660000021640000217A
:108DC000680000211FB572B6194B5D6BE5B9BFF3A2
:108DD0004F8F1849184BCA6802F4E0621343CB6006
:108DE000BFF34F8F00BFFDE7B4FBF6F4D3B20132FF
:108DF000002CF9D103F110026A4402F80C4C0A224B
:108E000033B901A8A847E2E7044600220A26EDE7A5
:108E1000013BDBB203F110040DEB0406B0FBF2F4EE
:108E200002FB1400303006F80C0C2046E8E700BFC7
:108E3000000A002100ED00E00400FA0513B5114C12
:108E40006846637B8DF80130237B8DF800306389A1
:108E5000ADF804302389ADF802300AF0A3FD18B153
:108E6000E8219C20FFF7AEFF207E0AF0FFFD08B14D
:108E7000EB21F6E7E07D0AF0F3FD08B1EC21F0E725
:108E800002B010BD000A002138B5054600283ED0CA
:108E900016F0FEFA10B94FF0FF3038BD13F074FB36
:108EA000B0F5FA7FF7D81C4C1C486563002500F02C
:108EB00059FD2A222946A01C84F83850257084F8D0
:108EC0002C50256316F0F6FD1B2240F2011322817F
:108ED000628140F2032263800123A2810322237175
:108EE000A2731F22A376F72322824FF402726384B7
:108EF000FB23628244F601122385E282EFF31084A1
:108F000072B601F0F7F82CB962B62046C5E76FF0EB
:108F10001500C2E72846C0E7000A00213D8E000187
:108F200038B51446002840F0B9805E4D95F83830C9
:108F3000032B00F0B080B1B112B96FF0150038BD4D
:108F40000139142900F2AA80DFE801F00B1C1F345C
:108F50005E67853A6A6D7F404654598B8E9C9FA20E
:108F600094001378AB700020FFF7B4FD0028B7BF62
:108F7000012302236FF00B0085F83830A8BF85F875
:108F80003830DCE71378EB70EDE71379002BD4D0A1
:108F90005379002BD1D01288FB2ACED81A2A6388A5
:108FA000CBD91B3BE02BC8D82368A288AB603E4BD3
:108FB0009A80D8E713786A799342BED32B71D2E7AF
:108FC00013782A799342B8D86B71CCE713782A7951
:108FD0009342B2D86B75C6E71378002BADD05378A7
:108FE000013BDBB2F82BA8D813889278EB822F4B89
:108FF0009A70B8E71078687610F0EAFCB3E7137857
:10900000002B9AD0AB76AEE7012000F02FFD23783D
:1090100008B1012B91D9AB73A5E713882B82A2E786
:109020001378AB719FE7072000F020FD10B923787B
:10903000012B82D9072000F019FD18B12378002BED
:109040003FF47BAF2378EB748DE71378082B3FF662
:1090500074AF2B7587E71388FF2B3FF66EAFAB74A9
:1090600081E71378EB767EE713780E2B3FF665AF3A
:109070002B7778E723680E4A2B6263685360238955
:10908000138170E713786B776DE71378EB776AE7F6
:109090001378AB7767E74FF0FF3050E76FF02C00A5
:1090A0004DE700BF000A0021080A0021160A00212E
:1090B000200A0021F8B50D46064630B329B311F059
:1090C000070422D1124F97F83830012B02D16FF0EC
:1090D0000B00F8BD032B02D14FF0FF30F9E700F091
:1090E000CBF80028F8D02846FFF7F4FC0028EEDB88
:1090F00010F074FC3046396B0AF074FDFFF79EFEE9
:109100000323204687F83830E3E76FF01500E0E7E7
:10911000000A002110B5074C94F83830032B03D116
:109120000AF07CFD0BF0D6FE17F051FB002084F80E
:10913000380010BD000A002150B1074B03F11402A2
:1091400053F8041B934240F8041BF9D100207047E8
:109150006FF01500704700BF58F90201074B10B5BA
:1091600093F838403CB90AF0CFFC0320044900F0E2
:1091700075FC204610BD4FF0FF30FBE7000A0021D0
:10918000B18A0001074B10B593F838403CB90AF09A
:10919000CFFC0220044900F061FC204610BD4FF0D6
:1091A000FF30FBE7000A00218D8A000108B50C4B57
:1091B00093F838208AB993F82C305BB10AF0F6FCAA
:1091C0000849012000F04AFC0020074900F046FC55
:1091D000002008BD0AF0CEFCF2E74FF0FF30F8E7C0
:1091E000000A00213D8A0001698A0001054B10B583
:1091F00093F838401CB918F039FB204610BD4FF0E9
:10920000FF30FBE7000A0021054B10B593F838400A
:109210001CB918F02EFB204610BD4FF0FF30FBE7C5
:10922000000A0021054B10B593F838401CB918F01E
:1092300023FB204610BD4FF0FF30FBE7000A002162
:10924000054B10B593F838401CB918F017FB2046B1
:1092500010BD4FF0FF30FBE7000A0021026800203C
:10926000014B1A60704700BF3C0A0021014B1B688C
:10927000184700BF3C0A0021024B1868003818BF8D
:10928000012070473C0A0021F7B504462D4E071D0A
:109290002C4837600BF03EFE0228054606D12949CE
:1092A000204616F068FD284603B0F0BD042842D1E0
:1092B0003378092B0AD0262B1ED03146204600F0E9
:1092C00043F8B0F5817F2DD3722112E005213E20B5
:1092D00016F024FD0028F0D1F37801A93279684610
:1092E00043EA0223ADF8003016F0F8FE0028CFD094
:1092F00053210820FFF766FD1A213E2016F00EFDCF
:109300000028DAD17368694601A8C3F30F23ADF8CA
:10931000043011238DF8063016F0FAFE0028B7D07D
:109320006521E6E70028B3D0A178207816F0F6FC96
:109330000028B8D1ACE70828B5D10249204616F07C
:1093400052FDB0E7400A00212DE9F8430B780546AD
:109350000C46013B832B00F29B82DFE813F09A005E
:109360009E00A200530199021B01210127012D013A
:1093700033013701390149014F0184009902A700E7
:109380009902AB003D0143015D0163015701990260
:10939000690199027C01AC01B201B8019902BE01D8
:1093A000CA01D001990200020E02360214022802FC
:1093B00030021A0222027102770285028B023C02FD
:1093C00042026002480299029902990299029902A6
:1093D00099029902990299029902990299029902B5
:1093E00099029902990299029902990299029902A5
:1093F0009902990299029902990299029902990295
:109400009902990299029902990299029902990284
:109410009902990299029902990299029902990274
:109420009902990299029902990299029902990264
:109430009902990299029902990299029902990254
:109440009902990299029902990299029902990244
:109450009902990299029902990299029902990234
:109460004E0254025A020E23B1F803200B7042F24E
:1094700083039A4209D10623637066782146284601
:109480000236324616F0ACFB5AE03521C720FFF712
:1094900099FC0C230B700823EEE71A230B700123B1
:1094A000EAE73E230B700223A370E6E73E230B702E
:1094B0000B23F9E7292000F045FA28B13E23237059
:1094C000222363702923EFE70A2000F03BFA3E23B2
:1094D00005F1080204F108012B70A0B30A23AB7058
:1094E000E378EB70A3882B71A3881B0A6B71A379B7
:1094F000AB71E379EB71A368AB608B8893801F221B
:10950000D4F80E30C5F80E30638A6B8263696B61E4
:10951000238B2B83638BAB76638B1B0AEB76A38B3E
:109520002B77A38B1B0A6B77E38BAB77E38B1B0A41
:10953000EB7794F8203085F820306A70023296B2CA
:109540003046BDE8F8830123AB70E378EB70A38865
:109550002B71A3881B0A6B71A379AB71E37903F0BC
:109560000103EB71A368AB608B8893801322638B3C
:10957000AB73638B1B0AEB73A38B2B74A38B1B0A3C
:109580006B74E38BAB74E38B1B0AEB7494F82030A1
:109590002B75D2E73E230B7004234B70142383E713
:1095A0003E230B700C234B7004237DE73E230B708E
:1095B0000A234B70032377E73E230B700D234B7078
:1095C000052371E705232370042355E70823FAE7F1
:1095D00030230B7003234FE73E230B700B234B709C
:1095E000072361E73E230B7006234B700C235BE7D8
:1095F00013230B708B789B0001333DE757230B70CF
:10960000022339E73E230B700D234DE73E230B70F9
:1096100001234B70112347E73E230B7006234B7049
:10962000122341E73E230B7009234B7013233BE7C2
:109630003E230370242000F085F9002815BF242361
:109640000E2313260F263246A11CE81CAB7016F021
:10965000C7FA721C71E73E230370252000F072F9EF
:10966000C0B125230A26AB70D4F80230C5F8033008
:10967000D4F80630C5F807306389A5F80B30F01C24
:10968000E27A04F10C01284416F0AAFAE27A0132D7
:10969000324452E70F230726AB706388A5F80330E6
:1096A00023796B716379AB71A379EB71A37A2B7218
:1096B000E37A6B72E3E73E230B7003234B701023B6
:1096C000F2E63E230B7005234B702023ECE63E238D
:1096D0000B7009234B702123E6E63E2303702620FE
:1096E00000F030F9002815BF26231823172613266B
:1096F000A9E73E230B7004234B702723D4E63E23B7
:109700004FF0000881460370282346468370D1F845
:10971000023049F8033FAA795FFA88F39A4205D8E4
:10972000721D92B2002A3FF4A8AE06E7B21D331DA7
:1097300008F10108A118A25809EB030049F8032019
:10974000063131F8023C063020F8023C10F8017C6A
:109750003A46063716F044FA3E44B6B2DBE73E23FB
:109760002A200B7000F0EEF818B12B2363702A2327
:109770009AE61D236370192396E63E230B70072398
:109780004B701A2390E63E230B7014234B70222358
:109790008AE63E230B700B7C5B000F334B701D235E
:1097A00082E63E230B7003234B701E237CE63E2390
:1097B0000B700B7D5B0013334B701B2374E63E2351
:1097C0000B7003234B701C236EE63E230B700523A6
:1097D0004B701F2368E6FF230B700B234B70A223F3
:1097E00062E6FF230B7005234B70A3235CE6FF2387
:1097F0000B700D234B70802356E6FF230B700D2357
:109800004B70822350E6FF230B7002234B7083239F
:109810004AE6FF230B7004234B70842344E6FF23A6
:10982000C21C037081238370D1F8033003F1280137
:1098300053F8040B8B4242F8040BF9D129227CE641
:109840003E230B700C234B7023232DE6124B1B7809
:10985000002B14BFFF233E230B704FF00E034B7001
:1098600014BF852337231FE63E230B700A234B705A
:10987000352319E6084B1B78002B14BFFF233E232A
:109880000B704FF0FE034B7014BF86232B230BE6A7
:1098900040F26221FAE500BF440B0021074B4FF074
:1098A000FF3141F6FF72C3E9001205490022C1E908
:1098B00000221F21C3E90212704700BF00000021EF
:1098C000480B00213F280CD801380B4BC0F3421243
:1098D00000F01F0053F8223023FA00F000F00100DE
:1098E0007047FF2806D04038044BC0F3421200F006
:1098F0001F00EFE70120704700000021480B002106
:10990000074B0146006849681A4603C240F48C229E
:109910001A6041F0107242F4FF625A60704700BF53
:10992000000000210246024B0068516803C37047E3
:10993000480B00210246024B0068516803C3704780
:10994000080000210138064BC0F3421200F01F004E
:1099500003EB82039B6823FA00F000F001007047DC
:1099600000000021014B1860704700BF500B002120
:1099700010B5FFF793FF17F0D6F9034B04461B68A9
:1099800003B19847204610BD500B002170B50C88DC
:10999000C27CA6B2C4F30E04931C058804F118021D
:1099A0001D44825AADB21A4443882A44013AB2FB9C
:1099B000F5F202FB054292B29342044B8BBF334057
:1099C000B34313439BB20B8070BD00BF0080FFFF09
:1099D0004A1E062A08B50346084604D84FF4D1713A
:1099E0001520FFF7EFF9094A914202D940F2A3117D
:1099F000F6E711B903B1196008BD2BB11B6800224D
:109A0000C3E901211A1D1A600430F5E7FAFFFF7F50
:109A100010B5114B00EB41041A786389B3FBF2F3E4
:109A200003FB0223013A1A44B2F5706F027928BF92
:109A300000231A448378B2FBF3F0194403FB10208F
:109A4000091AB1FBF3F003FB101313446FEA43430D
:109A50006FEA5343638110BD540B0021024B03EBAB
:109A600080035960704700BF540B0021034B03EB88
:109A700080035868003818BF01207047540B00213C
:109A80002DE9F04F10F0070A85B0054604D040F2EA
:109A900061111720FFF796F9544F04464FF0010B60
:109AA00007F14C06B146B04657F8043B8DF80BA0C1
:109AB0003BB101A898479DF80A30082B01D9E8214D
:109AC000E7E79DF80B1081BB05B13160B94506F1A0
:109AD0000406E9D12DB30023DFF814E112221E465B
:109AE0008EF8003058F82200013A60B190F804A0D6
:109AF0008178BAF1FF0F64D14FF000078E420771F1
:109B00003CBFCEB20123511CECD10BB18EF80060EA
:109B1000122640F6FF6A58F82670002F63D1013EE6
:109B2000F9D2601B05B0BDE8F08F9DF80AC04A1D50
:109B3000BCF1020FE64604EB420438BF4FF0020EC0
:109B400053000EF1FF300444CEF100002040BDF878
:109B500008406444CCF1000C013C04EA0C04B4F568
:109B6000803F01D3F82194E775B1C31A336099702F
:109B70001C8083F803B09DF80C201A71019A4FEAFB
:109B8000124C1A81A3F806C004FB01049EE758F8A2
:109B90002C90B9F1000F06D099F804B0D34504BF5A
:109BA00099F802904F440CF1FF3CBCF1000FEEDA43
:109BB0003944FF29A2D90BB18EF8006040F2271179
:109BC00067E794460027F0E707EB410309F1010935
:109BD0003846A3F80AA0FFF71BFF5FFA89F1BB78AC
:109BE0008B42F1D89BE74FF00009F6E7580B0021B4
:109BF000540B0021F8B54FF6FF7305460380184B50
:109C000003EB8103186DB8B186780379B3FBF6F2E4
:109C100006FB1233DBB219460A1D00EB4202B2F911
:109C200002705488002F09DB0131B1FBF6F206FB0C
:109C30001211C9B28B42EFD10020F8BDFF29FBD031
:109C4000C4F30E03C4782B8024B94FF4D5711720C8
:109C5000FFF7B8F85380BDE8F84016F03ABC00BFF3
:109C6000540B00211D4B03EB810370B51C6D0546A1
:109C700044B3030404D54FF4DC711720FFF7A2F8B6
:109C80000146204616F008FCFF28014604D0204675
:109C9000BDE8704016F01DBCA078B5FBF0F300FBEA
:109CA0001353DBB219460A1D04EB4206B6F90260F3
:109CB000002E09DB0131B1FBF0F200FB1211C9B239
:109CC0008B42F0D1002070BDFF29FBD08B4204EB0A
:109CD00042021CBF0023E3705580D8E7540B0021DB
:109CE000094B03EB8103014610B51C6D204616F0AD
:109CF000D3FBFF28014604D02046BDE8104016F0F3
:109D0000E8BB002010BD00BF540B0021F8B5104B7C
:109D1000074603EB810301461C6D204616F0BCFB91
:109D2000FF28054611D0E688238953EA064606D067
:109D30000146204616F0CDFB01463846B047204686
:109D40002946FFF765FE0020F8BD0520FCE700BFAF
:109D5000540B002138B50E4B0446827903EB820385
:109D6000186D08B9052038BD8278E1799142F9D2A1
:109D70004B1CE37100EB41035D89B3F90A30002B02
:109D8000F3DBA58016F0A5FB20600020EBE700BF09
:109D9000540B002170B5044610F003000E4603D0AA
:109DA0004E211820FFF70EF8FFF712FE054624B1EA
:109DB000034831460460FFF70BFE284670BD00BF24
:109DC000F00B00212DE9F14FDFF870B01E46074679
:109DD0000D46DBF8003090469DF828A09DF82C90A9
:109DE0001BB960211820FEF7EDFF524609214046BD
:109DF00016F0D4F94A4684B20921304616F0CEF95D
:109E000081B2DBF80000214416F01BFB386018B962
:109E1000286001B0BDE8F08F044453464146092252
:109E20002C60386816F07EF94B46092231462868C6
:109E300001B0BDE8F04F16F075B900BFF00B00217E
:109E400070B50E46044616F0BCF90546304616F0CD
:109E5000B8F9044B2A1821461868BDE8704016F07E
:109E600014BB00BFF00B0021014B186816F0DDBADF
:109E7000F00B00211F2AF8B5044613460ED89200B5
:109E8000033222F00303B3F5803F2DD2184DACB15D
:109E9000A00710D05F210920FEF794FFFF2B4FEAA7
:109EA000420204D9FF339A42A8BF1A46E8E77C2A47
:109EB000B8BF7C22E4E729706C602B8122F003029A
:109EC00028230127120403FB01F06B680025120C04
:109ED000EEB28E4200D3F8BD14B126181F705E603A
:109EE000104401352833F3E74FF0FF30F3E700BFAC
:109EF000F40B0021144A002138B553681478C8B215
:109F0000844203D8AB210920FEF75CFF18460131DB
:109F100028330578002DF2D00021817001241289A8
:109F20008161051D44709208C16100F120014468FF
:109F300021F8022B994245F8044B1444F8D1002330
:109F40004361037038BD00BFF40B00210A4B1B892D
:109F5000B3F5FF7F4FEA930006D25A089B1A9BB2D3
:109F6000984238BF18467047B3F5EE6F01D8FF220C
:109F7000F4E740F27263F3E7F40B00212DE9F843B4
:109F80004B7880460C4602F0040602F0FB07D3B182
:109F9000DFB12E4BD4F804901D89B7BB0123AD0867
:109FA0004A46211D637004F1280004F12003A761D3
:109FB000E76123F8025B984241F8042B2A44F8D168
:109FC0000023636101E0002FE3D0FF23A370002E84
:109FD00018BF0226A3191B7D032B03D1022F1CBF20
:109FE0000136F6B2A31901221A7506F10C020023FC
:109FF00004EB860624F812307268A3704046C8F855
:10A000000020A8F80430BDE8F88300211422617014
:10A01000A01815F04FFDB5F5FF7F0FD26B08ED1AB4
:10A02000ADB209EB0502C4F804902584A2606384F4
:10A03000C4F80C90A5842261E384C6E7B5F5EE6F01
:10A040004FF0FF03EBD940F27265EAE7F40B002111
:10A050002DE9F84305460C46F7200521914616F0F8
:10A060009DF8061E22DB1DB906FB04F0BDE8F8834F
:10A0700015F0030703D098211920FEF7A3FEDFF89F
:10A080003480C8F81050A5B2A8F81460BBB29D4245
:10A09000EAD9B8F814C04B46D8F810000522F721C9
:10A0A00007FB0C00013716F03DF8EFE74FF0FF30EB
:10A0B000DCE700BF080C002107B5CDE900230B4603
:10A0C00003490246081D16F05CFB03B05DF804FB73
:10A0D000200C002113B5064CCDE900230B460246A7
:10A0E00004F1080104F10C0016F04BFB02B010BDA6
:10A0F000200C0021144B012200214FF0FF309A6008
:10A10000C3F80012C3F80803C3F80015C3F8042508
:10A110009A60C3F808034FF48040C3F80015C3F8F1
:10A12000042503F5805341F6F8720849C3F8082561
:10A13000C1F88000BFF34F8FBFF36F8FC1F880016C
:10A14000C3F80825704700BF00E0004100E100E0CF
:10A150008C463422064B00B50CF8032B8E4607CBF9
:10A16000CEF80300CCF80410CCF808205DF804FB0E
:10A170003C0C002110B5154C10F00EFD0FF0D8FD71
:10A180000021636A608C9847237E9BB9104B628CD8
:10A1900093E803000BF0DEFEE36A18880BF004FE80
:10A1A000636B94F8301094F831009847002384F8DA
:10A1B000383010BD94E8070004F10C0383E8070071
:10A1C000044904F1190018F0A4FBDFE7300C00216A
:10A1D000580C002151A10001034B93F8383003B90A
:10A1E0007047FFF7C7BF00BF300C00214FF48E61EE
:10A1F000062008B5FEF7E6FD08B5094B93F83820B0
:10A20000022A07D1DA7A42F00102DA72BDE8084088
:10A21000FFF7B0BF40F231212720FEF7D3FD00BF8A
:10A22000300C002138B5354D044695F828300BB177
:10A23000C2071FD4012924D82B6C2046984700B3AD
:10A2400095F83000E8B995F82820E2B18CB995F876
:10A250004430D806C3F300142ED4AB6C23B30123CF
:10A26000AAB16A8F910713D5EB6BD878023818BF63
:10A27000012038BD6B8F1B07DCD5EB6BDB78022B25
:10A28000D8D1012038BD002CE1D1204638BD6A8FDD
:10A29000002AF6D12A6D107803EA10102043C0F18D
:10A2A000010000F0010038BDB5F84C30B3FA83F37B
:10A2B0005B09002AEBD0D4E7E96B0B7803F00303CA
:10A2C000032B09D1CB78022B15D0686D15F0F8FF60
:10A2D00095F828200446C0E7686D15F0F1FF38B9FD
:10A2E00009F0CAFE80F0010095F82820C4B2B4E756
:10A2F00095F82820B1E70024AFE700BF300C00211B
:10A3000070B5264C0646E56A236D95F8942094F8BE
:10A310005C00A3650AB1031DD8B2FF2895F875103B
:10A3200004D11EB995F874308B4203D010F00EF9A9
:10A3300095F8942062B3206E10F046FD94F8283012
:10A34000D5F8F020003B216E626718BF0123D5F8D5
:10A35000F420A06D84F87C30A2670FF087FC5EB912
:10A3600095F875302A8F033B012B94BF28200020DD
:10A37000104480B210F0C6FDA88E10F063F895F876
:10A380007410002010F022FE022384F8383070BDD3
:10A39000A06D10F019FD0FF0CBFCE0E7300C0021B0
:10A3A0002DE9F0473D4C82B094F83830012B6DD147
:10A3B0005FFA83F9E56AE36B064695F884200F4659
:10A3C00093F8008093F801A008F0030872B1638F3E
:10A3D0000021042043F0040385F884106387636A36
:10A3E000984794F828300BB185F88690B8F1030FA0
:10A3F00038D0BAF1000F31D0022385F88A3095F8B1
:10A400009430F3B1E36A94F8282093F87530003A59
:10A4100003F1FF3318BF0122DBB284F87C20D5F8AA
:10A42000F020032B6267D5F8F420A26794F85C2033
:10A4300031D81B490020CB5C0090012019490FF056
:10A44000ABFB012F05D126B931463046FFF7EAFEB6
:10A45000B8B102B0BDE8F047FFF78CBE012385F824
:10A460008A30CCE795F88A303BB9638F0220E16BE4
:10A4700043F002036387636A9847032385F88A30B1
:10A48000BDE702B0BDE8F047FFF73ABF40F2DC415C
:10A490002720FEF797FCFFF7A9FE00BF300C002134
:10A4A0006CF90201940C002170B5814E002282B03B
:10A4B000F46A8DF8052094F8942096F85C300AB17F
:10A4C0000433DBB2FF2B94F8741004D118B994F85C
:10A4D00075308B4202D0FF2010F038F894F88A30A3
:10A4E000032B00F2E080DFE803F0021C796996F8A4
:10A4F000BA307048ADF80630A4F8643009F096FD23
:10A50000002840F09F800DF105020DF10601706DED
:10A5100015F07EFEF06320B194F8CF30002B00F0F0
:10A52000A680654B1846F36394F88B200378D2001D
:10A5300003F0030503F0F30302F00802032D43EADE
:10A54000020394F88C204FEA820202F0040243EAEC
:10A55000020303F0EF03037052D1C278022A06D03F
:10A56000706D15F0ADFE002852D1F06B03780370CA
:10A5700043781BB194F89330002B4ED110F024FC9B
:10A580000FF0D6FB0AF0B4FD032D01D100286AD1EB
:10A59000E08E0FF057FF94F87510012010F016FDB3
:10A5A000F26B012345491088927886F8BC30A6F8F2
:10A5B000440086F838308A7002B070BD3D4809F01A
:10A5C00035FD002865D0F06BC3781B2B14D1012119
:10A5D00004F110000FF0F8FFF06B0DE0B4F86430F8
:10A5E0000DF105020DF10601706DADF8063015F0A4
:10A5F0000FFEF063002851D0012386F8BB3093E7AB
:10A60000706D15F05DFE18B909F036FD0028ACD16B
:10A61000F06B037843F01003A9E7306E10F0D4FB21
:10A6200096F82830D4F8E820B3FA83F3F16B726718
:10A630005B09D4F8EC20306EB26786F87C300FF0FE
:10A6400015FB9FE7738F4FF48070F16B43F48073B9
:10A65000726A738790470121F06B84F88510C37884
:10A660001B2BC9D1B4E7012012F010F990E79DF837
:10A67000053033B1BDF806200123427086F8BB30A7
:10A6800052E7038001218370F06B18F08CF8F06BB7
:10A69000F0E740F2DB212720FEF794FB40F2D121C6
:10A6A0002720FEF78FFB40F2E9212720FEF78AFBE7
:10A6B000300C00216C0C0021B80C0021740C00211E
:10A6C0000D4B0E4A70B50E4C1A6094F838301BB121
:10A6D000ED212720FEF776FB03F0FF0206460D462C
:10A6E00022760BF02FFC012104F1880018F05BF8B2
:10A6F0002665256670BD00BF6C00002148B00001D2
:10A70000300C0021074A10B592F8383013B10C24F0
:10A71000204610BD03F0FF0414760BF013FC204616
:10A7200010BD00BF300C0021024B012283F8BD2078
:10A73000704700BF300C0021F0B585B0BB4C02ADB6
:10A7400085E8030094F838100A98002940F06781E2
:10A75000002B18BF002A00F06281B0FA80F149098D
:10A76000002800F05C81236404F12803606384F80E
:10A77000BD1084F8301084F8BE1084F8311084F8CD
:10A78000BC1084F8BB1061876184626295E80300A5
:10A7900083E80300E56A0FF04BFF0FF0C9FA95F963
:10A7A0007C0010F07BF8A86A10F0F2FA286A10F02A
:10A7B0007BF895F8A40010F081F894F828000028A0
:10A7C00000F0B48095F875209C21012010F088F9E4
:10A7D000974B984E186810F0E1FAD5F8F800D5F8C4
:10A7E000FC10E76AD5E905236265C4F8C030D5F8E6
:10A7F0000021D5F804310FC6D5F80831D5F80C2161
:10A80000C4F87D3097F88E30C6F80D20A3F12602EB
:10A81000012A40F29B8097F88F20262A00F096802C
:10A82000213B012B00F2E380242A40F0D28094F8EF
:10A830002830002B00F0DE8097F86D2097F82E313D
:10A8400097F8746013405A0700F1CD8013F00102AD
:10A8500040F0DE809B0700F1D38005F13C073146D4
:10A86000384618F0C2F8314617F01EFCB5F84830EB
:10A87000024695F875103846934228BF134684F86F
:10A88000BA3018F07FF895F8751095F8947004298F
:10A89000B5F8506008BF032117F006FC0FB904306B
:10A8A00080B2B04228BF3046C6B284F8C4600AF015
:10A8B0001FFC00287FD194F8280084F85C600028F1
:10A8C0005BD195F89330E3B195F87430012295F897
:10A8D0007E10013B84F87C200029D5F8E820DBB20B
:10A8E00018BF04206267032BD5F8EC20A26700F2A2
:10A8F0009B80514A0021D35CFB2200914D490FF00F
:10A900004BF90120FFF7D0FD0023B5F8880095F83A
:10A91000A420A360C4E90033AB6F29886080218044
:10A9200022710BB101221A6005B0F0BD95F87420B8
:10A93000414B03EB42039988404B01F5FA71A3FBAD
:10A94000013189097D3110F0CBF841E794F82830C6
:10A95000002B37D197F80A3297F87460002B3FF438
:10A960007CAFF21E012A3ED9DA1E012A3BD9012E04
:10A970003BD0012B39D002266FE795F89430B3B164
:10A98000D5F8F03001206367D5F8F43084F87C0006
:10A99000A36795F87530013BDBB2032B44D82649F9
:10A9A0003246CB5C0021009122490FF0F5F80120DE
:10A9B000FFF7A6FCA8E70AF0A1FBB04238BF30467B
:10A9C000C6B278E797F89A3297F87460002BC8D12E
:10A9D00043E794F828306BB197F82E3197F87460FC
:10A9E00059077FF533AF042637E7012635E7242AD8
:10A9F0003FF41DAF97F87460032E08BF04262CE7C0
:10AA0000F31EDBB2012BEED9012E18BF022624E77C
:10AA1000F31EDBB2012B8CBF164604261DE74FF454
:10AA2000BE712720FEF7CEF9FFF7E0FB300C0021C6
:10AA30006C000021940C00216CF90201D34D6210CE
:10AA400008B5124B93F8382092B193F8282022B918
:10AA500093F83830012B14D108BD93F83820022A1E
:10AA60000AD1DB6AD3F8D801BDE8084010F01CBA5F
:10AA7000BDE80840FFF77EBB40F213212720FEF718
:10AA8000A1F940F20F212720FEF79CF9300C00219C
:10AA9000FFF770BB014B1876704700BF300C0021E8
:10AAA000014B93F8BC007047300C0021034B93F826
:10AAB000BB0010B9588CC0F300307047300C002137
:10AAC000024B588CC0F3C020704700BF300C0021EF
:10AAD000014B93F8BE007047300C00212DE9F04384
:10AAE0003B4C10F0010983B00E46A56DE76A95F85E
:10AAF000018035D00023800784F8C5301ED5A36CB3
:10AB0000002B5AD0B4F84C2018462946033215F0D1
:10AB100067F80DF1020201A9A065D4F8C00015F094
:10AB20007AFC019815F05DFC012230604146D4F8B2
:10AB3000C00015F005FCB9F1000F1BD0D7E93C327D
:10AB400097F88C10013342F100020129C7E93C3229
:10AB50000CBF0023012387F88C3003B0BDE8F083DD
:10AB600094F8C530032B2DD8DFE803F02407020248
:10AB7000830718D403B0BDE8F0838207FAD5A36C2D
:10AB8000DBB1B4F84C2029461846033215F028F8FA
:10AB9000002203464146D4F8C000A36503B0BDE8D7
:10ABA000F04315F0CDBBD4F8C00003B0BDE8F043CE
:10ABB00015F02DBC8107DDD5A1E740F2CE4127205D
:10ABC000FEF700F940F27A412720FEF7FBF800BFBC
:10ABD000300C00212DE9F04FBF4C87B0002394F8D2
:10ABE0003820E56A022ACDE9043340F01C82638CE8
:10ABF0008846074613F0400106D1636A4020984713
:10AC0000638C43F040036384A26D92F80190002F9F
:10AC100000F0A880167895F89430C6F3C00A002B8F
:10AC200040F062811FFA89F1A4F84C10002940F02D
:10AC30006C81A164628CC6F3800395F88B1042F49A
:10AC400000729942628400F0F280D4F82CB09BF834
:10AC50008A30DBB1022B00F09B81002194F8283070
:10AC60008BF88A1023B19BF88630002B40F0868148
:10AC70009BF88530002B40F066819BF88B30628C0E
:10AC8000012B0CBF002301238BF88B3095F88C101F
:10AC900042F400624FF0000B06F00303514562845A
:10ACA00000F0CD8003930AF023FA039B032B14BF1B
:10ACB000002600F00106002E40F03E8195F893300A
:10ACC000B246002B7AD1B8F1000F40F09E8094F884
:10ACD000BE100120FFF7A6FA002840F09680BAF1D6
:10ACE000000F40F0E980FFF7DFFBBBF1000F09D058
:10ACF00094F82830002B40F0D480B4F809300133A8
:10AD0000A4F80930002F00F08780B4F80530002245
:10AD1000013384F8BE20A4F8053070480BF032F8F7
:10AD2000049830B115F05DFBE16A002202720AF06E
:10AD30003BF9059B33B1E16A00221A720C22059897
:10AD40000AF000F9002E6DD1638C1B0607D4636AEC
:10AD5000314680209847638C43F08003638407B0BA
:10AD6000BDE8F08F95F89420002A40F0B18043F4BC
:10AD70008063638494F8BE30013384F8BE3095F864
:10AD80007530033B012B05D90AF0B2F906460028BD
:10AD900000F0848001204FF0000A11F077FD0FF0E1
:10ADA00061FBB9F11B0FD34694BF0026012604288E
:10ADB00018BF002695F89330002B84D094F82830E3
:10ADC00095F87E20B3FA83F3002AD5F8E8204FEAFD
:10ADD000531314BF0420002084F87C3095F874309D
:10ADE0006267013BD5F8EC20DBB2A267032B00F2CF
:10ADF0001F813B4A3B49D35C00220092FB220EF0AC
:10AE0000CBFEB8F1000F3FF462AF10F02FF9BAF1AA
:10AE1000000F3DD1012668E7B4F807300133A4F8EC
:10AE200007307AE7FFF7A6F907B0BDE8F08F95F88D
:10AE30008C10BB4606F0030351457FF433AF032B60
:10AE4000E66A68D142F480520120A16D6284628F6B
:10AE500086F8840042F0010203936287626A904799
:10AE6000039B96F88C20013A18BF012286F88C20AB
:10AE7000B9F1000F3FF416AFD6F8F0200132C6F852
:10AE8000F020D6F8F42042F10002C6F8F42009E7D9
:10AE900005A903205646FFF721FE26E78246834692
:10AEA00088E7B4F80530B4F80710B5F888200B43EC
:10AEB00013433FF427AF20E705A90120FFF70EFE5B
:10AEC0004046FFF7F1FA05A90220FFF707FE0CE75D
:10AED0000EF096FF638C4AE7300C0021580C0021DD
:10AEE0006CF90201940C00210EF04AFFB9F1000F39
:10AEF0003FF498AE00287FF495AE95F88C3053451A
:10AF000078D01FFA89F1A4F84C10D4F8C00015F0DD
:10AF1000F8F9A0648EE6002BA3D0B9F1000F49D157
:10AF200096F88C30CA46013B18BF012386F88C3056
:10AF300000260AF0DDF83DE74FF0000A012011F08D
:10AF4000A5FC564636E700218BF8851009F07EF8FF
:10AF5000002100286ED0638F082043F00803638728
:10AF6000636A9847DBF8E8300133CBF8E830DBF868
:10AF7000EC3043F10003CBF8EC307EE6638F102019
:10AF80008BF8861043F010036387636A98476FE677
:10AF900004A9606D15F05EF9002850D0DBF8E830A8
:10AFA0000133CBF8E830DBF8EC3043F10003CBF8A9
:10AFB000EC3052E642F4805296F8946062840FF0CE
:10AFC00051FA042894F8C43006D1002E14BF1B2275
:10AFD0001F22934228BF1346994511D8A36CEBB1A9
:10AFE00094F8BD30C3B1636A002120204FF0000AFD
:10AFF00098479DE7012384F83130FFF7BBF8AEE6B0
:10B0000094F8303001204FF0000A43F0100384F828
:10B01000303011F03BFC8BE7BA4689E79A460AF0DC
:10B0200067F85646C6E640F25F512720FDF7CAFE94
:10B03000FFF7DCF840F22B412720FDF7C3FE40F27A
:10B0400014412720FDF7BEFEF9A10001D5AB000198
:10B05000A1A30001D9A100012DE9F843002800F0C7
:10B06000E4800446072900F2D380DFE801F0AB2535
:10B0700025A7D1209ECD0146204618F0F2FBD4F83A
:10B08000443100F1F6059D4240F2C780E81A0321E1
:10B09000402838BF402013F05BFE0346C4F84451FB
:10B0A00020461D4618F0A5FC002D00F09C8020468F
:10B0B000BDE8F84318F09EBC18F014FC0023D4F847
:10B0C000142105460E4684F8403184F84931BAB15E
:10B0D00050EA010314D0CA00C30042EA50721B1A9E
:10B0E00062EB0102D4F830115B18D4F8341142EB52
:10B0F0000102D4E95401834272EB0103C0F0938052
:10B10000022304F5A07784F84831384613F08AF812
:10B11000002800F08E8094F8603103F0FF01002BCE
:10B120006AD16FF00043D4E956029A4208BFB0F1E9
:10B13000FF3F12D02046D4E9549818F092FBD4F87F
:10B140005831F630D4F85C21B3EB090362EB080206
:10B150001B1A62F10002002A4BDB394694F81001F9
:10B1600013F04CF900286ED0D4E95401D4E94A32E6
:10B17000834272EB01071FD255EA06071CD0C01AA2
:10B18000334661EB02012A4614F0D6FB05FB01F1C0
:10B19000A5FB005300FB0616D4E94A213344551998
:10B1A00043EB0103C4E94A5306E090F8100113F0A1
:10B1B00013F8002384F83831BDE8F883BDE8F8437C
:10B1C0000FF068BF0BF0A6FFD4F84401DC3813F091
:10B1D00019FD98B3204618F0C3FB00283FF44BAF8D
:10B1E000204618F006FCD4E95423C4E94C23BDE8FA
:10B1F000F88320460BF096FF94F8100112F0ECFF54
:10B20000002384F83831AFE7FF213020FDF7DAFD65
:10B2100040F203113020FDF7D5FD2046C4F844511B
:10B2200018F0E7FBDFE701236BE7E2213020FDF7B1
:10B23000C9FD40F2A4613020FDF7C4FD40F25D215C
:10B240003020FDF7BFFD4FF4D5613020FDF7BAFD8A
:10B250002DE9F04F044689B000201F460E46914666
:10B2600094F875A0049016F0DDFB94F8C2310B2B16
:10B2700000F26F83894A32F8135094F88F302844D3
:10B28000442B85B200F09B8294F88E800E2B18BF61
:10B29000B8F1440F0CBF4FF001084FF0000889F0DF
:10B2A00001030293B9F1000F1AD0B4F8501204F55B
:10B2B0000879B4F888B0711AA6EB0B0B09B20FFA33
:10B2C0008BFB0029C0F27182384694F80432032BBC
:10B2D00000F25E83DFE813F0E401A801E800540007
:10B2E00094F80422032A14BF002308F00103002B62
:10B2F000DBD0B4F89822B242D7D1B4F8522220461B
:10B30000B4F8DC1103930A44C4F80022D4F80C22E8
:10B31000C4F8F821E269C4F8FC210DF0EFF894F8C4
:10B32000AC22002A40F0FC82D4F8A092E269039B90
:10B33000914506D02088039318F047FED4F8A02248
:10B34000039B94F87E10002900F0E48241F64B51F3
:10B35000894540F2D98200234FF09611238761631B
:10B3600084F87E30D4F89C32E261E362B4F89A3219
:10B370002386D4F8A4326362022384F8043294E76B
:10B38000E26902FB01F30493002F00F01B82B4F882
:10B39000DC51002D40F0168284F81B52D4F80CC208
:10B3A0000CFB113194F88E30262B049100F01D8295
:10B3B00094F88F30262B00F0188200283CD0002D06
:10B3C0003AD1D4E990E0D4E98E237245834180F0EC
:10B3D000DA8294F87500C31E012B40F28A82039131
:10B3E00010F0C2F84AF2A13CD4F840322C4D84440B
:10B3F000A3F1830194F87500A5FB0C3CA0F1030EAA
:10B40000D4E98E23BEF1010FA1EB02030399194485
:10B41000A1EB9C1140F2B182039110F0A5F800F26B
:10B42000E730D4F80CC20399A5FB0030B4F8DC5126
:10B430008009014410390491AB44AAF103030CFBC9
:10B440000BFBDBB20BF1300B012B4FEA4B0B40F245
:10B4500015825046124D10F087F84AF2A13303448A
:10B46000A5FB03239D09504610F076F80BF17303FA
:10B470001D4494F87E3028440A4D2860002B00F0CB
:10B480000D8104AB2A465946E06916F051FE049B33
:10B4900084F81B02E269286871E000BF80F90201AC
:10B4A000D34D6210F80C0021E36A2946D4F8FC0160
:10B4B000184411F02DF82946C4F80802E06911F08B
:10B4C00027F894F87E30002B40F08D8194F875A019
:10B4D000C4F80C025046AAF1030A10F045F84DF6E4
:10B4E0004171BAF1010FC74D01444FF001022046EE
:10B4F000A5FB013194BF2823002303EB9111803178
:10B5000017F0D3FAB4F8DC3113B9002F40F0B8814A
:10B51000D4F8FC31E26A94F875B01344D4F8080208
:10B52000ABF103011B1AC9B20493D4F8F831012915
:10B53000D4F80022B4F830A002FB03050AF1730A24
:10B5400005F130054FEA450540F24681584610F0B6
:10B550000BF84AF2A1330344AA48A0FB03239B093A
:10B560005846039355440FF0F7FF039BE2691D44CF
:10B57000A54B28441860012384F80432049BD4F8B6
:10B580000C52D4F84812551B6FF4B372154485421F
:10B5900028BF0546C918D4F84C3204F13C00C4F861
:10B5A000D85143F10003C4F83012C4F834320023F8
:10B5B00084F8203217F0E4F90544A4F85062C4F886
:10B5C0002452D4E98C23C4E992230CF0DFF920B192
:10B5D000D4F824321E33C4F82432B4F8C81100233E
:10B5E0008E1B84F8283236B29E4202DD022384F894
:10B5F0002832B8F1000F40F00981002F40F0098196
:10B6000094F80432002B40F02481494694F81C023F
:10B6100012F0F4FE002800F0A181029B84F8183299
:10B62000002009B0BDE8F08FD4F80C02E369D4F82B
:10B6300008221B1AD4F80052B4F8DCA1303203FB04
:10B6400001F1D4F8F831D3446FEA050A03FB05256C
:10B6500094F87520DA440491D31E00FB0A55B4F81F
:10B6600030A0012B4FEA45050AF1730A40F2B6807B
:10B67000104603920FF078FF4AF2A1330344614869
:10B68000A0FB0323039A4FEA931BAA4410460FF032
:10B6900063FF5D4B0AEB0B0528441860049B82E0B6
:10B6A00094F8751094F8D60116F025FD8246E06AEC
:10B6B0002946504410F02CFF2946C4F80802E069DE
:10B6C00010F026FF94F87E30002B40F08A8005A908
:10B6D000C4F80C0206A8DFF82CB10FF0CFFC059BD4
:10B6E0000093DDE90623D4E9920113F09FFD94F85D
:10B6F00075300546184603930FF036FF039B4DF651
:10B7000041710122033B01442046012BABFB013177
:10B7100094BF2823002303EB9111803117F0C5F962
:10B72000D4F85432E26A94F87500049303920FF04F
:10B730001BFF00F52340039AA130ABFB0031049BB3
:10B74000A3F19300D4F808321044C01A5044B4F85E
:10B7500030A0401B03F1300594F875300AF1950ACA
:10B76000A0EB9110DA1E6D000490012A31D9184621
:10B7700003930FF0F9FE00F52340A130ABFB003B33
:10B78000039B4FEA9B1B184655440FF0E5FE049BB4
:10B79000D4F854225D441C499A1A2844B2F5A07F7B
:10B7A0000860C0F0E080E269E9E600235946012024
:10B7B00084F81B32D4E98E23C4E9922385E54FF047
:10B7C00001086CE594F81B52002D54D00E4908680E
:10B7D000D5E64FF0650BD6E76523C1E64FF0650B64
:10B7E00053E7023073E7023070E6B4F89832F31A88
:10B7F0001B043FF5E2AD94F89B32002B18BF9A462C
:10B80000DBE500BFD34D6210F80C0021002F3FF4A0
:10B81000FCAEB4F8F021CAB1B4F8F20194F8F41116
:10B8200000FB011101308A427FF7EFAE002B3FF49D
:10B83000ECAE0023A4F8F20184F8283209F064FC8D
:10B8400000F00700013084F8F401DEE6A4F8F221EC
:10B85000DBE6D4F80C324846E169C91A16F0F3FB6E
:10B8600083B2002B3FF4D1AE129A0120002A3FF49C
:10B87000D8AE1380D5E6B4F8DC518FE56525F2E546
:10B88000E26AD4F8FC3194F8750003EB020A0FF079
:10B890006BFE4AF2A13394F875B0AAF1930A0344FF
:10B8A000ABF10301D4F80802A5FB0323C9B2D4F815
:10B8B0004022AAEB000A9B09012992440393D4E990
:10B8C0008E23AAEB020A1DD958460FF04DFE94F8BC
:10B8D00075B000F2E732D4F80802ABF10301A5FB22
:10B8E0000235C9B2AD09039BAAEB03022A440492B4
:10B8F0001BE6AEF1E80E3C20D4E98E23AEEB020E3F
:10B90000714496E53C25EEE74FF04D11616300214F
:10B91000218725E541F64B508145F5D90B461FE5BA
:10B92000208818F04FFB18B3B4F8A822B4F8983266
:10B930006286B4F8AA224381013B8281038294F893
:10B940007E30D4F8A022A0F80E90002B7FF403AD37
:10B9500006E540F2FB310620FDF734FA40F2935140
:10B960003020FDF72FFA40F2DE413020FDF72AFAB1
:10B9700040F23E713020FDF725FAB4F8DC513C204E
:10B98000D4F80CC255E540F232513020FDF71AFAD6
:10B9900040F24A513020FDF715FA00BFF0B585B0EE
:10B9A000002800F00C810446072900F2FC80DFE843
:10B9B00011F07B00080008006C00FA00990071008B
:10B9C000F60010F061FFD4E98E23801A61EB0301C9
:10B9D000012871F10003C0F204816FF0010200231D
:10B9E00082428B41C0F2F480E3690BB1B0FBF3F308
:10B9F00094F88F10442905D094F88E20433A012AF8
:10BA000000F28480B4F81612013189B2A4F816123B
:10BA1000B4F8C20002ADB4F88830B4F8522203443E
:10BA2000B4F8C000714E0132013BA4F852221B1A37
:10BA30009FB2336853B101390022204689B298473A
:10BA4000B4F81612014489B2A4F816127B1A18042D
:10BA50007ED40023204600951A46FFF7F9FB08B371
:10BA6000012840F0B080B4F81612B4F8C831CA1AF0
:10BA7000120400F18A80BDF80830194489B2336895
:10BA8000A4F81612002BD6D1E0E705B0BDE8F040CF
:10BA90000FF000BB90F80432042B40F09E8000238E
:10BAA00080F8043205B0F0BD90F8183213B3B0F846
:10BAB0001632B0F88820934279D09A1AA0F88830CC
:10BAC000A0F8CE212046D4E98C23C4E98E230CF0C3
:10BAD00035FC94F8D331002BE4D005B0BDE8F0403C
:10BAE00018F004B9012010F0D1FE05B0BDE8F04017
:10BAF000FEF7CEBFB0F81432B0F88810B0F81422B8
:10BB00005B1AA0F88820A0F8CE31DBE70E293FF4BD
:10BB100079AFB4F88810B4F816220B449BB2D11A4E
:10BB20000D0454BF531C01339BB2A4F8163294F891
:10BB30001932B4F81612002B7FF46AAFB4F8CC3186
:10BB40008B427FF465AF013189B2A4F816125FE72A
:10BB500094F89220012328460394002A8DF8083097
:10BB60000CBF3E23082384F8B13009F099FE20462B
:10BB700018F0BEF8002394F81C0284F8043212F086
:10BB80002BFB202384F81C328CE7BDF808201144DD
:10BB900089B27A1A12F4004F18BF19466FE7D621FE
:10BBA0003020FDF70FF9DA213020FDF70BF9B0F85E
:10BBB000CC21D31AA0F88820A0F8CE3182E7AA21A0
:10BBC0003020FDF7FFF840F276613020FDF7FAF8FB
:10BBD00040F21F613020FDF7F5F8D0213020FDF74D
:10BBE000F1F840F21E613020FDF7ECF87000002102
:10BBF0002DE9F043D0F81431002683B0054680F8D3
:10BC000018610F46D0E9548983F8D62180F838614D
:10BC10000121D0F8140108F04FFED5F81441324646
:10BC200031462046C4E98E8995F81031C4F8547223
:10BC300084F81C32334684F80462A4F85062C4E9E4
:10BC400092890096FFF704FBD0B90123C4F80002E3
:10BC5000C4F8F80184F80432A4F81602A4F8140217
:10BC600084F81902B4F88830A4F85202013BA4F811
:10BC700088300FF021F803B0BDE8F04312F0D8B8D7
:10BC800040F2FF113020FDF79DF800BFD0F81401FD
:10BC9000704700BF2DE9F043002385B00322FF2643
:10BCA000CDE900338DF806206846FEF753F80446C8
:10BCB00020BB009D95F83831002BF5D085F86061E8
:10BCC0000121284617F098FE95F83831002BEBD06B
:10BCD00095F8100112F0B6FD95F8100113F06EF909
:10BCE00095F8100112F078FA002840D085F8384114
:10BCF0006846FEF72FF804460028DAD0DFF8848083
:10BD00000123002502264FF6FF7788F804301EE055
:10BD1000029B03B393F81C22202A1CD01888B84237
:10BD20001FD00221FDF7DCFF814628B390F81C02EA
:10BD300012F088FD99F81C0213F040F999F81C02E2
:10BD400089F8044212F048FA202389F81C32CDE920
:10BD500002558DF80E6002A8FDF7FCFF044600288E
:10BD6000D6D0002388F8043005B0BDE8F08340F257
:10BD7000EB113020FDF726F84FF49B713020FDF7D2
:10BD800021F800BFF80C0021044B002242F2107190
:10BD90005A71D9801A71FFF77DBF00BFF80C0021DE
:10BDA0002DE9F84390F83831002B76D104468846C7
:10BDB00001465648154603F0FF0712F0D9F920282E
:10BDC00006466AD05822394604F5887013F072FE90
:10BDD00084F81061C4F81481FF2384F83831B8F175
:10BDE000000F06D009F0A8F900F00700013088F82C
:10BDF000F40102234FF00008A4F8483184F8408190
:10BE000010F0CCFB00F1BC062046B6B217F0A8FD3E
:10BE1000002846D015F006FE00F5CD6128464FF00B
:10BE2000010989B210F074FB2844C4F8440110F0F1
:10BE30002BFD3018A4F8268041F10001C4F8500110
:10BE400084F818912046C4F8541117F09FFD00287B
:10BE500045D0A5F2F2454946204617F002FD2D1ABD
:10BE6000C4F81C514FF0FF326FF00043C4E9562371
:10BE700004F5A07194F8100112F0C0FA00283FD028
:10BE800020460021D4E95423C4E94A23C4E94C23C1
:10BE900017F0B2FD3846BDE8F8830C273846BDE8F8
:10BEA000F8830146204617F0DCFCDFF86480F630AA
:10BEB000C4F84401B8F8060008B1E08CB8B90644EB
:10BEC00010F0E2FC361841F10001C4E95461002D84
:10BED000C8D0AE1941F10001C4E95661C8E7F63D8A
:10BEE000484617F026FE2D1AC4F81C51BAE709F08F
:10BEF00023F9B8F80630B0FBF3F202FB1300DEE7DB
:10BF000040F2CD113020FCF75DFF00BF59B00001B9
:10BF1000F80C002190F838310BB90020704710B5AB
:10BF20000446FF2380F86031012117F065FD94F885
:10BF300038310BB9002010BD94F8100112F082FCCA
:10BF400094F8100113F03AF894F8100112F044F943
:10BF500020B1002384F83831002010BD40F2EB11ED
:10BF60003020FCF72FFF00BF014B5871704700BF16
:10BF7000F80C002190F8602182B910B502F0FF049E
:10BF800090F8182112B90122104610BDD0E94731AE
:10BF90009942F9D90BF0C6F82246F5E7002210467F
:10BFA000704700BF08B50EF083FA054B9A688242CD
:10BFB00003D3187980F0010008BD002008BD00BF40
:10BFC000F80C002140F20B2108B516F077FDB0F512
:10BFD000296F28BF4FF4296080B208BD90F8D33193
:10BFE000002B73D1F0B503F0FF0590F8043285B053
:10BFF0000446032B01D005B0F0BD10F045FCD4E998
:10C000008E23801A61EB0301012871F10003F2DB3A
:10C010006FF00103834275EB01035ADBE369B4F867
:10C020008820002B53D0B0FBF3F080B20132B4F87B
:10C03000CC31104480B2A4F81402B4F814229B1A34
:10C040001BB2002BD7DD94F81C0212F0FBFB00287A
:10C05000D1D0FF2384F81932B4F888500DF10E06C0
:10C06000B4F8C220B4F8C03015441F4F013DED1A9A
:10C070003B68ADB263B1B4F8141200222046013916
:10C0800089B29847B4F81432184480B2A4F8140264
:10C09000B4F81432EB1A1B04ADD4B4F81412002314
:10C0A0000122204689B20096FFF7D2F80028A2D0DC
:10C0B000012813D1B4F81432BDF80E2013449BB2FA
:10C0C000A4F814323B68002BD5D1E1E7704718463D
:10C0D000ACE740F2C7513020FCF774FE40F20E612D
:10C0E0003020FCF76FFE00BF700000212DE9F04307
:10C0F000044683B0062900F2C380DFE801F0041E85
:10C100000B1B242B8000614B1B7903F0FF02002BDB
:10C1100000F09A80042384F804320EF0CDFD11F073
:10C1200087FE0023B4F88820A4F85232A4F816221F
:10C1300084F8193203B0BDE8F083032380F8043299
:10C1400003B0BDE8F0830EF0E1F9C4E9900103B05B
:10C15000BDE8F08311210088FDF7C2FD94F8753029
:10C16000002800F08180022B7CD064D8012B40F0A5
:10C1700083800A3080884FF4A977B8428CBFC01BF7
:10C180000020D4F80C52E3692A1893425AD95B1B59
:10C190001D1ADFF8F89099F805301BB9E36B9D4242
:10C1A00028BF1D46D4F8D86104F13C0016F0E8FB26
:10C1B00006EB0008022012F063FD0221A5EB080542
:10C1C00025EAE575854228BF0546284612F0C0FDE0
:10C1D00000B9A84401233A464146204616F054FCD3
:10C1E000E269D4F8D831C9F80800D01812F00AFD75
:10C1F00000289FD140F28A313020FCF7E3FD90F80F
:10C2000075502846033D0FF0AFF94DF641710246D7
:10C210001F4B012D204611444FF00102A3FB0131B9
:10C2200094BF2823002303EB9111803103B0BDE8B4
:10C23000F04316F03ABC033B012B1DD8408C4FF461
:10C24000BD779AE70025A4E7B0F8CC11012300924E
:10C25000FEF7FEFF00283FF460AF40F2DC613020C3
:10C26000FCF7B0FD143085E7033B012B94BF4FF47E
:10C27000BD774FF4A97784E7CD21B420FCF7A2FD68
:10C280004FF4F3613020FCF79DFD00BFF80C002156
:10C29000D34D6210012A70B5064609D0022A144611
:10C2A0000D461ED04AB140F2C2713020FCF78AFD23
:10C2B0000EF0FEF8C6F8540270BD0EF0F9F82246F2
:10C2C00001462846FFF794FC32460F4995F81001C5
:10C2D00010F0C6FA0028EFD140F2AB713020FCF725
:10C2E00071FDD0F8541201222846FFF781FC324636
:10C2F000054995F8100110F0B3FA0028DCD140F29E
:10C30000BC713020FCF75EFD9DB90001F8B5044614
:10C3100051B1012960D1002380F818310EF0CCFC16
:10C32000BDE8F84011F084BDC58C002D4CD12046ED
:10C33000D4E94A7617F0D6FA40194FF0000341F1DC
:10C340000001C01984F840314FF0020346EB0101AF
:10C35000C4F85001C4F82801C4F85411A4F84831B5
:10C36000C4F82C1194F8603103F0FF01002BD5D1F3
:10C370006FF00043D4E956029A4208BFB0F1FF3F84
:10C380000CD104F5A07194F8100112F037F80028D0
:10C39000C4D140F2FB613020FCF714FD2046D4E903
:10C3A000545617F05EFAD4F85831F630D4F85C21C0
:10C3B0005B1B62EB06021B1A62F10002002AE0DA44
:10C3C00020460AF0AFFEA9E708F09EFEE58CB0FB20
:10C3D000F5F303FB1505AAE740F2D2713020FCF714
:10C3E000F1FC00BF90F83801003818BF01207047F9
:10C3F000014BD880704700BFF80C002106220B4685
:10C4000003F8032BB0F809C0C27AA1F803C09A70F0
:10C41000704700BF4FF42E71322008B5FCF7D2FCF4
:10C4200010B582B090F8DE3073B903F0FF02ADF8BA
:10C4300004209DF8042000209DF8053062F30700D9
:10C4400063F30F2002B010BD36380C4604F058F9E3
:10C45000182204232270ADF80430EAE770B50028F2
:10C4600065D0437A04460D46002B3FD00021408919
:10C47000FDF736FC064600285ED0008807F096FDE2
:10C4800000213088FDF742FC00285AD194F854600E
:10C4900094F8A6302BB194F8A7301E43002384F8FB
:10C4A000A630204604F02CF9B30730D113212B46D7
:10C4B00004F10902293403F8031BD2F800C010323A
:10C4C00052F80C6C103352F8080C52F8041CA242BB
:10C4D00043F810CC43F80C6C43F8080C43F8041CE8
:10C4E000EBD1117800221970AA7170BD036DD0F8DC
:10C4F0000E20C3F80320428AA3F80720427B036D75
:10C5000012F0FD0F14BF012200229A70BEE7002234
:10C5100026F004062046114684F8546004F0A2FF79
:10C520000028C3D140F221313220FCF74BFC40F20D
:10C5300001313220FCF746FC40F20D313220FCF78D
:10C5400041FC40F211313220FCF73CFC044B00224C
:10C550001B68A3F8212183F8232183F870207047FA
:10C56000040D002108B508F067FA034B18700EF0AF
:10C5700013FB032008BD00BF1000002108B508F020
:10C580005BFA024B024601201A7008BD1000002120
:10C5900038B5114C20686C3003F0ACFA656803F0D4
:10C5A00059FA63682860186858B103F081FA68B1D5
:10C5B0000EF00AFC00200EF0A5FC636804221A713C
:10C5C00038BD40F2EC413220FCF7FCFB40F2EE417A
:10C5D0003220FCF7F7FB00BF040D002108B508F07E
:10C5E0002BFA04490246044B48681A7003F0F4FA27
:10C5F000012008BD040D002110000021F0B5534CAE
:10C6000000220E460546236841F2707083B0196D12
:10C610005A72CA69B1F800C0A3F80AC0A2F57A7CC0
:10C62000844540F286804A48A0FB0202C2F38F2272
:10C630001A848A8C5A84CA8C9A844FF47F42DA8492
:10C640004FF6FF721A85002D69D00121304615F092
:10C65000AFFF3278D209236893F8481009B1002A55
:10C660003DD1207B002108285961198343D003F173
:10C670000E0203F10D0107F089FF002861D0236845
:10C680005A7B03F11A0742F002025A73002D40D17F
:10C6900003F1780002683A608288BA8093F95810F2
:10C6A000186D08F0ADF920682A4916F029F92368B9
:10C6B00029491A6D1088A3F8330003F12A0092F873
:10C6C000962083F8352016F024F92068022105F021
:10C6D00079F820686C3003F00DFA03B0F0BD4279B0
:10C6E00002F0C002402ABCD102685A618288207BD5
:10C6F0001A830828BBD193F87E109A6FB3F87C0098
:10C7000059730021C3F80E205882C3F81A10D98338
:10C71000C4E70021304615F04BFF2368BAE7A06854
:10C72000694615F0FFFDA36868461A78C2F38012C7
:10C7300091E70A48A0FB0202920902F5506292B208
:10C7400076E741F2F7313220FCF73CFB040D002183
:10C750005917B7D15DC40001FDC30001D34D62106C
:10C7600040F29231322008B5FCF72CFB10B504786A
:10C770008CB004F00F0402A9224603F0CDFC08F0AF
:10C780005BF9234A042C107002D003200CB010BDBA
:10C79000204C0399236891F800E093F878C0E645AF
:10C7A000F3D191F801E093F879C0E645EDD191F825
:10C7B00002E093F87AC0E645E7D191F803E093F8F8
:10C7C0007BC0E645E1D191F804E093F87CC0E645F2
:10C7D000DBD191F805C093F87D108C45D5D193F845
:10C7E0007E309DF819109942CFD17F280DD04FF09F
:10C7F0007F0C009002A9606882F800C0237C227B35
:10C8000003F0F4FB03200CB010BDFFF7A9FF00BF3D
:10C8100010000021040D00212DE9F04F054687B0DE
:10C8200006290BD8DFE801F0A630100A0A0A040036
:10C83000B04C60688379002B40F0C5800EF0ACF9F5
:10C84000032007B0BDE8F08F0EF0A6F9A94A1368DF
:10C8500093F854108F07F3D0506881790029EFD0F6
:10C86000A54C94F900107F2900F0EF810291294630
:10C87000127B7F2542330192FF2200920222257013
:10C8800003F00CFB0320DCE79A4CAE7C6068216867
:10C89000012E837990F80790059391F8483083F042
:10C8A000010B00F0AB80002691F85420374612F0BF
:10C8B000040300F0AB8091F84DE0BEF1000F00F0F2
:10C8C000A58091F84E80B8F1080F40F0A28091F851
:10C8D00041800027404623B36A6891F85BC092F814
:10C8E00000E0E64500F04B814FF0000A62685279A3
:10C8F000082A05D091F84EC0944508BF4FF0010AB0
:10C90000002F40F0E280BBF1000F40F0328138464A
:10C91000B9F1000F40F0DB800EF03EF9236893F888
:10C92000542093078CD00EF037F9059B002B87D04D
:10C930002068AB6800F14201AA7C90F8410015F034
:10C94000F8FA17B9002800F058816B4E96F90030BC
:10C950007F2B00F07A8102932946237B0122CDE9C7
:10C960000083D4E900307F244233347003F096FA18
:10C97000032066E75F4C2368606893F854205707EC
:10C9800019D5C279002A56D06A6893F85B101678D8
:10C990008E4200F0C98093F85620012A00F0A6804C
:10C9A00093F84E30082B03D042799A4200F09E80D3
:10C9B0000EF0F2F860688379002B40D1C379002B28
:10C9C0007FF43EAF3AE7236893F85420960760D58A
:10C9D000494A92F900107F2900F0378102912946D7
:10C9E000257B42330195FF2500957F251570062292
:10C9F00003F054FA00230920237422E7AA6852792D
:10CA000002F0C002402A7FF44EAF4DE790F8058057
:10CA100059E7404607F0C8FC002818BF8346002F9E
:10CA200040F0DB80216891F8418091F85420404625
:10CA300002F004034FE78379002B3FF4FFAE236835
:10CA400093F85420960759D4D0077FF5F9AE5107D3
:10CA500000F1F480284B93F900207F2A00F0F58044
:10CA60007F200292227B29461870FF2023680192C2
:10CA7000002200904233606803F010FA03206368DC
:10CA8000DA79002A7FF4DDAE9B79002B7FF4D9AEF2
:10CA9000D4E6D1077FF5D2AE530700F1CC80164B18
:10CAA00093F900207F2A00F0D0807F200292227B21
:10CAB00029461870D4E90030FF240192423306223F
:10CAC000009403F0EBF90320BBE6012020E7236884
:10CAD00093F85630012B06D0002B7FF41DAFBAF12E
:10CAE000000F3FF419AF00283FF416AF0A2007B03B
:10CAF000BDE8F08F040D002110000021544A92F986
:10CB000000107F2900F0A18002912946257B423345
:10CB10000195FF2500957F251570002203F0BEF9D1
:10CB2000012309202374AAE7567893F85C108E42FB
:10CB30007FF431AF967893F85D108E427FF42BAF7F
:10CB4000D67893F85E108E427FF425AF167993F86D
:10CB50005F108E427FF41FAF517993F860209142AD
:10CB60007FF419AF697C93F85A2091427FF413AF98
:10CB7000BCE74231AB68AA7C15F0DBF9C8E692F855
:10CB800001E091F85CC0E6457FF4AEAE92F802E0B9
:10CB900091F85DC0E6457FF4A7AE92F803E091F806
:10CBA0005EC0E6457FF4A0AE92F804E091F85FC065
:10CBB000E6457FF499AE92F805C091F8602094455F
:10CBC0007FF492AE95F811A091F85A20AAEB0202D8
:10CBD000D2F1000A4AEB020A88E6A968404607F04B
:10CBE000C5FD2168074691F8542091F8410047B3EC
:10CBF00040F0020802F004036DE6236893F8552024
:10CC0000023A012A3FF61CAE002E3FF419AE104E38
:10CC100096F900207F2A18D002924233227B2946BF
:10CC200060687F240192FE2200920122347003F09A
:10CC300035F9032005E60DF0AFFF30E70DF0ACFF4E
:10CC400008E7804602F0040345E6FFF789FD00BFD0
:10CC5000100000210E4A536810B5197902290CD929
:10CC6000197908290ED8197952690A4B92680B4430
:10CC7000BDE8104052F8233018474FF4A551322038
:10CC8000FCF7A0F841F2A1413220FCF79BF800BF6D
:10CC9000040D0021FDFFFF3F38B5194D6B681B796E
:10CCA000022B28D82B680446027C83F8A4201A445F
:10CCB000C168996692F8242183F820214268C3F85C
:10CCC0008820037A022B0ED00DF0B2FC0EF064F92E
:10CCD0000CF0CEFE0B480EF061F80B480EF058F841
:10CCE0000A480DF0E1FD637C23B12B685B6E0BB14C
:10CCF00001221A6038BD40F6F3013220FCF762F8D9
:10CD0000040D00217C00002155555500D6BE898EAA
:10CD100070B53A4C064663681A79032A30D01A79FE
:10CD2000042A2DD0226892F8542092072DD1A568AC
:10CD3000002D40D0236893F85430002B40D03EB1F2
:10CD4000284615F0F9FC28BB284615F010FD08BB55
:10CD500063681A79022A3DD91A79082A3FD81979C5
:10CD60006269274B52690B4452F8233098470C28CC
:10CD70002BD86369DB68BDE8704053F82030184752
:10CD8000186802F095FE0546D2E7186802F092FE98
:10CD90000546CDE763681A79022A25D91A79082A47
:10CDA00027D8197928466269154B12690B4452F845
:10CDB00023309847DBE741F2A8313220FCF702F834
:10CDC00041F2AE313220FBF7FDFF41F2C13132209A
:10CDD000FBF7F8FF41F28E313220FBF7F3FF41F20F
:10CDE0008F313220FBF7EEFF41F22E313220FBF77C
:10CDF000E9FF41F22F313220FBF7E4FF040D00215F
:10CE0000FDFFFF3F38B5214D2C6894F84830ABB397
:10CE10006FF00043D4E920129A4208BFB1F1FF3FFE
:10CE20002CD00FF031FDD4E92023904271EB0303A5
:10CE300024D32C6894F848300BBB07F0A1FB0546BF
:10CE40000FF022FD6B01EA0E5B1B62F10002520241
:10CE500042EAD3525B025B1942F1000C9A014FEA9D
:10CE60008C1ED21A4EEA936E6EEB0C0C53194CF1D9
:10CE700000021B1842EB0101C4E9203138BD01203A
:10CE800007F040FC0028F9D02C68D6E7040D0021FB
:10CE90001B4B2DE9F04793F9008084B0B8F17F0F68
:10CEA0002CD0184C7F2281460E4667681A703B7959
:10CEB000032B1AD03B79062B0CBF4FF0030A4FF01F
:10CEC000010A236803F142050DF0CCFA32460090C6
:10CED0002B46257B494638460195CDE9028A02F06A
:10CEE000CBFE28B904B0BDE8F0874FF0000AE8E7B0
:10CEF000606804B0BDE8F04702F02EBEFFF730FCDA
:10CF000010000021040D002138B505460C4606F03E
:10CF1000EBFE420704D4A37803F0E003402B0DD0CE
:10CF200006F0E2FE830704D4A37803F0E003202B8D
:10CF300004D0237803F03F03242B01D9002038BD0F
:10CF40000DF096FA94F9003094F802C0002B627844
:10CF50000CF01F03ACBF1E214FF4967142EA03236D
:10CF600001FB03F31A1AB2F5877FE7D39842E5D89D
:10CF7000054A294623881068A0F8213180F823C18A
:10CF8000BDE8384003F03EBC040D00212DE9F04718
:10CF9000344E84B07568AB796BB3D6F800A0044604
:10CFA00089469AF8953033B90378002B0CBF0123DA
:10CFB00002238AF8953028790628C3B23ED0072B81
:10CFC00014BF4FF001084FF00208274890F9007095
:10CFD0007F2F45D07F2303700DF044FA317B0AF197
:10CFE000420300904A46019128462146CDE9027845
:10CFF00002F042FE20B90025284604B0BDE8F087C3
:10D00000657815F010051CD0A1690220FFF77CFFA0
:10D010000546E8B10023326882F896306369DBB1D7
:10D020005978C1F3031182F8971059781B7801F0F1
:10D030000F0143EA0123A2F89830DDE74FF003081F
:10D04000C3E7706802F088FD284604B0BDE8F087A9
:10D05000706802F0C1FDCFE7FF2382F89730CBE77D
:10D06000FFF77EFB040D00211000002110B50446DF
:10D070008AB007F0E1FC194A2378107003F00F031F
:10D08000072B02D001200AB010BD2046694603F0EC
:10D09000E1F8684603F0CCF99DF80030002BF1D19F
:10D0A0009DF80130DB07EDD50D4C019922689DF804
:10D0B000110002F1780392F87E2014F03AFF002864
:10D0C000E0D020680121A03014F07BFCFF216846ED
:10D0D000FFF75CFF0028D5D00220D4E71000002124
:10D0E000040D00212DE9F04304468BB007F0A4FCA9
:10D0F000404A2378107003F00F03082B04D0012559
:10D1000028460BB0BDE8F0836946204603F038F8A6
:10D110009DF80050002DF2D19DF8013003F003037B
:10D12000032BECD1344E376897F84D308BB397F81A
:10D130004E90737B8BBB4FF0000807F1780397F894
:10D140007E2001999DF8110014F0F3FE10B9B8F19A
:10D15000000FD4D097F84820376897F841804237BD
:10D16000002A36D19DF812000299012821D03B46B1
:10D17000424614F0DEFE0028C1D030680121A03004
:10D1800014F01FFC737B6BBB21460120FFF736FABE
:10D19000B6E7736893F80590CBE714F00EFF082804
:10D1A000C9D0A0EB09083073B8FA88F84FEA5818CC
:10D1B000C3E74B7903F0C003402BD8D13B4642462E
:10D1C00014F0B7FE0028D8D10299484607F0CEFAED
:10D1D000D1E7484607F004FB0028C3D007464FF0CC
:10D1E0000108BFE70DF0D8FE0CF042FC002373737A
:10D1F000CAE700BF10000021040D00212DE9F04F07
:10D20000DFF8E8A09346847C83B0DAF80020064675
:10D21000012C894692F84870984687F0010738D06B
:10D2200000249AF80D502346E5B192F854104907AE
:10D2300021D47268A2B3DAF804205579082D22D0DF
:10D240002846019307F0B0F8019B002818BF074655
:10D25000EBB19AF80F307BB314F0B9FE002305460A
:10D260008AF80F308BF8005089F8004088F8007079
:10D2700003B0BDE8F08F92F84D100029D9D092F894
:10D280004E50082DDCD113B19AF80E10D1B1002503
:10D29000E8E783685B7903F0C003402BC0D1C0E7A7
:10D2A000DAF804200193106802F018FF019B0028AF
:10D2B000C1D1002BEBD0E7E72846B16807F056FA5A
:10D2C0000546CFE7B068019107F078F905468AF87E
:10D2D0000D000028C6D014F070FE0828019903D074
:10D2E000DAF804305871BDE70D46BBE7040D0021A4
:10D2F00008B5054B586802F02FFC07F09DFB034B67
:10D30000024601201A7008BD040D00211000002102
:10D310002DE9F8437A4C002205468846A368276821
:10D3200018461A800DF086FD064600283AD0032DD7
:10D3300052D0052D5AD0A068BB6FC0F80930B7F89D
:10D340007C30A0F80D3097F87E1014F0FFFF2368B2
:10D3500093F8482003F1420793F84180A2B93B6853
:10D360004146A068C0F80330BB88A0F8073014F02D
:10D37000E0FF644BD3F80431002B40F0BB80052D57
:10D380001DD03046BDE8F88393F8542052070FD4DF
:10D390006368587907F024FA0028E0D007464FF078
:10D3A0000108DCE7032007F0EDFD3046BDE8F88317
:10D3B00093F84D20002AEBD093F84E00EAE723685B
:10D3C000304639681A6DC2F80A10B988D1811B6DD0
:10D3D00083F80980BDE8F883A0680C2343700378C4
:10D3E00023F00F0343F003030370A5E7D4F808907C
:10D3F0002223226899F8001089F8013021F02F01CA
:10D4000041EA481848F0050889F80080136D1B6A46
:10D41000C9F80F30116D8B6A180A89F813301B0C8C
:10D4200089F8140089F8153091F87E30088E002BA9
:10D430004CD1354BA3FB00C0D1F82CC0A3FB0CC3CF
:10D44000800AC3F38F2389F817301B0A89F8160066
:10D4500041F2707089F81830CB69A3F57A7C844565
:10D4600040D92948A0FB0303C3F38F2389F819305F
:10D470001B0A89F81A308B8C89F81B301B0A89F833
:10D480001C30CB8C89F81D301B0A89F81E30D1F86E
:10D490009730C9F81F3091F89B3089F82330136D0D
:10D4A00099F8242093F8A23022F01F0203F01F0302
:10D4B000134389F8243006F03DFC99F8243003F03A
:10D4C0001F0343EA401389F8243034E70F4BA3FBD2
:10D4D00000C0D1F82CC0A3FB0CC3C0F34710C3F3AA
:10D4E0004F13B0E70A48A0FB03039B0903F5506301
:10D4F0009BB2BBE740F234613220FBF763FC00BF14
:10D50000040D0021008000415917B7D11F85EB5150
:10D51000D34D621038B5154C236893F854309B07EF
:10D5200018D1A568E5B12368FF2093F820110DF00C
:10D530000DF828460DF048FC236893F82031033B92
:10D54000012B94BF282000200DF0DCFC636807222B
:10D550001A7138BD6368186802F0ACFA0546E1E755
:10D5600040F213513220FBF72DFC00BF040D0021C7
:10D5700038B51E4C0E20236893F820110CF0E6FFFE
:10D58000236893F854309B0724D1A56845B32846F7
:10D590000DF01AFC236893F82031033B012B94BF54
:10D5A000282000200DF0AEFC2368681D93F8205160
:10D5B00007F032F8607348B1033D012D94BF552543
:10D5C00050250CF039FA28460DF0DAFC6368082281
:10D5D0001A7138BD6368186802F06CFA0546D5E721
:10D5E0004FF4A0613220FBF7EDFB00BF040D0021DA
:10D5F00070B50D4D0222D5E900031A7103F05AFFF0
:10D6000000B170BD2E68044606F16C0002F0E4FA29
:10D610002868A6F8214186F8234186F87040BDE8C5
:10D62000704004F0A5B800BF040D002110B50A4CED
:10D6300007F002FA094A637B10701BB90DF0ACFACF
:10D64000032010BD0DF0A8FC0CF012FA0023637348
:10D650000DF0A2FA032010BD040D002110000021DE
:10D6600070B52D4C0546236893F823215F2A2CD8EA
:10D6700051092A4A565C93F8210100F03F000DF051
:10D680001DF9236893F958000DF008F9FDB12368DE
:10D6900032460120996E0DF023FA2368314693F843
:10D6A0009630022B0CBF4020FF200CF04FFF236868
:10D6B00093F85420920710D193F89530A568B3B130
:10D6C0002846BDE870400DF07FBB0026D3E7324608
:10D6D000732101200DF004FADFE76368186802F097
:10D6E000E9F92368054693F89530002BE8D1681DC9
:10D6F00006F092FF60730028E2D0033E012E94BF33
:10D70000552450240CF098F920460DF039FC284699
:10D71000BDE870400DF058BB040D002198F90201DE
:10D72000F0B52F4C83B00646236893F823215F2A77
:10D7300030D851092B4A575C9A6E7ABBD3F88800CF
:10D740000DF0B2FB256895F854309A0703D595F88B
:10D750009620022A33D05B072DD46368186816BB65
:10D7600002F0BCFC63680646186802F0BDFC024685
:10D7700005F19A002568314695F8963095F82051C4
:10D78000009502F0FDFD2268002382F82071A3734A
:10D7900003B0F0BD9A6E0027002ACFD00120FFF71A
:10D7A0005FFF2368CAE702F0ABFC014605F19A006F
:10D7B00002F0DCFDE7E795F89630012BCDD1FB1E9A
:10D7C000012B05D9394600200DF000FC2568C4E77F
:10D7D00095F85930012B14BF39460321F3E700BFF8
:10D7E000040D002198F9020110B50B4C637B63B95D
:10D7F000A1680020FEF702FF23680022A3F8212180
:10D8000083F8232183F8702010BD0DF0C5FB0CF0C8
:10D810002FF900236373EBE7040D002110B50E4CC4
:10D82000637B8BB900220120D4E90031087103F138
:10D830006C00A3F8212183F8232102F05BF9206812
:10D84000BDE8104003F094BF0DF0A6FB0CF010F9FA
:10D8500000236373E6E700BF040D002107292DE9CB
:10D86000F04F0D4687B004469146476803D12FB963
:10D87000002A00F0BD80002F00F08480637CDFF878
:10D88000A482012B44D0D8F80430587908285AD003
:10D890000DF10F0104AA06F079FE002800F038818E
:10D8A00004A99DF80F0015F0E1FC0746D8F8001018
:10D8B00091F854C01CF0030A6DD1D8F8046086F8C2
:10D8C00006A091F8543013F0040340F0BA80F371CD
:10D8D000954B1B682BB14946204698473072D8F8C3
:10D8E000046063684BB1617CD8F8002082F87E1038
:10D8F000196891679B88A2F87C30337A002B00F07E
:10D900000C81072DA06800D188BB07B0BDE8F08F5F
:10D910007B7903F0C003402BB5D1072D98F80D306B
:10D9200000F0BC80002BAED0D8F8046014F045FBAA
:10D93000D8F80430707158790123082888F80C0051
:10D9400088F80E30A4D16168607C15F08FFCD8F89F
:10D950000420074661680532607C06F04DFD0346F1
:10D960000028A3D1D8F80460F0803072C9E771793B
:10D970000829CAD0002BC8D006F03EFE012388F843
:10D980000F30C2E7DFF89C81D8F8001091F854C03E
:10D990001CF0030A91D0062D91F84CA0D8F8046031
:10D9A0006AD9082D6DD896F806B08BF00103B9F14D
:10D9B000000F0CBF002303F00103002B61D162684C
:10D9C000002A59D1B9F1000F40F08D806278D0065D
:10D9D00040F1898001201CF0040FB0713FF477AF53
:10D9E00091F84D3096F807A0D2066ED501236EE768
:10D9F000DFF83081D8E9001091F8543013F00302B9
:10DA000018BF012213F00403827105D02378A3F11B
:10DA10000103B3FA83F35B09C37191F89430002BCF
:10DA20003FF473AFD8F80030D3F89000503015F0C1
:10DA300027FC00287FF469AFD8F8043001221A725D
:10DA400063E7062D91F84D3004D8002B7FF43FAFEB
:10DA50003B463CE796F807A0082D1DD8BAF1010F08
:10DA600002D0B9F1000F17D16268002AEDD1B9F1E7
:10DA7000000F2AD16278B7E7BAF1000F08BFBA46A3
:10DA80001DE70023B3711CF004033FF420AF91F8AD
:10DA90004D3096F807A0DFE7002318E7002B3FF48E
:10DAA000F2AEB9F1000F7FF43FAFD8F8003093F831
:10DAB000201101297FF438AF384606F07FFD88F841
:10DAC0000D0000283FF4DFAE2EE73068019302F02E
:10DAD00005FB1AEA000702D1019B9BB11F46D8F84B
:10DAE00004603B46F3E6306802F0F8FA1BEA000BEC
:10DAF0000CD1BAF1000F02D106F078FC8246D8E9C9
:10DB00000016DCE606F072FC0746E8E7DA46F6E7C0
:10DB10004FF43A613220FBF755F9F388003B18BF08
:10DB20000123EEE6040D00217800002170B5194EA6
:10DB30008AB0054606F080FF3368174A93F85430E0
:10DB4000107013F0060F16D12C782846694604F0A1
:10DB50000F04224602F0E0FA214600226846FFF751
:10DB60007DFE21466846FEF757FE737B044643B9A7
:10DB700020460AB070BD0122962100200CF0C6FF9D
:10DB8000E2E70DF009FA0BF073FF002320467373F0
:10DB90000AB070BD040D00211000002110B5104C1A
:10DBA00006F04AFF0F4A637B10708BB900220120F8
:10DBB000D4E90031087103F16C00A3F8212183F846
:10DBC000232101F097FF2068BDE8104003F0D0BD8D
:10DBD0000DF0E2F90BF04CFF00236373E6E700BFA2
:10DBE000040D00211000002110B50F4C606801F0F9
:10DBF000F3FF637B8BB900220120D4E90031087167
:10DC000003F16C00A3F8212183F8232101F072FFB6
:10DC10002068BDE8104003F0ABBD0DF0BDF90BF07E
:10DC200027FF00236373E6E7040D002110B5114CB4
:10DC3000606801F0D1FF06F0FFFE0F4A637B1070B1
:10DC40008BB900220120D4E90031087103F16C0086
:10DC5000A3F8212183F8232101F04CFF2068BDE8BF
:10DC6000104003F085BD0DF097F90BF001FF002384
:10DC70006373E6E7040D00211000002110B5134C7A
:10DC800006F0DAFE124A00212368107003F1A000AA
:10DC900013F097FE637B8BB900220120D4E9003199
:10DCA000087103F16C00A3F8212183F8232101F00E
:10DCB00021FF2068BDE8104003F05ABD0DF06CF95B
:10DCC0000BF0D6FE00236373E6E700BF040D0021CE
:10DCD0001000002110B5144C606801F03DFF06F003
:10DCE000ABFE024620680021104BA0301A7013F0E2
:10DCF00068FE637B8BB900220120D4E900310871F2
:10DD000003F16C00A3F8212183F8232101F0F2FE36
:10DD10002068BDE8104003F02BBD0DF03DF90BF07D
:10DD2000A7FE00236373E6E7040D00211000002125
:10DD300010B500210320164CFFF7EAFA20B10321A9
:10DD4000206802F05FFD98B9637BCBB90022012007
:10DD5000D4E90031087103F16C00A3F8212183F8A4
:10DD6000232101F0C7FE2068BDE8104003F000BD8C
:10DD7000012108460DF02AF9636809221A7110BDC5
:10DD80000DF00AF90BF074FE00236373DEE700BFA9
:10DD9000040D002110B51C4C0C220121D4E9000314
:10DDA0001A7103F00FFD00210520FFF7B1FA20B131
:10DDB0000621206802F026FD98B9637BEBB90022AA
:10DDC0000120D4E90031087103F16C00A3F821218E
:10DDD00083F8232101F08EFE2068BDE8104003F097
:10DDE000C7BC2368012093F820110DF0EFF82368D9
:10DDF00001221B6D83F8962010BD0DF0CDF80BF0BD
:10DE000037FE00236373DAE7040D002170B5244C5C
:10DE1000236893F823215F2A29D85109214A565CA7
:10DE20009A6E42BBD3F888000DF03EF8256895F84D
:10DE300054309A0703D595F89620022A20D05B0724
:10DE400003D595F89630012B1AD06368186802F054
:10DE500057F9014605F19A0002F088FA002221687C
:10DE60006368A273062281F820611A7170BD9A6EF0
:10DE70000026002AD6D00120FFF7F2FB2368D1E765
:10DE8000F31E012B05D9314600200DF09FF82568BF
:10DE9000DBE795F85930012B14BF31460321F3E736
:10DEA000040D002198F9020138B5154C05212068B0
:10DEB00002F0A8FC48B12368012093F820110DF06E
:10DEC00085F863680B221A7138BD637B8BB9002219
:10DED0000120D4E90031087103F16C00A3F821217D
:10DEE00083F8232101F006FE2068BDE8384003F0E6
:10DEF0003FBC05460DF050F80BF0BAFD6573E6E740
:10DF0000040D002138B5234C6368186801F0D0FD7A
:10DF100000283AD063680A22054600211A71206859
:10DF200003F050FC22682B780520126D92F8965071
:10DF300005EA531505F001052946FFF7E9F948B14F
:10DF40000421206802F05EFC20B123681B6D83F879
:10DF5000965038BD637B8BB900220120D4E9003193
:10DF6000087103F16C00A3F8212183F8232101F04B
:10DF7000C1FD2068BDE8384003F0FABB0DF00CF895
:10DF80000BF076FD00236373E6E74FF4AB613220BC
:10DF9000FAF718FF040D0021F0B52C4C83B023686C
:10DFA00093F823215F2A37D85109294A575C9A6E82
:10DFB000002A35D1D3F888000CF076FF256895F853
:10DFC00054309A0703D595F89620022A2DD05B0786
:10DFD00003D595F89630012B27D06368186802F0B6
:10DFE0007DF863680646186802F07EF8024605F17F
:10DFF0009A002568314695F8963095F8205100959D
:10E0000002F0BEF9002221686368A273052281F83C
:10E0100020711A7103B0F0BD9A6E0027002AC9D092
:10E020000120FFF71DFB2368C4E7FB1E012B05D968
:10E03000394600200CF0CAFF2568CEE795F8593024
:10E04000012B14BF39460321F3E700BF040D002163
:10E0500098F90201012910B512D188B91D4A5368F7
:10E06000197908292BD919790C292DD819795269D0
:10E07000194B52680B44BDE8104052F82330184742
:10E08000144C606801F0A8FD637B8BB9002201206D
:10E09000D4E90031087103F16C00A3F8212183F861
:10E0A000232101F027FD2068BDE8104003F060BB8C
:10E0B0000CF072FF0BF0DCFC00236373E6E741F227
:10E0C00070413220FAF77EFE41F271413220FAF7B8
:10E0D00079FE00BF040D0021F7FFFF3FF0B55B4C58
:10E0E00083B020686C3001F005FD656801F0B2FC7A
:10E0F000636828601868002800F0A28001F0D8FC4E
:10E100000546002800F09780236893F8A630002B7E
:10E1100055D1D4E9000290F8A430034493F8247157
:10E1200080F82071137913B11379012B60D190F825
:10E13000A520474B134418790CF0C0FB236893F8D3
:10E14000A420134493F82461022E4FD030D9F31E3B
:10E15000012B2FD801F078FC80B231460CF0F6F993
:10E1600028460CF031FE314601200CF0B7FB012FA0
:10E1700034D0681D06F050FA607348B1033F012F98
:10E1800094BF552550250BF057FC28460CF0F8FE9F
:10E190006268082100232068517121730321D38014
:10E1A0001372E38180F895302374117103B0F0BDD0
:10E1B000012ECFD040F2F3713220FAF703FE23682C
:10E1C00093F8542093F8A700196D0243C3F8101177
:10E1D00083F85420002283F8A6209AE7E81C06F072
:10E1E0001BFA60730028D3D04025CCE70D20B4E79C
:10E1F000002102F007FB08B1206898E7637B93B920
:10E2000000220120D4E90031087103F16C00A3F869
:10E21000212183F8232101F06DFC206803B0BDE8C3
:10E22000F04003F0A5BA01900CF0B6FE0BF020FC14
:10E2300001986073E4E740F24B413220FAF7C2FDE7
:10E2400040F249413220FAF7BDFD00BF040D002124
:10E2500098F9020108B506F0EFFB044B18700CF0BA
:10E260009BFCBDE80840FFF739BF00BF100000214C
:10E2700010B50C4C06F0E0FB0B4A637B10702BB919
:10E280000CF08AFCBDE81040FFF728BF0CF084FEBC
:10E290000BF0EEFB002363730CF07EFCBDE8104036
:10E2A000FFF71CBF040D00211000002110B504462B
:10E2B000FEF7F2FC237A032B3BD0BBBB1F4B20495C
:10E2C0001A6892F8A53092F84B000133A1FB034C79
:10E2D0000CF4FF7404EB5C041B1B40FA03FCDCB27F
:10E2E0001CF0010F16D10133A1FB034C2CF00104EB
:10E2F00004EB5C041B1B40FA03FCDCB21CF0010FB6
:10E3000008D10133A1FB034121F0010404EB5101C9
:10E310005B1ADCB282F8A54092F958000CF0BEFA04
:10E32000FFF7DCFEBDE81040FEF76CBD034B1A683A
:10E33000F2E740F622113220FAF744FD040D0021E5
:10E34000ABAAAAAA10B50446FEF7A6FC237A032BB3
:10E3500051D0012B58D040D8334C3449226892F820
:10E36000A53092F84B000133A1FB03CE0EF4FF7CE5
:10E370000CEB5E0CA3EB0C0340FA03FE5FFA83FC8C
:10E380001EF0010F19D10133A1FB03CE2EF0010CB9
:10E390000CEB5E0CA3EB0C0340FA03FE5FFA83FC6C
:10E3A0001EF0010F09D10133A1FB03C121F0010CC3
:10E3B0000CEB51015B1A5FFA83FC82F8A5C092F95D
:10E3C00058000CF06BFA2368002283F89520FFF7C1
:10E3D00085FEBDE81040FEF715BD023B012B09D8B4
:10E3E000114C236893F8950088B9FFF799F9636891
:10E3F00005221A7110BD0C4B1B68986E70B9FFF79F
:10E400002FF9237A012BA6D1074C2268D7E70120E8
:10E41000FFF786F9636806221A7110BD40F63811BD
:10E420003220FAF7CFFC00BF040D0021ABAAAAAA44
:10E430002DE9F047A84F86B0D7F8008098F85730FC
:10E440005BB17E680546B37963B12C78012C12D09C
:10E45000022C00F0DC80002C50D00324204606B0B3
:10E46000BDE8F087F279002AEFD1327A002AF4D0A1
:10E470002C78012CECD198F82031022B6B7800F02D
:10E48000098103F01803182BE7D198F854305A0784
:10E4900000F10681914B93F900407F2C00F08181BF
:10E4A0007F221A700BF0DEFF397B08F142030090E7
:10E4B000FF2201910021304602940391294601F088
:10E4C000DBFB0028C9D0A9690120FEF71DFD00284B
:10E4D000C3D03B68012283F896206969002900F0C7
:10E4E000F0804A780978100902F00F0241EA02220E
:10E4F000A3F89820022483F89700AFE798F85420F7
:10E500009107AAD013B9337A002BA6D06B7813F0F9
:10E51000100FC3F3001614BF0822012232EA0303CE
:10E520009BD10023AA688DF815308DF816308DF830
:10E530001730002A00F0F3800DF117030DF11601DA
:10E540000DF115022846FEF759FE39689DF8153081
:10E5500091F84180002B40F011814231AB68AA7CD8
:10E56000404613F0E6FC90B93B6893F85530023B07
:10E57000012B3FF672AF9DF81630002B3FF46DAFC4
:10E580009DF81530002B7FF468AF4FF0FE08002E89
:10E5900000F0C880514A92F900607F2E00F001819E
:10E5A0003B684FF00009D7F804A003F142047F2331
:10E5B00013700BF057FF397B2346009042460191C0
:10E5C000504629460296CDF80C9001F055FB0028E4
:10E5D0003FF443AFA9690120FEF796FC00283FF401
:10E5E0003CAF3B6883F896906A69002A00F0D480BB
:10E5F00051780224C1F3031183F8971051781278EF
:10E6000001F00F0142EA0122A3F8982026E798F8CA
:10E6100054309B073FF421AF6B7803F01803182B9D
:10E620007FF41BAF2D4B93F90090B9F17F0F00F0F1
:10E63000B8807F221A700BF015FF3A7B08F1420375
:10E6400000902946019200223046CDF808900392AE
:10E65000FF2201F011FB00283FF4FFAEA969012061
:10E66000FEF752FC00283FF4F8AE3A6882F8964074
:10E670006B69002B00F08C805978C1F3031182F88C
:10E68000971059781B7801F00F0143EA0123A2F893
:10E690009830E3E603F01903192B3FF4F6AEDCE6FD
:10E6A0006B68EBB9AB68002B7FF4D7AEAB699B7896
:10E6B00013F0E00307D198F84930002B7FF4EAAE5D
:10E6C000CBE6FF2016E7402B7FF4E4AE98F84A3003
:10E6D000002B7FF4DFAEC0E6040D00211000002106
:10E6E00008F15B0398F85A2008F1780198F87E0049
:10E6F00013F01FFC7E68D7F800807379082B03D0D5
:10E7000098F84E209A423CD098F85630012BC9D048
:10E71000002B7FF4A2AE00283FF49FAEC2E74FF07B
:10E72000FF0834E7204B93F900A0BAF17F0F38D0EF
:10E73000D7F804907F221A7099F80430032B05D083
:10E7400099F80430062B0CBF032401243B6803F125
:10E7500042060BF087FE4246009033462946484663
:10E76000CDE902A43C7B019401F086FA00283FF435
:10E7700074AE7868032401F0EFF96FE648F0020800
:10E7800005E798F85630012B8CD0002B8AD064E630
:10E79000FF2382F8973061E6FF22022483F8972056
:10E7A0005CE6FDF7DDFF00BF1000002130B5054637
:10E7B0008BB006F041F9414B2C7802466946284659
:10E7C00004F00F041A7001F045FD3D4D072C51D0A7
:10E7D0002B6893F8542012F0060210D121466846A7
:10E7E000FFF73CF82B6893F82031042B1BD8022B41
:10E7F0001ED903246B7B6BBB20460BB030BD93F856
:10E80000A420134493F82421012A52D00022214647
:10E810006846FFF723F82B6893F82031012B0CD0C2
:10E82000023B022BE5D941F229213220FAF7CAFA3C
:10E83000012B02D0022BDCD0F5E7062C02D012D837
:10E84000022C32D821466846FDF7E6FF6B7B044672
:10E85000002BD1D00CF0A0FB0BF00AF900232046CE
:10E860006B730BB030BD072C1FD16846FFF7E0FD7E
:10E870000446BFE72B68684693F8201101F026FD97
:10E88000002221466846FEF7E9FF2B6893F8203105
:10E89000042BC8D8022BE8D8012BE6D0022BC2D11A
:10E8A0009DF80030012BA4D1DFE703240CF074F9AC
:10E8B000A0E7962100200CF029F9A7E7100000211D
:10E8C000040D00212DE9F04F93B0A34C0D4608A98B
:10E8D00001F0C0FC206808A99A3001F07BFD236894
:10E8E0009DF8201093F89620914205D1032D17D062
:10E8F0009DF82120110752D46068012501F06CF9C0
:10E90000637B1BB9284613B0BDE8F08F0CF044FBC5
:10E910000BF0AEF800232846637313B0BDE8F08F08
:10E9200093F89720FF2AE3D108A82A460721FEF78B
:10E9300095FF6068C3881BB9037A002B00F0E5805F
:10E9400000230A9E8DF81D308DF81E308DF81F3083
:10E95000B6B30DF11F030DF11D020DF11E0108A844
:10E96000FEF74CFC23689DF81D8093F84170B8F1C8
:10E97000000F01D047F002079DF820509DF81E902F
:10E98000012D9DF81F6022D0022D00F0B280002DD5
:10E9900000F094806068012501F01EF9B0E70D9940
:10E9A00093F897004A78B0EB121FA5D1097802F0CE
:10E9B0000F02B3F8983041EA02229A429CD1B3E7A1
:10E9C0009DF82050B146B046FF27012DDCD19DF8BF
:10E9D0002130206803F0090290F89A10092A05D026
:10E9E000002900F090801A0740F18D8090F8543093
:10E9F00062685B0719D5D379BBB1002900F0388173
:10EA00000A9B002B00F02C81B8F1000F40F0288108
:10EA10005EB100F142019DF8322090F8410013F000
:10EA200088FA002840F01B8162689379002B6AD035
:10EA3000266896F854309B0765D09DF8213013F076
:10EA4000020A00F0E680B8F1000F0AD10A9B06F135
:10EA500042019DF8322096F8410013F06AFA00282E
:10EA60006BD03E4B93F90090B9F17F0F00F0BE815F
:10EA7000D4F804807F221A7098F80430032B00F039
:10EA80004A8198F80430062B0CBF4FF0030A4FF070
:10EA9000010A236803F142060BF0E4FC3A460090B9
:10EAA0003346267B08A940460196CDE9029A01F03B
:10EAB000E3F840B3606801F04FF821E7206890F870
:10EAC00054309D071FD09DF8213099074AD4FF2765
:10EAD00063681B7A33B1224B1B681BB10F9808B1D6
:10EAE00011999847394608A8FEF750FA58B10225FF
:10EAF00006E7256895F854309A0704D0D4F804A0A6
:10EB00009AF806202AB90125FAE6012501F064F8F1
:10EB1000F6E69DF8212002F009010929F3D113F04E
:10EB2000020B38D012F0020100F0C380B8F1000FE0
:10EB300040F02381002E40F01481236893F8553073
:10EB4000023B012BDFD8B9F1000FDCD0FE2108A871
:10EB50000125FEF79DF9D3E6040D002110000021E8
:10EB600074000021B8F1000FB2D100F142010A9BFC
:10EB70009DF8322090F8410013F0DBF90028A7D16E
:10EB8000236893F85530023B012BBCD8B9F1000F34
:10EB9000B9D0FE279CE712F0020600F0BF80B8F162
:10EBA000000F0AD10A9B05F142019DF8322095F829
:10EBB000410013F0BEF90028BFD08D4B93F90080BF
:10EBC000B8F17F0F00F0128166687F221A703379E6
:10EBD000032B06D03379062B0CBF4FF0030B4FF0FD
:10EBE000010B236803F142050BF03CFC3A46009010
:10EBF0002B46257B08A930460195CDE9028B01F013
:10EC00003BF800283FF47FAF6068012500F0A4FFC7
:10EC100076E6774B93F900707F2F00F0E7807F2135
:10EC200019701379032B06D01379062B0CBF4FF004
:10EC3000030A4FF0010A05920BF014FC059A06F145
:10EC40004203009008A91046227BCDE9027A019286
:10EC5000FF2201F011F800283FF455AF2AE72068A1
:10EC6000A03012F0D0FE00283FF4DEAE0C2547E6BF
:10EC700000F15B0390F85A2000F1780190F87E00D3
:10EC800013F057F96268034620685179082904D0C7
:10EC900090F84EC08C4500F0A08090F856100129E5
:10ECA0003FF4AEAE00297FF4C0AE002B3FF4BDAE02
:10ECB000A6E64F4B93F90080B8F17F0F00F09680E5
:10ECC0007F2203201A70FEF723FB23680546D4F841
:10ECD000049003F142060BF0C5FB3A460090334620
:10ECE000267B08A9484601960126CDF808800396A0
:10ECF00000F0C2FF002D3FF406AF00283FF403AF41
:10ED00002068A03012F07FFE002864D1606835468C
:10ED100000F022FFF4E54FF0000ABAE6344B93F915
:10ED200000707F2F62D07F221A709AF80430032B74
:10ED300005D09AF80430062B0CBF032601260BF0F1
:10ED400091FB05F14203257BFF22009008A9504664
:10ED50000195CDE9027600F08FFF00283FF4D3AE95
:10ED600052E70A9B05F142019DF8322095F84100D7
:10ED700013F0DFF800283FF4E0AE1D4B93F900805C
:10ED8000B8F17F0F32D07F22002103201A70FEF7E6
:10ED9000BFFA23680546D4F8049003F142060BF04D
:10EDA00061FB3A4600903346267B08A94846019607
:10EDB0000126CDF80880039600F05EFF002D3FF499
:10EDC000A2AE00283FF49FAE2068A03012F01BFED8
:10EDD00000283FF498AE0B2592E590F85630012BB1
:10EDE0003FF40EAE002B3FF40BAE1EE6FDF7B8FC71
:10EDF0001000002110B5044605F01EFE094A2378D4
:10EE0000107003F00F03072B05D120460121BDE848
:10EE10001040FFF757BD044B586800F0DDFE01209D
:10EE200010BD00BF10000021040D002110B50446E4
:10EE300005F002FE094A2378107003F00F03072B38
:10EE400005D120460321BDE81040FFF73BBD044B30
:10EE5000586800F0C1FE012010BD00BF1000002165
:10EE6000040D002190F83E00003818BF01207047C3
:10EE7000007A003818BF0120704700BF036D10B53D
:10EE800083B10222FF21044642721A884FF6FF73B3
:10EE900080F8271003850649428113F031FD0023D5
:10EEA000236510BD4FF456713220F9F78BFF00BF78
:10EEB0005DC4000138B5012105460020FAF710FFB6
:10EEC00020B3044601F00AFC02E094F870301BB154
:10EED00094F87030012BF8D13F220021204610F029
:10EEE000E9FD002340F20111072284F8543084F830
:10EEF000A530A4F84C1084F8585084F84B20636671
:10EF000084F89430C4F8903084F8A6300121084683
:10EF1000FAF7E6FE044618B301F0E0FB02E094F8CD
:10EF200070301BB194F87030012BF8D13F220021D2
:10EF3000204610F0BFFD002340F20111072284F8A3
:10EF4000543084F8A530A4F84C1084F8585084F854
:10EF50004B20636684F89430C4F8903084F8A6306F
:10EF6000BDE8384000F066BDF8B503461C4E0F46BC
:10EF700000200121B360FAF775FE38B34FF49472A4
:10EF80000021044610F096FD01210846FAF76AFEBA
:10EF9000054688B14FF49472002110F08BFD73691F
:10EFA000CBB13846FFF786FF204601F079FB2846B3
:10EFB000BDE8F84001F074BB736963B13846FFF7F0
:10EFC00079FF2046BDE8F84001F06ABB40F67C01BD
:10EFD0003220F9F7F7FE40F686013220F9F7F2FE0B
:10EFE000040D0021014B024A5A617047040D0021B3
:10EFF0006C010021014B024A5A617047040D002147
:10F0000084010021036810B54BB1074A03F16C0479
:10F010005169C2E900340B68BDE81040184740F65A
:10F0200067113220F9F7CEFE040D002110B50F4C08
:10F03000606800F0D1FD637B8BB900220120D4E928
:10F040000031087103F16C00A3F8212183F823211A
:10F0500000F050FD2068BDE8104002F089BB0BF0C5
:10F060009BFF0AF005FD00236373E6E7040D002112
:10F0700080F84B10704700BF11F001031FD04FF014
:10F08000010C0222634680F824C111F0020F0ED059
:10F0900000EB030C490700B54FF0020E8CF824E199
:10F0A00003D51044042380F824315DF804FB4A079B
:10F0B00004D51844042380F8243170477047012296
:10F0C000E3E700BF80F85710704700BF38B505462A
:10F0D00090F84000A0F1020CBCF1010F98BF00298C
:10F0E0000CBF0124002408D010F0FD0FBDE838400B
:10F0F00014BF0120002004F0FDBF12F0FD0F1946DF
:10F1000014BF0120002012F04EFF082801D0204635
:10F1100038BD95F84000E7E790F8403013F0FD0F58
:10F1200014BF0120002004F0E5BF00BF90F8A63016
:10F130003BBB10B5044603F0FF0094F85430022B9B
:10F1400007D0012B08BF04290CBF0120002002D0EA
:10F1500010BD0429FCD1D4F81031A3B9236DBBB183
:10F1600006F0E6FF216D04F1E80001F0B3FB06F0C4
:10F17000E5FF042384F8A730FF2384F8A63001209C
:10F1800010BD0020704740F6E6113220F9F71AFE54
:10F1900040F6E7113220F9F715FE00BF80F8401065
:10F1A000704700BF38B590F84030044600F1420186
:10F1B00013F0FD0F14BF0120002084F8410004F07B
:10F1C00081FF94F84030023BDBB2012B94BF012356
:10F1D000002384F8483000D938BD05F0D1F9054640
:10F1E0000DF052FB6B01EA0E5B1B62F10002520252
:10F1F00042EAD3525B025B1942F1000C9A014FEADA
:10F200008C1ED21A4EEA936E6EEB0C0C53194CF115
:10F2100000021B1894F8480042EB0101C4E92031B8
:10F220000028D9D0002005F06DFA0028D4D140F68E
:10F230000F213220F9F7C6FDB1F1000C4FF00801A3
:10F2400010B504460CBF0120002084F856C084F895
:10F250004D0084F84E1009D112F0FD0F194614BF6D
:10F260000120002012F09FFE84F84E0010BD00BF68
:10F2700008B5A2B180F85A10D2F800C0036DC0F8EA
:10F280005BC090F841109288A0F85F205972D0F8C6
:10F290004220C3F80A20B0F84620DA8108BD40F6C3
:10F2A0002D213220F9F78EFD80F84910704700BFFC
:10F2B00080F84A10704700BFF0B5D0F8C8409DF8FC
:10F2C00014E0944203D190F840208A4201D00020FB
:10F2D000F0BD1EF0020190F81D5123D00024A44679
:10F2E0002146224611E0314300EB820253F82C60A4
:10F2F0000CF101070134D2F8CC205FFA87FC76329A
:10F30000B242E4D1E2B2954228D3861896F824613D
:10F31000F71E012FE7D80CF1010C41F004015FFA50
:10F320008CFCE1E70E460A4601E0954216D38418AC
:10F33000013694F82441E71E012F53F8227088BF4C
:10F34000214300EB820498BF41F00401F2B2D4F8EB
:10F35000CC4004F1760C6745E7D0B8E70EF0050025
:10F36000401AB0FA80F04009F0BD00BF90F8543068
:10F37000024659070DD413F0030000D1704792F8EC
:10F38000550000F0FD00A0F10100B0FA80F0400946
:10F39000704790F85600A0F10100B0FA80F04009E3
:10F3A000704700BF012938B5044610D094F8543096
:10F3B00004F16C059B071AD1284600F09BFB002343
:10F3C000A4F8213184F8233184F8703038BD0A4D17
:10F3D0006B7B002BEAD00BF0DFFD0AF049FB00232A
:10F3E0006B7304F16C0594F854309B07E4D0284605
:10F3F00000F0F2FBE0E700BF040D0021A03012F0A6
:10F400000BBB00BF0149363013F07DBA21C40001A7
:10F4100010B5012104460020FAF762FC78B3637846
:10F4200080F85430227812F0010323D1012112F028
:10F43000020F05D000EB030C0B4602218CF82411BF
:10F44000520703D50344042283F82421A37880F8CB
:10F450004030E37813F0FD0F80F855300CBF0123E6
:10F46000002380F84C30237980F84B30637980F8A2
:10F47000573010BD0123022180F82431D7E740F630
:10F48000C6213220F9F79EFC10B504466C3000F01E
:10F49000A3FB0023A4F8213184F8233184F87030D1
:10F4A00010BD00BF08B501210020FAF719FC28B1F2
:10F4B00090F89400003818BF012008BD40F645318F
:10F4C0003220F9F77FFC00BF2DE9F04705468CB0EC
:10F4D0000E4600200121FAF703FC002800F0848288
:10F4E0000446A83001F016F9002847D094F85430AB
:10F4F000042B43D0AF6A002F00F04F81C44B9F42D2
:10F5000064D0043B9F4261D007F13B0904F0A8FBA3
:10F51000804602A9484600F09DFEB8F1000F40F079
:10F520004981EB7A06F11C00D90600F14981002FD0
:10F5300000F0B5809DF80830022B00F0B080014645
:10F5400095F83230E522484613F07CF895F83230D1
:10F5500004464846234485F8323013F06BF895F89A
:10F560003290A9EB0009B9FA89F94FEA5919B8F1B3
:10F57000000F31D104F11803DBB298E02046FFF709
:10F5800071FC0028B6D1A34C04F1080604F10C0765
:10F590000023AA6A002A00F04D81A96A0A68B142D4
:10F5A000AA620B704B708B70CB70F2D0B942F0D066
:10F5B000206810F0FCFF231DD3E84F3F0133211DCD
:10F5C000DBB2C1E8423F002AF5D1E1E704F048FB95
:10F5D0008146002867D00024EB7ADA0640F1B98131
:10F5E0005B0703D5EB7EFE2B00F08E81032104F137
:10F5F0000A033170AA7A02FB03F3F27002337370CC
:10F600006B7B7371D5F80E30C6F806306B8A347395
:10F61000344473812B7E6373EB7A13F0080000F09F
:10F620001D817C4C042304F108083371474576D1D1
:10F630003379022262F34613AA6A33716AB1EFF397
:10F64000108272B6AB6A1968A962002A00F0DE80E7
:10F6500000221A705A709A70DA70A5F108012068B9
:10F6600010F0A5FF231DD3E84F3F0133211DDBB26E
:10F67000C1E8423F002AF5D102274FF004088DF877
:10F6800004808DF805709DF8042000209DF8053059
:10F6900062F3070063F30F200CB0BDE8F087B8F108
:10F6A000000F40F05681182300244FF00109042276
:10F6B0003270AA7A02FB03F3F27002337370D5F84A
:10F6C0000B20D5F80F30D5F81300D5F8171072605D
:10F6D000B360F0603161D5F81F30D5F81B20B361FD
:10F6E000726195F8148095F815A004F0F7FA08F106
:10F6F000FF388B055FFA88F86FD5B8F1030F00F279
:10F700007881454B13F808207273BAF1000F40F06E
:10F710008580F4763F4C04F10808474588D004F111
:10F720000C0A574500F0A380002F00F0C880B9F103
:10F73000000F2AD0AB6A63B1EFF3108272B6AB6AE6
:10F740001968A96202B962B600221A705A709A70DA
:10F75000DA703946206810F02AFF231DD3E84F3FA6
:10F760000133211DDBB2C1E8423F002AF5D1AB6A6B
:10F7700085F83220434500F0F080534500F01181B8
:10F780009DF80830022B00F0DA80337901274FF022
:10F79000040867F34613337171E705F1330904F088
:10F7A0005FFA804602A9484600F054FDB8F1000F08
:10F7B0003FF4B7AEEB7A06F10D00D9067FF5B7AE90
:10F7C0009DF818404FF001090599224610F008FAFB
:10F7D000B8F1000F7FF400AFCCE6B8F1030F00F2F0
:10F7E00011810D4B984498F804207273BAF1000F00
:10F7F0008FD00AF1FF3A5FFA8AFABAF1030F00F2EA
:10F8000001819A449AF80430B37382E762B61FE725
:10F81000280D00211C0D0021A0F902010AF1FF3A78
:10F820005FFA8AFABAF1030F00F2E38013F80A30A4
:10F83000B3736EE7A5F10801206810F0B8FE231D30
:10F84000D3E84F3F0133211DDBB2C1E8423F002A1C
:10F85000F5D14FF40073ADF8043014E703F0030260
:10F86000032A49D0580749D50123337152E7AB6ABF
:10F8700063B1EFF3108272B6AB6A1968A96202B97C
:10F8800062B600221A705A709A70DA706B7D83BB70
:10F8900032794FF0040863F346123271A5F1080182
:10F8A000206810F084FE231DD3E84F3F0133211D53
:10F8B000DBB2C1E8423F002AF5D10227DFE695F826
:10F8C0000B8018F010083FF4DAAE3379A5F1080187
:10F8D000206867F34613337110F069FE231DD3E8E7
:10F8E0004F3F0133211DDBB2C1E8423F002AF5D171
:10F8F000C2E64FF00008D1E730710BE7022A26D0AC
:10F90000002A7BD1317105E711223270AA7AF27098
:10F91000120102327270012232716A7B7271D5F863
:10F920000E20C6F806206A8A33737281EB69C6F826
:10F930000D302B8CA6F811302B7EF374EAE6337968
:10F9400001274FF0040823F06803337197E6327102
:10F95000E0E65B213320F9F735FA3379022262F3CE
:10F960004613AA6A337162B1EFF3108272B6AB6AC2
:10F970001968A96202B962B600221A705A709A70A8
:10F98000DA70A5F10801206810F011FE231DD3E8FC
:10F990004F3F0133211DDBB2C1E8423F002AF5D1C0
:10F9A0006AE6337962F34613AA6A337162B1EFF300
:10F9B000108272B6AB6A1968A96202B962B60022F7
:10F9C0001A705A709A70DA70A5F10801206810F068
:10F9D000EEFD231DD3E84F3F0133211DDBB2C1E80B
:10F9E000423F002AF5D147E640F2C7113320F9F72C
:10F9F000E9F940F2B9113320F9F7E4F9A2213320F3
:10FA0000F9F7E0F940F249310620F9F7DBF900BFD8
:10FA1000343270B5054692B20C461E4610F08FFD8A
:10FA200025B1034B1D601C745E741C7170BD00BF5A
:10FA30001C0D002110B5034C206810F0A2FD237CA2
:10FA4000237110BD1C0D0021014B587C704700BF75
:10FA50001C0D002138B5154C206810F098FD00B33E
:10FA60000546231DD3E84F3F013B221DDBB2C2E810
:10FA7000413F0029F5D105F108033422012418463D
:10FA800010F018F8EA7C0346FF2147F6FF7064F394
:10FA900046126975E883184685F82310EA74ED620A
:10FAA00038BD40F247113320F9F78CF91C0D0021C5
:10FAB0003330704738B50446406A08B13B3038BD32
:10FAC0000B4D286810F063FD606260B12B1DD3E818
:10FAD0004F3F013B291DDBB2C1E8423F002AF5D16F
:10FAE000606A3B3038BD4FF4B0713320F9F76AF9E2
:10FAF0001C0D002138B5036833B3596A054621B39C
:10FB000001F10802934222D0124C206810F04FFD00
:10FB1000231DD3E84F3F0133211DDBB2C1E8423F33
:10FB2000002AF5D12B687BB1A3F10801206810F001
:10FB30003EFD231DD3E84F3F0133211DDBB2C1E859
:10FB4000423F002AF5D12A6038BD024CECE7002381
:10FB50000360D9E71C0D002170B505680646F5B1B4
:10FB60001B49284612F0D8FE1A4C0023E360EFF33D
:10FB7000108272B6AB6A23B3E96A04F10C030B601E
:10FB8000EB6202B962B63368596A29B101F108051E
:10FB9000AB421BD100236B620023336070BD696AE6
:10FBA0000029F9D00B4C206810F001FD231DD3E88B
:10FBB0004F3F0133211DDBB2C1E8423F002AF5D19E
:10FBC000E8E704F10C03AB62EB62DAE71D46EAE713
:10FBD000C9F400011C0D002170B50668002E3CD050
:10FBE000716A0546002939D001F10803204C9E4274
:10FBF0000DD0206810F0DBFC231DD3E84F3F01330C
:10FC0000211DDBB2C1E8423F002AF5D12B6800225A
:10FC100072625A7D8AB10022A260EFF3108172B63F
:10FC20009A6AF2B1D86A134A0260DA6201B962B61E
:10FC30002846BDE87040FFF78FBFA3F10801206898
:10FC400010F0B5FC231DD3E84F3F0133211DDBB27B
:10FC5000C1E8423F002AF5D12A6070BD3346044C0A
:10FC6000D7E7044A9A62DA620029E1D1DFE700BFF0
:10FC70001C0D0021240D00212DE9F04704680D46DC
:10FC800090469DF824C09DF820209DF928109DF8ED
:10FC90002C60002C00F0E480DFF8F4A199460746C0
:10FCA0009AF80430002B7AD0636A002B00F0DD80D4
:10FCB0005E74EB684BB195F810E0238E734440F20C
:10FCC000726E734500F3A180238601232176A3720F
:10FCD000002E75D062756B691BB15B78C3F303139B
:10FCE000A375EB6913B15B88A4F8193095F800E0AF
:10FCF000E17AAEF10103AA68B3FA83F35B0963F317
:10FD00000001BEFA8EF3C1F340005B09BEF1020FA1
:10FD100008BF40F0010060F3410103EA510363F3BF
:10FD2000C301E1721AB1CBB243F00403E3722B6A50
:10FD300013B193F90030E3756B688BB1BCF1080F18
:10FD400004F10E0276D0604604F10D0104F01EFCB1
:10FD5000002800F09880637B43F002036373AA6875
:10FD60005AB1A8F1020304F11C01012B5BD91368FD
:10FD7000E36193888B8084F81B801EBBAB6933B131
:10FD80005A789B7803F01F0352EA032363D0636A17
:10FD9000002B73D0002301206362BDE8F087022EA0
:10FDA0003DD007D8FFF7A6FE3B68002B61D10020AD
:10FDB000BDE8F087032E5CD1FFF70EFF3B68F4E748
:10FDC000227588E70022636A1A705A709A70DA7096
:10FDD000A26A002A38D0E26A1360E362A96979B1A5
:10FDE0008A78497802F01F0251EA022208D1CAF843
:10FDF0000820A26A5AB3274A1A60E26200233B60D5
:10FE00002549204612F088FDC1E7FFF7E5FE3B6873
:10FE1000002BCCD040F25A313320F8F7D3FFFFF754
:10FE20009BFE3B68C1E7D9F80030E361B9F80430C4
:10FE30008B80A0E76B7C63736B681968C4F80E1045
:10FE40009B889380AA688BE7A362E362C6E7114BA5
:10FE5000A362E362D2E73846FFF74CFE3046A7E7DD
:10FE60004FF448713320F8F7ADFF40213320F8F705
:10FE7000A9FF40F23D313320F8F7A4FF40F297117B
:10FE80003320F8F79FFFC1213320F8F79BFF00BF15
:10FE90001C0D0021240D0021C9F400012DE9F843B7
:10FEA0000026504D04680F460660984629799DF853
:10FEB00020909DF824009DF9283081B9A4F1080113
:10FEC000286810F074FB2B1DD3E84F3F0133291D28
:10FED000DBB2C1E8423F002AF5D1BDE8F883012139
:10FEE000C4F80960C4F80D60C4F81160C4F8156066
:10FEF000C4F81960C4F81D60A4F82160A172062A34
:10FF000066D8DFE802F02B3239653E650400E27AFC
:10FF100022F0120242F01202E27223760123082834
:10FF200004F10E02237547F6FF73E38230D004F12B
:10FF30000D0104F02BFB00284FD0637B43F002033C
:10FF40006373E37A5B072ED4FF23E37600232372E7
:10FF500025492046BDE8F84312F0D5BCE27A22F0EC
:10FF6000130242F01302E272D7E7E27A22F015029E
:10FF700042F01502E272D0E7E27A42F01002E27239
:10FF8000CBE7E27A22F01A0242F01A02E272C4E7E8
:10FF90007B7C63737B681968C4F80E109B88938020
:10FFA000E37A5B07D0D5A9F1020304F11C02012B0F
:10FFB00007D9BB681968E1619B88938084F81B901E
:10FFC000C4E7D8F80030E361B8F804309380F5E76F
:10FFD00040F22B413320F8F7F5FEC1213320F8F72A
:10FFE000F1FE00BF1C0D0021C9F40001F8B58446E4
:10FFF0000026384D1046DCF800400F46CCF8006073
:020000040101F8
:100000002A799DF918107AB9A4F10801286810F02E
:10001000CEFA2B1DD3E84F3F0133291DDBB2C1E8D7
:10002000423F002AF5D1F8BDC4F8096041F6012528
:10003000C4F815600122217645EA0325618941F65D
:10004000FF33C4F81160082821F4DF5103EA0503E7
:10005000227547F6FF7221F01F01C4F80D60E2829D
:1000600004F10E0243EA0103C4F81960C4F81D60EC
:10007000A4F82160638115D004F10D0104F086FA23
:1000800018B3637B43F002036373E37A5B0714D412
:10009000FF23E376002323720F492046BDE8F84092
:1000A00012F031BC7B7C63737B681968C4F80E1056
:1000B0009B889380E37A5B07EAD5BB68FF221968C7
:1000C000E1619B88E2762384E4E7C1213320F8F7DD
:1000D00079FE00BF1C0D0021C9F4000118B1407B5E
:1000E000FF3818BF0120704720B1C07EFF3818BF0D
:1000F000012070474FF49061332008B5F8F762FE95
:1001000020B1807DFF3818BF012070474FF4916106
:10011000332008B5F8F756FE70B50C46164605466E
:1001200012F010F903462846637412F016F9A07411
:10013000062E13D8DFE806F0041904120412040096
:1001400000230121EA1C6170C4E901236B78063B9E
:10015000DBB223743BB10935E56070BD00236370E9
:100160002374C4E90133E36070BD032100236A18DE
:10017000093561702374E360C4E9012570BD00BFD7
:1001800070B50C46C17811F03F015CD0054612F005
:10019000D9F803462846637412F0DFF8A0742B796F
:1001A0006370E878830923702B7913F0010641D13D
:1001B0004FF0050C4FF00B0E624613F00201666023
:1001C00002D005EB0C017246A160590701D501323E
:1001D000D2B213F0080102D0961CA918F2B26161E4
:1001E00013F0100102D0D61CA918F2B2A16113F0CD
:1001F000200103D002F11206A918F2B213F0400355
:10020000E16102D0AB180132D2B200F03F002362AC
:10021000011D891A11F0FF0114BFAB180B46636270
:100220006B78013B1B1ADBB2237453B10A441544AB
:10023000E56070BD4FF00B0C6E1D4FF0110E624665
:10024000BBE7E36070BD20462822BDE870400FF098
:1002500031BC00BF70B5067806F00F06072E26D019
:100260000C46054612F06EF803462846637412F0F9
:1002700074F8A074062E13D8DFE806F0041D0412EB
:100280000412040000230121EA1C6170C4E9012367
:100290006B78063BDBB223743BB10935E56070BD7A
:1002A000002363702374C4E90133E36070BDBDE8CB
:1002B0007040FFF765BF032100236A18093561709C
:1002C0002374E360C4E9012570BD00BF0378012BEE
:1002D0002FD0022B23D00339C9B2A3B1012908D9E9
:1002E000427800236FF34512C3610374C360427008
:1002F00070474378DA06F3D5437800226FF386130C
:1003000002624370ECE7012923D94378DB06E7D486
:10031000437800226FF3C30342614370DEE7437802
:100320000022033923F003034260C9B282604370A4
:10033000D4E74278002302296FF3410283604270C0
:10034000CED0D2B20339436063F30002C9B2427027
:10035000C4E7427812F0100FDAD022F00302C0E9AD
:100360000133D3064270C7D4D2E700BF0123002275
:100370005940037043700371C270427181707047BD
:1003800010B4012B124C9DF804C0C0F8024004D0F8
:10039000022B17D083B110BC7047ACF1020C4FF0A8
:1003A000000310BCBCFA8CFC4FEA5C1C6CF3070326
:1003B0006CF30F230380704710BC0170427003710F
:1003C000C37070470022012310BC02804371704744
:1003D0000001010003782BB14B7800226FF300037A
:1003E0004A604B7043782BB14B7800226FF3410386
:1003F0008A604B7003792BB14B7800226FF3451361
:10040000CA614B7083782BB14B7800226FF3C30322
:100410004A614B70C3782BB14B7800226FF3041301
:100420008A614B70437913B100230B74CB60704722
:100430004378002223F022038260C2614370704738
:10044000042816D003280DD0022840F2762240F26C
:10045000464340F6480004BF13464FF485601844F5
:100460009630704740F6A22341F2BE1018449630F1
:10047000704741F6067344F2902018449630704756
:1004800040F2A331212008B5F8F79CFC70B5044672
:10049000FF2380F8153190F817010EF0D3F994F886
:1004A00017010EF08BFD94F81E010EF0CBF994F8B5
:1004B0001E010EF083FD00212046FEF773FF94F825
:1004C00016313BB1D4F8083153B104F1E80005F01E
:1004D0000FFE09E0D4F8100110B1D4F808311BB3B5
:1004E00004F1E80005F09AFD002384F8153194F832
:1004F000165115F0FF0518BF0C2584F81631C4F805
:10050000103184F8143194F817010DF065FE80B1B4
:10051000202694F81E0184F817610DF05DFE68B185
:10052000284684F81E6170BD00F5E47005F076FD84
:10053000D6E74FF43E712120F8F744FC4FF43F71A9
:100540002120F8F73FFC00BFF8B504460CF09CF9F9
:1005500005460E46D4F81021002A56D04FF0000C64
:1005600094F81D016146634604EB83030CF1010C12
:10057000D3F8CC205FFA8CF3763283421144F3D95E
:10058000D4F8C870B94214BF0127022738460EF0CC
:1005900077FB3F2837D9431C5DD0D4E93632191890
:1005A0008A4298BFD01AD4F8A830D4F8AC205B1B8C
:1005B00062EB0606012B76F1000255DB0022984221
:1005C000B2415ADA41F28836864228BF0646C5F162
:1005D00090050CF059F90544B54214D83946304617
:1005E0000EF0B6FB78B9D4F8D830D4E937203344CC
:1005F00030449342C4F8D830C4F8E00044D0BDE899
:10060000F8400EF0FFBA0020F8BDD4F8C8C00727A4
:1006100094F81D0111461346ACFB07E704EB830376
:100620000132D3F8CC3076331944D3B28342F5D9B2
:100630008C451BD0D4F8C020D4F8B030D4F8C41006
:100640009B1AD4F8B42062EB0102734572EB0703E6
:1006500011D301279AE7D4E93630C61A41F288331C
:100660009E4228BF1E46B2E70026B0E75EEA0703B7
:1006700001D003278AE7022788E741F288308342C6
:1006800028BF03461E46A2E7D4E93A23C4E9302333
:10069000B5E700BF014B1870704700BF1100002183
:1006A0000D4B002141F6690210B519601B68934299
:1006B0000CD8044690F8143123B190F814310BB1E2
:1006C000FFF7E4FE0023A4F80C3110BD40F61F0133
:1006D0002120F8F777FB00BF300D002110B504464C
:1006E00090F8143113B190F814311BB90023A4F819
:1006F0000C3110BDFFF7CAFE0023A4F80C3110BD69
:1007000090F8143103F0FF020BB910467047FFF761
:10071000BDBE00BF90F86C00003818BF01207047C4
:1007200030B585B090F81431002B56D103F0FF029C
:100730000B78CDE90122039213F001023ED19446D9
:100740000125964613F0020407D00DF1100C0CEBB6
:100750008E0EAC46CD684EF80C5C13F0040334D119
:100760000CF1FF3C5FFA8CFC80F81DC14968C0F8B1
:10077000C810C0F8F81040F27121A0F8FC101AB1AE
:1007800001997639C0F8CC105CB104A9551C00EB76
:10079000820401EB8201EAB251F80C1C7639C4F8EC
:1007A000CC104BB104AB00EB820003EB820353F897
:1007B0000C3C763BC0F8CC3005B030BD8C6894461C
:1007C00002254FF0010E0194BCE70DF1100E0D69EA
:1007D0000EEB8C0E4EF80C5CC6E740F2B7212120E0
:1007E000F8F7F0FAD0F8102142B190F8143103F084
:1007F000FF020BB910467047FFF748BE0C221046A7
:10080000704700BF70B590F8153113B10025284628
:1008100070BD04460D460CF037F894F82021062DE3
:1008200050D8DFE805F0290404073B040400012543
:10083000284670BD033A012A94BF4FF461764FF405
:100840005776D4F8B020D4F8D830801AA3F58E7338
:100850000644B3428CBF01250025D8D82046FFF7B7
:1008600073FE0028D3D0D4F8D850A5F58E75AE42CB
:100870002CBF00250125CAE7531EDBB2032B1DD870
:100880001349042ACB5C0FD05E1D032AF6B211D0A7
:10089000022A06D00536F6009836D2E74FF40276E3
:1008A000CFE70636B600F7E75E1DF6B2B60106F5ED
:1008B000C876F1E7360106F5BF76EDE7FD219E200B
:1008C000F8F780FA40F245312120F8F77BFA00BFB3
:1008D000A8F90201F8B50C4607460021D4F8D0016A
:1008E00004F5E47605F0EAFBB84205460BD0014674
:1008F000304605F0AFFB00233B628DB90022002398
:10090000C4E97223F8BD8368D4F8D021934217D389
:100910009342FD693E6238BF1346BB60002DEDD0A7
:1009200005F012FCB0B1A968B5F92400D5E9003290
:10093000A4F8EC015B1842F10002C4E97232F8BD80
:1009400081690029E4D00146304605F083FB00238D
:100950002B62E5E740F204712120F8F733FA00BF7B
:100960002DE9F04F04468FB00F461E46BDF860805B
:1009700002920BF089FFD4F8CCB0039005910BF1F3
:10098000760094F81D11054651B1012204EB820353
:100990000132D3F8CC30D2B276338A421D44F5D935
:1009A000D4F8C8A0AA4567D1002E65D094F81421C8
:1009B000002A40F0FD81029B002B40F069836FF01C
:1009C0000042D4E92A01914208BFB0F1FF3F00F094
:1009D0002F8294F81C21224492F82401421ED2B2A4
:1009E000032A00F29C83BF4904288A5C00F04283FA
:1009F00005320328D2B200F04783022800F0378383
:100A00000532D5000AF0B0FD4AF2A132B64905F52B
:100A10008E750244002608A8A1FB0232039B8DF8C4
:100A2000206005EB921513F5B372059B0C9243F110
:100A3000000209950D920222ADF828200DF0F2FB7C
:100A4000002800F075830C99D4F8A8200D98521A4C
:100A5000D4F8AC1061EB0001521B61F10002002AD6
:100A600080F21B83B34601220696DDF81490D84627
:100A7000039EDA460492A0E0029B002B40F03881EE
:100A8000002E40F09F81D4F8E830039DD4F8EC208C
:100A900005F5B376ED1AB5FBFAF50AFB05F5ED1889
:100AA000A6EB050642F10009B24594BFA6EB0A0A7F
:100AB000B246002900F0D8828245C0F0AF82AAF188
:100AC000760A0122AAEB0B0A012919D0D4F8D030FA
:100AD00003F17600824505D3AAF1760A0132AAEB2A
:100AE000030AD2B202290BD0D4F8D43003F1760134
:100AF0008A4505D3AAF1760A0132AAEB030AD2B2DB
:100B000004EB82039046D3F8CCB004EB080191F8D3
:100B10002401411EC9B2032900F20183714B04284C
:100B2000595C01F10503DBB200F07A82032800F082
:100B30008C82022800F0A4820533DB000693049225
:100B40000AF012FD4AF2A131049A01446648A0FB62
:100B500001300AF58E71069B0B4403EB90135B4545
:100B600000F2398204EB8803D3F8CC30A3EB0A0BF4
:100B7000BBF1000FC0F2ED827619D4F8E830D4F85A
:100B8000B01049F10009D4F8EC50CA1A00F1DF8224
:100B9000D4F8C800B2FBF0F200FB02F2D21845F123
:100BA0000005B6EB020AC4E93A2500F1D082012320
:100BB000BAFBF0FA06930023049304EB080292F8C0
:100BC0002401421ED2B2032A00F2A9824549042818
:100BD0008A5C02F10505EDB200F09C81032800F06B
:100BE000BF81022800F0F2810535ED000AF0BCFC5F
:100BF0004AF2A13205F58E7502443B48A0FB023251
:100C000005EB9215D4F8A820911BD4F8AC2062EB28
:100C10000902012972F10003C0F2798100208B459D
:100C200070EB020300DB8B4604EB8808D8F8CC306D
:100C30005B4528BF5B46C4F8DC30BAF1000F03D037
:100C4000069A002A40F09281D4F81021029929B125
:100C5000D4E93A01C4E92C69C4E930010021C4F89F
:100C6000D850C4E92E697972002A00F0578194F8AF
:100C70001DC108460A4604EB82020131D2F8CC209D
:100C800076321044CAB29445F5D2D4F8C8209042C6
:100C900014BF012202223A72049A7D60002A00F0F9
:100CA0003281012203993A70D4F8A820D4F8AC001C
:100CB000521A059960EB0100012A70F10001C0F29F
:100CC00053810A490024914274EB000000DA0A467D
:100CD000521B3A619D428CBF002001200FB0BDE83D
:100CE000F08F00BFA8F90201D34D62100040420FFF
:100CF0000123069300230493039B059A13F5FA66D8
:100D000004F1E80342F10009079305F011FA05F038
:100D1000CBF9024604F1E8001146079205F09AF972
:100D2000D4F81011079A21B104F1E800FFF7D2FDC1
:100D3000079A1AB1B2F92410A4F80C11AA450CBFF5
:100D4000D4F8F050D4F8C850002A00F0658111683A
:100D50009068401851682A4641F10001CDE90069C8
:100D600012F0A6FA85428246C0F0DD81861949F16B
:100D7000000905F0E3F9D4F8C80000F2CF7101EBE7
:100D80000A02B2FBF0F200FB02F2B21AC4F8E82049
:100D900069F10002C4F8EC20B8F1000F3BD14FF02C
:100DA000FF306FF000414FF0010AC4E92A0104E767
:100DB000B4F90C21002A3FF4FEAD029B002B97D121
:100DC000D4F8C8A0039B4FF00008D4E93A021E1AD9
:100DD00010EB0A01B6FBFAF60AFB06F642F100092F
:100DE0007618A6EB030249F10009B2F5B37F28D2C9
:100DF000D4F8B8200123CDF81080121A0693B2FB64
:100E0000FAF20AFB0200301A1AEB0606B0FBFAFAF5
:100E100049F10009D1E642F21072304649464FF0DE
:100E2000010AE8FB02014FF00008C4E92A01C4E608
:100E30009A46984606930123039EDDF81490049386
:100E4000BBE694F824018DF82080421ED2B2032A1A
:100E500000F26581C14904288A5C02F10505EDB202
:100E600000F0FE80032800F04481022800F0458154
:100E70000535ED000AF078FBD4F8E860D4F8B82026
:100E800005F58E75D4F8C810921BB2FBF1F201FB88
:100E900002F292194AF2A1360644B1480C92A0FB24
:100EA00006364FF0000005EB9615D4F810618DF86A
:100EB00029000995D4F8EC5045F100050D95002E58
:100EC00000F0F48094F81D610546024604EB8202AE
:100ED0000130D2F8CC30C2B2763396421D44F5D2FE
:100EE000A9420CBF0225012508A84FF000088DF883
:100EF000285011F0A8F801238246CDF810800693FF
:100F0000DDE90C6959E63A70C7E90469E2E64FF099
:100F1000000B89E6AD0105F5C87567E6D4F8C8A0F1
:100F20000720114694F81D819646AAFB00C004EBE9
:100F300082020131D2F8CC2076329644CAB2904572
:100F4000F5D2F2455BD0D4F8C020D4F8C410B21A60
:100F500069EB0101624571EB00023AD301229AE686
:100F60002D0105F5BF7541E60022B1E64FEA4A0AB8
:100F7000B4F90C011FFA8AF111F0AFFDB4F80C318D
:100F8000D4F810211B1A1BB2A4F80C3162B1A2F8DC
:100F9000EC31D2F8C8311B18C2F8C831D2F8CC31C4
:100FA00043EBE073C2F8CC31C117D4F8E8303618FF
:100FB00041EB09091818D4F8EC30C4F8E80041EB0B
:100FC0000303C4F8EC30D4F8DC303FE60635AD005E
:100FD0000CE602225FE694F81D31934225D9D4F83D
:100FE000C83002F101089E425FFA88F880F0A580BF
:100FF00004EB8803D3F8CCB00BF17606B8E5D4F84F
:10100000B020D4F8B410B21A69EB0101624571EB5B
:101010000002DED203223EE69246AAE6002253E513
:101020009B0103F5C873069389E5D4F8C8309E4246
:1010300010D3B6EB430F4FEA430280F0838004EBFA
:1010400088031646D3F8CCB092E51B0103F5BF73B5
:10105000069374E51E4604EB8803D3F8CCB087E50D
:10106000AD0105F5C87505E70A4688464DE5063227
:101070009500C7E40532D2B2920102F5C875C1E409
:1010800006339B0006935AE5120102F5BF75B9E4D9
:1010900000230693012304932EE6B246012206960E
:1010A000DDF81490D046039E049286E5B4460726E8
:1010B00094F81D81A1FB0669E646604604EB8000BA
:1010C0000CF1010CD0F8CC305FFA8CF0763380450F
:1010D0009E44F3D2714515D0D4F8C000121AD4F84A
:1010E000C40065EB0000B24270EB090308D3012590
:1010F000FAE62D0105F5BF75BCE60635AD00B9E68B
:101100000225F1E6D4F8B000101AD4F8B42065EB4B
:101110000202B04272EB0903F2D20325E4E6FD219C
:101120009E20F7F74FFE40F266312120F7F74AFE86
:1011300040F292412120F7F745FE40F2264121205E
:10114000F7F740FE40F243412120F7F73BFEFFF75F
:1011500097F940F24C412120F7F734FEA8F902013B
:10116000D34D6210F0B5044689B0072900F2AB8078
:10117000DFE801F03D090925A92A07A42046FEF76A
:1011800041F909B0F0BDB0F82231C3F30C03002BD4
:1011900040F091800022012302A920460092FFF72F
:1011A000DFFB0028EAD002A994F817010DF026F918
:1011B0000028E6D14FF4E7612120F7F703FE09B0DC
:1011C000BDE8F04009F066BF90F8153153B9B0F8AA
:1011D0002231C3F30C03002B67D090F82031033B7E
:1011E000012B7DD909B0BDE8F040FDF71FBF90F895
:1011F000153103F0FF054BB10121FEF7D3F809F0DB
:101200005BFD09B0BDE8F0400CF012BE0CF0FEFF33
:10121000D4F8E830B0EB030CC4E92C0100F1818074
:1012200094F81D61D4F8C87002940595B6B1BCFB62
:10123000F7F207FB02332A46C01A2B4604EB83035E
:10124000D3F8CC3003F17601814203D876380135EA
:10125000C01AEDB20132D3B29E42EFD2B4F82231BD
:1012600084F81C51C3F30C038DF8185083BBBC45A4
:1012700038BF0123BC4534BF002701278DF810304B
:1012800002A88DF81970FDF7BDFED4F8D800A0F5BE
:101290008170C4F8E0000DF0B5FC00287FF471AF58
:1012A00040F293112120F7F78DFDFFF74DF900284B
:1012B0007FF467AF96E7FEF7E7F86BE740F2C911F6
:1012C0002120F7F77FFD40F2CD112120F7F77AFDBD
:1012D000D4F818210323002703928DF81030CFE7AC
:1012E00090F81F31002B7FF47DAF012144F236507E
:1012F00084F81F110DF02CFD00287FF473AFD4F893
:10130000D83044F23652D4F8E00013441044C4F804
:10131000D830C4F8E0000DF075FC00287FF431AF40
:1013200060E7FFF7ADF800BF30B589B090F8142141
:10133000002A45D1044602F0FF03FF2280F8142161
:1013400080F8153190F81D519C4680F81C31A0F8AA
:101350000C31184604EB83030CF1010CD3F8CC20BC
:101360005FFA8CF376329D421044F3D2D4F8C83041
:10137000984220D0D4F8CC2002F176034DB1EC3263
:10138000D4F8D030012D134403D07633D4F8D420D0
:101390001344C4F8F03000910023012202A9204632
:1013A000FFF7DEFAB0B102A994F817010DF026F8A4
:1013B00058B109B030BD41F28833C4F8F030EAE7E3
:1013C00040F26A212120F7F7FDFC4FF42071212023
:1013D000F7F7F8FC40F27F212120F7F7F3FC00BF7C
:1013E00038B590F814318BBB0D4651B30446014615
:1013F0001B480CF0BDFE202884F817011AD02146A6
:1014000017480CF0B5FE202884F81E010DD0C4F852
:10141000105195F8F03103F0FF01E3B984F816118B
:101420002046FFF781FF012038BD94F817010CF02A
:10143000D3FE08B1002038BD40F28F212120F7F7FC
:10144000C1FC40F29B212120F7F7BCFC40F29A211D
:101450002120F7F7B7FC4FF429712120F7F7B2FCF0
:101460006511010138B504460D46114821460CF0BE
:101470007FFE202884F8170112D021460C480CF07A
:1014800077FE202884F81E0105D020462946FFF764
:101490004BFF012038BD94F817010CF09DFE08B1F8
:1014A000002038BD40F28F212120F7F78BFC00BFD0
:1014B0006511010190F823315F2B2DE9F04F0446AF
:1014C00087B048D85909A54A0A4492F80490B9F15E
:1014D000040F00F0F58094F9212103F01F0394F824
:1014E0002251002A94F8212145EA0325ACBF1E238E
:1014F0004FF49673D20903FB05F514BF4FF49677AA
:101500001E2708F0B5FFA5EB000808F0D9FF94F8F6
:101510002131461908EB070A13F0400F14BF32259A
:101520004FF4FA7510F07EFAB8F5D97F28448C4D47
:101530000AFB00558B48A0FB05354FEA95456FD354
:1015400094F8153153B109F0B7FB0CF071FC012090
:1015500007B0BDE8F08F4FF00009BCE74846DFF860
:1015600008A209F0F9FF7D4B03EB8903D3F808804B
:101570004AF2A1334344AAFB032307EB9317AB378B
:1015800007EB45070744484609F0E6FFA7EB000BC9
:10159000484609F0E9FF94F85410A8EB00080BF551
:1015A0008E7B0129AAFB083A4FEA9A1A00F0C580FF
:1015B0004846FEF745FFD4F8B030ABEB0A0BD4F841
:1015C000B420843B834442F1FF329B19CDF804B030
:1015D00042F100025D1B62F10003644A10780022B0
:1015E000FE288DF800208DF80920CDE9045300F085
:1015F00094804A0740F191808DF80800694694F87C
:101600001701C4F8D8B0C4F81871C4E92E530CF00F
:10161000F5FE002897D140F2B5612120F7F7D2FB03
:101620004846DFF844A109F097FF4C4B0246484674
:1016300003EB8903D3F8088008F2E733AAFB03130E
:1016400007EB9317203737442F44174409F084FFE2
:10165000A7EB000B484609F087FF94F85410A8EB5D
:1016600000080129AAFB083A4FEA9A1A5AD04846BC
:10167000FEF7E6FE0BF58E7BD4F8D890ABEB0A03B1
:1016800003EB000AD14532D2384B93F80080B8F111
:10169000FE0F1BD04B0719D540460DF0F1FAAAEB0F
:1016A00009034146402B38BF4023984228BF1846C3
:1016B00080460DF04DFB68B1002007B0BDE8F08F0B
:1016C00000224FF0030980F81F2104E70BF0EEF829
:1016D0008046E1E7D4F8D8004044C4F8D800A0F52B
:1016E0008170C4F8E0000DF08DFA0028E4D0103EBF
:1016F00094F81C1102220023751B68468DF8101007
:1017000003958DF808208DF81130CDE90047FDF7DD
:1017100079FC012007B0BDE8F08F0BF0C7F8DDE9D8
:10172000045369E7B9F1030F12D0B9F1020F40F683
:10173000480008BF4FF485609CE7B9F1030F0AD059
:10174000B9F1020F40F6480008BF4FF4856032E758
:1017500041F2BE108EE741F2BE102CE7A8F902015B
:101760003F420F0083DE1B43D34D62101100002166
:1017700010B588B090F8152172B902F0FF0302A9E4
:1017800004461A460093FFF7EBF860B102A994F8FB
:1017900017010CF033FE80B109F08EFA08B0BDE8F5
:1017A00010400CF045BB2046FDF72CFE09F084FAF2
:1017B00008B0BDE810400CF03BBB40F21F71212087
:1017C000F7F700FB01292DE9F0470E4682B00546E8
:1017D00024D8D0E92C7808F06BFE95F820910446C7
:1017E00006F00100494610F086FC8246484609F0A2
:1017F000BBFE7D3F48F1FF38012E40D1B9F1040F07
:1018000000F0B680B9F1030F00F08180B9F1020F4A
:101810000CBF4FF4A6724FF4FC7232E0022940F084
:10182000B880D0F81031002B00F0AE8000242246A2
:1018300083F8F04190F8201161F3070261F30F2261
:10184000A3F87420FF2683F876600339D0F81001DE
:10185000012900F13C008CBF0021012103F0C2FBF3
:10186000D5F8100100F07AFBC5F8104185F8166133
:1018700009F022FA02B0BDE8F0470CF0D9BA4FF4F3
:10188000FC724B4BE419D5F8107103EB490348F196
:10189000000614EB0A04D7F81C809B8B46F1000667
:1018A00003F2E73303444348A0FB03139B09E41A04
:1018B00066F10006A41846F1000604F0EFFB05F1FE
:1018C000E80383423BD04246D7E97201CDE90046A6
:1018D00011F0EEFC804566D3374BD5F810111B682C
:1018E000834217D9CB69024691F87E50CB620344FC
:1018F0000DBB41F66A00054682420D864ED21B1989
:1019000046F10006C1E9723602B0BDE8F08740F248
:101910008642B6E791F87E506DBB284AA2FB0032A2
:1019200040F2E243920A03FB1202821ACA620346A1
:10193000821A002DDDD04FF4FA700546DCE797F8E7
:101940007D000028C8D0D5E93A9A04F0FDFB38B9EB
:10195000B7F9EC31A7F8EC0113EB09094AEBE37A8C
:10196000424648465146CDE9004611F0A1FCB3E796
:1019700040F6E83285E7124AA2FB0032642352099E
:1019800003FB1202821AD1E74FF4F4612120F7F72A
:1019900019FA40F603012120F7F714FA40F2957185
:1019A0002120F7F70FFA40F27A312120F7F70AFAEF
:1019B000A8F90201D34D6210300D00215917B7D19B
:1019C0001F85EB512DE9F0430123DFF8888083B0B8
:1019D00000254FF6FF77202688F8003021E0009B95
:1019E0000BB393F8F021F2B11888B84221D0214608
:1019F000F8F776F9814610B390F8F1010CF022FF68
:101A000099F8F1010DF0DAFA99F8F10189F8F0414D
:101A10000CF0E2FBC0B109F5E47089F8F16104F063
:101A2000FDFACDE900556846F8F794F90446002818
:101A3000D5D0002388F8003003B0BDE8F08340F231
:101A4000CD113520F7F7BEF94FF4DE713520F7F7E9
:101A5000B9F900BF340D00212DE9F84F91F88E80BF
:101A60001F460C460546A8F144031646012B40F2DA
:101A7000118191F88F30A8F10E08443BB8F1010FA5
:101A800088BF012B94BF4FF001084FF00008002FD2
:101A900040F0058194F8F031032B00F24181DFE83A
:101AA00003F09B02DB02D4F81C90DFF880A2DAF886
:101AB0000030002B00F0BE8039462046984700FBDE
:101AC000099604F041FB002800F0BA80002003468C
:101AD000D4F8C821D4F8CC11B21841F10001121881
:101AE00043EB0103C4E97223C5E9042300232B70EF
:101AF00094F88E30442B00F0B58094F88F20442A5F
:101B000000F0B08003F0FD0B2046262B18BFBBF180
:101B10000C0F0CBF4FF0010B4FF0000B12F0F0F95F
:101B2000002800F0C280BBF1000F40F09E8094F8C6
:101B3000F03104F13C0085F809B0012B18BF0223F5
:101B40002B7210F01DFF6860B8F1000F42D1002F1A
:101B500040D04946284610F076FA87B2204612F067
:101B6000CFF98046474515D3002306FB08F22B72B8
:101B7000D4F8C8319B18D4F8CC2142F100022B6173
:101B80006A61002E00F0C7804946284610F05BFAD3
:101B9000404487B201223946204607F0C7FEDAF8F2
:101BA000003073B10121204698472B6909FB00F9E9
:101BB000384413EB090387B22B616B6943F10003CF
:101BC0006B6104F0C1FA002800F08880D5E9043088
:101BD000C4E97230BDE8F88F002E00F09780012331
:101BE00094F8742094F8759084F8F031504B48467E
:101BF000A9F10309DFF834A133F8126009F0B4FC4D
:101C0000B9F1010F4B4906F29D764FF000024FF0FB
:101C1000000906442046A1FB063694BF2821002176
:101C200001EB9611FF3110F040FFDAF80030002B85
:101C30007FF442AF4E4604F087FA00287FF446AFA7
:101C40000221B4F9EC0110F048FFB4F8EC311B1A92
:101C5000A4F8EC31C3173BE70323D4F8F89184F8D8
:101C6000F03122E7204612F04BF9002304F13C004A
:101C70002B8110F085FE6860B8F1000FAAD1002F0B
:101C8000A8D04946284610F0DEF987B2204612F067
:101C900037F97FE74FF00108002F3FF4FBAE002239
:101CA0000121204607F042FEF4E6288104F13C00C1
:101CB00010F066FE6860B8F1000F8BD1002F89D05C
:101CC0004946284610F0BFF987B2204612F018F9AD
:101CD0008046BBF1000F3FF445AF5BE77F00B4F9EE
:101CE000EC01B7F5803FB4BFB9B24FF6FF7110F009
:101CF000F4FEB4F8EC212B69121AC318A4F8EC21F5
:101D00006A692B6142EBE070686161E740F2422151
:101D10003520F7F757F840F2CB213520F7F752F886
:101D20004FF41F713520F7F74DF800BF9C010021DB
:101D3000D4F90201D34D62102DE9F04387B0002899
:101D400000F0AA800446072900F29280DFE801F043
:101D50003004041A901F278B014601236846002295
:101D6000FFF77AFE694694F8F1010CF047FB002872
:101D700000F09C80B4F888300133A4F8883007B0B4
:101D8000BDE8F08307B0BDE8F04309F083B9012056
:101D90000AF07CFD07B0BDE8F043F8F779BE90F893
:101DA000F031042BEBD040F22F113520F7F70AF871
:101DB00090F8F031002B74D007F0F8FC0028DED04A
:101DC00011212088F7F78CFF00285BD094F874303D
:101DD000022B55D042D8012B6DD10A3094F87530C2
:101DE00040F221188688033B012B88BF4FF0F90889
:101DF00046458CBFA6EB08000020334F7B78002BB4
:101E00003BD1E369E56B1E1AAE4228BF2E4604F1B2
:101E10003C0010F0B5FD00F176090220A6EB0906A2
:101E20000CF02EFF022126EAE675854228BF054602
:101E300028460CF08DFF00B9A944002342464946CC
:101E4000204610F021FE0346E0697B600CF0DAFECC
:101E5000A8B307B0BDE8F04312F000B8033B012B74
:101E600029D81E30BAE74FF49A713520F6F7AAFF49
:101E70004FF49C713520F6F7A5FFE669361AC6E7E0
:101E80001430ABE794F8753040F22118033B012B76
:101E900088BF4FF0F908B0E740F201113520F6F79E
:101EA00091FF40F209113520F6F78CFF40F2F9213D
:101EB0003520F6F787FFCD21B420F6F783FFFB210D
:101EC0003520F6F77FFF00BF340D0021024B0022C2
:101ED000C3E90022FFF776BD340D0021FFF772BD84
:101EE000014B5870704700BF340D0021C0F8D0116D
:101EF000704700BF40F2BF1108B510F0DFFDB0F52C
:101F0000296F28BF4FF4296080B208BD38B5A0B151
:101F100090F8F031044603F0FF05C3B990F8F131B1
:101F2000202B0FD101460C480CF022F9202884F810
:101F3000F10114BF28460D2038BD40F29F11352015
:101F4000F6F740FF40F2A1113520F6F73BFF4FF4C2
:101F5000D0713520F6F736FF391D010110B586B076
:101F6000B0B190F8F021044602F0FF03FAB990F8FE
:101F7000F121202A16D0014601226846FFF76CFDA8
:101F8000694694F8F1010CF039FA30B106B010BD91
:101F90004FF4D7713520F6F715FF4FF4DA7135207D
:101FA000F6F710FF4FF4D8713520F6F70BFF40F22B
:101FB000AF113520F6F706FF08B508F079FA054BA2
:101FC0005A68824203D3187880F0010008BD0020CF
:101FD00008BD00BF340D002170B5044686B0042949
:101FE00000F2CB80DFE801F07D0D03125C000423DA
:101FF00084F8F03108F060FE06B0BDE870400BF0E8
:1020000017BF032380F8F03106B070BDC36990F8A4
:102010002022C0F8F831002A40F08680D0F814520F
:10202000AB4240F09A80294694F87E30002B70D065
:1020300041F64B539D4270D900224FF09610134643
:102040006063228794F874004E4A94F8756032F801
:102050001050D4F81022304684F87E30033ED4F875
:102060001832E262B4F80E22E1612286636209F05E
:102070007BFA05F29D71444B012E4FF000020144A2
:102080002046A3FB013194BF2823134603EB911193
:10209000FF3110F00AFD022384F8F03106B070BD64
:1020A00090F87420374B90F8756033F81250304632
:1020B000033E09F059FA05F29D710246324B012E9A
:1020C000204611444FF00002A3FB013194BF2823A6
:1020D000134603EB9111FF3106B0BDE8704010F0DC
:1020E000E4BC2A4B1A7802F0FF03002A7FF47FAF8A
:1020F000014601226846FFF7AFFC694694F8F101FA
:102100000CF07CF978B3B4F888300133A4F8883047
:1021100070E741F64B52954294D84FF04D10002293
:102120000123606322878DE7008811F04BFFF8B12F
:10213000B4F80C32B4F81C22B4F81E1262865A1E8F
:1021400043818181002194F87E30C1810282D4F8DC
:102150001412002B7FF470AF74E7008811F035FF84
:10216000D4F8141260E740F2F9213520F6F72AFE80
:1021700040F22A313520F6F725FE4FF45D71352007
:10218000F6F720FED4F90201D34D6210340D002180
:1021900010B504460EF01DFB08B9002010BDE04349
:1021A0000EF017FB0028F8D0E31683EAA4635A1E4A
:1021B0001A42F2D0E3B25A1E13405A1E1342ECD018
:1021C000A0B210F0DEFC0B28E7D8204610F0D5FCBA
:1021D0001828E2D8A3B2B3EB144F04D184EA142335
:1021E00013F0FF1FD9D0044B63405A1E1A4214BF8C
:1021F00001200020D2E700BFD6BE898EF0B5070CC3
:10220000164BA7F5AA4203EA9023543A012A20D993
:1022100027F4004042F6AA22801A18BF01200022AB
:1022200016211F24164687EA060562EA05050135D0
:1022300011D0DD0301394FEA5303ADB245EA56062A
:102240004FEAC4354FEA5404ADB245EA5202EAD12E
:10225000F0BD0020E3E70020FAE700BFE0FF3F0009
:10226000F8B58D1F40F67A4C0746BDF82460ADB234
:102270001046BDF8182065453BD8841FA4B26445BC
:102280008CBF002401242546AFBB1D4F3F796FB1A1
:102290005CB96FF450654D19062D06D86FF4506483
:1022A0000419062C8CBF002401242546FDB181426F
:1022B00024D803FB0666B6F5FA7F1FDCA2F10A03F9
:1022C00040F676449BB2A34218D80EF06EFB42F261
:1022D000107300FB06F15A43B2EB410F0ED9BDF863
:1022E0001C50BDF8200085428CBF002501252846E2
:1022F000F8BD0024C7E797F87D70C8E70025F6E72A
:10230000E80D0021F7B5002506462C463278ABB221
:102310009A4207D8104B0020B3F854201444A3F875
:1023200054400FE006EB85076946B7F801000FF04F
:1023300050FE70B90199B7F80330B1F8A620934266
:1023400002D9122003B0F0BD1C44D21AA4B2A1F8E5
:10235000A6200135DAE700BFE80D00212DE9F341A1
:10236000002304460E46174600F10A08CDE9003363
:102370006846F7F7EFFC08B1002015E0009DA54284
:10238000F6D03046EB1C0EF00AFB3946AA780FF067
:10239000D0FD0028ECD005F10A036A7A4146607A44
:1023A0000FF0C7FD0028E3D002B0BDE8F0810000C7
:1023B000054A134692F8202053F8211B11F8030B0D
:1023C000C0F380100FF0B5BD30130021012821D8D3
:1023D000022B0DD1A2F57A70104B98421CD8A1F5B2
:1023E0007A70984218D88A428CBF12200020704719
:1023F0000B48824210D8012B07D140F252739A4207
:102400000AD9A1F6C410074BEBE7042BF9D140F62B
:10241000C313F4E71220704730207047A7F9700209
:102420008FFD7002CBF370020138C0B2032808B5EB
:1024300004D940F249310620F6F7C4FC014B185C80
:1024400008BD00BF50FA02010138C0B2032808B528
:1024500004D940F249310620F6F7B4FC014B185C70
:1024600008BD00BFC0FA02010138C0B2032808B598
:1024700004D940F249310620F6F7A4FC014B185C60
:1024800008BD00BFAEFB020107B50E4AB2F85430DA
:10249000ABB1013B6946A2F854300FF09AFD20B170
:1024A00040F29F613920F6F78DFC019A0120B2F8C5
:1024B000A6300133A2F8A63003B05DF804FB18463D
:1024C000FAE700BFE80D002110B504460A48FCF702
:1024D0009FFF0A492046FEF723F92046FCF71CFE21
:1024E00038B12046FCF75EFE2046FCF787FF00204F
:1024F00010BD1220FCE700BF040E00210C0E0021CD
:102500002DE9FF4106788046012E40F09880314643
:102510000020F7F7E5FB054620B940F68F6139202A
:10252000F6F750FCB8F80430002B40F08280FCF73E
:1025300099FC00287FD195F81431002B7DD12846D5
:10254000FFF7C2FF044600286FD1584F314630468E
:10255000F7F7C6FB97F83810064619B110B940F6E0
:10256000AB61DCE73A7F0023CDE9023312F00103CF
:102570001CBFF86A0290520741BF04AA02EB830312
:102580007A6B43F8082C002945D096F81431002BBB
:1025900041D0B8F80230002B3DD13B7F3046BA6ABB
:1025A000009302ABB97FFCF787FEA0B33046FEF77D
:1025B00019F906F14003804605F14002683653F8E8
:1025C000041BB34242F8041BF9D12846FFF77CFFF5
:1025D000024610B140F6CD61A1E7B8F10C0F07D16A
:1025E00001462846FEF73EFFF8B940F6D16196E76E
:1025F000B8F1000F02D040F6D66190E77B7F284605
:10260000296D43F0040385F85430FEF7E9FE60B904
:1026100040F6D86183E7B8F804202846B8F80210DD
:10262000FEF720FF002808BF0724204604B0BDE8BD
:10263000F0811124F9E73A24F7E70C24F5E70121AA
:102640000020F7F74DFB054610B940F6EB6166E751
:10265000FEF756F804460028E7D195F8543095F86F
:10266000A62022B195F8A720134385F8A600053BC4
:10267000012BDAD82B6D13B940F6FB614FE701212E
:102680000846F7F72DFB29464FF4947206460DF0E5
:10269000A7FA0423316D304686F85430FEF7A0FEC9
:1026A0000028C2D14FF4706139E700BFE80D002166
:1026B000114BF7B59C7E0646DD7E9F8B14B901F069
:1026C00013FB0446A5B901F00FFB054614B9092018
:1026D00003B0F0BD0028FAD0304601A98DF80440BF
:1026E0008DF80550ADF806700FF001FD0020EFE702
:1026F000002CF1D1EBE700BF7C1200212DE9F04363
:102700009946764B044685B018680F461B79002120
:102710000290204616468DF80C30714D02F020F9DB
:10272000704B2780C4F80032AB68E36396F84A2008
:1027300006EB4202B2F82A8040460EF036F9014616
:102740006FF4506000238044B8F1060F6BD9908C71
:102750004FF0961284F87E302387626340F2E242A3
:102760000EF023F903F0F6FC40F2E2430146A4F830
:10277000DC312046E161C4F8D811FFF7BBFB80468D
:1027800001F0ACFA830658D5AA882B7C6988A4F896
:102790006820A4F8661084F84430534BA4F84680AF
:1027A0001B681BB194F97C10384698474F4F3B7912
:1027B000003B18BF012384F87D304D4B1B681BB1D3
:1027C00007F108012088984701236386494B1B685D
:1027D00013B1494920889847484B1B6813B14849B1
:1027E00020889847474B1B680BB120889847464B79
:1027F0001B680BB120889847AB8804F114006A88E5
:1028000069780333033201919BB2297892B2009127
:1028100004F11801F7F7D6FA6369BBB941F2321136
:102820003920F6F7CFFA4FF04D1223870123626368
:1028300084F87E304FF47A7399E71B232A7CA4F83E
:102840006630A4F8683084F84420A6E7A36913B979
:1028500041F23311E4E70EF082F82062B9F1000F83
:1028600004D002F069FC20F07F40A06296F84A2074
:102870002046E96806EB4206338EA384F38EE38498
:10288000FFF734FB02A904F196000FF099FCFF2337
:1028900084F80432FB6D23B1012204F591712046C6
:1028A00098472046FFF704FF054602F045FC0C233D
:1028B0000121B0FBF3F202FB13032046DBB25A1DE9
:1028C000D2B2082A96BF0D3384F8A22084F8A23031
:1028D00002F046F8284605B0BDE8F083EB1C030182
:1028E0007C1200213E0E0021B0010021E80D0021E4
:1028F000A8010021C0010021220E0021B401002105
:102900002C0E0021B8010021BC01002110B50321CB
:102910000020F7F7E5F9044670B90321F7F7A2F9AB
:10292000044620B940F291313920F6F74BFA034BB7
:1029300093F9601010F04FFF204610BDE80D002104
:1029400038B50FF0F5FA002501F03AFD204C01F002
:10295000D9F90FF0B6FF02F091F803F083FA02F014
:10296000B5F8012001F076F91A4B1B4A29461D6083
:102970001A4BA4F854501A601B225D839A80F922E6
:102980009D839D771D76164B22835868154A1B89B7
:1029900022601422E06104F124002384A576A5803E
:1029A000A5750DF087F8012342F2107204F13A0088
:1029B00084F8565084F8243084F83930C4E90A2267
:1029C00011F0F6FA04F14400BDE8384011F015BBEF
:1029D000E80D0021A001002103021B007C12002150
:1029E00050FA02011B004801044B41F64C521B21D6
:1029F0005A611974C3E90222FFF7A2BF7C120021B9
:102A000073B53B4D0446AB68C3633A4B1B79003B3F
:102A100018BF012380F87D30374BC361F9F7D2FA34
:102A2000064601F05BF92B7C10F0200FA4F84660FD
:102A300084F84430314B0EBF1B22AA8869881B687A
:102A400014BFA4F86610A4F86620A4F868201BB18F
:102A500094F97C1020889847294B1B6813B12949A9
:102A6000208898472046FFF723FE064650B10221F2
:102A70002088F7F74BF9002836D040F2246139203E
:102A8000F6F7A0F9012363861F4B1B6813B10146BB
:102A9000208898471D4B1B6813B100212088984758
:102AA0001B4B1B680BB1208898471A4B1B680BB156
:102AB00020889847697804F11400AB886A880191EE
:102AC0000333297803329BB2009192B204F11801CA
:102AD000F7F778F9636913B940F24E61CFE7A3695C
:102AE0001BB940F24F61CAE70926304602B070BDFB
:102AF0007C120021E80D002100093D00B0010021F9
:102B0000A8010021F00D0021C0010021B401002125
:102B1000B8010021BC0100212DE9F34105460E4614
:102B200010F09AFE002800F0AF80284610F018FF41
:102B300030B1B6F80130013B7F2B01D9122404E0FB
:102B4000284610F011FF20B90C24204602B0BDE841
:102B5000F0812846F9F746FC0028F5D1284610F008
:102B600024FE80460028EFD1284604F02FF80028E4
:102B7000E4D042F21073B6F80170F17828465F4352
:102B800010F0D9FE04213078F7F7AAF804460621A0
:102B90003078F7F7A5F8002C78D038B141F67D31C0
:102BA0003920F6F70FF9044690F8BD80414E33689E
:102BB000002B6DD04034204610F06EFB002867D00B
:102BC000204610F05DFB002862D1B8F1000F08D05C
:102BD000394B20461B689847002859D041F691315F
:102BE000DEE736494246336820464969984700285F
:102BF0004ED041F69631D3E7284610F0B1FE40B9E9
:102C000002210DF10600F6F7F5FF064658B90D242E
:102C10009BE7284610F0B6FE0028F1D1284B1B791F
:102C2000002BEDD18AE7002101F046FEBDF8063009
:102C300028463146338010F0D0FE284610F0A2FE20
:102C4000A8B9296A284610F0A7FE01463046FFF7CA
:102C5000D7FE044600287FF478AF3A46314628462E
:102C6000F9F79EF8044620B141F6C23198E70121F8
:102C7000ECE7134BDB6D002B3FF467AF024606F524
:102C800091713046984760E742245EE700288AD178
:102C9000284610F05DFE01460028ADD13A46284690
:102CA000F9F77EF8044600283FF44FAF41F69F3114
:102CB00076E700BFA4010021AC0100217C120021B5
:102CC000E80D002110B50478032C11D804F0FD04A0
:102CD000084B012C07D1084A002408481A6002F06A
:102CE0002BF9204610BD0020186002F025F9F8E706
:102CF0001124F6E7A0010021052301018924010127
:102D0000074B02889B889A4208D3B0F803309AB2E6
:102D100022B1044A0020A2F85430704711207047B5
:102D20007C120021E80D0021024B1B6803B11847FB
:102D30000C207047A0010021014B93F960007047FF
:102D4000E80D0021034B5A8802801B788370002015
:102D5000704700BF7C1200217FB5837806461A2B8E
:102D600009D8042B05D9012202FA03F3314A134290
:102D700005D112251AE0292B01D03B2BF9D130883F
:102D8000B0F5706FF5D269460FF023F988B9019B51
:102D900093F8202102F0FF05C2B9B27883F821210F
:102DA000FF2283F8202168460FF064FD284604B016
:102DB00070BD09213088F6F793FF0446002837D00C
:102DC00002A9B0F8AC010FF004F908B10C25EDE749
:102DD0000821B4F8AE01F6F783FF20B940F691114F
:102DE0003920F5F7EFFF03781BB994F8C831032BAE
:102DF000ECD1039B93F83621002AE7D194F8F02117
:102E000002F0FF05002AE1D1B4F8B021A3F838217F
:102E100094F8B42183F83A21027D83F83B21B278FB
:102E200083F83C2184F8F021FF2283F83621BDE7A6
:102E30000225BBE72000380438B50478427804F056
:102E40000103857804F0020452EA030101D1112044
:102E500038BDBCB9002DFAD0002B08BF144601E0E4
:102E60000024254620460DF026FE0028EFD02846F7
:102E70000DF021FE0028EAD0054B00209C76DD767F
:102E80009883E5E7002BEBD114461D46EAE700BF27
:102E90007C12002113B5008869460FF09AF818B12A
:102EA0000224204602B010BD9DF8003001984BB9B5
:102EB0000DF088FD0028F3D0019890F8323123B14D
:102EC0003A24EEE70DF08CFDF4E790F8DA3003F0E9
:102ED000FF04002BF4D190F8D1309B0706D1FF23DB
:102EE00080F8323168460FF0C5FCDAE70249D2308B
:102EF0000FF00FFDD5E700BFDD3102012DE9F843EA
:102F000003780446032B03D912252846BDE8F8832D
:102F10004378032BF8D8437E85780BB9012DF3D184
:102F200015F0F80FF0D1A80751D5022DECD1504B78
:102F30005B79002BE8D000F0D7FE35EA000340F0C3
:102F4000928094F8029019F0010506D001232269BD
:102F5000A168E078FFF73AFA054619F0020F07D0AA
:102F600002232269A168E078FFF730FA0543EDB249
:102F700019F0040F07D004232269A168E078FFF755
:102F800025FA0543EDB2002DBFD1B9F1050F0FD1E0
:102F900094F804900423E16862694846FFF716FA42
:102FA00000285ED1E3784B455DD1A36899425AD1A0
:102FB000237E013B062BA7D801210020F6F790FEC7
:102FC000814638B94FF459613920F5F7FBFE69079E
:102FD0009AD0B0E7A830FDF79DFB18B199F85430AE
:102FE0009A0742D194F819C0E278BCF1000CA1789C
:102FF000A06818BF4FF0010C012AB4F8009014BF6C
:10300000B2FA82F2022294F818E018BF5209CB07F4
:103010001ED54B0727690BD56669BB19984207D2A5
:1030200043089F4228BF1F46C31B9E4228BF1E461F
:103030000F4B19775A77A3F81E9083F820E083F896
:1030400021C083F82410C3E90A07C3E90C865CE7B2
:10305000022902D1D4F81080EAE74B0748BF26695D
:10306000E6E7054651E711254FE70C254DE700BF80
:10307000E80D002100B589B0437940F271218DF847
:10308000043083798DF8053001238DF806300378FC
:103090008DF80730B0F801304B430393B0F80320AC
:1030A0004A430D4991F820100592A2F6C4128DF8FA
:1030B0001C1000218DF81D1008498A4209D8A3F67A
:1030C000C4138B4205D801A8FFF718FF09B05DF8BB
:1030D00004FB3020FAE700BFE80D00213C369C00DD
:1030E0002DE9F04F437A04468FB0980705D5944AEE
:1030F000127912B943F001036372657A690704D14A
:10310000122630460FB0BDE8F08F15F0F80FF7D15A
:1031100000F0EAFD35EA000340F0928094F8483070
:1031200053B9012DECD1A369864AA3F2537393429C
:1031300000F26E81012602E015F00106F3D1AA0724
:1031400045BF731CB2464FF0FF0ADEB26B070AD5CB
:10315000B31D7D4A54F82330A3F6C413934200F202
:1031600057810136F6B204F1080704F122054FF049
:1031700000095FFA89F846452BD823789A1E022A5F
:103180005ED9012BBCD813B9A378012BB8D86378CA
:10319000032BB5D894F84930013B062BB0D8684EC4
:1031A00001210020F6F79CFD96F838300546002BEB
:1031B0005FD101210846F6F793FD002818BF0546A8
:1031C00005F1A800FDF7A6FA074600286BD00C26EB
:1031D00097E7C24536D07B680493049A3B699342D3
:1031E0008ED8012069882A89EB89B5F814B003903C
:1031F000288C05910290688BCDE900B00020CDE9C4
:103200000623FFF72DF8002800F00281B8F1000F27
:103210002AD02888059988427FF472AFE988069AF7
:1032200091427FF46DAFAA89079B9A427FF468AF01
:103230006B8A5B457FF464AF3B68049A9A4213D073
:1032400011265EE7012E0FD13A694048A2F57A7344
:10325000834200F2DD807B68A3F57A71814200F23F
:10326000D7809A423FF64CAF09F101090437023585
:103270007FE7A830FDF74EFA00289AD06FF00043A0
:10328000D5E92A129A4208BFB1F1FF3F91D1637A82
:103290002846E268009304F118036178FCF70CF803
:1032A0000746002885D02846FBF7E2FD08B13A26FC
:1032B00027E72846FBF7D6FD0028F8D1B37E43B9AF
:1032C000CDE9093306238DF82A3009A8F6F742FD27
:1032D000B8B100210DF12200F6F78CFC80460028E1
:1032E00000F0948001232246BDF82210FFF706FA71
:1032F000064620B94046FEF709FE67B188B106468A
:10330000CBE0099B93F8A520802ADED093F8BD304E
:10331000002BDAD05BE70028F1D161782846FBF773
:103320003DFF04F1030AA278217828465346FBF7B3
:10333000CDFE00286ED1002F66D11220DFE700BF3E
:10334000E80D00213CF67002CBF37002A7F9700281
:10335000637A8DF8247013F00102E16818BFA06948
:103360000A911EBF0B9001208DF824009F070DD5F8
:10337000022B09D1901D54F820000C909DF82400D8
:1033800040F002008DF824000132D2B2580709D56E
:10339000063254F822200D929DF8242042F00402B7
:1033A0008DF8242003F00503052B0ED10B980D9A00
:1033B0008318994209D24B08834228BF0346C91A91
:1033C0000B93914294BF0D910D9209A92846FDF7E8
:1033D000A7F994F848102846003918BF0121FBF7D7
:1033E00071FE94F849102846FBF742FE2846FCF788
:1033F00005F841462846FDF7F3FF00287FF481AE2B
:1034000007264AE00B2648E0122646E00D2678E61D
:10341000302676E617B92846FBF7C4FE5346A27855
:1034200021782846FBF708FF94F80990B9F1020FBC
:1034300005D000F059FC09EA000909F005094946E0
:103440002846FBF719FE17B9042385F85430C5F850
:1034500050805246A0780DF0A2FA01462846FBF7AC
:1034600007FF237833B95246A1784046FEF776FF2E
:103470000028C7D101212846FBF716FF0121284665
:10348000FBF716FF002F3FF463AF04212846FBF73C
:103490004DFE00287FF435AE0C26B8F8000000F091
:1034A00085FD0021B8F80000F6F730FC00283FF455
:1034B00028AE41F2FE313920F5F784FC10B543798E
:1034C00094B0032B57D823F0020302798DF806300D
:1034D000D0F806308DF80420CDF807304389027B00
:1034E000ADF80B3001238DF8052040F271228DF8E4
:1034F0000D3003885343049341884A430792A2F650
:10350000C412847B417B41EA0421ADF82810047C7D
:10351000C17B41EA0421ADF82E10847C417C41EA54
:103520000421ADF83410047DC17C41EA0421ADF8DA
:103530003A10417D847D41EA0421ADF84010C17DFF
:10354000007E41EA00210E48ADF8461000218DF8BA
:103550004C108DF84E100B4990F820008A428DF8DF
:103560004D000AD8A3F6C4138B4206D801A8FFF772
:10357000B7FD14B010BD1220FBE73020F9E700BF03
:10358000E80D00213C369C0073B506230024CDE9EC
:1035900000448DF806306846F6F7DCFB08B10026DB
:1035A00010E0009C94F8A530802BF4D094F8BD6016
:1035B000002EF0D094F80931002BECD194F8A4300F
:1035C000002BE8D101210020F6F78AFB054620B93F
:1035D00041F231413920F5F7F5FBA830FDF79AF8B3
:1035E000244B93F8383083B3F0B195F85430053B51
:1035F000012B19D82846FDF7F5F8044610B141F221
:103600003C41E7E72846FBF739FC95F85430224661
:10361000214623F00403284685F85430FDF722FFA5
:1036200080B941F24141D5E701210846F6F758FB40
:10363000054610B941F24841CCE7A830FDF76AF8D9
:1036400068B90C24204602B070BD30B9002EF8D005
:10365000FF2384F8A4300024F4E7002EF8D1284694
:10366000FDF7C0F804460028ECD12846FBF706FC1D
:10367000E8E700BFE80D00212DE9FF410778044687
:103680000E46EF2F01D91226D6E0B0F80130ADF882
:103690000C309DF90C209DF80C30002AF3DB9DF8CE
:1036A0000D209507EFD1D80600F19A80990603F016
:1036B000030240F19180002AE5D11A0703D503F0F7
:1036C0006703012BDFD163781D0711D42179E278DC
:1036D000E07942EA0122617942EA0142A17941EAB4
:1036E0000021207A41EA00418A42CCD81F2ACAD957
:1036F000627A013A062AC6D8A27A032AC3D813F0FE
:10370000040102D1023A012A03D8E27A012ABAD886
:1037100011B9A27C032AB6D813F01001227D72D011
:10372000012AB0D1237E012BADD800297CD063784B
:10373000D80703D500F018FA00287CD06378227DE2
:1037400003F01801082940F08B80022A73D11B076F
:1037500040F18E801FFA87F803214046F6F7C0FA41
:103760000546002840F0958003214046F6F77AFA96
:103770000546002800F0AA80554B93F9601010F020
:103780002AF80021384610F0EFFB002840F088802E
:10379000284610F0DAF821463070E074284603F02D
:1037A0006DFAE37E0646002B46D0002844D102463F
:1037B000E96C6846F6F7E2FB3246E86C01210CF052
:1037C00032FFE96C68460422F6F7D8FB32463146F0
:1037D000E86C0CF028FF2FE0032A7FF46EAF52E76D
:1037E00013F0600F7FF44FAF03F00F0203F00703F5
:1037F000052B3FF468AF931E012B7FF664AF002AC0
:103800007FF441AF5FE7022A04D103F06F03092B75
:103810007FF439AFA37D013B022B3FF634AFE37D4C
:103820000F2B7FF67FAF2EE700F05EFA81070AD4F8
:10383000237D022B04D11126304604B0BDE8F0816F
:10384000A37D022BF7D000F04FFA42073FF56FAF90
:10385000237D032BEFD0A37D032B7FF468AFEAE732
:10386000022A3FF474AF227F002A3FF470AFE2E7F0
:10387000E279A37943EA0223227A43EA0243B3F5C9
:10388000804F7FF667AF10F02DFD00287FF462AF08
:10389000D1E7F8F7A7FD00283FF473AF0C26CBE77C
:1038A00040300FF0F9FC00283FF472AF637813F05A
:1038B000330F7FF4E8AEA77D2846296A10F06CF834
:1038C000FEF7B2FD87423FF463AFE7E70726B3E7B1
:1038D000E80D002130B502798BB00346042A5CD88C
:1038E0004488B4F5804F58D82D4800211044ADF8D5
:1038F00000108DF80810827C457B42F010028DF894
:103900001D1042EA4502C57D007F42EA850242EA77
:10391000C00202F01F028DF80020BDF80020ADF8B3
:1039200009201A888DF80E40240A8DF80B20120AFF
:103930008DF80D108DF810108DF80C208DF80F40BB
:103940005A7BD3F807008DF811205A79059002A808
:103950008DF812209A798DF81320B3F80B209B7BF9
:10396000ADF818208DF81A307F238DF81B30012315
:103970008DF81C308DF81E308DF81F108DF820103A
:103980008DF823108DF824108DF821108DF8221059
:103990006946FFF771FE0BB030BD1220FBE700BF98
:1039A00050FA02010278034672B1427862B142884D
:1039B0001A2A09D982881A2A06D90068034A10608F
:1039C00000209B8893807047122070477C12002152
:1039D00002680020014B9A60704700BF7C120021F2
:1039E00002680020014BDA60704700BF7C120021A2
:1039F0000378A3F10A02112A9BBF024A0020122079
:103A0000137470477C1200210378FF2B16D1437882
:103A1000FF2B13D18378FF2B10D1C378FF2B0DD14F
:103A2000037923F0E0021F2A08D113F0E00F05D03C
:103A30005B09034A002082F820307047122070474B
:103A4000E80D00210378012B9DBF03F00103034A19
:103A50000020122098BF82F839307047E80D00210D
:103A6000014B187600207047E80D0021014B587675
:103A700000207047E80D0021024B1B6803B1184776
:103A800011207047C401002108B502F0A5FAFEF725
:103A90001DFAFFF751F901460248BDE80840FBF75F
:103AA00063BA00BF4C0E002108B503F071F8F8F7B7
:103AB0006BF90248BDE8084003F054B84C0E0021F1
:103AC00008B50EF033FA064800F58471F6F7F8FDF4
:103AD00002200CF006FD0020BDE808400CF001BDFE
:103AE0004C0E002108B50122064B83F80A2203F090
:103AF00057F803F03DFFFFF7E3FFBDE8084001F092
:103B000001BA00BF4C0E002110B5064C064904F561
:103B100003700DF0CFFE04F504700449BDE81040B9
:103B20000DF0C8BE4C0E0021C8010021D0010021BB
:103B300010B5094C094904F503700DF0BBFE04F5FE
:103B4000047007490DF0B6FE04F505700549BDE89F
:103B500010400DF0AFBE00BF4C0E0021D801002177
:103B6000E0010021E8010021014B93F80A027047AF
:103B70004C0E002110B5094C094904F503700DF0F5
:103B800099FE04F5047007490DF094FE04F50570E4
:103B90000549BDE810400DF08DBE00BF4C0E002160
:103BA000F0010021F80100210002002110B5094CAC
:103BB000094904F503700DF07DFE04F50470074912
:103BC0000DF078FE04F505700549BDE810400DF0D4
:103BD00071BE00BF4C0E002108020021100200211E
:103BE0000002002138B5094C0D4601F05FF9D4F808
:103BF0000C02C4F804510DF055FEFEF7F5FE01F07D
:103C0000B3FA012384F8183238BD00BF4C0E0021EE
:103C1000014B93F8180270474C0E002110B50C4C64
:103C2000D4F810020DF03EFED4F814020DF03AFE66
:103C3000FEF786FE202000F02FF8262000F02CF85A
:103C4000292000F029F8002384F8183210BD00BFA5
:103C50004C0E0021014B83F8190270474C0E0021D5
:103C6000014B93F8190270474C0E0021C208084915
:103C7000012300F0070003FA00F08B5C184388541E
:103C800004490B78934238BF13460B70704700BF4E
:103C900018000021661000210E4B012110B503EB26
:103CA000D002C40800F007008140185D20EA01003E
:103CB000094918550B78A34205D1002012F8014993
:103CC00014B100B10B7010BD002BFAD0013B0120E4
:103CD000DBB2F3E71800002166100021014BD3E9A5
:103CE0000001704718000021054B1868C0F3C0227E
:103CF000C0F30020400040EA820040F0010070471D
:103D00001800002108B508F03FFC0023074A32F8EC
:103D10002310814205D302EB83039B78044A13707E
:103D200008BD01330C2BF2D10023F7E790FA020112
:103D300067100021024B1878072828BF072070471A
:103D40006710002110B54468238884F87D11A4F819
:103D50007E3194F87400FEF777FB84F8800194F8C4
:103D60007500FEF771FB054984F8810104F5BA700E
:103D70000EF0CFFD002384F82C3110BD291A02016A
:103D800040680749038800F26710A0F8093010F86E
:103D9000FB3CC37210F8FA3C03730EF0B4BD00BFD5
:103DA000611A02012DE9F04389460979446885B01A
:103DB00099F8058001F00701054694F88E7008F027
:103DC00007084B1E08F1FF320B4002EA08021343BA
:103DD00094F88F20242A2DD104F18F06002B45D191
:103DE00040460DF08CFE78B394F8743098422BD096
:103DF00094F82C21012A0CBF94F82E2194F87020FD
:103E000018EA020F32D0222F1ED094F86D2018EA43
:103E1000020F19D10138C0B2032806D8013B5C4A11
:103E2000DBB21044032B00790AD940F21F2106208F
:103E3000F4F7C8FF222F40F0A68004F18E06CDE7EC
:103E400013441B79834211D808460DF058FEB0B3D5
:103E500094F87530834232D094F82C31012B0CBF8A
:103E600094F82F3194F87130194228D194F82C31FC
:103E7000012B14D11E212846FFF764FF222F12D1F7
:103E80006B68182283F811210A2283F88E2093F898
:103E9000CA30002B44D140F2B321AE20C8E7002342
:103EA00084F82C31EAE70023284633700EF0CAFE6E
:103EB0001821284605B0BDE8F0430EF0EFBEB9F872
:103EC000067003AB2046424600933B460DF05CFE75
:103ED0006C6878BB94F82C31012B28D1B4F8883069
:103EE00004F5267294F87410B4F830010DF0ACFEAD
:103EF0000446B8B901462846FFF724FF34706B68C2
:103F000003F18F02964202D1002283F88F206B6862
:103F1000002403F18F02964232D128460EF092FE21
:103F2000002031E06B68282283F88E20E7E784F8D0
:103F30002C01E4E7B4F88830A4F89872DB431F44FE
:103F400047F6FD73BFB29F4206D92823284684F85E
:103F5000B13001F0A5FCDAE794F88F300E2B02D0D7
:103F60000B3B012B01D82A23F0E79DF80C3084F895
:103F70009A329DF80D3084F89B3226233370C6E7C1
:103F800083F8CA40CCE7022005B0BDE8F08300BF4B
:103F9000C0FA0201044B002283F832204FF6FF7270
:103FA0009A86DA861A87704768100021054B9A8E28
:103FB000824201BF002283F832204FF6FF729A86B8
:103FC000704700BF68100021014BD886704700BFC2
:103FD00068100021094A03464FF6FF71908E88420F
:103FE00006D192F83210012905D001201A607047DD
:103FF0000020186070470020704700BF6810002143
:10400000064B93F83220012A1BBF0120DA8E0020D4
:1040100083F8320018BF9A86704700BF68100021ED
:10402000014B1887704700BF68100021064B0246FD
:10403000198F988E884205D193F8320018B101206B
:10404000136070470020704768100021094B998E5B
:104050001A8F914201D0002070474FF6FF729A8666
:1040600093F83220002AF6D00022012083F8322073
:10407000704700BF68100021054B998E1A8F91423E
:1040800003BF93F83200B0FA80F040090120704776
:104090006810002150B90A4A0120134603F8010BA9
:1040A0000868C2F801008A889A807047012805D103
:1040B000034B0A68D8719A608A889A81704700BF5A
:1040C000A210002148B90A4B187880B1D3F801201A
:1040D000B3F805300A608B807047012806D1044B85
:1040E000D87920B19A689B890A60F4E7002070476C
:1040F000A210002120B9054B187800F0010070478C
:1041000001280ABF014B0020D879F6E7A210002150
:10411000F7B58B8800228DF80600ADF804300868EA
:104120000B4B8DF8072001461C7803F5AC73019DFD
:10413000D0B2844201D8082007E0D3E900760132EA
:104140000833AE4208BF8F42F2D103B0F0BD00BFCA
:10415000B0100021084B0146002230B55C7803F511
:104160008173D0B2844201D8082004E013F8015BC7
:1041700001328D42F5D130BDB0100021F8B52D4C83
:1041800063782218013B92F80251DBB283426370DC
:1041900030D01A010101961C8F1C2644274406F1D9
:1041A000100C56F804EB664547F804EBF9D182325F
:1041B00082312244214402F1100652F8047BB242BB
:1041C00041F8047BF9D1E118221891F8026182F8D4
:1041D000026106267343704303F5857300F585700D
:1041E000E618E35827182350B388BB8091F83A317A
:1041F00082F83A312846FFF7ADFF082818D1237816
:10420000013BDBB29D42237012D02B3305F12B0210
:1042100004EBC30304EBC20293E8030082E803004B
:104220002078FFF797FF08281CBF241884F8025154
:10423000F8BD00BFB0100021F0B5254D89B095F84C
:10424000984105F29911684622460BF0C9FC2146B7
:1042500068460DF08CFE0446B8B300EB400102A89E
:10426000C9B2F5F703F8601E95F8A1610124C0B248
:1042700095F8982105E0731CB3FBF2F102FB1133B2
:10428000DEB206F120030DEB030111F8203C002BF8
:10429000F1D100EB400201F8204C06EB460320323E
:1042A0002B446A4412F8187C83F8A27112F8177C28
:1042B00012F8162C83F8A37183F8A4210138AB19E6
:1042C000C0B283F89941FF28D2D109B0F0BD00BF38
:1042D000B010002170B5064688B00C46002A4ED0BA
:1042E000294A92F8A131D01890F8991119B9FF21F3
:1042F0002820F4F767FD03EB43010133114491F8E3
:10430000A251E57091F8A35191F8A4112571617142
:10431000002180F8991192F89811B3FBF1F001FB9C
:10432000103382F8A13192F8C23123B9174902F54E
:10433000DD700EF0EBFA65790D220021684605F07C
:104340003F0545F0400565710BF0B4FBE37804AA26
:1043500069468DF80F30304623798DF80D508DF871
:104360000E3004230BF0CAF99DF81F3023709DF81E
:104370001E3063709DF81D30A37008B070BD03211E
:104380006018F4F773FFD6E7B0100021394201013D
:10439000044B5A78824286BF1B1893F84A010020CA
:1043A000704700BFB0100021044B5A78824286BF8C
:1043B0001B1893F842010020704700BFB010002185
:1043C000064B00224FF461711A8083F8C32183F8F1
:1043D000C421A3F8C61183F8C2217047B010002190
:1043E000014B83F8C4017047B0100021014B93F8D2
:1043F000C4017047B010002110B51446FFF788FEC5
:10440000082803D1012000F0010010BDFFF7A2FE33
:10441000064B5A788242F5D904B12070184490F8BE
:104420003A31012BEED090F84A01ECE7B0100021B0
:104430002DE9F0478246894617469846FFF768FE01
:1044400008280546064603D0FFF784FE082863D1F6
:10445000334C6378072B61D8082D18D12678731C4C
:10446000072E237003D96C212820F4F7ABFC06F14A
:104470002B03D9F80000DAB204EBC30344F832008E
:1044800004EBC201B9F804208A8083F806A065789D
:1044900007F110026B1C290163704B1C234412F8B6
:1044A000010DBA4203F8010FF9D1813108F110036F
:1044B000214413F8012D984501F8012FF9D1254425
:1044C000102140460DF0B3FD102185F84201384619
:1044D0000DF0ADFD002385F80261667885F84A018C
:1044E00085F83A3131460F480DF041FD0546314619
:1044F0000D480DF03CFD012D03D8002818BF0135F3
:10450000EDB284F898510025284684F8A151FFF7B0
:1045100093FE2846BDE8F0871220FBE70720F9E765
:10452000B0100021F2110021FA110021064B10B544
:104530005878013840B2002800DA10BDC4B22046D5
:10454000FFF71CFE601EF5E7B0100021014B83F859
:10455000C3017047B0100021014B93F8C3017047AD
:10456000B0100021431E4AF2B7129BB293429DBF86
:10457000024BA3F8C601012000207047B0100021B3
:10458000014BB3F8C6017047B01000210A4B30B59B
:104590005C7884420ED9184490F802012B3003EB6A
:1045A000C004A5790D7053F8300010600120A38875
:1045B000938030BD0020FCE7B010002170B50646A6
:1045C0000D4606F0E9FC05F053FA0A4B93F8C34197
:1045D0005CB1597859B1981C82333246002D08BF1E
:1045E000184605F011FA05F069FA204670BD0C4630
:1045F000FBE700BFB010002108B5064B024603EBF5
:104600000113012103F1820005F0FEF9BDE8084025
:1046100005F054BAB01000210246074810B590F8D2
:10462000C34124B1417821B1023005F0EDF92046B3
:1046300010BD0C46FBE700BFB01000212DE9F74F7D
:104640002F4C9A46804689466378834256D9231870
:1046500093F8425185F00105F9B193F84A31E3B975
:1046600045F002070135BAF1000F18D1FA070AD553
:10467000062104EB0810524601FB0841823001F587
:104680008571FFF727FEBB0734D504EB08105246AF
:1046900049460230FFF71EFE2CE02F46E3E794F870
:1046A000A1614FF0010B002DE0D0A31993F89911EF
:1046B000019399B90092DAB100F026FD019B06EB57
:1046C0004601009A4FEA102C83F899B1214481F8F1
:1046D000A201000C81F8A3C181F8A401013694F86D
:1046E0009831013DB6FBF3F103FB1166F6B2DAE750
:1046F00047F00407384603B0BDE8F08F0027F9E71C
:10470000B0100021F8B50646174C48B3617804F59F
:10471000A1700DF02CFC94F89851074604F2991002
:1047200029460DF024FC2D1AEDB2AF421AD800250F
:1047300006270FE0E21892F8422152B907FB034125
:1047400004EB0313324601F5857103F18200FFF794
:10475000C1FD01356278EBB29A42EBD80120F8BD79
:104760000546E5E70020FAE7B0100021F0B51B4E42
:1047700089B007460D46737883422CD9331893F8D5
:10478000424144BB0D22214668460BF093F9EB7879
:1047900006EB071004AA8DF80F3069462B7982309A
:1047A0008DF80E306B798DF80D3004230AF0A6FFDA
:1047B0002A789DF81F309A420AD16A789DF81E30F7
:1047C0009A4205D1AC789DF81D00231A5C425C41E9
:1047D000204609B0F0BD0020FBE700BFB01000216B
:1047E000074B5A78824209D91A1892F842212AB9FD
:1047F000062202FB003000F58570704700207047EC
:10480000B0100021064B5A78824281BF1B1893F8E2
:104810003A01B0FA80F0400998BF0020704700BF0D
:10482000B0100021F8B50E46074606211546304661
:104830000DF0FDFB044640B10A482946427800F5D8
:104840009D700BF037F92046F8BD314638460DF023
:10485000AAFB08281FBF034B0124C01880F83A5157
:10486000F1E700BFB010002130B5002442F210750E
:10487000A0F84040B0F844404C43B4FBF2F4A0F838
:104880004440541E05FB0343B3FBF2F3A0F842304F
:10489000084BB3FBF2F30133A0F84830838F05FBDC
:1048A0000344436B5943B4FBF2F4B1FBF2F284636B
:1048B000426330BD005A620270B504460D4659BBD2
:1048C0004FF434720BF0F6F8012384F8E65084F8C4
:1048D00096306FF0360384F8E130042384F8E23038
:1048E0006FF03B0384F8E3306F2384F8E4306FF01B
:1048F0003C0384F8E5306FF07F0384F8E7302B2326
:1049000084F8E030FE2384F816317F2384F88D305C
:10491000202384F81C3270BD012917D10023A0F890
:10492000DC3180F8D3310D4BC26913441146B3FB1F
:10493000F2F3C0F8B83040F6B833A0F8BC30C38CFE
:1049400004F18000BDE87040FFF78EBF0229E2D17C
:10495000B0F8A632D0F8A022C169F1E77FC3C9013F
:1049600070B504460D4659BB4FF416720BF0A2F811
:10497000012384F8E65084F896306FF0360384F80B
:10498000E130042384F8E2306FF03B0384F8E33035
:104990006F2384F8E4306FF03C0384F8E5306FF067
:1049A0007F0384F8E7302B2384F8E030FE2384F87B
:1049B00016317F2384F88D30202384F8F13170BDC7
:1049C000012912D1C2690D4B11461344B3FBF2F316
:1049D000C0F8B83040F6B833A0F8BC30C38C04F14E
:1049E0008000BDE87040FFF73FBF0229E7D1B0F873
:1049F0001A32D0F81422C169F1E700BF7FC3C901A0
:104A0000034B80F87C101B680BB100881847704777
:104A100018020021074B93F900301844142804DCD5
:104A200010F17F0F03DB40B27047142070476FF026
:104A30007E007047781200217F2307B50DF1070033
:104A40008DF8073006F0B6FA9DF9073068B10A4ACA
:104A50005078404240B21844142808DC10F17F0F0F
:104A600007DB40B203B05DF804FB1846FAE71420F8
:104A7000F8E76FF07E00F5E778120021024B002284
:104A80001A705A70704700BF78120021054B1B78CE
:104A900033B9054B1A681B79026003710120704716
:104AA000002070477A12002128000021054BFF22C8
:104AB0001A70054A016811600179117100221A709B
:104AC000704700BF7A12002128000021064B07B56D
:104AD00018681B79009068468DF80430FFF7E6FFF0
:104AE00003B05DF804FB00BFEB1C030103464078F4
:104AF00098B1DB783F2B05D8084AD35C1B1A584283
:104B00005841704703F11402D2B2022A04D8034A72
:104B1000134413F8AC3CF1E701207047C8FA0201D6
:104B20003F2908B5C17003D80B4B5B5C437008BDCF
:104B300001F11403DBB2022B04D8074B194411F81E
:104B4000AC3CF3E7FF2904D04FF48A612A20F4F744
:104B500039F90123EAE700BFC8FA02012DE9F3475A
:104B600089466946144698460DF033FA05460028F2
:104B70003ED1019E34B9012486F89540204602B00A
:104B8000BDE8F087D6F814A0214650460BF0EBFAAA
:104B9000014678B3194B5B88A3422DD350460BF0E6
:104BA0001CFC96F8953007460580002B85700CBFDD
:104BB000494602210DF0F7FD22464146F81C0BF054
:104BC0000FF8214650460BF008FB044618B97E2129
:104BD0002B20F4F7F7F89DF800302BB168460DF064
:104BE00049FE019BA3F8CA51002386F89530C5E71A
:104BF0000124C3E70446C1E72C46BFE77C1200212D
:104C0000024B987FC04300F0010070477C120021E6
:104C100083230B70014B1B78CB7070479C120021D3
:104C20002DE9F84FD0F804800D46D8F818603046CA
:104C30000BF0C5FB044618B9FF211020F4F7C2F8A9
:104C4000014630460BF0C9FBB4F800B082461FFAAB
:104C50008BF717B940F20311EFE71E4B00F1030980
:104C60001B688BB9B8F80030A5F806B0AB800023FC
:104C70006B729AF8003003F00303012B0FD0022B64
:104C80000DD040F21D11D8E73A464946B8F8000069
:104C9000984704460028E5D12046BDE8F88F304605
:104CA0002B720BF0A0FB044610B94FF49371C4E7CC
:104CB000FB2F02D940F23511BFE7286810B94FF435
:104CC0009B71BAE73A4649460AF08AFF30460BF034
:104CD000E6FAE1E71C0200212DE9F34706460D46FE
:104CE0000527DFF86481DFF864912B694BB11B7AEB
:104CF0001BB980211020F4F765F82C6994B90020C5
:104D000066E06C68237A012BF9D0EFF3108372B65A
:104D10006A6812686A6003B962B62C61237A0BB9BB
:104D2000A621E7E794F808A05FFA8AFA27720AF149
:104D3000FF330B2B73D8DFE803F06F0610276C3DB1
:104D40004E3D3D3D3D61636813B94FF4D771D1E7E6
:104D500031462046984704201EE0636813B940F2AC
:104D6000B711C7E73146204698470346ADF804001F
:104D7000C0B2C3F30723012B54D0022B0CD1002364
:104D80002B610028B1D023E0636813B940F2BF1152
:104D9000B0E7204698470020EFF3108372B6227ADE
:104DA000052AD1B246D1002222722A61002BE8D115
:104DB00062B6E6E7D9F80030002BECD05246314617
:104DC00060689847BAF10A0FC5D100232B6104200F
:104DD00002B0BDE8F08763680BB9B5218AE70D2200
:104DE00000243270012219885869B270A6F80310A5
:104DF0007271B4710BF053FA2C61E8E7D8F8003007
:104E0000314620469847034660B1002302202B61BB
:104E1000DEE74FF4FB716DE740F2F9116AE74FF4FA
:104E2000FE7167E784F808A00028D1D1002B7FF439
:104E30005CAF64E711B940F21D215BE7002B7FF402
:104E400054AF62B651E700BF2402002120020021C6
:104E500070B5144C14260021231D324618460AF062
:104E600029FE03460125257404333246002104F14E
:104E70001800C4E901330AF01DFE84F8245004F13F
:104E80001C03094AC4E906330023E362236384F860
:104E90003430C4F83530C4F8393084F83D3013600C
:104EA00070BD00BF9C1200211C02002110B5084CEF
:104EB0002378FF2B04D04FF4A0711020F3F782FF6A
:104EC0000AF064FC2070BDE81040FFF7C1BF00BFCE
:104ED0002D00002110B5034C20780AF073FCFF234D
:104EE000237010BD2D000021014B18780AF07ABC08
:104EF0002D000021014B024A1A6070472402002154
:104F0000214C0101014B024A1A6070472402002122
:104F1000214C010110B506490446FFF7DDFE28B912
:104F200020460449BDE81040FFF7D6BE10BD00BFC3
:104F3000B4120021A0120021014B1860704700BF7D
:104F40001C020021134610B5027A22B140F29921C9
:104F50001020F3F737FF0A4601460248BDE810402B
:104F60000DF0B1BCA0120021044890F834301BB9F8
:104F700003492C300DF0C4BC704700BF9C120021C7
:104F8000B92802010346064890F83E203AB190F84D
:104F90003D2022B9034900F8353B0DF0B1BC704704
:104FA0009C120021114C01010A4610B5037A23B16D
:104FB00040F2A1211020F3F705FF01460723024824
:104FC000BDE810400DF07FBCB41200211346027AF8
:104FD0000AB1037270470A46014601480DF073BCDE
:104FE000A01200211B234FF01B12838403848261D3
:104FF0008382C260038541B94FF4A473094AC38414
:105000004384C261C382026170474FF429634FF445
:10501000A472C384438403F12963C282C361036120
:10502000704700BF4801480103460846B3F86020B6
:10503000B3F85410B3F84AC08A42F0B493F87540FC
:1050400028BF0A46B3F85860B3F86210033CB3F8BF
:105050005070B142E4B2B3F84E5028BF3146012C33
:10506000A3F84A208BBFB3F852604FF429660C4670
:105070004FF429649742A3F84E4038BF17468E423A
:1050800038BF0E469445A3F85070A3F8526026D15D
:105090002C1B18BF0124B3F85C20B3F85650B3F8AA
:1050A00048609542B3F84C1028BF154693F8742019
:1050B000033A012A15D9B3F85A20B3F85E70BA4200
:1050C00028BF3A46AE42A3F84850A3F84C2002D17C
:1050D000914200D144B10549F0BC0DF01ABC012445
:1050E000D9E74FF42962EDE7F0BC70471F290201B0
:1050F000014B1878704700BFDB120021014B187874
:10510000704700BF2E000021094AD2E90003434046
:1051100083EAB01181EA43214FEAF34311605360FF
:10512000044B58434FEAF06000EB8000704700BF2B
:10513000DC120021BB79379E094AD2E900034340C3
:1051400083EAB01181EA43214FEAF34311605360CF
:10515000044B58434FEAF06000EB8000704700BFFB
:1051600030000021BB79379E10B50A4C0821094850
:10517000F4F77CF8D4E900231343F7D0064CFFF78B
:10518000DBFF2060FFF7D8FF236860600343F6D0A1
:1051900010BD00BF30000021DC12002138B5A0F1A5
:1051A0000C0314460D46DBB220463F2B96BF0A4A3D
:1051B000FE21D15C0DF0F9FC68B965B12978272989
:1051C00007D03F2908BF3E212046BDE838400DF0FA
:1051D000ECBC2621F8E738BD0BFB0201174B184A3F
:1051E0009A60184ADA62184A1A61184A5A61184ACB
:1051F0009A61184A1A63184A5A62184ADA64184AB5
:105200009A64184A9A63184B184A9A60184A1A62A4
:10521000184A5A60184A1A60184A9A62184ADA629A
:10522000184ADA60184A9A61184A1A63184A9A6446
:10523000184ADA64184A5A62704700BF28020021EF
:10524000E52C0201132F0201E72E0201AB2E020111
:10525000C9590101D15C0101995B010123310201AE
:105260004B310201355B010134030021012D0201A4
:10527000C9300201612D02016F2E02015D30020171
:105280002F2F02017F3002013F300201FB3102016A
:105290009B31020185310201E3300201174B184AAC
:1052A0009A60184A5A60184A1A60184A9A62184A4C
:1052B000DA62184ADA60184A9A61184A1A63184A78
:1052C0001A62184ADA64184A9A64184A5A62184BE1
:1052D000184A9A60184A5A62184ADA62184A1A61D9
:1052E000184A5A61184A9A61184A1A63184A9A6405
:1052F000184ADA64184A9A63704700BF40040021D4
:10530000E52C0201152D02019B2D0201532F0201F4
:10531000C52F02012D5A0101DB2F0201D15C0101D1
:10532000355B0101233102014B310201995B01011F
:105330004C050021012D0201E3300201FD2F020185
:10534000A12F020121300201D55A0101FB310201D6
:105350009B31020185310201C9300201054B064A29
:105360009A65064ADA65064B064A9A65064A1A663F
:10537000704700BF28020021BD1C0201471E020128
:1053800034030021E51A0201A11E0201054B064A61
:105390009A65064A1A66064B064A9A65064ADA650F
:1053A000704700BF40040021A51D0201A53D010179
:1053B0004C050021E51A02010D1F02013F2A37B5F5
:1053C0000C4643D83F2A44D8DFE812F048008B004F
:1053D00094009F00B60086008600C200C400CA0088
:1053E00086008600CF00D900C40043004300DD00E2
:1053F00086008600F000F00006010D011801430050
:1054000043002F014C0159015F01650170017201D8
:105410007401760181018901A001A20143004300CA
:105420009101AA01A8014300430043004300430047
:105430004300430043004300430043004300430054
:105440004300AC01AE014300A401A601FF2A00F015
:105450006D8140F2D4415120F3F7B4FC416841F230
:105460007070D1F81432B1F80E22A3F57A75854226
:105470000CD84FF47A70B3FBF0F303F550639BB292
:105480006420B2FBF0F20120D2B20DE040F2E24023
:105490006FF45065B3FBF0F39BB25D19062DEFD9A5
:1054A000B2FBF0F20020D2B22271D1F81022A8B1E2
:1054B0006420E3711B0AB2FBF0F292B223726271B4
:1054C000120AA271B1F8183263721B0AA372B1F802
:1054D0001A32E3721B0A237303B030BD40F2E2407C
:1054E000E7E74368D3F80032D3F801204A605B79DC
:1054F0002372F1E702784368012A02D193F8183148
:1055000001E093F821312371E6E74368D3F848229C
:105510004A60D3F84C228A60B3F850228A81D3F8CB
:105520002822C1F80E20D3F82C22C1F81220D3F87B
:105530000831C1F81630CFE74268D2F8E6314B6047
:10554000D2F8EA318B604368D3F80C31CB60C3E703
:105550004368D3E7084603B0BDE8304000F072BBB3
:1055600003B0BDE8304000F07DBB0F230B71592321
:105570004B7100238B716923CB712023B8E74368FB
:1055800093F81231BFE7027843684AB993F81821BB
:1055900032B193F815210A7193F8143163719BE7C6
:1055A00093F81321227193F81231F7E74368B3F8A7
:1055B00060200A71120A4A71B3F81A218A71120A1C
:1055C000CA71B3F85C200A72120A4A72B3F8183131
:1055D0008B721B0ACB727FE7436893F82E212271EE
:1055E00093F82F31DAE7436893F82C21012AF4D09D
:1055F00093F870200A7193F87130CFE7456895F8F9
:105600000B020CF034FB607195F80A02C31E012BEB
:1056100007D895F87430DA1E012A02D8984218BFCC
:1056200000200CF024FB207156E74568002320463B
:1056300001218DF804300DF0BEF82A7C01A96B7CA5
:105640002046032A03F01F0308BF002243EA821307
:105650009DF8042002F0200213438DF804300DF071
:10566000B3F839E743680F211888F4F739FB00F1E4
:105670005B01204603B0BDE830400DF0E3B80846BA
:1056800003B0BDE830400EF083BC084603B0BDE86F
:1056900030400EF085BC2B4B1B68002B3FF41CAF39
:1056A0000146204603B0BDE830401847264BF3E7DB
:1056B000264BF1E7264BEFE7264B1B68002B3FF408
:1056C0000BAF0246232003B0BDE830401847214B02
:1056D0001B68002B3FF400AF02462420F3E71D4B6C
:1056E0001B68002B3FF4F8AE02462520EBE7436829
:1056F0000F211888F4F7F4FA00F17D0200F15B0144
:10570000204603B0BDE830400DF0A8B8124BC3E707
:10571000124BC1E7124BBFE7124BBDE7124BBBE781
:10572000124BB9E7124BB7E7124BB5E74368204677
:1057300093F88F22D3F8901203B0BDE830400DF0FB
:1057400046B800BF58060021600600215C06002113
:1057500064060021680600217406002178060021F5
:105760007C060021800600216C06002170060021C5
:1057700084060021880600213F2803D8064B53F8F1
:105780002000704700F11403DBB2022B01D8AC38C3
:10579000F4E70020704700BF280200213F2803D80B
:1057A000064B53F82000704700F11403DBB2022BC4
:1057B00001D8AC38F4E70020704700BF4004002156
:1057C0003F2803D8064B53F82000704700F114031C
:1057D000DBB2022B01D8AC38F4E70020704700BFE1
:1057E000340300213F2803D8064B53F820007047AC
:1057F00000F11403DBB2022B01D8AC38F4E700202F
:10580000704700BF4C05002130F8023CF7B5044654
:105810000E4630F8A85C73B101226846ADF801501D
:105820008DF80020ADF80330FDF77EFA18B1952110
:105830006320F3F7C7FA174B1B6813B1A4F12800D4
:105840009847154B1B680BB1284698470A23002739
:10585000A6F803503370B770637A54F8900C7371E4
:105860000AF027FD08B9BA21E2E72846FEF79EFBB9
:1058700039462846F4F74AFA02212846F4F746FA50
:1058800018B9064B1B6803B198474FF4017003B079
:10589000F0BD00BF8C060021900600219406002177
:1058A000F7B5456804464FF6FF776E690DF10201C2
:1058B0000DF101023046ADF802700AF0A9FC01A911
:1058C00030460AF0C7FC40B101980AF08AFD6168D1
:1058D00000220272FFF768FBE8E7044905F1A8001F
:1058E00003B0BDE8F0400DF00EB800BF095801014B
:1058F000F0B5044685B00D46FF2600F8C16C10F8DF
:10590000C23CF3B1184F3B781BB148211F20F3F77D
:1059100059FA0C21381DF3F7A9FC3E70002304F856
:10592000C13C09232A4602F8033BD4F80930C5F8E4
:105930000330D4F80D305360D4F81130936005B0C3
:10594000F0BD01A80C21F3F791FCA4F52C73039A88
:10595000C3F80C2101AB03CB44F8CA0C44F8C61CB5
:1059600004F8C26CDAE700BFE412002110B5054C60
:1059700023782BB90C21201DF3F778FCFF2323702B
:1059800010BD00BFE4120021024690F8EE31BBB911
:1059900090F8EF3103F0FF010BB100207047094B85
:1059A00018780028F9D01970D9680433C2F80C119E
:1059B00003CBC2F8E601C2F8EA11FF2382F8EE3108
:1059C00001207047E412002138B54368044693F87B
:1059D0008E201C2A24D1002283F8CF2083F8CA20ED
:1059E00083F85222436893F8D01003F5D4701D88D1
:1059F00069B10C4983F8D020A3F8B25183F8B121E2
:105A00000CF07EFF6368002083F88E0038BD012211
:105A100083F8B111A3F8B251034983F8B421EFE739
:105A20000220F3E7972E0201892E0201426838B561
:105A300092F88F3004460D463BB1142B05D0123B33
:105A40000B2B94BF0820012038BDD2F81C3183BB3A
:105A500092F8D03013B920460DF0E4F86268D5F81A
:105A60000E30C2F8DE31D5F81230C2F8E231636888
:105A7000D5F81620C3F808211A88A3F8B9226A6855
:105A8000C3F8BB22AA68C3F8BF226368AA89A3F837
:105A9000C3226368002583F8EE5160680C4900F565
:105AA0002C700CF02DFF63681622284683F88F2097
:105AB000CAE70C22032120460DF0D7F86368322292
:105AC000204683F88F200DF0ADF80020BCE700BF22
:105AD000F158010138B54368044693F88F201D2A18
:105AE00004D04FF4DE711F20F3F76CF9002293F815
:105AF000D0101D8803F5D47083F8CF2069B10B490D
:105B000083F8D020A3F8B25183F8B1210CF0F8FE4D
:105B10006368002283F88F2038BD012283F8B11119
:105B2000A3F8B251024983F8B421EFE7972E02019E
:105B3000892E020138B50578446825B994F88F306C
:105B40002BB1012519E0D4F88030DB07F9D44A687D
:105B50000F4B896813400F4AC4F8E030C3F3076362
:105B60000A4043F00803C4F8E42084F8E3300DF061
:105B700059F825B9042384F88F30284638BDD4F865
:105B80008030002543F00103C4F88030F5E700BF02
:105B90002FC904F76FDB0080436810B593F88E209F
:105BA000042A31D14A6800788C68C3F8E020C2F337
:105BB0000762C3F8E44042F0080283F8E3200022C1
:105BC00083F8CA2083F88E2008B983F8330193F84C
:105BD000342112B10024204610BD93F88A2102F02E
:105BE000FF04002AF6D11A8803F5C17083F88B41AF
:105BF000A3F88C214A68C3F88E218A680349C3F848
:105C000092210CF07DFEE6E70124E4E7A7300201D3
:105C1000436893F8342112B1084B1B68184793F876
:105C20008A2152B91A8803F5C1700549A3F88C215D
:105C30001A2283F88B210CF063BE7047980600216E
:105C4000A730020110B50446FEF748F8034A044B9A
:105C500002400B406260A36010BD00BF2FC904F773
:105C60006FDB008037B50C464568FEF737F8084B08
:105C7000084A03400A4095F8E01000930B40019257
:105C80008DF800306B4603CB6060A16003B030BD7F
:105C90002FC904F76FDB0080DB0410B5144604D570
:105CA000037D13B10023436310BD436B0133436392
:105CB0000DF084FAD0E90D239A42F5D3002303496D
:105CC00043632046BDE810400CF023BE15310201AD
:105CD00070B544680546067894F88E30012B09D0DB
:105CE00026B994F88F302BB101203DE0D4F88030F4
:105CF0009807F9D494F8D1309A0715D40A79D807BF
:105D000084F8DB20B1F80520A4F8DC20B1F80720E6
:105D1000A4F8DE2043F0020284F8D12010D51849FF
:105D200004F1D2000CF0F5FD94F8D130D90712D46B
:105D3000DEB994F88F3043B150214020F3F742F898
:105D400094F83231002BEAD1EEE7012384F88F304A
:105D500028460CF067FF94F88E300020012B03D109
:105D600084F88E0084F8CA0070BDD4F880309A0799
:105D700001D55521E1E743F00203C4F88030E7E79D
:105D8000DD31020170B545680446FEF755FE054B4E
:105D9000014685F88D001B681BB12046BDE87040A8
:105DA000184770BDA0060021024B1B6803B11847BD
:105DB000704700BF9C060021F0B5204E0546002428
:105DC0003078147080B1431E7768DBB2181B01284D
:105DD0000BDC07EBC40057F834604068884208BF0A
:105DE000AE4212D114700120F0BD18194610C0F354
:105DF000470057F836C007EBC60EAC45DEF8046026
:105E00008E412CBF03460446E0E7B54271EB00002B
:105E100002D214700020E7E707EBC30057F83340C5
:105E20004068884208BFAC4201D11370DBE7A5424D
:105E3000814128BF01331370ECE700BF0413002138
:105E400010F0070208B503D063214820F2F7BAFF2B
:105E500018B1034B197258601A70C80008BD00BF12
:105E600004130021014B00221A7070470413002113
:105E7000014B187A704700BF041300212DE9D3436A
:105E80000DF0E8F90DF1070207460E46FFF794FF03
:105E900098B9114C2278237A93420ED06168134648
:105EA0006FF0604E9DF80700984209D301EBC003E4
:105EB000013201202270C3E9007602B0BDE8D08330
:105EC00003EB0E00013B01EBC000DBB2D0E900891F
:105ED000C0E90289E6E700BF0413002137B50DF0E1
:105EE000B9F90DF10702FFF767FF0446A0B10C4AAC
:105EF0009DF8070013785568411C013B05EBC10173
:105F0000DBB213701A1AD2B2D200834238BF002219
:105F100005EBC00009F088FD204603B030BD00BF8E
:105F2000041300210A460648822302F8033B036853
:105F3000C1F803304368536083689360704700BFC3
:105F40000D13002116220021014809F0B3BD00BF46
:105F50000D13002117B402AB03E903001B48437D76
:105F600083B30B469DF8001009BB93F87410184AD0
:105F700032F811204FF47A7102F23F62B2FBF1F273
:105F8000D3E972147D3144F100045218198844F1A8
:105F90000004426001808460B3F8883002220D4919
:105FA0000C3020F80A3C03B010BCFFF70FB85206C3
:105FB00008D51A880280D3F840224260D3F84422E0
:105FC0008260E9E703B010BC704700BF0D130021E9
:105FD0004CFB0201255F0101024B0022C3E90022B4
:105FE000704700BF2813002108B5044B186810B98A
:105FF000FFF7F2FF08BD0C20FCE700BF28130021CB
:10600000C3693BB983692BB9034B1B681B1A584200
:1060100058417047012070472813002110B5D0E97E
:1060200006436BB1D0E902219C611144DA680A444D
:10603000DA6082693AB1D3610023C0E9063310BD4A
:10604000034A1460F5E7002BF6D0DA60F4E700BFEE
:106050002813002108B5C16191B90F4A1368836103
:1060600003B1D86110600023C269C3609AB1D368DC
:106070007BB181688B420AD22D213720F2F7A2FE34
:106080008B6988618361002BEDD0D861EBE75B1AE7
:10609000C3600023D36008BD28130021014B18689A
:1060A000704700BF28130021034B00201B6803B971
:1060B000704718469B69FAE7281300210B4B002212
:1060C00030B51B6804464FF0FF35104623B911B9AF
:1060D000002808BF104630BDDA68A24203D3AA42A6
:1060E0003CBF154618461A469B69EFE72813002166
:1060F00038B5036A1BB182689C68A24203D2CD21E5
:106100003720F2F75FFEC1698569D9619D6141B1B0
:106110008B61996941B1CB61C1680A44121BDA6095
:1061200038BD02490B60F4E7D960F9E72813002174
:10613000014B01221A71704728130021014B0022E4
:106140001A71704728130021014B1879704700BF5E
:1061500028130021F8B5264B0446084600211D6887
:106160000B466DB95BB1984225D3013CB0FBF3F10E
:106170001C4403FB01F5B4FBF3F48C420ED9F8BDCB
:106180002E690BB19E4207D226B94FF49671372083
:10619000F2F718FEA98A3346AD69E2E7B5FBF3F6DC
:1061A00003FB165626B9B5FBF2F602FB1656DEB116
:1061B0000139ED1AE1E7451E1D44B3FBF4F4B5FBCC
:1061C000F0F5AC42DBD3B3FBF5F605FB16374FB960
:1061D000B6FBF2F702FB176727B9B6FBF1F701FB35
:1061E00017671FB10135ECE72846C8E73046C6E718
:1061F000281300210F4B4FF47A72042933F8113021
:1062000010B503F2E73300F1FF34B3FBF2F34FEACA
:10621000C41409D003290AD002290CBF6022F0223D
:10622000234400FB023010BD4FF4D262F8E740F285
:10623000BE22F5E774FB0201264B1A6810B5D2F8AE
:106240000F300362537D117D1B0443EA0123D17C8F
:106250000B436FF450618362B2F819305918062964
:106260008DBF40F2E241A3F550634FF47A714B4386
:106270008EBF00214B430121C36180F87E10937DC6
:10628000D9B103EB830303EB83039B000386B2F8CE
:106290001730D9B164214B43C362B2F81B308384F9
:1062A000B2F81D30C38492F8243003F01F025B095A
:1062B00080F8A22080F8C23110BDC3EB431403EB79
:1062C000840303EB83035B009BB2DFE740F2E24110
:1062D000E1E700BF301300210346074A1068D3F8F6
:1062E0006920C0F80320B3F86D20A0F8072093F8C8
:1062F00068100CF01EB800BF30130021D0F88030B9
:10630000F7B50BB101221A604388DB0727D50023BC
:10631000056A144E05F10A07CDE9003302238DF812
:106320000630FF2386F820306846F3F713FDB0B936
:10633000009CA542F8D03B466A7A04F10A01607AD3
:106340000BF0F7FD0028EFD0A37886F82030D4F8C2
:106350000330C6F82130044BB4F807209A8003B00C
:10636000F0BD00BF301300215113002138B5084D96
:10637000044600F169010623286800220CF0F9F8B0
:1063800094F868102868BDE838400BF0D2BF00BF11
:106390003013002170B504460E461346807F658891
:1063A000324615F0040118BF04F17701FEF746F9F3
:1063B0004207054623D4C3070BD50123A07F84F8E9
:1063C0006830FEF70DFA0368C4F869308388A4F8D2
:1063D0006D3015F0020F4FF001050ED0094B294624
:1063E00084F876501868D4F87730C0F80930B4F8DB
:1063F0007B30A0F80D300BF0A9FF284600E000200C
:1064000070BD00BF3013002110B50446084694F853
:10641000D8306BBB2378082904F1DB0284F8D9302B
:1064200016D004F1DA01FEF7B1F820B940F6457153
:106430002D20F2F7C7FC94F8DA3043F0020384F819
:10644000DA3004F1D0000B49BDE810400CF058BA26
:10645000094B1868034613F8031BC1F3801184F835
:10646000DA10D0F80310C4F8DB109B889380E8E7BB
:1064700010BD00BFFD3202013013002170B504468B
:106480000E461546FDF7ECFB98B92378A4F8C160D9
:1064900084F8C030637C84F8BF500BB194F8483066
:1064A00004F1B60084F8C3300249BDE870400CF036
:1064B00027BA70BD5537020103292DE9F04305467F
:1064C00085B090467BD090F888300529DBB202D1A8
:1064D0004288D60760D5002B5ED10127DFF8E8900F
:1064E00099F81260B6B10BF068FD082888F8000032
:1064F00014D002AA0DF10701FEF748F820B940F6C2
:10650000CF612D20F2F75EFC02A99DF807000CF088
:10651000ADFE064698F80030082B08D1D9F80010D7
:1065200011F8030BC0F380100CF0A0FE0646D9F85A
:10653000001005F1700395F86F2011F8030BC0F3FC
:1065400080100BF0F6FCD9F80010044611F8030B8C
:10655000C0F380100BF027FD8146FEF753F901468A
:1065600040B1B9F1080F1BD04846FDF711FF80F08C
:106570000101C9B298F80000082815D094B9AB7F82
:106580001C1A604260416B885A0706D421B996B93B
:106590002B7D93B1BB4210D0002005B0BDE8F08345
:1065A0000021E7E70120EEE714B181F00104E4B235
:1065B00004F00100E7E73046EFE70120EDE743880C
:1065C0009B07E9D5022789E730130021F0B585B094
:1065D0000823052104460DF107028DF80730FFF767
:1065E0006BFF054618B90025284605B0F0BDFBF73E
:1065F000DFFE06460028F6D1324F216A3A6891F84C
:106600009630104610F803CB03EA5C1303F0010345
:1066100081F89630D2F80330C1F803308388A1F8AE
:1066200007301346D4F820C013F81F1BC1F38011A4
:106630008CF80210D2F81F001B79029060468DF88A
:106640000C30FFF7F9FD02AB94F913200121206A09
:106650000CF0F0FF216A84F8956020460B889DF8C5
:106660000720A4F89630FF2384F8B3304FF6FF7369
:10667000A4F8B4300DF007F8134904F18C000CF0C5
:106680003FF9FDF7EDFA60B9236A04F1C4000F4940
:106690001A88A4F8CD2093F8963084F8CF300CF007
:1066A0002FF9236A002220461988FFF7E7FE084BDE
:1066B00000221B683A71002B96D02146206A984729
:1066C00092E700BF30130021E3350201E7320201F7
:1066D000A8060021032973B5044604D0052927D054
:1066E000012002B070BD08230DF107028DF80730BC
:1066F000FFF7E2FE0028F3D0237C23B19DF80710BA
:106700002046FFF781FE0F4D0622042620462B6807
:106710005A701E70FFF7E0FD94F85C20A16D2868A8
:106720000BF02DFE28682E7104F04EFB0020D8E7F8
:10673000054B1B6823B1984780F00100C0B2D0E739
:106740001846CEE730130021A406002138B5B0F872
:1067500048300446194D0133C3F30E03A0F8483006
:10676000AB7C2BB104F018FC03F082F90023AB746E
:1067700000232B7194F889302BB101212046BDE80C
:106780003840F5F7C3BD637CB3B1B4F848209A42F2
:1067900012D301212046F5F7B9FD63882046DB07B7
:1067A00047BF236A432243224FF6FF7148BF19882F
:1067B000BDE83840FFF762BE0021DFE7301300215B
:1067C00010B5094C2379012B02D02379022B05D176
:1067D000A37C1BB104F0E0FB03F04AF9A06ABDE81A
:1067E0001040FFF7B3BF00BF301300210346074A34
:1067F000906A03B909B9FFF7A9BF1379D26A03F107
:1068000080431269033B52F82330184730130021AC
:106810002DE9F341444C2379012B07D02379022B36
:1068200004D040F657412D20F2F7CCFAA26A176A3D
:106830000FB197F87D70A8B90125A37C1BB104F0B6
:10684000ABFB03F015F9002D6BD0A06AF5F792FBB6
:10685000002860D004F0A0F9E36A9B6802B0BDE8AC
:10686000F0411847216802F1690392F8682011F895
:10687000096BF0090BF05DFB0028DDD006F00F0678
:106880002068052E2CD190F8243003F01F03102B24
:1068900026D9D4F8288098F812500DB308230DF1AA
:1068A0000702314640468DF80730FFF705FE002805
:1068B000C3D098F8E930002BBFD1226808F1EA0173
:1068C000D31C233253F8040B934241F8040BF9D143
:1068D0001B8808F1E1000B8014490CF011F8ACE7BB
:1068E00039460BF05BFD0028A6D02379A06A012B66
:1068F00005D02379022B02D04FF4436193E723792B
:106900003146E26A03F180435269013B52F8233079
:106910009847054691E7A06A02B0BDE8F041FFF74D
:1069200015BF02B0BDE8F08130130021153302011C
:10693000F8B504460F4619B300F1300528460DF0AE
:10694000D5F8A0B963881A072ED528460DF0E3F8CC
:10695000064628460DF0CAF8301AC0B20DF0E9F824
:10696000474A93680344284693600DF09EF82846F2
:106970000DF0A0F803F0A2FF2179252003F0E6FD39
:106980003F4E002394F8762030680370437063888C
:10699000103B0D2B64D8DFE803F05F635B0C6340B2
:1069A00063636363636363402046BDE8F840FFF7B9
:1069B000CDBE06234370202303702046FFF78CFCD6
:1069C000638823F008039BB2152B05D094F854205C
:1069D000216D30680BF0C4FC306804F0F5F9032336
:1069E00021790020337103F079FF054607B9F06083
:1069F00063881B0704D50DF099F80544C4F82051AD
:106A00006388103B0D2B36D8DFE803F038352F2F85
:106A1000352F353535353535352F0C23212143704C
:106A2000034603F8091B52B1D4F877200121C0F8BE
:106A30000920B4F87B209A800BF088FCBDE7226F18
:106A4000C0F80920B4F874209A8094F86F10F3E726
:106A5000062303704370B0E7022303700623F9E7AF
:106A600040F234612D20F2F7ADF921790120BDE823
:106A7000F84004F0ABBA40F6CA41F3E7F8BD00BFF6
:106A80003013002138B543880446102B04D101216E
:106A9000BDE83840FFF74CBF0B4DAB7C23B102F093
:106AA000CBFF402004F06CFA286804F08DF9608870
:106AB00010F0040002D1217904F088FA002004F0DB
:106AC00021FA01232B7138BD30130021024B012123
:106AD000986AFFF72DBF00BF3013002110B5154C89
:106AE000A37C1BB104F058FA02F0C2FFA06AF5F7CC
:106AF00041FA20B1A06A438803F0180323B9A06AC1
:106B0000BDE81040FFF722BE2379012B07D023797F
:106B1000022B04D040F658312D20F2F753F9237997
:106B2000E26A03F18043D268013BBDE8104052F8AD
:106B30002330184730130021094810B5037903F0BA
:106B4000FF0453B924222146043008F0B3FF04F0B7
:106B500023FA02F08DFF204610BD0C24FBE700BF96
:106B60003013002110B50023084C23712060FFF77B
:106B7000E3FF20B140F2EF212D20F2F723F9E36A81
:106B800013B940F2F221F7E710BD00BF3013002126
:106B9000014B024ADA62704730130021847101010F
:106BA000044B054A1A60054B054A1A60054B064A14
:106BB0001A607047A4060021CD650101A8060021D6
:106BC00095C20001AC060021756E0101F8B5467D45
:106BD0000446B31EDBB2012B8CBF0027012796B3FE
:106BE000023E18BF0126012B2DD800F1700190F84C
:106BF0006F000BF0D8F9054663889B0605D4082D75
:106C00002CD02846FDF7D0FB40BBA577677784F8EA
:106C10006860FDF7B5FC054605F036FE164B002210
:106C2000A5FB033584F876201B18204645EB0105AB
:106C30001146C4E91835FFF7ADFB70B940F27A414F
:106C40002D20F2F7BFF80825D6E704F16901304698
:106C5000FDF738FA0028D8D10020F8BD002EF4D076
:106C6000237F002BF8D0D4F81630C4F86930638B3A
:106C7000A4F86D30C9E700BF40420F002DE9F04F86
:106C800007469BB00C4605460EAE0FCF0FC60FCF82
:106C90000FC697E80F0086E80F0006A86E790CF083
:106CA000EAFEA37A61780293237801F07F080393C8
:106CB000237D013BDBB2022B00F288806C4AC906BF
:106CC00013441F7D06D4A37D013BDBB2022B7DD88C
:106CD00013441E7D637E03F0FD03012B02D1042FBC
:106CE00008BF0327A37E03F0FD03012B02D1042E6E
:106CF00008BF0326617A06A80CF0C4FE237D227F1C
:106D000006A8022B02F101020CBF617D0121D2B263
:106D100004BF0131C9B20CF0B7FE18F0080F6CD1F6
:106D200006A80CF0F8FE63788246DA0653D4F3F72F
:106D30000DF9814639465046FFF75CFA01230146BA
:106D400032464846CDF800800CF0F3FA40F271214B
:106D5000227900F53970E378B0FBF1F043EA0223C1
:106D60006279484343EA02434B43984238D84FF094
:106D7000000B94F818A00593A37CE86C04930AF127
:106D8000FF33D3F1000A4AEB030A09F0DAFC81462B
:106D9000E86C09F0E6FC059B484538BF48460DF114
:106DA000180980B260B308A9CDF82090ADF824800E
:106DB0008DF830708DF83160CDE90A3B0CF0E9FBBD
:106DC000059BE8B945201BB0BDE8F08F40F25F316C
:106DD0000620F1F7F7FF2822414600F0DFF9B5E77A
:106DE000E379A27942EA0322237A42EA034201FBD1
:106DF00002F3984298BF0346B9E700239B46B8E7E1
:106E0000CDE9103B049B039A8DF84C308DF83C7013
:106E10000EAF029B8DF83D602E468DF848A08DF890
:106E20004D308DF83820ADF83A800FCF0FC60FCF18
:106E30000FC697E80F0086E80F0099E80300286363
:106E40000020A986E37A13F0FD0F14BF012300236D
:106E500085F86F30E3682B67238AA5F8743095F8BE
:106E60004630E27D62F3071385F84630ABE700BF9A
:106E700074FB02012DE9FF4108230DF107020521F2
:106E800004468DF80730FFF717FB002875D0FBF795
:106E90008FFA002871D13B4D206AFFF7CDF92B689E
:106EA000D3F81F0093F8232002908DF80C20226A5B
:106EB000D3F80310C2F80310B3F80710A2F80710B4
:106EC0001B78206AC3F3801383702F4B1B6813B1A8
:106ED000012221469847276A0E232868082697F83A
:106EE00002800021437006700BF069FB00224FF016
:106EF000030128680BF06AFB2046FFF737FA41468A
:106F000028680BF023FA06230122F91C28680BF0ED
:106F100030FB6179FF2003F019FB286803F054FF70
:106F2000276A204639460CF037FD0DEB0603014673
:106F300094F9132038460CF07DFB216A00239DF85C
:106F40000720204684F895300B88A4F89630FF235C
:106F500084F8B3304FF6FF73A4F8B4300CF093FB11
:106F6000236A1A882E71A4F8CD2093F8963084F8FD
:106F7000CF30012004B0BDE8F0812046FFF7E6FBEA
:106F8000F7E700BF30130021A80600212DE9FF41DB
:106F9000594E0446327902F0FF0312B90278FF2AF3
:106FA00004D140F6B7112D20F1F70CFF3382B36006
:106FB0007371B37180F88930504B684604F1300525
:106FC00000934F4B01934F4B0293F36A5B6803931B
:106FD00003F0E4FE03F02CFB03F0DEFF02F048FDBB
:106FE000494803F061FC494803F0D2FE28460CF002
:106FF0005CFD28460CF05EFD03F060FC2179252045
:1070000003F0A4FA94F9130003F048FC04F15001D2
:10701000E06C09F025FB074604F15801E06C09F02B
:1070200046FB8046002F3BD094F82430002B37D00D
:10703000B4F94850ED43ED0F637F13B963885B07E4
:1070400009D56FF00043D4E918129A4208BFB1F194
:10705000FF3F2FD1B5BB002F08BF474694F88B30B8
:1070600003B9AFB1638813F0100511D1606CC0F3A0
:107070000B200CF09CFC94F8463084F84500C0F3DB
:10708000032023F00F03184384F8460084F88B5044
:1070900030680330FDF7C0FAB07404B0BDE8F08189
:1070A000B8F1000F04D094F82550002DC0D1C3E7EB
:1070B0004546C1E705F0E8FBD4E91823904271EB9F
:1070C0000303C7D3012229462046FFF763F968B1BD
:1070D000FDF756FA054605F0D7FB0D4BA5FB03352A
:1070E0001B1845EB0105C4E91835B4E7002DB2D0F3
:1070F00040F6F41157E700BF30130021DD6A0101AB
:1071000011680101ED670101D6BE898E5555550004
:1071100040420F00024B9862DB6A1B68184700BFB1
:107120003013002143881A0710B504460ED5036AB0
:107130003C220F498C3042721B884381FF2380F828
:1071400027304FF6FF7303850BF0DAFB6388204688
:10715000DB0747BF236A3C223C224FF6FF7148BF42
:107160001988FFF78BF9FF2384F8893010BD00BF21
:10717000E3350201A1370201856A0101A737020147
:10718000D5660101C1390201C1670101CD6A010162
:1071900074710101787101018071010101380228C7
:1071A00008B503D9C3212F20F1F70CFE13290A4B90
:1071B00005D811290CD8102907D0D121F3E71529BA
:1071C000FBD103EB4003D88801E033F8100008BD81
:1071D00003EB40039889FAE78CFB0201F8B52F4BCB
:1071E00040281A8842EA00021A8005D104219868D2
:1071F000BDE8F840F4F77ABF802801D10521F6E711
:1072000000F00302032A04D140F696213120F1F761
:10721000D9FD10F0020418BFD960C50705D5CA789A
:107220001961062A0DD00B2A18D02CB1DA68D27851
:10723000052A1FD00B2A2AD0820644BF08221A75BD
:10724000F8BD9A6892F88F101929EED10026002710
:107250000121C2E93A6782F89310E6E79A6892F84A
:107260008F10132901BF002182F89310012182F8A9
:10727000D010DAE79A6892F88F101729DCD1002431
:1072800000250121C2E93C4582F89410D4E79A68B0
:1072900092F88F101229CFD10021F5E76013002159
:1072A00013B5044601A8FCF795FE20B940F6870106
:1072B0003120F1F787FD32220021019808F0FAFB16
:1072C000032101980BF06FFA01982146037823F00F
:1072D00010030370FDF724FC224601990548FEF7D0
:1072E0006DF8FCF78DFE10B940F69101E0E702B0B1
:1072F00010BD00BF641300212DE9F0412B4CA368A1
:1073000093F89A7293F89B62002F48D193F87450C7
:10731000002E46D193F8758083F8745083F87580F9
:10732000FF2283F87620224B1B6813B12946A06800
:107330009847204B1B681BB12A4641461E48984778
:10734000A36893F82C31012B02D057EA060303D02F
:1073500000211948FCF7F6FCA0683C300BF010FB4C
:107360000546A06800F24B11FDF75EFEA0680621FD
:10737000F4F7BCFEA0683C300BF002FB85420446EB
:1073800011D205F093FA0146601B402838BF402017
:1073900007F0DEFCB0FA80F04009BDE8F0813D4620
:1073A000B6E7B046B8E70120F7E700BF6013002159
:1073B000C0060021F80600216413002108B50C4B1B
:1073C0009B6893F81621FE2A04D040F696013120DE
:1073D000F1F7F8FC83F8160111B9A3F8CC1008BD39
:1073E0000022A3F8C620012283F8CA20F7E700BFD5
:1073F000601300210D4A117D99B940B99068B0F829
:107400006410B0F8482091420BD8F4F7CBBD138834
:107410001B0708D5936893F89000083818BF01201F
:107420007047002070470120704700BF60130021A3
:10743000164BDB6810B51979436893F88E200A2A39
:1074400009D193F811218A4205D1002283F88E20B8
:1074500083F8CA2010BDD3F8802012F0080407D0AA
:1074600022F00802BDE81040C3F880200BF0EABB10
:10747000FF2905D1342283F88C4283F88E20E9E776
:1074800040F242513120F1F79DFC00BF6013002112
:10749000002908BF1F21262810B514D80D2816D999
:1074A000A0F10E03182B12D8DFE803F0131111110D
:1074B00013111311181311111111113B1111411155
:1074C000113434344B003B2849D03E2841D00020B1
:1074D00010BD0021BDE810400CF078BB214CA36822
:1074E00093F88E20222A09D1201DFCF72BFCA368DB
:1074F000002283F88E2083F8CA20E8E72F2AE6D1FD
:1075000093F88F30A3F12102062AF0D92F2BEED069
:107510002A21E9E7144B1B68002BD8D0BDE81040A6
:107520001847124B1B68002BD1D01D20F6E7104BDB
:107530001B68002BCBD00A460E482021BDE8104026
:1075400018470D4B1B68002BC1D00A48BDE81040FE
:1075500018470A4B1B68002BB9D01046F6E7084BBA
:10756000F8E700BF60130021B8060021C80600211B
:10757000D006002164130021DC060021E80600216A
:1075800004070021134B02460979986890F88E3061
:10759000222B13D02F2B11D0292B11D0042B11D03B
:1075A000102B11D01E2B11D090F88F0024280FD053
:1075B000302B14BFFE202620FFF76ABF1620FBE702
:1075C0002320F9E70E20F7E71220F5E71420F3E770
:1075D0001720F1E76013002170B50B790446466867
:1075E0000A46262B96F88E505FD015D81D2B0FD843
:1075F0000D2B0FD9A3F10E010F290BD8DFE801F0F5
:107600001F0A0A0A1F0A1F0A261F0A0A0A0A0A4C28
:10761000232B39D0002070BD3E2B4CD005D82B2B0E
:107620004BD03B2BF6D1264B40E0FF2BF2D1254B24
:107630009B69002BEED0012386F88E32EAE72246C2
:1076400001211846BDE870400CF0C0BA222D01D0CF
:107650002F2DDFD120460BF0DCFA636893F88F20E2
:10766000232AD7D093F8E1201A21204622F00102E4
:1076700083F8E120626892F8E13023F0080382F891
:10768000E130FCF75FFBC5E7292DC3D10E4B1B682A
:10769000002BBFD09847BDE7332DBBD10B4B1B68E8
:1076A000002BB7D011462046F4E7094B1B68002B8E
:1076B000B0D09847AEE7074BF8E7074BF6E700BFB7
:1076C0000807002160130021BC060021CC06002120
:1076D000E0060021EC060021F4060021F7B505467E
:1076E000944C002840F0E28023881F074FD5A26801
:1076F00092F816312A2B17D00DD81C2B14D0222B20
:1077000019D0A36893F81621FE2A21D140F2BE5168
:107710003120F1F757FB3C2BF3D1874B1B68002B33
:10772000EFD0201D9847ECE7002382F835318348DD
:107730000BF06FFAE5E782F83601814B1B68002BEE
:10774000F5D0A06800F59B7100F58E709847EEE7C4
:10775000FE2283F8162193F88F201B2A08D10026D9
:10776000764883F8CF600BF06DFAA36883F88F60DA
:10777000A36893F88E20212A2BD0342A37D093F88F
:107780009020082A02BF0222227783F8162123883C
:10779000DE075FD5A368276993F88F30123B0B2B68
:1077A0000DD8FB78023BDBB2092B00F2BF8001222F
:1077B00002FA03F340F23332134200F0B780384646
:1077C000FDF794F9FE78D8B931465C480BF066FABB
:1077D0008EE093F88F20A2F12101062901D92F2AEA
:1077E00003D12F2283F88E20C9E72222FAE7012253
:1077F00083F88D22002283F88E2083F8CA20BEE70A
:10780000012E01D9162E0FD1A36893F88E000BF02C
:1078100032FA48B1A36893F88E20212A04D0222A94
:1078200040D12F2283F88E20112E65D058D8072EF4
:1078300064D00D2E64D03046FDF7B0FF034600281B
:1078400053D1FF2E5ED1A369002B5BD0A368012228
:1078500083F88E222388580706D5A26892F89020D4
:10786000072A04BF0122227799070FD5E368DE7843
:107870000D2E49D0112E49D0072E49D03046FDF7A4
:10788000B1FF0346002845D02C4898472388DA06E4
:107890000CD5A36893F88F200B2A07D10C2283F80C
:1078A0008F2003E0162E0CBF20250225237D1B0709
:1078B00013D5A36893F88F30123B0B2B38D90026D1
:1078C00001A903200196F3F709F9019B2BB11E7260
:1078D0000C22A1680198FDF735FB284603B0F0BDE6
:1078E000142EA8D1174B1B6863B121691348984720
:1078F0000028AFD00546D9E7134BF6E7134BF4E762
:10790000134BF2E7F97860E7124BBDE7124BBBE788
:10791000124BB9E7FF2E06D1A268342182F88C02FF
:1079200082F88E10B2E740F2B251F1E60825BDE7C9
:107930000825D2E760130021FC0600216413002112
:10794000D8060021B4060021693C0201D975010165
:10795000857501013B3B0201593B02013174010174
:10796000024B002098611862704700BF601300212D
:1079700008B50022044B9A611A62FDF78FFCBDE83E
:107980000840FDF7F3BF00BF60130021024B986968
:10799000003818BF01207047601300212DE9F0471F
:1079A000814C0E4686B00746B4F80080A16818F4F2
:1079B000007F01F180050CBFB1F8C02000232846EC
:1079C0000DBF0132A1F8C03081F8D731A1F8C02035
:1079D0000CF0DAF828B1434601F5A1722846FEF70B
:1079E0005BF9238803F4C06343B1A06890F8923038
:1079F000002B00F0AF80032B00F0B280A168238839
:107A000091F89220012A04D11D0544BF022281F879
:107A10009220002F40F06B81580657BFB1F8F0213B
:107A20003A46013292B2A1F8F02103F00A020A2A82
:107A30000DD1E268D278022A09D123F0080330463A
:107A40002380FFF74BFE06430823F6B2238030461F
:107A5000FFF744FEA3690643F6B2002B5FD0142261
:107A6000002101A808F026F8A36893F8750003F038
:107A70007BFDA368054693F8750003F06DFD05F5E1
:107A8000FA754FF47A71A268B5FBF1F513880544D5
:107A900041F27070ADF80430B2F88830ADF80A5099
:107AA000ADF80830D369A3F57A75854295BFB3FB6D
:107AB000F1F340F2E24103F55063B3FBF1F39BB203
:107AC000ADF8063092F88E3233B12069C31C0493AE
:107AD0000AF067FE8DF81400A26801A89DF80C302A
:107AE00092F88D2262F300038DF80C30A369984759
:107AF000A3680022049983F88E2283F88D2271B145
:107B000093F88C225AB993F88E20342A07D09DF826
:107B1000142022B10878FF2827D11B2A2CD9A3686A
:107B200093F81621FE2A4FD1002E4DD193F89020C4
:107B3000073A012A48D993F820312BB3A3680121D1
:107B4000022093F82121A3F8C46083F81821FFF7DD
:107B500035FC39E0012180F89210F4F7C7FA4DE7BF
:107B60000223012180F89230F7E70728D7D1022AB3
:107B7000D5D14878FF28D2D10120C3F8901283F8DC
:107B80008F2283F88C02CAE7A06890F88F30A3F1A7
:107B90001105EDB20C2D40F27081D0F88030DA077B
:107BA00004D531460920D2E760130021990740F13E
:107BB000FD8031460C20FFF701FCA26892F8D1301D
:107BC00043F0010382F8D130A568B5F8D03195F8BB
:107BD000D4810133A5F8D031B8F1000F00F0E6826E
:107BE000F2F76EFF10B10023A5F8D031A368188812
:107BF0000CF0E8F9A168824691F89230B1F8328031
:107C0000012B40F2188391F89030082B40F0E68267
:107C1000B1F8C030022B40F20E83B1F8C2500135EA
:107C2000ADB2B1F88830DFF898922B44A1F8C83192
:107C3000D9F80030002B00F00283B8F1010F40F2B8
:107C4000FE82F2F733FF0246A068D9F80090B0F840
:107C50008810C84700F101091FFA89F9A36893F851
:107C6000D521002A3DD1012D3BD993F88F200AB1AF
:107C70000C2A36D193F88E209ABB93F8902082BBC1
:107C800093F89220022A2CD193F8D7214ABB586945
:107C900008F00FFB28B3A36893F81621FE2A20D121
:107CA000B3F8CA21012A1CD9B3F8D0119A8C914299
:107CB00017D2BAF1000F02D0BAF80E0088B9013D10
:107CC000521AADB292B2B5FBF8F5954228BF1546EF
:107CD00005FB0899003D1FFA89F918BF012583F8B3
:107CE000D251A368B3F888008144A3F8CC912288CC
:107CF000A368550657BFB3F8DC210022B3F8CE11B4
:107D00005218A3F8DC2193F820312BB9A36893F81B
:107D10009030073B012B07D8A368B3F8C420B3F811
:107D2000CE110A44A3F8C420A36893F8CA0030B166
:107D3000B3F8C620B3F8CE110A44A3F8C62093F9CD
:107D4000CE100029C1BFB3F8CC20B3F8CE515219E0
:107D5000A3F8CC2093F8B1205AB9002F40F0B98293
:107D6000227F022A40F06E8293F81821062A18BF5B
:107D70001622A36893F8B0302BB9A368514883F852
:107D8000B120FDF78DFDA0680BF0B2FF4E4B1B68D4
:107D90001BB14E4AA06811689847A368002283F877
:107DA000D32106B0BDE8F047FCF750B95A0702D519
:107DB00031461320CBE6190706D590F8103131462D
:107DC00080F818310720C2E61A0602D500211B20D0
:107DD000BDE613F030023FD090F82331002B40F085
:107DE0007E82A36893F82231F3B1A06890F88F30B7
:107DF00000F5917100F29A22262B2BD090F88E304C
:107E0000A3F1260CDCF1000343EB0C030AF0C1FDE7
:107E1000A268D2F8803023F0200343F01003C2F8A8
:107E20008030002382F82231A068D0F88030DA0652
:107E300040F1558200F24B11FDF7F6F8A3680021DE
:107E40001520B3F85E20A3F81821B3F86220A3F838
:107E50001A217CE60123D9E713F0400102D0114634
:107E6000242074E613F4807201D01E206FE6DB0438
:107E700040F1358211462C2069E6123B0B2B5AD873
:107E8000DFE803F00659595909115959595959440C
:107E900000210B205BE6FDF777FD00283FF494AE50
:107EA0000021042053E690F88832012B10D10021E4
:107EB0000520FFF783FAA368002283F8882283E66F
:107EC000E406002164130021D406002138000021BB
:107ED000A36893F88832022BD8B27FF475AEA368FA
:107EE000062293F8D0501DB1002183F81821E0E755
:107EF000A54803210AF0B9FEA368294693F8E030AB
:107F000013F0040F14BF11200D20D2E7002106202A
:107F10001DE6002111201AE692F82C31022B02D125
:107F20000021172013E692F82C31012B03D192F88F
:107F30002D31002BF4D0A36893F88E206AB993F802
:107F40008F20113A0C2A40F2E08193F8BE20002ADB
:107F500000F0DB8101211220F9E50A2A40F0E681D8
:107F600093F81121012183F818212BE7A36893F8D6
:107F700032319BB1A36893F8D13013F003050DD1D2
:107F800001210C20FFF71AFAA36893F8D12042F0E0
:107F9000010283F8D12083F8325190E7A36893F867
:107FA00034317BB1A36893F8E730DB0902D00121BB
:107FB0002B20CCE5754B1B68002B00F0928072489B
:107FC00098478EE0A36893F8223143B3A36893F8EF
:107FD000233123BBA06890F88F3000F5917100F237
:107FE0009A22262B19D090F88E30A3F126056B42E9
:107FF0006B410AF0CEFCA368002283F82221012104
:108000001420FFF7DBF9A368B3F85E20A3F818216A
:10801000B3F86220A3F81A21D6E50123E9E7A368A3
:1080200093F82C21012A74D193F82D31002B70D1B3
:10803000A06890F88F20A2F12103062B69D92F2A7E
:1080400067D090F874104B1EDBB2032B09D890F860
:108050007550DFF83CE1013D1EF803C0EDB2032D81
:1080600004D940F249310620F0F7ACFEBCF1020F12
:1080700090F82E3114D0BCF1030F13D0BCF1010FD6
:1080800004D1012B14BF002301236BB9A2F14403D7
:10809000012B26D90B3A042A23D90121162056E5B3
:1080A000022BEFE7042BEDE71EF8055090F82F3177
:1080B000022D24D0032D24D0012DE7D1012B14BF94
:1080C00000230123002BE1D0B0F8883000F52672A0
:1080D000B0F8300109F0B8FD0146A8B92A48FBF70D
:1080E00031FEA36893F88E20002A7FF46DAD93F8DB
:1080F0008C32002B3FF468AD0121FF2027E5022BD5
:10810000DDE7042BC2D1DFE7A368282283F88E20A5
:108110005AE5A36893F8363113B10121222016E500
:10812000A36893F835313BB11A4B1B681648984742
:10813000FE28D6D001210AE5A36893F83E3113B199
:1081400001211D2003E5A36893F83F3113B10121FC
:108150002620FCE4A36893F8943213B101213E2059
:10816000F5E4A36893F84031DBB1A36810211888C7
:10817000F1F7B6FD43689B0710D5074B02481B6813
:10818000984701213B20E2E464130021F40600211A
:10819000AAFB0201B006002100070021654B1B6805
:1081A0000DE7654B1B68002BC0D19AE7F2F778FC0E
:1081B00008B1A5F8D081F2F78BFC00283FF416AD8A
:1081C00095F8D7310133DBB2022B85F8D73182BF66
:1081D0000023A5F8D03185F8D73107E591F8BE30F6
:1081E0001BB191F88E30102B25D1B1F8C25001F19E
:1081F0008000B1F8C0304FEA88090135ED1AA5EBCF
:1082000088050BF0C1FCC0B1D1F8B820D1F8B4009A
:10821000531C1B1AA3EB09039D42A8BF1D46BAF1CC
:10822000000F05D0BAF80E30043B9D42B8BF1D4682
:10823000012D3FF7F5AC0125F3E42B46ECE74FF0B9
:1082400001090BE5012A09D193F89120002A7FF456
:1082500090AD0021A068F3F749FF97E55EB1F00605
:1082600035D4310735D4B20635D4B30735D140F60D
:1082700018213120F8E638B1B3F8C600B3F8C820A9
:10828000904201D3222274E5002905DDB3F8CC1019
:10829000B3F8C8209142F5D2B3F8C410B3F8C220A5
:1082A00091420BD2A36893F89210B3F8C02051B159
:1082B000B3F8C2309342CCD808225AE593F8203163
:1082C000002BDFD1EEE7052AC3D93E2251E51E225D
:1082D0004FE53D224DE523224BE52A2249E5A268E0
:1082E00092F88F30322B3FF414AE08D8232B3FF492
:1082F00013AE2B2B7FF41FAE0021202027E44B2B45
:108300007FF419AE00213C2021E40C2D7FF65CACFB
:1083100093F83331002B3FF429AE01210E20FFF7F3
:108320004DF8A368002283F83321C8E50C2D3FF6F1
:10833000D8AE49E408070021C406002173B56A4D90
:1083400000240126A8602E712C802C752C77FF2329
:1083500080F8D331AB681888FBF736FEAB68188815
:10836000FBF75EFEAB68B3F8CA21EAB193F81621B9
:10837000FE2A19D193F82031B3B1AB6893F890205D
:10838000073AB24210D993F821210220A3F8C44041
:10839000314683F81821FFF711F8AB68022083F803
:1083A000D241FEF77DFF04E0AB6893F81601FE288A
:1083B000F7D1AC68B4F8CE1104F18000638E0139B6
:1083C000B4F8D02189B2B1FBF3F31344A4F8D0314F
:1083D000B4F8C0300B44A4F8C0300BF0D5FB20B18A
:1083E000D4F8B4300B44C4F8B430B4F8CA31002621
:1083F000012B9CBF0133A4F8CA3109B184F8D761BD
:1084000094F88F3084F8D261A3F10B02012A1FD8AF
:10841000B4F88830B4F898229B1A190432D404F2C4
:108420009A2104F1960009F0CBFEAB6883F88F60C7
:10843000FF2283F8CB20A968B1F8CE2101F180009A
:1084400009F005FFA0B340F6A3113120F0F7BAFC04
:10845000262B17D1B4F89822B4F888309B1A1A0446
:1084600010D484F88F60FEF747FFAB68014630B93F
:1084700083F82C0102B0BDE87040FFF78FBA83F893
:108480002C61D8E794F88E30262B01D0282BD2D13E
:10849000B4F88830B4F898229B1A1B04CBD400237C
:1084A00084F88E30FEF728FF01460028C3D1E1E7AB
:1084B0000E4B0F4900930F4A0F4B03C9F2F73CF9DB
:1084C000296A19B195F8240002F040FDAB6893F8D1
:1084D0008F30123B0B2B04D802B0BDE87040F2F78E
:1084E00023B902B070BD00BF601300219D79010166
:1084F00064130021DD710101F5730101D0F8A03290
:10850000C269934273B5044612D1D0F8A462426A9C
:10851000B61A18BF012694F8AC52002D42D020881C
:108520000BF050FD30B94FF444613120F0F74AFCB4
:108530000126F0E7B4F8A822638E9A421CD1B4F861
:10854000AA3282899B1A18BF012394F88E50442DB9
:1085500016D094F88F20442A10D0002502212046FE
:10856000FCF7AAF9002D44D0002384F88E300323B1
:1085700084F8923002B070BD0123E6E73343ECD0BB
:108580001D4B1B6813B940F64B41CEE7A5F14402E1
:108590000021684601945542554101228DF8002082
:1085A0009847DBE7002ED8D02288A3F57A7104F52E
:1085B000CB70A4F8A02141F2707291420F4995BF8F
:1085C0004FF47A7240F2E242B3FBF2F3B3FBF2F300
:1085D00098BF03F550639BB2A4F8A231B4F8A4325B
:1085E000A4F8A431B4F8A632A4F8A6310AF091F99F
:1085F000B4E784F88F50BAE7F00600217B2D020122
:10860000154B5B6893F8CA0028B1B3F8C610B3F8ED
:10861000C82091421ED293F9CE202AB1B3F8CC10D3
:10862000B3F8C820914214D2B3F8C220B3F8C410F2
:1086300091420ED2B3F8C00093F8923023B90528C6
:1086400094BF00200120704782428CBF002001208F
:1086500070470120704700BF88130021194B1B2869
:108660005B6883F8160116D8174AC240D10728D490
:10867000112806D193F8182152B10022A3F8C62080
:10868000704707281DD009281BD0152803D10022C8
:10869000A3F8CC207047A0F11E02D2B21E2A02D944
:1086A0003F280CD17047094921FA02F2D20708D4B9
:1086B0000022A3F8C620012283F8CA2001E0022884
:1086C000F6D8704788130021001008094142004085
:1086D000C378012B07D1124B5B68B3F806324372A3
:1086E0001B0A837270473BB90D4B5B68B3F80C32C1
:1086F00043731B0A837370473F2B07D1084B5B689A
:10870000B3F80C3203721B0A43727047182B06D160
:10871000034B5B68B3F8083283711B0AC37170475F
:108720008813002170B5244D6B6893F80A420CB988
:1087300093F8744093F80B620EB993F8756083F860
:10874000744083F87560FF2283F876201B4B1B680A
:1087500013B1214668689847194B1B681BB1224624
:1087600031461548984700211348FBF7EBFA686833
:108770003C300AF005F90646686800F24B11FCF738
:1087800053FC04216868F9F727FC68683C300AF05C
:10879000F7F8864204460CD204F088F80146A01B84
:1087A000402838BF402006F0D3FAB0FA80F04009E4
:1087B00070BD0120FCE700BF8813002118070021CD
:1087C0005007002137B590F88E200446A2F14403EB
:1087D000012B1BD990F88F30443B012B8CBF002319
:1087E00001230E3A012A00D9ABB3B4F88820B4F8BB
:1087F0000C12013292B291422DD194F8202262B330
:1088000033B940F233213620F0F7DCFA0123E8E7F0
:10881000294B1B6813B94FF40D71F4E7002168462A
:1088200001948DF800109847002584F82152022108
:108830002046FCF795F803212046F9F7CDFB94F884
:108840008E30A3F14402012A02D90E3B012B2AD813
:10885000002384F88E3003B030BD238841F270725B
:1088600004F5CB70A4F8A031D4F81432A3F57A71D2
:108870009142124995BF4FF47A7240F2E242B3FB43
:10888000F2F3B3FBF2F398BF03F550639BB2A4F885
:10889000A231D4F81832C4F8A431002384F89F31EF
:1088A0000AF037F8C0E794F88F30443B012B98BFAB
:1088B00084F88F50CFE700BF440700217B2D0201D1
:1088C0000E4B0246187AA0B9012A08D15B68B3F8AA
:1088D0006420B3F848309A420ED8F9F76DBB5A8934
:1088E000520708D55B6893F89000073818BF01203D
:1088F0007047002070470120704700BF8813002197
:108900003A4A034608465189194370B5518103F02C
:108910000301032904D140F67A213620F0F752FAF8
:1089200013F0020118BFD060DC0748BF106121B10D
:10893000C178062921D00B292CD0990644BF0821E3
:108940001172DB0550D55368C17893F87E40B3F8B7
:1089500088209D8C2CB3DE694AF6C874B4FBF6F40B
:108960002C445D8E012904FB052292B21BD1A3F891
:108970000622BDE87040FFF7ABBE516891F88E400B
:108980001A2CDAD100240025C1E93C45012481F8E4
:108990009440D2E7516891F88E40142CCDD1002438
:1089A000F5E70624DCE709B13F2902D1A3F80C2240
:1089B000DFE71829DDD1B3F80A1299B193F80A421A
:1089C000E11E01290BD893F87410CD1E012D06D895
:1089D0008C4204D093F80B12002908BF0022A3F8A0
:1089E0000822C6E70A46FAE770BD00BF88130021D7
:1089F00010B50B7902464468232B94F88E1010D8DA
:108A0000112B14D9A3F11200112810D8DFE800F0BF
:108A1000110F110F110F0F0F0F0F0F200F240F0F3A
:108A20000F173B2B27D03F2B1ED02B2B21D0002004
:108A300010BD01211846BDE810400BF0C0B929292E
:108A4000F5D10E4B1B68002BF1D010469847EEE78E
:108A50003329ECD10A4BF5E72D29E8D1094B1B68E6
:108A6000002BE4D02046F1E7074B1B68002BEDD12B
:108A7000DDE7064BF9E7064BF7E700BF14070021D7
:108A8000240700212C070021480700214C07002162
:108A900060070021002908BF1F21252870B535D89F
:108AA000112803D803283ED0002435E0A0F112039A
:108AB000132BF9D801A454F823F000BF1D8B01013A
:108AC000A98A01011D8B0101A98A01011D8B0101E8
:108AD000A98A0101A98A0101A98A0101A98A0101C2
:108AE000A98A0101A98A0101938B0101A98A0101C7
:108AF0009F8B0101A98A0101A98A0101A98A0101AB
:108B0000838B0101838B0101838B01013B2852D0B0
:108B1000FE2814BF00240224204670BD0021BDE8B9
:108B200070400BF04CB9294D6B6893F88E20182AD1
:108B300001D0152A48D193F8D020002A44D183F8D7
:108B4000CF2083F8CA2093F8B03103F0FF0423B19B
:108B500040F2D3313620F0F735F96B681A8883F884
:108B6000B111A3F8B22183F8B44183F85242686886
:108B7000174900F5D47009F0C3FE6B6883F88E4086
:108B8000CAE7144B1C68002CC6D02346BDE87040D1
:108B90001847114B1C68002CBED01D20F5E70F4B69
:108BA0001C68002CB8D0094B0A461F215868234680
:108BB000BDE8704018470A4B1C68002CACD0234617
:108BC0001046BDE8704018470224A5E7881300212D
:108BD000892E02011007002120070021280700210B
:108BE0005C0700210E4B024609795B6893F88E30D2
:108BF000A3F111000C280BD9292B0BD01E2B0BD065
:108C0000052B0BD0212B14BFFE201620FFF742BFEF
:108C10000320FBE72320F9E71420F7E71220F5E70C
:108C2000881300212DE9F341A14C0E460746B4F804
:108C30000A80616818F4007F01F180050CBFB1F86B
:108C4000C020002328460ABF0132A1F8C030A1F895
:108C5000C0200AF0AAFF28B1434601F5A1722846B8
:108C6000FDF71AF8638903F4C06343B1606890F8B4
:108C7000923023B9012180F89210F9F7ADF9002F55
:108C800040F0F881002E40F0F58163895D0708D53A
:108C9000626892F89010072902BF012182F8906063
:108CA0002175980711D5E368D87807280AD01128CC
:108CB00025D0FCF785FD034628B940F2C251362085
:108CC000F0F780F87B4B7A4898476389190740F1A1
:108CD000C980606890F816312A2B37D81B2B10D822
:108CE000012B5CD0032B6ED0002B46D0636893F829
:108CF0001621FE2A40F09A8040F2CE51DFE76E4BFB
:108D0000E1E71C3B0E2BF1D801A252F823F000BF83
:108D1000DF8D0101ED8C0101ED8C0101ED8C010174
:108D2000ED8C0101ED8D0101FB8D0101ED8C010147
:108D3000ED8C0101ED8C0101ED8C01011B8E010117
:108D4000ED8C0101ED8C0101DF8D01013C2B6BD01D
:108D50003F2BCBD1B0F88830B0F80C229B1A1B0403
:108D600002D4002380F82132636893F88E20442ACD
:108D70000DD1002283F8CA20B8E7B0F88820B0F8F7
:108D80000C12521A1204B1D480F82132AEE793F8D3
:108D90008F30442BAAD1464809F054FFA6E7B0F81B
:108DA0008830B0F806229B1A1D049FD4D0F8002208
:108DB000137813B940F2892181E7013B1370002336
:108DC00080F88E3092E790F88E30152B8ED003F01D
:108DD000FD03182B8AD0002380F85232D6E70023F7
:108DE00080F83531626882F8CA307FE7334B1B6800
:108DF000002B3FF47BAF984778E7002380F83631AB
:108E00002F4B1B682BB1606800F59B7100F58E70CD
:108E10009847274809F0FDFE68E72A4B1B68002B9E
:108E20003FF464AF2248E6E7274BF7E7FE2283F8DA
:108E3000162193F88E20262A38D02DD80C2A2FD030
:108E40000E2A31D093F88F20442A04BF452283F89C
:108E50008F2093F89020082A01BF02222275002259
:108E600083F890206389D80749D56368256993F80A
:108E70008E1093F8D0000AF08FFF38B3EB78023BE6
:108E80000F2B77D8DFE803F022762222227676763F
:108E90007622762276767622442AD3D1452200E0C5
:108EA0000D2283F88E20CDE70F22FAE72722F8E77C
:108EB000881300217F3D0201633D0201300700213C
:108EC0003407002138070021540700212846FBF70A
:108ED0000DFE20B92946B74809F0F3FE0EE0E87808
:108EE0000D2841D0112841D0072841D0FCF744FC7F
:108EF00003460028EED02946AE4898470646237A16
:108F0000190715D5636893F88E1093F8D0000AF00E
:108F100043FF054680BB009069460320F1F7DEFD64
:108F2000009B2BB11D720C2261680098FCF70AF8B7
:108F30006068FFF747FC636893F81621FE2A40F04B
:108F4000998093F89020073A012A40F2938093F891
:108F5000203103F0FF058BB1636800220220A3F8E3
:108F6000C420FFF77BFB85E0934BC4E7934BC2E73C
:108F7000934BC0E70826C2E70826D9E7606890F857
:108F80008E2022B990F8BE1061B11220E9E7252A9F
:108F900000F0A38057D8142A5DD050D8032A62D09D
:108FA000132A5AD0113A0C2A64D990F88F20332A08
:108FB00000F2EC801E2A00F2A680013AD1B2052907
:108FC00040F2D280636893F81621FE2A52D193F8BA
:108FD0008E20002A40F0988293F82132002B00F076
:108FE0008A81636893F82022002A40F07F816368B9
:108FF00093F88F0009F03FFE8046002840F07B8107
:10900000636893F88F20312A00F0758193F820224D
:1090100092B110211888F0F763FE456815F40075C9
:1090200000F07781636844223F2083F88E2001227C
:10903000A3F8C68083F8CA20FFF710FB64E21A2A5F
:10904000B0D106208DE7312A5BD0322A4FD02E2AAC
:10905000A8D1212085E70B2083E7D0F82422C0F88F
:10906000082103207DE790F8112180F818210722BC
:1090700080F81621656895F8203123B995F890306D
:10908000073B012B04D8B5F8C4300133A5F8C43030
:1090900095F8CA1021B1B5F8C6300133A5F8C6302D
:1090A00095F9CE2022B1B5F8CC300133A5F8CC30FB
:1090B000002F40F06083237D022B00F05883012BAA
:1090C00040F0FB82636893F89130002B40F00A83F4
:1090D00000216068F8F780FF55E300F5027008F0A2
:1090E000D0FDFFF7BBFA6368A3F8C650C2E70122C0
:1090F00080F818211120FFF7B1FA636883F88E50C9
:10910000B8E727202DE71F3A142A3FF65BAF01A3EB
:1091100053F822F0F5910101F5910101C58F01018C
:10912000C58F010177920101C58F0101C58F010132
:10913000C58F0101C58F0101C58F0101D1920101C8
:10914000C58F0101C58F0101C58F0101C58F0101C7
:10915000C58F0101C58F0101C58F0101E192010198
:10916000B5920101DD920101052A3FF62BAF01A363
:1091700053F822F0C5910101E3910101A39101018E
:10918000C9920101C58F0101CD920101482A00F069
:10919000A9804B2A00F0A880442A7FF413AF3F2017
:1091A0007CE090F8102180F81821072280F8162121
:1091B00000221CE088130021E58B0101433E0201DF
:1091C000F18901010C22002180F8162190F8D120AC
:1091D000A0F8CC1042F0010280F88F1080F8D12066
:1091E000F0E6132280F816210022A0F8CC2080F8A7
:1091F0008F20E7E690F82331002B7FF4E3AE63681D
:1092000093F82231C3B1606890F88F3000F5917106
:1092100000F20A22262B2CD090F88E30263B012B10
:109220008CBF0023012309F0B4FB6368202283F87C
:109230008F20002283F82221606890F88F30202B45
:109240007FF4C0AE00F24B11FBF7EEFE6368152011
:10925000B3F85E20A3F81821B3F86220A3F81A210E
:10926000FFF7FCF963680022A3F8CC2083F88F2075
:10927000A8E60123D7E790F82C21012A11D190F814
:109280002D3173B96368DA6ED3F82E11894808F06E
:10929000FAFC606800F5027008F0F3FCFFF7DEF9F5
:1092A00090E6636893F82C21022A7FF48BAED3E911
:1092B0001B21EBE7002580F818511120FFF7CEF9AC
:1092C000636883F88F507DE609226FE71B226DE704
:1092D0002420FFF7C3F963680022C7E71E20F8E7E0
:1092E0002720DBE72C20D9E73C20D7E793F834315F
:1092F000002B3FF47CAE636893F85232F3B163689D
:1093000093F89320A2B193F894307BB940F2C561F1
:10931000D5E4694B1B6813B940F2B661CFE41A215A
:1093200064489847636883F82152EDE00A2083E699
:10933000D3F824220320C3F808217DE6636893F85C
:1093400033310BB1082077E6636893F8343103F0CA
:10935000FF016BB1636893F8E730DB0901D02B2084
:109360006AE6564B1B68002B00F0CE80514826E081
:109370006368D3F8542222B31F2293F88F00FBF7BF
:109380000DFFF0B96368D3F8543233B113F8512CA0
:10939000012A05D040F2F56191E440F2F1618EE4DA
:1093A00013F8283C13B140F2F66188E4606890F845
:1093B000E3309A0601D51F203EE6414B1B689847D3
:1093C000A2E0636893F8323183B1626892F8D130D9
:1093D00013F0030140F098800C2043F0010382F861
:1093E000160182F8D13082F832119EE7636893F853
:1093F000223133B3636893F8233113BB606890F86C
:109400008F3000F5917100F20A22262B17D090F8C8
:109410008E30263B012B8CBF0023012309F0B9FAC3
:109420006368002283F8222163681420B3F85E2069
:10943000A3F81821B3F86220A3F81A21FCE5012350
:10944000ECE763681B4D93F82C21012A40F0B280B1
:1094500093F82D31002B40F0AD80636893F88F00B6
:1094600009F009FC002840F0A580606890F87410AD
:109470004B1EDBB2032B09D890F87520DFF844E0CF
:10948000013A1EF803C0D2B2032A03D940F249318F
:10949000062015E4BCF1020F90F82E3114D0BCF177
:1094A000030F7CD0BCF1010F01D1012B12D016208B
:1094B000C2E500BF88130021440700214C070021AA
:1094C0002C070021C5FB0201022B14BF002301233E
:1094D000002BECD01EF8022090F82F31022A60D029
:1094E000032A60D0012AE2D1012BE0D1B0F8883004
:1094F00000F50272B0F8300108F0A6FB0146002822
:1095000053D1A348FAF71EFC636893F81621FE2A8C
:109510007FF4B0AD93F88E20002A7FF4ABAD93F8C2
:109520000432002B3FF4A6AD636893F88F0009F076
:10953000A2FB00287FF49EAD6368B3F888300A2B45
:109540007FF698AD6846FBF7A1FA00283FF492AD8C
:1095500065680522684605F1970106F045FA00287E
:1095600000F0A880D5F80032194611F8012B002A26
:1095700000F099800522684606F036FA00287FF44C
:1095800079AD63680120D3F800221378013313709A
:10959000FFF764F86368002283F804226AE5042B6D
:1095A00093E7022BA1E7042B9FE76B68282283F83F
:1095B0008E20A9E7636893F8353133B1754B1B688A
:1095C00073489847FE289FD036E5636893F83E318C
:1095D0000BB11D2030E5636893F836314BB36368F7
:1095E0000921B3F83801F0F77BFB18B9636883F8F9
:1095F00036019AE690F8F03103F0FF021BB9636878
:1096000083F8362191E690F8C831032B0DD8DFE8B6
:1096100003F00707020A6B6893F83C3180F8F131D8
:109620006B680022ECE7222006E540F28D61FFF72F
:1096300046BB636893F83F319BB1636893F821326E
:109640007BB9636893F8E4305B0608D5524B1B681E
:10965000002B3FF459AF4E4898472720ECE44F4B7E
:1096600080E6636893F84031C3B163683B22002110
:1096700093F88F00FBF792FD80B96368102118887A
:10968000F0F72EFB43689D0705D5454B40481B6806
:1096900098473B20D0E4434B1B6867E6424B1B686E
:1096A000002B8DD130E70098C3F801009DF80430FD
:1096B0000B7166E785F8040270E75EB1F00658D4D6
:1096C000310758D4B20758D1B30658D440F6033105
:1096D000FFF7F5BA09B3B5F8C610B5F8C830994226
:1096E0001BD922232A4885F8B130FCF7D9F800238A
:1096F00002216068A5F88E3085F89230F8F76CFC8E
:10970000636893F81621012A3DD1D3F8002213781B
:10971000BBBB40F63431FFF7D2BA2AB1B5F8CC2042
:10972000B5F8C8309A42DCD8B5F8C420B5F8C230D4
:109730009A420FD2B5F8C420B5F8C8309A42D0D2B8
:1097400095F89220B5F8C03052B9052B7FF6C0AC21
:109750003E23C7E7636893F82031002BC1D1E9E7C6
:10976000B5F8C2209A423FF6B3AC0823BAE71623F5
:10977000B8E71E23B6E73D23B4E72A23B2E7232345
:10978000B0E7013B137002B0BDE8F041FAF75EBCF0
:10979000881300210C0700213C070021400700210D
:1097A00058070021600700211C070021F0B50023A5
:1097B0005A4D85B004462B702E46686000886B8138
:1097C0002B722B75FAF700FC6B681888FAF728FCE7
:1097D000B4F8F2216968013201F1800092B208F018
:1097E00036FD20B14FF4C9713620EFF7EBFA94F84B
:1097F0008F30A4F8F201262B13D1B4F88830B4F8D6
:1098000008229B1A19040CD484F88F00FEF78AFFF3
:10981000B8B9002100240846FFF704FA204605B035
:10982000F0BD94F88E30263B022B0AD8B4F80822FB
:10983000B4F888309B1A1A0403D4002384F88E30BD
:10984000E4E794F88E300C3B012B20D8B4F8883034
:10985000B4F806229B1A1B0419D4D4F8001204F1A0
:109860009600013108F0ACFC94F88E300D2B0BD132
:10987000D4F80022137813B94FF4DD71B4E7013B3B
:109880001370002384F88E30FF2384F8CB30FEF76A
:10989000B7FE044608B10124C0E76B6893F816715F
:1098A000FE2F25D003A8FAF795FB10B940F6E60184
:1098B0009AE732222146039806F0FCF80321039828
:1098C00008F071FF03983946037823F01003037002
:1098D000FBF726F93A4603991048FBF76FFDFAF7B4
:1098E0008FFB10B940F6F2017EE70398FEF7F0FE19
:1098F0000B4B0C4A00930C4B96E80300F0F71CFF4F
:109900006B6893F88E1093F8D0000AF045FA04467D
:109910000028C0D0F0F708FF80E700BF88130021BF
:10992000258C010101890101C1880101F8B5B0F858
:10993000F23100F1800704460D460B441646A0F8AC
:10994000F231B0F8C0300B44A0F8C03038460AF00D
:109950002CF9A0B1D4F8B43038460B442146C4F8F1
:10996000B43009F02BFCD4E92D239A4207D300230D
:10997000164904F5A170C4F8B43008F0CAFF94F891
:10998000CA3023B1B4F8C6302B44A4F8C63094F9D9
:10999000CE3023B1B4F8CC302B44A4F8CC3094F8BA
:1099A000203123B994F89030073B012B04D8B4F848
:1099B000C4302B44A4F8C4302046FEF703FF26B180
:1099C000B4F888100D44A4F88850F8BD1531020190
:1099D000014B1873704700BFF813002108B500F061
:1099E00017FD00F013FA00F005F8BDE8084000F09C
:1099F000CBB800BF034B00214FF480521970A3F87D
:109A0000012070476C14002170B5064602201446F0
:109A10000D4600F015FA064B0122033C1A70054B67
:109A2000C3F81045C3F80865C3F8045570BD00BFFE
:109A30006C14002100E00041022008B500F000FA9B
:109A4000084B002208484FF0010C084980F800C07C
:109A5000C3F80021C3F80421C3F80821C3F880101B
:109A600008BD00BF00E000416C140021030000802D
:109A7000104B1A785AB110490020C1F88000D1F873
:109A800000213AB91021002099705A7018700020F6
:109A900000F0D6B9D1F80421002AF3D0D1F808217A
:109AA00012B110210246EEE7D1F800140122C9B22A
:109AB000E9E700BF6C14002100E00041022008B576
:109AC00000F0BEF9064B0022012106480170C3F8E0
:109AD0000021C3F80421C3F80821196008BD00BFA4
:109AE00000E000416C140021184A1378002B10B5D7
:109AF000507818BF0220A0F10204B4FA84F464097B
:109B0000B3B1C823124A013BD2F80011DBB241B114
:109B1000D2F8040120B1D2F80801B0FA80F040096F
:109B200010BD0BB1002CEED1EB213B20EFF74AF931
:109B3000C82300E01CB1013B13F0FF03FAD1022857
:109B4000F2D0431E5842584110BD00BF6C14002192
:109B500000E000410A4B1A787AB10A4BD3F8002191
:109B60004AB1D3F8042132B1D3F808211AB9D3F895
:109B70000004C0B27047102070479878704700BF4B
:109B80006C14002100E00041024B00221A809A7000
:109B9000704700BF701400212DE9F84304460120EE
:109BA0000E461D4690469DF8209000F049F904F0BD
:109BB0000300284F40EA054040F08070C7F80405D4
:109BC000C7F80865244E35710AF087FB38B9D7F815
:109BD000182522F0FF0242EA0802C7F818250022E1
:109BE0001C4B4FF4805114F0FB0FC3F884201B4A28
:109BF000C2F8081504D11A4AC3F88021C3F884209A
:109C0000B9F1020F21D8174A012C124B12F8092082
:109C1000C3F8202506D00123022CF470737009D9F3
:109C2000BDE8F8830E4A1049C1F8D021C3F88C2052
:109C30007470F470074B012200213270C3F80011D8
:109C4000C3F800121A60BDE8F88340F2D7113C2037
:109C5000EFF7B8F800E000417014002100F0004177
:109C60000C000080D8FC0201008000412B4B5A7888
:109C700070B5002A48D02A4A0125C2F80C15C2F84E
:109C80001005DC789D701CB3042C19D019780029BC
:109C900035D01B790021023BC2F80411012B05D8F5
:109CA00020480323C0F85011C2F81C351C494FF45A
:109CB00080521D481D4BC1F88400C3F8042570BDB7
:109CC00000211D70C2F80411C2F80052156070BD69
:109CD0001B78F3B1C2F804414FF48054134BC3F81E
:109CE0000445D2F8006116B15560C3F808450B78F9
:109CF00003704B78043343708B78837070BD40F2EF
:109D000001113C20EFF75EF840F20E213C20EFF706
:109D100059F8D5213C20EFF755F800BF7014002109
:109D200000E00041008000410500008000F000419B
:109D3000104B1A78CAB100220F49104810B44FF4E2
:109D40008054C1F88420C0F80845A0F5E040C1F86F
:109D50008021C1F88420C0F8D021C1F88C201A706D
:109D6000002210BCA3F8012070470022A3F80120B4
:109D7000704700BF7014002100E0004100F0004176
:109D8000F8B51B4B1B786BB31A4CD4F8043113BBDA
:109D9000194B0222C4F804231F691A6907F010073F
:109DA00042F010021A61D4F8043153B9134E4FF443
:109DB0008045C6F880510AF092FAD4F80431002B9D
:109DC000F7D027B90C4A136923F010031361094B2C
:109DD0000222C3F80823074BD3F80004003818BF49
:109DE0000120F8BD40F27D213C20EEF7EBFF00BFE3
:109DF0007014002100E0004100ED00E000E100E00F
:109E0000014B01229A60704700E0004138B54FF4E1
:109E10008042094BC3F88020BFF34F8FBFF36F8F91
:109E2000064C0025C4F80055C4F80055FFF780FF24
:109E3000C4F8805038BD00BF00E100E000E0004100
:109E400070B5124D00260446C5F80065C5F80065DA
:109E5000FFF76EFF012CC5F8806006D0022C0BD0F6
:109E60004CB187213D20EEF7ADFF0222084BC5F82B
:109E70000025C5F8143570BD0321054A054BC5F80A
:109E80000015C5F81425C5F8803070BD00E000410C
:109E90007814002103000080024BD3F8A00200F0E8
:109EA000010070470000FF010A4B4FF6FF720146A8
:109EB00010B4D3F8A442D3F8A8329BB2934208BF9F
:109EC000B4F1FF3F14BF0120002001D00C608B8053
:109ED00010BC70470000FF010D4B70B4D3F89062C6
:109EE000D3F89452D3F8984206EA0502D3F89C12AC
:109EF00022400A40013202D1002070BC7047034664
:109F0000066001205D609C60D96070BC704700BF36
:109F10000000FF010D4B70B4D3F88062D3F8845277
:109F2000D3F8884206EA0502D3F88C1222400A4090
:109F3000013202D1002070BC704703460660012048
:109F40005D609C60D96070BC704700BF0000FF017D
:109F5000EFF3108272B60E4B93F85D1031B19B781F
:109F6000012B07D0022B01D1830705D50AB962B6B0
:109F7000704770474107F9D406480121064B10B4D9
:109F80000024C0F84045196102B962B610BC7047A0
:109F90008815002100C000410080004108B5214A19
:109FA000431E82F82800062B36D8DFE803F0122182
:109FB000262B353004001C4B0122C3F8102505F078
:109FC0005FFC28B1194A184BD2F88420C3F88825C1
:109FD00008BD154B0322C3F8102505F051FC0028DD
:109FE000F6D0124A104BD2F88020C3F8882508BD5D
:109FF0000D4B0422C3F81025E1E70B4B0622C3F8F2
:10A000001025EAE7084B0522C3F81025E5E7064BC3
:10A010000022C3F81025E0E740F63D513E20EEF760
:10A02000D1FE00BF88150021008000410000FF0123
:10A0300030B5431E444C83B00D4684F82800062BEF
:10A040007CD8DFE803F03C51565B7B6004003F4B5B
:10A050000122C3F8102505F013FC28B13C4A3B4B04
:10A06000D2F88420C3F88825A38DB3F5166F38D2B3
:10A07000A3F6381343F48073344AC2F80835C2F8A3
:10A0800054556378012B43D0324B0022C3F800258E
:10A090002E4B40F2031040F25B61D3F8002242F4F1
:10A0A0008872C3F80022C3F83405C3F83815D3F812
:10A0B000682542F4C022C3F8682503B030BD234BA5
:10A0C0000322C3F8102505F0DBFB0028CCD0204A82
:10A0D0001E4BD2F88020C3F88825A38DB3F5166FE8
:10A0E000C6D3A3F51663C7E7184B0422C3F810259F
:10A0F000B1E7164B0622C3F81025E4E7134B0522FF
:10A10000C3F81025DFE7114B0022C3F81025DAE76A
:10A1100001AB94F929202946E07801F0C3FA9DF9B2
:10A12000040001F029FA9DF8050001F057FB002812
:10A13000AED040F23F613E20EEF744FE40F63D5186
:10A140003E20EEF73FFE00BF881500210080004151
:10A150000000FF01004000412DE9F0470D4682B0AC
:10A1600006461746002879D104238DF806000DEB2A
:10A1700003088DF8043002F099FB01284FF0FF30FE
:10A1800088BF00208DF80500404605F0AFFD00288F
:10A1900040F0DA80964C0123384684F85D3094F81C
:10A1A0002AA0FFF7FBFEA38DB3F5166FC0F0D18098
:10A1B000A3F51663DFF83C9251463846C9F80835D6
:10A1C0004346C9F854A594F9292001F06BFA9DF98A
:10A1D000040001F0D1F99DF8050001F0FFFA002814
:10A1E00040F0FB8040F20313C9F8343540F25B6362
:10A1F000C9F8383501232178A370994200F0D08046
:10A200007D4A02EB47077D4ABB8903F5FA73A2FB3F
:10A210000323A5EB931511B9794BC9F88030216B55
:10A22000784B2944764AC3F84015C3F8C0212378F7
:10A23000002B43D194F84A3043F00202DB0784F844
:10A240004A2000F19A806F4B0122DA64D3F84C3532
:10A25000994250D8002002B0BDE8F08700234FF0AB
:10A2600002090DF104088DF804908DF8063002F013
:10A270001DFB01284FF0FF3088BF00208DF805003E
:10A28000404605F033FD00285ED10123584C9E4224
:10A2900084F85D3040F09780384694F82A10FFF734
:10A2A000C7FE237884F80290012BB8D0293D002BFB
:10A2B000B5D1504B524AC3F88420B0E7012B94F833
:10A2C0004A3004BF43F0040384F84A30DF07BAD5AC
:10A2D0009D0752D45807B6D5464B494AC3F8882043
:10A2E00003F58043D3F84031002BACD040F27661C7
:10A2F0003E20EEF767FDE38D952B0CD976B3012E4A
:10A3000066D101F1290340484049C36001F054FA85
:10A310000130012852D8404605F0F4FC002861D1F4
:10A32000A3789DF80420012B45D0022B08D1930778
:10A3300006D4344900202F4B0122C1F840051A6190
:10A34000012002B0BDE8F08740F61B313E20EEF759
:10A3500039FDA3F6381343F480732BE701F128038A
:10A3600029482A49C36001F021FA01300128D2D9D5
:10A370004FF4EB613E20EEF725FD1E4BD3F8002293
:10A3800042F00102C3F80022D3F8503503F0F6037F
:10A39000022B7FF458AF4FF4D1613E20EEF712FD4F
:10A3A000154B164A33F8173003F5FA73A2FB032353
:10A3B000A5EB931533E75207BBD5C1E740F26271B5
:10A3C0003E20EEF7FFFC40F609013E20EEF7FAFCD6
:10A3D00040F266713E20EEF7F5FC40F23F613E2010
:10A3E000EEF7F0FC40F65E313E20EEF7EBFC00BFEE
:10A3F0008815002100800041DCFC0201D34D621071
:10A400000B00008000C0004144000021F8FC020164
:10A4100060220021094810B505F04CFB41F21114EF
:10A42000074B00224FF08240AA21C0F8004EC3F82B
:10A43000402EC3F8442EC3F8001E10BD881500211D
:10A4400000700041014BD885704700BF881500217E
:10A45000034B034493F8300000F51660704700BFCB
:10A46000DCFC0201014B93F83C0070478815002189
:10A470000C4B0D4A10B493F83C10D3E90D3002EBAD
:10A480008102C01AD36ED2F8801003F2E733946DC4
:10A49000064A5B1A204410BCA2FB032300EB931076
:10A4A000704700BF88150021DCFC0201D34D62100B
:10A4B000024B986B1B6BC01A704700BF88150021B8
:10A4C00010B50F4C82B003F0A1FEA36D0093D4E948
:10A4D000142304F0ABFE94F83C20D4E90C13094C8F
:10A4E0005B1A094901EB8201CA6E896D02F2F3120F
:10A4F0005B1AA4FB0212A3EB9213181A02B010BD50
:10A5000088150021D34D6210DCFC02010C4A0D4B72
:10A510000D4910B592F83C0003EB8003D2E90C041E
:10A52000241AD86E9B6D00F2F310E41AA1FB0030E0
:10A53000A4EB901403F06AFE201841F1000110BD55
:10A5400088150021DCFC0201D34D6210FF2808B5FC
:10A5500023D8174B0139A3F84800062918D8DFE89B
:10A5600001F004151313170404001249124A134B87
:10A570000243C3F81415C3F81825D3F8503503F077
:10A58000F703032B0ED008BD0D49EFE70D49EDE7AA
:10A5900040F207313E20EEF715FC40F2C2213E208A
:10A5A000EEF710FC40F21D313E20EEF70BFC00BF31
:10A5B00088150021080110000000030200800041FE
:10A5C000080190630801100108B5154A154BC3F83E
:10A5D000AC210278032A1DD1D3F81425012990F863
:10A5E00001C022F4702210490CF03F0C0F4808BF44
:10A5F00042F400224CEA0000C3F814254A6A42F0F3
:10A600000302C3F80029C3F8100901234A6281F844
:10A610005C3008BD40F272313E20EEF7D3FB00BF44
:10A620000600008000800041881500218032020071
:10A63000384B4FF4807270B5C3F88020BFF34F8F52
:10A64000BFF36F8F002234480121344D1346344C40
:10A65000C0F8FC2FC0F8FC1F05EBC3010133D1F893
:10A6600000232240824204D1D1F80023D1F8041300
:10A670001160202BF0D1284D01230322294CC5F86D
:10A680003035C5F8102584F8283005F0F9F820B1E8
:10A69000224BD3F88030C5F888351F4D40F2012198
:10A6A0004FF48013204AC5F850160026107CC5F8D8
:10A6B000003201F021F905F069FA1C491C4BC5F87C
:10A6C000A81102311B4AC3F8C820C3F8C41041F6D0
:10A6D000F873194AC2F80435A687A66384F84A605D
:10A6E00003F09AFDD5F800299623206310206262BA
:10A6F0004FF48072E385216E064B84F85C60C3F8EA
:10A700008021C5F804031A6001B18847BDE8704094
:10A7100001F040B800E100E0008000410000FF01CE
:10A7200000F0FFFF88150021440000210300008095
:10A7300000C000410600008000F0004103684F495E
:10A740004F4A70B50446180E1B024E4DC1F8240541
:10A75000C1F81C356368C1F83C35237A1A4485F882
:10A760002A30618992F83030FF2903F51663AB85F2
:10A7700094F809C07CD80CF1FF33A5F84810062BDB
:10A780006CD8DFE803F0041E1C1C6B0404003E4E72
:10A790003E483A4A0843C2F81465C2F81805D2F890
:10A7A000502502F0F702032A53D085F828C0062B63
:10A7B00059D8DFE803F028174944583F3A00344E8F
:10A7C000E6E72E4B334AC3F81425304A0A43C3F850
:10A7D0001825D3F8503503F0F703032B39D00223A3
:10A7E00085F82830254B0422C3F8102505F048F8D9
:10A7F00028B1294A214BD2F88420C3F88825237B2D
:10A8000085F8293070BD1D4B0322C3F8102505F0D3
:10A8100037F80028F3D0204A184BD2F88020C3F82C
:10A820008825237B85F8293070BD144B0122C3F89D
:10A830001025DBE7114B0022C3F81025E7E70F4B8B
:10A840000522C3F81025E2E70C4B0622C3F81025B9
:10A85000DDE740F21D313E20EEF7B4FA40F2073159
:10A860003E20EEF7AFFA40F63D513E20EEF7AAFA51
:10A8700040F2C2213E20EEF7A5FA00BF0080004161
:10A88000DCFC020188150021080110000000030211
:10A8900008019063080110010000FF01014B83F8DB
:10A8A0002900704788150021034B020E0002C3F8EF
:10A8B0002425C3F81C05704700800041054B064A5B
:10A8C000034482F82A0093F8303003F51663938529
:10A8D000704700BFDCFC0201881500212DE9F04122
:10A8E000784C82B094F84A30DD0740F1D7800028D8
:10A8F0004FF0000205460E460CBF042302238DF8DC
:10A9000006208DF8043001F0D1FF01284FF0FF3010
:10A9100088BF00208DF8050001A805F0E7F90028A0
:10A9200040F0B7800123684F84F85D3094F84A30D6
:10A9300043F0020384F84A30D7F8003243F00103B1
:10A94000C7F80032002D3DD0012D00F082805F4B12
:10A95000D3F84C75E38D952B00F2AA8001A805F081
:10A96000D1F9002840F09F80A3789DF80420012BA6
:10A9700025D0022B14D0206B381A1DB1293002B01B
:10A98000BDE8F0815249534A01EB4606B38903F50D
:10A99000FA73A2FB032300EB931002B0BDE8F08131
:10A9A0009307E8D4494B0022C3F84025A3F5804320
:10A9B00001221A61206B381A002DDFD1E2E752071D
:10A9C000F0D5D8E7304694F82A80FFF7E7FAA38D50
:10A9D000B3F5166F38D3A3F516633B4F41463046A7
:10A9E000C7F8083501ABC7F8548594F9292000F061
:10A9F00059FE9DF9040000F0BFFD9DF8050000F030
:10AA0000EDFE002859D140F2031101232F4AC7F867
:10AA1000341540F25B61C7F83815A370D3643B600E
:10AA2000E38DD2F84C75952B98D92B4807F1280364
:10AA30002A49C36000F0BAFE013001288ED94FF4D4
:10AA4000EB613E20EEF7BEF9A3F6381343F48073B2
:10AA5000C3E794F82A103046FFF7EAFA1B4B0222AC
:10AA6000A270DD647D60D3F84C75E38D952B7FF685
:10AA700075AF194807F129031849C36000F09CFE1F
:10AA8000013001287FF66AAF40F262713E20EEF796
:10AA900099F940F61B313E20EEF794F940F29D7192
:10AAA0003E20EEF78FF940F65E313E20EEF78AF950
:10AAB00040F266713E20EEF785F940F23F613E209C
:10AAC000EEF780F9881500210080004100C00041A8
:10AAD000DCFC0201D34D621044000021F8FC0201AD
:10AAE00010B5FFF739FB00B110BD0346054C064A0F
:10AAF0000121C4F8403502201161BDE81040FAF789
:10AB000041BA00BF00C0004100800041F8B51F4DB0
:10AB100095F83D30A3B30446164608465CB1012CB7
:10AB20001DD00027296B32462046791AFFF714FB07
:10AB3000034648B1F8BD012BAF6B95F83C1017D018
:10AB400000F032FD0744EDE7114C0121114A0220CB
:10AB5000C4F840351161BDE8F840FAF713BA012B8B
:10AB6000AF6B95F83C1007D000F04CFD0744D9E7D7
:10AB700000F038FD0744D5E700F024FD0744D1E795
:10AB800040F687013E20EEF71DF900BF8815002131
:10AB900000C000410080004130B5424A4FF480744B
:10ABA00041494FF0FF30D2F804530023C2F80803A4
:10ABB00083B0C1F880414FF480113C4C05F0100582
:10ABC000C2F800123A4984F84A30C1F84035C2F858
:10ABD0008830C2F88030C2F88430D2F85015C9B23B
:10ABE00059BBE38D952B04D9A378012B4FD0022BB1
:10ABF00043D000232B4A94F85C10C2F81031237123
:10AC00002380A37091B1C2F8AC31D2F8141584F846
:10AC10005C3021F47021636AC2F8141523F0030339
:10AC200024496362C2F80039C2F810191DB11D4BE6
:10AC30001022C3F8042303B030BD01218DF80700B2
:10AC4000C2F8103111619DF807304BB90CE09DF846
:10AC50000730013BDBB28DF807309DF807301BB1A0
:10AC6000D2F81031002BF2D09DF80730002BB8D16C
:10AC700040F6C7013E20EEF7A5F800F0A9FD01302F
:10AC80000128B6D940F6DE013E20EEF79BF800F031
:10AC900099FD01300128ACD940F6D8013E20EEF7ED
:10ACA00091F800BF0080004100E100E0881500211C
:10ACB00000C0004180320200F8B500222F4B304E18
:10ACC000C3F84825C3F84425C3F84025C3F84C25EC
:10ACD000FFF762FF00F064FD96F85D302BB105F0E0
:10ACE0000BF800283FD186F85D00002005F010F831
:10ACF000044600283CD1214D224FC5F8C401C7F8B5
:10AD00008800C7F88000C7F88400C5F8C800C5F8F7
:10AD1000C40004F053FF1C491C4B4FF4807241F6F1
:10AD2000F870C7F8A8413477C5F8C041C6E90D44AA
:10AD3000C1F80805C5F84845C5F84445C5F840457B
:10AD4000C5F84C45C5F84841C5F84441C5F84041EF
:10AD5000C5F84C41C3F88020BFF34F8FBFF36F8F0E
:10AD6000C3F88021F8BD40F29A513E20EEF72AF850
:10AD700040F29D513E20EEF725F800BF00C0004193
:10AD8000881500210080004100F0004100E100E052
:10AD9000014BC3F83C0570470080004138B50446BC
:10ADA000074804F0B5FF28B9064D94E80F0085E880
:10ADB0000F0038BD40F629113E20EEF703F800BF22
:10ADC000519F0101EC15002108B5164B164993F867
:10ADD0004A20C1F8040542F0010C5864900783F83A
:10ADE0004AC009D4530706D5104A114BC1F8882030
:10ADF000D3F840318BB908BDD1F8003243F00103DC
:10AE0000C1F80032D1F8503503F0F603022BF2D12D
:10AE100040F648113E20EDF7D5FF40F276613E2026
:10AE2000EDF7D0FF88150021008000410B00008065
:10AE300000C0004108B5184B184993F84A20C1F8E2
:10AE4000040542F0010C5864900783F84AC00AD404
:10AE5000530706D5124A134BC1F88820D3F8403166
:10AE6000A3B9012008BDD1F8003243F00103C1F8B5
:10AE70000032D1F8503503F0F603022BF1D1FFF781
:10AE80008BFE0320FAF77EF8002008BD40F27661C1
:10AE90003E20EDF797FF00BF88150021008000419C
:10AEA0000B00008000C00041124B196B9A6B0844E4
:10AEB000824210B518D201240F4A18625464D2F8A5
:10AEC00044151C774B1D834205D30C4BD3F804214A
:10AED00002B91C6110BD0021094BC2F84411C2F82F
:10AEE0004405C2F8C43110BD40F65B113E20EDF7B9
:10AEF00069FF00BF8815002100C0004100800041AB
:10AF00000900008010B50F4C0222034694F83DC0A2
:10AF10002277BCF1010FE08D94F83C1094F82820C2
:10AF20000BD000F09FFB2062A36B0021064A034474
:10AF3000C2F84411C2F8443510BD00F073FB206222
:10AF4000F2E700BF8815002100C0004130B4094A73
:10AF500040F00044084D0123C5F8044103FA00F015
:10AF60000C60136C05490343C1F80405136430BC3D
:10AF7000704700BF881500210080004100F00041AB
:10AF8000044BC3F86005D3F8002242F04002C3F836
:10AF90000022704700800041054B0021D3F80022B9
:10AFA00022F04002C3F80022C3F86015704700BFCA
:10AFB00000800041044B02460120D3F8483503F0DD
:10AFC0007F035B42137070470080004110B5254C31
:10AFD00082B0E28DE1704D2A8CBF002301232370E3
:10AFE00048B9A2788C460121022A61701BD0012B3E
:10AFF00010D002B010BD02234D2A6370F9D8012889
:10B0000008D1194AD2F8003243F00803C2F80032DE
:10B0100002B010BD144AD2F8003243F00403C2F863
:10B02000003202B010BD01AB94F9292094F82A1027
:10B03000604600F037FB9DF9040000F09DFA9DF892
:10B04000050000F0CBFB40B9074AD2F8003243F4C8
:10B050008873C2F800322378C9E740F23F613E208E
:10B06000EDF7B0FE8815002100800041024B002260
:10B07000C3F84025704700BF00C00041044B30B406
:10B08000D3E914459B6DC0E9004530BC0B607047A7
:10B09000881500212DE9F047B94B0121B94C82B048
:10B0A000226BB4F84860D964D3F84C55AD1A03F05C
:10B0B000E5FDE38D0022A565952B2065626506D927
:10B0C000A378012B00F0DE81022B00F06F81AE4BE4
:10B0D0000022AE49C3F88820C3F88020C3F884203A
:10B0E00084F84A20D3F80002227F0140C3F80012FE
:10B0F000002A69D194F802C0BCF1010F70D0BCF1F4
:10B10000020F00F08F8000279F4BD3F81021002AF8
:10B1100040F0A381ACF1010E9B4B0022BEFA8EFEE3
:10B12000C3F800214FEA5E1EC3F80C21C3F81021BA
:10B13000C3F80421C3F80821C3F86C21904BBCF17B
:10B14000020F84F83DC0D3F84825D3F84435C4E94C
:10B150000D3200F0F98094F828104FF0010884F8BF
:10B160003C106378002B00F0D18017F0110F40F0F5
:10B170008581B3F1010A207994F8009018BF4FF04F
:10B18000010A012800F02D81022840F0B880804893
:10B19000FFF7D4FAA1690023B9F1010F2380A3704E
:10B1A000237107D13B358D4256D8754A84F80090FB
:10B1B000C2F840315046E278FEF7CEFF054600283F
:10B1C00000F0408100254BE003F5804394F802C075
:10B1D000D3F84421003A18BF0122BCF1010F8ED1EF
:10B1E000694BD3F80C21002A40F0C780D3F81071C6
:10B1F000002F8FD0C3F80021E646C3F80C2130277A
:10B20000C3F81021C3F80421C3F80821C3F86C2146
:10B210005B4B84F83DC0D3F84825D3F84435C4E9E6
:10B220000D3298E7584BD3F80C110029D3F80014CD
:10B2300007BF042700230223062711F0010F18BFC0
:10B240001F462AB107F00B0347F0010743F0010343
:10B25000002B7FF45FAF57E74B4B4D46C3F8109080
:10B2600094F85C30A3B1484B0022C3F8AC2184F8B9
:10B270005C20D3F8142522F47022C3F81425626AE6
:10B2800022F00302C3F800296262424AC3F810297F
:10B29000FB072CD4B80707D417F0280F7ED1FB0684
:10B2A00027D5236F984724E0374BD3F85034D90182
:10B2B00040F1B68013F4706F0CBF0122002213F02E
:10B2C000F00F08BF42F0010212B91A0740F0A8803F
:10B2D0002D4AD2F85414C3F30442C3F34253022B51
:10B2E00098BF012A40F09C80012900F09980636E8C
:10B2F0009847A378022B0FD002B0BDE8F087002852
:10B300005FD040F6DE213E20EDF75CFD1D46238038
:10B31000A37023712377A3E7237F002BECD0022BAC
:10B3200000F0C580012B40F00081236AA26B93429C
:10B3300040F20581124AC2F84435114B164AC3F84F
:10B34000C42102B0BDE8F08794F82810002900F06D
:10B35000E280CB1E012B3FF600AF0B4BD3F8143429
:10B3600013F0060300F0CE80022B00F0CD80042104
:10B370004FF0000884F83C10F3E60827CAE600BF47
:10B3800000C000418815002100800041E2FEFFFF5F
:10B3900090150021803202000900008087F0200112
:10B3A000E36E2846C1F340119847A2E700F010FA77
:10B3B000013001287FF68BAE40F6DE013E20EDF72E
:10B3C00001FDE08DBCF1000F00F0AA80012B01927D
:10B3D00063D0BEF1000F73D100F014F9019A811807
:10B3E00062E05948FFF7AAF994F83D30002B00F0CD
:10B3F0008D80012B69D094F83C30544A02EB8302D3
:10B40000D4E90C31C91AD36E926D03F2F313891A81
:10B410004F4AA2FB0323A1EB9311A0690144BAE6B2
:10B42000636C5B78B34288BF47F00407B8F1000F44
:10B4300044D087F00407C7F38008A36E294640462E
:10B44000984756E7434B0122C3F84005A3F58043D4
:10B4500002201A61F9F796FD02E7002247F0100773
:10B46000C3F800219646C3F80C21C3F81021C3F895
:10B470000421C3F80821C3F86C215FE60025FFF71B
:10B480008BFBEDE600F09EF9013001287FF61FAE40
:10B4900040F6D8013E20EDF795FCBEF1000F2CD10F
:10B4A00000F082F8019A8118206B091A73E6A36BE9
:10B4B000216A284A0B44C2F844353EE70125BCE71F
:10B4C00000F080F8019A8118EEE794F83C20531EB2
:10B4D000D9B203292ED81D4B03EB820203EB4103A3
:10B4E000906DB3F89420D4E90C13591A184B091A2B
:10B4F000A3FB022301EB93118FE700F073F8019A8D
:10B500008118D1E7042128E6032126E640F2947150
:10B510003E20EDF757FC40F246213E20EDF752FC6D
:10B5200040F687013E20EDF74DFC40F607413E20F6
:10B53000EDF748FC40F2A6213E20EDF743FC40F633
:10B5400008413E20EDF73EFC90150021DCFC020195
:10B55000D34D621000C00041024B03EB8003986D95
:10B56000704700BFDCFC0201024B03EB8003D3F801
:10B5700080007047DCFC02010028094B08DD012235
:10B580000338C3F80025C0B2064BC3F80C0570475A
:10B590000022C0B2C3F80025024BC3F80C05704767
:10B5A000004000410080004110B504460846FFF706
:10B5B000DBFF034BA3FB0030A4EB901010BD00BFDA
:10B5C000D34D6210054B0238054A33F8113003F2AF
:10B5D000E733A2FB032300EB931070478CFD0201BD
:10B5E000D34D6210054B064A33F8113003F57A73D8
:10B5F000A2FB032300EB9310704700BF8CFD0201F8
:10B60000D34D621010B504460846FFF7ADFF044B5A
:10B6100000F2E730023CA3FB0030A4EB901010BD19
:10B62000D34D621070B50D4E84461D46104636F857
:10B63000111006EB82060535F4680C444FF47A715C
:10B6400004F6B73401FB0C440549A1FB0434FFF7B1
:10B6500083FFA4092C44204470BD00BF8CFD02016F
:10B66000D34D621070B5064608461546FFF77CFFBD
:10B670000A4B4FF47A710246284603EB8503DC68D7
:10B68000074B04F6B73401FB0644A41AA3FB0434A9
:10B69000FFF762FF0530A409204470BD8CFD020154
:10B6A000D34D62102DE9F04F2D4C87B006469846D9
:10B6B0000D46174600F00CFC23788146B34202D1B8
:10B6C0006378AB4231D0731E062B40D8DFE803F01D
:10B6D000043C3A2A3F0404004FF0000B0DF117031D
:10B6E0003A462946584600F0F9FB8246A0BB9DF930
:10B6F000171028460391FEF7ABFE039903465A46FE
:10B70000CDF800A00846414600F06EF8B8F80030C9
:10B7100026706570A380A071A77084F8039007B0AD
:10B72000BDE8F08F4FF0020BD8E794F90230BB422E
:10B73000C9D1E3788342C6D1A38894F90600A8F85A
:10B740000030ECE7B346C9E74FF0010BC6E740F223
:10B75000C6410620EDF736FB3E21A920EDF732FB6E
:10B7600058000021014B186099807047FC1500219A
:10B77000024BD86019745A82704700BF2816002106
:10B7800018B1034B1860002070474FF0FF3070472E
:10B7900064070021014B1B685B68184764070021A0
:10B7A000014B1B689B68184764070021014B1B680D
:10B7B0001B69184764070021014B1B685B69184728
:10B7C00064070021014B1B689B691847640700212F
:10B7D000014B1B68DB69184764070021014B1B689C
:10B7E0009B6A18476407002130B4044C9DF8085048
:10B7F00024680295E468A44630BC604764070021D1
:10B80000014B1870704700BF501B0021914208B5D2
:10B810004FEA80030AD0072804D940F2CA3107480A
:10B8200003F0ECFD03F16000C0B208BD072802D9A7
:10B8300040F2C231F3E703F13000F5E7F11C0301F8
:10B84000F8B500220B7A05460E46C0E90022A3B3E4
:10B850001A4B03608C7A047120464F7A3946FFF701
:10B86000D5FF012239466871204687F00107FFF7AE
:10B87000CDFFA871A0007379327900F1824003F006
:10B880001F0300F5204043EA4213D0F810251B02A5
:10B8900022F4991203F47C5322F4F852C0F81025D4
:10B8A000D0F8102542EA07521343C0F81035D0F8FB
:10B8B000103543F00303C0F81035F8BD00A0004177
:10B8C000024B1868003818BF01207047541B002134
:10B8D00010B49DF804400194024C2468A44610BCA6
:10B8E000604700BF541B0021024B5B6803B118473F
:10B8F000704700BF541B002100220E4938B5044692
:10B90000134644FA02F0D5B20132C00742BF581CB8
:10B91000CD54C3B2042AF4D1C3F10402042B054D63
:10B920004FF0FF01D2B288BF0022E81804F0C2F83D
:10B930002C7138BD5C1B002138B5054D0C462B79A8
:10B94000834201D1285D38BDFFF7D6FFFAE700BF7B
:10B950005C1B002138B501230D46044600219340AD
:10B96000074AC2F80835007CFFF7E6FF2B68002283
:10B97000C3F880208300616803F5E073CA5038BDC6
:10B9800000F00041F8B51E460B6804460D46174608
:10B99000EBB10021007CFFF7CFFF96F83860E1683B
:10B9A000820046F0004300F5A870C91B02F5E07262
:10B9B0006768BB502A68C2F880306368054A43F85C
:10B9C000201001230020B340C2F80435F8BD4FF029
:10B9D000FF30FBE700F0004110B50C680346ECB106
:10B9E00092F86000A0B102F15800814219D192F89A
:10B9F000391092F83C201B7941F0004192000A482E
:10BA000043F00043D4B203510020084B995010BDBD
:10BA10001B7943F00043C4F88030F8E74FF0FF3063
:10BA2000F5E76FF01500F2E78040014180410141E8
:10BA300003689BB191F8602072B101F158039842FC
:10BA40000CD191F83C300021054A9B00D150DBB26B
:10BA5000A2F58072D1507047C3F88020704700BFB4
:10BA60008041014138B5B1F844300446C5695030D1
:10BA700020F8183C91F8463000F8163C91F8473011
:10BA800000F8153CB1F8483020F8143C91F84A30E1
:10BA900000F8123C002303745DB394F82110204A8F
:10BAA000294408F0FEFA10B96FF00B0038BD94F885
:10BAB000223004F15400E169194A194408F0F1FAFE
:10BAC0000028F1D0656904F15800EDB1617E144A97
:10BAD000294408F0E6FA0028E6D0A37E04F15C00D1
:10BAE00061690F4A194408F0DCFA0028DCD0002014
:10BAF000DCE72A46294608F0D4FA2A46294604F10A
:10BB0000540008F0CEFADDE72A46294608F0C9FAC3
:10BB10002A46294604F15C0008F0C3FAE7E700BFB3
:10BB200000F0004170B50D461446064670B103782A
:10BB300023B1012B17D06FF0150013E0134604F169
:10BB400054011268FFF71EFF60B926644DB32B78CD
:10BB5000012BF0D1224604F150012846FFF73CFFAB
:10BB600000B9656470BD526DC2B194F83E200E49B3
:10BB70009200D0B20144307940F0004008600B4997
:10BB800094F83A00114440F0004283400A60616D2D
:10BB9000C1F88020064AC2F80435D6E74FF0FF30DE
:10BBA000E0E72846DEE700BF8040014180410141D7
:10BBB00000F0004110B50446006C90B1037833B139
:10BBC000012B1CD040F21A21712003F021FC636D7F
:10BBD0002BB194F8382004F15401FFF7BBFE002389
:10BBE0002364636C4BB11B78012B20D1214604F1F7
:10BBF0005000FFF71DFF00236364002010BD626D3D
:10BC0000002AECD094F83A2000219340094AC2F867
:10BC1000083502F5A342636DC3F8801094F83E30F6
:10BC20009B00D150DBB2A2F58072D150D7E740F231
:10BC30002921C9E700F00041136C10B533BB936CA8
:10BC400023BB936DBBB192F83D3012499B00DCB22F
:10BC5000214440F000440C600F4992F839401944E7
:10BC600044F000430B60916DC1F8803001230B4913
:10BC7000A340C1F80435136D1BB140F00040C3F878
:10BC800080000123002082F8603010BD6FF01500A5
:10BC9000FBE700BF804001418041014100F00041CD
:10BCA00090F86030FBB1836DA3B190F83920012387
:10BCB000002193400D4AC2F8083502F5A342836D76
:10BCC000C3F8801090F83D309B00D150DBB2A2F554
:10BCD0008072D150026D00230AB1C2F8803080F822
:10BCE0006030002070474FF0FF30704700F0004197
:10BCF000024B83F863000020704700BF641B0021E3
:10BD00000148FFF7CDBF00BF641B0021014AFFF7C8
:10BD100093BF00BF641B0021014808F036BA00BF82
:10BD2000641B0021014808F00ABA00BF641B00210F
:10BD30000148FFF73FBF00BF641B0021014A08F024
:10BD4000DBB900BF641B0021084BDA6910B52AB1CA
:10BD5000C40742BF93F82110012454505A6922B1FC
:10BD6000810742BF5B7E0121D15010BD641B0021C1
:10BD7000034A536A1BB192F82A2001219950704757
:10BD8000641B00210E4B1A6CB2B95A6CA2B99A6CA2
:10BD900092B9DA6C82B95A6A1AB193F82910012063
:10BDA000505093F8340048B193F831100020DA6A0B
:10BDB00001238B40D36070474FF0FF30704700BFC6
:10BDC000641B0021034A53690BB192F913300370CD
:10BDD000704700BF641B002110B50B4C2246FFF7D3
:10BDE000A1FE78B9E3696BB194F8343053B194F89B
:10BDF00031100123E26A8B4094F86310C9074CBFED
:10BE00009360D36010BD00BF641B00212DE9F04397
:10BE100085B007460E46154699469DF83080FFF7D7
:10BE20004FFD044650B14B462A4631463846CDF8C0
:10BE3000308005B0BDE8F04308F010B91B4D95F80F
:10BE4000343095F961200BB1EB69ABB9434631460B
:10BE5000384608F0E5F895F9612095F911309342DC
:10BE600008D095F912309A1A53425341737005B0B5
:10BE7000BDE8F0830023F9E795F9623031468DF88B
:10BE80000F003846CDE9002343460DF10F0208F0BC
:10BE9000D7F89DF90F3095F911209A4204D095F901
:10BEA0001240E31A5C425C417470E0E7641B0021BD
:10BEB0000146054808B508F083F920B90348BDE8F4
:10BEC0000840FFF75DBC08BD641B0021A8070021E6
:10BED000014B187D704700BF50160021042810B593
:10BEE00011D883B104280CBF10242824A1420AD2FF
:10BEF000064C54F8200018B141568A42A8BF0A46A1
:10BF000000201A7010BD6FF01500FBE750160021DD
:10BF10000228034610DC10F1270F0FDB2830084AF7
:10BF200040B2105C024492F92C209A4207D00029BA
:10BF300018BF0130C0B270470F2070470020704713
:10BF40004CFE0201022808B506DCFFF7E1FF034BB7
:10BF5000034493F92C0008BD0320FCE74CFE0201CA
:10BF6000C0B208B518B9044B01221A6008BD5121AE
:10BF7000B52003F04DFA00BF0050004110F0FF0063
:10BF800008B507D1054B01225A60C3F80001044BE4
:10BF9000187008BD8421B52003F03AFA0050004122
:10BFA00065160021014B01221A70704765160021A9
:10BFB00008B550B9074BD3F8003123B9064B1878B0
:10BFC00000F0010008BD0120FAE7D021B52003F000
:10BFD0001FFA00BF0050004165160021024BD3F844
:10BFE000080400F00100704700500041024BD3F8F4
:10BFF000140400F00100704700500041024BD3F8D8
:10C000001C0400F00300704700500041074902463D
:10C01000D1F81804D1F8181410F4803005D0D0B23B
:10C0200001F003031B1A5842584170470050004169
:10C03000F8B50F4E012704460D46375408F02DF988
:10C0400058B92CB90B4BB7707560C3F80473F8BDC1
:10C050004FF488716D2003F0DBF9002DF7D01CB987
:10C060002046A8477460F2E740F22B11F2E700BFC8
:10C070006816002100500041044B002219181A5480
:10C080008A7003EB80014A60704700BF6816002188
:10C0900010B5034CA08100F0C9FBE08110BD00BFCA
:10C0A00068160021014B188A704700BF68160021EE
:10C0B000014B9889704700BF68160021014BD88951
:10C0C000704700BF6816002110B5EFF3108472B6F8
:10C0D000064B03449A7C0132D2B29A749B7C012BAA
:10C0E00001D1FFF73DFF04B962B610BD681600210B
:10C0F00008B508F0D5F808F0D0F8084A084B30B178
:10C100000121116104221A7500225A7508BD03210C
:10C1100019750121C2F80413F6E700BF0050004171
:10C120006816002110B5EFF3108472B6094B034472
:10C130009A7C22B940F249216D2003F069F99A7C7A
:10C14000013AD2B29A749B7C0BB9FFF717FF04B97E
:10C1500062B610BD68160021024B187D003818BF6A
:10C16000012070476816002137B5184CE37D63B98C
:10C17000606A00F00300FFF749FF30B1EFF310836E
:10C1800072B6227D1AB103B962B603B030BD012286
:10C19000227503B962B680230D4DC5F808334FF4FC
:10C1A0002073ADF80630BDF806309BB25A1E92B22D
:10C1B000ADF80620002BF6D1C5F81C3184F82830E4
:10C1C000FFF796FF8023C5F80433DEE768160021E9
:10C1D000005000412DE9F347364CA37D002B66D07B
:10C1E000032300228DF80430334B8DF80520D3F85B
:10C1F000005145BBD3F80481B8F1000F08D02E4B95
:10C200000022C3F804210222C3F80823FFF7ACFF81
:10C2100094F82860284BF6B2D3F81C2135B1217D63
:10C22000032901BF04212175012119618AB3224B21
:10C230000022C3F81C21237D042B26D040F25B3161
:10C240006D2003F0E5F80121271DA61C15460DF110
:10C25000040A91468DF80420D3F80481C3F808132A
:10C2600015F80A00032808D0337833B13B6886F804
:10C27000009013B19847C7F80090012D07F104070B
:10C2800006F10106B8D00125EAE70223237508F07C
:10C290000AF866B1002384F82830237D022B01D1EF
:10C2A000FFF726FF02B0BDE8F04707F0FCBF02B081
:10C2B000BDE8F087681600210050004110B5054C1C
:10C2C000606A00F00300FFF7A1FE0028F8D000200C
:10C2D00010BD00BF68160021F8B5054650B10278C0
:10C2E000022A07D8437842B9013B1F2B02D8837832
:10C2F000212B07D96FF0150085E0002BFAD1837848
:10C30000002BF7D1624B2022C3F88020BFF34F8F60
:10C31000BFF36F8F5F4EC3F880214FF0FF335E4C49
:10C32000C6F808330023C6F80031C6F80431C6F851
:10C330001C31A374E374AB882382FFF74FFE10B166
:10C3400001232370A374D6F80C24D6F80C34D70339
:10C3500003D5DE0701D5FFF725FE4FF4AF60FFF7E9
:10C3600097FE0123AA7863622B7822760022012BA4
:10C37000E375627516D0022B17D01BBBFFF736FE94
:10C38000002841D0FFF73AFE636A03F003039842A6
:10C390003AD1AB79DBB9FFF791FF00281BDA4FF4F4
:10C3A000A36111E002236362E8E707F079FF394BEC
:10C3B000D3F80C14D3F80C24C803F9D5D107F7D55A
:10C3C0000323F0E740F20A516D2003F021F8314BCE
:10C3D0000222C3F80423237E63B12B7853B907F0FC
:10C3E0005CFF054603F094F96FF00043002D4CD03C
:10C3F000C4E90703012320220020A375244B2075E4
:10C40000C3F880211A60F8BD224B01220021DA60B6
:10C41000C3F8041194F82410C3F818159A60022286
:10C42000C3F80423AA79002AD5D1D3F804239207AC
:10C4300002D440F2BD41C7E7184A1669116906F0F7
:10C44000100641F010011161D3F804310BB907F067
:10C4500047FF104FD7F8043133B1FFF72FFF002803
:10C4600005DA40F2D741AFE707F039FFF2E726B926
:10C470000A4A136923F010031361064B0222C3F822
:10C4800008230022C3F80421A5E7C4E90730B1E777
:10C4900000E100E0005000416816002100ED00E0DE
:10C4A0000C4A38B50D46117919B18A216F2002F076
:10C4B000AFFF58B9547944B901235371FFF704FE13
:10C4C00020462946FFF7B4FD204638BD6FF0150021
:10C4D000FBE700BF9416002138B50C4D04462B79BC
:10C4E0001BB1A1216F2002F093FF48B96B7953B1C2
:10C4F000FFF7C2FD20466C71FFF714FE204638BDE1
:10C500006FF01500FBE71846F9E700BF941600210D
:10C5100008B501B3F0B14FF0FF331A46E0FB01322A
:10C520000E498A4203D9E2216F2002F071FF180DF3
:10C530004FF22441C3F30F1340EA0230B0FBF1F293
:10C5400003EB0040064B03FB1200B0FBF1F040EAA6
:10C550000240013008BD0846FCE700BF3F420F0023
:10C56000000024F4014B9B68184700BF941600217B
:10C57000014BDB68184700BF94160021014B1B6973
:10C58000184700BF94160021034B1A790AB9FFF728
:10C5900089BD988D704700BF94160021034B1A790E
:10C5A0000AB9FFF785BD988A704700BF941600212D
:10C5B000034B1A790AB9FFF781BD188E704700BF87
:10C5C00094160021024B1B790BB9FFF7CDBD7047C4
:10C5D00094160021014B9B69184700BF9416002157
:10C5E00010B5144C2379A3B1636A9847002806DB81
:10C5F00094F82E3023B10123002084F8323010BD8E
:10C60000FFF7E8FF0028F6DA4FF4D1716F2002F04F
:10C61000FFFE094BA361094BE361094B2362094B00
:10C62000A360094BE360094B2361FFF755FE002827
:10C63000E1D0E4E794160021BDC20101B34202013A
:10C6400059C10101A1420201A7420201AD4202010A
:10C65000064B10B51C7924B14FF4FB716F2002F02A
:10C66000D7FEFFF715FD204610BD00BF9416002130
:10C67000014B1879704700BFCC160021044B1A7982
:10C68000824283BF1B68302202FB003000207047CB
:10C69000CC16002143F60952C0F30803400A02FBFE
:10C6A00003F302FB00F003F5807300EB53207047A7
:10C6B0000346C0F30800C3F34E221B0E43EA0123D6
:10C6C000090E10B54FEA411C43F609544FEA431EC8
:10C6D0004CEAD36C04FB00F0BEEB030E04FB02F249
:10C6E00000F580706CEB010402EB50204FEA841CD3
:10C6F0004FEA8E124CEA9E6CB2EB0E026CEB040C0D
:10C700004FEACC0C4CEA527CD200D31841EB0C011E
:10C71000DA03C903801841EA534141F1000110BD19
:10C7200048F2376C430B0CFB03F300B54FEA134C94
:10C7300043F6095E0F4B0EFB1C0000FB03F35B0D81
:10C740000EFB03FE03EB4C2343F6085CF444B0EB12
:10C750005C2F08D80EF5807E0B60A0EB5E20C0B287
:10C7600010705DF804FB013300200B6010705DF861
:10C7700004FB00BF6F0C010070B5274DA94246D8DD
:10C780004FEA507C254C43F6095E43F608564CEAC6
:10C79000C10CC0F34F3101EB0C41A4FB0C5C204DEC
:10C7A0004FEA9C3C05FB1C11A4FB01411D4C890B6D
:10C7B00041EA0C4148F2376C04FB1104600B0CFB9E
:10C7C00000F04FEA104C18480EFB1C4505FB00F02A
:10C7D000400D0EFB00FE00EB4C207644B5EB562FCF
:10C7E00011D80EF5807EA5EB5E2E5FFA8EFE049DBD
:10C7F00085F800E00D06090A281841F100011860CB
:10C800005960146070BD01304FF0000EEFE79F21BA
:10C810009B2002F0FDFD00BFFF7F841E83DE1B43D3
:10C82000000024F40080841E6F0C010048F2376180
:10C83000420B43F6095C094B01FB02F2120C0CFBA4
:10C840001201500201FB0333013B5B0D0CFB03FCA7
:10C85000B1EB5C2F88BF0130184470476F0C0100AA
:10C860001F280CD800EB4003012010B4DB00054C5E
:10C8700004EB030CE15010BCCCF8042070470020FE
:10C88000704700BFD816002100F07CBA08B5064BEF
:10C8900093F80023202A02D083F8300308BD2D210D
:10C8A000022002F0B5FD00BFD816002108B5064BE6
:10C8B00093F80023202A02D093F82E0308BD3321D9
:10C8C000022002F0A5FD00BFD8160021094A92F807
:10C8D0000033202B08D003EB4303032102EBC300FA
:10C8E00052F83330406818473E21022010B502F05C
:10C8F0008FFD00BFD81600210020704730B43E499C
:10C900004FF0FF344FF0FF350023FF223B480B7000
:10C910000B618A70C1E902454FF48054C0F8804031
:10C92000BFF34F8FBFF36F8F354A4FF0FF35C0F81D
:10C93000804101240B755460C2F80853C2F8403599
:10C94000C2F840314FF40033C0F88030BFF34F8F4E
:10C95000BFF36F8F02F5A042C0F88031546094603D
:10C96000D2F80435002BFBD188694FF4E024254D23
:10C970002349C2F80853C2F84843C2F840311F4C5B
:10C98000C2F84431C2F84831C2F80431C1F800326B
:10C990004FF40033236060B34FF0004301241A4D7D
:10C9A000C1F8C031C0F88030C2F880300523C5F826
:10C9B0000445C1F840350C60D1F84031002BFBD064
:10C9C0000122114C0023C4F8082504F500544A60E4
:10C9D000CA60C1F84031C1F84035C1F8C031C0F873
:10C9E0008030C4F88030094B022230BCC3F80423E5
:10C9F000704701231360F6E7181A002100E100E0F8
:10CA000000C000410200070000F000410010014199
:10CA1000B1F1FF3F08BFB0F1FF3FF8B500F08280F1
:10CA2000C04C0546D4E902238B4208BFAA4200F05D
:10CA30004781BD4B0520C3F808052378012B00F082
:10CA4000E580BA4B4FF440324FF4803725F07F4CED
:10CA5000C3F84823C3F808230022B54EC3F8402189
:10CA6000C3F84421C3F80873C3F84873C3F84021DE
:10CA7000D3F80425ACEB0202164022F07F42B2F557
:10CA8000000F8CBF00200120002E08BF002000B93D
:10CA9000F8BDC3F840C5C3F844730022A5484FF45D
:10CAA0008057A270C0F88070BFF34F8FBFF36F8FB5
:10CAB000A14B01264FF0FF3CC0F880715E60C3F8C7
:10CAC00008C3C3F84025C3F840212275D3F80425D4
:10CAD00022F00302C3F80425D3F8082542F003022C
:10CAE000C3F80825102292FAA2F2B2FA82F2092AB9
:10CAF00000F31381C3F81025DE608C4AC0F8807102
:10CB000007608E482670C2F8C001C3F88000042375
:10CB10008548C0F8043530466370C4E90251C2F854
:10CB20004863F8BD814BD3F80011002900F0AC80B8
:10CB30007D4A05217B4CC2F808152278012A00F0B5
:10CB4000E2804FF440310022C3F84813C3F80813C1
:10CB5000C3F84021C3F844210020764A4FF48051A5
:10CB6000A070C2F88010BFF34F8FBFF36F8F724D6C
:10CB70004FF0010C4FF0FF33C2F88011C5F804C02C
:10CB8000C5F80833C5F84005C5F84001D5F80435A7
:10CB9000207523F00303C5F80435D5F8083543F0B4
:10CBA0000303C5F80835102393FAA3F3B3FA83F30C
:10CBB000092B00F3B280C5F81035C5F80CC05B4BEB
:10CBC000C2F8801111604FF00042C3F80001C3F8B1
:10CBD0008021C5F88020544AC2F804C5EFF31087BD
:10CBE00072B6D3F80425D3F80411002940D1266980
:10CBF000002F73D162B6D3F80011002972D0C3F8A8
:10CC00000001C5F804C0C5F80CC0E7E7474E4FF473
:10CC100000334FF4803C25F07F4EC6F84833C6F809
:10CC200008330023424FC6F84431C6F808C3C6F89B
:10CC300048C3C6F84031D6F80435AEEB030323F001
:10CC40007F403B40B0F5000F8CBF00200120002B3F
:10CC500008BF002000283FF41BAFC6F840E5C6F827
:10CC600044C3D6F80435D31A3B427FF416AFF8E735
:10CC7000226901322261C3F80401D3F80425D3F8F4
:10CC800004110029F4D1B2E7EFF3108572B6D3F89E
:10CC90000405D3F80421234CA2B9226905B962B670
:10CCA0004FF0807303250021E2FB03512D18D4E9D6
:10CCB000022341F100018B4208BFAA427FF4B9AEC2
:10CCC0000120F8BD226901322261C3F80411D3F8B2
:10CCD0000405D3F80421002AF4D1DEE7D3F80011CB
:10CCE00000298CD101324FF000034FF080714FF0DA
:10CCF000010043F10003E6FB01234FF60271C4E992
:10CD000002232180F8BD4FF400320021C3F84823EC
:10CD1000C3F80823C3F844111EE74FF473710848A1
:10CD200002F06CFB181A002100F0004100100141D4
:10CD3000FEFFFF0000E100E000C0004102000080B3
:10CD400028000301014BD3E902017047181A0021A2
:10CD5000004870470080841E6FF07F40704700BF1E
:10CD600000487047FF7F841E4FF40000704700BFEB
:10CD7000004870470040420F014BD3F8040570474C
:10CD80000010014138B5EFF3108572B60E4A0F4915
:10CD9000D2F80405D2F804315BB100240B690133E9
:10CDA0000B61C2F80441D2F80405D2F80431002B1B
:10CDB000F4D10C6905B962B6FFF76CFC044B002195
:10CDC000E4FB030138BD00BF00100141181A002127
:10CDD0000080841E30B4EFF3108572B60E4A0F49FE
:10CDE000D2F80405D2F804315BB100240B69013399
:10CDF0000B61C2F80441D2F80405D2F80431002BCB
:10CE0000F4D10A6905B962B600214FF0807330BCD5
:10CE1000E2FB0301704700BF00100141181A002116
:10CE200038B580B3031FDBB2022B4ED8294A1178E4
:10CE3000B9B94FF48031284A03F5A8709940C2F877
:10CE40000813C2F8481352F82000D2F804452349C9
:10CE5000001B014021B19B00002103F5A0739950F4
:10CE600038BD54788442E4D11D4805240129C0F816
:10CE7000084512D000244FF0FF304FF0FF311470FE
:10CE8000C2E90201D5E7174B4FF48032C3F80823FB
:10CE9000C3F84005C3F8400138BD13484FF480542F
:10CEA000C0F88040BFF34F8FBFF36F8F4FF0FF3557
:10CEB000C0F880410B48002441601475C0F8085345
:10CEC000C0F84045C0F84041D4E740F23E416C20F4
:10CED00002F09EFA181A002100100141FEFFFF0027
:10CEE00000F0004100C0004100E100E010B568B36F
:10CEF000031F5FFA83FCBCF1020F57D8334B19783C
:10CF000011B15B7883425BD04FF480314FEA8C03E0
:10CF10002F4C002001FA0CF103F5A07322F07F42A0
:10CF2000C4F80813C4F848131851D4F80405294B61
:10CF3000101A034020F07F40B0F5000F8CBF002096
:10CF40000120002B08BF002038BB10BD1F4BD3E9C8
:10CF50000201B1F1FF3F08BFB0F1FF3F15D052B35E
:10CF60001D4B4FF4803101200024C3F80413C3F893
:10CF700040255864D3F84415C3F844458A42E4D8A0
:10CF80002046FFF74DFF204610BD1B7D002BE6D14C
:10CF900040F2D1316C2002F03BFA0CF5A87344F852
:10CFA0002320C4F80413C4F8441310BD40F2F9312F
:10CFB0006C2002F02DFA40F2D5316C2002F028FAF4
:10CFC00040F2F5316C2002F023FA00BF181A00215C
:10CFD00000100141FEFFFF0000C00041124B1B7812
:10CFE000012B16D0114B4FF440310022C3F84813E7
:10CFF000C3F80813C3F84021C3F844210C4B0022A6
:10D000004FF0FF31C3F80813C3F84025C3F840219F
:10D010007047064B4FF400320021C3F84823C3F891
:10D020000823C3F84411E9E7181A00210010014150
:10D0300000C0004120B1154B0122C3F844237047C2
:10D0400030B40121114C124B4FF48052C4F84813F4
:10D05000C3F88020BFF34F8FBFF36F8F4FF0FF34C3
:10D06000C3F880210B4B4FF0FF350B4A5960107508
:10D07000C3F808434FF0FF34C3F84005C3F840013C
:10D080001070C2E9024530BC704700BF001001417A
:10D0900000E100E000C00041181A002108B5394B3A
:10D0A000D3F80423D00303D5D3F84021002A35D187
:10D0B000344BD3F80423910303D5D3F84421002A39
:10D0C00046D1304BD3F80423520302D5D3F848217C
:10D0D0005AB92C4BD3F8042132B12B4A0021C3F8A2
:10D0E000041113690133136108BDD3F84825D3F83F
:10D0F00004352649D31A194021B123F07F43B3F5F3
:10D10000000FE6D91F4B00214FF480220620C3F800
:10D110004811C3F8082301F09DFCDAE7D3F8402555
:10D12000D3F80435D31A23F07F42B2F5000F03D8A9
:10D13000164A1A40002ABBD1124B00214FF480320C
:10D140000420C3F84011C3F8082301F083FCAFE7C3
:10D15000D3F84425D3F80435D31A23F07F42B2F52F
:10D16000000F03D8094A1A40002AAAD1054B002112
:10D170004FF400320520C3F84411C3F8082301F02E
:10D1800069FC9EE700100141181A0021FEFFFF0014
:10D1900010B5204CA378FF2B19D0237873B101224E
:10D1A000022B22751DD11C4B0021C3F808254FF01E
:10D1B000FF324FF0FF332170C4E90223174BD3F83D
:10D1C0000423D20302D5D3F84021AAB910BD134BD2
:10D1D000D3F80433002BF9D00720BDE8104001F04C
:10D1E00039BC022360782370FFF71AFE0B4BD3F88B
:10D1F0000423D203EAD5E6E700204FF48031FF2272
:10D20000C3F80813C3F84001A270BDE8104001F054
:10D2100021BC00BF181A002100F0004100C00041ED
:10D220002DE9F04F1C4695B004EB440405920EAF77
:10D23000CDE90201FFF786FD0546E200B2480E4641
:10D24000083200EBC404111804F1080314580A7BD7
:10D25000D1F8048091F80D9002F1010A069204942D
:10D260000FCB87E80F00FFF777FD2040FFF712FA9A
:10D270008346FFF77DFD0190FFF76AFD0746FFF744
:10D280006FFD83450BEB0A0200F2A981019B9A45D1
:10D2900000F3AA81BA4280F2F180002A52DB0192A7
:10D2A000FFF76CF9B9F1010F824609D0DFF85CB2E3
:10D2B000DBE902321340013302D1002800F0EF8095
:10D2C00005EA0607FFF774F9AC420790A7F1FF37AC
:10D2D00078EB0603B7FA87F74FEA57172CBF3B46A0
:10D2E00047F00103002B00F0D680029B0322E31AD3
:10D2F000934221DBDFF814B2DBE9023103EA0102D9
:10D300009C42A2F1FF3278EB0100B2FA82F24FEABE
:10D31000521202D2002A00F02881BAF1000F14D173
:10D320009AB9E31A079A68EB0101934271F100037D
:10D330000BD2B9F1010F08D04FF0000A504615B0DA
:10D34000BDE8F08FD3190193AAE7029BE31A029379
:10D35000039B68EB030AFFF72BF9029B0930C21706
:10D3600083427AEB020380F0B580059B012B00F02D
:10D370008880002F00F0BA80002720464146FFF742
:10D3800047FB0028D8D0B8F1FF3F08BFB4F1FF3FFA
:10D3900000F02F8125464646FFF7DEFC049B18402F
:10D3A000FFF778F98246FFF7E3FC0290FFF7D0FC25
:10D3B0000390FFF7D5FC019B0299A3EB0A0291426F
:10D3C0000DD8AAEB030C614500F2DB809042C0F05F
:10D3D000ED80604580F01781039A52449A1AD31762
:10D3E0000020FFF783FD82460028A5D0B9F1010F88
:10D3F000DBE9022300F0BE80002F40F08B80B3F108
:10D40000FF3F08BFB2F1FF3F00F0E280DBF81830C9
:10D4100001201860FFF70EFEBBF81030002B40F023
:10D42000CB8000238DF84590394E08AF8DF84830F9
:10D430004FF0FF32DDF81890354608934FF0FF3378
:10D44000CDF83C808DF844900E94CDE90A230FCF9F
:10D450000FC50FCF0FC597E80F0085E80F002046D6
:10D460004146FFF725F94B4601331B18504641F161
:10D470000001C6E9043115B0BDE8F08FD31B01935C
:10D480000EE7B6F1FF3F08BFB5F1FF3F00F0B680F1
:10D490000027049580E71F462B463A4627E7FFF70B
:10D4A00087F8AC42079078EB060305EA060334BF21
:10D4B00001270027B3F1FF3F08BF47F0010717B16D
:10D4C000C21C029B13E79BF8107067B902462B46FB
:10D4D00001270CE720464146FFF79AFAB9F1010708
:10D4E00018BF01274DE72B46524600E72A1B66EB83
:10D4F0000803042A73F1000132DA012A73F10003F0
:10D50000BFF61AAF049547E7D8160021381A002154
:10D51000E0190021B3F1FF3F08BFB2F1FF3F33D064
:10D52000FFF726F8DBF8183000224FF0FF304FF0FD
:10D53000FF31CBE902011A6037BBBBF81030002B7A
:10D540003AD1B9F1010F7FF46CAF621E4FF00500C4
:10D5500068F10003FFF7CAFCA8B38BF8119060E7ED
:10D5600020464146FFF754FA0BE740F2BF717020A6
:10D5700001F04EFFB3F1FF3F08BFB2F1FF3FDBD038
:10D58000CEE7CCF100022AE7079B0520EA1A66F1F4
:10D590000003FFF7ABFC00283FF4CEAE9BF8103041
:10D5A000002BCED101238BF81030CAE71A46039B1B
:10D5B0001A44A2EB0A0212E70520FFF731FC002310
:10D5C000ABF81030BDE7DBF81830C3F8009028E75F
:10D5D000FEF7C8FFFFF7FEFBCBE9020116E74FF4A9
:10D5E0008661702001F014FF40F23141702001F09B
:10D5F0000FFF4FF4FB61702001F00AFF40F23B7116
:10D60000702001F005FF40F6B201702001F000FF2C
:10D610002DE9F04F924F83B0BC7C04EB44033B44B4
:10D620005D78202D48D08F4BE6B26400002B00F0CF
:10D630008D808D4BDFF83492002B63D005EB4612C2
:10D640004FEA461807EB420A9AF81C30013BDBB25E
:10D65000052B34D8864A12F803B0BBF1080F2ED040
:10D66000EFF31083019372B63444AFF300809AF85D
:10D670001D203C44019B6270A278AA4200F0E88021
:10D6800013B9AFF3008062B6A84405EB45055946CF
:10D6900009EBC50259F8353007EB480850680122FC
:10D6A00088F81C209847BC7C04EB4403E6B23B445A
:10D6B00064005D78202DC1D103B0BDE8F08F40F249
:10D6C0000571702001F0A4FE4FF02002A270002B23
:10D6D00000F0BC80A84405EB4505594609EBC5029E
:10D6E00059F8353007EB48085068012288F81C20AB
:10D6F0009847BC7C04EB4403E6B23B4464005D788D
:10D70000202DD9D005EB46124FEA461807EB420A06
:10D710009AF81C30013BDBB2052BD0D8544A12F8E2
:10D7200003B0BBF1080FCAD0EFF31083019372B6B8
:10D730003444AFF300809AF81D203C44019B627092
:10D74000A2789542C0D0002BC4D17FE0464B4FF069
:10D750002009DFF81CB1DFF814A1002B4DD005EB38
:10D7600046124FEA461807EB4202137F013BDBB239
:10D77000052BA4D81BF803100829A0D0EFF31083C1
:10D7800072B63444527F3C446270A278954208BF1E
:10D7900084F80290002B50D0A84405EB45050AEB15
:10D7A000C5025AF8353007EB48085068012288F85E
:10D7B0001C209847BC7C04EB4403E6B23B44640065
:10D7C0005D78202DCBD177E762B6A84405EB4505FF
:10D7D0000AEBC5025AF8353007EB480850680122B9
:10D7E00088F81C209847BC7C04EB4403E6B23B4419
:10D7F00064005D78202D3FF45FAF05EB46124FEAE1
:10D80000461807EB4202137F013BDBB2052B3FF6C4
:10D8100056AF1BF8031008293FF451AFEFF3108304
:10D8200072B63444527F3C446270A278954208BF7D
:10D8300084F80290002BC8D1C6E70191AFF30080B5
:10D8400062B6A844019905EB4505A8E762B641E731
:10D850004FF02002A270002B7FF416AF11E700BF3B
:10D86000381A00210000000000000000D816002136
:10D8700088FE02012DE9F04FDFF82CA1994601EB5B
:10D8800041034FF0200E85B093461AF803400391F0
:10D89000744582F800E000F082804A01CDF80490DF
:10D8A0000646DFF80881D94611460FE0737B012B4D
:10D8B00002D0437D012B57D00B1989F80040A646B2
:10D8C0000AEB43035B7F202B5DD01C4604EB440036
:10D8D00035684FEA440B08EBC000D0E903238768A2
:10D8E000DB1942F100029D4273689341DED2DDF8FC
:10D8F00004905D46039B89F800E04FEA431B28191A
:10D900003768D6E9012308EBC00013EB070CD0E918
:10D91000023142F10002634571EB020211D3427DF4
:10D92000012A02D0727B012A03D0012005B0BDE894
:10D93000F08F0193FEF73CFE019B0130DB1B83421D
:10D94000F3DA254489F80040B27B0BEB040308EBC3
:10D95000C5050AEB4303A97D91421CD95C7F202CAD
:10D960004FEA4405CBD1E0E70291ED1BFEF720FE24
:10D970000130029985429FDA5D46CB46DDF804907E
:10D980009BF800E0B6E7DDF80490012089F800403C
:10D9900005B0BDE8F08F002005B0BDE8F08F012094
:10D9A00089F80040C2E700BF381A0021D8160021CC
:10D9B0002DE9F04F0C46154683B01E469DF8307099
:10D9C000FEF734FF22684519636846F10006954268
:10D9D00076EB030342D3DFF88C8005E05D4576EB00
:10D9E00009033BD3C4E900B90DF107030DF10602A9
:10D9F00039462046FFF73EFF88BB9DF80730617B24
:10DA000003EB430308EBC303D3E902A01A691AF13D
:10DA1000030B40F1000012EB0B0B40F10009012950
:10DA2000DCD05B7D012BD9D1FEF7C2FDABEB0A0345
:10DA300001308342D2DA9DF8073003EB430308EB51
:10DA4000C303D3E902B9FEF7B3FD013010EB0B0BB2
:10DA500049EBE0795D4576EB0903C3D2002003B0C2
:10DA6000BDE8F08FD81600212DE9F0471C46177A43
:10DA700092F809C0002388B0154612780646E36084
:10DA80009DF84080A7730F4684F80DC0A360E27331
:10DA9000C4E90033E2B9FEF70BFE80468946FEF783
:10DAA0002BFF002844D018F12C08D5E9040149F1D6
:10DAB0000009404571EB09034DD2013E4FF47A73E2
:10DAC00047F1FF372660C4E9017308B0BDE8F0876D
:10DAD000FFF73EF904F10C02013806A9FEF720FE1B
:10DAE000404B1B78202B64D03F498B69D1E907213B
:10DAF0000A3342F1000A13EB01094AF1000A6B688C
:10DB000004AA207B04F108011844C4E9009A0230F9
:10DB1000FEF706FE286932463B462146CDF80080D6
:10DB2000FFF746FF08B9C4E9006708B0BDE8F08711
:10DB30002E4BD5E9040118EB030349F1000298428A
:10DB400071EB0203B9D218F12C0849F100094045E4
:10DB500071EB0903B1D3461E04F10C0303AA41F192
:10DB6000FF373046009304AB3946FEF705FE686880
:10DB700000250DF10B03023003AA009306AB45F11B
:10DB80000001801947EB0101FEF7F6FD0499079AA1
:10DB90002160DDE905035B1A4FF0FF31606062EB45
:10DBA0000002994275EB020216D3A36008B0BDE8EB
:10DBB000F08716F10A09637B47F1000A012B9ED01A
:10DBC000FEF7DCFC00289AD1FEF7F2FC10EB09030B
:10DBD00099464AF1000A92E740F2EC41702001F0C8
:10DBE00017FC00BFD8190021E01900210040420FA6
:10DBF0002DE9F04F01EB41036D4C83B00F4614F853
:10DC000003904FEA41080190B9F1200F22D1694BEE
:10DC10000BB1AFF30080FFF7DDF8E37C202B09D0D8
:10DC2000654B851CD3E9066241F10003AE4272EBFD
:10DC3000030330D3B9F1200F61D0019A4B46FFF7AF
:10DC4000EFFA002800F08180022084F8139003B0DE
:10DC5000BDE8F08FFFF7BEF84FF0200ACE46DFF8A0
:10DC60005CB17D0104E0727FF246202A1ED0964608
:10DC70000EEB4E0205EB0E062B460BEBC20204EB3D
:10DC80004606D2E902C284458A41ECD3BAF1200F9C
:10DC900005D1F145BBD0002003B0BDE8F08F0AEB01
:10DCA0004713D64604EB43035A7F7B0108EB070179
:10DCB0000425665C625430461A180146844604EB1B
:10DCC00042028E45507F1577F6D108EB07022244B9
:10DCD00092F802E0BEF1200F5FFA8EF533D01D44BA
:10DCE00004EB45056E7708EB07020B448646224499
:10DCF00004EB430382F802C020225A77C9E7D4E933
:10DD00000223B3F1FF3F08BFB2F1FF3F0AD0FEF795
:10DD10002FFC4FF0FF304FF0FF31A3690022C4E920
:10DD200002011A60238A002B3CD10420FFF778F807
:10DD3000FFF754F90020FFF77DF920230120E37459
:10DD400003B0BDE8F08F5670CDE709EB471308EB41
:10DD50000702042004EB4303A55C5B7FA3547B0113
:10DD60002A4611469A18894504EB42021077527FE1
:10DD7000F7D108EB070222449678202EF0B20FD09C
:10DD8000184404EB4000457747440B440020202210
:10DD900004EB43033C44A1705A7703B0BDE8F08F15
:10DDA0005570F1E70520FFF73BF800232382BCE71D
:10DDB000381A002100000000E0190021D8160021C7
:10DDC000F8B52022154D002315494FF0FF364FF0CE
:10DDD000FF37AA7042F22000EA741C4605F11C02CB
:10DDE0002B822880AB740B6081F82830C1E9026770
:10DDF000C5E9026702F814300134202CFAD1094831
:10DE000001F0C4FC084B094A1C70107001F040FD81
:10DE1000A861FEF773FD01232B75F8BD381A0021A8
:10DE2000E019002111D60101D8190021101A002192
:10DE30002DE9F04F85B0DFF80883FEF7CBFF0646EB
:10DE40000D46FFF7CBF84FF0FF334FF0FF32C8E934
:10DE5000022398F82830D3B9D8F82000B94AD8F866
:10DE6000183000F5DF610233A2FB0121D8F81C2035
:10DE70004FEA912142F100021B1842F100025B18A7
:10DE800042F100029E4275EB020380F049814FF09F
:10DE9000FF304FF0FF31FEF7BBFD002800F063813B
:10DEA000A94A1378202B039300F05881A74C202314
:10DEB00013700022E374A37CC8F8002003EB430234
:10DEC000A75CDAB25B00202F019202930BD0DFF83F
:10DED000809207EB47034FEA470A09EBC303DA7D59
:10DEE000012A00F0C780DFF86C92994EDDE901321B
:10DEF000D7185D01274497F800A0BAF1200F1BD076
:10DF0000FEF768FF52464FF0200E07E0AB1896462A
:10DF100004EB43035B7F202B47D01A4602EB4203FE
:10DF200006EBC303D3E902C384458B41EED3BEF1B4
:10DF3000200F34D19245DED1B9F1000F01D0AFF3FB
:10DF40000080FEF747FFE37C202B09D010F1020E82
:10DF5000D8E9062341F1000C724573EB0C03CAD3D8
:10DF6000BAF1200F63D053460122FFF759F9002878
:10DF70003DD084F813A0039BEB1804EB43031A7FF6
:10DF8000022A00F09880FF23A371DDE901231344E6
:10DF90001C446378202B7FD105B0BDE8F08F05EBE2
:10DFA0000E03724604EB43035B7F97F800C04FF00B
:10DFB000040E3B7060462B180146834604EB430376
:10DFC0008A42587F83F81CE0F5D1BA78202AD3B270
:10DFD0004DD02B4404EB430383F81DC02944202378
:10DFE000024687F802B004EB41014B77A2E705EB4C
:10DFF0000A033878042104EB43035B7F3B7003463C
:10E000001A46EB18924504EB430319775B7FF7D16F
:10E01000B9782029CBB246D02B4404EB4303587780
:10E02000BA702A44202304EB4202537763E7D4E911
:10E030000223B3F1FF3F08BFB2F1FF3F0AD0FEF762
:10E0400097FAA36900224FF0FF304FF0FF31C4E987
:10E0500002011A60238A43BB0420FEF7E1FEFEF7AB
:10E06000BDFF0020FEF7E6FF2023E37483E787F877
:10E0700001C0B3E75B7D012B41D1033645F10005BB
:10E080000AEB070309EBC303D3E90202B042AA413A
:10E0900028BFC3E9026526E72F4B187805B0BDE815
:10E0A000F04F01F09FBB7870BAE70520FEF7B8FE8D
:10E0B00000232382D0E70399254A01EB410102EBBB
:10E0C000C102527D022A28D0DDE901120A4406214C
:10E0D0002244197791782029CBB21AD0039A2B4485
:10E0E000114604EB43035A776B18DDE9010204EB98
:10E0F000430302442244917020225A7743E7FEF7FB
:10E100003DFA0028B9D1FEF753FA861945F100050A
:10E11000B6E7039B19465370E6E701221A7732E708
:10E12000094B18210A4A1B7801FB03F30721D01879
:10E13000D3584068984740F2B721702001F068F941
:10E14000E01900219300DC92D8190021381A00212F
:10E15000D816002100000000101A002140F2C22150
:10E16000702001F055F940F2BF21702001F050F904
:10E1700038B505460C46FEF72DFA002822DB144977
:10E180008B7C01F11C0C5FFA83FE0CEB831C0023DB
:10E1900002E00133202B13D01CF81320D8B2002A40
:10E1A000F7D103EB4E1E0B4A03EB430301EB4E0189
:10E1B00042F8335002EBC30301225C600A7738BD9A
:10E1C000184638BD4FF44671702001F021F900BFA8
:10E1D000381A0021D81600211F28034608D80A49FA
:10E1E0008A7C00EB421201EB4202107F012801D031
:10E1F0000020704791F812C0002203EB4C1301EB92
:10E2000043031A77704700BF381A0021014BD3E946
:10E2100004017047E0190021014BD3F84005704715
:10E2200000C000410378002B40F0CF806C4A536857
:10E23000C3F308032DE9F04F814689B0002B40F06D
:10E24000B480684D684E05F11C0ADFF8A0B126B114
:10E25000002140F25D40AFF30080AF7CFFB24FF091
:10E260000003AB7126B1002140F26240AFF30080A1
:10E2700007F101080AEB871C08F00108BCE80F0051
:10E280000AEB88140FC4BCE80F000FC4BCE80F00F1
:10E290000FC49CE80F0084E80F0026B100214FF462
:10E2A0007B70AFF3008007EB470708EB4803E95B9F
:10E2B000EA199278E9522B449A7056B100214FF432
:10E2C0007C70AFF3008026B1002140F26740AFF3CD
:10E2D0000080FEF77FFD04AB4A46CDF8008004467F
:10E2E0000F46FFF7C1FB26B1002140F26E40AFF3AD
:10E2F00000803F4B1B78202B3FD0DBF81830DBF839
:10E300001C200A33DBF8201042F100025B1842F1B6
:10E310000002CDF80080DDE90401984271EB020CA7
:10E3200022D322463B4604A93248FFF741FB98B16D
:10E33000DDE90401FEF7BCF99DF81C3001331B1820
:10E3400041F10001C9F81030C9F8141026B10021BC
:10E3500040F28140AFF30080AB79002B7FF477AFC0
:10E36000012009B0BDE8F08FCDE9043204A92246AE
:10E370003B462048FFF71CFBDAE714F10A039DF83F
:10E380001D1047F100020129C3D0CDE90232FEF78A
:10E39000F5F8DDE902320028BBD1FEF709F9029B4E
:10E3A000039AC31842F10002B3E7103B59B20029A7
:10E3B0000DDB114B585C40090028D2D0094D0A4EA4
:10E3C00005F11C0ADFF824B041E70020704703F094
:10E3D0000F03043B1344187E40090028EED1C0E728
:10E3E00000ED00E0381A002100000000E0190021D3
:10E3F000D81900210040420F00E400E0B34A5368FE
:10E400002DE9F04FC3F308038FB083460491002B2E
:10E4100040F03A8108230393049B1B78012B00F200
:10E420000282AB4D25B1002140F25D50AFF3008078
:10E4300000230127A74C069325B1002140F26A5022
:10E44000AFF3008027B9A44B0BB1AFF3008062B6E5
:10E4500094F812905FFA89F94FF00003A371039BBF
:10E46000002B40F0A180C84625B1002140F27E502B
:10E47000AFF30080FEF7AEFC0AAB049A0646CDF877
:10E4800000900F46FFF7F0FA25B1002140F28650C8
:10E49000AFF300800BEB481A04EB4A034FEA481A2B
:10E4A00005931B7F013B012B7CD80236DDE90A2353
:10E4B00047F10007B242BB41C0F0C6800DF127030F
:10E4C0000DF1260249460AA8FFF7D4F906460028AE
:10E4D00000F0BA809DF826C09DF82770BC4540F03A
:10E4E0000981BCF1200F00F05B810AEB0C03059A57
:10E4F00004EB43035B7F53770AEB0C0304EB43030A
:10E5000083F81DB0002306930AEB0B03032204EBF0
:10E5100043031A7725B1002140F28B50AFF30080FE
:10E52000EFF31088474672B66C4B0BB1AFF3008027
:10E53000A379002B80D10BEB4B03694F07EBC3078B
:10E540000AAB08370FCB87E80F008EB1039B002B77
:10E5500000F0B580069B23B1624B1B78202B00F0A6
:10E560003281A37CDB4303F00103A374FF23A37177
:10E57000B8F1000F04D1584B0BB1AFF3008062B675
:10E5800025B1002140F2C250AFF30080002E49D1E6
:10E5900025B1002140F2CE50AFF3008030460FB0DD
:10E5A000BDE8F08F0026B5E74F4B09F1010603EBFC
:10E5B000891E06F0010603EB861CB046BEE80F007C
:10E5C000ACE80F00BEE80F00ACE80F00BEE80F009B
:10E5D000ACE80F009EE80F008CE80F0025B1002189
:10E5E0004FF47B70AFF3008009EB490906EB46035B
:10E5F00034F8091004EB09029278E15223449A702E
:10E6000055B100214FF47C70AFF3008025B100219B
:10E6100040F27450AFF30080A379002B7FF40CAF6D
:10E62000B14621E7A37C03EB43031C446378202B12
:10E63000AED025B1002140F2C950AFF300802B4B82
:10E64000187801F0CFF8A3E708EB480304220599F6
:10E650004FEA480023440A7799782029CAB200F08B
:10E660009C80524404EB420282F81DB040440AEB05
:10E670000B032022012604EB4303204480F802B060
:10E680005A770023069345E7103B59B200297CDBFB
:10E69000174B5B5C5B090393002B7FF4BDAE114B02
:10E6A0001B78202B00F0C480049B1B780393002B65
:10E6B0003FF4B7AE40F25651702000F0A9FEFF23A0
:10E6C000A371B8F1000F7FF45BAF54E700ED00E0F9
:10E6D00000000000381A00210000000000000000C7
:10E6E000D8160021D8190021541A0021101A00212F
:10E6F00000E400E0202F00F0A0800AEB0703BCF14B
:10E70000200F04EB43035A7F55D00AEB0C034FEA6A
:10E71000480004EB4303597F5A7705914FF0050EEB
:10E72000CDF81C800AEB01030A4604EB4303974231
:10E73000597F83F81CE0F5D1DDF81C80069200EBD0
:10E740000803234493F802E0BEF1200F5FFA8EF72E
:10E750002ED05744059B04EB47077B7700EB08035B
:10E76000069F5244234404EB42029F7020270AEB89
:10E770000B03BC45577704EB430359777FF4BCAEDA
:10E780004044069604F800B0BEE603F00F03043BD5
:10E7900013441B7E5B0903937EE783F801B065E7B2
:10E7A00008EB4803059A4FEA4800E35C5377E7E734
:10E7B000059F5F70D2E708EB48034FEA4800E15C31
:10E7C000E2540591AAE749460220FFF711FA002812
:10E7D0007FF4C7AEA37C042003EB43010BEB431291
:10E7E0002144DFB204EB42028E7810775A01202ECA
:10E7F0004FEA4303F0B213D0111804EB410181F842
:10E800001DB03B445A44069E234404EB420283F865
:10E8100002B020235377B8F1000F7FF4B1AEAAE61F
:10E8200081F801B0EDE740F25A51702000F0F0FDA0
:10E8300040F25351702000F0EBFD4FF4EC7170206A
:10E8400000F0E6FD2DE9F84F7C4C4FF0010ADFF8AF
:10E85000F0810546B8F1000F04D000214FF4BC60F0
:10E86000AFF30080BAF1000F04D1764B0BB1AFF3D8
:10E87000008062B64FF00003A371B8F1000F04D01E
:10E88000002140F2E550AFF30080A67C6E4B771C70
:10E890005FFA86F903EB861607F0010703EB871C86
:10E8A0000FCEACE80F000FCEACE80F000FCEACE8F7
:10E8B0000F0096E80F008CE80F00B8F1000F04D0AD
:10E8C00000214FF47B70AFF3008009EB490307EBA5
:10E8D0004702E15AE0184FEA47098378A1522244DF
:10E8E0009370B8F1000F04D000214FF47C70AFF3A7
:10E8F0000080A37903F0FF01002B7ED1B8F1000F57
:10E9000003D040F2EF50AFF3008005EB47137E01D8
:10E9100004EB43031B7F032B40F08D8009EB0703BF
:10E9200014F803B05D4518BFBBF1200F14BF0122DE
:10E9300000226CD05B46F218194604EB42035B7F61
:10E940009D4218BF202B14BF01220022F3D1202B9F
:10E9500069D09B455FD03344314404EB430304EB5F
:10E9600041015B7F4B77B8F1000F0CD0002140F2E2
:10E970005E30AFF30080B8F1000F04D0002140F208
:10E98000F450AFF300802E44012304EB46063377A6
:10E99000B8F1000F04D0002140F2FD50AFF3008029
:10E9A000EFF3108A72B6294B0BB1AFF30080A37955
:10E9B000002B7FF44FAF5D4503D1254B1B78202BF7
:10E9C00033D0A37CDB4303F00103A374FF23A371C3
:10E9D0004FF00109BAF1000F04D11A4B0BB1AFF39C
:10E9E000008062B6B8F1000F04D0002140F21F6031
:10E9F000AFF300804846BDE8F88FB8F1000F3FF450
:10EA000031AF002140F2EB50AFF3008022E7BBF1C1
:10EA1000200F08D05B463344B94404EB43035B7FCB
:10EA200004F809309FE79146D4E739460220FFF702
:10EA3000DFF80028C5D14FF00009CBE7381A0021D4
:10EA40000000000000000000541A00210000000037
:10EA5000D81900210528F0B587B004D007284ED07A
:10EA600008B307B0F0BD634C237C002B56D0D4E92B
:10EA70000223B3F1FF3F08BFB2F1FF3F00F0A480D3
:10EA80000120FEF7D7FA5C4B00210520D3E90623CD
:10EA90002174013A63F10003FEF728FA002862D0DE
:10EAA00001236374DDE7534CD4E90223B3F1FF3F44
:10EAB00008BFB2F1FF3F4FD0A36901204F4E18604D
:10EAC000FEF7B8FA3378202B2FD04B4D95F8252040
:10EAD000012A05D0FDF752FD0346002855D03378B2
:10EAE000474A03EB4303002102EBC30052F83330E3
:10EAF00084F89C10406807B0BDE8F04018473F4BD1
:10EB000004213F4A1B7803EB430302EBC30052F896
:10EB10003330406807B0BDE8F0401847627C32B33C
:10EB2000A2690121637411609BE7A37C03EB43019D
:10EB3000DAB2635C202B58D003EB421204EB4202A2
:10EB4000507F6054FF21A17102212B4D337011774A
:10EB5000002285F82820B9E7FDF704FDFEF73AF911
:10EB6000C4E90201A8E7A36901221A6079E7234BEF
:10EB70004FF0FF36204C4FF0FF371B780146204AFC
:10EB800003EB4303C4E90267BFE794F89C2001321A
:10EB9000D2B2312A84F89C2022D84FF47A7230788D
:10EBA0006946CDE90032CDE90233CDE90433FFF700
:10EBB00025FC80B195F82840012385F82830FFF71F
:10EBC00037F985F828404CE7FDF7CCFCFEF702F951
:10EBD000C4E9020154E740F24961702000F018FCDA
:10EBE00040F24561702000F013FC4FF41371702067
:10EBF00000F00EFC381A0021E0190021D81900217C
:10EC0000D81600211B4B10B51B7886B0202B26D0C0
:10EC1000194CD4E90223B3F1FF3F08BFB2F1FF3F23
:10EC200022D10DF10B02D4E90431009203AAC018DD
:10EC300004AB41F10001FDF79FFD9DF80B2005207D
:10EC40000F2ADDE9041394BF00220122521843F178
:10EC50000003A260E360FEF749F906B010BD40F67C
:10EC60006C01702000F0D4FB40F66D01702000F0C4
:10EC7000CFFB00BFD8190021E0190021FEF77CB8B6
:10EC8000F8B52F4B93F800E0BEF1200F53D02D4D77
:10EC9000AB7C95F812C003EB43035FFA8CFCEB5C92
:10ECA000202B26D04FEA4C1C274C05E0634405EB93
:10ECB00043035B7F202B1CD003EB430204EBC20217
:10ECC000917D8142F2D80EEB4E0E002504EBCE046E
:10ECD000A16823695B18E168D2E9024041F10001B3
:10ECE000DE1C41F10002B44270EB020204D20020AB
:10ECF000F8BD4FF0FF30F8BD6FF00202D31A4FF0AD
:10ED0000FF3262EB01011C19104B40EB01061F683A
:10ED1000FEF72AF8A04275EB060308D32046FDF75C
:10ED2000B9FC07F140038342E1D8C01BF8BDBDE840
:10ED3000F840FEF71DB840F6C201702000F068FBF5
:10ED4000D8190021381A0021D8160021E019002115
:10ED5000954B2DE9F04F1D7887B0202D019000F0E4
:10ED60001E81DFF848920646DFF844828B4699F808
:10ED700012300DF11302D8F8000005A903EB43038C
:10ED8000304419F80340D8F818300393D8F82030ED
:10ED90000293FDF7C5FC3F2E03D8012007B0BDE864
:10EDA000F08F05EB4505DFF80CA20AEBC502059DC7
:10EDB0009368D2E903670093FDF7DAFF019B98425D
:10EDC000009BEAD3EB18D8F8185046F10006DF197B
:10EDD000D8F81C3046F100067D1B66EB0306FDF7F4
:10EDE000C3FF0023A842B341D7D3D8F81850202C32
:10EDF00099F81220A7EB0500D8F81C30D2B288F899
:10EE000026B0C8F8200000F0BD805201DE46202167
:10EE1000934604EB440C40194FEA44060AEBCC0C31
:10EE200043F10003DCE90272874272EB030343D330
:10EE30009CF81530012B03D098F82530012B31D0E8
:10EE400005200091FDF7ECFF009999F812004FF0B2
:10EE5000FF324FF0FF332029C0B2C8E9022340F04F
:10EE60008F8000EB4000202419F800304E4A99F8BA
:10EE70001210127802EB411209EB42025377D8F8D4
:10EE80000030019A1344C8F80030FF2389F8063097
:10EE9000202C31D0484B187800F0A4FC002007B09B
:10EEA000BDE8F08F00917D1BFDF782FB01300099DA
:10EEB0008542C5DA98F826E026440AEBC606B37DFB
:10EEC00073450DD90BEB040309EB43035B7F202B48
:10EED00016D02146D8F820001C46D8E9065398E7FA
:10EEE000DDE9023202209B18D8F818209B1AC8F8D6
:10EEF000203007B0BDE8F08F002007B0BDE8F08FEC
:10EF00000520FDF78DFF99F812004FF0FF324FF00A
:10EF1000FF33C0B2C8E9022304EB40134FF0050CE5
:10EF200000EB400209EB430319F802A046005B7FA7
:10EF3000410109F802305346CF181A461D4609EB25
:10EF4000470794427B7F87F81CC0F5D137184F44A0
:10EF500097F802E0BEF1200F5FFA8EFC0DD08C44D2
:10EF600009EB4C0C8CF81DA00A443044202109EB1D
:10EF7000420248445177857078E787F801A0F3E7AB
:10EF80000C46C9E70520FDF74BFF4FF0FF324FF06D
:10EF9000FF3399F81200C8E90223C0B261E740F6D6
:10EFA000F201702000F034FAD8190021381A00213B
:10EFB000E0190021D8160021101A00212DE9F84F80
:10EFC000954CA37C00EB431304EB43031B7F002B06
:10EFD00000F01D81A67C0546904FF6B227B10021B6
:10EFE00040F63110AFF300804FEA461805EB4616A5
:10EFF00004EB4606002F40F0AE8008EB050604EB5C
:10F000004606337F012B09D01A1F022A00F29C808A
:10F0100008EB0503012204EB43031A774FF0010AC2
:10F02000DFF8FC9127B1002140F64810AFF30080D3
:10F03000BAF1000F04D17B4B0BB1AFF3008062B685
:10F040004FF00003A37127B1002140F64D10AFF33C
:10F05000008094F812C00CF101065FFA8CF809EBFD
:10F060008C1C06F00106BCE80F0009EB861EAEE81A
:10F070000F00BCE80F00AEE80F00BCE80F00AEE8E0
:10F080000F009CE80F008EE80F0027B100214FF41D
:10F090007B70AFF3008008EB480806EB460334F8BA
:10F0A000081004EB08024FEA460B9278E152234421
:10F0B0009A7027B100214FF47C70AFF30080A379E0
:10F0C00003F0FF01002B5AD11FB140F65710AFF3E8
:10F0D00000800BEB060323445878202810D085428B
:10F0E00000F08680804671014246C2468B1804EBD0
:10F0F000430393F81D8045454AD0B8F1200FF3D162
:10F1000027B1002140F65B10AFF30080EFF31088C9
:10F11000C24672B6444B0BB1AFF30080A379002B0B
:10F1200080D1A674FF23A371B8F1000F04D13D4B29
:10F130000BB1AFF3008062B627B1002140F66D102D
:10F14000AFF30080BDE8F88F05F0C9F8337F012BDD
:10F150007FF45AAF62E7337F012B3FF45FAF1A1F92
:10F16000022A36D9002140F63D10AFF3008005F0A9
:10F17000B6F8002140F64110AFF300803AE7002FC7
:10F180003FF456AF002140F65310AFF3008049E73B
:10F19000B8F1200FB4D0404530D00A44414404EBCC
:10F1A000410104EB42024B7F537727B1002140F22B
:10F1B0005630AFF300800BEB060323449B78984551
:10F1C0000AD0002FA2D0002140F25E30AFF30080C1
:10F1D00096E701233377CCE727B1002140F259307D
:10F1E000AFF300800BEB0603234483F802A0E8E7AB
:10F1F000202885D080464FF0200A710141440BEB56
:10F20000060304EB410123444A7F5A70CDE740F6E0
:10F210002811702000F0FCF8381A002100000000CE
:10F22000541A00210000000000000000F0B587B073
:10F2300073BB054610460E46FDF72CFA0DF10B0286
:10F2400004AB314604460092284603AAFDF794FA1F
:10F25000039FFDF78DFD0546FDF77AFD0646FDF798
:10F260007FFDE31B9D4208D83A1B95420BD898427C
:10F270000BD3904211D2B819231A0C9AA2F10F00A5
:10F28000C01A07B0F0BD5342F7E7A019C31BF4E75B
:10F2900040F67311702000F0BBF840F6B201702008
:10F2A00000F0B6F8BFF34F8F0549064BCA6802F469
:10F2B000E0621343CB60BFF34F8F00BFFDE700BF99
:10F2C00000ED00E00400FA05094B01225A604FF0FE
:10F2D000FF32C3F808234FF40052064BC3F88020D6
:10F2E000BFF34F8FBFF36F8FC3F88021704700BF0C
:10F2F00000D0004100E100E0094B01225A604FF0CC
:10F30000FF32C3F808234FF48032064BC3F8802045
:10F31000BFF34F8FBFF36F8FC3F88021704700BFDB
:10F320000000014100E100E010B513490023012273
:10F33000124CC1F8FC3FC1F8FC2FDA00013302F196
:10F34000FF7202F58032D2F800032040884202BFEB
:10F35000D2F80003D2F804230260202BEDD1084B31
:10F360004FF48072C3F88020BFF34F8FBFF36F8FCD
:10F37000C3F8802110BD00BF0080004100F0FFFFF6
:10F3800000E100E0F8B51B4E05460C461746337801
:10F3900063BB00F06BFA04F07FFF77603472FFF715
:10F3A000C3FF1548FFF7A8FFFFF78EFF002D18BF1A
:10F3B0002846FDF715F90546B0B9FEF701FDFDF742
:10F3C00001F904F077FF002C0CDB04F01F02640944
:10F3D0000123A400934004F1604404F56144C4F89F
:10F3E00080312360012333702846F8BD4FF0FF358C
:10F3F000FAE700BFD81A00218EFE020108B572B6E6
:10F40000024B5B6803B19847FFF74CFFD81A002105
:10F410001FB572B6134B5D688DB9FFF743FFB4FBA0
:10F42000F6F4D3B20132002CF9D103F110026A4490
:10F4300002F80C4C0A2233B901A8A847EDE70446AC
:10F4400000220A26EDE7013BDBB203F110040DEBCD
:10F450000406B0FBF2F402FB1400303006F80C0C8A
:10F460002046E8E7D81A0021074B93F90830002B13
:10F4700009DB5A09012103F01F03403201FA03F3AB
:10F48000024941F822307047D81A002100E100E01B
:10F49000014B1878704700BFD81A00212DE9F84FAA
:10F4A000DFF8C4A00126314C0746314DDFF8C49087
:10F4B0009AF800805FFA88F8FF238AF80030B8F1E4
:10F4C000000F01D08AF80130EFF3108272B60023EA
:10F4D0006660C4F80031C4F80431C4F804752660CD
:10F4E0003AB962B605E0D4F8043133B92B69DB06CA
:10F4F00020D4D4F80031002BF5D0D4F80431002BFF
:10F50000E2D1B8F1000F13D19AF80130DBB28AF8DA
:10F51000018003214FF40052C4F80813C4F8048199
:10F52000C4F80081C9F880218AF80080002BBFD17F
:10F53000BDE8F88F4FF40053C9F88031EFF3108B1A
:10F5400072B60323C4F80433D4F8003113B9D4F8E5
:10F5500004311BB1BBF1000FCBD1C2E704F0BFFEF9
:10F56000BBF1000FC5D1BCE7E41A002100D0004177
:10F5700000ED00E000E100E070B51546DA078CB060
:10F580001C4686468C4640F1A280C37B6E4642787C
:10F590008DF80030837B8DF80E208DF80130437B91
:10F5A0008DF80230037B8DF80330C37A8DF8043078
:10F5B000837A8DF80530437A8DF80630037A8DF81A
:10F5C0000730C3798DF8083083798DF80930437995
:10F5D0008DF80A3003798DF80B30C3788DF80C3034
:10F5E00083788DF80D3003788DF80F30CB7B4A7817
:10F5F0008DF810308B7B8DF81E208DF811304B7BF1
:10F600008DF812300B7B8DF81330CB7A8DF81430D7
:10F610008B7A8DF815304B7A8DF816300B7A8DF881
:10F620001730CB798DF818308B798DF819304B79EC
:10F630008DF81A300B798DF81B30CB788DF81C3093
:10F640008B788DF81D300B788DF81F303046FFF722
:10F6500025FFA30731D59DF82F009DF82E109DF8AA
:10F660002D209DF82C30287069709DF82B009DF896
:10F670002A10AA70EB709DF829209DF82830287177
:10F6800069719DF827009DF82610AA71EB719DF80D
:10F6900025209DF82430287269729DF823009DF87A
:10F6A0002210AA72EB729DF821209DF82030287359
:10F6B0006973AA73EB730CB070BD0DF1200CBCE83C
:10F6C0000F0028606960AA60EB600CB070BD6E46E8
:10F6D000DEF80410DEF80820DEF80C30B6460068CC
:10F6E000AEE80F00DCF80000DCF80410DCF80820BD
:10F6F000DCF80C30AEE80F00A8E700BF10B500241E
:10F7000082B0CDE90044FFF737FF02B010BD00BF63
:10F710001B4B4FF4803270B5C3F88020BFF34F8F7E
:10F72000BFF36F8F174D0021174CC5F80011C3F8B8
:10F7300080212669236906F0100643F01003236137
:10F740000123C5F804332B60D5F80031A3B11EB9ED
:10F75000236923F0100323610A4B0122D3F8080523
:10F760005A60C3F808230022C3F800214FF4803206
:10F77000034BC3F8802170BD04F0B1FDE4E700BF86
:10F7800000E100E00000014100ED00E002460C490C
:10F79000052038B50138C0B2FF2803D140216920C7
:10F7A000FFF736FE01EBC0031D7905F0FF04002DC5
:10F7B000F0D141F8302001225C719C711A7138BD82
:10F7C000E81A0021042808B503D947216920FFF76A
:10F7D0001FFE034B03EBC0000023037108BD00BFF5
:10F7E000E81A0021042808B503D950216920FFF741
:10F7F0000FFE094B03EBC0000379012B01D051210F
:10F80000F4E7437982790133DBB29A4218BF43713E
:10F81000BDE80840FFF728BEE81A002170B50625AC
:10F82000114C0026013D15F0FF0500D170BD94F884
:10F83000281004EBC1031A79012A09D158799A7961
:10F84000904205D05A79D2B29A7154F83130984723
:10F8500094F828300133DBB2042B94BF84F82830AD
:10F8600084F82860DEE700BFE81A0021024BD3F8D5
:10F870003021024B1A6070470000FF01141B002169
:10F88000024B1868C31F584258417047141B00218F
:10F890000048704700070841914270B53BD2B2FA68
:10F8A00082F33BB1C3F1200499409A4020FA04F45A
:10F8B00098402143160C1FFA82FE030C85B2B1FB5F
:10F8C000F6FC06FB1C14240404EB10400CFB0EF4A5
:10F8D000844206D9201A90428CBF02200120ACEB52
:10F8E000000C03EB01410CFB12114FEA0C4CB1FB75
:10F8F000F6F006FB101100FB0EFE05EB01418E45F4
:10F9000006D9AEEB010E96458CBF02220122801A69
:10F9100040EA0C0070BD73219620FFF779FD00BF0F
:10F9200070B5044616461D46FFF7B6FF049B00FB64
:10F93000164428601C6070BD2DE9F8431C4652EA4D
:10F94000040348D0074615460E4694B3B4FA84F92A
:10F95000B9F11F0F43DC4FF0010808FA09F220FA51
:10F9600008F0A2FB05C340EAC17021FA08F102FBCE
:10F970000432FFF791FFC9F11F030021D84028D0BE
:10F98000431E8C46804661EB0101184605FB01F2DF
:10F9900003FB0422A5FB033EFB1A72441F4666EBE1
:10F9A0000206AF4276EB040311D340466146BDE840
:10F9B000F883914208D321463046FFF76DFF044695
:10F9C0002A46384604FB1561FFF766FF2146BDE86D
:10F9D000F8838446E5E7AC219620FFF719FDC9219D
:10F9E0009620FFF715FD00BF92B1013A17D00346EC
:10F9F00000EB020C10B501E09C450BD08E461C4676
:10FA000011F8012B13F8010B9042F5D0801A10BDAC
:10FA10001046704760789EF80120801A10BD00786B
:10FA20000A78801A704700BF10B5441A94422BD34D
:10FA30004AB34B1CC31A022B31D9531E072B2ED9A4
:10FA400022F003048C4686460C445CF8043BA44533
:10FA50004EF8043BF9D122F0030302F003049A426A
:10FA600000EB030C01EB030E0DD0CA5C012CC25459
:10FA700009D09EF80130022C8CF8013003D09EF89A
:10FA800002308CF8023010BD002AFCD08B180244E2
:10FA900013F801CD8B4202F801CDF9D110BD4B1EF8
:10FAA0000244014613F8014F01F8014B9142F9D18C
:10FAB00010BD00BF2DE9F04184075FFA81FE5FD0E1
:10FAC000002A59D0034601E0002A55D003F801EB83
:10FAD000990702F1FF32F7D14EEA0E24032A44EAD5
:10FAE00004443ED9151FC3F38001AE08172D06F15B
:10FAF000010647D99846002940D048F8044B771AA8
:10FB000003EB810C79080CEBC101CCE900440CF14A
:10FB1000080C6145F9D127F0010C08EB8C01674511
:10FB2000CCEB8C7805EB880517D02F1F0C60032FCA
:10FB300013D9A5F108074C60032F0ED9A5F10C07C6
:10FB40008C60032F09D9A5F11007CC60032F04D9CD
:10FB5000143D0C61032D88BF4C6102F0030203EBDE
:10FB600086034AB1013A83F800E005D0012A83F800
:10FB700001E018BF83F802E0BDE8F0811546BEE75A
:10FB80000346A9E719461546CFE700BF094B0A4AC5
:10FB9000C3F880210132C3F884210132C3F88C21DB
:10FBA0000132C3F890210132C3F8EC210132C3F8CD
:10FBB000902070470080004104000080074B002225
:10FBC000C3F88021C3F88421C3F88C21C3F89021A5
:10FBD000C3F8EC21C3F89020704700BF00800041BB
:10FBE000844641EA000313F0030359D1403A33D36A
:10FBF0002DE9F000F0C9F0C0F0C9F0C0F0C9F0C0C4
:10FC0000F0C9F0C0403AF5D2F0BC25E0403A23D329
:10FC10000B6803604B6843608B688360CB68C3608C
:10FC20000B6903614B6943618B698361CB69C36174
:10FC30000B6A03624B6A43628B6A8362CB6AC3625C
:10FC40000B6B03634B6B43638B6B8363CB6BC36344
:10FC500040304031403ADBD230320BD30B68036086
:10FC60004B6843608B688360CB68C3601030103191
:10FC7000103AF3D20C3205D351F8043B40F8043B60
:10FC8000043AF9D2043208D0D2071CBF11F8013B64
:10FC900000F8013B01D30B8803806046704700BF2A
:10FCA000082A13D38B07B1D010F00303AED0C3F1F1
:10FCB0000403D21ADB071CBF11F8013B00F8013B1B
:10FCC000A4D331F8023B20F8023B9FE7043AD9D392
:10FCD000013A11F8013B00F8013BF9D20B780370AF
:10FCE0004B7843708B78837060467047014B1B687C
:10FCF0001B681847EC070021014B1B685B6818471D
:10FD0000EC070021014B1B689B681847EC0700219A
:10FD1000014B1B681B691847EC07002138B50546E5
:10FD20000C46E9F7CFFD30B13E2D04D12046BDE8A9
:10FD30003840E9F707BE38BD1FB5014601A800F0FD
:10FD400006F801A802F0A2FD05B05DF804FB0B88DF
:10FD50000022C3F30B0383804B884272C3804B782D
:10FD6000C3F30113012B02D0022B18BF1346043139
:10FD70000372016070478B88043010B500F8043CB2
:10FD80000C4610F8033C03F0F00300F8033C8A88AB
:10FD9000C2F30322134300F8033C03F0CF03CA88E5
:10FDA00000F8022CCA8800F8033C120A00F8012C63
:10FDB0000A7A120102F03002134303F03F0300F805
:10FDC000033C4A7A43EA821300F8033C0968814203
:10FDD00005D0E288FB2A28BFFB22FFF701FFE0885D
:10FDE0000430C0B210BD8B880A46043010B400F84D
:10FDF000043C10F8033C03F0F00300F8033C89884E
:10FE0000C1F303210B4300F8033C03F0CF03D18877
:10FE100000F8021C10F8011C01F0C00100F8011CE0
:10FE2000D48800F8033CC4F30524214300F8011CE6
:10FE300001F03F01147A240104F03004234303F05D
:10FE4000BF0300F8033C547A00F8011C43EA841312
:10FE500003F07F0300F8033C1168814203D0D2888D
:10FE600010BCFFF7BDBE10BC704708B510B1FFF75E
:10FE700063FF10B96FF0150008BD0020FCE710B556
:10FE80000C4648B141B1E9F7FFF90028207014BFD2
:10FE900000206FF0220010BD6FF01500FBE708B5E1
:10FEA000E9F72EFD002008BD01F011B8F2F70ABFF6
:10FEB000F2F726BFF2F738BF08B5E9F733FD0020A7
:10FEC00008BD01F002BC01F024BC03460222002060
:10FED0001A70032258709A70FC22D8705A716FF011
:10FEE000210218719A714122DA716FF014021A72AC
:10FEF0006FF05D025A726FF02E029A724222DA722D
:10FF0000704701F034B838B50446F9F7C5FF012849
:10FF10001BD1601CF9F7C8FFB8B1A3790020E51D1B
:10FF200063F03F03A371F4F7E5F840B1102200211C
:10FF30002846FFF7BFFD01230020237038BD284667
:10FF4000F9F7CAFF0028F1D0F5E70023F4E710B570
:10FF5000044610220021FFF7ADFD04F1100310222A
:10FF600000211846FFF7A6FDF9F7D4FF0020F4F7AB
:10FF7000C1F820B12046F9F7AFFF002010BDF9F716
:10FF80008BFF0028F6D0F8E710B50446FFF7C0FB5A
:10FF9000B0F5007F09DA10F5007F08DD031EB8BF59
:10FFA00003339B100020237010BD7F23FAE76FF00E
:10FFB0007E03F7E71FB5002341F64B524178CDF899
:10FFC0000A30D0F80230934295BF4FF47A7240F273
:10FFD000E242B3FBF2F3B3FBF2F398BF03F55063D5
:10FFE00002789BB242EA0122ADF80230ADF800205F
:10FFF000ADF80430C279837943EA0223ADF80630C4
:020000040102F7
:10000000427A037A684643EA0223ADF8083001F0E9
:100010009DF805B05DF804FB01F000BC00780038E5
:1000200018BF012001F07CB8F3F7D2BC81780088BA
:1000300001F0BFBB01F0DBBBF3F7D2BC37B505461F
:100040000C4600880DF1060101F06FF82B88238023
:10005000BDF80630638003B030BDF3F7C9BCF3F7D9
:10006000D3BCF3F7EFBC01F00BBC00F01ABF00F0FB
:1000700073BF08B5E9F75EFC002008BDF2F762BE69
:1000800000F087BFF3F726BC00F052BF01F0BBBA07
:1000900001F085BA01F0CCBAF2F7ECBF01F026B856
:1000A000F3F70CBAF3F770BA00F042BE00F047BEA7
:1000B00000F090BE00F0ACBE01F048B801F0B0B85E
:1000C00000F075BF01F002B900F03DBF00F0F9BECD
:1000D00001F022B903880B8001F0DCBA03880B80A1
:1000E00001F0E6BA00F039BE00F05ABE00F0C7BE1B
:1000F00000F0D3BE00F0B3BE00F0A8BE00F093BF86
:10010000F2F79ABE00F0C7BF00F001BF00F074BF65
:10011000F3F7B2BC01F092BBF2F71EBEF2F7BABE23
:1001200001F038BBF8B5941C0E46054617460C4442
:100130006343B3F5004FA8BF4FF0FF3310F0030146
:100140009CB203D0B0211420E8F73CFEB4F5004F78
:1001500001D9B121F7E714220430FFF7ABFCEF74AB
:100160006C802E80F8BD38B50588C2888D42038921
:10017000C2F30E0403D2D1211420E8F723FE5A4023
:10018000C2F30E030BB9120406D404F118030122C2
:10019000C1528274184438BD1846FCE7023101444C
:1001A0004A43B2F5004FA8BF4FF0FF3290B21B3068
:1001B00020F00300B0F5004F34BF00B24FF0FF3025
:1001C000704740881B3020F00300B0F5004F34BF6B
:1001D00000B24FF0FF3080B2704738B503888B42D1
:1001E00003D2F7211420E8F7EDFD857C65B1C388C3
:1001F000C3F30E031833C25A8A4207D3C152811D7A
:10020000E9F7C4FB00238374284638BD0025FBE7CB
:1002100003461830F0B59C88A5B2C4F30E06DC88FE
:10022000AC4202D10020D881F0BD5F89DC7C855BC7
:100230003C44ED1B0234ADB2344420440C88AC4243
:1002400088BF0D805C89B4FA84F4640914700A884C
:10025000DA81E9E7F8B582880026C38904460D46AD
:1002600092B20E60CBB14189C2F30E020B44183238
:100270009BB28718825A4381934204D94FF4A271EA
:100280001420E8F79FFD04D1011DE9F77FFB4681AB
:100290002F6000230120E381F8BD1846FCE7838826
:1002A000014602899BB29A4202D00831E9F76EBB3F
:1002B00070478388C0889BB2C31A58425841704720
:1002C000828873B595B2C488C2F30E02AC4202F1C3
:1002D000180212D04189C689835A314499420EDBF3
:1002E0000DF10601ADF80650E9F750FBBDF8060028
:1002F000001B18BF012002B070BD0020FBE70120E9
:10030000F9E7034618301A8970B530F8124CC4F377
:100310000E065440C4F30E0222B9220402D5002076
:10032000188270BD9C891D880CB1825BAD1AA942F0
:10033000F5DCDA7C34441982023222441044F0E7BE
:10034000F8B5038A002B38D08B4236D3C48800F12D
:1003500018038589C4F30E041E1995B91D557570CF
:1003600085891E5B0D443144ADB285811953D2B1EC
:10037000811DE9F70BFB0023838100230382012009
:10038000F8BD1E5BAE4204D04FF4F6711420E8F7BE
:1003900019FDC57C2644878A023535445E195F53B2
:1003A000857DB570DCE7C27C2C44023214441A19F6
:1003B0001B5B838293788375DFE70020E0E7838807
:1003C000C2889BB29A4206D0428922B9C3F30E0377
:1003D00018331844704700207047C37C0233C81894
:1003E00070470230704738B58388C2889BB29A4202
:1003F00009D043893BB9C5893DB9011DE9F7C6FA62
:10040000C581012038BD0020FCE71846FAE700232B
:1004100083810382704703881380C388C3F30E036C
:100420001833034480890B6070470368002223B9A6
:10043000C0E90132031D0360704759681B680A4414
:10044000F5E7072938B5034604D84FF4EC711520B9
:10045000E8F7B8FC0068A8B1D0E900248C4212D0BB
:100460002AB901F10805AC4204D210460AE003465D
:100470001046F1E7425045181A68641A12686C6019
:1004800042501D6038BD1A60FCE70023C1E900320C
:1004900003680B600160704730B590B18478B1FBA0
:1004A000F4F304FB131300EB430252898A4201D197
:1004B000D8B230BDC27822B900F10A03D0B284426A
:1004C00001D8FF20F5E733F8025B0132A942F5D1EC
:1004D000EFE78278038805324B4303EB420318446D
:1004E000704713B500230446CDE900338DF80600AC
:1004F0006846E9F72FFC08B102B010BD2146BDF8EF
:100500000400E9F703FC0028F2D040F2152117207F
:10051000E8F758FC70B51E460D460921FFF73EFE70
:100520000446324609212846FFF738FE002C03DB3B
:10053000002801DB204470BD4FF0FF30FBE7D31DE6
:1005400023F0070370B5083390B110F0070403D00F
:1005500058212220E8F736FC04604FF6FF75C28070
:1005600000F108040A468180013A92B2AA4203D1FE
:1005700003FB01F0083070BD0668266004601C446F
:10058000F2E718B1C2888188FFF7D9BF70470346E8
:10059000EFF3108272B6006830B101681960002371
:1005A000037043708370C37002B962B67047EFF393
:1005B000108372B602680A60016003B962B67047C0
:1005C000012303707047F8B5054608461E461146DC
:1005D000002814BF00240224FF23AB702B191B7DBD
:1005E000012B04D001342B191B7D012B19D105EBF4
:1005F00044073B8B3A8C9819904204DD00202C4430
:1006000038832075F8BD05EB8404324660681844D1
:10061000FFF7E6FA3A8B16443E830023AB700120C5
:10062000F0E70020EEE7002910B514BF00230223F5
:10063000FF218170C1180C7D012C07D10C3320F8EB
:10064000132002230B750023837010BD0133C118E2
:100650000C7D012CF2D04FF48C710920E8F7B2FB2D
:10066000024630B5837803F0FF00F3B9137D022B07
:1006700019D0537D022B19D10346012089B10024E2
:10068000D5180C332C7522F81340131803241C754D
:1006900002EB80035B680B6000F10C0332F813304F
:1006A0008B80012002E00123E8E7002030BD30B557
:1006B0008378E3B9837D022B17D0C47D022C16D139
:1006C000032381B1002205190C342A7520F8142067
:1006D000C2180324147500EB83020C33526830F8FF
:1006E00013300A608B80012002E00324E9E7002038
:1006F00030BD037D012B01D1008B7047437D012B61
:100700000CBF408B00207047837D012B01D1808B73
:100710007047C37D012B0CBFC08B00207047038B3B
:1007200023B9408B003818BF012070470120704763
:10073000838B23B9C08B003818BF0120704701207C
:100740007047027D022A01D1008B7047437D022B46
:1007500001D1408B7047032AF6D0032BF9D000203B
:100760007047827D022A01D1808B7047C37D022BA6
:1007700001D1C08B7047032AF6D0032BF9D000209B
:1007800070472DE9F0410646069898460D46430706
:1007900011469DF81C7002D010F0030003D02521F3
:1007A0004C20E8F70FFB4FF48B72FFF7C8FE002FC9
:1007B00006AB044600FB08F114BF00201846E9F719
:1007C00007F917B9069B33602C60BDE8F081E9F7A3
:1007D00091BC00EA400303EA430303EA430303EA4C
:1007E000430303EA430313EA43030CBF0120002041
:1007F000704708B5034610468B4209D03AB183EAE8
:10080000010002F074F901288CBF0020012008BD0E
:100810000120FCE737B5002304460D46CDE900333F
:100820006846E9F797FA30B10023CDE90033022397
:100830008DF8063011E0009B2A462046196AFFF722
:10084000D8FF0028ECD003B030BD009B2A462046DC
:10085000196AFFF7CEFF0028F5D16846E9F77AFA62
:100860000028F2D00023CDE9003304238DF80630B0
:1008700007E0009B2A4620461968FFF7BAFF0028C8
:10088000E1D16846E9F766FA0028F2D00023CDE905
:10089000003305238DF8063007E0009B2A462046EA
:1008A0001968FFF7A6FF0028CDD16846E9F752FA8C
:1008B0000028F2D00023CDE9003309238DF806305B
:1008C00008E0009B2A462046D3F8B811FFF791FFB5
:1008D0000028B8D16846E9F73DFA0028F1D0002396
:1008E000CDE900330B238DF8063007E0009B2A4644
:1008F0002046D3F8E410FFF77CFFE8B96846E9F733
:1009000029FA0028F2D000224FF44023CDE9002339
:100910006846E9F71FFA30B10023CDE900330A2316
:100920008DF8063014E0009B2A462046D3F8E410E8
:10093000FFF75FFF0028EBD0012084E7009B2A46E9
:100940002046D3F81411FFF754FF00287FF47BAF43
:100950006846E9F7FFF90028F0D0002073E770B58A
:1009600023260025F4F7E8FB0446F1F711FC40B11B
:1009700000212046FFF74EFF68B925462046F1F7D3
:100980003DFC013E01D00028ECD035B940F21521E4
:100990000F20E8F717FA0020F3E7284670BD10F0A3
:1009A000FD0F14BF0120002070476FF45063C3187F
:1009B000062B8EBF40F2E243A0F550604FF47A73ED
:1009C0005843704790F8F031DBB290F8B0202AB964
:1009D00013F0FB0F14BF0120002070470020704768
:1009E00090F80432DBB290F8B0202AB913F0FB0F74
:1009F00014BF0120002070470020704713B501216B
:100A00000020E9F76DF9044688B901210846E9F7A5
:100A100067F90446C0B90023CDE9003303238DF8FC
:100A200006306846E9F796F9C8B100200AE0A83018
:100A3000EFF770FE0028E8D02046EEF797FC00287C
:100A4000E3D0012002B010BDA830EFF763FE00280C
:100A5000E1D02046EEF78AFC0028DCD0F1E7009CCC
:100A60002046EBF7BFFC0028DBD0204602F03DFF1C
:100A70000028D6D0E5E7002307B5CDE900330323EE
:100A80008DF806306846E9F765F908B1002004E002
:100A90000098EBF7A7FC0028F4D003B05DF804FB46
:100AA0001FB5002240F6881303A90092FAF79CFEB6
:100AB00005B05DF804FB10B5044638B1F3F714F93E
:100AC00034EA00030CBF0120002010BD0120FCE728
:100AD00007B501210020E9F703F920B3A830EFF7AB
:100AE00019FEE0B1012009E0A830EFF713FE00B3D2
:100AF000F8E70098403002F0C3FB18B303B05DF88C
:100B000004FB009B586F503002F0BAFB0028F5D16F
:100B10006846E9F71FF90028F3D00020EEE7EEF76A
:100B2000C1FC0028DED101210846E9F7D9F80028E8
:100B3000DAD1FFF7A0FF0028D4D10623CDE90000C9
:100B40008DF806306846E9F705F90028D1D0002372
:100B5000CDE9003307238DF80630D9E738B50546CF
:100B60000C462AB11F2901D8002038BD1220FCE70D
:100B7000E9F7ECF9A04211D3284602F003FF08B1CF
:100B80001F2CF3D8284602F067FE48B121462846BC
:100B900002F08DFE0028E7D14520E6E70720E4E7D4
:100BA0004220E2E738B5054602F056FEE8B1284695
:100BB000EBF718FC08B9002038BD2846EBF766F8BB
:100BC00004462846EBF7A6F988B9002CF3D0208814
:100BD000F3F7ECF902212088E9F798F80028EAD029
:100BE00041F6E5313920E8F7EDF84220E4E70C2042
:100BF000E2E710B50446FFF73EFF58B90121002097
:100C0000E9F76EF8E8B901210846E9F769F8F0B9A3
:100C1000012013E0F3F724F868B1F1F777FE0446FA
:100C200002F09AFE58B9204602F092FE80F00104CC
:100C3000E4B204F00104002CE0D1002010BD002437
:100C4000F7E7A830EFF766FD0028DCD0F5E7A8301D
:100C5000EFF760FD80F00100C0B2EFE72DE9FF4142
:100C600007468846008802A901F0B3F9064618BB7A
:100C7000039C94F86F3103F0FF061BB1B8F1020634
:100C800018BF012694F88F30232B94F8E13043EA03
:100C9000D3030CBFC6F10102002203F0010313438A
:100CA0003CD0BD7815B9F3F71FF80546F878B8BB06
:100CB000F3F71AF825B90926304604B0BDE8F081EB
:100CC0000028F8D094F87D2032B115F0020500F02C
:100CD0000200F0D00028EED0FF2284F82D21DEB9EA
:100CE00094F82C2102F0FF06B2B984F82F0101A973
:100CF00084F82C8184F82E51BA888DF8050020469E
:100D0000A4F830218DF80450ADF8062001F0EFF979
:100D1000002384F82D31CFE73A26F9E71A26CBE7EE
:100D2000002DCFD1C7E708B5F2F778FF002008BD46
:100D300010B50446F5F79CF82070002010BD10B5E2
:100D4000FFF75CFE044630B9F5F78CF82046F3F760
:100D500047FB204610BD0C20FCE710B50378044685
:100D6000012B01D9122010BDFFF7B2FE60B9207827
:100D7000FFF715FE01280DD004F11703E21D611CD9
:100D8000BDE81040F3F754BBF3F7E6FB0028EED0C4
:100D90000C20E8E7A37903F0C003C02BECD0E1E717
:100DA00010B503780446012B0AD8FFF791FE48B925
:100DB000214611F8010BFFF7F2FD01F0E5F838B913
:100DC000122010BDF3F7C8FB0028F1D00C20F8E783
:100DD0000020F6E738B50546FFF710FE0446A8B92F
:100DE0002878012803D9FF280BD0122038BDFFF73F
:100DF000D6FD691CF5F742F8002814BF0020072033
:100E0000F4E70120F3F7ECFA2046EFE70C20EDE7DA
:100E100038B50546FFF7F2FD0446A8B92B78012B3B
:100E200003D9FF2B0CD0122038BD1846691CFFF7E0
:100E3000B6FDF5F753F8002814BF00201220F3E7A1
:100E4000F3F7CEFA2046EFE70C20EDE708B500886F
:100E5000F3F788FB00280CBF3020002008BD38B510
:100E60000546FFF735FE044638B92878003818BF24
:100E70000120F3F76BFB204638BD0C20FCE708B5DA
:100E8000FFF726FE18B9F3F751FB002008BDF3F772
:100E900063FB0028F7D00C20F8E70823037000203C
:100EA000704703466921202210B50F2404700020EA
:100EB000DC70592459709A701C7158719971DA71EB
:100EC00010BD082108B5E8F7D1F9002008BD73B5B9
:100ED00006460C460088694601F07BF80546A0B935
:100EE000B3786BB9019B93F87C30A370338894F985
:100EF00002002380F3F78EFDA070284602B070BD7B
:100F00007F20FFF7CDFDA070F0E70225F5E710B5D3
:100F100004466FF07F00FFF7C3FDF3F77BFD207001
:100F20007F20FFF7BDFDF3F775FD6070002010BD59
:100F300010B50446F1F7EAFC02F007FDF3F76AFD8D
:100F40002070002010BD0A4600F1100108B50723EB
:100F5000FEF7D4FB002008BD10B501460446002072
:100F6000F3F7B0F808B92060A080002010BD10B5DC
:100F70000446F2F74DFE28B900202146F3F78AF81F
:100F8000002010BD0020FFF734FE0028F4D10C2013
:100F9000F7E710B504460120FFF72BFE28B101202A
:100FA0002146F3F777F8002010BD0C20FCE7F7B5D9
:100FB0000C4605466946008801F00BF8A21C034662
:100FC00090B9019901F1970781F8CB30386810602A
:100FD000387910712888208091F8CB6006F0FF00E6
:100FE000002EF1D103B0F0BD00230220C4F802307E
:100FF000137123706370F5E710B50446FFF768FDC1
:1010000058B92078611CFFF7CAFCE279F3F70AFCB3
:10101000002814BF0020022010BDF3F79DFA00281D
:10102000EFD00C20F8E7F7B506460C460088694675
:1010300000F0CFFF0546A0B9019F87F8765097F8DA
:101040007400F1F7F1F9A07097F87500F1F7ECF979
:10105000E07097F8763003F0FF00002BEDD1338875
:10106000238003B0F0BD10B583880446022B10D84E
:10107000C078FFF720FD08B9112010BDA078FFF758
:101080001AFD0028F8D020460121BDE81040FFF7E6
:10109000E5BD1220F1E713B58378C17803F00104B0
:1010A000027903F0020351EA040C1DD052EA030C4A
:1010B0001AD0002C18BF0021002B037818BF002283
:1010C0008DF802108DF80320427843EA0223ADF830
:1010D000003043798279684643EA0223ADF8043050
:1010E000FFF7C1FF02B010BD1120FBE707B5037881
:1010F00000214278012B8DF800308DF80120ADF8E9
:101100000210ADF8041007D1012A07D86846F1F79C
:10111000F7F903B05DF804FB002BF7D01220F8E7D5
:1011200008B5E9F7B7FC002008BD13B50C466946C1
:1011300000F04FFF30B9019B9DF80020B3F88830D4
:1011400012B9238002B010BD0133FAE770B586B042
:101150000546008804A900F03CFF10B1022006B04B
:1011600070BD9DF81030012B50D0059C2046FFF734
:1011700029FC0028F2D0AA881046FFF716FC064684
:10118000002C41D0E36998423ED1638E0393204600
:10119000AB89698802936B8901932B890093EB8853
:1011A000F1F75EF8034698B394F8212202F0FF00AD
:1011B00082BBAA886FF450610A4492B2062A40F2B8
:1011C000E24294BF64220023B24225D22BB1B4F88C
:1011D000741040F20223994220D1A4F80E2200227A
:1011E000C4E98426E979AB7943EA0123A4F81832EB
:1011F0002B7A697A84F8202243EA0123A4F81A3270
:10120000FF2384F82132AAE70123BFE71120A6E7D4
:101210003020A4E73A20A2E71220A0E70C209EE7A6
:1012200013B5044600F0EDFE00284DD02046FF2403
:10123000F3F73CFC0023CDE900336846E8F78AFD6C
:1012400050B300244FF44033CDE90043FF246846F7
:10125000E8F780FD20B300204FF48023FF24CDE980
:1012600000036846E8F776FDF0B100214FF4C02393
:10127000FF24CDE900136846E8F76CFDC0B10022F9
:101280004FF42023FF24CDE900236846E8F762FDF0
:1012900090B1002002B010BD009B83F80442CCE75F
:1012A000009B83F88A40D2E7009B83F83440D8E75C
:1012B000009B83F83440DEE7009B93F83820032A34
:1012C000E3D183F82240E0E71220E3E713B500887A
:1012D000694600F07EFE0146D8B99DF80030019CB9
:1012E0008BB19DF80030012B03D10198FFF778FBFB
:1012F00070B194F8333103F0FF0253B9FF2384F83F
:101300003331114605E02046FFF75CFB0028E8D1A9
:101310000221084602B010BD70B5002105460088C4
:10132000E8F7DEFC044688B3FFF74CFB10B90C2647
:10133000304670BD94F8523203F0FF0643BB94F878
:10134000E030DB0726D5D4F81C31002BEFD1D5F8DF
:10135000023004F50E72C4F84832D5F80630C4F8ED
:101360004C326B89A4F8503205F10C031C3553F84C
:10137000041BAB4242F8041BF9D10C2104F509709F
:10138000E7F774FFFF2384F85232D1E70226CFE754
:101390003A26CDE71A26CBE72DE9F341054690F82A
:1013A000018003210078E8F79BFC0446002800F048
:1013B0008780F2F755FC08B3204602F0A3FAEE78D6
:1013C000864228BF0646B6B2B8F1040F5DD0E06C85
:1013D000FFF78FF98719BFB2F2F742FCB8B9EB7883
:1013E00073B9204602F08EFA874210D9204602F0E7
:1013F000C9FA50B9072002B0BDE8F081EE78E3E702
:10140000204602F091FA0028EBD11220F3E7F2F720
:1014100027FC394602462046FFF7A0FB0028EAD108
:10142000A8F10303012B2DD8204602F0ABFA6B780C
:10143000032B2DD108F0FD07012F3AD1204602F0F1
:10144000A1FA002833D1B8F1010F08BF02273A46AC
:10145000E16C6846E8F792FD33466A680121E06C6A
:10146000FFF7B1F80028C5D06B78023B012B07D8F5
:10147000E06CFFF73EF901210246E06CFFF7D3F87C
:101480000020B8E7002ECFD1BFE7002ECCD0BCE7BC
:101490000028BAD1042BCDD12046EAF7A3FF0028BB
:1014A000B3D0E06CFFF73BF90028C3D1ADE70027CC
:1014B000CDE7B8F1040FCFD1204602F0A0FADFE764
:1014C000422098E72DE9F3470746467890F80390C5
:1014D00003210078E8F704FC044600283BD0F2F72B
:1014E000BFFB30B1204602F037FA002808BF4FF0AA
:1014F0000009E06C1FFA89FAFFF706F900EB09080A
:101500001FFA88F8F2F7ACFB60B1F2F7A9FB41468D
:1015100002462046FFF722FB054668B1284602B086
:10152000BDE8F087FB78002BEFD0204602F014FADC
:101530000028EAD11225F1E7042EFBD0032E10D0AB
:10154000B9F1000FF6D02046EAF74CFF38B10C2570
:10155000E4E704220EE04225E0E70725DEE7012E5E
:101560000CD1204602F00EFA0028F2D1012E0CBF59
:1015700006220522E16C6846E8F700FD53467A68CA
:101580000021E06CFFF71FF80028E6D0023E012E94
:10159000C4D842460021E06CFFF745F8BEE713B51A
:1015A0000446F1F7B3F94FF440736846ADF80030E4
:1015B00000238DF8023014F8013B8DF803300194BC
:1015C000FFF780FF02B010BD38B503210546007853
:1015D000E8F786FB0446A0B1EAF704FF28B92046E5
:1015E000691C02F087F9002038BD204602F0B4F9EA
:1015F00008B10C20F8E7204602F0AAF90028F8D13B
:10160000EDE74220F0E713B50446F1F77FF96846AD
:1016100014F8013B8DF803304FF440730194ADF89A
:10162000003000238DF80230FFF7B6FE02B010BD87
:1016300073B50546F1F76AF904462B7863B10023C8
:101640000DF1010101208DF80030F2F73BFD18B1DA
:101650006846FFF7B9FFA0B9002620468DF8006064
:1016600002F07EF9B0428DF8036014BF8023334648
:10167000ADF801302B78012B05D169462046F1F7F2
:101680004BFA02B070BD1BB92046FFF78BFAF8E7A2
:101690001220F6E710B5022104460088E8F720FB87
:1016A00020B1A11CBDE8104002F02FBB022010BDEC
:1016B00008B502210088E8F713FB20B10021BDE83E
:1016C000084002F022BB022008BD37B504460D4693
:1016D00000880921E8F704FB10B10C2003B030BDED
:1016E0000B212088E8F7FCFA0028F6D10C2120888D
:1016F000E8F7F6FA0028F0D16946208800F069FC86
:101700000028EBD123882B80019BB3F8BC306B8081
:10171000E4E737B504460D4600880921E8F7E0FA0A
:1017200010B10C2003B030BD0B212088E8F7D8FAA7
:101730000028F6D10C212088E8F7D2FA0028F0D151
:10174000238898B22B8063880BB91220EAE7694698
:1017500000F03FFC0028E5D1648842F21071019A44
:10176000A3B2D5694B43518E6943958C05FB01119A
:101770008B42EAD3D569D169A942FBD1013B00254F
:10178000A2F8BC400B44C2F8B450B3FBF1F3C2F86A
:10179000B830C7E713B500880C460880694680B2A8
:1017A00000F017FC18B9019B93F88D30A37002B0BC
:1017B00010BD10B50C460221E8F792FA88B1022C50
:1017C00011D804F00103C4F3400480F8D53180F847
:1017D000D44123B190F8D2313BB1EAF7FFFB0020AE
:1017E00010BD0220FCE71220FAE71846F8E710B512
:1017F00004460078FF280AD00321E8F771FA58B1AF
:101800006378A27843EA0223C384002010BDB4F8B1
:101810000100EAF7EDFDF8E74220F7E710B50446CE
:101820000078003818BF0120F0F75AFB2078003804
:1018300018BF0120EAF798FB002010BD10B5044640
:10184000F2F70EFA50B1F1F761F86178C1F3400296
:1018500001F0010102F0D7F8002010BD032120782B
:10186000E8F73EFA0028F0D14220F6E70820F2F728
:10187000FDB90B20F2F7FAB902F040BB02F06FBAE3
:1018800008B5C3780246013BD8B2042801D9FE2826
:1018900006D11378042B03D1EEF7FCFE002008BD1F
:1018A0001220FCE710B5044604B910BD2368984720
:1018B0006468F9E703680BB9016070471A465B6812
:1018C00013B18A42FAD170478A4218BF51607047FB
:1018D00008B5F0F703FBF1F72FFAEDF7EBFABDE8E7
:1018E0000840F4F781BB08B5FE20EEF7D3FEBDE853
:1018F0000840FFF7EDBF08B5EAF7CCF9F5F71CF99A
:1019000020B140F235119320E7F75CFA0320BDE8DF
:101910000840FEF7E6BD08B50220FEF7E2FD002014
:10192000FEF7DFFDE8F7A0FAF2F734FBE8F7EAFE8E
:1019300020B140F215119320E7F744FA08BDFFF7F4
:10194000EABF08B5FFF7D7FFF6F70AF820B14FF462
:10195000A5719320E7F736FA08BD08B5FFF7B8FF81
:1019600002F0C8FA20B14FF4D1719320E7F72AFAB8
:1019700008BD08B5FFF7B7FF02F0BCFA20B140F28E
:1019800097119320E7F71EFA08BDFFF7C4BF08B50B
:10199000EDF728FBF2F778F8F2F792F802F0ACFADC
:1019A000BDE80840F3F7A6BA08B5EDF723FBF2F758
:1019B0006BF8F2F785F802F09FFABDE80840F3F7FC
:1019C00099BA10B5C378044691B163B90388012B65
:1019D00001D95B082380F3F797FB2388B0FBF3F270
:1019E00002FB1300A070E37883F00103E37010BDE5
:1019F000002BF8D10388FE2BEDD85B009BB2FF2BA8
:101A000088BFFF23E6E783780BB1013B83708078C2
:101A1000B0FA80F0400970470123038040F20113BF
:101A200043807047FAF7B0BD0B46152203F8032B2D
:101A3000D0F80920C1F80320427B1A7170470128B1
:101A400004D1012914BF002001207047022801D1D0
:101A50000229F7E7042801D10429F3E700207047A1
:101A600030B585B004460D46F3F7CAF880B36FF47D
:101A7000B37302A91C442088ADF8000000F0A9FA55
:101A800018B12F21AE20E7F79DF9039B022168468C
:101A900093F870208DF8022093F87120B3F872301B
:101AA0008DF80320ADF80430FFF7D8F808B14521D0
:101AB000E8E78DF808009DF808308DF8090000204F
:101AC00063F307009DF8093063F30F2005B030BDC4
:101AD00032232B70D4F80930C5F8033004238DF875
:101AE0000830E8E708B5436893F88E201AB18821DA
:101AF000AE20E7F767F9212283F88E2008BD034660
:101B000010F0010005D19A0702D403F004007047D9
:101B10000220704730B5C1F3072285B0CCB2C0F3C4
:101B20000723C5B2019011462046FFF788FF20B970
:101B300019462846FFF783FFF0B12B40234002EA05
:101B400003010B4688071BD411F0010201D101F0FB
:101B50000402990716D413F0010001D103F0040028
:101B6000042A04D1BDF80630012B08BF0322D2B2EB
:101B700042EA002005B030BD05EA02012340E1E75A
:101B80000222E6E70220EBE72DE9F84F0546104672
:101B900093461F46FFF7B3FF064608468A46FFF7FF
:101BA000AEFF46EA0009DDF8288004465FFA89F9AD
:101BB000B9F1000918BF4FF00109F2F795F810EAE2
:101BC0000B0F08BF0026F2F78FF895F8742010EA83
:101BD0000A0F08BF0024B24214BF3346002388F81E
:101BE000003095F87520A24208BF0024234388F8EE
:101BF00001400AD1B5F88830013FFF1A47F6FD735E
:101C0000BFB29F4288BF4FF00009BEB995F874007B
:101C1000F0F71AFC03280ED195F82C31012B0AD1CC
:101C2000B5F83031012B95F8743009D1032B09D068
:101C3000032388F800304846BDE8F88F042EEAE711
:101C4000042BF8D00423F4E7042905D101280CD192
:101C50000321138051807047032906D1012804D045
:101C60000421012013805180704700207047012813
:101C700006D0022804D0033801288CBF002004209D
:101C80007047182070477FB54468CDE900211146A0
:101C9000019894F8746094F87550FFF73BFFC3B255
:101CA000C0F30720B34208BF0023854208BF0020CD
:101CB00084F80A3284F80B0204B070BD2DE9F341B8
:101CC000446805460F4694F88F80B8F1000F67D13D
:101CD00094F88E30253B022B5BD901A8F2F7A6F9C8
:101CE000E0B1019B0DF10301DB788DF80330162282
:101CF00094F88E00F3F752FA064688B10246162190
:101D0000284600F0B2FF3223284684F88F3000F0D6
:101D100089FF4646304602B0BDE8F0814146E6E71D
:101D20003B7913F007022DD07B7913F0070329D0FC
:101D300084F86C2084F86D3094F82D31DBB994F878
:101D40002C31012B17D094F8753094F86C20D91EE3
:101D5000012998BF04239A421ED194F87430DA1EE8
:101D6000012A94F86D2098BF04239A4214D16B681D
:101D7000022283F82C212323284684F88F3000F098
:101D800051FFC7E73946284602B0BDE8F04100F0F0
:101D900098BF4FF02008BCE72846F1F7F1FFEAE7CB
:101DA0000126B7E770B54468064694F88F50A5F150
:101DB0002103062B45D92F2D43D0002D3FD194F878
:101DC0008E30262B3DD00B7913F0070303D04A79D0
:101DD00012F0070205D13046C978BDE8704000F026
:101DE0005DBF84F86D2084F86C3094F82D31D3B940
:101DF00094F82C31012B16D094F8753094F86C209F
:101E0000D91E012998BF04239A4214D194F8743042
:101E1000DA1E012A94F86D2098BF04239A420AD151
:101E2000022384F82C312323304684F88F3000F0CD
:101E3000F9FE284670BD3046F1F7A2FFF3E7012511
:101E4000F7E72025F5E737B54568044695F88E3065
:101E5000212B23D10B7913F007021BD04B7913F000
:101E6000070317D000218DF804208DF80530ADF858
:101E70000610019AD5F82E11FFF705FF63680122BD
:101E8000002083F8CA202522A3F8C60083F88E20FC
:101E900003B030BD0023A5F80A32EFE70120F7E7D1
:101EA000436810B593F88F200446B3F80A12232A2A
:101EB00015D181B983F88F1093F82C31012B01D102
:101EC000F1F740FF6368002283F82C212046BDE82B
:101ED000104000F0B7BE262283F88F20F6E793F873
:101EE0008E20252A0DD141B983F88E10F1F72AFFF3
:101EF0006368002283F8CA2010BD262283F88E2052
:101F0000F6E740F2D731AE20E6F75CFF08B543684C
:101F100093F88F20232A05D022B140F2E531AE207C
:101F2000E6F750FF242283F88F2008BDF2F732B87D
:101F3000704730B542400C7818785D784440487856
:101F400068409D78044488786840DD780444C87807
:101F500068401D795B7904440879497968404B40B1
:101F600004442344D3420CBF0120002030BD03466B
:101F700000200139C9B2FF2900D170475A5C82F0B4
:101F800001021044C0B2F4E708B5F2F7C1F808281E
:101F900007D0F2F7DFF8082803D0F2F7EFF80120B6
:101FA00008BD0020FCE708B5F2F7B2F8082803D016
:101FB000BDE80840F2F7CEB808BD08B5F7F794FDC4
:101FC00018B1BDE80840F7F7C5BD082008BDF7F710
:101FD0008BBD70B50D4600210646E7F781FE04462D
:101FE000686010B10020287070BD02213046E7F70C
:101FF00077FE686018B1012320462B70F4E70220B9
:10200000F2E770B5047934F01F040ED1461E051DA9
:1020100016F8010F00F0A0FD0444AE42E4B2F7D17F
:10202000012C94BF0020012070BD0020FCE701447A
:102030000023884203D1B3FA83F04009704710F8B7
:10204000012B1343F5E7F8B505460C46D0E90476B5
:10205000FCF7E8F820B94FF483712920E6F7B2FEC7
:10206000F4B1D5E90431DA1B61EB0603012A73F1FF
:1020700000014FF0000115DB6FF00100904271EBA1
:10208000030302DA4FF48871E7E7631E1344B3FBDE
:10209000F4F35C43E41946F10006C5E904461C4626
:1020A0002046F8BD0C46FBE7CB1E012B0FD80329B9
:1020B00015BF4FF4167396234022102203F5BC730C
:1020C000984212D9C01A90FBF2F080B270470229F0
:1020D00005D13C2809D93C38C0F38F0070477028DF
:1020E00003D97038C0F3CF00704700207047034613
:1020F0000868186770470229024608B515D006D847
:1021000001290AD040F281112920E6F75BFE03394C
:102110000129F7D840F6A66008BD40F6C41340F286
:10212000E240002A18BF1846F6E740F6C410F3E76D
:102130006FF4B37C6044884294BF091A491A186846
:10214000012900EB5100186098BF0020136888BF78
:102150000120A3EB510313607047C3B293FAA3F3BA
:10216000000A90FAA0F01B0E000E43EA0020704710
:102170000131821DF8B5C9B20023012512F8010B07
:10218000884216D312F8066C002405FA04F7E0B270
:1021900037421CBF01F1FF31C9B269B10134082CCB
:1021A000F3D10133DBB2052BE8D199214620E6F7C4
:1021B00009FE091AC9B2F4E700EBC300C0B2F8BDCA
:1021C0000B6870B5C0F8013004460B79451C861DBC
:1021D00003F01F0343710023C37215F8010B00F0D5
:1021E000BBFC2871B542E37A1844E072F5D170BDAA
:1021F00081EA114189B270B50446C57A032682EAA4
:102200000100FFF7AAFF013E00EB001016F0FF06E9
:1022100001EB000290B2F4D141402522B1FBF2F370
:1022200002FB1313C3F3C402D8B203F00703224422
:102230005678012202FA03F31E4207D16943204671
:10224000C1F30741BDE87040FFF792BF70BDF8B51C
:1022500090F8215004466B1E242B56D8002A56D0E5
:10226000807D18B1012846D01F2019E094F8231072
:10227000012694F8223002FB03132522B3FBF2F16E
:1022800002FB1133DBB204EBD30284F82330D17D9F
:1022900003F0070206FA02F2114202D084F8243059
:1022A000F8BDB3FBF5F205FB123304F11C01024645
:1022B0000133D8B211F8013B834219D311F8067CDF
:1022C000002306FA03FCDDB21CEA070F1CBF00F175
:1022D000FF30C0B220B905EBC20284F82420DFE74A
:1022E0000133082BEDD10132D2B2052AE2D1BBE78E
:1022F000C01AC0B2F7E7228904F11600096AFFF795
:1023000077FF84F824000020CAE71220C8E71046AF
:10231000C6E7034612EA010003D013F03F0018BFDE
:1023200001207047D0F803300B60B0F807308B8085
:1023300070470378890123F0400301F040010B430B
:10234000037070470078C0F380107047037803F083
:102350007F0343EAC113037070470078C0097047D8
:102360001F2A38B50546144603D9B7212A20E6F7B7
:1023700029FD06340930FDF733FC6C7038BD1F2A87
:1023800038B50546144603D9D9212A20E6F71AFDA7
:1023900006340930FDF724FC6C7038BD30B5037885
:1023A000024603F00F03032B40D0052B1FD1C37F40
:1023B00090F82000034392F82100034392F8220092
:1023C000034392F8230020F01F0018432DD05378C8
:1023D000222B0CD1B2F81930B2F81740907D41B1E0
:1023E000B3F5506F05D940F607518B420ED9002046
:1023F0001BE0991F40F67A4589B2A942F7D8411EE1
:102400000729F4D88342F2D9A342F0D3B2F81B30A3
:10241000B3F5FA7FEBD2B2F81D0040F676430A38E6
:1024200080B298428CBF0020012030BD4078A0F1DE
:102430000C0358425841F8E72DE9F04190F8038029
:1024400005460E4618F03F0700F09180072900F27C
:102450008E80DFE801F004101A242E38424C0179F6
:1024600001224046FFF755FF00280CBF34460524E3
:102470002046BDE8F081017902224046FFF749FF7E
:1024800004460028F4D0052462E001790422404685
:10249000FFF73FFF04460028EAD0052450E0017909
:1024A00008224046FFF735FF04460028E0D0052407
:1024B0003EE0017910224046FFF72BFF044600283A
:1024C000D6D005242CE0017920224046FFF721FFD9
:1024D00004460028CCD034461AE001794022404618
:1024E000FFF717FF04460028C2D0052408E0017951
:1024F00040224046FFF70DFF00280CBF05240624AC
:10250000202229794046FFF704FF08B11234E4B2D3
:10251000102229794046FFF7FCFE08B10334E4B2EB
:10252000082229794046FFF7F4FE08B10234E4B2EC
:10253000042229794046FFF7ECFE08B10134E4B2E9
:10254000022229794046FFF7E4FE08B10634E4B2DE
:10255000012229794046FFF7DCFE08B10634E4B2D7
:10256000072E85D1231F9F42B8BF002480E7002497
:102570007EE770B50C46064611461D4624B940F26A
:10258000E1212A20E6F71EFCFFF756FF10B940F2C2
:10259000E221F6E7031F2B443F2B02DD40F2E3214B
:1025A000EFE72A4621463044BDE87040FDF718BBEE
:1025B00010B50446FFF740FF00B1204410BDC378BA
:1025C00003F03F0343EA8113C3707047C1F38003F4
:1025D00030B5C1F38014C1F340052344C1F30014A6
:1025E00004EB44042344C1F3401404EBC40403EBA0
:1025F0004403C1F300042C44C1F3C005134404EBAD
:1026000044042C4403EB440313F0FF031CBF0133C9
:102610000171C17818BFDBB221F03F0103F03F0424
:102620002143C170591C41701AB104339B1A013AFD
:10263000C25430BD4378C078013B00F03F00181A07
:10264000C0B27047F8B50E4619460746FFF7F2FFCD
:10265000451AECB2944228BF14464EB1FA7830467F
:1026600002F03F020432114422463944FDF7B8FA21
:102670002046F8BD2DE9F047C678012201793046A1
:10268000FFF747FE022205463046FFF742FE2022B2
:1026900082463046FFF73DFE082207463046FFF7E8
:1026A00038FE102281463046FFF733FE04220446EE
:1026B0003046FFF72EFE402280463046FFF729FEC7
:1026C00005EB0A0307EBC707404404EB44044F44FF
:1026D00003EB430320443B4400EB430010F0FF00B6
:1026E0001CBF0130C0B2BDE8F08738B5C5780446DC
:1026F000AB09032B1ED005F03F054378AB4219D937
:10270000FFF7B8FFA84215D895B12379DB060FD59E
:1027100004212046FFF74CFF48B1037803F03F0344
:10272000242B07D880785F288CBF0020012038BD7B
:102730000120FCE70020FAE70278437802F00F025C
:10274000072A12D8DFE802F0080408111111080E58
:102750000C3B584258417047063B1F2B8CBF002052
:10276000012070470BB1FFF7C0BF0020704702780F
:1027700002F00F02072A0AD0082A0AD0042A0ED132
:10278000407806381F288CBF002001207047FFF7D3
:10279000ACBF4078A0F10E0358425841704700206A
:1027A000704740787047037801F0030123F003037A
:1027B0000B43037070470378490123F0200301F0B5
:1027C00020010B43037070470B78837070471B2AFE
:1027D00008B504D940F25A412A20E6F7F3FA4270CC
:1027E0000330BDE80840FDF7FBB970B5B0F807301D
:1027F000B0F80950B0F805600479B0F80B0091B159
:10280000B3F5506F0FD940F60752934218D8B5F57B
:10281000FA7F15D20A3840F6764380B298428CBFD0
:102820000020012070BD9A1F40F67A4192B28A4280
:1028300006D8621E072A03D89C4201D29E42E5E7D1
:102840000020EFE7043001F1200351F8042B9942F6
:1028500040F8042BF9D10B880380704738B5154632
:102860000446FFF7EFFF2B68C4F826306B68C4F806
:102870002A3038BD037843B1406890F8D23123B193
:10288000002380F8D231E9F7A9BB704708B5017A77
:1028900019B101290DD0002008BD03680221C288AA
:1028A0008088F2F75BF90028F6D1F2F75DFB012092
:1028B000F2E70368C288F3E702230B7001238B70F1
:1028C0007047F2F7C5BA10B521B94FF41071102056
:1028D000E6F778FA4A600B72EFF3108472B6031DC4
:1028E0000B6042681AB1127A012A08BF03600368BC
:1028F0001960016004B962B6BDE81040F2F7F4BA9D
:102900000222F2F71FBB0322F2F71CBB0422F2F7EC
:1029100019BB0222F2F75ABB0322F2F757BB14236A
:102920000B706FF4A57318440388A1F80330B0F856
:102930004830A1F80530B0F84C30A1F80730B0F8B5
:102940004A30A1F80930B0F84E30A1F80B3070478A
:1029500008B5CB1E012B04D8800100F5747080B23D
:1029600008BD012902D10E30C000F8E7022902D1CA
:102970000F308000F3E740F286210620E6F722FAC6
:1029800040687047033901298CBFC08A4FF4296021
:10299000704770B590F874608D88033E0C89012EE5
:1029A00004D943B11678033E012E04D8B5F5296F3A
:1029B00038BF4FF4296590F87560033E012E04D9A5
:1029C00043B15378033B012B04D8B4F5296F38BFCA
:1029D0004FF42964CB884A88A0F86030A0F85C20C6
:1029E000A0F85E50A0F8624070BD38B5CB1E04461A
:1029F000012B10D9C38B458C9D4228BF1D46207AE0
:102A0000FFF7A6FF6389AB4228BF2B46984238BF29
:102A1000184680B238BD4FF42965F0E72DE9F04142
:102A2000064690460D46B0F8480011461F46FFF78F
:102A30008FFF0446414606F13C00FFF7D6FF844273
:102A40003946A7F1030728BF0446B6F85000FFF740
:102A50007FFF012F0346A4B28CBFB6F852004FF49B
:102A60002960834228BF0346A81D9BB22344184413
:102A7000BDE8F08131B9C18E90F8753090F87420BE
:102A8000FFF7CCBF818EF7E770B50C4615461946A7
:102A90004BB9868EFFF7EEFF28443044A04294BF26
:102AA000201A002070BDC68EF4E738B50D461146D9
:102AB0000446FFF7DFFF2844206438BD0346C069A1
:102AC000DB6B984228BF184601F19C0383423DBF4F
:102AD000401A9C38400800207047002803DB8142E0
:102AE00004DC08B202E049428142FADC704700F09F
:102AF0005533400800F05530034403F033329B084F
:102B000003F033331A4402F00F33120902F00F328C
:102B1000134403F0FF101B0A03F0FF13034403EBFD
:102B20001343D8B2704745F2555300EA030203EA53
:102B30005000104443F2333200EA020302EA9002EA
:102B40001A4440F60F7302EA030003EA1213184412
:102B500000EB1020C0B2704700F05503400800F0B1
:102B60005500184400F03303800800F03300184487
:102B700000F00F0303EB1010704780EA6000FFF7CE
:102B8000B6BF40F34E039BB25840FFF7CCBF32288C
:102B900009D006D8012806D9162814BF0020012024
:102BA00070473E28F9E70120704708B50346FFF754
:102BB000EEFF40B10846FFF7EAFF20B18B4214BF99
:102BC0002A20232008BD8B420AD1A3F13002D2B2C1
:102BD0000B2A05D840F6210020FA02F2D20712D4BF
:102BE0003E2901D1262B10D03E2B04D1262914BF1B
:102BF00000202A20E6E73B2901D11F2BF7E73B2BDA
:102C000005D11F29F3E72320DCE72A20DAE700209B
:102C1000D8E74368002283F88E2083F8CA20A3F8FF
:102C2000C6207047027843682AB9A3F8CC20012255
:102C300083F8CE2070470022A3F8CC2093F8CE2052
:102C40000132F5E708B50378426813B982F8CE304F
:102C500008BD92F8CE30013B5BB2002B82F8CE303B
:102C6000F6DA52214A20E6F7ADF8436883F81311EB
:102C700083F812217047A0F10B03042B0CD9A0F1AB
:102C80004403012B08D9A0F12103062B04D9A0F19C
:102C90002F03584258417047012070474268D2F8CC
:102CA000803010B513F0080409D143F0080382F80E
:102CB0001011C2F88030FFF7B5FF204610BD01208B
:102CC000FCE7436810B593F88F404CB9CA7883F895
:102CD0001021032283F88F20FFF7A4FF204610BDA8
:102CE0000124FBE74368002093F89020073A012A6B
:102CF00081BF0A7983F89120072283F890207047DA
:102D0000426892F89030073B012B84BF082382F879
:102D100090307047436870B593F88F50F5B9B3F8A9
:102D20008860B1F80920F643A3F89822324447F6A8
:102D3000FD7692B2B24206D9282283F8B120F2F78A
:102D4000AFFD284670BD4A68C3F89A220A7A83F814
:102D50009E220B22436883F88F20F2E70125F0E7DB
:102D600008B5436893F88E201AB12A215520E6F75A
:102D700029F80C2283F88E2008BD0B46082203F8A0
:102D8000032BD0F80920C1F80320D0F80D205A6099
:102D9000427C1A720023CB707047436870B593F879
:102DA0008F5006460C46002D5FD193F87D102046CB
:102DB000FFF71BFD28B9E1783046BDE87040FFF70A
:102DC0006DBF7268B4F80D30B2F88810A2F898326E
:102DD000C9430B4447F6FD719BB28B4207D92823A8
:102DE000304682F8B130F2F75BFD284670BDB4F88A
:102DF00007306FF450615918062995BFA3F5506349
:102E000040F2E2414FF47A7128468CBF4B434B436A
:102E1000C2F8A0322379E0B103EB830303EB830311
:102E20009B00A2F89A32B4F80530D8B164214B4324
:102E3000C2F89C32B4F80930A2F8A432B4F80B30CE
:102E4000A2F8A632002382F8AC320E2382F88F302B
:102E5000CBE7C3EB431103EB810303EB83035B007D
:102E60009BB2DEE740F2E241E1E70125BDE708B5AC
:102E7000436893F88E201AB161215620E5F7A2FF2E
:102E80000E2283F88E2008BD0B230B70D0F809307A
:102E9000C1F8023070470B460C2203F8022BB0F841
:102EA00009204A80C27A9A70704710B5044640687B
:102EB00090F88E30182B14D100F1F80200F50A7149
:102EC000052300F50E70FCF719FC63680122002051
:102ED000002183F893201A22C3E93A0183F88E2057
:102EE00010BD0220FCE7436893F88E20152A0ED10E
:102EF0004A68C3F830228A68C3F834224368002045
:102F0000CA68C3F80C21182283F88E20704702206B
:102F10007047436893F88E20112A05BF00201422C1
:102F2000022083F8930008BF83F88E20704708B50D
:102F3000436893F88E20142A04D04FF486711F2022
:102F4000E5F740FF012283F8D020132283F88E207A
:102F500008BD38B54368054693F88F4034B1123C3C
:102F60000B2C94BF08240124204638BD93F89420EC
:102F7000002AF9D0D3F81C3133B9FFF753FE6B6840
:102F8000122283F88F20EFE70C220A21FFF76DFE53
:102F90006B683222284683F88F20FFF743FEE3E771
:102FA00008B5436893F88F20162A04D04FF4BD71FA
:102FB0001F20E5F707FF012283F8CF20172283F8AF
:102FC0008F2008BD436893F88F20132A05BF142271
:102FD0000020022083F88F207047436810B593F8D3
:102FE0008F300446192B07D1FFF72CFE63681D2292
:102FF000002083F88F2010BD0220FCE708B543684D
:1030000093F88F20122A04D040F2A3111F20E5F775
:10301000D9FE012283F8CF20132283F88F2008BD28
:1030200008B5436893F88F20172A04D040F2AB11FB
:103030001F20E5F7C7FE192283F88F2008BD08B5C9
:10304000436893F88E201A2A04D040F2DB111F2027
:10305000E5F7B8FE1C2283F88E2008BD08B543684A
:1030600093F88E2022B140F2E1111F20E5F7AAFE6D
:10307000012283F8CF20112283F88E2008BD08B5E5
:10308000436893F88E203AB193F8D02022B94FF4D8
:10309000F4711F20E5F796FE012283F8CF20152258
:1030A00083F88E2008BD0B46072203F8032BD0F8C7
:1030B0000920C1F80320D0F80D205A60B0F8112083
:1030C0001A81C27C9A72704708B5436893F88E20C3
:1030D0001AB1DD211C20E5F775FE042283F88E204D
:1030E00008BD08B50378426833B992F88F306BB1E8
:1030F000E5211C20E5F766FED2F88030D90701D41F
:10310000E921F6E723F00103C2F88030BDE808406A
:10311000FFF798BD0E23A0F5A1700B7003884B80BC
:1031200070474368017893F88E2061B9052A08BF7B
:1031300000224FF0000002BF83F8BE2083F8CA20AF
:1031400083F88E207047102AF1E738B50478456877
:1031500054B995F88F305BB9FFF764FD54B9022379
:1031600085F88F30204638BDD5F880305B07F3D521
:103170000124F7E7D5F88030002443F00403C5F8B4
:103180008030EFE7037833B14268D2F8803023F023
:103190000403C2F88030FFF755BD08B5436893F8C3
:1031A0008E201AB170214B20E5F70CFE0278002A20
:1031B0000CBF0522102283F88E2008BD10B5D0E97F
:1031C0000D42A24206D38B8C121B498E05334B4312
:1031D000934202D3012380F83E3010BD01230B70CF
:1031E00000238B7030F8D23CA1F80330437A4B7146
:1031F0004389CB8083890B81704710B5446894F86C
:10320000D12092070ED494F88E301BB17421402047
:10321000E5F7D8FD0122A4F8C63084F88E2084F8A2
:10322000CA2010BD037843B994F88F300BB9FFF76B
:1032300009FD002384F83231F3E7D4F880309B078E
:10324000F7D5FFF7FFFCD4F8803023F00203C4F871
:103250008030EEE710B50B7901284C790A6843EA13
:103260000421104608BF41F4803110BD07B5FFF7B7
:10327000F1FF0DF10702F2F79FFD03B05DF804FBCB
:10328000037C0BB900207047037C012BFAD0007C33
:10329000073818BF0120704708B5027C012AD3B255
:1032A00004D0FFF7EDFF00F0010008BD1846FAE773
:1032B00030B585B01546089B099CC01A61EB040423
:1032C000002C214602DA404264EB440103AB2A465B
:1032D000009302ABFCF724FB002C039801DA00B149
:1032E000281A05B030BD0B46062203F8032BB0F8B0
:1032F0000920A1F80320C27A9A7070470B46172262
:1033000003F8032BD0F80920C1F80320D0F80D20D2
:103310005A607047352301F8033B00F10903293057
:1033200053F8042B834241F8042BF9D11B880B80FE
:103330007047F0B50646BDF8147001F5A571D92E99
:10334000344607F0010507F0020028BFD9243034C5
:10335000A4B2FF2C28BFFF24BF0700F0AF8048B302
:10336000042A21D0032A22D0022A0CBF4FF49674DB
:103370004FF414740C44D11EC9B29C34022934BFDA
:10338000282000200129044440D804F535649834ED
:10339000002D48D0042A40D0032A41D0022A0CBF75
:1033A0006421C0210819F0BD41F2D024E2E740F2C7
:1033B000CE54DFE783B1042A08D0032A09D0022AB9
:1033C00040F6480408BF4FF48564D3E744F29024E4
:1033D000D0E741F2BE14CDE7042A05D10534A4B2EA
:1033E000A40104F5C874C5E7032A05D10534A4B2C5
:1033F000240104F5BF74BDE7022A0BBF0B340A3465
:10340000A4B2A4B20CBFA400E400B3E7022A0CBF2C
:10341000B4204FF4B0700444B9E74FF4CA61C1E777
:1034200040F2AE21BEE793B1042A0AD0032A0BD0A2
:10343000022A40F648000CBF4FF48561014660182F
:1034400012E044F29021FAE741F2BE11F7E7F12EC3
:10345000354628BFF125042A1ED105F1130080B29C
:10346000800100F5C8752819D92E9CD9D93EF721BD
:10347000B6B2002B56D0F636042AB6FBF1F64BD086
:10348000032A4CD040F2725340F69211022A18BF20
:103490000B4603FB060086E7032A05D11335ADB2C0
:1034A0002D0105F5BF75DEE7022A0BBF193518356A
:1034B000ADB2ADB20CBFAD00ED00D4E78BB1042AC4
:1034C00009D0032A0AD0022A40F648000CBF4FF464
:1034D00085640446B3E744F29024B0E741F2BE1499
:1034E000ADE7042A05D10534A4B2A40104F5C874DB
:1034F000A5E7032A05D10534A4B2200100F5BF7465
:103500009DE7022A0BBF0B3404F10A05A0B2ADB24D
:103510000CBF8400EC0092E744F2DA33B9E741F2E1
:103520000833B6E7B6FBF1F3042ADBB21CD0032A5A
:103530001DD040F2725140F69214022A18BF214663
:1035400001FB0300C3EB4311C3EBC103F61AB3B293
:10355000002B3FF428AF0833042A9BB20AD19B0109
:1035600003F21A4318441EE744F2DA31E8E741F265
:103570000831E5E7032A03D11B0103F54673F1E7A0
:10358000022A0BBF9B00DB0003F5BB7303F5CD7371
:10359000E8E78B8873B513F0180506460C461ED174
:1035A000086820B940F2CF312D20E5F70BFC00F080
:1035B000B2FA217CF2F71EFEA3880146627C0093DA
:1035C00030462B46FFF7B5FECC30D4E902238242C9
:1035D00073F100032CBF0120002002B070BD012058
:1035E000FBE738B513220B460C4603F8032B00F11A
:1035F0000902293052F8041B824243F8041BF9D116
:10360000127802211A700123A588A3712846E6F7D3
:1036100067FB70B1E37863B10088F0F7C7FC022163
:103620002846E6F773FB20B14FF40A712D20E5F729
:10363000C9FB38BD70B504460D469630194616468E
:10364000FEF7BEFD84F8745084F87550FF2384F8AB
:103650007630E91E04F13C0001298CBF00210121D4
:10366000F1F7C0FC31462046F1F7CAF994F87E30F4
:103670002BB14FF04D1363630023238770BD4FF0D0
:1036800096126263F9E738B5CB690446104641F2F9
:103690007072A3F57A75954295BF4FF47A7240F235
:1036A000E242B3FBF2F3B3FBF2F398BF03F55063CE
:1036B00004F1A0029BB2A4F8AC308B8CA4F8AE301D
:1036C000CB8CA4F8B03091F8C23184F8B230637F6B
:1036D00063B394F86830012B28D194F86E3003F06E
:1036E000C003402B22D1D4F86930C4F8A030B4F81C
:1036F0006D3093800828236A04F1A6019A7803F1BB
:10370000030584F8992004F19A02D3F8033018D005
:10371000C4F8A630AB888B8004F19901F0F736FF2E
:1037200040B940F6B6312D20E5F74CFB0023C4F834
:10373000A030DEE794F8993043F0020384F8993022
:1037400038BDC4F89A30AB8893800023C4F8A63003
:103750008B80F5E70B46162210B503F8032BD0F843
:103760000920C1F80320427B1A71CB78BBB130F835
:10377000B43C1B0713D4B1F8054002212046E6F7FC
:10378000AFFA60B10088F0F711FC02212046E6F79D
:10379000BDFA20B14FF41A712D20E5F713FB10BDCF
:1037A0000121F3F7C5B8FFF7FBBF08B590F89430D7
:1037B0000BB1012008BD90F8CC30002BF9D190F866
:1037C000BE3003F0FF00002BF4D0F0F749FA80F090
:1037D0000100C0B2EEE730B54FF4B47285B00D46CB
:1037E00000210446FCF766F9FF232370132363804E
:1037F00042F21073E384E6F77DFB00220146E064A9
:103800006846E6F7BBFB00220121E06CFCF70BFFEA
:103810000422E16C6846E6F7B1FB0022E06C114639
:10382000FCF701FF04F13000E57400F024F902A870
:10383000F1F72CF920B940F20B312D20E5F7C2FA4F
:1038400002A904F13600FEF7BBFC05B030BDFF2332
:10385000C86C0B70FCF7B4BE0078FF3818BF0120AD
:103860007047F7B5044630300E4600F054F96188D1
:103870000746CA0605D52822F3F790FC8C3003B022
:10388000F0BD8B07E06C0FD5FCF76BFF0546217987
:103890003846F2F7AFFC6388014662790093284608
:1038A0003346FFF746FDE9E7FCF74BFFEEE703463B
:1038B00008465A8812F0180F30B587B010D103F1BE
:1038C0003001ADF80420D3E902459B880091694698
:1038D000ADF81030CDE90245FFF75BFE07B030BD13
:1038E0000120FBE7D0E902017047007D003818BFD6
:1038F000012070470B68C0F816308B884383012382
:1039000003777047438813F0100005D013F0040FBD
:1039100014BF00201F2070479A0704D4DB0701D48E
:10392000E6F714BBEE20704708B5FFF7EBFF003851
:1039300018BF012008BD4FF40043A0F84830438869
:103940001D2B08BF00214174704790F91300704788
:10395000408800F0010070474088C0F34000704785
:103960004088C0F3C000704710B54488C06CE306BF
:1039700054BFC4F340040024FCF7DAFE002C08BF57
:10398000012010BD4088C0F3001070474088A0F1AE
:1039900009035842584170474079C31E012B05D88E
:1039A000B1F87230012B0CBF03200420704710B512
:1039B0000446F1F7A9FBC0F30B00A042F9D010BDFB
:1039C00010B50446F3F7E2FA00212046F2F7B0FF03
:1039D0002046BDE81040F2F791BC90F868300162D3
:1039E0004B72D0F86930C1F80A30B0F86D30CB8135
:1039F00070477047F2F7AABE80F888107047FF231F
:103A000080F88B30704780F8241080F825207047AC
:103A1000C0F34002C0F3800300F0010013441844D7
:103A20007047022808B507D0042807D0012807D01E
:103A300039212E20E5F7C6F9262008BD2720FCE70E
:103A40002520FAE78278034612F0010002D0D978E7
:103A5000C9070FD5900702D5D978890709D512F083
:103A6000040007D0DB7813F0040F14BF00200420FB
:103A70007047022070470023C0F8023001234370D2
:103A8000037070478170704710B542701446017022
:103A90008078FFF7BDFF484304FB00F2FE2A03DDF8
:103AA0005C212E20E5F78EF910BD0023C370437111
:103AB0000371704710B50446FFF7C4FF637962785D
:103AC0000133DBB29A4263710CD1E3780022A17812
:103AD00003436271DBB29942E37001BF2379E27064
:103AE00001332371BDE81040FFF79BBF38B5044692
:103AF0008078FFF78DFF0146E078FFF789FF237894
:103B0000227965789B1A6B4359436379C91A00FB84
:103B10001510C0B238BD014608B58078FFF778FFB0
:103B20004A780B7853435843C0B208BD40F2EF20A7
:103B3000704740F25A335843704708B5436893F8CA
:103B40008F20172A04D04FF4A9613120E5F73AF904
:103B50001B2283F88F2008BD08B5436893F88F2097
:103B6000322A06D1002283F88F20BDE80840FFF7F3
:103B700069B8172A03D11B2283F88F2008BD40F2B1
:103B80005D513120E5F71EF9037D63B9C37B90F8E1
:103B90005000A3F11102032A05D928B11D2B8CBFB7
:103BA00000200120704701207047037D63B9837BAB
:103BB00090F85000A3F11102032A05D928B11D2B5A
:103BC0008CBF0020012070470120704738B50E38A7
:103BD000536814460D4693F88E2009283FD8DFE835
:103BE00000F0053E3E3E0F3E173E3E26042A05D11C
:103BF0002046FFF70EF82046F2F70AF8002038BDFD
:103C0000102AFBD120460021BDE83840FFF789BAD1
:103C10001E2AF3D12046FEF7FCFF002DEED062688D
:103C200092F8E03023F0200382F8E030E6E793F8E2
:103C30008F20242AE2D10025204683F88F50FFF7F9
:103C400001F8636893F82C31012B03D129462046F3
:103C5000F0F778F86368002283F82C21CEE740F271
:103C60004F213120E5F7AEF8024640680B4690F848
:103C7000E01041F0040180F8E01059791879F3F769
:103C800007BC38B50D460446D1E90501E6F7D8F87A
:103C900095F81C0220280FD0FAF7D4FD95F81C02E5
:103CA000FBF78CF995F81C02FAF796FA20B940F662
:103CB000FE013120E5F786F80D212046E6F726F8CB
:103CC0000E212046E6F722F810212046E6F71EF8DE
:103CD0000F212046E6F71AF811212046E6F716F8DC
:103CE00020461221BDE83840E6F710B8E6F7A8BE36
:103CF0000022A0F88E2080F8922090F8D33113B1E2
:103D00000221E8F7F3B90321FBE738B5044608467A
:103D100094F8883213B10C25284638BD94F88F30BA
:103D2000163B012BF7D894F8B83203F0FF05002BAF
:103D3000F1D191B194F8EE3123B940F66D213120E3
:103D4000E5F740F8052304F1F80204F5EF71FBF7FD
:103D5000D5FC012384F88832DEE70223FAE7F1F785
:103D600015BB436893F818212AB1002283F88E20EE
:103D700083F8CA20704783F88F20FEF763BF43683B
:103D800093F88E20032A05D1002283F8CA2083F8F5
:103D90008E207047FEF756BFA1F11303012B0AD9FD
:103DA00010B9172902D87047132906D91C298CBFCE
:103DB000002001207047012070470020704738B56F
:103DC000142853680D46144693F88E300BD01628ED
:103DD00019D0122830D1052B13D100211046BDE88F
:103DE0003840FFF79EB91E3B022B0AD81046FEF75B
:103DF00010FF35B1626892F8E03023F0200382F8BA
:103E0000E030002038BD212BFBD11046FEF701FF2A
:103E10006DB1626892F8E13023F0010382F8E1307D
:103E2000626892F8E13023F0080382F8E1301A2149
:103E30002046EFF787FFE4E740F25D413620E4F7E4
:103E4000C1FF024640680B4690F8E01041F00401C3
:103E500080F8E01059791879F4F71CBE08B5F4F72A
:103E6000CFFB18B9BDE80840E6F7EABD0021BDE880
:103E700008400846F4F7D6BE38B50C460546D1E9E9
:103E80000501E5F7DDFF94F8F10120280FD0FAF7DE
:103E9000D9FC94F8F101FBF791F894F8F101FAF7E5
:103EA0009BF920B940F6A8113620E4F78BFF04F502
:103EB000E4742046F2F7A4F810B12046F2F7AEF809
:103EC0000D212846E5F722FF0E212846E5F71EFFC3
:103ED00010212846E5F71AFF0F212846E5F716FFBF
:103EE00011212846E5F712FF28461221BDE8384087
:103EF000E5F70CBF00207047F1F770B9F1F72EBA63
:103F0000014638B5448E91F89230A400B0F8C00054
:103F100013BBC0F1060591F8BE302D1B1BB191F803
:103F20008E30052B1CD101F18000FFF73EFEC8B199
:103F3000D1E92D031B1A1C1BAC420888A8BF2C46D4
:103F400000F040F820B1C389043B9C42B8BF1C4636
:103F500024EAE47080B238BDB1F8C2502D1ADAE715
:103F60000024E9E72C46E7E770B50E460421054634
:103F7000E5F7B6FE044648B906212846E5F7B0FE47
:103F800020B116B190F8BD3003B90446204670BD8B
:103F90001D2310B50446C370EFF7CCFE207110BD91
:103FA0001E2310B50446C370EFF7C4FE207110BD88
:103FB00001234380038000238380C3804FF4486340
:103FC000038170470E21E5F78BBE73B56946054640
:103FD000FDF7FFFF044618B11F215420E4F7F2FE5D
:103FE0002846019EFFF7EEFF28B1012373868481E6
:103FF00044810482C48102B070BD00230122038089
:104000004380038143814FF44863C280828083816F
:10401000704708B5FBF72AFCBDE8084000F03CB942
:10402000801A00F3070038B50D46144659B240B265
:10403000F7F788FF0023287020446B7040B238BD2A
:1040400070B415469DF910209DF90C60841A002C5F
:10405000C8BF32462A7070BCFFF7E2BF1FB50C46DE
:1040600011461A469DF81830009303ABF7F730FC61
:104070009DF80C309DF90E0023709DF80D30637093
:1040800004B010BD037A5BB14379026802EB83028E
:10409000D2F8003203F0E04343F00303C2F80032E9
:1040A000704701600120704700230360704770472C
:1040B000002070474FF0FF3070474FF0FF307047DF
:1040C00070474FF0FF307047002070470020704766
:1040D0000023037070479DF800300022FFF7A0BF57
:1040E000002070474FF0FF3070474FF0FF307047AF
:1040F0004FF0FF307047704770B50D4614460646C6
:1041000068B1037813B16FF0150070BD134604F168
:104110005C015268F7F736FC0028F6D1A66465B159
:104120002B78012BEFD1224604F158012846F7F7EE
:1041300053FC0028E9D1E564E7E72846E5E710B538
:104140000446806C58B10378BBB9E36D2BB194F889
:10415000382004F15C01F7F7FDFB0023A364E36C56
:104160004BB11B78012B0DD1214604F15800F7F714
:104170005FFC0023E364002010BD4FF41171712037
:10418000FBF746F940F25321F9E710B50446F7F77B
:1041900011FD2046FFF7D3FF2046BDE81040F7F79A
:1041A0007FBD0323036070474FF4C471A02008B59E
:1041B000FBF72EF94FF4BD71A02008B5FBF728F9E5
:1041C000F7B50D460446642200212F46FBF772FC2A
:1041D00026460FCF0FC63B6805F1200104F11400FD
:1041E0003360F7F72DFB05F1140104F11C00F7F71C
:1041F00027FB05F12C0104F12400F7F721FB05F161
:10420000380204F12C0307CA83E807001846FFF7B9
:1042100039FF29462046F7F725FC064680BB95F86E
:10422000402094F9103082B394F9111094F91220BF
:10423000994204D0934214BF6FF0150000209142C0
:10424000B9BF84F8612084F8621084F8611084F8A2
:104250006220994217D09A1A5342534184F863302E
:10426000C0B96B7C01A88DF8043000238DF80530AF
:10427000AB7C8DF8063001238DF80730F7F734FB5F
:10428000304603B0F0BD0023E8E784F8613084F8DD
:104290006230E6E70646F3E770470020F7F788BE8E
:1042A0000020F7F711BF0020F7F73CBF0020F7F719
:1042B0007FBE704770B50024F8F7DAF90546264648
:1042C000E0B2854200D870BDF8F7D8F90134868491
:1042D00080F82660F4E7FBF7A1BA0020704770472A
:1042E00020BF70470020704700280CBF6FF01500FA
:1042F000002070470020704707230370002070479C
:10430000002070470020704710F8012B11F8013B86
:10431000012A28BF9A42F7D0D01A704713B5CDE9C9
:10432000000101460D4809F07BFC0022002369468C
:104330000B4805F08BFF044668B1E323094A0A499C
:104340000A4809F0BBFB2146094809F0B7FBE32105
:10435000044809F0AAFB02B010BD00BF7061002143
:10436000DC0800215A000301920003019B000301B5
:10437000B8000301014806F03BBC00BF1009002152
:1043800038B5094D4FF0FF324FF0FF33284606F0A5
:10439000A3FB044602F028F910B1204601F0C8FE44
:1043A00007F0DEFEEEE700BF440900212DE9FF47DC
:1043B000DFF80491414FDFF808814FF0FF324FF0F2
:1043C000FF33484602A906F01FF8044668B1F023FF
:1043D0003C4A3D493D4809F071FB21463C4809F003
:1043E0006DFBF021374809F060FB029C039E2346D9
:1043F00013F8010B711E0228039128D0052839D02B
:10440000012804D02146384609F024FCD5E70229CA
:1044100002D821462948F7E7E278043E9642F8D1CF
:104420000322CDE900324FF0FF324FF0FF3302F0AC
:10443000A9F80546043405F10C0A504609F0A1FE1E
:10444000864229D9284601F073FE0299E2E7032942
:10445000DFD9B4F80320053E9642DAD104204FF0AC
:10446000FF32CDE900304FF0FF3302F08BF8053416
:104470000546E0E70329CCD9B4F80320053EC2F392
:104480000D029642C5D104221020CDE900324FF032
:10449000FF324FF0FF33E8E721463246504609F03D
:1044A00078FE3846029909F0D5FB002D85D02946C3
:1044B00040460AF0B5FE80E7DC080021706100216B
:1044C000440900215A000301920003019B000301EB
:1044D000DC00030108B50A4802F092F870B90948F7
:1044E00009F063FB002802DA10F1780F06D1BDE86D
:1044F0000840054A0549034809F065BB08BD00BFEF
:104500002809002160F70201F407002170610021F1
:1045100070B54FF0FF324FF0FF330D4806F0ECFB63
:104520000C4E0D4D4FF0FF324FF0FF33304606F08A
:10453000D3FA04462846228AE16809F058FB00288D
:1045400003DB204601F0F4FDECE707F009FEF1E79C
:10455000100900212809002170610021F8B50F46DB
:1045600000293BD006680122304609F0F3F80146E5
:104570000446304609F0B6F8C3070DD4AF23184AF5
:104580001849194809F09AFA3946184809F096FA74
:10459000AF21134809F089FA2146304609F0B8F8EE
:1045A000251829460022304609F09CF82D1AAC4205
:1045B0000BD0B7230A4A0E490B4809F07FFA394657
:1045C0000C4809F07BFAB721E3E72146304609F0B1
:1045D000A5F82146BDE8F84009F0E1B9F8BD00BFF3
:1045E000280103014B0103019B0003015C0103014E
:1045F00094010301BA010301B2F5802F2DE9F041C6
:1046000010D2042A28D843494FF40773424A43483A
:1046100009F054FA424809F051FA4FF407713E4844
:1046200009F043FA0823D21ACC1D114424F00704E0
:1046300021F00701091B17294FEAD1060ED8394985
:1046400040F22523344A354809F038FA344809F055
:1046500035FA40F22521E2E70423E4E7002704606D
:1046600031463046A660E76009F087F80121421D17
:104670008046304609F078F89200D51DED082844B0
:10468000B0423AD8B8F1FF3F3946A2F1100204F126
:104690001000B8BF3A460AF01CFF2A4639462046A9
:1046A00009F054F83B463A463946204609F025F8C9
:1046B000A6EB050820463946012209F02FF84246AC
:1046C000294609F043F82B463A462946204609F088
:1046D00014F83146204609F039F843463A46314647
:1046E000204609F00AF831462046012209F016F862
:1046F0002946BDE8F04109F010B90B4940F23A23D0
:10470000054A064809F0DAF9054809F0D7F940F2F8
:104710003A2184E7F6010301280103019B0003010C
:10472000170203013002030159020301014B1B6808
:10473000184700BF1008002130B585B004460D466B
:104740001022002168460AF0C4FE02238DF80230D0
:10475000044B2A4621466846019308F04FFD05B0F8
:1047600030BD00BF2D47020180B505460E461746F5
:10477000984607F0ABFE03460AF048FF0446DFF810
:104780001890424649F8003039463046A84754F858
:10479000090000F0DDFF00BF080000002DE9F84F20
:1047A0000446A38B08461907154612D4022803F0C5
:1047B000070165D1204609F08EF988B10138042837
:1047C00000F23781DFE810F05C0035018200D40090
:1047D000040101280CBF43F0100143F02001A18324
:1047E0001434204608F0F2F8002840F09D819A49E0
:1047F00040F23113994A9A4809F060F92146B1E034
:1048000003F00702501F01281ED80020062A27683F
:10481000C4E9000014D13A4603E0E08B0130E083A4
:104820001268002AF9D123F0070343F00202204660
:10483000A28309F050F990B342F02002A2832EE047
:1048400023F007039AB2F2E7042A33D123F00703D7
:104850009AB22046A28309F03EF910B142F020023C
:10486000A283A38B03F00709894540F0EC80A18B5C
:10487000CA0640F1508121F01003A38301F0070123
:10488000D4F81880A38BB8F1000FB9DA002227689A
:1048900023F00703C4E9002243F00103A383A38BA1
:1048A00003F00709894540F0CF80002FDFD00026B4
:1048B000B24644E06B4940F21B136B4A684809F06A
:1048C000FDF840F21B11684809F0EFF849B167495B
:1048D0004FF4AB73644A624809F0F0F84FF4AB71DF
:1048E000F1E723684BB9624940F257135E4A5C48CE
:1048F00009F0E4F840F25711E5E723691E684EB964
:104900005C494FF4AD73584A554809F0D7F84FF455
:10491000AD71D8E70F4688464FF00609A38B23F008
:10492000070343F006039BB2A383A268002A40F06A
:104930008D80002F40F08D80002E98D0BA4643F035
:10494000080304F1140B5846A38308F03FF800282D
:1049500040F09A80404940F23113404A404809F003
:10496000ADF85946444809F0A9F840F23111ADE0DC
:10497000022909D0414940F25D133B4A384809F009
:104980009DF840F25D119EE7E78B4FB13C494FF433
:10499000AF73354A324809F091F84FF4AF7192E79E
:1049A00023695E684EB9334940F261132E4A2C48A0
:1049B00009F084F840F2611185E7A38BB84623F033
:1049C000070343F004039BB24FF00409A383ACE751
:1049D000012909D02B494FF4B273234A204809F02A
:1049E0006DF84FF4B2716EE723684BB9204940F27D
:1049F00065131D4A1A4809F061F840F2651162E733
:104A000023699E684EB91B494FF4B473164A144883
:104A100009F054F84FF4B47155E70027A38BB8465A
:104A200023F0070343F005039BB24FF00509A3836E
:104A30007BE70C4940F26B130B4A094809F03EF83A
:104A400040F26B113FE7002700266EE74FF0010AA6
:104A500075E7924673E700BF570303012A0303017A
:104A60009B000301B81C030184020301A902030196
:104A7000B5020301D80203016E030301EF02030133
:104A8000050303011403030185F31188BFF36F8F3E
:104A9000BAF1000F1CD177BB16B120462549B047AB
:104AA000EFF31185402383F31288BFF36F8F5846CD
:104AB00007F07EFF38BB88231F4A2049204808F0B2
:104AC000FDFF59461F4808F0F9FF88211A48FBE608
:104AD000A1680029DFD00D680029DCD043464A4692
:104AE0002046D1F804A0D0471DB12B6829461D46A9
:104AF000F2E72B46FAE7394643464A4620463F68E6
:104B000009F015F8C7E7584607F076FFA38B23F0A6
:104B10000803A383ABE68B067FF562AE21F020038A
:104B2000A38301F0070145E685F31188BFF36F8F7A
:104B3000BDE8F88F494B02012A03030183030301F7
:104B40009B00030198030301F8B504460D4600F1EC
:104B50001406EFF31187402383F31288BFF36F8F9E
:104B6000304607F025FF68B988230C4A0C490D48E8
:104B700008F0A4FF31460C4808F0A0FF8821074840
:104B800008F093FF304607F037FFA5613A4620460C
:104B9000BDE8F8400121FFF701BE00BF2A03030171
:104BA000830303019B000301980303012DE9F047F0
:104BB00004460F4608F0ABFF051E68DB04F114093C
:104BC000EFF3118A402383F31288BFF36F8F4846B7
:104BD00007F0EEFE804660B98823384A38493948E4
:104BE00008F06CFF4946384808F068FF88213348D0
:104BF00042E0484607F000FF4FF6FF72E38BA68BBA
:104C0000934206F0070645D0022E15D135460133F2
:104C1000E383484607F0DAFE002841D140F2311321
:104C2000264A2A49274808F049FF4946284808F0FB
:104C300045FF40F23111DAE7062E13D8DFE806F01F
:104C4000092D1212090409006FF085054FF00008C4
:104C5000DFE700233B60636883B9C4E9007786B16E
:104C60003546F3E71B4917484FF4E4731A4A08F036
:104C700025FF4FF4E471184808F017FF1F606760C4
:104C8000EDE7524602212046FFF788FD35462846CB
:104C9000BDE8F0876FF00A05D8E76FF00405D5E7A7
:104CA0008AF31188BFF36F8FB8F1000FEFD00023A4
:104CB00032463946204608F03AFFE8E72A03030166
:104CC000830303019B0003019803030157030301BE
:104CD0006E030301140303018402030108B5426853
:104CE000034602F00302022A81600AD0032A4FF031
:104CF000000103D0012A0AD1596006E01868596002
:104D000008BD186800225A6058B90020F8E7064923
:104D100006484523064A08F0D1FE4521044808F01C
:104D2000C4FE08F047F9F0E7B81C03019B0003013B
:104D3000AE03030130B50C460E4985B00291D0F8A0
:104D4000D4110546CDE9003100F1F0014FF0FF33F9
:104D5000204604F057FC50B9012384F86C30D5F894
:104D6000D03123B1204605B0BDE83040184705B02A
:104D700030BD00BF79DD020138B50C46114605464D
:104D800008F0FCFF034638B92846044908F0F6FF4E
:104D900003460020236038BD0120FBE7070803011C
:104DA0002DE9F04F012381460569466887B005F576
:104DB0005D77D7E8EF2F002A03D1C7E8E13F00294C
:104DC000F7D10CBF1A46002240F0B080B368B16A38
:104DD00005F5F8781C1F104609F057F884426ED884
:104DE000013A00F09D80B2FA82F24FF00044D440C4
:104DF00072682046073222F00302C5F83C22B16AED
:104E000009F043F8C5F84002B36A404663430333F0
:104E100023F0030302EB4302230103EB44030933B2
:104E200023F0030303EBC403C5F834221A44083209
:104E3000C5F830227368C5F83842C5F82C323D4BAE
:104E4000C5E9AD63316800F0E5F90446002834D1C6
:104E5000D9F810B0D9F804A0D9F800300BF534799E
:104E6000059004934846DAE90734012B08BF103C4B
:104E700006F09CFADAF824002F4904AB01EB8021FC
:104E80004FF4806248460093234606F0A9FA2B4966
:104E90000BF5307006F01CF9DAE9050183685C68EF
:104EA0004CB15B46264AA047044630B9DAE9050111
:104EB00083681B692BB96FF05704002129E0013288
:104EC00089E70122984704460028F6D11D4B284661
:104ED000C5F8D0311C4BC5F8D4311C4B0393D5F821
:104EE00040320293D5F83C32CDE9008305F51173C9
:104EF000B26AD5F8701300F055F904460028DCD1E9
:104F000005F1F00004F024FC0028C5F878030ADB62
:104F10000221384608F066FF204607B0BDE8F08F52
:104F20006FF00B04C9E76FF01504C6E76FF0770464
:104F3000F2E700BFCFDD0201206D0021B5DD0201E7
:104F4000A9DD0201514F020161DF020115DE0201FC
:104F500013B5044640B100230122CDE90032074BCE
:104F6000D0E9091204F022FB236F1B6823B1606FA4
:104F700002B0BDE81040184702B010BD0708030199
:104F800013B504460846216901F55D71D1E8AF1FEC
:104F9000022910D193B1A0B10121CDE9003113460E
:104FA000D0E9091204F002FB074B984208BF6FF0EA
:104FB0000B0002B010BD6FF00F00FAE76FF04C006D
:104FC000F7E76FF00100F4E72EF8FFFF2DE9F34754
:104FD00089461546066906F55D73D3E8AF3F022B97
:104FE00064D1136823B96FF0150002B0BDE8F087F3
:104FF0001B78002BF7D0D6F870A3BAF1000F36D18A
:1050000006F5EC774FF0FF324FF0FF33384605F0EE
:10501000DBFA30462A6801A9FFF7AEFE019C804604
:105020001CB9384608F0DCFEDDE705F1080323670C
:10503000AB6984F86CA06367646460B1384608F0BB
:10504000CFFE21463046A36E2A68FFF773FE00208C
:10505000C9F80040C9E71F22296804F148000AF096
:1050600062FA384684F8678008F0BAFEEFE7304607
:10507000104908F083FE04460028B4D0002705F14B
:1050800008030367AB6980F86C70436740641F22B4
:10509000296848300AF047FA22460121304684F850
:1050A000677000F061F80028D1D09CE76FF00F0026
:1050B0009BE700BF0708030110B50C46006900F527
:1050C0005D73D3E8AF3F022B0FD189B10A4900F5D8
:1050D000307006F0DDF8204609F05BFE78220021F2
:1050E00020460AF0F6F9002010BD6FF00F00FBE734
:1050F0006FF00100F8E700BF786100212DE9F04F63
:1051000005460E4690460027D0F8C4A085B0AAF503
:10511000BE7421463046FFF7F7F8E0B9114BA4F111
:10512000480B0293DAF810303246CDE90083294665
:105130004FF0FF335846AAF5E27904F063FA60B9FC
:105140007823012203FB079383F86C20DAF80C30F4
:105150000BB158469847783417B105B0BDE8F08FC9
:105160000127D6E78FDF02011FB5144690B18AB13F
:10517000012912D10A4B00F1F0010293D0F8D43189
:10518000483201934FF0FF332046009304F03AFA7F
:1051900004B010BD6FF01500FAE70020F8E700BF7B
:1051A0008FDF02012DE9F04387B00E46DDE90E8165
:1051B0001446DDE910251F4630B329B3DFF850C08F
:1051C00000F1F009002D08BF65469EB9CDE9034402
:1051D00000F5E2742046059609F093FF03ABCDE994
:1051E00000432A463B464146484604F06DFC07B062
:1051F000BDE8F083002241460E9248462A4607B099
:10520000BDE8F04304F0B0BD6FF01500EFE700BF5C
:10521000FD500201F0B504462B4A87B004AB0E46A0
:1052200092E8030083E80300002C49D0184604F0FC
:10523000C3F80546B0B94FF0FF33E16C04F15407F1
:10524000A163CDE9010000933846236D04F13802D3
:1052500009F051FAA06C08F0C9FEC4F8BC0020B9EE
:105260006FF00B05284607B0F0BDA06C08F0BEFE3D
:10527000C4F8C0000028F3D0236CD4F8BC10C4F8E4
:1052800090300423C4F89430C4F8AC300223E362B5
:105290000E4BB4F84820C4F88C10616C236204F102
:1052A0008C03C4F8A070A4F89820C4F8B870C4F8AF
:1052B000A810A4F8B020C4F8A400A6612363D1E725
:1052C0006FF01505CEE700BF2CF90201ECFE0201DC
:1052D000014B03600020704718FF020108B5044825
:1052E00008F0D6FBBDE80840024808F0D1BB00BF7B
:1052F000D90303010E04030130BFFFF7FDBF00BF58
:105300002DE9F04105460B4EDFF82C80324606EBC6
:105310000807CC1B204609490AF0CEF8A0194246DE
:105320000021083C0AF0D5F86C6707F10800BDE8D9
:10533000F08100BF00000000040000002CF9020111
:10534000054B5A699B689A421FBF044A536843F051
:1053500080535360704700BF3C64002100ED00E0C3
:10536000154B9A6A12F0007F9A6A14BF1E201D2006
:1053700012F0807F9A6A18BF1F2012F4801F9A6A69
:1053800018BF022012F4002F9A6A18BF212012F4CD
:10539000802F9A6A18BF222012F4003F9A6A18BF21
:1053A000232012F4803F9A6A18BF24206FEA024239
:1053B0006FEA12429A62704700ED00E010B5164B9A
:1053C0009A6A9C6A12F4805F14BF1722162214F4A2
:1053D000006F9C6A18BF1822A40509D59A6B9A6AB7
:1053E000120404D518B19A6A22F400429A62192272
:1053F000094B986A10F4806F986A18BF1A2210F44B
:10540000807F986A40F47F4098624FF000030CBFA1
:1054100010461B200B7010BD00ED00E010B5204BB6
:105420000246986A9C6A10F0100F14BF11201020D9
:1054300014F0080F9C6A18BF1220A40709D5586BF6
:10544000986A000604D51AB19A6A22F080029A621C
:105450001320134B9A6A12F0010F9A6A18BF142096
:10546000D40602D49B6A9A0712D50D4B9B6ADB06C1
:105470000ED50C494FF495730B4A0C4808F01EFBEF
:105480000B4808F01BFB4FF49571074808F00DFB23
:10549000034A936A43F0FF03936200230B7010BD2D
:1054A00000ED00E06E0403013C0403019B000301D6
:1054B000B8040301F0B55D4B04465B6800258BB072
:1054C000C3F3080385F31188BFF36F8F02F07F40A9
:1054D000B0F17F4F08D102F00C00082804D0120769
:1054E0004CBF0C46012574B9514940F21143514A51
:1054F000514808F0E3FA514808F0E0FA40F211414F
:105500004C4808F0D2FA0022033B8DF80720032B09
:1055100000F28480DFE803F0027A7E5D434AD36ABA
:1055200013F002037AD1D16A00291ADBD36A5B0037
:105530005FD55369A16943F480735361BFF34F8F03
:10554000BFF36F8F536931F8021C23F480735361EA
:10555000BFF34F8FBFF36F8F4DF60273994220D187
:1055600023689DF80720D2B9224602AE04F1200735
:10557000344610685168083203C4BA422646F7D14F
:10558000099A002D4CD0C2F3080121B96FEA5222CA
:105590006FEA42220992184602A908F05FFD0BB09B
:1055A000F0BD936ADBB233B101200DF10701FFF7C3
:1055B00035FF0346D5E7936A13F47F4F05D00120EA
:1055C0000DF10701FFF7FAFEF3E7936AB3F5803FA9
:1055D00002D3FFF7C5FEECE7194940F2EA23154A6A
:1055E000154808F06BFA174808F068FA40F2EA210B
:1055F00086E7134940F2ED230E4A0F4808F05EFAA1
:10560000114808F05BFA40F2ED2179E700200DF136
:105610000701CCE700200DF10701D3E70023A0E745
:1056200022F4FF7222F00102B4E700BF00ED00E0B7
:105630001C0503013C0403019B0003012F0503012A
:10564000B81C03016D05030191050301064B5A695E
:1056500042F010025A615A6942F480625A615A69F2
:1056600022F008025A61704700ED00E0EFF3088075
:10567000EFF3098101B57246FFF71CFF01BD00BFC2
:10568000002080F31488BFF36F8F002080F30A8816
:1056900080F30B880F4880F3088802F0BFFF0020DA
:1056A0000D490860BFF34F8F00F02CF8402080F3C5
:1056B00011880A484FF40061401880F30988EFF31D
:1056C00014800221084380F31488BFF36F8F08F021
:1056D000DAFC00002086002194ED00E02075002116
:1056E000002318460649D1F89020C2F307229342BE
:1056F00000DB7047C1F89830C1F8A0000133F6E72D
:1057000000ED00E010B572B6002484F31388FFF7B3
:10571000E7FF23464FF0FF300C4A03F1200101332D
:10572000102B42F82100F8D100234FF0FF30074A38
:1057300003F160010133102B42F82100F8D162B669
:10574000BFF34F8FBFF36F8F10BD00BF00E100E0CC
:10575000084B9B6883420BD1EFF3058343B1064BA3
:105760005A6842F080525A605A6A22F400425A62E1
:1057700006F0B2BE3C64002100ED00E014498A68E6
:105780004FF030001044EFF3098C80E8F01F402008
:1057900080F31288BFF36F8F0E4F4FF000664A6997
:1057A0008A603E60506F0C4C2060906F00239367BE
:1057B00080F3118802F1300090E8F01F8CF3098823
:1057C00002F1000004B508F069FCBDE80440704730
:1057D0003C64002104ED00E0A06100211EF0040FF4
:1057E0000CBFEFF30880EFF30980816911F8021C08
:1057F0000229FFD001B5724608F036FC01BD00BF9A
:1058000040B2002807DB01234109034A00F01F00D2
:10581000834042F82130704700E100E040B20028A8
:105820000CDB01220649430900F01F0082402033AF
:1058300041F82320BFF34F8FBFF36F8F704700BF36
:1058400000E100E0054B420953F82220012300F05B
:105850001F0003FA00F01040704700BF00E100E0B5
:1058600038B5D30704460D4612D48B1C072B10D92C
:105870006B23114A1149124808F020F929461148B2
:105880000623224608F01AF96B210B4808F00DF99F
:10589000002360B20028ACBF00F160400A4A4FEA22
:1058A0004313DBB2ABBF00F5614000F00F0080F89E
:1058B0000033135438BD00BFC1050301F8050301CF
:1058C0009B0003011306030114ED00E0044B054A9D
:1058D00023F07F039360BFF34F8FBFF36F8F704749
:1058E0000088000100ED00E042F8203C009B0B49DD
:1058F00042F81C3C019B21F0010142F8183C029B3C
:1059000042F8081C42F8143C4FF0807342F8043C03
:105910000023203A02658367704700BF6947020190
:1059200000B50B4B15469860426F0A4B0E461A6045
:10593000436E83F30B882C4686F309880020064BC0
:1059400098472046002100220023044C204700BF36
:105950003C640021A0610021A5E002016947020129
:105960001022014B1A61704700ED00E00023402136
:105970000348C21801331E2B82F80013F9D1704777
:1059800000E100E008B5EFF30583064A103B02EBA7
:10599000C30152F8330049688847BDE80840FFF763
:1059A000CFBC00BF80F702011FB5094C094A23464E
:1059B0000121094800F0FAF800230393074B012165
:1059C000E41A01A80193029400F014F904B010BD88
:1059D000000001210000002118FF0201000A00213F
:1059E00010B50C7A0B6804F01F0223F01F031A4352
:1059F000CB68640923F01F03054943EA440343F0DD
:105A00000103C1F89800C1F89C20C1F8A03010BD76
:105A100000ED00E010B5074BD3F89030C3F3072337
:105A2000013B984202D8FFF7DBFF10BD6FF0150075
:105A3000FBE700BF00ED00E02DE9F04F0F461446F4
:105A400006464FF000084D4D85B0B84580F2928073
:105A5000D6F80490B9F1000F36D0B9F11F0F40F21B
:105A6000878019F01F0F40F08380D6F800A01AF04D
:105A70001F0F7DD1504608F055FB834609EB0A0005
:105A8000013808F04FFB834572D11BF1160F6FD020
:105A90005C456DDDC5F898B0D5F89C10C5F898B098
:105AA000D5F8A03021F01F0143F01F0AD6E90032DB
:105AB0001A44994202F1FF391ED1CA4508D1314634
:105AC0005FFA8BF008F037FB08F101080C36BCE7F1
:105AD0003146C5F898B0D5F89C3022F01F0203F08B
:105AE0001F031343C5F89C30E0B208F024FB10F10B
:105AF000160F3DD0441CE7E7C5F898B0D5F8A020B4
:105B0000013B23F01F0302F01F021343CA45314635
:105B1000E0B2C5F8A030E8D008F00DFB10F1160F88
:105B200026D0C5F898B0D5F89C209DF808300AF129
:105B3000FF3A62F304038DF80830D5F8A0309DF8E1
:105B400008205B0863F347128DF80820D6E900327D
:105B50001344009323F01F035344A3EB09030130C4
:105B600023F01F036946C0B20393FFF753FFBEE75C
:105B70006FF01504204605B0BDE8F08F00ED00E0A1
:105B80000522044BC3F89420BFF34F8FBFF36F8FF0
:105B9000704700BF00ED00E0BFF35F8F0022024BB3
:105BA000C3F89420704700BF00ED00E038B50C4DFD
:105BB0000C462A78FFF740FF287016300FD14FF4BB
:105BC000BB73084A0849094807F078FF214608488E
:105BD00007F074FF4FF4BB71024807F066FF38BD51
:105BE0008864002153060301B81C03019B000301D4
:105BF000820603012DE9F74F314E894605464FF0E5
:105C00000008B3462F4FC84502DB03B0BDE8F08F54
:105C1000D5F804A0BAF1000F4CD0296808460191CC
:105C200008F080FA019904460AEB0100013808F0F7
:105C300079FA84424FF01402234B15D002FB08F38B
:105C40006FF015024BF803204FF4C3731F4A20492D
:105C5000204807F033FF49461F4807F02FFF4FF455
:105C6000C3711A4807F021FF14F1160F3460EBD00E
:105C70001978A142E8DD02FB08B0C7F89840C7F8E0
:105C80009840D7F89C4000F10801007B64F30400C1
:105C90000871D7F8A0000C79400860F347140C7124
:105CA000D7F89C1021F01F017160D7F8A01021F0E7
:105CB0001F01316108F1010814360C35A3E700BF5C
:105CC000A461002100ED00E0886400215306030177
:105CD000B81C03019B000301AE0603012DE9F0414E
:105CE000574C584ED4F890303568C3F307239D4283
:105CF00086B013D940F2AD13534A5449544807F0C3
:105D0000DDFED4F8902029465248C2F3072207F05E
:105D1000D5FE40F2AD114C4807F0C7FE0020FFF75A
:105D20003BFF4D4BC4F8C03085421AD14B4C01A803
:105D30002570FFF7CDFA002506464FF04108484F81
:105D4000AE4215D1002023783D49D1F89020C2F30E
:105D5000072293426DDB0020FFF712FF06B0BDE87B
:105D6000F081716801EB0011FFF73AFE0130DBE7CB
:105D7000019A290102EB0513D3F80CC00CEA0700C5
:105D8000B0F5001F27D0B0F5800F40D0B0F5801FD0
:105D90004DD1586852589B68CDE902022122013B3F
:105DA00020F01F010B4423F01F038DF810200593F2
:105DB000207802A9FFF72EFE002835DA234940F2A9
:105DC000D713214A224807F079FE264807F076FECD
:105DD00040F2D7119FE758689B685258013B20F06A
:105DE0001F010B4423F01F031CF0010FCDE9020239
:105DF0008DF810800593DBD01B497B23124A144891
:105E000007F05CFE194807F059FE7B2183E75868CC
:105E10009B685258013B20F01F010B44CDE9020260
:105E200023F01F030622C0E72378013323700135D6
:105E300086E7C1F89830C1F8A000013385E700BFBC
:105E400000ED00E024FF020153060301B81C03012A
:105E50009B000301DD060301AAFF440088640021C2
:105E60000000F0FF66070301110703013707030174
:105E700008B50649064821F00701C1F1045202F5B0
:105E80008032FEF7B9FB002008BD00BF67B90021D2
:105E9000B861002170B541690446867A0A4D59B14E
:105EA000437ADB0706D4342303FB0653DB6A1B6803
:105EB0009B689847002363613420214600FB06500D
:105EC000BDE8704009F0B7B9600900213422024BE7
:105ED00002FB0030704700BF600900213421827A44
:105EE000064B01FB02331A6B93F82430801A1B33E4
:105EF00023F00303B0FBF3F0704700BF60090021FB
:105F000038B53424827A064B04FB0233DB6AD3E9CA
:105F100001240C601568FFF7E1FF04FB005038BD59
:105F20006009002108B5437A4BB10C495A230C4A49
:105F30000C4807F0C3FD5A21094807F0B6FD436835
:105F40003BB109495B23064A064807F0B7FD5B21D0
:105F5000F2E703824369C36008BD00BFC4070301C1
:105F60009F0703019B000301D50703012DE9FF47AC
:105F70000546684617461C46039109F00EFADDE90E
:105F8000008945B95E49EE235E4A5F4807F096FDF9
:105F9000EE215C4818E005F11C06EFF3118A40235E
:105FA00083F31288BFF36F8F304606F001FD68B9A6
:105FB0008823564A5649544807F080FD31465548D3
:105FC00007F07CFD8821514807F06FFD304606F050
:105FD00013FD6B8C002B5CD02A8C9A4239D900229D
:105FE0000023284604F078FD0446002831D03046CE
:105FF00006F0ECFC68B940F23113444A4649424885
:1060000007F05CFD3146454807F058FD40F231117C
:10601000D9E78AF31188BFF36F8F039D002D5ED0FF
:1060200042464B46684609F0DCF93421A27A3C4BE3
:10603000204601FB0233DB6A03A91B681E68DDE909
:106040000023B0476061002839D12046FFF722FFC6
:1060500030E06C8C3046631E6B8406F0B7FC002881
:10606000C9D08AF31188BFF36F8F95F824302A8C3A
:106070001B33121B2C6B23F0030302FB0344284B3E
:10608000284AEB1A9B105343A37295F82430E3720D
:10609000C3E7304606F09AFC0028ACD08AF311889A
:1060A000BFF36F8F23463A46284604F015FD044699
:1060B0000028B2D10024204604B0BDE8F087039B3D
:1060C0009D420DD9184940F245130E4A0E4807F07B
:1060D000F5FC164807F0F2FC40F2451159E76561FE
:1060E000012300212381039BE27A6160638204F132
:1060F000180009F0EEF92046FFF714FFDBE700BFB8
:10610000EF0703019F0703019B0003012A0303011B
:106110008303030198030301570303016E03030183
:1061200060090021C54EECC4F40703010508030112
:1061300070B5044698B13426104D2046037A646841
:10614000013BDBB203724BB9C3604360837A06FB49
:1061500003539B6A7BB19847002CEED170BD084970
:10616000084840F2AB13084A07F0A8FC40F2AB1114
:10617000054807F09AFCFFF78DFEEDE76009002166
:106180000D0803019B0003019F07030108B58288E6
:1061900003468A420BD20949094840F2C313094A0F
:1061A00007F08CFC40F2C311064807F07EFC521A3F
:1061B000828000680844186008BD00BF4C080301D5
:1061C0009B00030111080301F8B5858803680E469A
:1061D00004465F1907F0D5FFB04209D206490748C7
:1061E0003E23074A07F06AFC3E21054807F05DFCA4
:1061F0003544A5803846F8BD5C0803019B000301C7
:1062000011080301064AD2F8AC3123F00043C2F86A
:10621000AC310022034BC3F84C21D3F84C3170470A
:10622000002001410060014173B5354BD3E84F3F79
:1062300000233449CDE90033334BD3F80445BFF391
:106240005F8FD1F80465BFF35F8FD3F804259442C4
:10625000F3D16B46224601212B4807F0ADFF3246B1
:1062600005460F21274801AB07F0A6FFE0B1019BCF
:106270000DB9009302E0009A9342FAD3009B2248A2
:106280001C44013CD0F84C3524F07F449C421F490B
:1062900032D0FFF7B7FFC0F84C451D4B009A9A4229
:1062A00018D901230B7001E0002DE7D1194AD2F86B
:1062B000AC3143F00043C2F8AC31134BD3F84C215E
:1062C00032B90121144A5160D3F84C3103B1116045
:1062D00001230DE0BFF35F8FD0F80435E41A24F0FA
:1062E0007F440E4B033C9C42DBD900230B70002300
:1062F0000B4A137002B070BD0B78002BF7D0D5E7B6
:106300008D64002100100141006001418B64002177
:10631000FEFF7F000020014100B00041FBFF7F0035
:106320008C640021F8B51E490023C1E8423F52BBEE
:106330001C4B1D783DB305231B4E1C4F3478013494
:10634000B4FBF3F303EB8303E41A08F049F8184AAB
:10635000137823B157F82430C01A072813D9154BE6
:10636000D3F8141141B10021C3F81411D3F814313A
:1063700034700CB901231370347808F031F847F801
:1063800024002846F8BD0C4A0025D2F8AC3123F091
:106390000043C2F8AC310122084B5A60F1E700BF5C
:1063A0008D6400218C6400218A640021C461002175
:1063B00089640021005000410020014100B00041EB
:1063C0000122024BC3F84025704700BF000008417E
:1063D0005023142213B5244C0DF10700C4F80C35DA
:1063E000224BC3F820214FF40062214BC3F8BC2597
:1063F0004FF48062C3F8382502F0EAF91D4B984249
:106400000BD01D491D4840F23A231D4A07F056FBA8
:1064100040F23A211A4807F048FB9DF80700194955
:1064200002F0A6F99DF80700174902F0B9F99DF8A6
:106430000700164902F09CF921469DF8070002F07A
:10644000AFF901209DF80730984002F08BF94FF426
:1064500000220F4BC3F844230022C3F84C21D3F889
:106460004C3102B010BD00BF00B0004100302041EF
:10647000002001410000AD0B920003019B000301CD
:10648000800803014C610141282001412C21014178
:106490000060014170B50446807AFFF717FD61691D
:1064A000054649B1637ADB0704D4C36A20461B68FA
:1064B0009B689847002363612146284608F0BBFE8D
:1064C000034B1B681BB1BDE870402A20184770BD04
:1064D000D861002108B5034B186808F0A1FE002020
:1064E00008BD00BFDC610021082808B50BD870B1D9
:1064F000431E072B0BD8DFE803F005040A140A0A31
:106500000A14042008BD10280DD020280BD00749FC
:1065100007485223074A07F0D1FA5221054807F0ED
:10652000C4FA0220EEE70520ECE700BFB81C030127
:106530009B000301AA080301811EC9B21E2938B5B8
:10654000054609D80A4820FA01F1C90704D50948C7
:1065500007F00BFE044610B90024204638BD28463B
:10656000FFF7C2FF014604F10C0007F01EFEF4E73E
:1065700041000040C8090021014B1860704700BF6E
:10658000D8610021F8B501280546DDE9067609D075
:10659000042804D1124807F0E8FD044620B900247D
:1065A0002046F8BD0F48F6E72846FFF79DFF04F1A7
:1065B0000C050146284607F0F8FD002FF0D0002E0C
:1065C000EED0284607F0DDFD864203D92046FFF7CE
:1065D000AFFDE4E732463946284607F0DAFDDFE74B
:1065E0006009002194090021038A014623B1034B6D
:1065F000186883689B68184712207047400800217C
:1066000010B5084B084C1860206808F0B3FD30B195
:10661000206806498368BDE810401B6818476FF082
:10662000120010BDDC61002140080021D564020188
:1066300037B540230C460A490093411A49110546D3
:106640002346084A084807F0EDFD011E05DA2846F2
:10665000234603B0BDE83040184703B030BD00BF4B
:10666000F46100218FE20201A0F60201C9B2012902
:1066700008B509D9084909487F23094A07F01EFAD5
:106680007F21074807F011FA0C22036901FB02334E
:10669000986C00F0070008BD190903019B00030175
:1066A000DC08030170B5C9B2012903690BD9194986
:1066B000194840F2D113194A07F000FA40F2D111FB
:1066C000164807F0F2F9EFF31185402484F312889D
:1066D000BFF36F8F0C2606FB0134A46C14F0C004CA
:1066E00008D0A24206D085F31188BFF36F8F4FF018
:1066F000FF3070BD012206FB01339A6485F31188D7
:10670000BFF36F8F436803EBC1035B6898470020BA
:10671000EFE700BF190903019B000301DC08030137
:1067200070B50D4606490446411A491140220548F4
:10673000FFF7B8FF2B4601462046BDE870401847DA
:10674000F4610021A0F6020170B500220121044687
:106750000520FFF785F80F4801F058FF0E4B9842CF
:1067600015D107F024FF26690C49304607F0F5F9EA
:1067700000280BDB0125B5642469084904F12000D9
:1067800007F0EBF9002801DB0020656570BD6FF0B4
:106790000400FBE75D6802010000AD0B88FF020109
:1067A0007FB500220123CDE9022304ABCDE90433F8
:1067B000094A6B46CDF800D0CDF804D007F060FD53
:1067C000002805DB4FF480420023684604F094FA69
:1067D00007B05DF804FB00BFA7E2020110B5EFF3BC
:1067E0001184402383F31288BFF36F8F074A136825
:1067F00023F00201DB07116002D4012001F0E6FE64
:1068000084F31188BFF36F8F10BD00BF4C6200216D
:106810000C22104B014602FB0033002030B4D3E9B8
:1068200010521864EFF31180402484F31288BFF3F0
:106830006F8F9C6C04F0C00444F002049C6480F3ED
:106840001188BFF36F8F1DB12B4630BC024818472B
:1068500030BC7047F4610021A0F60201012808B5A0
:1068600006D0072808D098B90F4B9B6C5B0719D14D
:10687000BDE80840FFF7CCBF0C494FF43D730C4A0C
:106880000C4807F01BF94FF43D71094807F00DF96A
:1068900006494FF44173064A064807F00FF94FF4D2
:1068A0004171F2E708BD00BFF4610021B81C03018B
:1068B000DC0803019B00030110B4EFF311824023B5
:1068C00083F31288BFF36F8F1748016841F0020409
:1068D0000460C80707D482F31188BFF36F8F0120CB
:1068E00010BC01F049BE1149D1F80C04D1F80C14C8
:1068F000C907F0D5EFF3118083F31288BFF36F8FD0
:106900000B498B6C03F0C00343F002038B6480F3EC
:106910001188BFF36F8F82F31188BFF36F8F002050
:1069200010BCFFF775BF00BF4C6200210050004152
:10693000F46100212DE9F041012206464149D1E8E8
:10694000EF3FC1E8E02F0028F9D1A3B93E493F4805
:106950004B60CB608A60FEF729F900280BDA3C49CE
:106960004FF429733B4A3C4807F0A8F84FF42971CB
:10697000384807F09AF85EB3731E012B57D8012EE2
:1069800006D1364BD3F81C3403F00303022B1FD07F
:1069900008F08EFC0546E8B9314B1B78D3B10222D2
:1069A00007462E4BC3F808232C4CDFF8B880D4F8E8
:1069B0001824D4F81834D20315D503F00303022B9E
:1069C00001D0012E0FD16DB387F31188BFF36F8F04
:1069D000BDE8F081EFF31187402383F31288BFF302
:1069E0006F8F0125E0E7C5B1384607F07DFBD4F88D
:1069F0001835DBB2012BDAD1D4F80421002AD6D025
:106A00000022C4F80421D4F804210222C4F8182575
:106A10002022C8F88021A360C9E70021212005F0C9
:106A2000B9FCE4E702220D4BC3F80423D0E70E497A
:106A300040F2B623074A084807F040F840F2B62172
:106A400096E700BFF0610021E0610021146200219F
:106A50003D090301DC0803019B00030100500041D4
:106A60001E65002100E100E0B81C0301EFF3118274
:106A7000402383F31288BFF36F8F0A4BD3F80011C2
:106A800061B10021D3F80805C3F80011D3F8003133
:106A9000C0B282F31188BFF36F8F70476FF00A00A6
:106AA000F7E700BF009000410346F0B510469C7820
:106AB00093F803C0EFF31182402585F31288BFF3EA
:106AC0006F8F1F7893F801E0E41B04EA0C04A042E6
:106AD00088BFA0B23E180CEA06063D461E7082F33F
:106AE0001188BFF36F8F0A188A4216D177450CD1EF
:106AF000EFF31182402181F31288BFF36F8F197871
:106B0000597082F31188BFF36F8F1B79241AA34247
:106B100022BF0122054B1A60F0BD5E19767901355E
:106B200001F8016B05EA0C05DEE700BF00900041AB
:106B30002DE9F0472D4D00690E46A84214460BD0B2
:106B40002B492C4840F203132B4A06F0B7FF40F2C2
:106B50000311294806F0A9FFDB4313F0010504D017
:106B60003030FFF7A1FFBDE8F0879AB3EFF311884B
:106B7000402383F31288BFF36F8F0920FEF762FE74
:106B800007460920FEF74AFE88F31188BFF36F8F8E
:106B9000DFF868A04FF40079CAF80051DAF8003144
:106BA00001232546DFF85880CAF80030C8F88091E4
:106BB000DAF8003183B1FFF759FF031EC8F880915E
:106BC000F6DB013DADB27355002DF1D117B10920AF
:106BD000FEF716FE2046C6E7EFF31180402383F34D
:106BE0001288BFF36F8F07F07FFAE1E75062002150
:106BF000870903019B00030155090301009000412F
:106C000000E100E02DE9F041194B07690D469F4274
:106C1000144605D107F1450864B92046BDE8F08166
:106C200014491548E523154A06F048FFE5211348A5
:106C300006F03BFF4FF0FF334FF0FF32384604F0D1
:106C40005BF8224629464046FFF72EFF06463846A7
:106C500003F0CEFF3EB94FF0FF324FF0FF3308484C
:106C600004F04AF8E6E7A41BA4B23544D4E700BF19
:106C700050620021870903019B00030155090301AC
:106C80006862002138B5214B04699C420BD0204931
:106C9000204840F24713204A06F010FF40F2471107
:106CA0001D4806F002FF01222046114608F0CDFAE9
:106CB0000122002104F1180008F0C7FA40F207434E
:106CC000A4F848304FF0706323630C2300250121A2
:106CD00084F83430114B84F84550A4F84650D3F86A
:106CE0000425092022F00102C3F80425C3F800514D
:106CF000D3F80021C3F804132A461960FEF7B0FD4B
:106D00000920FEF77DFD284638BD00BF50620021F6
:106D1000870903019B00030155090301009000410D
:106D200010B5FFF7A3FE002820DB174BC0B293F885
:106D3000322093F8314093F83310141B31EA0404E5
:106D40000DD193F8472093F8464093F84810141B50
:106D500031EA04040BD101220C4B5A600EE09C185E
:106D60000132114084F8350083F8321010BD9C18B0
:106D70000132114084F84A0083F847100448BDE806
:106D8000104003F035BF00BF506200210090004169
:106D90006862002110B5036961B920493F23204A88
:106DA000204806F08BFE204806F088FE3F211C4854
:106DB00006F07BFE486850B91C494023184A194820
:106DC00006F07CFE1A4806F079FE4021EFE758688D
:106DD000F8B1884219D19C680868A142586000D176
:106DE0009860002008602AB15A680A609A68596061
:106DF00002B99960002010E0814206D10868206045
:106E000098688142EDD19C60EBE704460068002859
:106E1000F2D1002AE8D16FF0150010BDF30903018B
:106E2000B70903019B000301FC0903010B0A0301DD
:106E30001D0A030108B503680246590914D0012947
:106E400006D14FF6FF7103F01F03D940C80712D4D3
:106E50000A490B4840F2CA330A4A06F02FFE40F2B4
:106E6000CA31084806F021FE4FF0FF31D940C9076A
:106E7000EED5054800E00548136008BD670A030128
:106E80009B000301340A030100058C4100088C417A
:106E9000F0B5406801F01F04057B87B044EA451453
:106EA0000569002D77D0B2F5001F00F1100506D15D
:106EB0002146284607F01DFC002007B0F0BD002742
:106EC000B2F5800F01AE0197776033D1B3F1007F47
:106ED00014BF052304238DF804300023CDE9046397
:106EE00003938368CB40D90739D4B2F1A07F36D160
:106EF00068460094FFF79EFF009B803350F82330D4
:106F0000DB072CD46A462146284601F02BFF254B8F
:106F100098421AD0CDF808D02146284603AA01F09D
:106F2000E1FD214B984239D101222146284601F04A
:106F300093FFC1E7B3F1C06F05D0B3F1007F14BF79
:106F400001230223C7E70323C5E76946284601F06A
:106F50007BFF154B9842DDD06FF00B00ADE76A4622
:106F60002146284601F0FEFE0F4B06469842D3D13B
:106F700028469DF8001001F05FFFB042CCD00B49CD
:106F80000B4840F2E1130B4A06F098FD40F2E11184
:106F9000084806F08AFD6FF085008EE76FF0150057
:106FA0008BE700BF0400AD0B0000AD0BB60A030178
:106FB0009B0003018A0A03012DE9F043466840F271
:106FC0000635337BD00601F01F0747EA431748BF59
:106FD000032302EA050558BFC2F3401387B0B5F595
:106FE000837F14468DF8033043D00FD8062D18D078
:106FF00007D8B5B1022D3ED06FF0150007B0BDE83F
:10700000F083B5F5807FF7D101250AE040F2022236
:10701000954232D0B5F5407F31D0B5F5007FEBD148
:10702000022522032DD5012372688B4093603369BA
:1070300073BB03A80397FFF7FDFE039B00EB8300E0
:1070400084F48033C3F30043C4F34044D0F80022F7
:1070500044EA43049DF8033022F4706244EA830456
:1070600022F00F0244EA05231343C0F80032002047
:10707000C4E70725D5E70425D3E70525D1E7032590
:10708000CFE7630341BF012372688B40D360CEE733
:107090001036394630460DF1020201F063FE14F459
:1070A000403F804617D13946304607F020FB254B3C
:1070B0009845DCD130469DF8021001F0BDFE4045F8
:1070C000D5D021492148DE23214A06F0F7FCDE21F4
:1070D0001F4806F0EAFC4FF0000901AB3946304684
:1070E00003AACDE90439CDE90199CDF80C9001F05E
:1070F000F9FC144B98427FF47FAF14F4003315D0A1
:107100009DF8033084F48034C4F300448DF80E30CD
:1071100039464B46304603AA8DF80C508DF80D4089
:1071200001F09AFD074B9842C1D065E7CDE90433E1
:1071300039460DF10303304603AA039301F0D2FC54
:10714000F0E700BF0000AD0BB60A03019B0003018E
:107150008A0A03014209034670B502D0012A1ED0F3
:1071600070BD144E326951680029F9D0012503F031
:107170001F030C689D400029F2D08A682A4012D073
:107180004B6873B90C4964230C4A0D4806F096FC11
:107190000C4806F093FC6421084806F086FC0A4E71
:1071A000E0E7304698471CB1236821461C46E2E7D9
:1071B0002346FAE7E0F60201CA0A0301B709030110
:1071C0009B0003011D0A0301C0F6020138B54568A2
:1071D0002B69B3B11035284601F024FE044680B96E
:1071E0000146284601F0EAFD084B98420BD12246A1
:1071F0002846074901F0B0FD224605210A20FEF786
:107200002FFB002038BD6FF00400FBE70000AD0B42
:107210005571020110B504460269A2B0C2F880009F
:107220001649002001F064FF002201211220FEF720
:1072300017FB8422002101A8646808F04AF90023A2
:10724000012001AA61680432D940C90744BF00FA8D
:1072500003F142F8041C2168D940C90748BF00FA6D
:1072600003F103F1010348BFD163102BEAD101A858
:1072700001F066FF002022B010BD00BFFBE202015A
:1072800070B40E4922F07F46D1E90034D01AC318F9
:1072900044F10004C1E90034A6F50013B3F5400F32
:1072A00009D2074B1B681A0A1B069C19054B42F1B1
:1072B0000005C3E9004570BC05F032BD582000212F
:1072C0004C630021602000210D4B1868010A000664
:1072D000BFF35F8F0B4BD3F80435181841F1000151
:1072E000B3F5801F0AD2084BD3E90023904271EB1B
:1072F000030303D210F1807041F10001704700BF19
:107300004C63002100600141602000212DE9F7431A
:1073100006F083FF2A4BD3F8042390070BD5D3F84C
:10732000042142B10022C3F80421264AD3F80431D3
:10733000136801331360224AD2F80433D90320D5ED
:10734000214BD3E8EF1F21F00100C3E8E40F002C2C
:10735000F7D1CB0702D4D2F8403193B10025184CB5
:10736000C4F84051D4F84031FFF7AEFFEFF310827C
:1073700072B6164BD3E90267B042B94104D282F328
:10738000108803B0BDE8F0834FF0FF38D3E9001058
:107390004FF0FF391D60C3E902894FF48033C4F810
:1073A0004833C4F84051D4F8403182F310880029A2
:1073B000E7D0009032463B4628468847E1E700BFC9
:1073C000006001414C6300214463002148200021FA
:1073D0002DE9F84F04460D46434FD7E8EF8F28F0CC
:1073E0000103C7E8E23F002AF7D14FF480393F4E4E
:1073F000C6F80893BFF35F8FBFF36F8FFFF764FF8B
:10740000A04271EB050308F0010840D2384B201A66
:1074100065EB0101984271F1000148D2354BD3E987
:1074200002239D4208BF94423AD04FF0000C24F052
:107430007F40834603216FF0020EC6F84893C6F8DA
:1074400040C1D6F84031DFF8B0A02BF07F43C6F83A
:107450004035C6F84493D6F80425AEEB02035B44EE
:1074600023F07F4353451BD9D6F840315BB1D6F8A2
:107470000425131A23F07F43B3F5000F10D9C6F883
:1074800040C1D6F8403101EB020B0131DDE71B4B67
:10749000D3E8EF1F41F00101C3E8E21F002AF7D152
:1074A000144B174AC3E902451A6000225A60B8F12A
:1074B000000F16D0D7E8EF3F43F00103C7E8E23FE3
:1074C000002AF7D14FF48032084BC3F804230B4B4A
:1074D000D3E8AF3FDB0742BF4FF48002094BC3F84C
:1074E0000021BDE8F88F00BF486300210060014122
:1074F0000100800048200021FDFF7F00446300213F
:107500008172020100E100E070B54FF0FF3000250C
:107510004FF0FF31164C174B0226C4F80833C4F85D
:107520004833154BC4F80855C3E902014FF48033C2
:107530004FF48002C4F80433104B0121C4F80463F3
:107540001620C3F880212A46FEF78AF91620FEF796
:1075500057F901230A4AA3600021236009481360F8
:10756000FFF736FF3046FFF7E5F9284670BD00BF4C
:107570000060014103000F004820002100E100E00D
:1075800048630021FFFF7F00431C10B50F4C05D05E
:107590008442A8BF0446012CB8BF0124FFF794FE23
:1075A0000B4AD2E90031C01AB0F5000F074A0AD2DF
:1075B0002044904228BF1046BDE81040C01841F159
:1075C0000001FFF705BF1046F6E700BFFFFF7F0091
:1075D0005820002108B5FFF777FE024B1B68C01A40
:1075E00008BD00BF5820002102460B46014802F0AA
:1075F000EBBF00BFC8080021014803F0B5B800BFC9
:10760000C8080021F0B506468BB00D46264827492C
:1076100003F05EFD05A8E1F78FFD254807F0AAFD00
:1076200000283BD0234B02A80293E1F717FE002865
:1076300037D14FF0FF304FF0FF31FFF7D5FF044651
:1076400038B91D491D48E1F735FD044620B1FFF763
:10765000D3FF20460BB0F0BD41F64C5703A803976B
:10766000F8F7E2FC20B1FFF7C7FF6FF08504F0E701
:10767000012301A88DF80430F8F7CEFC0028F2D1E0
:1076800004A80497F8F7D8FC0028ECD1FFF7B4FF62
:1076900033690B481D60FEF76FFFDAE76FF01204E5
:1076A000D7E76FF01504D4E75463002191E4020199
:1076B00000F70201C576020168200021AD780201C1
:1076C0008178020103460A4610B5114881680C68AA
:1076D00064B910495B23104A104806F0EFF91048CE
:1076E00006F0ECF95B210C4806F0DFF91946A047DB
:1076F00068B10C4940F2B5230B4A084806F0DEF9A0
:107700000A4806F0DBF940F2B5210748ECE710BD66
:1077100000F70201340B0301000B03019B0003017E
:10772000540B0301920003017A0B0301B30B030115
:107730001FB54148E1F7A8FB20B9E1F70FFD18B1EB
:107740006FF0850004B010BDE1F71CFD0028F7D1F3
:10775000E1F72CFD0028F3D1E1F748FD0028EFD137
:10776000E1F760FD0028EBD1E1F76AFD0028E7D1E1
:10777000E1F74AFD0028E3D1E1F754FD0028DFD10D
:10778000E1F75EFD0028DBD10F23012101AA8DF86E
:107790000430E1F7C5FB0028D4DB012402210020DE
:1077A00001AA8DF80440E1F7BBFB0028CADB0823DF
:1077B0000721002001AAADF80430E1F7B1FB002851
:1077C000C0DB4FF01B13019340F203230321002081
:1077D00001AAADF80830E1F7A3FB0028B2DB0421D1
:1077E000002001AA8DF80440E1F79AFB0028A9DBEC
:1077F0001F230621002001AAADF80430E1F790FB19
:1078000000289FDB03230521002001AA8DF8043006
:10781000E1F786FB002895DB43F6266398424FF09C
:1078200000008FDD80F31188BFF36F8F04231846AB
:1078300002DF6FF00B0085E7E9E3020108B50A49B2
:107840000A4807F025FD00280CDA09492F23094AC8
:10785000094806F033F9094806F030F92F210548A8
:1078600006F023F908BD00BF54630021905E00219B
:10787000B81C0301ED0B03019B000301160C03016F
:10788000094B93F84730042B02D1810709D4704784
:10789000022B02D1020704D47047082B03D18306C0
:1078A00001D5FFF7CBBF70478E64002170B53B4C0C
:1078B00094F84730E3B194F84730042B41D1207855
:1078C0003E2827D0FF282BD0002563780233472B92
:1078D0005AD800220023294606F0A1FC064620BB08
:1078E000BDB1002384F84730BDE87040FFF7A6BF64
:1078F0004FF0FF304FF0FF31FFF776FE48B92046DA
:1079000004F1470100F044FC0546FFF775FE002D29
:10791000D1D070BDA578022D14BF00250125D4E774
:10792000A57805F0FD05802DF6E762781B49023247
:107930000C3006F02EFC3146194B1B68194898474D
:10794000CFE7022B14D1002200230820FEF7F4FD1C
:1079500005460028DDD062880432472A14D80F4932
:1079600005F10C0006F015FC0D4B29461B68E5E7F8
:10797000082BB6D1002200232020FEF7DDFD62880F
:1079800005460028E8D1C4E7002383F31188BFF33C
:107990006F8F0423184602DFA3E700BF8E64002127
:1079A0005063002140F70201F7B5B54C0646237835
:1079B0000588002B40F0E58304238DF80730B14B98
:1079C0001F68AFB10DF106030DF10702611CB84746
:1079D00001280DD09DF80630002B6FD19DF807309F
:1079E0000E22A37001236270E370A580A0716EE087
:1079F000B5F5105F4FEA95230ED2002B5DD0013B09
:107A0000072B0CD8DFE813F00D000B004500C40075
:107A100012010B000B002C013F2B00F09282012081
:107A20008BE0304640F2064230F9033B934210D0DF
:107A300040F21D42934229D0012040F206439D426C
:107A400040F075830F2363700423E070A37001235B
:107A5000F7E0F8F761FB42F264039D4240F2558380
:107A600042F285039D4268D842F267039D4200F2CC
:107A7000648342F266039D425FD10F236370042347
:107A8000A37001236622E07023716DE3F8F746FBD3
:107A9000E1E7304640F6354130F8032B13B28B4214
:107AA0003ADC40F62C418B421DDC40F60142934209
:107AB00041D040F60342934242D001200F2363702D
:107AC0000423A3700123E0702371A4F8055001235F
:107AD000237040F635439D4240F08580A379002B0A
:107AE00000F0B2807FE0A2F62D43082BE5D801A27A
:107AF00052F823F0477B0201BB7A0201BB7A0201F4
:107B0000BB7A0201597B0201BB7A02015F7B020151
:107B1000BB7A0201677B020140F67B42934225D08B
:107B200040F67C4293422AD040F663429342C4D14D
:107B3000F8F7C2F901E0F8F7B2F90128BDD04DE736
:107B4000E1F716FFF9E79DF807304F4903338DF849
:107B50000730F8F7A9F9F0E7F8F7A8F9EDE706F02C
:107B6000DCFCC0B2E9E7F8F7A5F9E6E79DF80730D5
:107B7000454904338DF80730F8F7A3F9DDE79DF8A0
:107B80000730414902338DF80730F8F79CF9D4E704
:107B90003388A3F58053013B082B4CD8DFE803F072
:107BA000050E264B4B4B4B4B3D009DF8073036489E
:107BB00008338DF80730F8F758FABEE79DF807301C
:107BC000314E403330468DF8073006F063FC0E220C
:107BD0009DF807306270A37000220123A580E37036
:107BE000A27106F8073C002003B0F0BD00239DF809
:107BF00007100E200831A1700121234AA3711360E0
:107C00005360E37A607023F0600343F06003E17037
:107C1000A580E37202F8071CE5E79DF807301A48D3
:107C200006338DF80730F8F722FA86E741F205436C
:107C300032889A420AD00F2363700423A370012371
:107C4000E3702371A4F805502370CCE79DF807304A
:107C50000D490333F01C8DF80730F8F761FA6CE733
:107C6000304642F24E0130F8033B1AB28A4242F2E9
:107C700064016EDCB2F5005F08DC8D425EE000BF9F
:107C8000D664002164630021DD640021A3F5005364
:107C9000013B4D2B4FD8DFE813F0630070007900F3
:107CA0004E00950098009B00A400A700AA00AD001C
:107CB000B000B300B600B900C200C500C800CB00D8
:107CC000CE00D100DA00DD00E600EF00F200FB009C
:107CD00004014E004E004E004E004E004E004E007D
:107CE0004E004E004E002101240127012A014E00C2
:107CF0004E00330136014E003901420145014E006C
:107D00004E004E004E004E004E004E004E004E0003
:107D10004E004E004E004E004E004E004E004E00F3
:107D20004E004E004E004E004E004E004E004801E8
:107D30004E004E00510142F264039D4240F0DF814B
:107D40000F2363700423A3700123E3706422237163
:107D50000AE242F27C039A428FD1F8F7DBF901E0A4
:107D6000F8F787F942F264039D427FF474AE0F2363
:107D700063700423E070A370AEE09DF80730D14833
:107D800003338DF80730F8F779F9EBE79DF8073002
:107D9000CC4808338DF8073006F0B1FB42F264039B
:107DA0009D4240F08A800F23637004236422A370F5
:107DB00000236271E37020220123A271237100F875
:107DC000073C10E7F8F75CF9CCE7F8F75BF9C9E78F
:107DD0009DF80730BB4801338DF80730F8F754F9A8
:107DE000C0E7F8F753F9BDE7F8F752F9BAE7F8F743
:107DF00051F9B7E7F8F750F9B4E7F8F74FF9B1E7F9
:107E0000F8F74EF9AEE7F8F74DF9ABE79DF8073014
:107E1000AC4801338DF80730F8F746F9A2E7F8F7D8
:107E200045F99FE7F8F744F99CE7F8F743F999E734
:107E3000F8F742F996E7F8F741F993E79DF807302C
:107E4000A04907338DF80730F8F73AF98AE7F8F7D1
:107E500039F987E79DF807309A4910338DF80730D4
:107E6000F8F732F97EE79DF80730964808338DF829
:107E70000730F8F72BF975E7F8F72AF972E79DF85C
:107E80000730904902338DF80730F8F723F969E796
:107E90009DF807308B4902338DF80730F8F71EF94B
:107EA00060E79DF8073008338DF80730FF23E37152
:107EB000E37242F264039D4208D040F2258142F20F
:107EC00085039D4240F25B81002036E60F236370FC
:107ED0000423A3700023E370012337E7F8F702F9C6
:107EE00040E7F8F701F93DE7F8F700F93AE79DF8C0
:107EF0000730744801338DF80730F8F7F9F831E7A7
:107F0000F8F7F8F82EE7F8F7F7F82BE79DF80730C1
:107F10006C4904338DF80730F8F7F0F822E7F8F7EA
:107F2000EFF81FE7F8F7EEF81CE79DF80730654813
:107F300002338DF80730F8F7E7F813E7F8F7E6F8BB
:107F400010E730464FF60B4230F8033B934223D8FC
:107F5000B3F57C4F01D801206CE0A3F57C43013BD5
:107F60000A2BF8D801A252F823F000BF25800201A5
:107F700041800201577F0201577F0201577F0201B2
:107F80008F800201577F0201577F02016B8002013F
:107F90007D8002019580020103F2FE2292B21B2A2B
:107FA000D9D8A3F57D43023B1B2BD4D801A252F8AC
:107FB00023F000BFA7800201AD800201B38002015F
:107FC000B9800201577F0201577F0201577F0201EA
:107FD000BF800201577F0201577F0201C980020161
:107FE000577F0201577F0201577F0201577F02012D
:107FF000577F0201CF800201577F0201D580020125
:10800000577F0201E7800201577F0201577F02017B
:10801000577F0201577F0201ED800201F3800201C8
:10802000F98002019DF8073026480C338DF807309F
:10803000F7F74BFF4FF6025225F00803934279E021
:1080400000209DF8073040338DF807301D4B188015
:10805000E37923F0230343F02303E371237A23F02E
:10806000070343F007032372E4E79DF80730154840
:1080700017338DF80730F7F746FFDBE79DF8073039
:10808000104820338DF80730F7F761FFD2E7F7F794
:1080900038FFCFE79DF807300A4801338DF80730E5
:1080A000F7F772FFC6E7F7F785FFC3E7F7F7B4FF07
:1080B000C0E7F7F7B3FFBDE7F7F7B6FFBAE7F7F7A3
:1080C000B5FFB7E7DD640021F7F7B4FFB2E7F7F7D4
:1080D000B3FFAFE79DF807302B4904338DF8073025
:1080E000F7F7ACFFA6E7F7F7B8FFA3E7F7F7B7FF97
:1080F000A0E7F7F7B6FF9DE7F7F7B5FF9AE714D9C2
:1081000042F285030120ADE4002042F219039D42B2
:108110001ED842F20C039D427FF68FACA5F50053AA
:108120000D3B41F241229BB20CE00120EDE740F211
:108130001D439D423FF486ACFFE4A5F50153283B67
:10814000124A9BB222FA03F3DB077FF5F6AC79E41F
:1081500042F232039D420BD10F2363700423A370BC
:1081600001233222E070237162712022A2716BE53B
:10817000A5F50153033B012B3FF6DFAC62E4002081
:1081800072E44FF0FF302FE5DD6400212F804020A6
:1081900038B5094C0D4623781BB9BDE83840F7F7D0
:1081A0006EBEA278611C023207F086F9002004231B
:1081B00020702B7038BD00BFD664002104460D46E8
:1081C000094E08B5324640F233130849084805F015
:1081D00075FC214607482A4605F070FC40F2331131
:1081E000304605F062FC00BF440C0301B81C0301DB
:1081F0009B000301710C0301322337B50125ADF853
:10820000043000231A216846104A8DF80630ADF874
:1082100000508DF80230F7F7B5F8044690B94FF4E6
:10822000AF60F4F715FA2A4621460C20FDF718FB3B
:108230002A4621461120FDF713FB2A462146082035
:10824000FDF70EFB204603B030BD00BFBD8102012B
:1082500008B54FF0FF304FF0FF31FFF7C5F948B1D7
:1082600007490848D123084A05F028FCD1210648CF
:1082700005F01BFCFCF72FF8BDE80840FFF7BCB980
:10828000880C03019B000301440C030108B50A4953
:108290000A4806F0FDFF00280CDA09492F23094A95
:1082A000094805F00BFC094805F008FC2F2105489A
:1082B00005F0FBFB08BD00BF68630021905E002154
:1082C000B81C0301ED0B03019B000301160C030115
:1082D00037B500240C4D6FF009034FF48062284637
:1082E0000A49009403F07CF80949284606F0E6FFA5
:1082F0000849094802F0ECFE224604211A20FDF745
:10830000AFFA204603B030BD905E002120710021FD
:10831000950C0301518202016863002173B50C4B77
:108320000446009300230B4E8DF804304518AC42F0
:1083300002D1002002B070BD2146684600F04EFA1E
:10834000B04204F10104F2D06FF00B00F2E700BF7D
:1083500000F000410000AD0BF0B500249BB00120FF
:108360004F4FF3F74DFA0DF1010101A801978DF878
:10837000084000F069FD4B4B0646984203D06FF071
:108380000B001BB0F0BD0DF1020103A803978DF89F
:10839000104000F059FDB0420546F0D10DF1030147
:1083A00005A805978DF8184000F04EFDA842E6D1CB
:1083B000342221460DEB020007F08BF81A220B2322
:1083C0000321CDE907231223CDE909310A238DF8D2
:1083D0002C30354B9DF801201B888DF83A20ADF8E4
:1083E0002D3040F601320D23ADF840208DF82F30AE
:1083F00040F201122D4B2E480C931E23ADF8442061
:10840000ADF850209DF803200F90129040F6012007
:108410008DF835308DF852200123FF229DF802405F
:10842000ADF84C0018A88DF838308DF839308DF83B
:1084300046408DF859208DF85D30FFF76FFF00281A
:108440009FD140F20563ADF8643007238DF86300D7
:108450008DF866301748436881681B680269DB0441
:108460000ED415494FF47F73144A154805F026FBC6
:10847000144805F023FB4FF47F71104805F015FBFD
:10848000136823F4805313600B684FF420220C21EF
:10849000984700287FF475AF07A8F3F709FD70E748
:1084A00000A000410000AD0B200D030100058C4130
:1084B00000088C41C0F60201D00C03019F0C03019F
:1084C0009B0003010E0D03012DE9F043224885B006
:1084D00006F062F8002604461F4B204FD3F8388080
:1084E000DFF87C90B04503D8002005B0BDE8F083EC
:1084F000636A97E807001D6801AB83E807000C2258
:108500001946284606F0EDFF78B975B122692B6946
:108510009A420AD1AB69A2699A4206D8E2699A42A4
:1085200003D963696A6993430CD0256A75B10D4814
:1085300005F0AEFA002383F31188BFF36F8F042395
:10854000184602DFE36801361C44CBE7484605F0D5
:108550009FFA636A1D60F5E7008A000134F90201A1
:108560004C0D0301230D030110B9024B1B68184782
:10857000704700BF7863002110B538B101280BD1D6
:10858000BDE8104000200B49F3F78ABF0A4B0120D9
:10859000BDE810401B68184708493823084A0948B5
:1085A00005F08CFA084805F089FA3821044805F0EE
:1085B0007CFA00BF6985020178630021B81C0301C1
:1085C0007F0D03019B000301BC0D030108B598B1A9
:1085D000012804D1BDE808400020F3F77DBF07491A
:1085E0004B23074A074805F069FA074805F066FA81
:1085F0004B21034805F059FA08BD00BFB81C030120
:108600007F0D03019B000301BC0D0301014B1860AA
:1086100001487047786300210000AD0B0022D300B1
:1086200003F1FF7303F58033D3F80013013107D052
:10863000D3F800130132D3F80433202A0B60EED1B3
:10864000224BD3E94C32072B26D1023A032A204B86
:1086500028D9D3F80024D10732D41C4BD3F83021C9
:10866000072A19D1D3F83431023B032B02D8194A17
:10867000D35C8BB17F23184A1849C2F81831002304
:10868000C1F8043EC1F8083EC2F82431C2F82C31CA
:1086900002F57F22C2F81031114B1A68114BC3F852
:1086A0004425704710498A5C002AD2D0D3F80024B0
:1086B000D207CED50022C3F81421C3F81821C8E789
:1086C0006FF00102C3F80024C7E700BF0000FF01FC
:1086D00000500041CC0D0301002000410000084182
:1086E0000080FF0100600041D00D030130B5046837
:1086F000ACB1B4FA84F30122C3F11F03DBB29A4098
:1087000024EA0202D0E8EF5FA54204D1C0E8EC2FD2
:10871000BCF1000FF6D1EAD102480B7030BD02481F
:10872000FCE700BF0000AD0B0200AD0B10B5036805
:10873000CB40DB0710D401238B40026843EA0201DF
:10874000D0E8EF4F944204D1C0E8EC1FBCF1000F19
:10875000F6D1F2D1014810BD0148FCE70000AD0B95
:108760000400AD0B014BC3F80405704700F0004155
:1087700008B549B9074908484823084A05F09EF951
:108780004821064805F091F940F00040C1F880000A
:1087900008BD00BF710E03019B000301340E0301ED
:1087A00008B549B9074908484E23084A05F086F933
:1087B0004E21064805F079F940F00040C1F88000EC
:1087C00008BD00BF750E03019B000301340E0301B9
:1087D0000146014800F002B84C0800210079024B24
:1087E00003EB0010FFF782BF54080021034A43093E
:1087F000D35C00F01F001844C0B270476B0F030138
:1088000008B502680146104605F0D5FE58B9104972
:1088100040F2CA330F4A104805F050F940F2CA310D
:108820000C4805F042F902F01F0352090B600BD00F
:10883000012A0BD0094940F2D333064A064805F015
:108840003DF940F2D331EBE7054808BD0548FCE7A8
:10885000670A0301340A03019B000301B81C0301EA
:1088600000058C4100088C41072808B50BD9084940
:10887000084840F2D133084A05F020F940F2D131DE
:10888000054805F012F9800000F5807008BD00BFB2
:10889000AE0E03019B000301790E030170B505467E
:1088A000FFF7A4FF0C4C083034F810300E46DA0500
:1088B00008D5C3F3432304EBC302284654F83330EE
:1088C00052689847A3682BB131462846E268BDE854
:1088D0007040184770BD00BF7C63002108B5FFF7EA
:1088E00085FF034B083033F81000400B08BD00BF74
:1088F0007C63002108B5FFF779FF034B083033F89C
:108900001000C0F3400008BD7C63002108B5FFF7EC
:108910006DFF044B083033F8100010F01C0018BF36
:10892000012008BD7C63002108B5FFF75FFF034B02
:10893000083033F81000C0F3401008BD7C630021FC
:10894000034611F0010010B5CCB20BD1A207C4F35D
:1089500040000DD5074A106A58601062003818BFF1
:10896000012005E004490A6A1A600A62002AEDD073
:1089700010BD00BF00088C4100058C4110B5FFF709
:1089800035FF184A083032F81030D9051DD5C3F329
:10899000432123F4F85322F81030002002F10E0492
:1089A00034F8023F13F4807F03D0C3F3432399428A
:1089B0000BD001303028F3D100230B4842F831307E
:1089C000FFF7B4FE094B984200D110BD0849094891
:1089D00040F2EB13084A05F071F840F2EB1106483B
:1089E00005F063F87C630021F46300210000AD0B07
:1089F000B60A03019B000301B80E03012DE9F843F9
:108A00000024074625464FF00108A146CEB2B442E5
:108A10000DD1124BD3F87C2132B10022C3F87C2156
:108A2000D3F87C3145F000452846BDE8F883204660
:108A3000FFF71AFFA0F58072920808FA02F21742B7
:108A400009D000F1824303F52043196819B1C3F836
:108A500000901B6815430134E4B2D8E700A0004140
:108A6000F7B506460846FFF7C1FE1A4F00F10805A4
:108A700037F815300C46DB0729D5304605F014FED3
:108A80002046FFF751FF50B12046FFF727FF002394
:108A9000316801EB8000C0F81035C0F81035204671
:108AA000FFF76CFF002301A827F815300194FFF7AA
:108AB000A7FE019B00EB8300D0F80022064B134079
:108AC00043F00203C0F80032044803B0F0BD04488C
:108AD000FBE700BF7C630021F0F0FCFF0000AD0B62
:108AE0000400AD0B2DE9F0431646804685B00846DC
:108AF000FFF77CFE37680D460446E7B1084605F0EF
:108B0000C8FD08BB3B46CDE900008DF80E008DF88E
:108B10000F000DF10F020DF10E01284605F05DFD6D
:108B2000494A04F1080132F8113023F0020343F0FE
:108B3000010322F8113073687BB328461F78596807
:108B4000FFF7D8FE10B1E9B1404829E03E4A04F1F0
:108B5000080032F8103023F02003DB04DB0C22F88D
:108B6000103079B1032FEFD87168496891F800C0CF
:108B7000D8F800104FEA8C094944A7B9C1F810751C
:108B8000C1F81075304A04F1080132F8113023F0B1
:108B90001C0343EA870322F81130B3685BBB2C48FF
:108BA00005B0BDE8F083D1F810E543EA4C332EF070
:108BB000030EC1F810E5D8F8001043F0200301EBD4
:108BC000090EDEF8101522F8103021F44F3121F48F
:108BD0004071CEF810152902DEF8108501F47C51A1
:108BE00041EA074141EA0801CEF8101502EB4C01B9
:108BF000A1F87C50C6E72846D3E90067FFF7BEFE20
:108C0000002ECCD0104DD5E90023964203D19F42CF
:108C100001D1002209E00F480DF10F01FFF766FDB9
:108C20000B4B9842BCD19DF80F2005EBC2030834D2
:108C30005F6035F8143045F8326043EA422343F46C
:108C4000807325F81430AAE77C6300210400AD0B83
:108C50000000AD0BF46300212DE9FF410C46804676
:108C6000204611461E46FFF7C1FD054621B32046AA
:108C7000FFF740FE18B92046FFF756FE10BB20460E
:108C8000FFF744FE10B14B78012B1BD001238DF868
:108C90000F3000234A1CCDE9001320468B1C0DF138
:108CA0000F0105F09AFC294A05F1080132F811304C
:108CB00043F0030322F81130002E44D02046FFF782
:108CC00019FE18B9224804B0BDE8F081002296F8D8
:108CD00000C0D8F800301D4F03EB8C03C3F81025FB
:108CE000C3F8102505F1080237F812104FEA8C0E70
:108CF00021F02001C904C90C27F81210757815B3AA
:108D0000D8F80000B6787044D0F810352D0423F45C
:108D1000991323F4F853C0F81035230203F47C535D
:108D200005F440353605D0F810E52B4306F48016DF
:108D3000334341EA4C3143EA0E0341F02001C0F8CD
:108D4000103527F812100348BDE700BF7C630021EF
:108D50000400AD0B0000AD0B014BC3E902127047DC
:108D60007C63002110B514465AB90E490E4840F2F2
:108D70004D330E4A04F0A2FE40F24D310B4804F090
:108D800094FE0846FFF7D0FD50B10846FFF72EFDD0
:108D9000074B083033F8103006485B0B237010BDCA
:108DA0000548FCE7560F03019B000301B80E0301C1
:108DB0007C6300210000AD0B0400AD0BF8B5164E2E
:108DC000054696F88C402CBB27466022214606F1CA
:108DD000100006F07EFB2D68E0B2FFF745FDA0F520
:108DE00080739B081F2B08BF2F5004F1010408BF9C
:108DF0002B58082CF0D1002345F30730C5F87C31FF
:108E0000D5F87C31FCF7FCFC0123044886F88C3053
:108E1000B367F8BD0248FCE77C6300210000AD0B9E
:108E20000C00AD0B034B93F88C00003818BF0120E9
:108E3000704700BF7C6300210079024B03EB800088
:108E4000FFF774BC640800210079024B03EB80003B
:108E5000FFF74CBC640800212DE9F34105460846A4
:108E60000C461646FFF752FD58B9324940F25343BB
:108E7000314A324804F022FE40F253412E4804F0B9
:108E800014FE0846FFF750FD2F68F8B10846FFF7BB
:108E900031FD8046D0B90846FFF720FD0446FFF7B4
:108EA000E3FC47F800803B582B6803EB8403D3F8BE
:108EB000102542F00102C3F8102526B101232A68CB
:108EC000A340C2F8043302B0BDE8F081D7F8043300
:108ED000002BA4BF4FF00043C7F804334EB9184924
:108EE00040F26D43144A154804F0E8FD40F26D412C
:108EF000C4E72046FFF77AFC124B083033F81030F5
:108F0000C3F38203042B11D0052B11D001A80194C7
:108F1000FFF776FC019B0169D94001F001010231A4
:108F2000204602B0BDE8F04105F0A4BB0321F7E7FD
:108F30000221F5E7350F0301B80E03019B00030181
:108F4000600F03017C6300212DE9F04F634B082182
:108F5000D3F8040387B0C0B240F00040FFF74EFDE5
:108F6000051E2BDA0023032104A8CDE90433FFF703
:108F7000E7FC4FF000094FF0010BDFF864A10DF1A1
:108F800010081AF8013B5749DA088A5C03F0070316
:108F900022FA03F3DA071CD408F10408B9F1000F30
:108FA00014D000214FF00040FFF728FD032104A852
:108FB000FFF7C6FC0028DCD125F000450124474E10
:108FC000494F002D75D107B0BDE8F08F4FF0010972
:108FD000D7E7464B4B440093D8F800100029DBD06C
:108FE00091FAA1F1B1FA81F1009B1C7841EA441495
:108FF0002046FFF7FBFB3C4B083033F81070C808E5
:1090000018F8002001F007010BFA01F122EA010231
:10901000BB0808F8002003A801930394FFF7F0FBB6
:10902000039A019B803250F82220C7F382065B0727
:109030003746C2F3014221D539462046D6B2FFF762
:109040002DFC03A80394FFF7DBFB039B803350F850
:109050002330C3F301439E4207D10021204605F08F
:1090600009FB3146204605F005FB03A80394FFF7F2
:10907000C7FB039B0BFA03F30362ADE7022A0CD193
:109080000321204605F0F6FA06F00503012BECD18A
:1090900039462046FFF702FCE7E70221204601920D
:1090A00005F0E8FA032EF3D0019A032ADDD1022E4F
:1090B000EDE795FAA5F3B3FA83F304FA03F225EA90
:1090C000020503F5A27256F8221007EB4303B3F82A
:1090D0007C00C1F30141FFF7E1FB72E700A0004112
:1090E0007B0F0301E4FF02017C6300217B0F03017E
:1090F00070B516460D4649B90B490C4837230C4A42
:1091000004F0DCFC37210A4804F0CFFC094C237939
:1091100043B91220FCF774FB012307482371256033
:10912000A66070BD0548FCE7CE0A03019B00030161
:109130007D0F03010C6400210000AD0B0C00AD0B92
:1091400038B548B919494A23194A1A4804F0B6FCF7
:109150004A21174804F0A9FC174B1B79012B07D0B3
:1091600016494B23124A134804F0A8FC4B21F0E7A0
:109170000023134A50F8234003F5A2710133102B4A
:1091800042F82140F6D100230D4A00F13C0103F5DD
:10919000B27451F8045F0133102B42F82450F6D119
:1091A000D0F88030C2F8043338BD00BFB80F0301D7
:1091B0007D0F03019B0003010C640021C10F03011B
:1091C0000020014108B5094B1B79012B09D0084942
:1091D00008487A23084A04F071FC7A21064804F012
:1091E00064FC064A8340C2F8043308BD0C640021C5
:1091F000C10F03019B0003017D0F0301002001410A
:1092000008B5094B1B79012B09D00849084882236E
:10921000084A04F053FC8221064804F046FC064A42
:109220008340C2F8083308BD0C640021C10F03015C
:109230009B0003017D0F030100200141F8B50126C9
:109240000027124B124DD3F80C4304B9F8BD94FA21
:10925000A4F0B0FA80F006FA00F30F2824EA030421
:109260000BDD0C490C4840F217230C4A04F026FC95
:1092700040F21721094804F018FC094B82009F5066
:109280002B68002BE1D0A9689847DEE70020014158
:109290000C6400211C1003019B000301EA0F030171
:1092A000002101412DE9F0410E4617460C4D55F8BD
:1092B0001C4FAC4203D16FF01200BDE8F081314683
:1092C00054F8440CA4F14408FBF71EF830B9C7F871
:1092D00000804046BDE8F04105F0DDBA2468E8E7CB
:1092E0001864002110B5D0E909124A60416A00F102
:1092F00024031160C0E909334368044603B1984769
:10930000054A936833B11279062A03D907202268E7
:1093100002499847002010BD18640021271003015E
:109320002DE9F04107460D460B4E56F80C4FB4425E
:1093300002D16FF001000AE0394654F8240CA4F180
:109340002408FAF7E1FF20B91DB1C5F80080BDE897
:10935000F0812468EBE700BF1864002138B50446AB
:1093600000B30068F0B10378E3B10021FFF7D8FF44
:10937000D8B104F11C03C4E907330D4B04F12402F6
:10938000196903F10C00A16260621A610A609D68AC
:1093900035B11B79062B03D9072022680549A84758
:1093A000002038BD6FF01500FBE76FF01000F8E704
:1093B000186400212910030138B5114C05462168B5
:1093C00019B100200131216038BD2422204606F069
:1093D00080F82B682846A3602B79237104F10C03D5
:1093E000C4E9033304F11403C4E9053304F11C0395
:1093F000C4E9073300F018F80028E5D12168E0E758
:109400001864002138B5074D2C68013C2C6044B924
:1094100000F012F821462846BDE83840242206F024
:1094200058B838BD1864002108B50248FFF796FF08
:10943000002008BD680800210148FFF753BF00BFA6
:10944000680800210EB4431E062B33B588BF0020E8
:10945000094B05AC54F8045B53F82010074804F09E
:1094600017FB214628460194FBF766F902B0BDE8D8
:10947000304003B0704700BFE8FF02014410030111
:109480002DE9F04F87B017469B460446DDF840A013
:1094900000284BD0056A35B12D6825B1AC4607B020
:1094A000BDE8F04F6047E36A9F4242D80026BE42C3
:1094B00003D1002007B0BDE8F08F182303FB06F8A6
:1094C000D4F83090A26909EB08052B1D0593CAB9A1
:1094D000686969680368B5F80CC0C91AAB680CF113
:1094E000030E5D1E05EB0C155B4205EB4E051D40A2
:1094F00005EBCC0385680633A94228BF4FF0FF3146
:1095000005F096F959F8083020460293236AB1B263
:109510009B6A01935AF8263000935BF82620059B3E
:1095200005F0D7F90028C5D10136C0E76FF0150066
:10953000C0E70148BEE700BF40F4FFFF10B5044696
:1095400090B1028D43899A4209D0084A936833B199
:109550001279032A03D94268054904209847204616
:10956000BDE8104005F0A1BF10BD00BF1864002188
:10957000DF10030130B544898C4212D9436A013CA3
:109580005D882C4003EBC40359609A60BFF35B8F86
:10959000426A538801335380438D01334385002051
:1095A00030BD0148FCE700BF41F4FFFF70B4039EEB
:1095B000144660B1006A50B14BB1013407D0002E9F
:1095C00005DBD0F8844014B1A44670BC6047014864
:1095D00070BC70472DF8FFFF70B4039E144660B155
:1095E000006A50B14BB1013407D0002E05DBD0F832
:1095F000944014B1A44670BC6047014870BC7047E9
:109600002DF8FFFF2DE9FF47DDF834800E46914627
:109610009A460546002876D0002974D0B8F1000F8C
:1096200071D001F16407384605F0E3FABAF1FF3F63
:1096300049D1346E06F1500204F18000844204F0F6
:109640001F0C07D2C4F3411152F8211021FA0CF17A
:10965000C90736D4012104F07F04600952F8203094
:1096600004F5806A01FA0CF104F201440B4304F0A2
:109670007F0442F8203034666B6C4A4603930E9B9D
:109680002946CDE901830C9B30460093534605F0F3
:109690005FFB384601F0ACFA2C7874B196F8A44020
:1096A0005CB1AB6A013330D10021284605F0E0FA05
:1096B000044610B1284605F0B1FA204604B0BDE8D2
:1096C000F0870134BAE7BAF5806FD5D3AAF5806385
:1096D0007F2B06F150010FD8580951F8204003F0B4
:1096E0001F0324FA03F2D2070BD4012202FA03F378
:1096F000234341F82030BFE7054C384601F078FAA3
:10970000DBE7044CF9E7024CD7E70024D5E700BFBC
:109710002DF8FFFF29F8FFFF08B583681A0C0AD15E
:10972000094A93682BB11279022A02D9032007490A
:109730009847002008BDA3F5803383601B0C0CBF45
:1097400001200020F6E700BF186400210111030189
:1097500038B50446E0B100F16405284605F049FB40
:10976000D4F8B4309B6953B9D4F8A840103C002C0D
:1097700000DC084C284605F03AFB204638BD012B9A
:10978000F7D1D4F8BC0005F01CFAA0F11004EEE704
:10979000014CF2E72EF8FFFF2DF8FFFF38B5044625
:1097A000E0B100F16405284605F023FBD4F8B4309D
:1097B0009B6953B9D4F8AC40103C002C00DC084C39
:1097C000284605F014FB204638BD012BF7D1D4F80C
:1097D000B80005F0F6F9A0F11004EEE7014CF2E74D
:1097E0002EF8FFFF2DF8FFFF2DE9F041A3F110083F
:1097F00053F8087C002388B00693ADF81E30102380
:10980000CDE904120E9D0446D0F8C000ADF81C50FE
:1098100001688668A8EB0101B14228BF4FF0FF3113
:109820000DEB030204F0CAFF1028BFB20BD024498D
:109830004FF4DF73234A244804F040F94FF4DF71FA
:10984000204804F032F904F16406304605F0D1FAFC
:10985000D4F8B4309B69D3B9D4F8A820D4F8B43084
:10986000D4F8BC009B69CBB9CDE90282CDF8008069
:10987000012202A905F05AF8B0B1144940F2C91307
:10988000104A114804F01AF940F2C911D8E73946D4
:10989000D4F8BC0005F0E0F80246DFE7012B03D165
:1098A0003946FFF767FEE7E7D4F8BC0005F052F948
:1098B000304605F09CFA284608B0BDE8F08100BFAC
:1098C00065110301221103019B0003017E110301B5
:1098D000F0B504468E680D46B6B23146D0F8B800F1
:1098E00085B005F0B9F8D4F8B43007469A699AB94A
:1098F0000095CDE902500123D4F8B80002A905F083
:1099000015F848B10F497D230F4A104804F0D6F8E6
:109910007D210D4804F0C9F8D4F8B4309B69012BBF
:109920000ED13A463146D4F8B800FFF723FE38B1DD
:1099300004498323044A054804F0C0F88321E8E77A
:1099400005B0F0BD8A110301221103019B00030140
:109950002DE9FF4103689E6A06F16408404605F060
:1099600048FAD6F8B4309B693BB1012B12D040467F
:1099700005F03DFA04B0BDE8F081D6F8B8000DF16D
:109980000A0203A905F02EF8D6F8B43004469B6904
:10999000012B07D1D6F8B80003AA0DF10A0105F092
:1099A0008BF80446002CE2D0BDF80A300021626832
:1099B000A36030464FF0FF3305F090F9054605F0FF
:1099C0001EF9A368404603F58033A36005F00FFA43
:1099D000E5B1AB6A696C013308BF2368284608BF4C
:1099E000AB622368A28900916F6B04F11001B84744
:1099F00000280BDA1049114840F25A23104A04F0AB
:109A00005DF840F25A210E4804F04FF8404605F048
:109A1000F0F9284605F0F8F82046FFF77DFE38B14A
:109A200030462146FFF754FFD6F8B80005F092F80B
:109A3000404605F0DCF991E7931103019B00030117
:109A4000221103012DE9F04385B00F46904603A98A
:109A50000D9A0646994605F0ADFA044650B30C9DA2
:109A6000039BD6F8C0009D42A8BF1D460168D0F8F0
:109A700008C0611A614528BF4FF0FF312B464A46A6
:109A800004F09CFE85420BD00B490C484FF4057343
:109A90000B4A04F013F84FF40571094804F005F877
:109AA00023464246394630460095FFF79DFE05B0F5
:109AB000BDE8F0830348FAE79F1103019B0003010F
:109AC000221103012EF8FFFF2DE9F0478AB00D4661
:109AD000DDE9129716469846044620B9924E304664
:109AE0000AB0BDE8F0870029F8D0002BF6D000219D
:109AF000A822C0F8D01005F0ECFC012204F16400AB
:109B0000114605F0A2FB894BC4F8B450E667AC627D
:109B1000C4F88430864BC4F88830864BC4F88C3047
:109B2000854BC4F89030854BC4F89430844BC4F80E
:109B30009830844BC4F89C30834BC4F8A030AB6998
:109B40003BB9002FCAD097E8070004F1A80383E8C7
:109B50000700AB69012B06D02B6ADBB96FF0050655
:109B6000BDE74307F8D4D4F8B400002800F0D9804A
:109B7000036A002BF2D09B68002BEFD09847420677
:109B8000EFD50021D4F8B40005F021F906460028ED
:109B9000E9D0A4E71B69002BE0D028469847AB69C1
:109BA000012B04BF0023286100F0010008BF6B6196
:109BB00084F8A400AB69DBB93B7A002B00F083800A
:109BC00009F10C03C4F8C430B9F1000F86D0D9F8FC
:109BD0000820002A00F0A3809B68002B00F09F80E3
:109BE0005A4B04935A4B05935A4B06935A4B07937F
:109BF000AB69012B07D1564B0493544B0593564B3D
:109C00000693544B0793002104F1C803C4E932338F
:109C100006ABC4F8C080022200932846019104AB31
:109C2000FFF72EFC064600287FF459AFAB693BB91D
:109C30002B6B1B68C4F8B8302B6B9B69C4F8BC3025
:109C4000AB69012B07D12B6B9B69C4F8B8302B6B28
:109C50001B68C4F8BC30D4F8BC0004F04DFF2B6B7B
:109C60001B68C3F82C802B6B9B69C3F82C80D5F83C
:109C700018A0BAF1000F07D1D4F8AC300993D4F88A
:109C8000B8305B89534520D894F8A430C4E9004427
:109C900063B100230293314B204601933523304AB0
:109CA0000394009304F1080105F052F8AB69002B0E
:109CB0007FF415AF0421284605F089F807460028EF
:109CC0003FF40DAF26E04B467CE74846D4F8AC1095
:109CD00005F061F90746E0B1D8F800100890411A84
:109CE000D8F808000022814228BF4FF0FF31D4F895
:109CF000AC30404604F09CFD009701230022D4F8CC
:109D0000B80008A904F012FE074618B90AF1010AC2
:109D1000B5E7144F284605F053F83E46DFE6114EEE
:109D2000DDE66FF01506DAE62DF8FFFF459A020131
:109D300047EE020163EF0201B5EF0201E99702016C
:109D4000FFED02019D97020151970201AD11030140
:109D5000B311030151990201EDED02016BEE020115
:109D6000B91103012EF8FFFFF0B505460E46174660
:109D700087B0074A03AC07CA84E807000C9A31464B
:109D8000009228463A460194FFF79EFE07B0F0BDC8
:109D90004CF9020108B50A4A0A4B93420ED90A4906
:109DA00019230A4A0A4803F089FE0A4803F086FE8E
:109DB0001921064803F079FE2033EEE7FCD308BDF5
:109DC00080F70201A0F60201DF110301BC110301BB
:109DD0009B000301F711030170B50446EFF31186F0
:109DE000402383F31288BFF36F8F0E4B9D6805F0FD
:109DF000D4F9042C0CD10C4987230C4A0C4803F0ED
:109E00005DFE0C4803F05AFE8721084803F04DFE22
:109E100086F31188BFF36F8F2846BDE87040FBF7CB
:109E200097BC00BF3C6400213812030116120301E5
:109E30009B0003015512030138B50A4B53F820402B
:109E4000013053F82050A54200D838BD606830B1C9
:109E5000037FDB0701D405F0A3F90834F3E7236897
:109E60009847FAE708000301012270B5384B032038
:109E700086B01A70FFF7E0FFFCF7AAFAFBF72EFA9C
:109E80000420FFF7D9FF334C334DAC42264628D986
:109E900032494223324A334803F010FE324803F07D
:109EA0000DFE42212E4803F000FE54F80C3C0593B1
:109EB00054F8103C049354F8143C039354F8183CA1
:109EC000029354F81C3C019354F8203C009354E94D
:109ED0000A2354E90C0101F081FB54F8303C5E6523
:109EE000D3E7AE4204F13004DFD302F033F8194C6B
:109EF0001E4EAC421FD919496623194A194803F06E
:109F0000DDFD194803F0DAFD6621CBE7D4E90A2329
:109F1000B3F1FF3F08BFB2F1FF3F05D052EA0301A2
:109F2000206803D102F07AFA3034E2E73146183083
:109F300002F0B4FDF8E7E9D302F07AF803F0C1FBD0
:109F40000B4A137B23F00103137306B070BD00BFEF
:109F50001E65002170F80201D0F80201AB12030166
:109F60008A1203019B000301F711030123F302018D
:109F7000B05F002108B50348034A0021121A05F01A
:109F800026F908BD000A00212065002100230122D6
:109F900070B586B0CDE904230F220193CDE90232DA
:109FA00014230F4D0F4E03FB00550F4906EBC0164F
:109FB000044601EB00214FF4807230460B4B0095B4
:109FC00001F00CFB737B2C7423F004037373084BB8
:109FD000013403EBC423EE606B6006B070BD00BFBC
:109FE0003C640021305F0021207D0021C5A10201D9
:109FF00020750021BFB50020FFF71EFF2B4B03F596
:10A00000006282F3088883F30A88E023284C002545
:10A0100084F822302023E37725766576A57684F8C8
:10A020002050636A234F43F4E023636284F8235093
:10A03000FBF70CFBFBF794FC4FF0FF33A362E362EA
:10A04000FBF74CFEFBF7B0FC1B4801F071FBFFF780
:10A05000A1FEFCF7B5F90120FFF7EEFE0220174C38
:10A06000FFF7EAFE02F074F8154B16495C61164BD7
:10A070004FF40062059301232046CDE90353CDE957
:10A0800001553B46009501F0A9FA0646627B204641
:10A0900022F00402627301F0C5FC2846FFF776FF48
:10A0A0003A4631462046FBF73BFC00BF20750021B5
:10A0B00000ED00E0699E020130600021B05F0021E8
:10A0C0003C640021207E0021D812030138B50D4CDC
:10A0D0000D4DAC4213D90D491A230D4A0D4803F01A
:10A0E000EDFC0D4803F0EAFC1A21094803F0DDFC01
:10A0F0002046D4E9011205F06EF81834E9E7F7D3E9
:10A10000002038BDB0080021C80800214513030114
:10A11000DD1203019B000301F7110301F8B50546A9
:10A120000E4600F11404EFF31187402383F31288E5
:10A13000BFF36F8F204602F03BFC68B988231B4AAF
:10A140001B491C4803F0BAFC21461B4803F0B6FC2F
:10A150008821164803F0A9FC204602F04DFC284651
:10A160003146FAF7FBF905F10C0005F0E8F828B1E3
:10A1700039462046BDE8F84001F092BE204602F084
:10A1800025FC68B940F23113084A0C49094803F02C
:10A1900095FC21460A4803F091FC40F23111D8E7C2
:10A1A00087F31188BFF36F8FF8BD00BF2A03030147
:10A1B000830303019B000301980303015703030179
:10A1C0006E03030108B50D4B9B6893F90E30002B0D
:10A1D00009DB4024EFF3118384F31288BFF36F8F00
:10A1E00003F067FFF6E7064906481C23064A03F01A
:10A1F00065FC1C21044803F058FC00BF3C640021AE
:10A200007F1303019B0003015E13030108B58368FC
:10A210004BB90B490B4899230B4A03F04FFC99218A
:10A22000094803F042FCD0E9003213605A60002371
:10A23000427BC0E9003322F002024273836008BD12
:10A24000D21303019B000301A71303012DE9F34778
:10A250000446894690461E46EFF3058373B152EAE1
:10A2600006030BD05B4982235B4A5C4803F026FC63
:10A270005B4803F023FC8221574819E004F10805EC
:10A28000EFF311874FF0400A8AF31288BFF36F8F04
:10A29000284602F08DFB68B98823524A52494F483C
:10A2A00003F00CFC2946514803F008FC88214D4876
:10A2B00003F0FBFB284602F09FFB626A23699A4287
:10A2C0006CD2EFF311838AF31288BFF36F8F83F39D
:10A2D0001188BFF36F8F5BB94549B023454A3F48AA
:10A2E00003F0ECFB3E4803F0E9FBB0214148DFE717
:10A2F0002668B44217D0B6B13046FFF787FF06F1A3
:10A30000180002F0AFFC4946E268306905F0D4F865
:10A3100000233046F36701F085FB3946284601F0FB
:10A32000BFFD002449E0206A6369984202D3A36913
:10A33000984207D330499A23274A284803F0BEFBA6
:10A340009A2199E7E268494605F0B6F8236AE2687F
:10A3500004F128001344A2692362934208BF636991
:10A360004FF0100108BF2362636A0133636202F099
:10A37000C9FD04460028D0D1284602F027FB18BBAF
:10A3800040F23113174A1D49144803F097FB294640
:10A390001B4803F093FB40F2311188E758EA0603AB
:10A3A0000FD0184B22469B683946C3F810902846B8
:10A3B000CDE9008601F018FC0446204602B0BDE855
:10A3C000F0876FF02204D7E787F31188BFF36F8F10
:10A3D000F3E700BFFF120301E91303019B00030130
:10A3E000050803012A030301830303019803030102
:10A3F0000B140301A71303012314030157030301E3
:10A400006E0303013C6400212DE9F74304468846AE
:10A4100017461D46EFF3058373B152EA05030BD0CF
:10A420005C49DE235C4A5D4803F048FB5C4803F06E
:10A4300045FBDE21584818E004F10806EFF31189C6
:10A44000402383F31288BFF36F8F304602F0B0FAD7
:10A4500068B98823534A5449504803F02FFB3146CA
:10A46000524803F02BFB88214E4803F01EFB304678
:10A4700002F0C2FA636A002B61D0E2684046E169EB
:10A4800005F01AF8E369E2681344A269E3619342B4
:10A4900004BF6369E361636A013B6362EFF31183A5
:10A4A000402282F31288BFF36F8F83F31188BFF3CA
:10A4B0006F8F5BB93E49B0233E4A384803F0FEFA3D
:10A4C000374803F0FBFAB0213A48CEE72568AC42A2
:10A4D00045D0002D44D02846FFF798FE05F118001E
:10A4E00002F0C0FB206A6369984202D3A3699842D4
:10A4F00007D33149F823284A284803F0DFFAF82126
:10A5000098E72969E26804F0D7FF236AE2682846E1
:10A510001344A2692362934204BF63692362636A9E
:10A52000013363620024EC6701F07CFA494630464F
:10A5300001F0B6FC2546284603B0BDE8F08357EA93
:10A5400005031FD01D4B22469B684946C3F8108067
:10A550003046CDE9007501F047FB0546EBE70025E5
:10A56000304602F033FA80B940F231130D4A1449F3
:10A570000A4803F0A3FA3146124803F09FFA40F26A
:10A58000311171E76FF02205EAE789F31188BFF313
:10A590006F8FD0E7FF120301E91303019B00030152
:10A5A000050803012A030301830303019803030140
:10A5B0000B140301A7130301231403013C640021BE
:10A5C000570303016E0303012DE9F34104461746C7
:10A5D0001E46EFF3058565B158496F23584A59481F
:10A5E00003F06CFA584803F069FA6F21544803F0FD
:10A5F0005CFAEFF31188402383F31288BFF36F8F67
:10A60000524802F0D5F960B98823514A51494D4862
:10A6100003F054FA4D49504803F050FA88214C4851
:10A62000E5E74A4802F0E8F9E3684C4A9BB1A068C4
:10A630009168884229D057EA06032ED1434802F098
:10A64000C5F9A0B188F31188BFF36F8F6FF00F00C9
:10A6500002B0BDE8F081916891F90E100133E3601A
:10A6600093683A482161A36002F0B0F978B940F2EA
:10A670003113374A3A49334803F020FA334939480D
:10A6800003F01CFA40F23111C9E72169E6E788F3CB
:10A690001188BFF36F8F0020DAE791F90E1090F95F
:10A6A0000E306FF07E029942A8BF19469142B8BFA2
:10A6B00011468B4202DD04F098FD054622464146D4
:10A6C000CDE90076214801F08FFA0028E3D0EFF3BE
:10A6D0001186402383F31288BFF36F8F1B4802F06B
:10A6E00067F9002890D0194802F086F9A068C0B137
:10A6F000236821699C420AD04BB193F90E309942EC
:10A70000A8BF19466FF07E039942B8BF194604F0FE
:10A710006CFD30B131460D4801F0C2FB6FF00A000C
:10A7200096E7002DF6D1094802F050F900289ED096
:10A7300086F31188BFF36F8FF0E700BF9114030118
:10A740006F1403019B000301A31403015C64002147
:10A750002A03030183030301980303013C640021DE
:10A76000570303016E030301F8B50546EFF30583B4
:10A7700063B15449D723544A544803F09FF95448CD
:10A7800003F09CF9D721504803F08FF98368002B20
:10A7900000F092804F4A9268934240F09080C368E4
:10A7A0003BB94D49EF23484A484803F087F9EF2168
:10A7B000E9E7012B03D0013BC3600020F8BDEFF3B4
:10A7C0001187402484F31288BFF36F8F434802F04F
:10A7D000EFF860B98823424A42493C4803F06EF9D9
:10A7E0003E49414803F06AF988213D48CCE73B489F
:10A7F00002F002F92969A86804F0F7FCEFF311836D
:10A8000084F31288BFF36F8F83F31188BFF36F8FC8
:10A810005BB93649B023364A2C4803F04FF9354826
:10A8200003F04CF9B0213248AEE72C68A54215D1AF
:10A8300000232A48C5E9023302F0C8F8002836D1BF
:10A8400040F23113264A2C49204803F037F92349B6
:10A850002A4803F033F940F23111C6E7002CE7D063
:10A86000A3683BB926499923214A184803F026F9E1
:10A870009921D8E70026D4E9003213605A60637B3F
:10A88000C4E9006623F002036373A66004F11800B4
:10A8900002F0E8F9AC6094F90E3020462B61E667CF
:10A8A00001F0C0F839460D4801F0FAFA85E787F360
:10A8B0001188BFF36F8F80E76FF015007EE74FF0D0
:10A8C000FF307BE7911403016F1403019B00030128
:10A8D000A31403013C640021C81403015C6400213B
:10A8E0002A03030183030301980303010B140301EB
:10A8F000A713030105080301570303016E030301B6
:10A90000D213030108B583684BB90B490B4899234F
:10A910000B4A03F0D3F89921094803F0C6F8D0E9AF
:10A92000003213605A600023427BC0E9003322F0FA
:10A9300002024273836008BDD21303019B0003012E
:10A94000A71303012DE9F04704460F4691469A46A6
:10A950009DF8208000F10805EFF31186402383F372
:10A960001288BFF36F8F284602F022F860B988235F
:10A97000504A5149514803F0A1F82946504803F084
:10A980009DF888214B481DE0284602F035F8B8F1C3
:10A99000000F00D06768EFF31183402282F3128822
:10A9A000BFF36F8F83F31188BFF36F8F63B945498E
:10A9B000B023454A414803F081F8444803F07EF84B
:10A9C000B021414803F071F8234653F80C8F9845A5
:10A9D00019D0B8F1000F16D04046FFF793FF08F1E9
:10A9E000180002F03FF900234046C8F87C30C8F850
:10A9F000109001F017F83146284601F051FA002472
:10AA00002046BDE8F087BAF1000F14D0082002F00C
:10AA1000D7FB002846D00122C0F8049002600168EC
:10AA200001F003015FB922680A4302606268206096
:10AA30006AB960600BE04846C9F800A0EFE73A68E1
:10AA4000032A24D801606168D9B9C4E9000004F17F
:10AA50001400042102F056FA04460028CBD12846FF
:10AA600001F0B4FF08BB40F23113124A18491348F1
:10AA700003F024F82946174803F020F840F231117A
:10AA800080E70A6802F0030202430A60D1E722F07D
:10AA900003020A4302603A6802F0030240EA02033A
:10AAA0003B60D4E76FF00B04D9E786F31188BFF35E
:10AAB0006F8FA5E72A030301830303019B000301B2
:10AAC000980303010B140301A713030105080301F5
:10AAD000570303016E0303012DE9F7430646904631
:10AAE0001F4600F10805EFF31189402383F3128814
:10AAF000BFF36F8F284601F05BFF68B98823254AB2
:10AB00002549264802F0DAFF2946254802F0D6FFFB
:10AB10008821204802F0C9FF284601F06DFF346803
:10AB2000FCB12368726823F00303944220464FF07F
:10AB30000101336008BF736004F066FB04462846D9
:10AB400001F044FFE8B940F23113124A15491348A5
:10AB500002F0B4FF2946144802F0B0FF40F2311170
:10AB6000D7E758EA0703EAD049462846CDE90087E7
:10AB700006F10C0201F038F838B90C4B9B681C69DF
:10AB800003E089F31188BFF36F8F204603B0BDE85F
:10AB9000F08300BF2A030301830303019B00030129
:10ABA00098030301570303016E0303013C64002172
:10ABB00008B583684BB90B490B4899230B4A02F03F
:10ABC0007DFF9921094802F070FFD0E9003213603F
:10ABD0005A600023427BC0E9003322F00202427334
:10ABE000836008BDD21303019B000301A713030177
:10ABF00070B50446EFF31186402585F31288BFF344
:10AC00006F8F334801F0D4FE60B98823314A32494E
:10AC1000324802F053FF2E49314802F04FFF88219D
:10AC20002C4818E02A4801F0E7FEEFF3118385F382
:10AC30001288BFF36F8F83F31188BFF36F8F63B9EF
:10AC40002849B023284A254802F038FF274802F057
:10AC500035FFB021244802F028FF2568AC4212D00D
:10AC60008DB12846FFF7A4FF05F1180001F0FAFFA7
:10AC700000232846EB6700F0D5FE3146BDE8704062
:10AC8000134801F00DB9D4E902329A4218BF0133DA
:10AC90000221A36004F1100002F034F90028ECD185
:10ACA0000B4801F093FE68B940F23113094A10498C
:10ACB0000A4802F003FF06490E4802F0FFFE40F288
:10ACC0003111ADE786F31188BFF36F8F70BD00BF00
:10ACD000606400212A030301830303019B00030135
:10ACE000980303010B140301A713030105080301D3
:10ACF000570303016E030301F7B5044616461D46CC
:10AD0000EFF305837BB152EA05030CD02D4988236C
:10AD10002D4A2E4802F0D2FE2D4802F0CFFE8821A7
:10AD2000294802F0C2FEEFF31187402383F3128813
:10AD3000BFF36F8F274801F03BFE60B98823264A96
:10AD40002649224802F0BAFE2249254802F0B6FE02
:10AD500088212148E5E71F4801F04EFEA368D3B1E2
:10AD6000013B1C48A36001F031FE68B940F2311389
:10AD7000194A1C49154802F0A1FE16491A4802F06A
:10AD80009DFE40F23111E4E787F31188BFF36F8F26
:10AD9000002003B0F0BD56EA05030BD10D4801F0C9
:10ADA00015FE0028E2D087F31188BFF36F8F6FF094
:10ADB0000F00EEE722463946CDE90065054800F070
:10ADC00013FFE6E7FF140301DF1403019B000301F7
:10ADD00005080301606400212A03030183030301C2
:10ADE00098030301570303016E0303012DE9F043A8
:10ADF0000446764E764F85B0EFF31188402383F3F7
:10AE00001288BFF36F8F304601F0D2FD68B98823F6
:10AE1000704A7149714802F051FE6C49704802F065
:10AE20004DFE88216B4802F040FE304601F0E4FD03
:10AE3000D4F88450F5B9022104F19C0004F015FA0D
:10AE4000002840D004F1940500220121284601F099
:10AE500067FC0028F8D100234FF0FF3202934FF037
:10AE6000FF334146CDE90023304604F18C0201F066
:10AE7000B5FCC1E7D4F888202B68954208BFC4F818
:10AE80008830C4F88430D4F89C30304643F0020354
:10AE9000C4F89C30EB68D5F8049023F0040343F029
:10AEA0000103EB6001F092FDF8B940F23113494A19
:10AEB0004C494A4802F002FE44494B4802F0FEFD6C
:10AEC00040F23111AEE7D4F89C30DD06C3D5C4F8AA
:10AED0009C003E4801F07AFD0028E6D088F31188F6
:10AEE000BFF36F8F05B0BDE8F08388F31188BFF31F
:10AEF0006F8FB9F1000F0AD13C49384840F2AB23BB
:10AF00003B4A02F0DBFD40F2AB2139488BE7284693
:10AF1000C847EFF31188402383F31288BFF36F8F84
:10AF2000304601F045FD00283FF471AF304601F096
:10AF300063FDEB68D90623F0010231D4EA60EB68C7
:10AF40009A0716D5386823F00203EB6088B1002118
:10AF5000036870B14268954230D1036841BB7A689A
:10AF60003B60824200D17B60002340F8083BFFF742
:10AF70003FFED4F89C30304623F00203C4F89C30E6
:10AF8000C3F3002501F022FD00288ED088F311883C
:10AF9000BFF36F8F002D7FF42FAF01F0E1F82BE7A7
:10AFA00023F01103EB6005F11000FFF721FEC6E767
:10AFB0000B607B68834208BF7960D5E723B11A68CC
:10AFC000014618461346C4E71A46F9E76C640021A7
:10AFD000646400212A030301830303019B0003012E
:10AFE00098030301570303016E030301A315030133
:10AFF0004D150301F8B5C36804469A070F46C3F31D
:10B0000040063BD45B0727D40B680BB983680B6001
:10B01000E368DD0723D5A3685BB9294929484FF4C4
:10B02000AA73294A02F04AFD4FF4AA71264802F099
:10B030003CFD02263B603D68002D3ED0234B9A68C4
:10B04000D5F880309A420CD0D5F89C30D807C3F39D
:10B05000800216D46FF0120600233B6027E0012621
:10B06000E9E704F025F9D5F89C300028EED1D9079E
:10B07000C3F3C002EED552B15B0708D46FF00F06E0
:10B08000EAE7002AFAD1C3F3C003002BF6D100236C
:10B090002360D5F8883063B9C5E92144284604F017
:10B0A000F0F8E36843F00403E3603B68A3603046D4
:10B0B000F8BD1C60C5F88840F0E76FF01506CBE7D7
:10B0C0006E1503019B0003014D1503013C64002133
:10B0D00038B50D46044648B90C4999230C4A0D4829
:10B0E00002F0ECFC99210A4802F0DFFC39B90A4968
:10B0F0009A23074A074802F0E1FC9A21F3E710225D
:10B10000002104F0E6F9656038BD00BF8915030130
:10B110004D1503019B000301A3150301F8B5C36896
:10B12000064603F00503002B0C4614BF0127002739
:10B1300029D085685DB91D491D484FF4DF731D4A4C
:10B1400002F0BCFC4FF4DF711A4802F0AEFC0122A1
:10B15000002104F1100004F078F820461649FFF7AA
:10B16000B7FFE36843F01003E360F3685B0712D5B1
:10B17000336823606BB9D5F8883033B9C5E9214409
:10B18000284604F07EF83846F8BD1C60C5F88840B3
:10B19000F6E73460F4E7D5F884302360D5F88830DA
:10B1A000C5F88440002BEBD1F0E700BF7415030114
:10B1B0009B0003014D15030181F2020137B50C46D6
:10B1C000019059B928494FF4BD73284A284802F024
:10B1D00075FC4FF4BD71254802F067FC4B684BB914
:10B1E000244940F27B13214A214802F067FC40F2D7
:10B1F0007B11F0E7EFF31185402383F31288BFF34F
:10B200006F8F1D4801F0D4FB60B988231B4A1C498D
:10B21000174802F053FC18491A4802F04FFC8821E5
:10B220001648D9E7144801F0E7FB204601A9FFF7CB
:10B23000E1FE0446104801F0C9FB68B940F2311341
:10B240000E4A11490A4802F039FC0B490F4802F036
:10B2500035FC40F23111E3E785F31188BFF36F8FBE
:10B26000204603B030BD00BF891503014D15030111
:10B270009B0003019D1503016C6400212A03030157
:10B280008303030198030301570303016E030301C2
:10B2900070B50C46054658B938494FF4E573384A3D
:10B2A000384802F00BFC4FF4E571354802F0FDFB25
:10B2B000C368DB0509D5344940F2CB13304A314825
:10B2C00002F0FCFB40F2CB11EFE703F0F1FF48B1D5
:10B2D0002E494FF4E6732A4A2A4802F0EFFB4FF456
:10B2E000E671E2E74CB92A4940F2CD13244A2548D9
:10B2F00002F0E4FB40F2CD11D7E7EFF311864023D3
:10B3000083F31288BFF36F8F224801F051FB60B9BD
:10B310008823214A21491B4802F0D0FB1D492048BF
:10B3200002F0CCFB88211C48C0E71A4801F064FBFE
:10B3300028462146FFF7F2FE0546164801F046FB77
:10B3400068B940F23113144A16490E4802F0B6FBB0
:10B350001049154802F0B2FB40F23111E3E786F3E1
:10B360001188BFF36F8F3DB14FF0FF324FF0FF33C5
:10B3700004F11000FFF7C0FC284670BD89150301D9
:10B380004D1503019B000301BA150301E9150301E3
:10B39000F81503016C6400212A03030183030301F0
:10B3A00098030301570303016E03030108B558B95D
:10B3B000084909484FF43373084A02F07FFB4FF401
:10B3C0003371064802F071FBA022002104F081F8DD
:10B3D00008BD00BF741503019B0003014D15030157
:10B3E000F0B589B004460E9D58B92F4940F2F123BB
:10B3F0002E4A2F4802F062FB40F2F1212B4802F066
:10B4000054FB49B92B4940F2F223284A284802F05C
:10B4100055FB40F2F221F1E7D0F89C0010F001005A
:10B4200009D0254940F2F323204A214802F046FB87
:10B4300040F2F321E2E7C4E9210004F18C00C4E901
:10B44000230004F19400C4E9250055B328790028AD
:10B4500040F2011008BF0120C4F89C0000204FF00A
:10B46000FF364FF0FF37CDE90330CDE90100CDE9DC
:10B4700006672046114B009400F014F955B1296875
:10B4800011B1204603F01AFF6B791BB1237B43F007
:10B4900001032373204600F0C1FFC4F8804009B0C7
:10B4A000F0BD0120D8E700BF401603014D15030190
:10B4B0009B000301461603010C160301EDAD0201CA
:10B4C0007FB50D46044658B93A494FF447733A4A96
:10B4D0003A4802F0F3FA4FF44771374802F0E5FAC0
:10B4E00003F0E6FE48B1364940F21D33324A334894
:10B4F00002F0E4FA40F21D31EFE7EFF3118640234A
:10B5000083F31288BFF36F8F2E4801F051FA60B9B0
:10B5100088232D4A2D49294802F0D0FA29492C4880
:10B5200002F0CCFA88212848D8E7264801F064FACE
:10B53000D4F89C3013F0060F1DD1B5B143F00C03C5
:10B54000C4F89C30204603F09CFE00234FF0FF32ED
:10B5500002934FF0FF333146CDE90023194804F13F
:10B56000940201F03BF904B070BDD4F884504DB1A1
:10B5700043F00403E4E743F00402C4F89C20002DE8
:10B58000E0D0DBE70F4801F021FA68B940F231134F
:10B590000D4A1049094802F091FA0A490E4802F092
:10B5A0008DFA40F23111BEE786F31188BFF36F8F39
:10B5B0002846D8E7401603014D1503019B000301FF
:10B5C000E91503016C6400212A03030183030301CD
:10B5D00098030301570303016E0303012DE9F043B0
:10B5E00085B00F9D04460F2D0E46984637D1274B48
:10B5F000984538D104F15803C4E91633109B00274D
:10B60000237304230732A57322F0070506EB05090F
:10B61000494663732046C4E90677A760E773F9F7E4
:10B620006FFE0E9B073020F00700E066C4E9196545
:10B6300002930D9BA9EB000901930C9B4A460093D2
:10B64000314643462046FAF74FF9114B67659B6830
:10B6500003B11B6F4846236705B0BDE8F08305F1D1
:10B6600010031E2BC6D940F205230A4A0A490B488B
:10B6700002F024FA29460A486FF00F030E2202F066
:10B680001DFA40F20521034802F00FFAC5A102019C
:10B690003C6400214C1603016F1603019B0003015B
:10B6A000EF160301F0B587B00446DDE91276EFF33B
:10B6B000058575B1194940F29223194A194802F0DB
:10B6C000FDF9194802F0FAF940F29221144802F00B
:10B6D000ECF90595109D04950F9D03950E9D02951F
:10B6E0000D9D01950C9D0095FFF778FFB6F1FF3F8A
:10B6F00008BFB7F1FF3F05D056EA070305D1204642
:10B7000000F08CFE204607B0F0BD3A46334604F107
:10B710001800064901F0C2F9F4E700BF91140301D3
:10B720004C1603019B0003012017030123F30201C0
:10B7300040F201138381002310B50446C0E9193398
:10B7400001F038FD014B9C6010BD00BF3C6400213E
:10B750006FF00A01084A9368D967084998674B68EF
:10B7600043F080534B60002383F31188BFF36F8F46
:10B770009368D86F704700BF3C64002100ED00E083
:10B7800038B590F90D200146002A437B11DA03F009
:10B790007F0343731B4B984209D11B491B48562317
:10B7A0001B4A02F08BF95621194802F07EF903F08A
:10B7B00088FD184D2A4652F8184FAB68944200D0C5
:10B7C00004B9EC688B4214D05BB91349D523134AF2
:10B7D0000E4802F073F9124802F070F9D5210F48B3
:10B7E000E3E75A7BD20604D1DA897F2A01D9A2691C
:10B7F0002AB1A34202D0204601F04EF823466B61E5
:10B8000038BD00BF305F0021671703019B000301B3
:10B81000451703013C640021B41703018817030195
:10B820000508030108B583684BB9094909489923FC
:10B83000094A02F043F99921074802F036F903F06A
:10B8400040FD437B23F0020343730023836008BD64
:10B85000D21303019B000301A713030170B590F9F4
:10B860000D20437B002A50DBD9064ED163F07F03C5
:10B870004373274B984209D1264927484F23274A2B
:10B8800002F01CF94F21254802F00FF9244C224602
:10B8900052F8183FE169934207D1C0E900210860DE
:10B8A000E06111E09942F8D01B68002BF5D090F9C7
:10B8B0000E5093F90E60B542F4D0AE42F2DD5968F5
:10B8C000C0E9003108605860A569954200D005B90B
:10B8D000E568A3685BB91349D523134A0E4802F003
:10B8E000EDF8124802F0EAF8D5210F48CCE75A7B70
:10B8F000D20604D1DA897F2A01D9AA6932B1AB42D2
:10B9000002D0284600F0C8FF656170BD6361FCE7A6
:10B91000305F0021671703019B00030145170301F6
:10B920003C640021B41703018817030105080301D3
:10B9300070B590F90D200146002A437B314C10DA96
:10B9400003F07F03A042437309D12F4956232F4AA6
:10B950002F4802F0B3F856212C4802F0A6F803F065
:10B96000B0FC4B7BA14263F07F034B7307D12649A8
:10B970004F23264A264802F0A1F84F21ECE7254C38
:10B98000224652F8183FE069934207D1C1E90020EE
:10B990000160E16111E09842F8D01B68002BF5D0FE
:10B9A00091F90E5093F90E60B542F4D0AE42F2DD3B
:10B9B0005868C1E9003001605960A569A3689542E3
:10B9C00000D005B9E5688B4214D05BB91249D52384
:10B9D000124A0F4802F072F8114802F06FF8D521B0
:10B9E0000E48BAE75A7BD20604D1DA897F2A01D9F8
:10B9F000AA692AB1AB4202D0284600F04DFF2B467F
:10BA0000636170BD305F00216717030145170301B3
:10BA10009B0003013C640021B41703018817030154
:10BA20000508030138B50446EFF31185402383F37D
:10BA30001288BFF36F8F174800F0BAFF68B98823E8
:10BA4000154A1649164802F039F81249154802F00D
:10BA500035F88821104802F028F80E4800F0CCFF95
:10BA60002046FFF7FBFE0B4800F0B0FF68B940F23C
:10BA70003113094A0C490A4802F020F805490B48DD
:10BA800002F01CF840F23111E4E785F31188BFF3AE
:10BA90006F8F38BD706400212A0303018303030103
:10BAA0009B00030198030301570303016E03030185
:10BAB00038B50446EFF31185402383F31288BFF3B2
:10BAC0006F8F184800F074FF68B98823164A174929
:10BAD000174801F0F3FF1349164801F0EFFF8821E2
:10BAE000114801F0E2FF0F4800F086FFA36813B190
:10BAF0002046FFF797FE0B4800F068FF68B940F258
:10BB00003113094A0C490A4801F0D8FF05490B488E
:10BB100001F0D4FF40F23111E2E785F31188BFF361
:10BB20006F8F38BD706400212A0303018303030172
:10BB30009B00030198030301570303016E030301F4
:10BB400038B50446EFF31185402383F31288BFF321
:10BB50006F8F1E4800F02CFF68B988231C4A1D49CE
:10BB60001D4801F0ABFF19491C4801F0A7FF8821CF
:10BB7000174801F09AFF154800F03EFF637B13F071
:10BB8000280F0BD1A36813B12046FFF74BFE637B50
:10BB9000204623F004036373FFF760FE0B4800F0B8
:10BBA00015FF68B940F23113094A0D490A4801F0FE
:10BBB00085FF06490B4801F081FF40F23111D7E7BC
:10BBC00085F31188BFF36F8F38BD00BF706400210B
:10BBD0002A030301830303019B000301980303016C
:10BBE000570303016E0303012DE9F047DFF8D4A0EA
:10BBF000354D1746DDE90898DAF80820334BA8429E
:10BC000004460E461A600BD13149324840F2722385
:10BC1000314A01F053FF40F272212F4801F045FFF5
:10BC2000EFF31183402383F31288BFF36F8F28460D
:10BC300000F0BEFE60B98823284A2949254801F052
:10BC40003DFF2946274801F039FF88212348E5E7D1
:10BC5000284600F0D1FEDAF808503946284603F0AD
:10BC600038FBB8F1FF3F08BFB9F1FF3F06D04A46A5
:10BC700043461D4905F1180000F010FF204600F072
:10BC8000A5FE68B9194940F26B13144A114801F036
:10BC900015FF2146164801F011FF40F26B11D5E760
:10BCA000094800F093FE40B9104940F26B130B4A6B
:10BCB000084801F003FF0449ECE73046BDE8F047CF
:10BCC000FFF746BD3C6400217064002174640021CC
:10BCD000DB1703019B000301451703012A0303013E
:10BCE000830303019803030123F3020157030301B4
:10BCF0006E0303012DE9F04104460D46EFF3118771
:10BD0000402383F31288BFF36F8F584800F050FE32
:10BD100060B98823564A5749574801F0CFFE534926
:10BD2000564801F0CBFE8821514818E04F4800F0FA
:10BD300063FE637B03F01F02002A0CBF012600266E
:10BD40005DD103F07F0363734D4B9C4209D14D4994
:10BD5000494856234C4A01F0B1FE56214A4801F0A9
:10BD6000A4FEDFF82881204603F0ABFA4246637B4D
:10BD70006DB263F07F03A573637352F8183F93426B
:10BD80003AD1D8F81C10C4E900210C60C8F81C4056
:10BD90000FE09942F7D01B68002BF4D093F90E0006
:10BDA0008542F6D0A842F4DD5968C4E900310C6040
:10BDB0005C60D8F81840944200D00CB9D8F80C4018
:10BDC000D8F808309C4202D0204600F065FDC8F843
:10BDD0001440264800F0FAFD00283FD140F231130C
:10BDE000234A2B49244801F069FE2049294801F0E3
:10BDF00065FE40F2311197E7D8F81C10CCE79B079D
:10BE00002AD5A16841B924491B489923234A01F046
:10BE100055FE99212148A2E720466DB203F051FA60
:10BE2000A5730B68994209D14B68C4E900131C60E3
:10BE30004C60CEE74A689342F6D01B68002BF3D0E3
:10BE400093F90E209542F5D0AA42F3DD5A68C4E971
:10BE5000003214605C60BCE7A573BAE787F3118811
:10BE6000BFF36F8F3046BDE8F08100BF70640021E2
:10BE70002A030301830303019B00030198030301C9
:10BE8000305F002167170301451703013C6400215F
:10BE9000570303016E030301D2130301A713030128
:10BEA00070B504460D46F9B9EFF30586E6B91A4BAD
:10BEB0005A699B689A4217D000F088FD78B940F221
:10BEC0006B13164A1649174801F0F8FD214616482B
:10BED00001F0F4FD40F26B11104801F0E6FD304630
:10BEE000BDE87040FFF734BC204600F06FFD68B934
:10BEF00040F23113094A0A490A4801F0DFFD2146A0
:10BF0000094801F0DBFD40F23111E5E785F31188C6
:10BF1000BFF36F8F70BD00BF3C6400212A03030193
:10BF2000570303019B0003016E030301034648B955
:10BF3000EFF3058232B9064A51699268914201D005
:10BF4000FFF706BC83F31188BFF36F8F704700BF04
:10BF50003C64002110B5EFF31184402383F3128871
:10BF6000BFF36F8F264800F023FD60B98823254A70
:10BF70002549264801F0A2FD2149254801F09EFDF2
:10BF80008821204810E01E4800F036FDEFF30583BD
:10BF900063B120498F23204A1C4801F08FFD1F48C0
:10BFA00001F08CFD8F211C4801F07FFD1C4B9A682D
:10BFB000D37B012B0AD11B499023174A134801F068
:10BFC0007DFD164801F07AFD9021ECE7013BD3732B
:10BFD0000B4800F0FBFC68B940F23113094A1249E2
:10BFE0000A4801F06BFD0649104801F067FD40F278
:10BFF0003111C6E784F31188BFF36F8F10BD00BF06
:10C00000706400212A030301830303019B000301E1
:10C010009803030191140301A71303010508030109
:10C020003C64002114180301570303016E0303014C
:10C0300070B5EFF31186402383F31288BFF36F8F3F
:10C04000374800F0B5FC60B98823364A364937488E
:10C0500001F034FD3249364801F030FD8821314885
:10C0600013E0344D2E4800F0C7FCAB68DA7B72B9A0
:10C07000314940F20D33314A2C4801F01FFD304860
:10C0800001F01CFD40F20D312C4801F00EFDEFF3E4
:10C09000058161B12B4940F20E33284A234801F053
:10C0A0000DFD274801F00AFD40F20E31ECE70132A8
:10C0B000DA732A4652F8184F944200D004B9EC685B
:10C0C0005A7BD20604D1DA897F2A01D9A2692AB122
:10C0D000A34202D0204600F0DFFB234610486B61EC
:10C0E00000F074FC68B940F231130E4A16490F484B
:10C0F00001F0E4FC0A49154801F0E0FC40F231117E
:10C10000ADE786F31188BFF36F8FEFF31180402303
:10C1100083F31288BFF36F8FBDE87040FFF706BF4F
:10C12000706400212A030301830303019B000301C0
:10C13000980303013C6400214518030145170301DE
:10C140000508030191140301570303016E03030162
:10C15000024B03F11802C3E9062270473C64002138
:10C1600070B5EFF3058373B1394940F22443394A7E
:10C17000394801F0A3FC394801F0A0FC40F2244109
:10C18000344801F092FCEFF31186402383F31288C8
:10C19000BFF36F8F324800F00BFC60B98823314A3F
:10C1A00031492D4801F08AFC2D49304801F086FCC8
:10C1B00088212C48E5E72E4C294800F01DFCA16899
:10C1C000E0690B68814214BF1A46002249680B607F
:10C1D0005960A368E1692AB9264AC3E900210B60C6
:10C1E000E3610CE093F90E0092F90E50A84225D0BD
:10C1F000854223DD5168C3E900210B605360A569C6
:10C200001C4B9D4200D005B9E568A3689D4202D051
:10C21000284600F041FB1248656100F0D7FB88B961
:10C2200040F26B130F4A14490B4801F047FC0C49CC
:10C23000124801F043FC40F26B11BAE78A42CBD0BE
:10C240001268C8E73046BDE87040FFF781BA00BF0A
:10C2500091140301451703019B0003010508030125
:10C26000706400212A03030183030301980303017F
:10C270003C64002154640021570303016E03030151
:10C280002DE9F04106460C46EFF3058777B13449B6
:10C2900040F23C43334A344801F010FC334801F08B
:10C2A0000DFC40F23C412F4801F0FFFB50EA010336
:10C2B00004D1FFF755FF0020BDE8F081EFF31188AE
:10C2C000402383F31288BFF36F8F294800F070FB7F
:10C2D00060B98823274A2849234801F0EFFB244905
:10C2E000264801F0EBFB88212248DDE7244D204859
:10C2F00000F082FBA868234B1860FFF741FAA8689A
:10C30000234632462049183000F0C8FBAA6804468C
:10C31000537B174843F00403537300F057FB68B98D
:10C3200040F26B13134A19490F4801F0C7FB10493B
:10C33000174801F0C3FB40F26B11D5E74046FFF709
:10C3400007FAAB68D3E90A23B3F1004F08BFBA423A
:10C35000B1D103F01EF8201A20EAE070ACE700BF6C
:10C3600091140301451703019B0003010508030114
:10C37000706400212A03030183030301980303016E
:10C380003C6400217464002123F30201570303017C
:10C390006E03030170B504460E46EFF3058575B1D3
:10C3A0001A4940F266431A4A1A4801F087FB1A48B4
:10C3B00001F084FB40F26641154801F076FBFFF77F
:10C3C0005FFFB6F1FF3F08BFB4F1FF3F02462046D2
:10C3D00016D047F6FF704FF47A7403462946C2FB25
:10C3E0000431B3F5004F71F100020AD36FF400423B
:10C3F0009A4243F6FF728A4105D3D80B40EA414086
:10C4000070BD2846FCE76FF00040F9E79114030186
:10C41000451703019B0003010508030138B50446D5
:10C42000EFF31185402383F31288BFF36F8F204809
:10C4300000F0BEFA68B988231E4A1F491F4801F060
:10C440003DFB1B491E4801F039FB8821194801F0CA
:10C450002CFB174800F0D0FA637B5B0710D504F182
:10C46000180000F0FFFB637B204623F00403637396
:10C47000FFF7F4F92946BDE838400D48FFF710BD35
:10C480000B4800F0A3FA68B940F23113094A0D498C
:10C490000A4801F013FB06490B4801F00FFB40F27C
:10C4A0003111D3E785F31188BFF36F8F38BD00BF1B
:10C4B000706400212A030301830303019B0003012D
:10C4C00098030301570303016E030301014B9868AE
:10C4D000704700BF3C6400212DE9F8430446077B08
:10C4E000EFF31185402383F31288BFF36F8F7B48EE
:10C4F00000F05EFA68B98823794A7A497A4801F0EF
:10C50000DDFA7649794801F0D9FA8821744801F0BA
:10C51000CCFA724800F070FA637B190717D56F48A0
:10C5200000F054FA68B940F231136D4A70496E4810
:10C5300001F0C4FA69496F4801F0C0FA40F23111C4
:10C54000E4E785F31188BFF36F8FBDE8F883D9095D
:10C5500043F008027FD16273A36813B12046FFF74E
:10C5600061F904F1180000F07DFBA66D04F1580894
:10C57000B04511D04FF0000976B13046FFF752F9BF
:10C5800006F1180000F06EFB3046C6F87C90FFF70D
:10C5900065F9A66DB045EFD1DFF85C81D8F80830B9
:10C5A0009C426DD1EFF30589B9F1000918BF4FF036
:10C5B0000109D8F81860514A964200D00EB9D8F84F
:10C5C0000C60B34202D0304600F066F9C8F814603F
:10C5D000B9F1000F02D04A48FFF7AAF8D8F808309E
:10C5E0009C4260D1EFF30586002E5CD1237BDA07F5
:10C5F0001FD53A4800F0EAF9002894D085F3118855
:10C60000BFF36F8F86F31188BFF36F8F0423184633
:10C6100002DFEFF31185402383F31288BFF36F8F9E
:10C620002E4800F0C5F900283FF465AF2B4800F014
:10C63000E3F92A4800F0CAF928BB40F26B13284AF4
:10C640002B49294801F03AFA24492A4801F036FAE0
:10C6500040F26B115AE703F07F0343F00803637362
:10C66000284B9C4208D128495623284A1E4801F0ED
:10C6700025FA562125484AE7204602F022FE6BE7BC
:10C680004FF0000995E72846FFF762F820494FF47C
:10C69000DD731E4A144801F011FA1E4801F00EFA2B
:10C6A0004FF4DD71E6E70D4800F090F900283FF403
:10C6B0003AAF85F31188BFF36F8FFB077FF545AF66
:10C6C00040F23D53114A1449074801F0F7F9214659
:10C6D000124801F0F3F940F23D51CBE770640021BC
:10C6E0002A030301830303019B0003019803030151
:10C6F000570303016E0303013C64002154640021CD
:10C7000030600021305F00216717030145170301E6
:10C710007618030181180301A3180301AE18030161
:10C720002DE9F843064688461746EFF31189402362
:10C7300083F31288BFF36F8F214800F039F9054663
:10C7400068B988231F4A2049204801F0B7F91C49DD
:10C750001F4801F0B3F988211A4801F0A6F91848DA
:10C7600000F04AF93468A6421FD004B32046C4F84A
:10C770007C802761FFF756F804F1180000F072FA88
:10C780002046FFF76BF80E4800F020F988B940F218
:10C7900031130C4A0F490D4801F090F908490E4831
:10C7A00001F08CF940F23111D6E70025EBE7254680
:10C7B000E9E789F31188BFF36F8F2846BDE8F88356
:10C7C000706400212A030301830303019B0003011A
:10C7D00098030301570303016E030301D3B5DDE999
:10C7E0000667089CCDE90067FFF7FEF91CB1034B13
:10C7F0009B681B69236002B0D0BD00BF3C64002170
:10C8000008B568B10F4B98420AD303F11802904261
:10C8100006D21822C01AB0FBF2F302FB13034BB18D
:10C8200009490A4838230A4A01F048F938210848DA
:10C8300001F03BF90122074BC0105843064B1A5434
:10C8400008BD00BFB0600021F41803019B00030184
:10C85000CC180301ABAAAAAA1F650021C3897F2BAC
:10C8600012D80A4B1B6863B1094B90F90E201B6864
:10C870009A4209DB437BDB0606D1064BC31A18BF7D
:10C88000012303F0010070470023FAE79408002118
:10C8900078640021305F002170B50E4B0E4C1E7C79
:10C8A000182303FB06440546204600F0DBF900226E
:10C8B0000A4B28469A55FFF7D1FF48B1084B20464E
:10C8C000BDE870401A680749013AD31700F0E6B88E
:10C8D00070BD00BF3C640021B06000211F650021D5
:10C8E0009408002101C8020138B5EFF311854023F7
:10C8F00083F31288BFF36F8F234800F059F868B9AB
:10C900008823224A2249234801F0D8F81E492248A8
:10C9100001F0D4F888211D4801F0C7F81A4800F04A
:10C920006BF81E4B1E4A9C681068A04213D1FFF79B
:10C93000B3FF154800F04AF808BB40F23113134A20
:10C940001849144801F0BAF80F49174801F0B6F831
:10C9500040F23111DFE700211B7C1160134AD35CE8
:10C96000002BE6D02046FFF779FF0028E1D0637B5B
:10C97000DB0602D12046FEF7DBFF2046D7E785F332
:10C980001188BFF36F8F38BD706400212A03030143
:10C99000830303019B000301980303013C6400210E
:10C9A00074640021570303016E0303011F65002116
:10C9B000006838B1044B00F003001B7CC01A18BF9C
:10C9C00001207047012070473C6400210023026869
:10C9D0000360EFF30581074B19B19968497BC907DB
:10C9E00006D4197C98680843831A58425841704706
:10C9F000012070473C640021024B1A7C9B68134362
:10CA0000036070473C640021074808B5074A08499D
:10CA1000121A02F0DEFBBDE808400648064A074944
:10CA2000121A02F0D6BB00BF00000021FC09002151
:10CA3000641D03010000002100000021641D0301AA
:10CA4000024B1868984208BF0020704798080021E0
:10CA5000034B1B680BB9FAF7BDBD0020704700BF40
:10CA60007C64002130B570B10B4B5B6898420AD0F2
:10CA7000036843B1D3E90421D0E90445121941EB1D
:10CA80000501C3E90421D0E9003213605A60002394
:10CA9000C0E9003330BD00BF98080021B3F1FF3F6B
:10CAA00008BFB2F1FF3F2DE9F74F044690469B4681
:10CAB00015461F4600F0B880D0F80090B9F1000F7D
:10CAC0000CD05B4972235B4A5B4800F0F7FF5B4880
:10CAD00000F0F4FF7221574800F0E7FF8160EFF3A8
:10CAE00011830193402383F31288BFF36F8F54485F
:10CAF000FFF75EFF824660B98823524A52494E488A
:10CB000000F0DCFF4E49514800F0D8FF88214D4825
:10CB1000E2E74B48FFF770FFB8F1FF3F7BF1FF33CF
:10CB20004B4A1FDBFFF794FF064601354BF1000B24
:10CB3000474A2D184BEBE073D2E90017C4E90453C0
:10CB40006D1843EB0707FFF77BFF0346DFF804E1AF
:10CB5000DEF80490F3B9C4E900E9C9F80040CEF862
:10CB6000044029E06FF00103D2E900125B1A4FF094
:10CB7000FF3161EB0202B3EB080362EB0B02012B06
:10CB800072F10001BCBF01234A464FF0000AC4E91C
:10CB90000432D8E7D3E9041CD4E904208A4270EBBC
:10CBA0000C0B2EDA891A5A686CEB0000C3E90410EA
:10CBB000C4E9003214605C60FFF742FF84420ED18A
:10CBC000254B1B685BB9BAF1000F02D1FFF740FF9C
:10CBD0000646304602F0C6FB0021FAF7D5FC18489D
:10CBE000FFF7F4FEB0B940F23113164A1B49124860
:10CBF00000F064FF12491A4800F060FF40F2311162
:10CC000085E7521A60EB0C009945C4E90420A2D0D4
:10CC10001B689FE7019B83F31188BFF36F8F284642
:10CC2000394603B0BDE8F08F00252F46F7E700BF77
:10CC3000C91A0301A51A03019B000301050803019A
:10CC4000806400212A030301830303019803030185
:10CC5000C8600021980800217C640021570303016B
:10CC60006E03030170B50446EFF31186402383F38E
:10CC70001288BFF36F8F2348FFF79AFE68B98823A5
:10CC8000214A2249224800F019FF1E49214800F09C
:10CC900015FF88211C4800F008FF1A48FFF7ACFE7A
:10CCA000236833B3FFF7CCFE05462046FFF7DAFED4
:10CCB00000224FF00043A542C4E9042306D1FFF748
:10CCC000C7FE02F04FFB0021FAF75EFC00240D487E
:10CCD000FFF77CFE80B940F231130B4A0E490C4835
:10CCE00000F0ECFE07490D4800F0E8FE40F231117B
:10CCF000D0E76FF01504EAE786F31188BFF36F8F72
:10CD0000204670BD806400212A03030183030301D0
:10CD10009B00030198030301570303016E03030102
:10CD20002DE9F0470446EFF31188402383F312887E
:10CD3000BFF36F8F4348FFF73BFE68B98823424A31
:10CD40004249434800F0BAFE3E49424800F0B6FE70
:10CD500088213D4800F0A9FEDFF8FC903948FFF734
:10CD60004BFEC9F80040FFF76BFE00260446002783
:10CD7000DFF8E8A0D9F80030DAE900C0D91754B1DB
:10CD8000D4E90452AB4271EB020E1FDAED1A62EBEA
:10CD90000102C4E90452002413EB0C0340EB01012F
:10CDA0002046CAE90031C9F8004002F0DBFA21460A
:10CDB000FAF7EAFB2348FFF709FEB0B188F31188C0
:10CDC000BFF36F8FBDE8F047FFF78EBD15EB0C0387
:10CDD00040EBE570CAE90030C4E904672046FFF77C
:10CDE00041FE1848FFF7F2FD68B940F23113164AC8
:10CDF0001B49174800F062FE12491A4800F05EFE17
:10CE000040F23111A5E788F31188BFF36F8F2046F8
:10CE1000A3689847EFF31188402383F31288BFF388
:10CE20006F8F0848FFF7C4FD002887D00548FFF73B
:10CE3000E3FDD9F800305B1BC9F80030FFF700FEB6
:10CE4000044697E7806400212A030301830303015A
:10CE50009B000301980303017C640021C86000214A
:10CE6000570303016E03030170B5EFF311864023EE
:10CE700083F31288BFF36F8F1A48FFF799FD68B9E3
:10CE80008823194A19491A4800F018FE154919480B
:10CE900000F014FE8821144800F007FE1148FFF747
:10CEA000ABFDFFF7D5FD144AD2E90045041945EB67
:10CEB000E0750C48FFF78AFD68B940F231130A4A61
:10CEC0000E490B4800F0FAFD06490D4800F0F6FD4A
:10CED00040F23111DFE786F31188BFF36F8F2046F0
:10CEE000294670BD806400212A03030183030301E6
:10CEF0009B00030198030301C8600021570303014D
:10CF00006E030301F8B505460E46EFF31187402383
:10CF100083F31288BFF36F8F1F48FFF749FD68B98D
:10CF200088231E4A1E491F4800F0C8FD1A491E48A2
:10CF300000F0C4FD8821194800F0B7FD1648FFF73E
:10CF40005BFD2C68A5421CD0D4E9003213605A6006
:10CF5000002331462046C4E9003302F063FA0E484C
:10CF6000FFF734FD78B940F231130C4A0F490D48F0
:10CF700000F0A4FD08490E4800F0A0FD40F2311178
:10CF8000D9E70024EBE787F31188BFF36F8F201EEA
:10CF900018BF0120F8BD00BF846400212A030301EB
:10CFA000830303019B00030198030301570303015B
:10CFB0006E03030170B504460D46EFF3118640235E
:10CFC00083F31288BFF36F8F2148FFF7F1FC68B934
:10CFD0008823204A2049214800F070FD1C49204840
:10CFE00000F06CFD88211B4800F05FFD1848FFF73A
:10CFF00003FD01212068E5608442A16011D114483D
:10D00000FFF7E4FCE8B940F23113124A154913481E
:10D0100000F054FD0E49144800F050FD40F231116B
:10D02000E1E7D0E9003213605A600023C0E9003321
:10D0300002F0F8F9314604460548FEF731FF204674
:10D0400070BD86F31188BFF36F8F0024F7E700BF30
:10D05000846400212A030301830303019B0003016D
:10D0600098030301570303016E0303012DE9F84FF1
:10D070004F1E0F4206460D469A460BD02F491723E6
:10D080002F4A304800F01AFD2F4800F017FD1721F5
:10D090002B481CE0141D4DD241F0040B00F1140884
:10D0A000EFF31189402383F31288BFF36F8F40465B
:10D0B000FFF77EFC68B98823244A2549214800F0FF
:10D0C000FDFC4146234800F0F9FC88211F4800F090
:10D0D000ECFC4046FFF790FC224659463046D047CC
:10D0E00004464046FFF772FC68B940F23113174A14
:10D0F0001949144800F0E2FC4146184800F0DEFCF3
:10D1000040F23111E2E789F31188BFF36F8F8CB1E0
:10D1100044F8046B7DB13C420DD03423084A1049D9
:10D12000084800F0CBFC21462A460E4800F0C6FC19
:10D130003421ADE700242046BDE8F88F501C0301E0
:10D140002C1C03019B0003016B1C03012A03030138
:10D150008303030198030301570303016E030301D3
:10D16000881C0301BA1C03012DE9F04105460E4657
:10D17000174602F09DF828B9074B9B681C6F14B93D
:10D18000BDE8F081054C3B46324629462046BDE8C5
:10D19000F041FFF76BBF00BF3C640021B0080021E5
:10D1A00002460021014B0248FFF760BF87DA020107
:10D1B000B0080021014B0367704700BFB008002191
:10D1C0000146024A0020FFF7CFBF00BF87DA020105
:10D1D00007B5074B4FF40062009306494FF0FF3349
:10D1E0000548FEF7FDF8002003B05DF804FB00BF22
:10D1F0002000030120A60021D06000212DE9F04F7E
:10D2000043688DB015468046029383789A0740F1B3
:10D210000D8100240E78002E00F00A81252E0BD0FF
:10D220004B1C0393013441463046029B984700282B
:10D23000C0F2F6800399EDE74E788B1C252E039300
:10D24000F0D00027B946BB46BBF11F0F38D8A6F176
:10D250002003102B0AD8DFE803F02A090930090956
:10D26000092109090928092D09091F00A6F1300320
:10D27000092B33D92A2E37D11BF0400F55F8043B28
:10D2800040F08280002BA7BF4BF0200B9946C3F1E2
:10D2900000094BF0280B01E04BF0010B039B13F846
:10D2A000016B0393002ECFD130E04BF0020B4BF01B
:10D2B000040BF3E74BF0080BF0E74BF0100BEDE736
:10D2C000BBF17F0F19D8A6F13003092BD2D81BF080
:10D2D000400F03D00A2101FB0737DFE70A214BF09B
:10D2E000200B01FB0939D9E72E2E06D11BF0400F88
:10D2F00040F09E804BF0400BD0E76C2E31D02BD805
:10D30000682E36D06A2E3CD04C2E3AD0002F46F0F4
:10D310002003B8BF2BF04002A3F16501BCBF00277A
:10D320001FFA82FB022901D9612B2FD1073507276C
:10D33000DFF8ACA225F0070508351BF0080F66D012
:10D340000AEB070B56465E4563D1A4EB0A0AA9EB2C
:10D35000070906EB0A026FE1742E9FD07A2E9DD04A
:10D36000D4E71BF0800F18BF4BF4007B4BF0800B11
:10D3700094E71BF4807F18BF4BF4007B4BF4807B59
:10D380008CE74BF4207B89E71F4687E7A6F1630112
:10D39000122900F2F080DFE811F013004F00EE00D8
:10D3A000EE00EE00EE004F00EE00EE00EE00EE00AC
:10D3B000EE00FE00E900EE00EE001B00EE00AF0004
:10D3C00055F8043B01270DF1180A8DF81830B4E721
:10D3D00055F804AB834BBAF1000F08BF9A461BF017
:10D3E000400F504614BF39464FF0FF3102F0ABF802
:10D3F0000746A2E741462020029B984700280FDB02
:10D40000013EB742F6D34C44B146A41B98E74E46C2
:10D41000F7E7414616F8010B029B9847002892DA7D
:10D4200098F8023043F0040388F802304FF0FF34DC
:10D4300020460DB0BDE8F08F1BF0800F34D01BF4F8
:10D44000007F2CD0073525F00705AA4669685AF8F1
:10D45000080B2BF010050029ADB237DA404245F435
:10D46000806561EB41010DF1180B0A235A4602F069
:10D4700076F8A0EB0B0301936B0662D5019B25F0B8
:10D4800001019F4289B240F3A180002E00F09980F3
:10D4900015F0100240F09C80BB460D4623E0AA46E2
:10D4A0005AF8040BC117D4E7AA461BF4807F5AF838
:10D4B000041B01D10846F5E71BF4007F19BF48B2F1
:10D4C00041F3C01108B241F3C031C2E750EA010391
:10D4D000C9D11BF0400FC6D0002FC4D12BF01102D0
:10D4E000BB46019795B240F2064115EA01021CBF06
:10D4F0000BF1010B00222CE02BF010020A231FFA83
:10D5000082FB1BF0800C49D01BF4007115BF07355E
:10D51000AA4625F007055AF8040B1EBFAA466968FB
:10D520005AF8080B50EA010545D12BF016051BF0FF
:10D53000400FADB242D0002F40D12BF0170201971F
:10D5400095B215F0100248D0019B002E42D103F194
:10D55000010B29075AD4EB0706D5D9456FDDA9EB96
:10D560000B030199CB465F185B4649E04BF0100B6B
:10D5700010237826C5E7782B04D1C6F1780343F051
:10D580001003BEE741462520029B98470028FFF67E
:10D5900047AF023447E608230026B2E7AA461BF449
:10D5A00080715AF8040BBDD01BF400711ABFC0B2D1
:10D5B000614680B2B6E72BF0060295B20DF1180B6A
:10D5C00054E725F01105BB46ADB28CE70D46B8E730
:10D5D0003B460D4603F1020BBBE7DDF804B082E7E2
:10D5E000581D0301511D0301CDE90432414620209D
:10D5F000029B98470028FFF613AF049B059A01335E
:10D600009945F1DCA4EB0B019B46CC180AB34146CB
:10D610003020029B98470028FFF602AF8EB90134F4
:10D620002744391B019B994224DC1D4655BB019AB6
:10D63000A9EB0B09554622441446914433E0019F5F
:10D6400092E7023441463046029B98470028E7DAC9
:10D65000E6E640F206410D42E2D015F0020F04F179
:10D660000104414614BF2B20202015F4806F18BF01
:10D670002D20E9E741463020029B013498470028DD
:10D68000CFDACDE606AB013D4146585D029B984797
:10D690000028CBDAC4E641462020029B013498479B
:10D6A0000028FFF6BDAEA9EB0403002BF3DCC1E5B7
:10D6B0007047EFF31183402383F31288BFF36F8F1A
:10D6C000FEE708B5F6F706FF10B110F1580F06D1C6
:10D6D000F6F71EFF10F1580F02D00028F8D008BD51
:10D6E0000020FCE7836800EBC101B3F5004F2CBFBD
:10D6F00051F8220031F81200704700EBC101806838
:10D70000B0F5004F2CBF41F8223021F8123070479D
:10D71000012208B5FFF7E6FFD04008BD836800EBA3
:10D72000C101B3F5004F08D34B681AB143F00103B0
:10D730004B60704723F00103FAE74B881AB143F0BE
:10D7400001034B80704723F00103FAE753000122E5
:10D75000FFF7D3BF8368B3F5004F34BF042308231A
:10D76000C91A081AC0087047B0F5004F34BF042327
:10D7700008230731C818C00870470A4608B50121B8
:10D78000FFF7F2FF0132121AB2FA82F0C0F11F0065
:10D7900008BD2DE9F041174603220E460446FFF767
:10D7A000A1FF8642054607F104080AD10122E36879
:10D7B000BA4023EA0203E360002344F82830BDE8BE
:10D7C000F081314602222046FFF78CFF06462B46A9
:10D7D00001460322204644F82850FFF78EFF3346C7
:10D7E00029462046BDE8F0410222FFF786BF70B50A
:10D7F0000D4686680446FFF78BFFB6F5004F0146DD
:10D8000001D3012809D03046FFF7B7FF2946024669
:10D810002046BDE87040FFF7BCBF70BD2DE9F04762
:10D82000054680688846FFF7A8FF05EB800ADAF80E
:10D8300010900646B9F1000F1BD00327DAF810400C
:10D8400028462146FFF764FF404507D3324621466C
:10D850002846FFF79EFF2046BDE8F08703222146B9
:10D860002846FFF73FFF013FCAF8100001D081456D
:10D87000E4D14FF0FF34EB680136B4401C40EAD0ED
:10D8800094FAA4F2B2FA82F2131D55F82340DEE7AF
:10D890002DE9F04114460E460546FFF739FFA4EB8B
:10D8A0000608371B0744424631462846FFF74EFF1D
:10D8B0003A4621462846FFF749FF434600222146C3
:10D8C0002846FFF71AFF21462846FFF721FF3B466F
:10D8D000211800222846BDE8F041FFF70EBF2DE9D0
:10D8E000F041164604460F46FFF712FF3146054643
:10D8F0002046FFF70DFF05442A4639462046FFF72C
:10D9000025FF31462046FFF703FF2B463118002242
:10D910002046BDE8F041FFF7F0BE2DE9F0410D468D
:10D9200086680446FFF7F4FEB6F5004F014601D3C2
:10D93000012832D03046FFF720FF04EB80010E694A
:10D9400096B90122E36882401343E36002220D612D
:10D950002B4629462046FFF7D0FE032229462046C3
:10D96000BDE8F041FFF7C9BE022231462046FFF76D
:10D97000B9FE0746034629462046FFF7BEFE0322AE
:10D98000334629462046FFF7B8FE39462B46204647
:10D99000FFF7B3FE02223146E1E7BDE8F081F8B5BA
:10D9A0000C460546FFF7B4FE2618012231462846EC
:10D9B000FFF798FEC3070CD431462846FFF717FF40
:10D9C00021462846FFF7A4FE214622182846FFF7E5
:10D9D00086FF002221462846FFF784FE271A0122EF
:10D9E00039462846FFF77EFE10EA020613D1394673
:10D9F0002846FFF7FCFE214632462846FFF772FE16
:10DA00002246211A2846FFF76AFF21463246284659
:10DA1000FFF768FE241A21462846BDE8F840FFF7C4
:10DA20007CBF70B5066809B9002070BDB068B0EB66
:10DA3000D10FF9D9FFF798FE014605463046FFF7AA
:10DA4000EDFE04460028EFD001463046FFF760FEA9
:10DA5000A84209D92544214630462A46FFF718FF37
:10DA600029463046FFF759FF304601222146FFF78D
:10DA700055FEB368B3F5004F34BF0423082303EB0E
:10DA8000C4031844D1E71146FFF7CBBF002070470D
:10DA90000FB407B504A951F8040B0191F6F74CFE39
:10DAA00003B05DF804EB04B07047002383F31188E2
:10DAB000BFF36F8F0423184602DF70470FB407B51A
:10DAC00004A951F8040B0191F6F736FE03B05DF896
:10DAD00004EB04B07047838B13F0070305D1036890
:10DAE000002B0CBF002003207047022B05D1C08BF8
:10DAF000B0FA80F0400980007047012B05D103681F
:10DB0000002B0CBF0020052070470020704710B587
:10DB10000C4600B111B96FF0150010BD081D00F0E2
:10DB20002FF80028F9D1A368032BF6D9F3E72DE9E4
:10DB3000F0410D4607461946281D90461E46F7F748
:10DB4000CDF8044638B13346424629463846A44605
:10DB5000BDE8F0416047BDE8F08138B50C460546A8
:10DB600058B151B10B6843B14B6833B12022002149
:10DB700001F0AFFC00202C6138BD6FF01500FBE711
:10DB8000034640B1426802F00302022A06D0032A8B
:10DB900004D0012A05D06FF0150070471A68002ADA
:10DBA000F9D0002098607047704720B183682BB18E
:10DBB0001B6833B118476FF0150070476FF0040011
:10DBC00070471846704730B450B149B142B18468CB
:10DBD00054B1E56845B141F8040BE36830BC18471F
:10DBE0006FF0150030BC70476FF00400FAE730B4F6
:10DBF0001346044650B1006860B182686AB1956806
:10DC00005DB10A46AC46616830BC60476FF01500F4
:10DC100030BC70476FF00100FAE76FF00400F7E7DF
:10DC20000A46034610B458B1006868B1816871B102
:10DC30008C6A64B14C6A54B15968234610BC1847C9
:10DC40006FF0150010BC70476FF00100FAE76FF03D
:10DC50000400F7E70A46034610B458B1006868B1FB
:10DC6000816871B14C6A64B18C6A54B159682346B9
:10DC700010BC18476FF0150010BC70476FF0010022
:10DC8000FAE76FF00400F7E70369D3F87803704709
:10DC90006FF085007047084608B5114618B101F0CD
:10DCA0000AF8002008BD6FF00100FBE7084608B540
:10DCB000114618B100F0F6FF002008BD6FF001001A
:10DCC000FBE713B504460846216901F55D71D1E80B
:10DCD000AF1F022909D15BB168B100931346D0E9A7
:10DCE0000912FBF779FC02B010BD6FF00F00FAE7E4
:10DCF0006FF04C00F7E76FF00100F4E72DE9F8430F
:10DD00001C46DDE90853164698460F46006939B3AC
:10DD10004AB344B36A1C43F10003022A73F10003BF
:10DD200024D2226842B1D0F878339A4204D96FF0F5
:10DD30000B002360BDE8F88305EA080909F1010337
:10DD40005A425A412146384600F0BEFF88B9B8F120
:10DD5000FF3F08BFB5F1FF3FF0D06FF06800E9E783
:10DD60006FF00100E6E76FF01500E3E76FF0850064
:10DD7000E0E730600020DDE701F00BB838B50D4674
:10DD8000044600F148012846F6F7BEFA30B12846AD
:10DD900004F1C001F6F7B8FA20B90120782303FB9B
:10DDA000004038BD0020FCE702F5307102F5347008
:10DDB00001F06EBAD0F8B030A0F53070003B18BF5B
:10DDC000012300EB8300D0F8AC0200F00CBFC86860
:10DDD00028B1096983681B680BB100221847704796
:10DDE000FCF7C2BCD0E8EF3FC0E8E21F002AF9D13F
:10DDF000704710B5436804691B68C4F8703304F5B4
:10DE0000EC7001F0FAF9002104F55D70FFF7EAFF0C
:10DE1000084610BD2DE9F74317460D4691B30B7820
:10DE200083B3D0F8C440A4F5E27914344FF0FF3244
:10DE30004FF0FF332046FCF7C7FB2A46484601A9AE
:10DE4000F6F79AFF019E80462EB9204603B0BDE842
:10DE5000F043FFF7C5BF58B12046FFF7C1FF3B466F
:10DE60002A463146484603B0BDE8F043F6F762BFA4
:10DE70001F22294606F1480001F055FB86F867800D
:10DE8000B766E2E703B0BDE8F083030103EB4003AC
:10DE9000093323F0030303EBC00348430330083383
:10DEA00020F003001844400070472DE9F84306466F
:10DEB0004FF001080569D0F8049005F55D77D7E8C3
:10DEC000EF3F022B03D1C7E8E28F002AF7D141D1FF
:10DED00095F86C30002B40D195F8E430002B3CD104
:10DEE0002846D5F8701300F054F8044680BB7368D8
:10DEF0003669D3E9050183681B693BB3224698471D
:10DF0000044628BB414606F53470FDF7D9FAD6F829
:10DF1000500305F5F876F7F71BFC3046D9F80010EA
:10DF200000F072F8044698B90146D022304601F05C
:10DF3000D0FA21464FF4F672284601F0CAFA21467B
:10DF40003846FFF74FFF2046BDE8F8836FF05704CF
:10DF50000221F5E76FF07704F5E76FF00F04F2E7C1
:10DF600010B50846029B114652B993F86C202AB9A5
:10DF70000122184683F86C20F6F7EAFF002010BD56
:10DF80001A6F9468002CF9D05A6FA047F6E700F09A
:10DF900000BF38B50D46044660B1F03001F0B8F866
:10DFA0000DB1002038BDC4F8C451C4F8C851C4F83C
:10DFB000CC51F6E76FF01500F4E70268D2F8C830EC
:10DFC00013B1D2F8C41018477047704783690BB972
:10DFD000C36B19707047012070478369012B03D10F
:10DFE000C36B1878C0B270470420704738B5C41DA1
:10DFF000E4002046FFF7D4F8054618B12246002178
:10E0000001F067FA284638BD38B5044638220021A9
:10E0100001F05FFA1822002104F1A40001F059FA7E
:10E020001822002104F18C0001F053FAD4F8C0004A
:10E03000FBF784FAD4F8BC00FBF780FAD4F8803000
:10E0400004F154050BB12846984738220021284690
:10E0500001F03FFAFBF7D6F9002038BD012801D1C5
:10E06000EFF30583FBF7B8BE01460068FFF7F6BF84
:10E0700008B5F7F741F9BDE80840F7F761B90021A5
:10E080000120FFF7EBBF08B5F7F720FCFBF772FFA5
:10E09000FEF7BAFCF7F76AFCFBF7ACFF436E83F3BD
:10E0A0000B88704761B662B680F31188BFF36F8F3B
:10E0B000704708B5F8F7B8F872B6002383F31188F3
:10E0C000BFF36F8FF8F72EF950B1BFF34F8F30BF0A
:10E0D00000BF00BF00BF00BF00BF00BF00BF00BF48
:10E0E00062B6BFF36F8F08BD10B50446F8F79CF811
:10E0F00072B6002383F31188BFF36F8FF8F712F91C
:10E1000050B1BFF34F8F20BF00BF00BF00BF00BFA3
:10E1100000BF00BF00BF00BF84F31188BFF36F8F43
:10E1200062B610BD40E800F313F4803FD8B208BFD8
:10E130006FF01500704730B50C684B6885B00A89E0
:10E140004D890094013B24F01F04234402F01F0278
:10E1500042EA451223F01F0369468DF80820039315
:10E16000F7F758FC05B030BD7047C16A8968F7F70A
:10E17000FDBE10B5036801211C78F8F707F82046AA
:10E1800010BD8388C2888168D21A03685B1AD01ACE
:10E19000704738B50D4614461146F8F715F8224673
:10E1A0002946BDE8384001F087B910B50C46012179
:10E1B000F8F70AF8047010BDF0B5D0F804730646FD
:10E1C00017F002001CBFC2F1807018604FF000050C
:10E1D00018BF01204FF0010C4FF4803E0CFA05F4FB
:10E1E0000C4214D00EFA05F43C4210D005F5A87488
:10E1F00056F82440A41A34F07F4408BF4FF08074CE
:10E2000008B91C6002E01868A042FAD80120013564
:10E21000042DE3D1F0BDF7F7F5BFF7F7F3BF022008
:10E22000F8F78AB9F8B5069F0469C9B2EFF3118609
:10E23000402585F31288BFF36F8F0C2505FB014441
:10E24000A56C05F0070CBCF1010F0CD1A76486F397
:10E250001188BFF36F8FC4E91023436853F831303E
:10E2600098470020F8BD05F0C005AF4286F311883D
:10E27000BFF36F8F0CBF6FF077004FF0FF30F1E707
:10E2800013B580240094FFF7CDFF02B010BD0069E4
:10E29000CBB200EB4310002110470020FAF76CB915
:10E2A0000020FAF793B91046FCF7A2BC8022F8F7D9
:10E2B000F9B9436800205B681B690B6070474368CD
:10E2C00002EA01005B6821EA020198600020D9603F
:10E2D0007047436800205B6899607047436800207E
:10E2E0005B68D960704743685A68536821EA030045
:10E2F0000B4090600020D360704730B451F820503C
:10E300000C4601EB80023DB10146AC46D4F88000DA
:10E31000002330BC126C604730BC704710B50069F8
:10E320000F299FBF00EB810440F8212023640020C7
:10E3300088BF6FF0150010BD002070471020704797
:10E340000F290ED843685B68CB40DB0709D5012253
:10E350008B00DBB203F1824303F5903300201A6097
:10E3600070476FF01500704738B50F290C460569E6
:10E3700033D843681B68CB40DB072ED5D5F8841013
:10E3800021FA04F303F001031AB99BB96FF0770087
:10E3900022E0002BFAD111B91220F7F731FA01224D
:10E3A000D5F88430A2401343C5F88430E0B2FAF7C0
:10E3B00009FF0AE0E0B2FAF723FF0122D5F8843022
:10E3C000A24023EA0203C5F88430D5F8843013B99B
:10E3D0001220F7F723FA002038BD6FF01500FBE795
:10E3E00008B5F8F771FF08BDFFF763B910B54FF036
:10E3F000FF304FF0FF31F9F7F7F8044628B9DAF7A4
:10E4000089FE044618B1F9F7F7F8204610BDF9F770
:10E41000F3F82046F8F7B0F8F7E738B50B8A0D4661
:10E420003BB101F10C00FFF7A4FE012818D002282F
:10E4300003D06FF01504204638BD4FF0FF304FF089
:10E44000FF31F9F7D1F804460028F4D1E868F1F774
:10E450000CFD0446F9F7D0F8ACB1F9F7EFF9EAE7AB
:10E460004FF0FF304FF0FF31F9F7BEF804460028B7
:10E47000E1D1E868F9F798FA0446F9F7BDF8002CFD
:10E48000D9D1F9F7DBF92846F7F752FE0024D2E795
:10E49000F9F70CBA10B531220021044601F019F841
:10E4A000202323708023A3706FF03F0363716FF00C
:10E4B0001B03A3722823A3732223E3730423A375EE
:10E4C0006FF008036376FF23A376E3767F23237739
:10E4D000302384F82030782384F822306FF0090349
:10E4E00084F82330012384F82430802384F82630F4
:10E4F000042384F82730402384F82D3010BD0023F6
:10E5000003604360037863F022030370437823F0D1
:10E51000490343F0490343707047034607B59A889F
:10E5200000689B790090ADF804208DF80630BDF8A6
:10E53000033068460A2B28BF0A23ADF80330F1F7F1
:10E54000B7FC03B05DF804FB684620F007018D4678
:10E5500001B5FFF760FEEEF7A1FDBDE8014085467D
:10E560007047684620F007018D4601B5EEF7AEF919
:10E57000BDE8014085467047684620F007018D469A
:10E5800001B5EEF705FEBDE801408546704708B5C8
:10E59000F5F73FFD002008BD03465A6B00233C30D1
:10E5A0009A4200D17047C16801330844F8E77047C8
:10E5B000EDF710BE004743090AD0012B0BD14FF6EF
:10E5C000FF7300F01F0023FA00F000F00100704715
:10E5D0004FF0FF33F5E7002070472DE9F341174670
:10E5E000DDE90858019001A80C461E46FAF708F923
:10E5F000019B391E18BF012100EB8300231E18BFA9
:10E600000123002E43EA410314BF0C210021002DF9
:10E6100043EA010314BF4FF470610021B8F1000F09
:10E6200043EA010314BF4FF440310021D0F8002227
:10E630000B4322EA030304B124780FB13F787F0033
:10E640001C430EB13678B6003C438DB129780902DF
:10E650003443B8F1000F03D098F800804FEA08481F
:10E66000214341EA0801C0F8001202B0BDE8F08180
:10E670002946EDE71FB50DF10F03019300238DF837
:10E680000F101A4619460093FFF7A7FF05B05DF873
:10E6900004FB08B50146FAF72DF910B10846FAF760
:10E6A00043F900F0010008BD38B5054608460C46A0
:10E6B000FAF73AF9A8B10846FAF71CF988B90846FA
:10E6C000FAF70CF901232A688340C2F808332B6853
:10E6D00003EB8000D0F8103523F00303C0F81035A9
:10E6E00038BD2046BDE838400021FFF7C3BFFAF728
:10E6F000B7B9FFF7D9BF2DE9F04389B0109E0446A2
:10E70000894690460021202268461F46129D00F04F
:10E71000E0FE1F2E97BF01234FF0FF33B34003F1FC
:10E72000FF332361119BC4E90098C4E90276636159
:10E73000183445B10FCD0FC495E80F0084E80F00E1
:10E7400009B0BDE8F0836D46F4E773B50468661C54
:10E7500031D08568A9422ED264182CD05E18AE4202
:10E7600088BF6B1A056A35B100930523A847034695
:10E77000184602B070BDBFF35B8F1946A41A10197A
:10E7800019B140EA0205AD070AD103290DDC0138B1
:10E7900011448A42ECD010F8014F02F8014BF8E71F
:10E7A0000078013902F8010BE9E750F8044B04390D
:10E7B00042F8044BE9E76FF02103D9E773B5046829
:10E7C000651C32D08568A9422FD264182DD05E18FE
:10E7D000AE4288BF6B1A456ACDB100930523A847A6
:10E7E00002B070BD12F8015B013905701546A01822
:10E7F00019B140EA0206B607F4D103290ADC013D4B
:10E80000014488420CD1BFF35B8F1846E8E71946F4
:10E81000A41AEBE755F8042B043940F8042BECE775
:10E8200015F8012F00F8012BEBE76FF02100D7E777
:10E8300073B51C46036815465A1C29D0826891425C
:10E8400026D25B1824D066189642866A88BF541A6E
:10E8500036B105232A460094B047204602B070BD69
:10E86000184622464AB9294600F033FEBFF35B8FB3
:10E87000F3E700F8015B013AF4E78307F9D14FF0C1
:10E8800001336B43032AEEDD40F8043B043AF9E719
:10E890006FF02100E2E70020704710B4046B0246DD
:10E8A0000B4684B9C1681F2998BF23FA01F4416857
:10E8B00061B18068834209D21069184051F8243050
:10E8C000184410BC7047234610BC18474FF0FF3067
:10E8D000F7E730B5059CC4E90002039A2181198944
:10E8E000E260049A618121856261D3E9002502EB2F
:10E8F0000113C4E906128A1C236203EB42036A1C5B
:10E9000013446D422B406362836953B90139E26954
:10E910008B4202EB031206DB002393736FF07F033D
:10E92000D373002030BD0133D381F0E72DE9F04FE0
:10E93000B0F830A004465546002685B002EB030827
:10E9400091460E9A00EBCA031FFA88FB9A63A3F85C
:10E950003CB008F1FF32C3690F1D0192B0451ADCCB
:10E96000238D2586A3EB0B032385236A61895A88AF
:10E9700001390A4003EB4203A3F804A0BFF35B8F05
:10E980000020226A538801335380638D01336385ED
:10E9900005B0BDE8F08FE06A2A0157F8041C03EBCC
:10E9A0000515029303680392C91A836808379942D0
:10E9B00028BF4FF0FF31FFF770FFDDE902329850BA
:10E9C00000226A6057F8082CAA60019A9642ACBFF0
:10E9D00000220122B145D8BF42F00202AA810136CD
:10E9E000ED89BBE7F0B550B3456A448E6B88A3420E
:10E9F00030D0631C43864389BFF35B8F013B1C40CF
:10EA000005EBC4056B689EB209B1AD680D60D0F826
:10EA10001CC09BB20CEB031100EBC3039D8F078D51
:10EA20002F44013D07859D878D896F070ED5058E83
:10EA3000CD8100210686986B996302B11480F0BDE8
:10EA40009D8FC989013D0CEB01119D878D89ED07D3
:10EA5000F6D4ECE70020F2E7C36903EB01139868F2
:10EA6000704770B5C369C56A09015E586B6BE3B93D
:10EA70002C69621C09BF6B6834401C68341B21463A
:10EA80002846FFF70AFF864207D02B6901331C4452
:10EA9000AB689C42F3D34FF0FF342868431C09D085
:10EAA000AB68A34206D9204470BD3146284698473A
:10EAB0000446F2E70020F7E770B5BFF35B8F0D4621
:10EAC000016A1646838E4A8804469A4212D05A1C1E
:10EAD00082864289013A134001EB430189882980EB
:10EAE00089B2FFF7BEFF2A88E36903EB02139B6834
:10EAF000336070BD0020FCE710B5026893691269AD
:10EB0000920017D543B9438E026A81694489013B5B
:10EB10001B1B02EB4102938003689B69012B08D108
:10EB2000838E426A81694089013B1B1A02EBC10254
:10EB3000938010BD23B9026A138843F00103138048
:10EB400003689B69012B01BF426A138843F00103EC
:10EB50001380EEE710B5BFF35B8F036804461A69B4
:10EB60009B6912F0005F1AD07BB9036A426A5B8826
:10EB70008169013B02EBC10292889B1A628D9BB2B4
:10EB80009A4214D80023638510BD012BFAD1436A41
:10EB9000026A5B888169013B02EB4102ECE763B9E1
:10EBA000436A1B88DB4303F00103002BEAD063694F
:10EBB000002BE7D020469847E4E7012BE2D1036A17
:10EBC000EFE7036A828E598891420AD04189013960
:10EBD0000A4003EB42039A88C36903EB0213986867
:10EBE000704700207047BFF35B8FC36803B11847BD
:10EBF00070474FF0FF324FF0FF33FCF77DB810B194
:10EC0000C36A0133C362704738B1C26A013AC26253
:10EC10001AB9026B02B110470262704770B5044620
:10EC2000056A05F164063046FFF7E3FF636AA3F562
:10EC300080637F2B0BD801225909503503F01F0345
:10EC40009A4055F8213023EA020345F82130D4E9EF
:10EC50000F124A60E16B04F13C0311602046C4E9E5
:10EC60000F33FFF7D1FF3046BDE87040FBF7C0BF60
:10EC700010B5436A8CB00A932023044602460B91D8
:10EC800002A8194600F057FA28230122CDE90032E4
:10EC900020463522616A02ABFAF788FC00EAE07090
:10ECA0000CB010BD30B1006A20B119B1D0F8883075
:10ECB00003B11847704730B1006A20B119B1D0F8DC
:10ECC0008C3003B11847704730B1006A20B119B1D8
:10ECD000D0F8903003B11847002070472DE9F84371
:10ECE00006468846174699460468A64201D1002583
:10ECF00020E07A1CA4F13C0502D06B6ABB4219D01B
:10ED0000B8F1000F22D020224146284600F0F9FB3E
:10ED1000E0B9B9F1FF3F02D0AB6A4B450AD07B1C8A
:10ED20000BD02468B442E2D054F8183CA4F13C055E
:10ED30009F42E8D12846BDE8F883AB6A0133F9D099
:10ED40002468B442D3D0A4F13C05D9E72468CCE7C9
:10ED500070B505460C461E46CAB12023204619460A
:10ED600000F0E9F90123E362049B6662A362059B5C
:10ED700025626363069BA363079B63646A6804F16F
:10ED80003C03C4E90F526B60226C136070BD0A70C3
:10ED9000E8E710B5044690B1036A83B102784AB13E
:10EDA00093F8A43033B1436AB3F5806F02D30121E5
:10EDB000FFF75EFF2046BDE81040FFF72FBF10BDF4
:10EDC00020B1036A13B15B6803B11847704708B5F7
:10EDD00030B1036A3BB1DB682BB19847002008BD16
:10EDE0006FF01500FBE76FF00500F8E77047FBF7E1
:10EDF000FFBE4FF0FF324FF0FF33FBF77DBFF8B59A
:10EE00000C4600F164070546A4F110063846FFF7EA
:10EE1000F0FF3046FAF780FC80B154F8083C24F843
:10EE2000083CD5F8CC3044F80C3C05F1C80344F854
:10EE3000103CC5F8CC6054F80C3C1E603846FFF717
:10EE4000D6FF0020F8BD38B50D4600F16404204619
:10EE5000FFF7CFFF55F8083C204603F5803345F80F
:10EE6000083CBDE83840FFF7C2BF2DE9F04188B04B
:10EE70000E9C282A8846D4F8C0006ED101688568A7
:10EE8000A8EB0101A94228BF4FF0FF3120236A46B9
:10EE9000FFF75BFC04F16406D8F820703046FFF7FA
:10EEA000A8FF3B464FF0FF3269462046FFF716FFAA
:10EEB000D8F824300546E0B1D0F8308003F00103E3
:10EEC000B8F1000F02D0DBB9AF6230E0002BFBD00D
:10EED0004FF0FF3383623046FFF789FFAB6B83BB94
:10EEE000D4F88030002B38D03A46694620469847FF
:10EEF00033E0DB071FD43046FFF779FFE36FF1E71C
:10EF00004FF0FF338362FFF77AFE3046FFF76FFF63
:10EF1000AB6BA3B9D4F880301BB13A4669462046A2
:10EF200098473046FFF765FF2846FFF76DFE3046ED
:10EF3000FFF75DFF11E03046FFF759FFD0E74FF0D4
:10EF4000010828469847D4F880301BB13A466946F4
:10EF500020469847B8F1000FE3D1002008B0BDE883
:10EF6000F08170B500F16406A1F110050446304649
:10EF7000FFF73FFF2846FAF7CFFB38B12046294676
:10EF8000FAF7A6FCD4F8B800FFF7E4FD3046BDE878
:10EF90007040FFF72CBF10B548B149B143688B42B0
:10EFA00006D382680468D21A5B1A4360A01810BDA9
:10EFB0000020FCE72DE9F3470546D0F8B4000E46E3
:10EFC000904618B9002002B0BDE8F087036A002B14
:10EFD000F8D09B68002BF5D098474307F2D543F64D
:10EFE0009823B8F1000F18BF984605F1640705F1A2
:10EFF000C8093846FFF7FDFED5F8C8404C452BD070
:10F0000054B3D4E90023536022681A60C4E9004471
:10F01000D5F8B43021899B69ADF806107BB1012B7E
:10F0200014D03846FFF7E3FEBDF8063004F11000B7
:10F0300003F58033A3603368103B3360C3E7D5F832
:10F04000A8303360D5F8B4309B69E8E7D5F8BC0048
:10F05000FFF702FD3060E4E7D5F8B430D3F818A02C
:10F06000BAF1000F36D13146D5F8BC000DF10602D9
:10F07000FFF7B8FC04460028D3D1D5F8BC301B8D6F
:10F08000B3B93846FFF7B3FEB8F1000F9AD0D5E90F
:10F090002D32182112891B6B01FB0233D5F8D020C9
:10F0A00022BB21200021FDF775F908F1FF38A0E708
:10F0B000D5F8A810D5F8C400FFF76DFF0446D5F8C1
:10F0C000A830ADF806A033603846FFF790FE002C5C
:10F0D000DAD0A9E7BAF1010FD3D13246D5F8BC0096
:10F0E0000DF10601FFF7E8FC0446EDE71969284633
:10F0F00090476FF4FB639842D3D000283FF479AF78
:10F1000060E720B119B112B1C0E901220160704776
:10F1100010B5044618B910BD3C38FFF73AFE206818
:10F120008442F9D10023C4E92E33D4F8B400BDE8F9
:10F130001040FFF745BE70B505461C4699B18B429D
:10F1400028BF0C46661C013E05D012F8013B00F8B2
:10F15000013B002BF7D1A14207D9091B8A190021D5
:10F1600000F0B7F9A11B084670BD00230D4405F857
:10F17000013CF7E740B1C368587810F001001EBFAA
:10F180001878B0FA80F040097047EFF311834023FC
:10F1900083F31288BFF36F8FFEE708B5FFF7F5FF23
:10F1A00010B54369044633B90020E268537843F050
:10F1B0000103537010BD98470028F5D00028B8BF50
:10F1C0004042FF28A8BFFF20E3681870EDE700F079
:10F1D00080B900F071B910B400F10C04C0E9034427
:10F1E0000024446110BCF5F707BA90F90E308B4249
:10F1F00001D0FCF77FBD0020704703460020C3E923
:10F200000033C3E90200704710B5044630B102680C
:10F21000930703D0446809B100F047F9204610BDB8
:10F22000012307B5009300230A461946FBF78AFB22
:10F2300003B05DF804FB002307B50A4600931946A6
:10F24000FBF780FB03B05DF804FB5AB18A4209D397
:10F2500000F11003C0E90212C0E90000C0E9043364
:10F26000002070476FF015007047012302688B4043
:10F2700022EA0303036022FA01F000F00100704764
:10F28000704720B100228C301146FDF749BA704713
:10F2900010B5FBF793FF041E08DDEFF31180402348
:10F2A00083F31288BFF36F8FFCF740FE204610BD3A
:10F2B000EFF30580003818BF012070476FF057004A
:10F2C0007047D0E9003213605A600023C0E9003370
:10F2D000704738B504460D46FCF752FA637B43F09D
:10F2E00002036373E5B1A5602B689D4209D16B6889
:10F2F000C4E900531C606C6012E06A689A42F6D060
:10F300001B68002BF3D094F90E2093F90E108A425B
:10F31000F3D09142F1DD5A68C4E9003214605C60B8
:10F3200038BD01211838FCF70BBC10B50446FCF7BA
:10F33000BFFB04F11800BDE81040FDF793BC38B5E1
:10F34000054604680020AC4200D138BD002CFCD03A
:10F350002046FFF7EAFF2046FCF764FB2C680120FB
:10F36000A542F1E708B50246FDF76AFB70B1D0E9A6
:10F3700004319B1A61EBE272B3F1004F72F10001AC
:10F3800004DA002AACBF1846002008BD6FF0004028
:10F39000FBE708B5FDF768FD08BDB3F1FF3F08BF07
:10F3A000B2F1FF3F70B504461D46164613D01A430E
:10F3B00015D06FF001024FF0FF33921B63EB050194
:10F3C000002904DAFDF750FD821941EB0501C4E97B
:10F3D0000021204670BD4FF0FF321146F7E70022B2
:10F3E000FBE7B3F1FF3F08BFB2F1FF3FF8B50746B7
:10F3F00016461C4610D054EA020311D0FDF734FD26
:10F40000B0420A46A14103460AD2F31A64EB020451
:10F41000C7E900343846F8BD4FF0FF331C46F7E724
:10F420000023FBE72DE9F041846805460E46D4B180
:10F430006378012B22D114F8533C9A0711D5A4F11B
:10F4400060073846FFF771FF082E0CBF6FF003030B
:10F450000023E36114F8533CDB0602D13846FCF785
:10F46000E1FA002323700020EB68A860C3F3863222
:10F47000164366F39433EB60BDE8F081022BF0D1C4
:10F480002378002BEDD054F8048CB8F1000FE8D0AD
:10F4900004F11400FDF7E6FB0023A4F1140739463C
:10F4A0004046E362FBF78AFEDBE720B1011F50F81C
:10F4B000040CFAF733BE70470A44431E914200D150
:10F4C000704710B511F8014B914203F8014FF9D183
:10F4D00010BD02440346934200D1704703F8011B5C
:10F4E000F9E70139024410B5904201D1002005E04E
:10F4F000037811F8014FA34201D0181B10BD013051
:10F50000F2E710B56AB10139841810F8012B11F82F
:10F51000013F9A4203D1A04201D0002AF5D1D01A6E
:10F5200010BD1046FCE710B50139044632B111F8A0
:10F53000013F013A00F8013B002BF7D10021FFF712
:10F54000C8FF204610BD0246014410B58A4213464A
:10F5500003D01C780132002CF8D1181A10BDF0B578
:10F56000C3F13707044603F01F031046FFB2082B10
:10F57000E6B232D0102B3DD06508A40845EAC1752B
:10F5800044EA81748A082D1942EB5102290941EAA3
:10F5900002716D1842EB1212290A41EA02616D18DC
:10F5A00042EB1222290C41EA02416D1842EB124251
:10F5B000AD1842F10002EC0844EA4274D10804EBB1
:10F5C0008402A6EB4205EDB2092D0CD90134A5F158
:10F5D0000A0541F10001EDB212E0E40806F007056A
:10F5E00044EA4174C908303554EA010200F8015B6D
:10F5F000BDD1F0BD240906F00F0544EA01740909E4
:10F60000092D84BFED19EDB2EDE700000148006857
:10F6100070470000A0610021F04CFF7F0100000056
:10F6200000000000A0F60201CDA0020100000000D1
:10F6300000000000E0F6020100000000C0F6020138
:10F64000F9810201000000008FE5020100000000C6
:10F650000000000000F7020109750201000000002F
:10F66000715E0201000000000000000020F70201AE
:10F670000000000040F70201D182020100000000FA
:10F68000D1D10201000000000000000060F702017B
:10F690005983020100000000C9840201000000003B
:10F6A0004609030194FF020110F90201A20800219A
:10F6B000F461002149670201000000000000000021
:10F6C000D60A0301A4FF0201D8F80201A60800210E
:10F6D000A4620021CD7102010000000000000000C2
:10F6E000E40A0301BCFF0201D8F80201A8080021C6
:10F6F000B0620021CD710201000000000000000096
:10F70000A709030100000000D0F80201A4080021AD
:10F7100050620021856C0201000000000000000022
:10F72000F20A030144080021FCF80201AA080021A2
:10F73000BC62002115720201000000000000000000
:10F74000390C030100000000D4FF0201AC080021C5
:10F75000506300213177020100000000000000002A
:10F76000D403030114080021C0FE0201A0080021F7
:10F77000C81C0021F3DD02010000000000000000B1
:10F78000000000007FE00201000000007FE00201B5
:10F79000000000007FE00201000000007FE00201A5
:10F7A000000000007FE00201B1E50201B5E50201C1
:10F7B000000000007FE00201000000007FE0020185
:10F7C000000000007FE0020150620021216D020173
:10F7D000498F0201B5E50201000000007FE002014F
:10F7E000000000007FE00201000000007FE0020155
:10F7F000000000007FE00201000000007FE0020145
:10F80000000000007FE00201000000007FE0020134
:10F810003D920201B5E50201000000007FE0020117
:10F82000000000007FE00201000000007FE0020114
:10F83000000000000D730201000000007FE00201E3
:10F84000000000007FE00201000000007FE00201F4
:10F85000000000008D820201000000007FE0020134
:10F86000000000007FE00201000000007FE00201D4
:10F87000481C0021206B002100020000AD43020162
:10F880000000000000000000000000000700000071
:10F89000000000001801030100000000000000004B
:10F8A000C81B0021206500210006000081430201E1
:10F8B0000000000000000000000000000700000041
:10F8C000000000000B010301000000000000000028
:10F8D000056C0201316B0201B96F0201B3E2020152
:10F8E000BFE20201D3E20201DDE20201E7E202012E
:10F8F000916E0201956D02010000000041E30201DA
:10F900001DE3020139E302013DE3020169E3020163
:10F91000A1670201ADE2020181E2020100000000E4
:10F920006D66020100000000000000004594020125
:10F9300006000000DEE61E28EAAC45B802350000ED
:10F94000DEE61E284CBBCE8F023500000002000010
:10F950000002000000000000FCDE41EBA2D14224C6
:10F9600000B5F8579FAC9D9EAAC9B43400010302AC
:10F9700000002CA6E0A120A820A8000000000000A4
:10F98000F401FA00960064004B0032001E001400DF
:10F990000A000500020001000102040025262700DC
:10F9A0000102040301020303250D0F0F01020400ED
:10F9B00000000000141E00003011000060EA00008A
:10F9C00060EA000000002CA6E0A120A820A800000A
:10F9D0000000000000002CA6E0A120A820A8000044
:10F9E000000000000001030200002CA6E0A120A8F6
:10F9F00020A800000000000001020303F401FA0047
:10FA0000960064004B0032001E0014000A0005003E
:10FA10000200010000002CA6E0A120A820A8000000
:10FA20000000000000000000141E00003011000063
:10FA300060EA000060EA0000F401FA009600640049
:10FA40004B0032001E0014000A00050002000100F5
:10FA50000102030301010002070001020401000189
:10FA60000000010100000100010000010001000090
:10FA70000000F401FA00960064004B0032001E0002
:10FA800014000A000500020001000000020300004B
:10FA900001000B0002000A00050009000A0008002E
:10FAA000140007001E000600320005004B00040091
:10FAB0006400030096000200FA000100F401000057
:10FAC00001020303020301000C0802170D010102E9
:10FAD00009090101060209181803010109090303B4
:10FAE00005030201230202240910040405050B0B7F
:10FAF000040B2B1B1B151A1A1C021D16130501499A
:10FB00000D150508061B1B0F02020801010000FE6F
:10FB1000FEFEFEFEFEFEFEFEFEFEFEFEFEFEFEFE05
:10FB200016FEFEFEFEFEFEFEFEFEFEFE1F1FFEFE9B
:10FB300026FEFEFEFEFEFEFEFEFEFEFEFEFEFEFEBD
:10FB4000FEFEFE3E3EFEFEFEFE3B3B0000002CA6FF
:10FB5000E0A120A820A8000000000000F401FA00A5
:10FB6000960064004B0032001E0014000A000500DD
:10FB70000200010000002CA6E0A120A820A800009F
:10FB8000000000000001020201020400A301B10311
:10FB9000BF05EF024906A309C505F50B25120E02A4
:10FBA0001C045A03B4063006600C01020303010270
:10FBB000030300002CA6E0A120A820A8000000005C
:10FBC0000000010204010203030000002CA6E0A1D2
:10FBD00020A820A800000000000000000000000095
:10FBE000141E00003011000060EA000060EA00000E
:10FBF00000002CA6E0A120A820A800000000000022
:10FC000000002CA6E0A120A820A800000000000011
:10FC10000102030300000000141E00003011000068
:10FC200060EA000060EA0000010204000300000036
:10FC30002CA6E0A120A820A80000000000000000E1
:10FC400000000000141E00003011000060EA0000F7
:10FC500060EA000000002CA6E0A120A820A8000077
:10FC600000000000F401FA00960064004B0032002E
:10FC70001E0014000A0005000200010000002CA66E
:10FC8000E0A120A820A8000000000000F401FA0074
:10FC9000960064004B0032001E0014000A000500AC
:10FCA0000200010000000000141E000030110000DE
:10FCB00060EA000060EA00000102030300010202A2
:10FCC0000102040000002CA6E0A120A820A800004A
:10FCD0000000000000010302E3A3C3000000340899
:10FCE000E803280A280A000000002CA6E0A120A8AA
:10FCF00020A8000000000000010000000700000034
:10FD00000000000000000000000000000406080AD7
:10FD10000C0E10121416181C1E20222426282A2C21
:10FD20002E30323436383A3C3E40424446484A4C03
:10FD30004E021A50000000002800000018000000C9
:10FD4000500100005001000000000000141E0000DF
:10FD50003011000060EA000060EA000000000000CE
:10FD6000141E000030110000B45F00003C7300005E
:10FD7000B80BD0076C396C39000000007017000018
:10FD8000A00F00003C2800003C2800000000DC051B
:10FD9000E8030000D417000000000000141E00005B
:10FDA0003011000060EA000060EA00000000340842
:10FDB000E803280A280A00000000DC05E803000028
:10FDC000D417000000002CA6E0A120A820A8000065
:10FDD0000000000000003408E803280A280A000098
:10FDE0000000DC05E8030000D417000000002CA68A
:10FDF000E0A120A820A800000000000000003408B6
:10FE0000E803280A280A00000000DC05E8030000D7
:10FE1000D417000000002CA6E0A120A820A8000014
:10FE20000000000000003408E803280A280A000047
:10FE30000000DC05E8030000D417000000002CA639
:10FE4000E0A120A820A800000000000000000000A1
:10FE500000000000000000000000000000000000A2
:10FE60000101010102020202030303030405060764
:10FE700008090A0B0C0D0E0FD8ECF0F4F8F9FAFB98
:10FE8000FCFDFEFF00010203060808010206001047
:10FE90000200FA000000FCDE41EBA2D1422400B5D2
:10FEA000F8579FAC9D9EAAC9B4340000E9420201F4
:10FEB000F5420201F9420201014302010543020138
:10FEC000A14D0201ABDE0201814F0201CD4F0201C3
:10FED000B950020189DC0201FDDC020191DC020162
:10FEE000C3DC0201ADDC020197DC0201000000006E
:10FEF00000000000DBDF0201CDDF0201D7DF0201DD
:10FF0000CBDF020100000000000000000000000044
:10FF100000000000BBDF0201000000210000000023
:10FF200006000100020000002CFF02010000000199
:10FF30009007030106000000E0FF0301000000211C
:10FF40009807030121000000E0FF0021015F02018A
:10FF50000000000069E102014CFF020164FF0201A0
:10FF60002000000020B000214CFF020174FF0201BC
:10FF700045000000A8B100214CFF020184FF0201EE
:10FF800047000000A8B50021316602012167020187
:10FF900000000000B9680201DD6702019BE2020176
:10FFA000A1E20201FFFF000000088C4100000000F8
:10FFB0000100000000A0004100000000FFFFFFFF63
:10FFC00000058C41000000000000000000A000417E
:10FFD0000000000005760201EDE302011BE40201CE
:10FFE0000800000003000000471003015A1003013D
:10FFF0006D1003018010030193100301A61003018B
:020000040103F6
:10000000B9100301CC10030120F6020120F6020111
:1000100058F6020160F60201A0F60201A0F6020104
:10002000E21C030100010000647261676F6F6E2FB4
:100030006C6962732F7363686564756C696E672F92
:100040007372632F72656D5F68616C5F6576656E54
:10005000745F74696D65722E6300574553545F5425
:100060004F504449522F6E72662F6170706C6963F5
:100070006174696F6E732F6970635F726164696F19
:100080002F7372632F62745F6863695F6970632E98
:100090006300657272203D3D20300041535345524C
:1000A00054494F4E204641494C205B25735D20400A
:1000B0002025733A25640A00094661696C6564204D
:1000C000746F20707574206461746120696E746F40
:1000D000206D7367713A2025642E0A000946616914
:1000E0006C656420746F206765742064617461209E
:1000F00066726F6D206D7367713A2025642E0A0059
:100100006E72665F62745F6863690074785F7468BA
:10011000726561645F69640071756575655F7468B7
:10012000726561645F696400574553545F544F5072
:100130004449522F7A65706879722F6C69622F6812
:100140006561702F686561702E63006368756E6B02
:100150005F7573656428682C2063290009756E65D6
:10016000787065637465642068656170207374617C
:1001700074652028646F75626C652D667265653FD5
:100180002920666F72206D656D6F72792061742011
:1001900025700A006C6566745F6368756E6B28680D
:1001A0002C2072696768745F6368756E6B28682CB1
:1001B00020632929203D3D20630009636F72727519
:1001C00070746564206865617020626F756E647319
:1001D0002028627566666572206F766572666C6F40
:1001E000773F2920666F72206D656D6F727920618F
:1001F000742025700A006279746573203E2068655A
:1002000061705F666F6F7465725F62797465732881
:100210006279746573290009686561702073697A71
:100220006520697320746F6F20736D616C6C0A00B8
:10023000686561705F737A203E206368756E6B73CA
:100240007A2873697A656F6628737472756374208F
:100250007A5F686561702929006368756E6B305F2D
:1002600073697A65202B206D696E5F6368756E6BAC
:100270005F73697A65286829203C3D206865617054
:100280005F737A00574553545F544F504449522F7F
:100290007A65706879722F6C69622F7574696C73F6
:1002A0002F6F6E6F66662E63007374617465203DF8
:1002B0003D20305500217379735F736C6973745FEF
:1002C00069735F656D70747928266D67722D3E6362
:1002D0006C69656E747329007472616E7369742041
:1002E000213D202828766F6964202A29302900734F
:1002F00074617465203D3D202831554C203C3C20E4
:1003000028312929006D67722D3E72656673203D84
:100310003D2030007374617465203D3D20283155C7
:100320004C203C3C202830292900574553545F5429
:100330004F504449522F7A65706879722F696E6305
:100340006C7564652F7A65706879722F7370696E49
:100350006C6F636B2E68007A5F7370696E5F756E89
:100360006C6F636B5F76616C6964286C2900094E61
:100370006F74206D79207370696E6C6F636B2025CC
:10038000700A007A5F7370696E5F6C6F636B5F7683
:10039000616C6964286C290009496E76616C696436
:1003A000207370696E6C6F636B2025700A0057456F
:1003B00053545F544F504449522F7A657068797294
:1003C0002F6C69622F7574696C732F6E6F74696618
:1003D000792E630069706330002A2A2A20426F6FE9
:1003E00074696E67206E524620436F6E6E6563744B
:1003F0002053444B2076332E312E312D6532613916
:100400003766653235373861202A2A2A0A002A2AB7
:100410002A205573696E67205A6570687972204F7B
:10042000532076342E312E39392D66663866306386
:10043000353739656562202A2A2A0A005745535400
:100440005F544F504449522F7A65706879722F611A
:100450007263682F61726D2F636F72652F636F72A5
:100460007465785F6D2F6661756C742E630021284A
:1004700028285343425F54797065202A2920282870
:1004800030784530303045303030554C29202B20E5
:10049000307830443030554C2920292D3E43465386
:1004A000522026202831554C203C3C202830552015
:1004B0002B2034552929290009537461636B696E17
:1004C00067206F72204461746120416363657373B8
:1004D0002056696F6C6174696F6E206572726F72FD
:1004E00020776974686F757420737461636B20671B
:1004F000756172642C20757365722D6D6F64652053
:100500006F72206E756C6C2D706F696E74657220E1
:10051000646574656374696F6E0A0A0065736620AA
:10052000213D202828766F6964202A293029000976
:1005300045534620636F756C64206E6F742062654E
:10054000207265747269657665642073756363658E
:10055000737366756C6C792E205368616C6C206EB9
:1005600065766572206F636375722E0A00094661B5
:10057000756C7420657363616C6174696F6E20774C
:100580006974686F75742046535220696E666F0AED
:100590000009486172644661756C742077697468FB
:1005A0006F7574204846535220696E666F205368F9
:1005B000616C6C206E65766572206F636375720A7C
:1005C00000574553545F544F504449522F7A657039
:1005D0006879722F617263682F61726D2F636F7219
:1005E000652F636F727465785F6D2F6972715F6DCF
:1005F000616E6167652E63007072696F203C3D20FB
:10060000282831554C203C3C2028332929202D20F6
:1006100031290009696E76616C6964207072696FB6
:100620007269747920256420666F722025642069C0
:100630007271212076616C756573206D75737420FD
:100640006265206C657373207468616E20256C751B
:100650000A0A00574553545F544F504449522F7A69
:1006600065706879722F617263682F61726D2F6394
:100670006F72652F6D70752F61726D5F6D70752E65
:10068000630009436F6E6669677572696E6720253E
:100690007520737461746963204D505520726567CD
:1006A000696F6E73206661696C65640A0A00094DA2
:1006B00061726B696E6720257520617265617320B8
:1006C000666F722064796E616D6963207265676917
:1006D0006F6E73206661696C65640A0A0009526571
:1006E000717565737420746F20636F6E66696775CA
:1006F00072653A20257520726567696F6E732028D0
:10070000737570706F727465643A202575290A0AD2
:10071000002128726567696F6E5B6964785D2E647D
:10072000745F617474722026202831554C203C3C43
:10073000202830292929000952414D5F4E4F43415D
:1007400043484520776974682044545F4D454D5FA8
:10075000434143484541424C45206174747269628B
:100760007574650A0A00094661696C656420746FD6
:1007700020616C6C6F63617465204D50552072650B
:1007800067696F6E732066726F6D2044540A0A00A9
:10079000464C4153485F30005352414D5F30005743
:1007A0004553545F544F504449522F7A65706879CD
:1007B000722F6C69622F6E65745F6275662F627549
:1007C000662E63006275662D3E666C616773203D20
:1007D0003D203055006275662D3E6672616773205C
:1007E0003D3D202828766F6964202A293029007031
:1007F0006F6F6C007265715F73697A65203C3D2094
:1008000073697A6500090A006C6973740062756621
:1008100000574553545F544F504449522F7A6570E6
:100820006879722F6C69622F6E65745F6275662FCE
:100830006275665F73696D706C652E6300627566C4
:100840002D3E6C656E203D3D203055006275662D55
:100850003E6C656E203E3D206C656E006E65745F7B
:100860006275665F73696D706C655F7461696C72E7
:100870006F6F6D2862756629203E3D206C656E00A5
:10088000574553545F544F504449522F7A6570680E
:1008900079722F736F632F6E6F726469632F6E723C
:1008A0006635332F736F632E6300574553545F547F
:1008B0004F504449522F7A65706879722F696E6380
:1008C0006C7564652F7A65706879722F626C7565D6
:1008D000746F6F74682F6275662E680057455354A5
:1008E0005F544F504449522F7A65706879722F6473
:1008F0007269766572732F636C6F636B5F636F6E83
:1009000074726F6C2F636C6F636B5F636F6E747266
:100910006F6C5F6E72662E630074797065203C2088
:10092000434C4F434B5F434F4E54524F4C5F4E52DC
:10093000465F545950455F434F554E54006572729F
:10094000203E3D203000636C6F636B4034313030AB
:100950003530303000574553545F544F504449525E
:100960002F7A65706879722F647269766572732F59
:10097000656E74726F70792F656E74726F70795FC7
:100980006E7266352E630026656E74726F70795FC5
:100990006E7266355F64617461203D3D20646576EA
:1009A0002D3E646174610072616E646F6D4034311C
:1009B00030303930303000574553545F544F504435
:1009C00049522F7A65706879722F696E636C75640D
:1009D000652F7A65706879722F64726976657273B3
:1009E0002F6770696F2F6770696F5F7574696C73BB
:1009F0002E680063616C6C6261636B00094E6F204E
:100A000063616C6C6261636B210A0063616C6C6290
:100A100061636B2D3E68616E646C657200094E6F98
:100A20002063616C6C6261636B2068616E646C65ED
:100A300072210A00574553545F544F504449522F76
:100A40006D6F64756C65732F68616C2F6E6F726467
:100A500069632F6E7266782F68616C2F6E72665FA5
:100A60006770696F2E68006E72665F6770696F5F8E
:100A700070696E5F70726573656E745F63686563DD
:100A80006B282A705F70696E2900574553545F5474
:100A90004F504449522F7A65706879722F64726999
:100AA000766572732F6770696F2F6770696F5F6EFD
:100AB0007266782E6300657272203D3D204E52466C
:100AC000585F535543434553530063622D3E68615D
:100AD0006E646C6572006770696F403431386330E2
:100AE000383030006770696F4034313863303530EA
:100AF00030006D626F784034313031323030300048
:100B0000574553545F544F504449522F7A6570688B
:100B100079722F696E636C7564652F7A6570687978
:100B2000722F647269766572732F656E74726F705E
:100B3000792E68006170692D3E6765745F656E741B
:100B4000726F707920213D202828766F6964202AF1
:100B5000293029000943616C6C6261636B20706FFE
:100B6000696E7465722073686F756C64206E6F7443
:100B7000206265204E554C4C0A00574553545F5433
:100B80004F504449522F6E72662F7375627379739A
:100B90002F626C7565746F6F74682F636F6E7472FB
:100BA0006F6C6C65722F6863695F647269766572D9
:100BB0002E63000954686520656E74726F70792029
:100BC000736F757263652072657475726E656420EB
:100BD000616E206572726F7220696E206120626C96
:100BE0006F636B696E672063616C6C0A00574553D5
:100BF000545F544F504449522F6E72662F696E6392
:100C00006C7564652F6D70736C2F6D70736C5F778E
:100C10006F726B2E6800096B5F776F726B5F737515
:100C2000626D69745F746F5F7175657565282920E1
:100C30006661696C65642E0A0062745F6863695F4F
:100C400073646300574553545F544F504449522FC7
:100C50006E72662F7375627379732F6D70736C2F5C
:100C6000696E69742F6D70736C5F696E69742E6341
:100C700000094D50534C204153534552543A2025BE
:100C8000732C2025640A0A00657272636F64652004
:100C90003D3D2030004D50534C20576F726B005734
:100CA0004553545F544F504449522F7A65706879C8
:100CB000722F696E636C7564652F7A6570687972DE
:100CC0002F647269766572732F6770696F2E680082
:100CD000286366672D3E706F72745F70696E5F6D1A
:100CE00061736B202620286770696F5F706F727464
:100CF0005F70696E735F74292831554C203C3C202D
:100D00002870696E29292920213D20305500095578
:100D10006E737570706F727465642070696E0A000E
:100D2000140A004552524F523A2043616E6E6F745E
:100D30002066756C66696C6C204558545F4150495B
:100D400020726571756573742E0D0A005741524EFD
:100D5000494E473A204F7074696F6E616C20455858
:100D6000545F4150492072657175657374206E6FD0
:100D7000742066756C66696C6C65642E0D0A00578C
:100D80004553545F544F504449522F6E72662F643E
:100D90007269766572732F6D70736C2F636C6F63FD
:100DA0006B5F636F6E74726F6C2F6E7266785F63C9
:100DB0006C6F636B5F6D70736C2E6300094E6F74A4
:100DC00020737570706F727465640A000000000112
:100DD00001000000574553545F544F504449522F6F
:100DE0006D6F64756C65732F68616C2F6E6F7264C4
:100DF00069632F6E7266782F68616C2F6E72665F02
:100E0000647070692E68006368616E6E656C203C6A
:100E1000206E72665F647070695F6368616E6E6594
:100E20006C5F6E756D6265725F67657428705F7266
:100E300065672900574553545F544F504449522F1A
:100E40006D6F64756C65732F68616C2F6E6F726463
:100E500069632F6E7266782F68656C706572732F88
:100E60006E7266785F677070695F647070692E6318
:100E7000006565700074657000574553545F544FAA
:100E8000504449522F6D6F64756C65732F68616CA7
:100E90002F6E6F726469632F6E7266782F68616C53
:100EA0002F6E72665F6770696F74652E6800696E79
:100EB000646578203C203800574553545F544F50A8
:100EC0004449522F6D6F64756C65732F68616C2F88
:100ED0006E6F726469632F6E7266782F64726976C2
:100EE0006572732F7372632F6E7266785F677069B5
:100EF0006F74652E63006E7266795F6770696F5FED
:100F000070696E5F70726573656E745F6368656348
:100F10006B2870696E290070696E5F69735F696E16
:100F200070757428705F696E7374616E63652C20D0
:100F300070696E290070696E5F6861735F747269B1
:100F40006767657228705F696E7374616E63652C84
:100F50002070696E2900705F6368616E6E656C0059
:100F6000696E745F656E61626C65000020303030C0
:100F70003030303030303030303030000157455371
:100F8000545F544F504449522F6D6F64756C6573B4
:100F90002F68616C2F6E6F726469632F6E72667852
:100FA0002F647269766572732F7372632F6E726627
:100FB000785F6970632E6300705F636F6E66696748
:100FC000006D5F63622E7374617465203D3D204E39
:100FD0005246585F4452565F53544154455F494E00
:100FE000495449414C495A454400574553545F546C
:100FF0004F504449522F6D6F64756C65732F686153
:101000006C2F6E6F726469632F6E7266782F6861E1
:101010006C2F6E72665F6970632E6800696E64651E
:1010200078203C20313600756E726567697374658F
:10103000726564202573206275730A0067656E65AA
:10104000726963002573006D6574616C3A20656D8B
:10105000657267656E63793A20006D6574616C3AFC
:1010600020616C6572743A2020202020006D657428
:10107000616C3A20637269746963616C3A20200084
:101080006D6574616C3A206572726F723A2020202F
:101090002020006D6574616C3A207761726E696E14
:1010A000673A202020006D6574616C3A206E6F7481
:1010B0006963653A20202020006D6574616C3A20D8
:1010C000696E666F3A202020202020006D657461D3
:1010D0006C3A2064656275673A2020202020002544
:1010E000733A2066726565696E67206E6F6E2D6556
:1010F0006D707479207669727471756575650D0A05
:1011000000756E65787065637465642062756666E7
:1011100065722068656C6420636F756E7465720D0E
:101120000A00574553545F544F504449522F6D6F36
:1011300064756C65732F6C69622F6F70656E2D61BD
:101140006D702F6F70656E2D616D702F6C69622FE1
:1011500072706D73672F72706D73675F76697274EA
:10116000696F2E6300737461747573203D3D207345
:10117000697A656F662872705F686472290073749B
:1011800061747573203D3D203000726574203D3DD3
:10119000203000737461747573203E3D20300073FD
:1011A0007461747573203D3D206C656E0072785FCC
:1011B00076710074785F7671004E53005745535432
:1011C0005F544F504449522F7A65706879722F6B83
:1011D00065726E656C2F6465766963652E63006465
:1011E0006576203C3D205F6465766963655F6C6968
:1011F00073745F656E640009756E657870656374FD
:101200006564206C69737420656E64206C6F636123
:1012100074696F6E0A00574553545F544F504449E8
:10122000522F7A65706879722F6B65726E656C2FBC
:10123000666174616C2E6300726561736F6E20214C
:101240003D204B5F4552525F4B45524E454C5F50DF
:10125000414E49430009417474656D7074656420A2
:10126000746F207265636F7665722066726F6D2091
:1012700061206B65726E656C2070616E69632063BE
:101280006F6E646974696F6E0A00574553545F54FA
:101290004F504449522F7A65706879722F6B65728E
:1012A0006E656C2F696E69742E6300746872656177
:1012B000645F64617461203C3D205F5F737461749E
:1012C00069635F7468726561645F646174615F6CB7
:1012D0006973745F656E64006D61696E0057455394
:1012E000545F544F504449522F7A65706879722F79
:1012F0006B65726E656C2F6B686561702E63002183
:10130000617263685F69735F696E5F6973722829D0
:10131000207C7C20282874696D656F7574292E7473
:1013200069636B73203D3D202828286B5F74696DCD
:10133000656F75745F7429207B307D29292E74694F
:10134000636B73290068656170203C3D205F6B5FB3
:10135000686561705F6C6973745F656E64005745A2
:1013600053545F544F504449522F7A6570687972D4
:101370002F6B65726E656C2F69646C652E63005F00
:101380006B65726E656C2E637075735B305D2E637A
:10139000757272656E742D3E626173652E7072692E
:1013A0006F203E3D203000574553545F544F50440A
:1013B00049522F7A65706879722F6B65726E656C11
:1013C0002F696E636C7564652F6B73636865642E3B
:1013D00068007468726561642D3E626173652E7089
:1013E000656E6465645F6F6E00574553545F544F7C
:1013F000504449522F7A65706879722F6B65726E0E
:10140000656C2F6D73675F712E6300216172636875
:101410005F6972715F756E6C6F636B6564286B6575
:101420007929006D7367712D3E77726974655F70FD
:101430007472203E3D206D7367712D3E6275666645
:1014400065725F7374617274202626206D736771F4
:101450002D3E77726974655F707472203C206D73E5
:1014600067712D3E6275666665725F656E640057D2
:101470004553545F544F504449522F7A65706879F0
:10148000722F6B65726E656C2F6D757465782E6347
:101490000021617263685F69735F696E5F6973726F
:1014A000282900096D7574657865732063616E6E17
:1014B0006F74206265207573656420696E7369645A
:1014C0006520495352730A006D757465782D3E6C22
:1014D0006F636B5F636F756E74203E2030550057ED
:1014E0004553545F544F504449522F7A6570687980
:1014F000722F6B65726E656C2F73656D2E6300289D
:1015000028617263685F69735F696E5F69737228CF
:1015100029203D3D203029207C7C20282874696DBD
:10152000656F7574292E7469636B73203D3D2028A7
:1015300028286B5F74696D656F75745F7429207BF3
:10154000307D29292E7469636B732929005745530F
:10155000545F544F504449522F7A65706879722F06
:101560006B65726E656C2F776F726B2E6300776F91
:10157000726B2D3E717565756520213D202828769A
:101580006F6964202A29302900776F726B20213D12
:10159000202828766F6964202A29302900776F7205
:1015A0006B2D3E68616E646C657220213D20282899
:1015B000766F6964202A2930290021666C61675F93
:1015C000746573742826776F726B2D3E666C616745
:1015D000732C204B5F574F524B5F44454C41594150
:1015E000424C455F4249542900216B5F69735F6932
:1015F0006E5F69737228290073796E6320213D2024
:101600002828766F6964202A2930290021666C61B8
:10161000675F74657374282671756575652D3E6600
:101620006C6167732C204B5F574F524B5F51554590
:1016300055455F535441525445445F424954290033
:10164000717565756500737461636B00574553541C
:101650005F544F504449522F7A65706879722F6BEE
:1016600065726E656C2F7468726561642E63002804
:101670002828287072696F2929203D3D20313520A6
:101680002626207A5F69735F69646C655F7468728F
:101690006561645F656E7472792828656E7472790D
:1016A000292929207C7C202828283135202D20310B
:1016B00029203E3D2028282D31362929292026267B
:1016C0002028287072696F2929203E3D2028282D66
:1016D000313629292026262028287072696F292969
:1016E000203C3D20283135202D2031292929000991
:1016F000696E76616C6964207072696F7269747961
:1017000020282564293B20616C6C6F77656420720A
:10171000616E67653A20256420746F2025640A0095
:101720000954687265616473206D6179206E6F740D
:10173000206265206372656174656420696E20496A
:101740005352730A00574553545F544F5044495203
:101750002F7A65706879722F6B65726E656C2F7366
:10176000636865642E6300217A5F69735F69646CE6
:10177000655F7468726561645F6F626A656374282F
:101780007468726561642900574553545F544F5023
:101790004449522F7A65706879722F6B65726E6555
:1017A0006C2F696E636C7564652F6B74687265610C
:1017B000642E68005F6B65726E656C2E6370757366
:1017C0005B305D2E63757272656E7420213D20283A
:1017D00028766F6964202A2930290073697A656F39
:1017E00066285F73636865645F7370696E6C6F63AE
:1017F0006B29203D3D2030207C7C206C6F636B206A
:10180000213D20265F73636865645F7370696E6C49
:101810006F636B005F6B65726E656C2E63707573C2
:101820005B305D2E63757272656E742D3E626173FE
:10183000652E73636865645F6C6F636B65642021FC
:101840003D203155005F6B65726E656C2E6370755F
:10185000735B305D2E63757272656E742D3E6261CE
:1018600073652E73636865645F6C6F636B6564207A
:10187000213D20305500217465726D696E6174657B
:10188000000961626F72746564205F6375727265CE
:101890006E74206261636B2066726F6D2064656197
:1018A000640A0021657373656E7469616C00096177
:1018B000626F7274656420657373656E7469616CC0
:1018C000207468726561642025700A00574553547E
:1018D0005F544F504449522F7A65706879722F6B6C
:1018E00065726E656C2F74696D65736C6963696E82
:1018F000672E6300282874696D656F75742920262A
:101900002620282875696E747074725F74292028E7
:10191000736C6963655F74696D656F75747329298C
:10192000203C3D20282875696E747074725F74299C
:10193000202874696D656F75742929202626202852
:101940002875696E747074725F7429202874696DCB
:10195000656F75742929203C20282875696E74707C
:1019600074725F742920282628736C6963655F741C
:10197000696D656F757473295B282873697A655F73
:10198000742920282828696E74292073697A656F64
:101990006628636861725B31202D2032202A202165
:1019A00028215F5F6275696C74696E5F7479706518
:1019B000735F636F6D70617469626C655F70285FDF
:1019C0005F747970656F665F5F28736C6963655FCC
:1019D00074696D656F757473292C205F5F747970FD
:1019E000656F665F5F282628736C6963655F74693D
:1019F0006D656F757473295B305D2929295D292018
:101A00002D203129202B202873697A656F66287371
:101A10006C6963655F74696D656F75747329202FD8
:101A20002073697A656F662828736C6963655F74D3
:101A3000696D656F757473295B305D292929295D8E
:101A400029292026262028282875696E747074722A
:101A50005F7429202874696D656F75742929202D9C
:101A600020282875696E747074725F742920287339
:101A70006C6963655F74696D656F75747329292975
:101A800020252073697A656F662828736C69636501
:101A90005F74696D656F757473295B305D29203DD6
:101AA0003D20302900574553545F544F504449520C
:101AB0002F7A65706879722F6B65726E656C2F7402
:101AC000696D656F75742E6300217379735F646E41
:101AD0006F64655F69735F6C696E6B6564282674FB
:101AE0006F2D3E6E6F64652900574553545F544F08
:101AF000504449522F7A65706879722F6B65726E07
:101B0000656C2F706F6C6C2E630009696E76616C6A
:101B10006964206576656E7420747970652028305C
:101B2000782578290A0A006576656E742D3E7365FE
:101B30006D20213D202828766F6964202A293029CC
:101B40000009696E76616C69642073656D61706807
:101B50006F72650A0A006576656E742D3E71756553
:101B6000756520213D202828766F6964202A293058
:101B7000290009696E76616C696420717565756507
:101B80000A0A006576656E742D3E7369676E616C36
:101B900020213D202828766F6964202A29302900D9
:101BA00009696E76616C696420706F6C6C20736972
:101BB000676E616C0A0A006576656E742D3E6D7302
:101BC000677120213D202828766F6964202A2930FA
:101BD000290009696E76616C6964206D65737361B3
:101BE00067652071756575650A0A006576656E74AE
:101BF0002D3E7069706520213D202828766F69642C
:101C0000202A2930290009696E76616C6964207088
:101C10006970650A0A0009696E76616C69642065FD
:101C200076656E7420747970650A0A0057455354BE
:101C30005F544F504449522F7A65706879722F6B08
:101C400065726E656C2F6D656D706F6F6C2E6300C5
:101C500028616C69676E20262028616C69676E2098
:101C60002D20312929203D3D20300009616C696714
:101C70006E206D757374206265206120706F7765CA
:101C800072206F6620320A00616C69676E203D3DEC
:101C90002030207C7C20282875696E747074725FF7
:101CA00074296D656D20262028616C69676E202D72
:101CB00020312929203D3D203000096D6973616C78
:101CC00069676E6564206D656D6F7279206174203F
:101CD00025702028616C69676E203D20257A752962
:101CE0000A00737973776F726B7100FFFFFFFF1F3C
:101CF00000647261676F6F6E2F6C6962732F666527
:101D00006D2F7372632F636F6D6D6F6E2F6D7073B8
:101D10006C5F66656D5F70696E735F636F6D6D6F2D
:101D20006E2E6300647261676F6F6E2F6C696273F1
:101D30002F66656D2F7372632F636F6D6D6F6E2FDE
:101D40006D70736C5F66656D5F7574696C732E631F
:101D500000286E756C6C29002A666C6F61742A000D
:101D600000880001FFFFFFFFFF1F00001F000000B1
:101D7000000000007FFE0000E4070000DD500000CE
:101D8000000100000000000000000000FFFFFFFF56
:101D90001FFF1B00BAABBABA10101010A0354D00CF
:101DA000FF000000C40900000000000000C0004166
:101DB00000000000000000000C00000000FF7F0099
:101DC0000000000000000000000000000000000013
:101DD0000000000000000000000000000000000003
:101DE00055CC000111CD000155E00001E9DB0001F7
:101DF00091C50001E9D7000191C50001E9D70001B3
:101E000015D5000171D5000171E2000155E2000114
:101E100071E2000155E200019DDB00012DDC0001B3
:101E2000D5DC00017DDC00014DC500011DD800019D
:101E300015C40001DDE0000115C4000115C4000156
:101E400015C4000115C4000115C4000131DD0001F5
:101E500005DF000115C4000115C400014DC50001D6
:101E60001DD80001F1D50001DDE0000115C400011D
:101E700099DF00010DDE000115C4000115C4000149
:101E800031DD000105DF0001A9DE000195DD000163
:101E90002DDB00016DC70001ADE700016DC700013A
:101EA000F5ED00012DEE00016DD00001E5D000013F
:101EB0002DD6000165C500012DD6000165C50001C4
:101EC000DDC50001DDC50001F1D200017DC50001C5
:101ED000ADE200018C000021A4000021C40000211B
:101EE0002C0100214C01002145E300019400002158
:101EF000AC000021F8000021340100215401002130
:101F000000000000000000000000000000000000D1
:101F100000000000000000000000000000000000C1
:101F2000000000000000000000000000A93A0101CC
:101F300000000000F718020100000000E53A01016E
:101F40000000000043190201000000003F190201D7
:101F5000000000008F190201000000005B1902015F
:101F6000000000008B19020100000000A919020105
:101F700000000000731902010000000000000000D2
:101F80000000000000000000000000000000000051
:101F90000000000000000000000000000000000041
:101FA0000000000000000000000000000000000031
:101FB0000000000000000000000000000000000021
:101FC0000000000000000000000000000000000011
:101FD0000000000000000000000000000000000001
:101FE00000000000000000000000000000000000F1
:101FF00000000000000000000000000000000000E1
:1020000000000000000000000000000000000000D0
:1020100000000000000000000000000000000000C0
:1020200000000000000000000000000000000000B0
:1020300000000000000000000000000000000000A0
:102040000000000000000000000000000000000090
:102050000000000000000000000000000000000080
:102060000000000000000000000000000000000070
:102070000000000000000000000000000000000060
:102080000000000000000000000000000000000050
:102090000000000000000000000000000000000040
:1020A0000000000000000000000000000000000030
:1020B0000000000000000000000000000000000020
:1020C0000000000000000000000000000000000010
:1020D0000000000000000000000000000000000000
:1020E00000000000000000000000000000000000F0
:1020F00000000000000000000000000000000000E0
:1021000000000000000000000000000000000000CF
:1021100000000000000000000000000000000000BF
:1021200000000000000000000000000000000000AF
:10213000000000000000000000000000000000009F
:10214000000000000000000000000000000000008F
:10215000000000000000000000000000000000007F
:10216000000000000000000000000000000000006F
:10217000000000000000000000000000000000005F
:10218000000000000000000000000000000000004F
:10219000000000000000000000000000000000003F
:1021A000000000000000000000000000000000002F
:1021B000000000000000000000000000000000001F
:1021C000000000000000000000000000000000000F
:1021D00000000000000000000000000000000000FF
:1021E00000000000000000000000000000000000EF
:1021F00000000000000000000000000000000000DF
:1022000000000000000000000000000000000000CE
:1022100000000000000000000000000000000000BE
:1022200000000000000000000000000000000000AE
:10223000000000000000000000000000000000009E
:10224000000000000000000000000000000000008E
:10225000000000000000000000000000000000007E
:10226000000000000000000000000000000000006E
:10227000000000000000000000000000000000005E
:10228000000000000000000000000000000000004E
:10229000000000000000000000000000000000003E
:1022A000000000000000000000000000000000002E
:1022B000000000000000000000000000000000001E
:1022C000000000000000000000000000000000000E
:1022D00000000000000000000000000000000000FE
:1022E00000000000000000000000000000000000EE
:1022F00000000000000000000000000000000000DE
:1023000000000000000000000000000000000000CD
:1023100000000000000000000000000000000000BD
:1023200000000000000000000000000000000000AD
:10233000000000000000000000000000000000009D
:10234000000000000000000000000000000000008D
:10235000000000000000000000000000000000007D
:10236000000000000000000000000000000000006D
:10237000000000000000000000000000000000005D
:10238000000000000000000000000000000000004D
:10239000000000000000000000000000000000003D
:1023A000000000000000000000000000000000002D
:1023B000000000000000000000000000000000001D
:1023C000000000000000000000000000000000000D
:1023D00000000000000000000000000000000000FD
:1023E00000000000000000000000000000000000ED
:1023F00000000000000000000000000000000000DD
:1024000000000000000000000000000000000000CC
:1024100000000000000000000000000000000000BC
:1024200000000000000000000000000000000000AC
:10243000000000000000000000000000000000009C
:10244000000000000000000000000000000000008C
:10245000000000000000000000000000000000007C
:10246000000000000000000000000000000000006C
:10247000000000000000000000000000000000005C
:10248000000000000000000000000000000000004C
:10249000000000000000000000000000000000003C
:1024A000000000000000000000000000000000002C
:1024B000000000000000000000000000000000001C
:1024C000000000000000000068070021A940020190
:1024D000AF400201B1400201D7400201B540020104
:1024E000E5400201BB400201F1400201C14002018E
:1024F000F7400201CD400201D1400201C340020178
:10250000C9400201E1400201EB400201A341020186
:1025100071BD010185BD01010DBE0101D9BD0101E2
:102520003DBD010131BD010125BD010149BD0101D3
:1025300019BD0101F1BC0101C5BD01010DBD0101C4
:10254000B5410201A941020101BD010105000000E0
:10255000ACFE0201010000000001030100000000C8
:1025600075430201000000001D430201000000004D
:10257000000000008DDA02010100000000000720C9
:102580000000010020F702010100000020F7020115
:102590000000000002000000000000000000000039
:1025A0000002000040F70201FFFF0000FFFF0000F3
:1025B00000F000410000000000E0FFFF3F000000CD
:1025C00000E0FFFF3F000000FF0000003C1003019F
:1025D00000000000A59202010000000000000000C1
:1025E00000000000000000000000000000000000EB
:1025F0000000000000000000900200009808002188
:102600009808002100000000000000000000000009
:1026100000000000000000002086002100200000D3
:10262000000000000000000000000000C8080021B9
:10263000C808002100000000000000000E0000009B
:10264000DC080021DC080021000000000800000078
:102650004000000020AE002120B0002120AE00216B
:1026600020AE00210000000004090021040900211F
:1026700000000000100900211009002100000000E6
:1026800001000000200900212009002100000000B5
:10269000000000000000000034090021340900217E
:1026A0003C0900213C09002100000000000000005E
:1026B00000000000500900215009002158090021A4
:1026C0005809002100000000000000000000000088
:1026D0006C0900216C090021740900217409002192
:1026E00000000000070007000000000000000000DC
:1026F00058FF020100B100210000000000000000AE
:1027000000000000A0090021A0090021A809002163
:10271000A8090021000000000B000B0000000000D1
:102720000000000068FF0201A0B4002100000000CA
:102730000000000000000000D4090021D40900219D
:10274000DC090021DC090021000000000A000A0069
:10275000000000009564020178FF020170B80021BA
:1027600015E015E0DEE61E2883845186023501005F
:10277000008800014E4798AD9FB52618BCF9343645
:102780009F6EC842FEC45DAE063A29DC811887827E
:102790003C6C1F7DA912BD82983D72F13D8297A1CC
:1027A00004E84081DEBC8A08BEB81D72DD23B3593F
:1027B000CC7780A76DBB9D556D0D773F4FC377F8E4
:1027C00021669E29F48B6031E0022E420E3457E9D7
:1027D000C3193620CE25AA4F5FAF505557DB47941B
:1027E0006A49FBB8D7BD7E18FF3CA5A7EB82AB6555
:1027F0008C03768EAF66D2E3287A19D59EFA0969E2
:10280000C184FCB678CD184BA87F22C4082BE133D5
:102810003CB3B6E90769500110002000D50EFE81D7
:102820005232FD249E210BE7F9782ABA6EBE37A7F3
:102830002310D46E5656FFB44DC974E30100200036
:10284000FC5701DC6135E1323847BDC40F04D2E5E5
:10285000BEE5833B23C29F93593D00018CFA9994B6
:102860002000000155052227C09A047BE34256C68A
:10287000F84F86B87E7989B7ADE22939C1209F69C2
:10288000B1B8E4F78B1484923B5833DCFC64D0CDB0
:1028900035990F5D761A39FDAF3F473EDB6EFE5529
:1028A0006A707DFDED34287CB30DFAE10177CE1A14
:1028B000051441E73D2B98EED6DACE2F7472D2C0C4
:1028C000B908A029A2F753E4D749C9499F070900CD
:1028D0004ADB5CA91C97B32BEE94409EBDC8907355
:1028E00031A828E2827A6F86CE741A01B5828709F0
:1028F0009C4C1180C6CAD8BA89B43F97BC12470C09
:10290000217CD174B3F1B4A34F62DA69E4FF2C0ADD
:102910003BCF9BA12681044C321BAE0BA7BB95F984
:10292000CF159B59B24D2891CC637DEC3B2ED946F7
:10293000532485834C73B6914A6D1AF8873D81B94B
:102940006254503E198F0E9C5BFA0B188A729D37A9
:102950004B20CCB8CF27BB3A4BE3E24F24A47CF109
:042960001232F8D661
:00000001FF
